asset_id,date,protocol_slug,token_alias,token_balance_proxy_usd,identity_status,historical_collateral_eligibility
crypto_link,2026-05-25,aave,LINK,101122361.08691001,candidate_symbol_match,unverified
crypto_avax,2026-05-25,aave,WAVAX,94936062.65799001,candidate_symbol_match,unverified
crypto_op,2026-05-25,aave,OP,488527.38508,candidate_symbol_match,unverified
crypto_avax,2026-05-26,aave,WAVAX,95151304.71947,candidate_symbol_match,unverified
crypto_link,2026-05-26,aave,LINK,101227736.58472,candidate_symbol_match,unverified
crypto_op,2026-05-26,aave,OP,502284.08823,candidate_symbol_match,unverified
crypto_avax,2026-05-27,aave,WAVAX,93836190.89744,candidate_symbol_match,unverified
crypto_link,2026-05-27,aave,LINK,100307040.17534,candidate_symbol_match,unverified
crypto_op,2026-05-27,aave,OP,498995.27654,candidate_symbol_match,unverified
crypto_avax,2026-05-28,aave,WAVAX,92555786.96232,candidate_symbol_match,unverified
crypto_link,2026-05-28,aave,LINK,97582865.36573,candidate_symbol_match,unverified
crypto_op,2026-05-28,aave,OP,479514.59668,candidate_symbol_match,unverified
crypto_avax,2026-05-29,aave,WAVAX,95006403.3399,candidate_symbol_match,unverified
crypto_link,2026-05-29,aave,LINK,96438811.14979,candidate_symbol_match,unverified
crypto_op,2026-05-29,aave,OP,461944.45195,candidate_symbol_match,unverified
crypto_avax,2026-05-30,aave,WAVAX,94078897.875,candidate_symbol_match,unverified
crypto_link,2026-05-30,aave,LINK,96361759.26012999,candidate_symbol_match,unverified
crypto_op,2026-05-30,aave,OP,460229.23979,candidate_symbol_match,unverified
crypto_link,2026-05-31,aave,LINK,98211436.20537998,candidate_symbol_match,unverified
crypto_avax,2026-05-31,aave,WAVAX,95303084.17467,candidate_symbol_match,unverified
crypto_op,2026-05-31,aave,OP,466958.32718,candidate_symbol_match,unverified
crypto_link,2026-06-01,aave,LINK,97536708.63669,candidate_symbol_match,unverified
crypto_avax,2026-06-01,aave,WAVAX,96297945.83996001,candidate_symbol_match,unverified
crypto_op,2026-06-01,aave,OP,459408.59272,candidate_symbol_match,unverified
crypto_avax,2026-06-02,aave,WAVAX,95597234.91394,candidate_symbol_match,unverified
crypto_link,2026-06-02,aave,LINK,96326629.39487001,candidate_symbol_match,unverified
crypto_op,2026-06-02,aave,OP,485366.17178,candidate_symbol_match,unverified
crypto_link,2026-06-03,aave,LINK,89390970.68514,candidate_symbol_match,unverified
crypto_avax,2026-06-03,aave,WAVAX,87589998.01077001,candidate_symbol_match,unverified
crypto_op,2026-06-03,aave,OP,452991.78879,candidate_symbol_match,unverified
crypto_link,2026-06-04,aave,LINK,89362724.18372999,candidate_symbol_match,unverified
crypto_avax,2026-06-04,aave,WAVAX,86365012.31713,candidate_symbol_match,unverified
crypto_op,2026-06-04,aave,OP,481111.27209,candidate_symbol_match,unverified
crypto_avax,2026-06-05,aave,WAVAX,82006173.40144001,candidate_symbol_match,unverified
crypto_link,2026-06-05,aave,LINK,84869802.47018,candidate_symbol_match,unverified
crypto_op,2026-06-05,aave,OP,428197.44657,candidate_symbol_match,unverified
crypto_avax,2026-06-06,aave,WAVAX,71147001.35091999,candidate_symbol_match,unverified
crypto_link,2026-06-06,aave,LINK,77704217.39548999,candidate_symbol_match,unverified
crypto_op,2026-06-06,aave,OP,371371.86156,candidate_symbol_match,unverified
crypto_avax,2026-06-07,aave,WAVAX,68701547.33428,candidate_symbol_match,unverified
crypto_link,2026-06-07,aave,LINK,76615986.6866,candidate_symbol_match,unverified
crypto_op,2026-06-07,aave,OP,350733.24984,candidate_symbol_match,unverified
crypto_link,2026-06-08,aave,LINK,82785581.41657,candidate_symbol_match,unverified
crypto_avax,2026-06-08,aave,WAVAX,70225529.72181,candidate_symbol_match,unverified
crypto_op,2026-06-08,aave,OP,364643.94265,candidate_symbol_match,unverified
crypto_link,2026-06-09,aave,LINK,82933256.25462998,candidate_symbol_match,unverified
crypto_avax,2026-06-09,aave,WAVAX,69021160.49936001,candidate_symbol_match,unverified
crypto_op,2026-06-09,aave,OP,357458.25065,candidate_symbol_match,unverified
crypto_avax,2026-06-10,aave,WAVAX,67798454.68504001,candidate_symbol_match,unverified
crypto_link,2026-06-10,aave,LINK,80488213.24370001,candidate_symbol_match,unverified
crypto_op,2026-06-10,aave,OP,365539.23834,candidate_symbol_match,unverified
crypto_link,2026-06-11,aave,LINK,78345505.45844999,candidate_symbol_match,unverified
crypto_avax,2026-06-11,aave,WAVAX,65547207.37145,candidate_symbol_match,unverified
crypto_op,2026-06-11,aave,OP,343788.1574,candidate_symbol_match,unverified
crypto_link,2026-06-12,aave,LINK,81184363.35616,candidate_symbol_match,unverified
crypto_avax,2026-06-12,aave,WAVAX,67822047.49383001,candidate_symbol_match,unverified
crypto_op,2026-06-12,aave,OP,356306.88337,candidate_symbol_match,unverified
crypto_avax,2026-06-13,aave,WAVAX,67740105.11479001,candidate_symbol_match,unverified
crypto_link,2026-06-13,aave,LINK,81385077.37548001,candidate_symbol_match,unverified
crypto_op,2026-06-13,aave,OP,372963.16322,candidate_symbol_match,unverified
crypto_link,2026-06-14,aave,LINK,82110658.04709,candidate_symbol_match,unverified
crypto_avax,2026-06-14,aave,WAVAX,69297005.36366001,candidate_symbol_match,unverified
crypto_op,2026-06-14,aave,OP,400017.04466,candidate_symbol_match,unverified
crypto_link,2026-06-15,aave,LINK,84524832.17012,candidate_symbol_match,unverified
crypto_avax,2026-06-15,aave,WAVAX,69573970.4392,candidate_symbol_match,unverified
crypto_op,2026-06-15,aave,OP,403467.14395,candidate_symbol_match,unverified
crypto_link,2026-06-16,aave,LINK,86064362.16172,candidate_symbol_match,unverified
crypto_avax,2026-06-16,aave,WAVAX,70480332.44354999,candidate_symbol_match,unverified
crypto_op,2026-06-16,aave,OP,405424.55042,candidate_symbol_match,unverified
crypto_link,2026-06-17,aave,LINK,85623370.42129001,candidate_symbol_match,unverified
crypto_avax,2026-06-17,aave,WAVAX,70435633.88180001,candidate_symbol_match,unverified
crypto_op,2026-06-17,aave,OP,403575.48276,candidate_symbol_match,unverified
crypto_avax,2026-06-18,aave,WAVAX,69992160.83096,candidate_symbol_match,unverified
crypto_link,2026-06-18,aave,LINK,83502739.76432,candidate_symbol_match,unverified
crypto_op,2026-06-18,aave,OP,406729.5875,candidate_symbol_match,unverified
crypto_avax,2026-06-19,aave,WAVAX,65484786.3166,candidate_symbol_match,unverified
crypto_link,2026-06-19,aave,LINK,82626978.53577,candidate_symbol_match,unverified
crypto_op,2026-06-19,aave,OP,416037.25489,candidate_symbol_match,unverified
crypto_link,2026-06-20,aave,LINK,81496343.08766,candidate_symbol_match,unverified
crypto_avax,2026-06-20,aave,WAVAX,40388316.38437,candidate_symbol_match,unverified
crypto_op,2026-06-20,aave,OP,395704.85465,candidate_symbol_match,unverified
crypto_avax,2026-06-21,aave,WAVAX,40944648.68716,candidate_symbol_match,unverified
crypto_link,2026-06-21,aave,LINK,82064603.79242,candidate_symbol_match,unverified
crypto_op,2026-06-21,aave,OP,389223.60212,candidate_symbol_match,unverified
crypto_avax,2026-06-22,aave,WAVAX,40297201.66704,candidate_symbol_match,unverified
crypto_link,2026-06-22,aave,LINK,80830411.45156999,candidate_symbol_match,unverified
crypto_op,2026-06-22,aave,OP,376009.94227,candidate_symbol_match,unverified
crypto_link,2026-06-23,aave,LINK,81057993.01224999,candidate_symbol_match,unverified
crypto_avax,2026-06-23,aave,WAVAX,40890068.760859996,candidate_symbol_match,unverified
crypto_op,2026-06-23,aave,OP,377890.87849,candidate_symbol_match,unverified
crypto_avax,2026-06-24,aave,WAVAX,42759910.16849,candidate_symbol_match,unverified
crypto_link,2026-06-24,aave,LINK,78952619.23335999,candidate_symbol_match,unverified
crypto_op,2026-06-24,aave,OP,385038.52464,candidate_symbol_match,unverified
crypto_link,2026-06-25,aave,LINK,76710973.9912,candidate_symbol_match,unverified
crypto_avax,2026-06-25,aave,WAVAX,42442335.98006,candidate_symbol_match,unverified
crypto_op,2026-06-25,aave,OP,391833.89189,candidate_symbol_match,unverified
crypto_link,2026-06-26,aave,LINK,74978824.67215,candidate_symbol_match,unverified
crypto_avax,2026-06-26,aave,WAVAX,41100246.81871,candidate_symbol_match,unverified
crypto_op,2026-06-26,aave,OP,396469.76631,candidate_symbol_match,unverified
crypto_avax,2026-06-27,aave,WAVAX,43260084.390769996,candidate_symbol_match,unverified
crypto_link,2026-06-27,aave,LINK,75842016.60255,candidate_symbol_match,unverified
crypto_op,2026-06-27,aave,OP,394539.99317,candidate_symbol_match,unverified
crypto_avax,2026-06-28,aave,WAVAX,42561509.70432,candidate_symbol_match,unverified
crypto_link,2026-06-28,aave,LINK,75733081.18168,candidate_symbol_match,unverified
crypto_op,2026-06-28,aave,OP,379283.43162,candidate_symbol_match,unverified
crypto_avax,2026-06-29,aave,WAVAX,43595168.129159994,candidate_symbol_match,unverified
crypto_link,2026-06-29,aave,LINK,75228429.27493,candidate_symbol_match,unverified
crypto_op,2026-06-29,aave,OP,372875.21589,candidate_symbol_match,unverified
crypto_link,2026-06-30,aave,LINK,75731612.93976,candidate_symbol_match,unverified
crypto_avax,2026-06-30,aave,WAVAX,44744239.395409994,candidate_symbol_match,unverified
crypto_op,2026-06-30,aave,OP,372725.07068,candidate_symbol_match,unverified
crypto_avax,2026-07-01,aave,WAVAX,43876458.429189995,candidate_symbol_match,unverified
crypto_link,2026-07-01,aave,LINK,74523865.41081,candidate_symbol_match,unverified
crypto_op,2026-07-01,aave,OP,356338.029,candidate_symbol_match,unverified
crypto_link,2026-07-02,aave,LINK,76166013.94775,candidate_symbol_match,unverified
crypto_avax,2026-07-02,aave,WAVAX,45772140.020789996,candidate_symbol_match,unverified
crypto_op,2026-07-02,aave,OP,353090.10414,candidate_symbol_match,unverified
crypto_avax,2026-07-03,aave,WAVAX,46364145.933290005,candidate_symbol_match,unverified
crypto_link,2026-07-03,aave,LINK,80406946.62971,candidate_symbol_match,unverified
crypto_op,2026-07-03,aave,OP,376371.88076,candidate_symbol_match,unverified
crypto_avax,2026-07-04,aave,WAVAX,47661549.95476,candidate_symbol_match,unverified
crypto_link,2026-07-04,aave,LINK,82851824.56995,candidate_symbol_match,unverified
crypto_op,2026-07-04,aave,OP,394460.66881,candidate_symbol_match,unverified
crypto_avax,2026-07-05,aave,WAVAX,47701358.28323,candidate_symbol_match,unverified
crypto_link,2026-07-05,aave,LINK,82949100.20005001,candidate_symbol_match,unverified
crypto_op,2026-07-05,aave,OP,395420.57533,candidate_symbol_match,unverified
crypto_link,2026-07-06,aave,LINK,82671699.46306,candidate_symbol_match,unverified
crypto_avax,2026-07-06,aave,WAVAX,49170818.75569,candidate_symbol_match,unverified
crypto_op,2026-07-06,aave,OP,399102.64242,candidate_symbol_match,unverified
crypto_avax,2026-07-07,aave,WAVAX,50164924.52781,candidate_symbol_match,unverified
crypto_link,2026-07-07,aave,LINK,82973899.81754,candidate_symbol_match,unverified
crypto_op,2026-07-07,aave,OP,396456.68483,candidate_symbol_match,unverified
crypto_avax,2026-07-08,aave,WAVAX,48429692.95572,candidate_symbol_match,unverified
crypto_link,2026-07-08,aave,LINK,81161425.75058,candidate_symbol_match,unverified
crypto_op,2026-07-08,aave,OP,377067.56558,candidate_symbol_match,unverified
crypto_avax,2026-07-09,aave,WAVAX,46733026.32798,candidate_symbol_match,unverified
crypto_link,2026-07-09,aave,LINK,78498086.04394001,candidate_symbol_match,unverified
crypto_op,2026-07-09,aave,OP,366188.81294,candidate_symbol_match,unverified
crypto_avax,2026-07-10,aave,WAVAX,48440412.41543,candidate_symbol_match,unverified
crypto_link,2026-07-10,aave,LINK,80194033.63498,candidate_symbol_match,unverified
crypto_op,2026-07-10,aave,OP,376789.22918,candidate_symbol_match,unverified
crypto_link,2026-07-11,aave,LINK,82091880.04209,candidate_symbol_match,unverified
crypto_avax,2026-07-11,aave,WAVAX,48773000.56113,candidate_symbol_match,unverified
crypto_op,2026-07-11,aave,OP,383619.37999,candidate_symbol_match,unverified
crypto_avax,2026-07-12,aave,WAVAX,46820054.48116,candidate_symbol_match,unverified
crypto_link,2026-07-12,aave,LINK,81724210.79065,candidate_symbol_match,unverified
crypto_op,2026-07-12,aave,OP,372739.91095,candidate_symbol_match,unverified
crypto_link,2026-07-13,aave,LINK,83205436.33440998,candidate_symbol_match,unverified
crypto_avax,2026-07-13,aave,WAVAX,46994992.90134,candidate_symbol_match,unverified
crypto_op,2026-07-13,aave,OP,369976.74639,candidate_symbol_match,unverified
crypto_link,2026-07-14,aave,LINK,81213021.81005,candidate_symbol_match,unverified
crypto_avax,2026-07-14,aave,WAVAX,47955605.534,candidate_symbol_match,unverified
crypto_op,2026-07-14,aave,OP,361147.18503,candidate_symbol_match,unverified
crypto_link,2026-07-15,aave,LINK,85958743.31344001,candidate_symbol_match,unverified
crypto_avax,2026-07-15,aave,WAVAX,49718498.32201,candidate_symbol_match,unverified
crypto_op,2026-07-15,aave,OP,370834.60317,candidate_symbol_match,unverified
crypto_avax,2026-07-16,aave,WAVAX,78906741.20018001,candidate_symbol_match,unverified
crypto_link,2026-07-16,aave,LINK,88311608.16833,candidate_symbol_match,unverified
crypto_op,2026-07-16,aave,OP,373257.20023,candidate_symbol_match,unverified
crypto_link,2026-07-17,aave,LINK,85963408.33217998,candidate_symbol_match,unverified
crypto_avax,2026-07-17,aave,WAVAX,75641226.03726001,candidate_symbol_match,unverified
crypto_op,2026-07-17,aave,OP,359090.3683,candidate_symbol_match,unverified
crypto_link,2026-07-18,aave,LINK,85235027.35715002,candidate_symbol_match,unverified
crypto_avax,2026-07-18,aave,WAVAX,76018475.96686,candidate_symbol_match,unverified
crypto_op,2026-07-18,aave,OP,350975.3356,candidate_symbol_match,unverified
crypto_link,2026-07-19,aave,LINK,85999947.15677002,candidate_symbol_match,unverified
crypto_avax,2026-07-19,aave,WAVAX,75705000.60627,candidate_symbol_match,unverified
crypto_op,2026-07-19,aave,OP,348354.08478,candidate_symbol_match,unverified
crypto_avax,2026-07-20,aave,WAVAX,74395948.54487,candidate_symbol_match,unverified
crypto_link,2026-07-20,aave,LINK,87109348.39443998,candidate_symbol_match,unverified
crypto_op,2026-07-20,aave,OP,347841.54576,candidate_symbol_match,unverified
crypto_avax,2026-07-21,aave,WAVAX,76131760.70982,candidate_symbol_match,unverified
crypto_link,2026-07-21,aave,LINK,88870431.76243001,candidate_symbol_match,unverified
crypto_op,2026-07-21,aave,OP,344808.7992,candidate_symbol_match,unverified
crypto_avax,2026-07-22,aave,WAVAX,75919889.07041,candidate_symbol_match,unverified
crypto_link,2026-07-22,aave,LINK,90508578.80374,candidate_symbol_match,unverified
crypto_op,2026-07-22,aave,OP,358741.84781,candidate_symbol_match,unverified
crypto_link,2026-07-23,aave,LINK,89844009.11836,candidate_symbol_match,unverified
crypto_avax,2026-07-23,aave,WAVAX,76373160.40407,candidate_symbol_match,unverified
crypto_op,2026-07-23,aave,OP,353300.05846,candidate_symbol_match,unverified
crypto_link,2026-07-24,aave,LINK,87645063.46124,candidate_symbol_match,unverified
crypto_avax,2026-07-24,aave,WAVAX,72387378.91571,candidate_symbol_match,unverified
crypto_op,2026-07-24,aave,OP,336364.46457,candidate_symbol_match,unverified
crypto_avax,2026-07-25,aave,WAVAX,72801399.21488,candidate_symbol_match,unverified
crypto_link,2026-07-25,aave,LINK,86667825.15999,candidate_symbol_match,unverified
crypto_op,2026-07-25,aave,OP,336491.0502,candidate_symbol_match,unverified
crypto_avax,2026-07-26,aave,WAVAX,78368811.22850999,candidate_symbol_match,unverified
crypto_link,2026-07-26,aave,LINK,87098317.60021001,candidate_symbol_match,unverified
crypto_op,2026-07-26,aave,OP,335785.30594,candidate_symbol_match,unverified
crypto_avax,2026-07-27,aave,WAVAX,78090072.84933,candidate_symbol_match,unverified
crypto_link,2026-07-27,aave,LINK,91398888.14215,candidate_symbol_match,unverified
crypto_op,2026-07-27,aave,OP,345496.15804,candidate_symbol_match,unverified
crypto_link,2026-07-28,aave,LINK,87052614.26829,candidate_symbol_match,unverified
crypto_avax,2026-07-28,aave,WAVAX,74262476.42494,candidate_symbol_match,unverified
crypto_op,2026-07-28,aave,OP,317352.00154,candidate_symbol_match,unverified
crypto_link,2026-07-29,aave,LINK,88204689.15765,candidate_symbol_match,unverified
crypto_avax,2026-07-29,aave,WAVAX,78133278.1851,candidate_symbol_match,unverified
crypto_op,2026-07-29,aave,OP,325655.4063,candidate_symbol_match,unverified
crypto_avax,2026-07-30,aave,WAVAX,76218737.15499,candidate_symbol_match,unverified
crypto_link,2026-07-30,aave,LINK,86486057.74775,candidate_symbol_match,unverified
crypto_op,2026-07-30,aave,OP,321827.13783,candidate_symbol_match,unverified
crypto_link,2026-07-31,aave,LINK,87731683.68473,candidate_symbol_match,unverified
crypto_avax,2026-07-31,aave,WAVAX,76595508.49551001,candidate_symbol_match,unverified
crypto_op,2026-07-31,aave,OP,320045.19177,candidate_symbol_match,unverified
crypto_link,2026-08-01,aave,LINK,84940445.56288001,candidate_symbol_match,unverified
crypto_avax,2026-08-01,aave,WAVAX,76638869.24383,candidate_symbol_match,unverified
crypto_op,2026-08-01,aave,OP,309830.89089,candidate_symbol_match,unverified
crypto_link,2026-08-02,aave,LINK,83747618.73084,candidate_symbol_match,unverified
crypto_avax,2026-08-02,aave,WAVAX,74240695.09662,candidate_symbol_match,unverified
crypto_op,2026-08-02,aave,OP,299451.41813,candidate_symbol_match,unverified
crypto_avax,2026-08-03,aave,WAVAX,78344177.84225,candidate_symbol_match,unverified
crypto_link,2026-08-03,aave,LINK,86546040.09401,candidate_symbol_match,unverified
crypto_op,2026-08-03,aave,OP,312886.15185,candidate_symbol_match,unverified
crypto_avax,2026-08-04,aave,WAVAX,80153509.48777,candidate_symbol_match,unverified
crypto_link,2026-08-04,aave,LINK,84751779.5809,candidate_symbol_match,unverified
crypto_op,2026-08-04,aave,OP,318207.5841,candidate_symbol_match,unverified
crypto_avax,2026-08-05,aave,WAVAX,82880686.10672,candidate_symbol_match,unverified
crypto_link,2026-08-05,aave,LINK,84452063.96988,candidate_symbol_match,unverified
crypto_op,2026-08-05,aave,OP,321490.0538,candidate_symbol_match,unverified
crypto_link,2026-08-06,aave,LINK,84781026.58628,candidate_symbol_match,unverified
crypto_avax,2026-08-06,aave,WAVAX,82907083.84647001,candidate_symbol_match,unverified
crypto_op,2026-08-06,aave,OP,317984.37324,candidate_symbol_match,unverified
crypto_link,2026-08-07,aave,LINK,84952621.10464,candidate_symbol_match,unverified
crypto_avax,2026-08-07,aave,WAVAX,80381257.01345,candidate_symbol_match,unverified
crypto_op,2026-08-07,aave,OP,312484.4083,candidate_symbol_match,unverified
crypto_link,2026-08-08,aave,LINK,84814565.49638,candidate_symbol_match,unverified
crypto_avax,2026-08-08,aave,WAVAX,79144050.92397998,candidate_symbol_match,unverified
crypto_op,2026-08-08,aave,OP,311075.59969,candidate_symbol_match,unverified
crypto_link,2026-08-09,aave,LINK,86257531.1033,candidate_symbol_match,unverified
crypto_avax,2026-08-09,aave,WAVAX,79253361.25846998,candidate_symbol_match,unverified
crypto_op,2026-08-09,aave,OP,321646.86339,candidate_symbol_match,unverified
crypto_link,2026-08-10,aave,LINK,84559595.99001001,candidate_symbol_match,unverified
crypto_avax,2026-08-10,aave,WAVAX,78920181.42489001,candidate_symbol_match,unverified
crypto_op,2026-08-10,aave,OP,319102.32064,candidate_symbol_match,unverified
crypto_avax,2026-08-11,aave,WAVAX,79642436.1544,candidate_symbol_match,unverified
crypto_link,2026-08-11,aave,LINK,86260824.74793999,candidate_symbol_match,unverified
crypto_op,2026-08-11,aave,OP,330205.29406,candidate_symbol_match,unverified
crypto_avax,2026-08-12,aave,WAVAX,77811041.80241,candidate_symbol_match,unverified
crypto_link,2026-08-12,aave,LINK,90776626.61072,candidate_symbol_match,unverified
crypto_op,2026-08-12,aave,OP,327499.87374,candidate_symbol_match,unverified
crypto_avax,2026-08-13,aave,WAVAX,78348246.03088,candidate_symbol_match,unverified
crypto_link,2026-08-13,aave,LINK,89785986.77513,candidate_symbol_match,unverified
crypto_op,2026-08-13,aave,OP,309891.57093,candidate_symbol_match,unverified
crypto_link,2026-08-14,aave,LINK,92004509.3725,candidate_symbol_match,unverified
crypto_avax,2026-08-14,aave,WAVAX,78169309.46759,candidate_symbol_match,unverified
crypto_op,2026-08-14,aave,OP,317852.09986,candidate_symbol_match,unverified
crypto_link,2026-08-15,aave,LINK,92980422.53296,candidate_symbol_match,unverified
crypto_avax,2026-08-15,aave,WAVAX,78638736.95051,candidate_symbol_match,unverified
crypto_op,2026-08-15,aave,OP,311117.48657,candidate_symbol_match,unverified
crypto_link,2026-08-16,aave,LINK,98315316.24868,candidate_symbol_match,unverified
crypto_avax,2026-08-16,aave,WAVAX,76260637.62532,candidate_symbol_match,unverified
crypto_op,2026-08-16,aave,OP,305733.98065,candidate_symbol_match,unverified
crypto_link,2026-08-17,aave,LINK,97394971.81212,candidate_symbol_match,unverified
crypto_avax,2026-08-17,aave,WAVAX,76687369.20188,candidate_symbol_match,unverified
crypto_op,2026-08-17,aave,OP,300283.66259,candidate_symbol_match,unverified
crypto_link,2026-08-18,aave,LINK,99226188.18112,candidate_symbol_match,unverified
crypto_avax,2026-08-18,aave,WAVAX,77141544.0799,candidate_symbol_match,unverified
crypto_op,2026-08-18,aave,OP,303315.60337,candidate_symbol_match,unverified
crypto_link,2026-08-19,aave,LINK,99056785.12821,candidate_symbol_match,unverified
crypto_avax,2026-08-19,aave,WAVAX,77089654.89727,candidate_symbol_match,unverified
crypto_op,2026-08-19,aave,OP,294915.53256,candidate_symbol_match,unverified
crypto_link,2026-08-20,aave,LINK,110210662.96717,candidate_symbol_match,unverified
crypto_avax,2026-08-20,aave,WAVAX,82998932.22561,candidate_symbol_match,unverified
crypto_op,2026-08-20,aave,OP,325374.0843,candidate_symbol_match,unverified
crypto_link,2026-08-21,aave,LINK,112379665.91201,candidate_symbol_match,unverified
crypto_avax,2026-08-21,aave,WAVAX,88475221.63402,candidate_symbol_match,unverified
crypto_op,2026-08-21,aave,OP,348815.80866,candidate_symbol_match,unverified
crypto_link,2026-08-22,aave,LINK,126201162.65359,candidate_symbol_match,unverified
crypto_avax,2026-08-22,aave,WAVAX,96496624.09911999,candidate_symbol_match,unverified
crypto_op,2026-08-22,aave,OP,387905.06873,candidate_symbol_match,unverified
crypto_link,2026-05-25,compound-v3,LINK,5958446.82076,candidate_symbol_match,unverified
crypto_op,2026-05-25,compound-v3,OP,54341.47071,candidate_symbol_match,unverified
crypto_link,2026-05-26,compound-v3,LINK,5970504.87383,candidate_symbol_match,unverified
crypto_op,2026-05-26,compound-v3,OP,55894.45723,candidate_symbol_match,unverified
crypto_op,2026-05-27,compound-v3,OP,55497.23352,candidate_symbol_match,unverified
crypto_link,2026-05-27,compound-v3,LINK,5931032.25967,candidate_symbol_match,unverified
crypto_link,2026-05-28,compound-v3,LINK,5759115.37394,candidate_symbol_match,unverified
crypto_op,2026-05-28,compound-v3,OP,53265.70643,candidate_symbol_match,unverified
crypto_op,2026-05-29,compound-v3,OP,53077.2891,candidate_symbol_match,unverified
crypto_link,2026-05-29,compound-v3,LINK,5702756.24134,candidate_symbol_match,unverified
crypto_link,2026-05-30,compound-v3,LINK,5698744.10569,candidate_symbol_match,unverified
crypto_op,2026-05-30,compound-v3,OP,52949.4369,candidate_symbol_match,unverified
crypto_link,2026-05-31,compound-v3,LINK,5830576.01827,candidate_symbol_match,unverified
crypto_op,2026-05-31,compound-v3,OP,53860.0867,candidate_symbol_match,unverified
crypto_link,2026-06-01,compound-v3,LINK,5784679.199,candidate_symbol_match,unverified
crypto_op,2026-06-01,compound-v3,OP,52834.35127,candidate_symbol_match,unverified
crypto_link,2026-06-02,compound-v3,LINK,5699001.72725,candidate_symbol_match,unverified
crypto_op,2026-06-02,compound-v3,OP,55147.9863,candidate_symbol_match,unverified
crypto_link,2026-06-03,compound-v3,LINK,5318269.88519,candidate_symbol_match,unverified
crypto_op,2026-06-03,compound-v3,OP,51169.84714,candidate_symbol_match,unverified
crypto_link,2026-06-04,compound-v3,LINK,5297185.3696,candidate_symbol_match,unverified
crypto_op,2026-06-04,compound-v3,OP,52003.35117,candidate_symbol_match,unverified
crypto_link,2026-06-05,compound-v3,LINK,5040158.58017,candidate_symbol_match,unverified
crypto_op,2026-06-05,compound-v3,OP,47118.43195,candidate_symbol_match,unverified
crypto_link,2026-06-06,compound-v3,LINK,4534144.04406,candidate_symbol_match,unverified
crypto_op,2026-06-06,compound-v3,OP,43986.13286,candidate_symbol_match,unverified
crypto_link,2026-06-07,compound-v3,LINK,4434587.14378,candidate_symbol_match,unverified
crypto_op,2026-06-07,compound-v3,OP,41904.29909,candidate_symbol_match,unverified
crypto_link,2026-06-08,compound-v3,LINK,4788586.66528,candidate_symbol_match,unverified
crypto_op,2026-06-08,compound-v3,OP,43377.22664,candidate_symbol_match,unverified
crypto_link,2026-06-09,compound-v3,LINK,4725063.1257,candidate_symbol_match,unverified
crypto_op,2026-06-09,compound-v3,OP,41846.87893,candidate_symbol_match,unverified
crypto_op,2026-06-10,compound-v3,OP,43628.2888,candidate_symbol_match,unverified
crypto_link,2026-06-10,compound-v3,LINK,4731197.79024,candidate_symbol_match,unverified
crypto_link,2026-06-11,compound-v3,LINK,4589563.51202,candidate_symbol_match,unverified
crypto_op,2026-06-11,compound-v3,OP,41032.72277,candidate_symbol_match,unverified
crypto_link,2026-06-12,compound-v3,LINK,4784214.27434,candidate_symbol_match,unverified
crypto_op,2026-06-12,compound-v3,OP,42888.49246,candidate_symbol_match,unverified
crypto_link,2026-06-13,compound-v3,LINK,4944673.07797,candidate_symbol_match,unverified
crypto_op,2026-06-13,compound-v3,OP,45225.15676,candidate_symbol_match,unverified
crypto_op,2026-06-14,compound-v3,OP,47527.3997,candidate_symbol_match,unverified
crypto_link,2026-06-14,compound-v3,LINK,4986411.64603,candidate_symbol_match,unverified
crypto_link,2026-06-15,compound-v3,LINK,5111967.5804,candidate_symbol_match,unverified
crypto_op,2026-06-15,compound-v3,OP,48229.51117,candidate_symbol_match,unverified
crypto_link,2026-06-16,compound-v3,LINK,5212318.9691,candidate_symbol_match,unverified
crypto_op,2026-06-16,compound-v3,OP,48455.79012,candidate_symbol_match,unverified
crypto_link,2026-06-17,compound-v3,LINK,5191826.79117,candidate_symbol_match,unverified
crypto_op,2026-06-17,compound-v3,OP,49697.09588,candidate_symbol_match,unverified
crypto_link,2026-06-18,compound-v3,LINK,5073214.45078,candidate_symbol_match,unverified
crypto_op,2026-06-18,compound-v3,OP,49615.76345,candidate_symbol_match,unverified
crypto_op,2026-06-19,compound-v3,OP,50149.25084,candidate_symbol_match,unverified
crypto_link,2026-06-19,compound-v3,LINK,5034100.12523,candidate_symbol_match,unverified
crypto_link,2026-06-20,compound-v3,LINK,4998231.6313,candidate_symbol_match,unverified
crypto_op,2026-06-20,compound-v3,OP,47118.99624,candidate_symbol_match,unverified
crypto_link,2026-06-21,compound-v3,LINK,5047535.15582,candidate_symbol_match,unverified
crypto_op,2026-06-21,compound-v3,OP,46998.08757,candidate_symbol_match,unverified
crypto_link,2026-06-22,compound-v3,LINK,4970300.13915,candidate_symbol_match,unverified
crypto_op,2026-06-22,compound-v3,OP,45404.57224,candidate_symbol_match,unverified
crypto_link,2026-06-23,compound-v3,LINK,4993036.79999,candidate_symbol_match,unverified
crypto_op,2026-06-23,compound-v3,OP,45637.3525,candidate_symbol_match,unverified
crypto_link,2026-06-24,compound-v3,LINK,4828810.72315,candidate_symbol_match,unverified
crypto_op,2026-06-24,compound-v3,OP,45440.33848,candidate_symbol_match,unverified
crypto_link,2026-06-25,compound-v3,LINK,4704114.15808,candidate_symbol_match,unverified
crypto_op,2026-06-25,compound-v3,OP,47929.90167,candidate_symbol_match,unverified
crypto_link,2026-06-26,compound-v3,LINK,4596850.57375,candidate_symbol_match,unverified
crypto_op,2026-06-26,compound-v3,OP,49015.76437,candidate_symbol_match,unverified
crypto_link,2026-06-27,compound-v3,LINK,4656057.7165,candidate_symbol_match,unverified
crypto_op,2026-06-27,compound-v3,OP,46362.62631,candidate_symbol_match,unverified
crypto_op,2026-06-28,compound-v3,OP,44963.46388,candidate_symbol_match,unverified
crypto_link,2026-06-28,compound-v3,LINK,4647994.18072,candidate_symbol_match,unverified
crypto_link,2026-06-29,compound-v3,LINK,4619496.86155,candidate_symbol_match,unverified
crypto_op,2026-06-29,compound-v3,OP,44308.14109,candidate_symbol_match,unverified
crypto_op,2026-06-30,compound-v3,OP,44312.45046,candidate_symbol_match,unverified
crypto_link,2026-06-30,compound-v3,LINK,4644655.12255,candidate_symbol_match,unverified
crypto_link,2026-07-01,compound-v3,LINK,4563785.79582,candidate_symbol_match,unverified
crypto_op,2026-07-01,compound-v3,OP,42588.78426,candidate_symbol_match,unverified
crypto_link,2026-07-02,compound-v3,LINK,4677331.41254,candidate_symbol_match,unverified
crypto_op,2026-07-02,compound-v3,OP,42391.43872,candidate_symbol_match,unverified
crypto_link,2026-07-03,compound-v3,LINK,4922990.31314,candidate_symbol_match,unverified
crypto_op,2026-07-03,compound-v3,OP,44405.10411,candidate_symbol_match,unverified
crypto_op,2026-07-04,compound-v3,OP,48159.10794,candidate_symbol_match,unverified
crypto_link,2026-07-04,compound-v3,LINK,5089042.40399,candidate_symbol_match,unverified
crypto_link,2026-07-05,compound-v3,LINK,5089734.42831,candidate_symbol_match,unverified
crypto_op,2026-07-05,compound-v3,OP,48275.23008,candidate_symbol_match,unverified
crypto_link,2026-07-06,compound-v3,LINK,5121871.31739,candidate_symbol_match,unverified
crypto_op,2026-07-06,compound-v3,OP,48719.81902,candidate_symbol_match,unverified
crypto_link,2026-07-07,compound-v3,LINK,5140649.47225,candidate_symbol_match,unverified
crypto_op,2026-07-07,compound-v3,OP,48530.0006,candidate_symbol_match,unverified
crypto_link,2026-07-08,compound-v3,LINK,5019670.40574,candidate_symbol_match,unverified
crypto_op,2026-07-08,compound-v3,OP,46153.76788,candidate_symbol_match,unverified
crypto_link,2026-07-09,compound-v3,LINK,4857490.12467,candidate_symbol_match,unverified
crypto_op,2026-07-09,compound-v3,OP,44811.30752,candidate_symbol_match,unverified
crypto_link,2026-07-10,compound-v3,LINK,4927545.14695,candidate_symbol_match,unverified
crypto_op,2026-07-10,compound-v3,OP,45819.51942,candidate_symbol_match,unverified
crypto_link,2026-07-11,compound-v3,LINK,5085754.89192,candidate_symbol_match,unverified
crypto_op,2026-07-11,compound-v3,OP,46749.46501,candidate_symbol_match,unverified
crypto_link,2026-07-12,compound-v3,LINK,5059694.46915,candidate_symbol_match,unverified
crypto_op,2026-07-12,compound-v3,OP,45439.90322,candidate_symbol_match,unverified
crypto_link,2026-07-13,compound-v3,LINK,5101552.48327,candidate_symbol_match,unverified
crypto_op,2026-07-13,compound-v3,OP,45052.6247,candidate_symbol_match,unverified
crypto_link,2026-07-14,compound-v3,LINK,5029794.62322,candidate_symbol_match,unverified
crypto_op,2026-07-14,compound-v3,OP,44877.80436,candidate_symbol_match,unverified
crypto_link,2026-07-15,compound-v3,LINK,5366319.55918,candidate_symbol_match,unverified
crypto_op,2026-07-15,compound-v3,OP,46958.21042,candidate_symbol_match,unverified
crypto_link,2026-07-16,compound-v3,LINK,5510829.60547,candidate_symbol_match,unverified
crypto_op,2026-07-16,compound-v3,OP,47262.06849,candidate_symbol_match,unverified
crypto_link,2026-07-17,compound-v3,LINK,5354735.58397,candidate_symbol_match,unverified
crypto_op,2026-07-17,compound-v3,OP,45486.75497,candidate_symbol_match,unverified
crypto_link,2026-07-18,compound-v3,LINK,5305390.29464,candidate_symbol_match,unverified
crypto_op,2026-07-18,compound-v3,OP,45341.38152,candidate_symbol_match,unverified
crypto_link,2026-07-19,compound-v3,LINK,5358810.60269,candidate_symbol_match,unverified
crypto_op,2026-07-19,compound-v3,OP,45016.36169,candidate_symbol_match,unverified
crypto_link,2026-07-20,compound-v3,LINK,5432931.90502,candidate_symbol_match,unverified
crypto_op,2026-07-20,compound-v3,OP,44983.8308,candidate_symbol_match,unverified
crypto_link,2026-07-21,compound-v3,LINK,5527615.50452,candidate_symbol_match,unverified
crypto_op,2026-07-21,compound-v3,OP,44612.94472,candidate_symbol_match,unverified
crypto_link,2026-07-22,compound-v3,LINK,5558532.7906,candidate_symbol_match,unverified
crypto_op,2026-07-22,compound-v3,OP,46225.93961,candidate_symbol_match,unverified
crypto_link,2026-07-23,compound-v3,LINK,5502209.79469,candidate_symbol_match,unverified
crypto_op,2026-07-23,compound-v3,OP,46002.9377,candidate_symbol_match,unverified
crypto_link,2026-07-24,compound-v3,LINK,5375374.50956,candidate_symbol_match,unverified
crypto_op,2026-07-24,compound-v3,OP,44227.82612,candidate_symbol_match,unverified
crypto_link,2026-07-25,compound-v3,LINK,5316027.71164,candidate_symbol_match,unverified
crypto_op,2026-07-25,compound-v3,OP,44004.63558,candidate_symbol_match,unverified
crypto_link,2026-07-26,compound-v3,LINK,5351940.37369,candidate_symbol_match,unverified
crypto_op,2026-07-26,compound-v3,OP,43828.61866,candidate_symbol_match,unverified
crypto_link,2026-07-27,compound-v3,LINK,5626978.23363,candidate_symbol_match,unverified
crypto_op,2026-07-27,compound-v3,OP,45055.35113,candidate_symbol_match,unverified
crypto_link,2026-07-28,compound-v3,LINK,5356973.18034,candidate_symbol_match,unverified
crypto_op,2026-07-28,compound-v3,OP,41434.32203,candidate_symbol_match,unverified
crypto_link,2026-07-29,compound-v3,LINK,5441461.62486,candidate_symbol_match,unverified
crypto_op,2026-07-29,compound-v3,OP,42544.91588,candidate_symbol_match,unverified
crypto_op,2026-07-30,compound-v3,OP,42067.10302,candidate_symbol_match,unverified
crypto_link,2026-07-30,compound-v3,LINK,5335498.2805,candidate_symbol_match,unverified
crypto_link,2026-07-31,compound-v3,LINK,5416426.0816,candidate_symbol_match,unverified
crypto_op,2026-07-31,compound-v3,OP,42309.97317,candidate_symbol_match,unverified
crypto_link,2026-08-01,compound-v3,LINK,5234926.06673,candidate_symbol_match,unverified
crypto_op,2026-08-01,compound-v3,OP,40952.175,candidate_symbol_match,unverified
crypto_link,2026-08-02,compound-v3,LINK,5145232.33509,candidate_symbol_match,unverified
crypto_op,2026-08-02,compound-v3,OP,39582.96417,candidate_symbol_match,unverified
crypto_link,2026-08-03,compound-v3,LINK,5361365.15756,candidate_symbol_match,unverified
crypto_op,2026-08-03,compound-v3,OP,41326.78845,candidate_symbol_match,unverified
crypto_link,2026-08-04,compound-v3,LINK,5230195.36691,candidate_symbol_match,unverified
crypto_op,2026-08-04,compound-v3,OP,42021.01774,candidate_symbol_match,unverified
crypto_op,2026-08-05,compound-v3,OP,42462.16967,candidate_symbol_match,unverified
crypto_link,2026-08-05,compound-v3,LINK,5209088.08352,candidate_symbol_match,unverified
crypto_link,2026-08-06,compound-v3,LINK,5227749.22289,candidate_symbol_match,unverified
crypto_op,2026-08-06,compound-v3,OP,41998.22009,candidate_symbol_match,unverified
crypto_link,2026-08-07,compound-v3,LINK,5242686.78316,candidate_symbol_match,unverified
crypto_op,2026-08-07,compound-v3,OP,38564.6785,candidate_symbol_match,unverified
crypto_link,2026-08-08,compound-v3,LINK,5230214.74437,candidate_symbol_match,unverified
crypto_op,2026-08-08,compound-v3,OP,38390.52471,candidate_symbol_match,unverified
crypto_op,2026-08-09,compound-v3,OP,39703.1618,candidate_symbol_match,unverified
crypto_link,2026-08-09,compound-v3,LINK,5323831.12976,candidate_symbol_match,unverified
crypto_link,2026-08-10,compound-v3,LINK,5229136.40734,candidate_symbol_match,unverified
crypto_op,2026-08-10,compound-v3,OP,39241.26399,candidate_symbol_match,unverified
crypto_link,2026-08-11,compound-v3,LINK,5317979.04764,candidate_symbol_match,unverified
crypto_op,2026-08-11,compound-v3,OP,40779.5627,candidate_symbol_match,unverified
crypto_link,2026-08-12,compound-v3,LINK,5601592.97707,candidate_symbol_match,unverified
crypto_op,2026-08-12,compound-v3,OP,40559.51897,candidate_symbol_match,unverified
crypto_link,2026-08-13,compound-v3,LINK,5549185.38852,candidate_symbol_match,unverified
crypto_op,2026-08-13,compound-v3,OP,38233.17204,candidate_symbol_match,unverified
crypto_link,2026-08-14,compound-v3,LINK,5665944.60482,candidate_symbol_match,unverified
crypto_op,2026-08-14,compound-v3,OP,42222.91295,candidate_symbol_match,unverified
crypto_link,2026-08-15,compound-v3,LINK,5721621.0818,candidate_symbol_match,unverified
crypto_op,2026-08-15,compound-v3,OP,41328.29824,candidate_symbol_match,unverified
crypto_link,2026-08-16,compound-v3,LINK,5957462.00573,candidate_symbol_match,unverified
crypto_op,2026-08-16,compound-v3,OP,40613.75755,candidate_symbol_match,unverified
crypto_link,2026-08-17,compound-v3,LINK,5902853.86885,candidate_symbol_match,unverified
crypto_op,2026-08-17,compound-v3,OP,40424.83244,candidate_symbol_match,unverified
crypto_link,2026-08-18,compound-v3,LINK,6009411.36347,candidate_symbol_match,unverified
crypto_op,2026-08-18,compound-v3,OP,41843.77882,candidate_symbol_match,unverified
crypto_link,2026-08-19,compound-v3,LINK,5999952.22073,candidate_symbol_match,unverified
crypto_op,2026-08-19,compound-v3,OP,40684.98318,candidate_symbol_match,unverified
crypto_link,2026-08-20,compound-v3,LINK,6695390.24767,candidate_symbol_match,unverified
crypto_op,2026-08-20,compound-v3,OP,45019.13301,candidate_symbol_match,unverified
crypto_link,2026-08-21,compound-v3,LINK,6832107.87092,candidate_symbol_match,unverified
crypto_op,2026-08-21,compound-v3,OP,50234.38945,candidate_symbol_match,unverified
crypto_link,2026-08-22,compound-v3,LINK,7610205.21676,candidate_symbol_match,unverified
crypto_op,2026-08-22,compound-v3,OP,55781.17441,candidate_symbol_match,unverified
crypto_op,2026-05-25,venus-core-pool,OP,2218.5504,candidate_symbol_match,unverified
crypto_ltc,2026-05-25,venus-core-pool,LTC,2349573.32359,candidate_symbol_match,unverified
crypto_xrp,2026-05-25,venus-core-pool,XRP,6040898.46542,candidate_symbol_match,unverified
crypto_link,2026-05-25,venus-core-pool,LINK,1560796.56588,candidate_symbol_match,unverified
crypto_ada,2026-05-25,venus-core-pool,ADA,2567941.08403,candidate_symbol_match,unverified
crypto_doge,2026-05-25,venus-core-pool,DOGE,7489872.14927,candidate_symbol_match,unverified
crypto_sol,2026-05-25,venus-core-pool,SOL,1448181.81703,candidate_symbol_match,unverified
crypto_op,2026-05-26,venus-core-pool,OP,2280.54227,candidate_symbol_match,unverified
crypto_ltc,2026-05-26,venus-core-pool,LTC,2344613.40036,candidate_symbol_match,unverified
crypto_xrp,2026-05-26,venus-core-pool,XRP,6038646.50808,candidate_symbol_match,unverified
crypto_link,2026-05-26,venus-core-pool,LINK,1562798.46133,candidate_symbol_match,unverified
crypto_ada,2026-05-26,venus-core-pool,ADA,2575512.06459,candidate_symbol_match,unverified
crypto_doge,2026-05-26,venus-core-pool,DOGE,7444766.28741,candidate_symbol_match,unverified
crypto_sol,2026-05-26,venus-core-pool,SOL,1442316.99222,candidate_symbol_match,unverified
crypto_op,2026-05-27,venus-core-pool,OP,2265.5955,candidate_symbol_match,unverified
crypto_ltc,2026-05-27,venus-core-pool,LTC,2308024.01277,candidate_symbol_match,unverified
crypto_xrp,2026-05-27,venus-core-pool,XRP,5948200.84984,candidate_symbol_match,unverified
crypto_link,2026-05-27,venus-core-pool,LINK,1545542.21161,candidate_symbol_match,unverified
crypto_ada,2026-05-27,venus-core-pool,ADA,2535395.66932,candidate_symbol_match,unverified
crypto_doge,2026-05-27,venus-core-pool,DOGE,7326682.08323,candidate_symbol_match,unverified
crypto_sol,2026-05-27,venus-core-pool,SOL,1417138.56024,candidate_symbol_match,unverified
crypto_op,2026-05-28,venus-core-pool,OP,2175.63146,candidate_symbol_match,unverified
crypto_ltc,2026-05-28,venus-core-pool,LTC,2310873.20564,candidate_symbol_match,unverified
crypto_xrp,2026-05-28,venus-core-pool,XRP,5817167.24008,candidate_symbol_match,unverified
crypto_link,2026-05-28,venus-core-pool,LINK,1503704.23973,candidate_symbol_match,unverified
crypto_ada,2026-05-28,venus-core-pool,ADA,2507477.39625,candidate_symbol_match,unverified
crypto_doge,2026-05-28,venus-core-pool,DOGE,7169079.99282,candidate_symbol_match,unverified
crypto_sol,2026-05-28,venus-core-pool,SOL,1396209.53317,candidate_symbol_match,unverified
crypto_op,2026-05-29,venus-core-pool,OP,2010.03588,candidate_symbol_match,unverified
crypto_ltc,2026-05-29,venus-core-pool,LTC,2297254.40954,candidate_symbol_match,unverified
crypto_xrp,2026-05-29,venus-core-pool,XRP,5855363.03345,candidate_symbol_match,unverified
crypto_link,2026-05-29,venus-core-pool,LINK,1488056.33687,candidate_symbol_match,unverified
crypto_ada,2026-05-29,venus-core-pool,ADA,2488006.80019,candidate_symbol_match,unverified
crypto_doge,2026-05-29,venus-core-pool,DOGE,7114162.29592,candidate_symbol_match,unverified
crypto_sol,2026-05-29,venus-core-pool,SOL,1396347.48187,candidate_symbol_match,unverified
crypto_op,2026-05-30,venus-core-pool,OP,2004.59228,candidate_symbol_match,unverified
crypto_ltc,2026-05-30,venus-core-pool,LTC,2306748.03093,candidate_symbol_match,unverified
crypto_xrp,2026-05-30,venus-core-pool,XRP,5918551.1927,candidate_symbol_match,unverified
crypto_link,2026-05-30,venus-core-pool,LINK,1486599.80794,candidate_symbol_match,unverified
crypto_ada,2026-05-30,venus-core-pool,ADA,2454710.47548,candidate_symbol_match,unverified
crypto_doge,2026-05-30,venus-core-pool,DOGE,7101988.70018,candidate_symbol_match,unverified
crypto_sol,2026-05-30,venus-core-pool,SOL,1414094.49572,candidate_symbol_match,unverified
crypto_op,2026-05-31,venus-core-pool,OP,2033.98214,candidate_symbol_match,unverified
crypto_ltc,2026-05-31,venus-core-pool,LTC,2329883.35019,candidate_symbol_match,unverified
crypto_xrp,2026-05-31,venus-core-pool,XRP,5976173.49846,candidate_symbol_match,unverified
crypto_link,2026-05-31,venus-core-pool,LINK,1515596.11689,candidate_symbol_match,unverified
crypto_ada,2026-05-31,venus-core-pool,ADA,2489212.4517,candidate_symbol_match,unverified
crypto_doge,2026-05-31,venus-core-pool,DOGE,7173150.21274,candidate_symbol_match,unverified
crypto_sol,2026-05-31,venus-core-pool,SOL,1424034.12492,candidate_symbol_match,unverified
crypto_op,2026-06-01,venus-core-pool,OP,2000.2353,candidate_symbol_match,unverified
crypto_ltc,2026-06-01,venus-core-pool,LTC,2314687.48177,candidate_symbol_match,unverified
crypto_xrp,2026-06-01,venus-core-pool,XRP,5984605.0733,candidate_symbol_match,unverified
crypto_link,2026-06-01,venus-core-pool,LINK,1506502.77013,candidate_symbol_match,unverified
crypto_ada,2026-06-01,venus-core-pool,ADA,2490625.07396,candidate_symbol_match,unverified
crypto_doge,2026-06-01,venus-core-pool,DOGE,7155329.11104,candidate_symbol_match,unverified
crypto_sol,2026-06-01,venus-core-pool,SOL,1421410.31923,candidate_symbol_match,unverified
crypto_op,2026-06-02,venus-core-pool,OP,2087.82631,candidate_symbol_match,unverified
crypto_ltc,2026-06-02,venus-core-pool,LTC,2250362.44414,candidate_symbol_match,unverified
crypto_xrp,2026-06-02,venus-core-pool,XRP,5776948.5295,candidate_symbol_match,unverified
crypto_link,2026-06-02,venus-core-pool,LINK,1484084.84481,candidate_symbol_match,unverified
crypto_ada,2026-06-02,venus-core-pool,ADA,2435363.6485,candidate_symbol_match,unverified
crypto_doge,2026-06-02,venus-core-pool,DOGE,7172445.77997,candidate_symbol_match,unverified
crypto_sol,2026-06-02,venus-core-pool,SOL,1394434.58094,candidate_symbol_match,unverified
crypto_op,2026-06-03,venus-core-pool,OP,1952.52628,candidate_symbol_match,unverified
crypto_ltc,2026-06-03,venus-core-pool,LTC,2071968.46754,candidate_symbol_match,unverified
crypto_xrp,2026-06-03,venus-core-pool,XRP,5439320.31672,candidate_symbol_match,unverified
crypto_link,2026-06-03,venus-core-pool,LINK,1378533.86981,candidate_symbol_match,unverified
crypto_ada,2026-06-03,venus-core-pool,ADA,2246835.63641,candidate_symbol_match,unverified
crypto_doge,2026-06-03,venus-core-pool,DOGE,6596124.07778,candidate_symbol_match,unverified
crypto_sol,2026-06-03,venus-core-pool,SOL,1204791.89533,candidate_symbol_match,unverified
crypto_op,2026-06-04,venus-core-pool,OP,2078.16206,candidate_symbol_match,unverified
crypto_ltc,2026-06-04,venus-core-pool,LTC,2080715.90314,candidate_symbol_match,unverified
crypto_xrp,2026-06-04,venus-core-pool,XRP,5401703.55258,candidate_symbol_match,unverified
crypto_link,2026-06-04,venus-core-pool,LINK,1371984.42208,candidate_symbol_match,unverified
crypto_ada,2026-06-04,venus-core-pool,ADA,2132264.03556,candidate_symbol_match,unverified
crypto_doge,2026-06-04,venus-core-pool,DOGE,6506366.9691,candidate_symbol_match,unverified
crypto_sol,2026-06-04,venus-core-pool,SOL,1081739.86992,candidate_symbol_match,unverified
crypto_op,2026-06-05,venus-core-pool,OP,1769.35703,candidate_symbol_match,unverified
crypto_ltc,2026-06-05,venus-core-pool,LTC,1994282.31527,candidate_symbol_match,unverified
crypto_xrp,2026-06-05,venus-core-pool,XRP,5111361.10491,candidate_symbol_match,unverified
crypto_link,2026-06-05,venus-core-pool,LINK,1245779.91217,candidate_symbol_match,unverified
crypto_ada,2026-06-05,venus-core-pool,ADA,1682282.25006,candidate_symbol_match,unverified
crypto_doge,2026-06-05,venus-core-pool,DOGE,6277674.26918,candidate_symbol_match,unverified
crypto_sol,2026-06-05,venus-core-pool,SOL,1058083.82407,candidate_symbol_match,unverified
crypto_op,2026-06-06,venus-core-pool,OP,1568.62673,candidate_symbol_match,unverified
crypto_ltc,2026-06-06,venus-core-pool,LTC,1865633.6001,candidate_symbol_match,unverified
crypto_xrp,2026-06-06,venus-core-pool,XRP,4714141.71418,candidate_symbol_match,unverified
crypto_link,2026-06-06,venus-core-pool,LINK,1154229.60038,candidate_symbol_match,unverified
crypto_ada,2026-06-06,venus-core-pool,ADA,1317167.31153,candidate_symbol_match,unverified
crypto_doge,2026-06-06,venus-core-pool,DOGE,5942834.17864,candidate_symbol_match,unverified
crypto_sol,2026-06-06,venus-core-pool,SOL,703551.37538,candidate_symbol_match,unverified
crypto_op,2026-06-07,venus-core-pool,OP,1490.07521,candidate_symbol_match,unverified
crypto_ltc,2026-06-07,venus-core-pool,LTC,1780819.64194,candidate_symbol_match,unverified
crypto_xrp,2026-06-07,venus-core-pool,XRP,4715744.78757,candidate_symbol_match,unverified
crypto_link,2026-06-07,venus-core-pool,LINK,1149029.89253,candidate_symbol_match,unverified
crypto_ada,2026-06-07,venus-core-pool,ADA,966205.75123,candidate_symbol_match,unverified
crypto_doge,2026-06-07,venus-core-pool,DOGE,5972415.35834,candidate_symbol_match,unverified
crypto_sol,2026-06-07,venus-core-pool,SOL,770411.49683,candidate_symbol_match,unverified
crypto_op,2026-06-08,venus-core-pool,OP,1258.73021,candidate_symbol_match,unverified
crypto_ltc,2026-06-08,venus-core-pool,LTC,1842230.1572,candidate_symbol_match,unverified
crypto_xrp,2026-06-08,venus-core-pool,XRP,4995762.90256,candidate_symbol_match,unverified
crypto_link,2026-06-08,venus-core-pool,LINK,1238138.497,candidate_symbol_match,unverified
crypto_ada,2026-06-08,venus-core-pool,ADA,1024924.38902,candidate_symbol_match,unverified
crypto_doge,2026-06-08,venus-core-pool,DOGE,6259203.35457,candidate_symbol_match,unverified
crypto_sol,2026-06-08,venus-core-pool,SOL,959906.30464,candidate_symbol_match,unverified
crypto_op,2026-06-09,venus-core-pool,OP,1214.22677,candidate_symbol_match,unverified
crypto_ltc,2026-06-09,venus-core-pool,LTC,1820837.81428,candidate_symbol_match,unverified
crypto_xrp,2026-06-09,venus-core-pool,XRP,4973438.26094,candidate_symbol_match,unverified
crypto_link,2026-06-09,venus-core-pool,LINK,1214020.69757,candidate_symbol_match,unverified
crypto_ada,2026-06-09,venus-core-pool,ADA,1040494.81026,candidate_symbol_match,unverified
crypto_doge,2026-06-09,venus-core-pool,DOGE,6195577.87618,candidate_symbol_match,unverified
crypto_sol,2026-06-09,venus-core-pool,SOL,1015378.5117,candidate_symbol_match,unverified
crypto_op,2026-06-10,venus-core-pool,OP,1265.91607,candidate_symbol_match,unverified
crypto_ltc,2026-06-10,venus-core-pool,LTC,1851672.69043,candidate_symbol_match,unverified
crypto_xrp,2026-06-10,venus-core-pool,XRP,4901849.538,candidate_symbol_match,unverified
crypto_link,2026-06-10,venus-core-pool,LINK,1212134.81069,candidate_symbol_match,unverified
crypto_ada,2026-06-10,venus-core-pool,ADA,1029757.8103,candidate_symbol_match,unverified
crypto_doge,2026-06-10,venus-core-pool,DOGE,6184785.13747,candidate_symbol_match,unverified
crypto_sol,2026-06-10,venus-core-pool,SOL,1003284.51389,candidate_symbol_match,unverified
crypto_op,2026-06-11,venus-core-pool,OP,1191.12906,candidate_symbol_match,unverified
crypto_ltc,2026-06-11,venus-core-pool,LTC,1796334.37653,candidate_symbol_match,unverified
crypto_xrp,2026-06-11,venus-core-pool,XRP,4720892.15818,candidate_symbol_match,unverified
crypto_link,2026-06-11,venus-core-pool,LINK,1180240.14561,candidate_symbol_match,unverified
crypto_ada,2026-06-11,venus-core-pool,ADA,907030.31895,candidate_symbol_match,unverified
crypto_doge,2026-06-11,venus-core-pool,DOGE,6053846.96367,candidate_symbol_match,unverified
crypto_sol,2026-06-11,venus-core-pool,SOL,972349.22422,candidate_symbol_match,unverified
crypto_op,2026-06-12,venus-core-pool,OP,1235.96178,candidate_symbol_match,unverified
crypto_ltc,2026-06-12,venus-core-pool,LTC,1838828.89065,candidate_symbol_match,unverified
crypto_xrp,2026-06-12,venus-core-pool,XRP,4928708.2431,candidate_symbol_match,unverified
crypto_link,2026-06-12,venus-core-pool,LINK,1222243.69189,candidate_symbol_match,unverified
crypto_ada,2026-06-12,venus-core-pool,ADA,961891.0071,candidate_symbol_match,unverified
crypto_doge,2026-06-12,venus-core-pool,DOGE,6276365.91663,candidate_symbol_match,unverified
crypto_sol,2026-06-12,venus-core-pool,SOL,1139033.40088,candidate_symbol_match,unverified
crypto_op,2026-06-13,venus-core-pool,OP,1296.54,candidate_symbol_match,unverified
crypto_ltc,2026-06-13,venus-core-pool,LTC,1862820.19146,candidate_symbol_match,unverified
crypto_xrp,2026-06-13,venus-core-pool,XRP,4895522.19089,candidate_symbol_match,unverified
crypto_link,2026-06-13,venus-core-pool,LINK,1224906.52648,candidate_symbol_match,unverified
crypto_ada,2026-06-13,venus-core-pool,ADA,956689.98746,candidate_symbol_match,unverified
crypto_doge,2026-06-13,venus-core-pool,DOGE,6265508.35162,candidate_symbol_match,unverified
crypto_sol,2026-06-13,venus-core-pool,SOL,1141082.54611,candidate_symbol_match,unverified
crypto_op,2026-06-14,venus-core-pool,OP,1390.99711,candidate_symbol_match,unverified
crypto_ltc,2026-06-14,venus-core-pool,LTC,1917744.82556,candidate_symbol_match,unverified
crypto_xrp,2026-06-14,venus-core-pool,XRP,4977316.85825,candidate_symbol_match,unverified
crypto_link,2026-06-14,venus-core-pool,LINK,1237428.23673,candidate_symbol_match,unverified
crypto_ada,2026-06-14,venus-core-pool,ADA,968513.25984,candidate_symbol_match,unverified
crypto_doge,2026-06-14,venus-core-pool,DOGE,6409759.02682,candidate_symbol_match,unverified
crypto_sol,2026-06-14,venus-core-pool,SOL,1461248.13337,candidate_symbol_match,unverified
crypto_op,2026-06-15,venus-core-pool,OP,1409.65277,candidate_symbol_match,unverified
crypto_ltc,2026-06-15,venus-core-pool,LTC,1963925.08416,candidate_symbol_match,unverified
crypto_xrp,2026-06-15,venus-core-pool,XRP,5142352.19109,candidate_symbol_match,unverified
crypto_link,2026-06-15,venus-core-pool,LINK,1269881.8049,candidate_symbol_match,unverified
crypto_ada,2026-06-15,venus-core-pool,ADA,1031128.21833,candidate_symbol_match,unverified
crypto_doge,2026-06-15,venus-core-pool,DOGE,6470576.17905,candidate_symbol_match,unverified
crypto_sol,2026-06-15,venus-core-pool,SOL,1642046.0587,candidate_symbol_match,unverified
crypto_op,2026-06-16,venus-core-pool,OP,1409.56683,candidate_symbol_match,unverified
crypto_ltc,2026-06-16,venus-core-pool,LTC,1981675.15624,candidate_symbol_match,unverified
crypto_xrp,2026-06-16,venus-core-pool,XRP,5371128.54291,candidate_symbol_match,unverified
crypto_link,2026-06-16,venus-core-pool,LINK,1292955.60061,candidate_symbol_match,unverified
crypto_ada,2026-06-16,venus-core-pool,ADA,1008463.11085,candidate_symbol_match,unverified
crypto_doge,2026-06-16,venus-core-pool,DOGE,6438550.33911,candidate_symbol_match,unverified
crypto_sol,2026-06-16,venus-core-pool,SOL,1483031.08912,candidate_symbol_match,unverified
crypto_op,2026-06-17,venus-core-pool,OP,1414.01977,candidate_symbol_match,unverified
crypto_ltc,2026-06-17,venus-core-pool,LTC,1973577.69829,candidate_symbol_match,unverified
crypto_xrp,2026-06-17,venus-core-pool,XRP,5263885.85319,candidate_symbol_match,unverified
crypto_link,2026-06-17,venus-core-pool,LINK,1285627.27788,candidate_symbol_match,unverified
crypto_ada,2026-06-17,venus-core-pool,ADA,972492.60471,candidate_symbol_match,unverified
crypto_doge,2026-06-17,venus-core-pool,DOGE,6350824.15206,candidate_symbol_match,unverified
crypto_sol,2026-06-17,venus-core-pool,SOL,1499518.68239,candidate_symbol_match,unverified
crypto_op,2026-06-18,venus-core-pool,OP,1411.70564,candidate_symbol_match,unverified
crypto_ltc,2026-06-18,venus-core-pool,LTC,1941428.99014,candidate_symbol_match,unverified
crypto_xrp,2026-06-18,venus-core-pool,XRP,5223743.85834,candidate_symbol_match,unverified
crypto_link,2026-06-18,venus-core-pool,LINK,1256483.44409,candidate_symbol_match,unverified
crypto_ada,2026-06-18,venus-core-pool,ADA,940750.54996,candidate_symbol_match,unverified
crypto_doge,2026-06-18,venus-core-pool,DOGE,6660549.80753,candidate_symbol_match,unverified
crypto_sol,2026-06-18,venus-core-pool,SOL,1470308.90745,candidate_symbol_match,unverified
crypto_op,2026-06-19,venus-core-pool,OP,1426.07605,candidate_symbol_match,unverified
crypto_ltc,2026-06-19,venus-core-pool,LTC,1896027.11046,candidate_symbol_match,unverified
crypto_xrp,2026-06-19,venus-core-pool,XRP,5061657.29234,candidate_symbol_match,unverified
crypto_link,2026-06-19,venus-core-pool,LINK,1237342.31796,candidate_symbol_match,unverified
crypto_ada,2026-06-19,venus-core-pool,ADA,921963.07271,candidate_symbol_match,unverified
crypto_doge,2026-06-19,venus-core-pool,DOGE,6483139.03467,candidate_symbol_match,unverified
crypto_sol,2026-06-19,venus-core-pool,SOL,1426738.14071,candidate_symbol_match,unverified
crypto_op,2026-06-20,venus-core-pool,OP,1140.59945,candidate_symbol_match,unverified
crypto_ltc,2026-06-20,venus-core-pool,LTC,1895491.07993,candidate_symbol_match,unverified
crypto_xrp,2026-06-20,venus-core-pool,XRP,5003136.84644,candidate_symbol_match,unverified
crypto_link,2026-06-20,venus-core-pool,LINK,1223735.1449,candidate_symbol_match,unverified
crypto_ada,2026-06-20,venus-core-pool,ADA,911190.93971,candidate_symbol_match,unverified
crypto_doge,2026-06-20,venus-core-pool,DOGE,6449417.24283,candidate_symbol_match,unverified
crypto_sol,2026-06-20,venus-core-pool,SOL,1412761.90579,candidate_symbol_match,unverified
crypto_op,2026-06-21,venus-core-pool,OP,1149.75224,candidate_symbol_match,unverified
crypto_ltc,2026-06-21,venus-core-pool,LTC,1922360.88422,candidate_symbol_match,unverified
crypto_xrp,2026-06-21,venus-core-pool,XRP,5087969.76296,candidate_symbol_match,unverified
crypto_link,2026-06-21,venus-core-pool,LINK,1225840.40348,candidate_symbol_match,unverified
crypto_ada,2026-06-21,venus-core-pool,ADA,922286.67879,candidate_symbol_match,unverified
crypto_doge,2026-06-21,venus-core-pool,DOGE,6503118.50334,candidate_symbol_match,unverified
crypto_sol,2026-06-21,venus-core-pool,SOL,1565582.24926,candidate_symbol_match,unverified
crypto_op,2026-06-22,venus-core-pool,OP,1110.76879,candidate_symbol_match,unverified
crypto_ltc,2026-06-22,venus-core-pool,LTC,1918701.36987,candidate_symbol_match,unverified
crypto_xrp,2026-06-22,venus-core-pool,XRP,4969289.27866,candidate_symbol_match,unverified
crypto_link,2026-06-22,venus-core-pool,LINK,1206893.91417,candidate_symbol_match,unverified
crypto_ada,2026-06-22,venus-core-pool,ADA,889135.99016,candidate_symbol_match,unverified
crypto_doge,2026-06-22,venus-core-pool,DOGE,6393188.28086,candidate_symbol_match,unverified
crypto_sol,2026-06-22,venus-core-pool,SOL,1457631.04751,candidate_symbol_match,unverified
crypto_op,2026-06-23,venus-core-pool,OP,1117.56015,candidate_symbol_match,unverified
crypto_ltc,2026-06-23,venus-core-pool,LTC,1924767.76927,candidate_symbol_match,unverified
crypto_xrp,2026-06-23,venus-core-pool,XRP,4986678.77899,candidate_symbol_match,unverified
crypto_link,2026-06-23,venus-core-pool,LINK,1209075.04253,candidate_symbol_match,unverified
crypto_ada,2026-06-23,venus-core-pool,ADA,894595.60922,candidate_symbol_match,unverified
crypto_doge,2026-06-23,venus-core-pool,DOGE,6395368.98933,candidate_symbol_match,unverified
crypto_sol,2026-06-23,venus-core-pool,SOL,1450003.50472,candidate_symbol_match,unverified
crypto_op,2026-06-24,venus-core-pool,OP,1137.75053,candidate_symbol_match,unverified
crypto_ltc,2026-06-24,venus-core-pool,LTC,1820085.06677,candidate_symbol_match,unverified
crypto_xrp,2026-06-24,venus-core-pool,XRP,4893611.0745,candidate_symbol_match,unverified
crypto_link,2026-06-24,venus-core-pool,LINK,1170758.22532,candidate_symbol_match,unverified
crypto_ada,2026-06-24,venus-core-pool,ADA,856121.38552,candidate_symbol_match,unverified
crypto_doge,2026-06-24,venus-core-pool,DOGE,6144279.83935,candidate_symbol_match,unverified
crypto_sol,2026-06-24,venus-core-pool,SOL,1478435.04746,candidate_symbol_match,unverified
crypto_op,2026-06-25,venus-core-pool,OP,963.55471,candidate_symbol_match,unverified
crypto_ltc,2026-06-25,venus-core-pool,LTC,1769819.84831,candidate_symbol_match,unverified
crypto_xrp,2026-06-25,venus-core-pool,XRP,4731275.43833,candidate_symbol_match,unverified
crypto_link,2026-06-25,venus-core-pool,LINK,1140339.3108,candidate_symbol_match,unverified
crypto_ada,2026-06-25,venus-core-pool,ADA,827923.74466,candidate_symbol_match,unverified
crypto_doge,2026-06-25,venus-core-pool,DOGE,5910328.09341,candidate_symbol_match,unverified
crypto_sol,2026-06-25,venus-core-pool,SOL,1455703.229,candidate_symbol_match,unverified
crypto_op,2026-06-26,venus-core-pool,OP,981.36205,candidate_symbol_match,unverified
crypto_ltc,2026-06-26,venus-core-pool,LTC,1769629.957,candidate_symbol_match,unverified
crypto_xrp,2026-06-26,venus-core-pool,XRP,4608326.80677,candidate_symbol_match,unverified
crypto_link,2026-06-26,venus-core-pool,LINK,1112533.24996,candidate_symbol_match,unverified
crypto_ada,2026-06-26,venus-core-pool,ADA,806237.74196,candidate_symbol_match,unverified
crypto_doge,2026-06-26,venus-core-pool,DOGE,5790570.32511,candidate_symbol_match,unverified
crypto_sol,2026-06-26,venus-core-pool,SOL,1460499.9501,candidate_symbol_match,unverified
crypto_op,2026-06-27,venus-core-pool,OP,970.74606,candidate_symbol_match,unverified
crypto_ltc,2026-06-27,venus-core-pool,LTC,1807188.65976,candidate_symbol_match,unverified
crypto_xrp,2026-06-27,venus-core-pool,XRP,4636047.66359,candidate_symbol_match,unverified
crypto_link,2026-06-27,venus-core-pool,LINK,1126969.39766,candidate_symbol_match,unverified
crypto_ada,2026-06-27,venus-core-pool,ADA,836477.45272,candidate_symbol_match,unverified
crypto_doge,2026-06-27,venus-core-pool,DOGE,5869525.26641,candidate_symbol_match,unverified
crypto_sol,2026-06-27,venus-core-pool,SOL,1622901.80084,candidate_symbol_match,unverified
crypto_op,2026-06-28,venus-core-pool,OP,933.8514,candidate_symbol_match,unverified
crypto_ltc,2026-06-28,venus-core-pool,LTC,1819529.53903,candidate_symbol_match,unverified
crypto_xrp,2026-06-28,venus-core-pool,XRP,4633736.24026,candidate_symbol_match,unverified
crypto_link,2026-06-28,venus-core-pool,LINK,1124444.10422,candidate_symbol_match,unverified
crypto_ada,2026-06-28,venus-core-pool,ADA,816678.45005,candidate_symbol_match,unverified
crypto_doge,2026-06-28,venus-core-pool,DOGE,5779730.82701,candidate_symbol_match,unverified
crypto_sol,2026-06-28,venus-core-pool,SOL,1747384.37569,candidate_symbol_match,unverified
crypto_op,2026-06-29,venus-core-pool,OP,921.63443,candidate_symbol_match,unverified
crypto_ltc,2026-06-29,venus-core-pool,LTC,1852477.04821,candidate_symbol_match,unverified
crypto_xrp,2026-06-29,venus-core-pool,XRP,4604864.05205,candidate_symbol_match,unverified
crypto_link,2026-06-29,venus-core-pool,LINK,1112028.6778,candidate_symbol_match,unverified
crypto_ada,2026-06-29,venus-core-pool,ADA,807763.01655,candidate_symbol_match,unverified
crypto_doge,2026-06-29,venus-core-pool,DOGE,5672685.52647,candidate_symbol_match,unverified
crypto_sol,2026-06-29,venus-core-pool,SOL,1770224.86286,candidate_symbol_match,unverified
crypto_op,2026-06-30,venus-core-pool,OP,921.15891,candidate_symbol_match,unverified
crypto_ltc,2026-06-30,venus-core-pool,LTC,1847069.98379,candidate_symbol_match,unverified
crypto_xrp,2026-06-30,venus-core-pool,XRP,4627963.4649,candidate_symbol_match,unverified
crypto_link,2026-06-30,venus-core-pool,LINK,1115630.77409,candidate_symbol_match,unverified
crypto_ada,2026-06-30,venus-core-pool,ADA,756547.42518,candidate_symbol_match,unverified
crypto_doge,2026-06-30,venus-core-pool,DOGE,5642032.69913,candidate_symbol_match,unverified
crypto_sol,2026-06-30,venus-core-pool,SOL,4089192.12652,candidate_symbol_match,unverified
crypto_op,2026-07-01,venus-core-pool,OP,879.80729,candidate_symbol_match,unverified
crypto_ltc,2026-07-01,venus-core-pool,LTC,1809271.76115,candidate_symbol_match,unverified
crypto_xrp,2026-07-01,venus-core-pool,XRP,4456692.83596,candidate_symbol_match,unverified
crypto_link,2026-07-01,venus-core-pool,LINK,1090535.55549,candidate_symbol_match,unverified
crypto_ada,2026-07-01,venus-core-pool,ADA,792168.29011,candidate_symbol_match,unverified
crypto_doge,2026-07-01,venus-core-pool,DOGE,5583160.14918,candidate_symbol_match,unverified
crypto_sol,2026-07-01,venus-core-pool,SOL,4020523.98988,candidate_symbol_match,unverified
crypto_op,2026-07-02,venus-core-pool,OP,874.46751,candidate_symbol_match,unverified
crypto_ltc,2026-07-02,venus-core-pool,LTC,1854282.311,candidate_symbol_match,unverified
crypto_xrp,2026-07-02,venus-core-pool,XRP,4561438.86794,candidate_symbol_match,unverified
crypto_link,2026-07-02,venus-core-pool,LINK,1124893.53199,candidate_symbol_match,unverified
crypto_ada,2026-07-02,venus-core-pool,ADA,865441.36821,candidate_symbol_match,unverified
crypto_doge,2026-07-02,venus-core-pool,DOGE,5673656.90913,candidate_symbol_match,unverified
crypto_sol,2026-07-02,venus-core-pool,SOL,4215862.13127,candidate_symbol_match,unverified
crypto_op,2026-07-03,venus-core-pool,OP,911.88561,candidate_symbol_match,unverified
crypto_ltc,2026-07-03,venus-core-pool,LTC,1877754.52085,candidate_symbol_match,unverified
crypto_xrp,2026-07-03,venus-core-pool,XRP,4685184.61598,candidate_symbol_match,unverified
crypto_link,2026-07-03,venus-core-pool,LINK,1183606.79638,candidate_symbol_match,unverified
crypto_ada,2026-07-03,venus-core-pool,ADA,899322.25738,candidate_symbol_match,unverified
crypto_doge,2026-07-03,venus-core-pool,DOGE,5762826.82574,candidate_symbol_match,unverified
crypto_sol,2026-07-03,venus-core-pool,SOL,4374618.93376,candidate_symbol_match,unverified
crypto_op,2026-07-04,venus-core-pool,OP,988.84842,candidate_symbol_match,unverified
crypto_ltc,2026-07-04,venus-core-pool,LTC,1935025.86949,candidate_symbol_match,unverified
crypto_xrp,2026-07-04,venus-core-pool,XRP,4890615.48406,candidate_symbol_match,unverified
crypto_link,2026-07-04,venus-core-pool,LINK,1219617.20988,candidate_symbol_match,unverified
crypto_ada,2026-07-04,venus-core-pool,ADA,924604.62492,candidate_symbol_match,unverified
crypto_doge,2026-07-04,venus-core-pool,DOGE,6009981.60363,candidate_symbol_match,unverified
crypto_sol,2026-07-04,venus-core-pool,SOL,2351491.24631,candidate_symbol_match,unverified
crypto_ltc,2026-07-05,venus-core-pool,LTC,1936208.5732,candidate_symbol_match,unverified
crypto_xrp,2026-07-05,venus-core-pool,XRP,5094931.54885,candidate_symbol_match,unverified
crypto_link,2026-07-05,venus-core-pool,LINK,1220209.78961,candidate_symbol_match,unverified
crypto_ada,2026-07-05,venus-core-pool,ADA,985430.70713,candidate_symbol_match,unverified
crypto_doge,2026-07-05,venus-core-pool,DOGE,6016500.41833,candidate_symbol_match,unverified
crypto_sol,2026-07-05,venus-core-pool,SOL,1696547.98492,candidate_symbol_match,unverified
crypto_op,2026-07-05,venus-core-pool,OP,990.87181,candidate_symbol_match,unverified
crypto_op,2026-07-06,venus-core-pool,OP,999.83928,candidate_symbol_match,unverified
crypto_ltc,2026-07-06,venus-core-pool,LTC,1976038.21792,candidate_symbol_match,unverified
crypto_xrp,2026-07-06,venus-core-pool,XRP,5096371.168,candidate_symbol_match,unverified
crypto_link,2026-07-06,venus-core-pool,LINK,1227777.10014,candidate_symbol_match,unverified
crypto_ada,2026-07-06,venus-core-pool,ADA,973915.89861,candidate_symbol_match,unverified
crypto_doge,2026-07-06,venus-core-pool,DOGE,6023018.39394,candidate_symbol_match,unverified
crypto_sol,2026-07-06,venus-core-pool,SOL,1689921.16207,candidate_symbol_match,unverified
crypto_op,2026-07-07,venus-core-pool,OP,993.30129,candidate_symbol_match,unverified
crypto_ltc,2026-07-07,venus-core-pool,LTC,1934655.08112,candidate_symbol_match,unverified
crypto_xrp,2026-07-07,venus-core-pool,XRP,5026689.11676,candidate_symbol_match,unverified
crypto_link,2026-07-07,venus-core-pool,LINK,1232133.78484,candidate_symbol_match,unverified
crypto_ada,2026-07-07,venus-core-pool,ADA,943359.7608,candidate_symbol_match,unverified
crypto_doge,2026-07-07,venus-core-pool,DOGE,5936219.11236,candidate_symbol_match,unverified
crypto_sol,2026-07-07,venus-core-pool,SOL,1720458.65499,candidate_symbol_match,unverified
crypto_op,2026-07-08,venus-core-pool,OP,944.61784,candidate_symbol_match,unverified
crypto_ltc,2026-07-08,venus-core-pool,LTC,1894957.68198,candidate_symbol_match,unverified
crypto_xrp,2026-07-08,venus-core-pool,XRP,4897974.01575,candidate_symbol_match,unverified
crypto_link,2026-07-08,venus-core-pool,LINK,1203392.36603,candidate_symbol_match,unverified
crypto_ada,2026-07-08,venus-core-pool,ADA,893926.66836,candidate_symbol_match,unverified
crypto_doge,2026-07-08,venus-core-pool,DOGE,5764378.93965,candidate_symbol_match,unverified
crypto_sol,2026-07-08,venus-core-pool,SOL,1536968.91888,candidate_symbol_match,unverified
crypto_op,2026-07-09,venus-core-pool,OP,917.11746,candidate_symbol_match,unverified
crypto_ltc,2026-07-09,venus-core-pool,LTC,1882569.01199,candidate_symbol_match,unverified
crypto_xrp,2026-07-09,venus-core-pool,XRP,4717155.79325,candidate_symbol_match,unverified
crypto_link,2026-07-09,venus-core-pool,LINK,1164594.42921,candidate_symbol_match,unverified
crypto_ada,2026-07-09,venus-core-pool,ADA,855799.0209,candidate_symbol_match,unverified
crypto_doge,2026-07-09,venus-core-pool,DOGE,5622273.79695,candidate_symbol_match,unverified
crypto_sol,2026-07-09,venus-core-pool,SOL,774493.60438,candidate_symbol_match,unverified
crypto_op,2026-07-10,venus-core-pool,OP,941.60322,candidate_symbol_match,unverified
crypto_ltc,2026-07-10,venus-core-pool,LTC,1883481.91709,candidate_symbol_match,unverified
crypto_xrp,2026-07-10,venus-core-pool,XRP,4709031.79722,candidate_symbol_match,unverified
crypto_link,2026-07-10,venus-core-pool,LINK,1181496.5012,candidate_symbol_match,unverified
crypto_ada,2026-07-10,venus-core-pool,ADA,850161.42087,candidate_symbol_match,unverified
crypto_doge,2026-07-10,venus-core-pool,DOGE,5655109.79233,candidate_symbol_match,unverified
crypto_sol,2026-07-10,venus-core-pool,SOL,1136503.08756,candidate_symbol_match,unverified
crypto_op,2026-07-11,venus-core-pool,OP,960.69903,candidate_symbol_match,unverified
crypto_ltc,2026-07-11,venus-core-pool,LTC,1929352.86414,candidate_symbol_match,unverified
crypto_xrp,2026-07-11,venus-core-pool,XRP,4784646.60874,candidate_symbol_match,unverified
crypto_link,2026-07-11,venus-core-pool,LINK,1217633.64785,candidate_symbol_match,unverified
crypto_ada,2026-07-11,venus-core-pool,ADA,852052.54793,candidate_symbol_match,unverified
crypto_doge,2026-07-11,venus-core-pool,DOGE,5754681.46866,candidate_symbol_match,unverified
crypto_sol,2026-07-11,venus-core-pool,SOL,1216965.97767,candidate_symbol_match,unverified
crypto_op,2026-07-12,venus-core-pool,OP,943.11227,candidate_symbol_match,unverified
crypto_ltc,2026-07-12,venus-core-pool,LTC,1946201.91645,candidate_symbol_match,unverified
crypto_xrp,2026-07-12,venus-core-pool,XRP,4794230.15594,candidate_symbol_match,unverified
crypto_link,2026-07-12,venus-core-pool,LINK,1200981.19643,candidate_symbol_match,unverified
crypto_ada,2026-07-12,venus-core-pool,ADA,864551.53895,candidate_symbol_match,unverified
crypto_doge,2026-07-12,venus-core-pool,DOGE,5800460.68208,candidate_symbol_match,unverified
crypto_sol,2026-07-12,venus-core-pool,SOL,1216183.42796,candidate_symbol_match,unverified
crypto_op,2026-07-13,venus-core-pool,OP,925.78596,candidate_symbol_match,unverified
crypto_ltc,2026-07-13,venus-core-pool,LTC,1904876.1166,candidate_symbol_match,unverified
crypto_xrp,2026-07-13,venus-core-pool,XRP,4695090.2423,candidate_symbol_match,unverified
crypto_link,2026-07-13,venus-core-pool,LINK,1206241.88334,candidate_symbol_match,unverified
crypto_ada,2026-07-13,venus-core-pool,ADA,746753.95169,candidate_symbol_match,unverified
crypto_doge,2026-07-13,venus-core-pool,DOGE,5637433.71528,candidate_symbol_match,unverified
crypto_sol,2026-07-13,venus-core-pool,SOL,1199849.82363,candidate_symbol_match,unverified
crypto_op,2026-07-14,venus-core-pool,OP,906.86384,candidate_symbol_match,unverified
crypto_ltc,2026-07-14,venus-core-pool,LTC,1874705.65446,candidate_symbol_match,unverified
crypto_xrp,2026-07-14,venus-core-pool,XRP,4632069.37851,candidate_symbol_match,unverified
crypto_link,2026-07-14,venus-core-pool,LINK,1190172.29695,candidate_symbol_match,unverified
crypto_ada,2026-07-14,venus-core-pool,ADA,723422.32598,candidate_symbol_match,unverified
crypto_doge,2026-07-14,venus-core-pool,DOGE,5582278.90604,candidate_symbol_match,unverified
crypto_sol,2026-07-14,venus-core-pool,SOL,1421063.23854,candidate_symbol_match,unverified
crypto_op,2026-07-15,venus-core-pool,OP,938.50508,candidate_symbol_match,unverified
crypto_ltc,2026-07-15,venus-core-pool,LTC,1958159.23384,candidate_symbol_match,unverified
crypto_xrp,2026-07-15,venus-core-pool,XRP,4825581.28783,candidate_symbol_match,unverified
crypto_link,2026-07-15,venus-core-pool,LINK,1259490.36905,candidate_symbol_match,unverified
crypto_ada,2026-07-15,venus-core-pool,ADA,761937.42102,candidate_symbol_match,unverified
crypto_doge,2026-07-15,venus-core-pool,DOGE,5772992.22429,candidate_symbol_match,unverified
crypto_sol,2026-07-15,venus-core-pool,SOL,1233266.24615,candidate_symbol_match,unverified
crypto_op,2026-07-16,venus-core-pool,OP,944.55868,candidate_symbol_match,unverified
crypto_ltc,2026-07-16,venus-core-pool,LTC,1945118.77423,candidate_symbol_match,unverified
crypto_xrp,2026-07-16,venus-core-pool,XRP,4834593.7463,candidate_symbol_match,unverified
crypto_link,2026-07-16,venus-core-pool,LINK,1291378.81738,candidate_symbol_match,unverified
crypto_ada,2026-07-16,venus-core-pool,ADA,760401.52427,candidate_symbol_match,unverified
crypto_doge,2026-07-16,venus-core-pool,DOGE,5753442.8379,candidate_symbol_match,unverified
crypto_sol,2026-07-16,venus-core-pool,SOL,1231758.84272,candidate_symbol_match,unverified
crypto_op,2026-07-17,venus-core-pool,OP,908.7085,candidate_symbol_match,unverified
crypto_ltc,2026-07-17,venus-core-pool,LTC,1935616.03046,candidate_symbol_match,unverified
crypto_xrp,2026-07-17,venus-core-pool,XRP,4827783.48684,candidate_symbol_match,unverified
crypto_link,2026-07-17,venus-core-pool,LINK,1258720.10164,candidate_symbol_match,unverified
crypto_ada,2026-07-17,venus-core-pool,ADA,740579.3901,candidate_symbol_match,unverified
crypto_doge,2026-07-17,venus-core-pool,DOGE,5614852.74577,candidate_symbol_match,unverified
crypto_sol,2026-07-17,venus-core-pool,SOL,1229114.90475,candidate_symbol_match,unverified
crypto_op,2026-07-18,venus-core-pool,OP,888.17273,candidate_symbol_match,unverified
crypto_ltc,2026-07-18,venus-core-pool,LTC,1946183.90749,candidate_symbol_match,unverified
crypto_xrp,2026-07-18,venus-core-pool,XRP,4838313.48827,candidate_symbol_match,unverified
crypto_link,2026-07-18,venus-core-pool,LINK,1248639.06854,candidate_symbol_match,unverified
crypto_ada,2026-07-18,venus-core-pool,ADA,767492.92065,candidate_symbol_match,unverified
crypto_doge,2026-07-18,venus-core-pool,DOGE,5635341.03819,candidate_symbol_match,unverified
crypto_sol,2026-07-18,venus-core-pool,SOL,1232681.08924,candidate_symbol_match,unverified
crypto_op,2026-07-19,venus-core-pool,OP,881.78846,candidate_symbol_match,unverified
crypto_ltc,2026-07-19,venus-core-pool,LTC,2022762.88877,candidate_symbol_match,unverified
crypto_xrp,2026-07-19,venus-core-pool,XRP,4855415.63076,candidate_symbol_match,unverified
crypto_link,2026-07-19,venus-core-pool,LINK,1259661.66025,candidate_symbol_match,unverified
crypto_ada,2026-07-19,venus-core-pool,ADA,762971.23169,candidate_symbol_match,unverified
crypto_doge,2026-07-19,venus-core-pool,DOGE,5634630.7964,candidate_symbol_match,unverified
crypto_sol,2026-07-19,venus-core-pool,SOL,1239887.94955,candidate_symbol_match,unverified
crypto_op,2026-07-20,venus-core-pool,OP,880.49203,candidate_symbol_match,unverified
crypto_ltc,2026-07-20,venus-core-pool,LTC,2026278.92741,candidate_symbol_match,unverified
crypto_xrp,2026-07-20,venus-core-pool,XRP,4922911.52097,candidate_symbol_match,unverified
crypto_link,2026-07-20,venus-core-pool,LINK,1275397.23,candidate_symbol_match,unverified
crypto_ada,2026-07-20,venus-core-pool,ADA,762111.59114,candidate_symbol_match,unverified
crypto_doge,2026-07-20,venus-core-pool,DOGE,5624493.79728,candidate_symbol_match,unverified
crypto_sol,2026-07-20,venus-core-pool,SOL,1254405.77028,candidate_symbol_match,unverified
crypto_op,2026-07-21,venus-core-pool,OP,872.83341,candidate_symbol_match,unverified
crypto_ltc,2026-07-21,venus-core-pool,LTC,2040657.70411,candidate_symbol_match,unverified
crypto_xrp,2026-07-21,venus-core-pool,XRP,5021005.80019,candidate_symbol_match,unverified
crypto_link,2026-07-21,venus-core-pool,LINK,1302259.31784,candidate_symbol_match,unverified
crypto_ada,2026-07-21,venus-core-pool,ADA,781303.34742,candidate_symbol_match,unverified
crypto_doge,2026-07-21,venus-core-pool,DOGE,5618119.97599,candidate_symbol_match,unverified
crypto_sol,2026-07-21,venus-core-pool,SOL,1339268.29477,candidate_symbol_match,unverified
crypto_op,2026-07-22,venus-core-pool,OP,908.15243,candidate_symbol_match,unverified
crypto_ltc,2026-07-22,venus-core-pool,LTC,2017258.74175,candidate_symbol_match,unverified
crypto_xrp,2026-07-22,venus-core-pool,XRP,5154030.42679,candidate_symbol_match,unverified
crypto_link,2026-07-22,venus-core-pool,LINK,1316924.799,candidate_symbol_match,unverified
crypto_ada,2026-07-22,venus-core-pool,ADA,797105.29677,candidate_symbol_match,unverified
crypto_doge,2026-07-22,venus-core-pool,DOGE,5722808.96048,candidate_symbol_match,unverified
crypto_sol,2026-07-22,venus-core-pool,SOL,1354344.03287,candidate_symbol_match,unverified
crypto_op,2026-07-23,venus-core-pool,OP,706.96305,candidate_symbol_match,unverified
crypto_ltc,2026-07-23,venus-core-pool,LTC,2028574.01015,candidate_symbol_match,unverified
crypto_xrp,2026-07-23,venus-core-pool,XRP,5129283.99303,candidate_symbol_match,unverified
crypto_link,2026-07-23,venus-core-pool,LINK,1295135.00812,candidate_symbol_match,unverified
crypto_ada,2026-07-23,venus-core-pool,ADA,803866.82978,candidate_symbol_match,unverified
crypto_doge,2026-07-23,venus-core-pool,DOGE,5663861.01143,candidate_symbol_match,unverified
crypto_sol,2026-07-23,venus-core-pool,SOL,1345340.95017,candidate_symbol_match,unverified
crypto_op,2026-07-24,venus-core-pool,OP,674.97149,candidate_symbol_match,unverified
crypto_ltc,2026-07-24,venus-core-pool,LTC,2020534.01576,candidate_symbol_match,unverified
crypto_xrp,2026-07-24,venus-core-pool,XRP,4987445.74765,candidate_symbol_match,unverified
crypto_link,2026-07-24,venus-core-pool,LINK,1267937.92388,candidate_symbol_match,unverified
crypto_ada,2026-07-24,venus-core-pool,ADA,774078.14693,candidate_symbol_match,unverified
crypto_doge,2026-07-24,venus-core-pool,DOGE,5365361.98191,candidate_symbol_match,unverified
crypto_sol,2026-07-24,venus-core-pool,SOL,1309325.42785,candidate_symbol_match,unverified
crypto_op,2026-07-25,venus-core-pool,OP,675.26133,candidate_symbol_match,unverified
crypto_ltc,2026-07-25,venus-core-pool,LTC,1994762.5405,candidate_symbol_match,unverified
crypto_xrp,2026-07-25,venus-core-pool,XRP,4928759.63474,candidate_symbol_match,unverified
crypto_link,2026-07-25,venus-core-pool,LINK,1254125.60496,candidate_symbol_match,unverified
crypto_ada,2026-07-25,venus-core-pool,ADA,751919.65143,candidate_symbol_match,unverified
crypto_doge,2026-07-25,venus-core-pool,DOGE,5398379.72339,candidate_symbol_match,unverified
crypto_sol,2026-07-25,venus-core-pool,SOL,1273593.5825,candidate_symbol_match,unverified
crypto_op,2026-07-26,venus-core-pool,OP,673.84506,candidate_symbol_match,unverified
crypto_ltc,2026-07-26,venus-core-pool,LTC,2001824.73905,candidate_symbol_match,unverified
crypto_xrp,2026-07-26,venus-core-pool,XRP,4969204.79133,candidate_symbol_match,unverified
crypto_link,2026-07-26,venus-core-pool,LINK,1261088.86592,candidate_symbol_match,unverified
crypto_ada,2026-07-26,venus-core-pool,ADA,755532.97446,candidate_symbol_match,unverified
crypto_doge,2026-07-26,venus-core-pool,DOGE,5578080.13993,candidate_symbol_match,unverified
crypto_sol,2026-07-26,venus-core-pool,SOL,1283260.17451,candidate_symbol_match,unverified
crypto_op,2026-07-27,venus-core-pool,OP,693.36162,candidate_symbol_match,unverified
crypto_ltc,2026-07-27,venus-core-pool,LTC,2057541.27882,candidate_symbol_match,unverified
crypto_xrp,2026-07-27,venus-core-pool,XRP,5007825.40691,candidate_symbol_match,unverified
crypto_link,2026-07-27,venus-core-pool,LINK,1322806.90178,candidate_symbol_match,unverified
crypto_ada,2026-07-27,venus-core-pool,ADA,760099.21895,candidate_symbol_match,unverified
crypto_doge,2026-07-27,venus-core-pool,DOGE,5696524.08368,candidate_symbol_match,unverified
crypto_sol,2026-07-27,venus-core-pool,SOL,1326775.03963,candidate_symbol_match,unverified
crypto_op,2026-07-28,venus-core-pool,OP,637.67079,candidate_symbol_match,unverified
crypto_ltc,2026-07-28,venus-core-pool,LTC,1980854.63605,candidate_symbol_match,unverified
crypto_xrp,2026-07-28,venus-core-pool,XRP,4826692.61234,candidate_symbol_match,unverified
crypto_link,2026-07-28,venus-core-pool,LINK,1256615.50212,candidate_symbol_match,unverified
crypto_ada,2026-07-28,venus-core-pool,ADA,712689.11549,candidate_symbol_match,unverified
crypto_doge,2026-07-28,venus-core-pool,DOGE,5446192.26277,candidate_symbol_match,unverified
crypto_sol,2026-07-28,venus-core-pool,SOL,1281601.81996,candidate_symbol_match,unverified
crypto_op,2026-07-29,venus-core-pool,OP,650.88515,candidate_symbol_match,unverified
crypto_ltc,2026-07-29,venus-core-pool,LTC,1987408.90231,candidate_symbol_match,unverified
crypto_xrp,2026-07-29,venus-core-pool,XRP,4826051.5956,candidate_symbol_match,unverified
crypto_link,2026-07-29,venus-core-pool,LINK,1273960.52556,candidate_symbol_match,unverified
crypto_ada,2026-07-29,venus-core-pool,ADA,742043.49541,candidate_symbol_match,unverified
crypto_doge,2026-07-29,venus-core-pool,DOGE,5481278.34834,candidate_symbol_match,unverified
crypto_sol,2026-07-29,venus-core-pool,SOL,1287043.62991,candidate_symbol_match,unverified
crypto_op,2026-07-30,venus-core-pool,OP,648.56363,candidate_symbol_match,unverified
crypto_ltc,2026-07-30,venus-core-pool,LTC,1955304.75024,candidate_symbol_match,unverified
crypto_xrp,2026-07-30,venus-core-pool,XRP,4829469.88254,candidate_symbol_match,unverified
crypto_link,2026-07-30,venus-core-pool,LINK,1251770.60583,candidate_symbol_match,unverified
crypto_ada,2026-07-30,venus-core-pool,ADA,743287.92139,candidate_symbol_match,unverified
crypto_doge,2026-07-30,venus-core-pool,DOGE,5444946.12663,candidate_symbol_match,unverified
crypto_sol,2026-07-30,venus-core-pool,SOL,1274779.26852,candidate_symbol_match,unverified
crypto_op,2026-07-31,venus-core-pool,OP,640.1528,candidate_symbol_match,unverified
crypto_ltc,2026-07-31,venus-core-pool,LTC,1967518.64658,candidate_symbol_match,unverified
crypto_xrp,2026-07-31,venus-core-pool,XRP,4869824.86973,candidate_symbol_match,unverified
crypto_link,2026-07-31,venus-core-pool,LINK,1265797.80426,candidate_symbol_match,unverified
crypto_ada,2026-07-31,venus-core-pool,ADA,776818.12143,candidate_symbol_match,unverified
crypto_doge,2026-07-31,venus-core-pool,DOGE,5468496.22341,candidate_symbol_match,unverified
crypto_sol,2026-07-31,venus-core-pool,SOL,1289885.1254,candidate_symbol_match,unverified
crypto_op,2026-08-01,venus-core-pool,OP,620.25461,candidate_symbol_match,unverified
crypto_ltc,2026-08-01,venus-core-pool,LTC,1907964.84413,candidate_symbol_match,unverified
crypto_xrp,2026-08-01,venus-core-pool,XRP,4784175.51183,candidate_symbol_match,unverified
crypto_link,2026-08-01,venus-core-pool,LINK,1228669.497,candidate_symbol_match,unverified
crypto_ada,2026-08-01,venus-core-pool,ADA,774091.57297,candidate_symbol_match,unverified
crypto_doge,2026-08-01,venus-core-pool,DOGE,5428176.17801,candidate_symbol_match,unverified
crypto_sol,2026-08-01,venus-core-pool,SOL,1265798.6687,candidate_symbol_match,unverified
crypto_op,2026-08-02,venus-core-pool,OP,601.9824,candidate_symbol_match,unverified
crypto_ltc,2026-08-02,venus-core-pool,LTC,1901116.31865,candidate_symbol_match,unverified
crypto_xrp,2026-08-02,venus-core-pool,XRP,4770289.31548,candidate_symbol_match,unverified
crypto_link,2026-08-02,venus-core-pool,LINK,1210129.56449,candidate_symbol_match,unverified
crypto_ada,2026-08-02,venus-core-pool,ADA,797070.99707,candidate_symbol_match,unverified
crypto_doge,2026-08-02,venus-core-pool,DOGE,5373652.73982,candidate_symbol_match,unverified
crypto_sol,2026-08-02,venus-core-pool,SOL,1283335.35782,candidate_symbol_match,unverified
crypto_op,2026-08-03,venus-core-pool,OP,625.67709,candidate_symbol_match,unverified
crypto_ltc,2026-08-03,venus-core-pool,LTC,1924110.26413,candidate_symbol_match,unverified
crypto_xrp,2026-08-03,venus-core-pool,XRP,4864719.2617,candidate_symbol_match,unverified
crypto_link,2026-08-03,venus-core-pool,LINK,1253709.01379,candidate_symbol_match,unverified
crypto_ada,2026-08-03,venus-core-pool,ADA,866311.40958,candidate_symbol_match,unverified
crypto_doge,2026-08-03,venus-core-pool,DOGE,5472419.89762,candidate_symbol_match,unverified
crypto_sol,2026-08-03,venus-core-pool,SOL,1305399.11191,candidate_symbol_match,unverified
crypto_op,2026-08-04,venus-core-pool,OP,639.72969,candidate_symbol_match,unverified
crypto_ltc,2026-08-04,venus-core-pool,LTC,1905726.72526,candidate_symbol_match,unverified
crypto_xrp,2026-08-04,venus-core-pool,XRP,4799665.9778,candidate_symbol_match,unverified
crypto_link,2026-08-04,venus-core-pool,LINK,1228298.79544,candidate_symbol_match,unverified
crypto_ada,2026-08-04,venus-core-pool,ADA,887044.99937,candidate_symbol_match,unverified
crypto_doge,2026-08-04,venus-core-pool,DOGE,5447909.25468,candidate_symbol_match,unverified
crypto_sol,2026-08-04,venus-core-pool,SOL,1294557.73705,candidate_symbol_match,unverified
crypto_op,2026-08-05,venus-core-pool,OP,646.44581,candidate_symbol_match,unverified
crypto_ltc,2026-08-05,venus-core-pool,LTC,1932952.91976,candidate_symbol_match,unverified
crypto_xrp,2026-08-05,venus-core-pool,XRP,4788150.53646,candidate_symbol_match,unverified
crypto_link,2026-08-05,venus-core-pool,LINK,1222663.07722,candidate_symbol_match,unverified
crypto_ada,2026-08-05,venus-core-pool,ADA,882190.09385,candidate_symbol_match,unverified
crypto_doge,2026-08-05,venus-core-pool,DOGE,5454429.19607,candidate_symbol_match,unverified
crypto_sol,2026-08-05,venus-core-pool,SOL,1285722.22547,candidate_symbol_match,unverified
crypto_op,2026-08-06,venus-core-pool,OP,639.38262,candidate_symbol_match,unverified
crypto_ltc,2026-08-06,venus-core-pool,LTC,1950821.9329,candidate_symbol_match,unverified
crypto_xrp,2026-08-06,venus-core-pool,XRP,4753789.6693,candidate_symbol_match,unverified
crypto_link,2026-08-06,venus-core-pool,LINK,1226394.45836,candidate_symbol_match,unverified
crypto_ada,2026-08-06,venus-core-pool,ADA,878821.17896,candidate_symbol_match,unverified
crypto_doge,2026-08-06,venus-core-pool,DOGE,5448151.55899,candidate_symbol_match,unverified
crypto_sol,2026-08-06,venus-core-pool,SOL,1288537.53388,candidate_symbol_match,unverified
crypto_op,2026-08-07,venus-core-pool,OP,628.30998,candidate_symbol_match,unverified
crypto_ltc,2026-08-07,venus-core-pool,LTC,1956081.1739,candidate_symbol_match,unverified
crypto_xrp,2026-08-07,venus-core-pool,XRP,4630147.98489,candidate_symbol_match,unverified
crypto_link,2026-08-07,venus-core-pool,LINK,1233006.16778,candidate_symbol_match,unverified
crypto_ada,2026-08-07,venus-core-pool,ADA,937488.43525,candidate_symbol_match,unverified
crypto_doge,2026-08-07,venus-core-pool,DOGE,5350315.76077,candidate_symbol_match,unverified
crypto_sol,2026-08-07,venus-core-pool,SOL,1186111.11745,candidate_symbol_match,unverified
crypto_op,2026-08-08,venus-core-pool,OP,625.47261,candidate_symbol_match,unverified
crypto_ltc,2026-08-08,venus-core-pool,LTC,1958190.34765,candidate_symbol_match,unverified
crypto_xrp,2026-08-08,venus-core-pool,XRP,4607793.89336,candidate_symbol_match,unverified
crypto_link,2026-08-08,venus-core-pool,LINK,1229282.28825,candidate_symbol_match,unverified
crypto_ada,2026-08-08,venus-core-pool,ADA,939110.88172,candidate_symbol_match,unverified
crypto_doge,2026-08-08,venus-core-pool,DOGE,5433248.02813,candidate_symbol_match,unverified
crypto_sol,2026-08-08,venus-core-pool,SOL,1197312.79463,candidate_symbol_match,unverified
crypto_op,2026-08-09,venus-core-pool,OP,646.79068,candidate_symbol_match,unverified
crypto_ltc,2026-08-09,venus-core-pool,LTC,1980649.5776,candidate_symbol_match,unverified
crypto_xrp,2026-08-09,venus-core-pool,XRP,4689018.21428,candidate_symbol_match,unverified
crypto_link,2026-08-09,venus-core-pool,LINK,1252946.61343,candidate_symbol_match,unverified
crypto_ada,2026-08-09,venus-core-pool,ADA,929296.82836,candidate_symbol_match,unverified
crypto_doge,2026-08-09,venus-core-pool,DOGE,5489785.98994,candidate_symbol_match,unverified
crypto_sol,2026-08-09,venus-core-pool,SOL,1235165.6721,candidate_symbol_match,unverified
crypto_op,2026-08-10,venus-core-pool,OP,641.71233,candidate_symbol_match,unverified
crypto_ltc,2026-08-10,venus-core-pool,LTC,1955180.048,candidate_symbol_match,unverified
crypto_xrp,2026-08-10,venus-core-pool,XRP,4645945.37815,candidate_symbol_match,unverified
crypto_link,2026-08-10,venus-core-pool,LINK,1230688.28546,candidate_symbol_match,unverified
crypto_ada,2026-08-10,venus-core-pool,ADA,888120.44172,candidate_symbol_match,unverified
crypto_doge,2026-08-10,venus-core-pool,DOGE,5399216.61058,candidate_symbol_match,unverified
crypto_sol,2026-08-10,venus-core-pool,SOL,1241075.94446,candidate_symbol_match,unverified
crypto_op,2026-08-11,venus-core-pool,OP,644.86385,candidate_symbol_match,unverified
crypto_ltc,2026-08-11,venus-core-pool,LTC,1944665.80331,candidate_symbol_match,unverified
crypto_xrp,2026-08-11,venus-core-pool,XRP,4541401.94602,candidate_symbol_match,unverified
crypto_link,2026-08-11,venus-core-pool,LINK,1253783.33925,candidate_symbol_match,unverified
crypto_ada,2026-08-11,venus-core-pool,ADA,864834.51698,candidate_symbol_match,unverified
crypto_doge,2026-08-11,venus-core-pool,DOGE,5417202.59565,candidate_symbol_match,unverified
crypto_sol,2026-08-11,venus-core-pool,SOL,1144244.12425,candidate_symbol_match,unverified
crypto_op,2026-08-12,venus-core-pool,OP,641.38421,candidate_symbol_match,unverified
crypto_ltc,2026-08-12,venus-core-pool,LTC,1959750.91046,candidate_symbol_match,unverified
crypto_xrp,2026-08-12,venus-core-pool,XRP,4573760.44227,candidate_symbol_match,unverified
crypto_link,2026-08-12,venus-core-pool,LINK,1320526.83614,candidate_symbol_match,unverified
crypto_ada,2026-08-12,venus-core-pool,ADA,844761.58105,candidate_symbol_match,unverified
crypto_doge,2026-08-12,venus-core-pool,DOGE,5585585.93931,candidate_symbol_match,unverified
crypto_sol,2026-08-12,venus-core-pool,SOL,1220511.55709,candidate_symbol_match,unverified
crypto_op,2026-08-13,venus-core-pool,OP,597.10012,candidate_symbol_match,unverified
crypto_ltc,2026-08-13,venus-core-pool,LTC,1933033.71004,candidate_symbol_match,unverified
crypto_xrp,2026-08-13,venus-core-pool,XRP,4530348.65535,candidate_symbol_match,unverified
crypto_link,2026-08-13,venus-core-pool,LINK,1303895.31308,candidate_symbol_match,unverified
crypto_ada,2026-08-13,venus-core-pool,ADA,828436.02942,candidate_symbol_match,unverified
crypto_doge,2026-08-13,venus-core-pool,DOGE,5427199.97768,candidate_symbol_match,unverified
crypto_sol,2026-08-13,venus-core-pool,SOL,1179842.80228,candidate_symbol_match,unverified
crypto_op,2026-08-14,venus-core-pool,OP,626.97222,candidate_symbol_match,unverified
crypto_ltc,2026-08-14,venus-core-pool,LTC,1929343.49805,candidate_symbol_match,unverified
crypto_xrp,2026-08-14,venus-core-pool,XRP,4564719.0097,candidate_symbol_match,unverified
crypto_link,2026-08-14,venus-core-pool,LINK,1333898.47222,candidate_symbol_match,unverified
crypto_ada,2026-08-14,venus-core-pool,ADA,831778.74417,candidate_symbol_match,unverified
crypto_doge,2026-08-14,venus-core-pool,DOGE,5438834.0764,candidate_symbol_match,unverified
crypto_sol,2026-08-14,venus-core-pool,SOL,1197323.13266,candidate_symbol_match,unverified
crypto_op,2026-08-15,venus-core-pool,OP,609.12938,candidate_symbol_match,unverified
crypto_ltc,2026-08-15,venus-core-pool,LTC,1884600.35918,candidate_symbol_match,unverified
crypto_xrp,2026-08-15,venus-core-pool,XRP,4511184.23244,candidate_symbol_match,unverified
crypto_link,2026-08-15,venus-core-pool,LINK,1350977.56613,candidate_symbol_match,unverified
crypto_ada,2026-08-15,venus-core-pool,ADA,818365.44709,candidate_symbol_match,unverified
crypto_doge,2026-08-15,venus-core-pool,DOGE,5441632.49523,candidate_symbol_match,unverified
crypto_sol,2026-08-15,venus-core-pool,SOL,1176141.3746,candidate_symbol_match,unverified
crypto_op,2026-08-16,venus-core-pool,OP,598.59791,candidate_symbol_match,unverified
crypto_ltc,2026-08-16,venus-core-pool,LTC,1899364.47752,candidate_symbol_match,unverified
crypto_xrp,2026-08-16,venus-core-pool,XRP,4526236.41626,candidate_symbol_match,unverified
crypto_link,2026-08-16,venus-core-pool,LINK,1423225.83152,candidate_symbol_match,unverified
crypto_ada,2026-08-16,venus-core-pool,ADA,799280.69463,candidate_symbol_match,unverified
crypto_doge,2026-08-16,venus-core-pool,DOGE,5394407.23937,candidate_symbol_match,unverified
crypto_sol,2026-08-16,venus-core-pool,SOL,1172595.35264,candidate_symbol_match,unverified
crypto_op,2026-08-17,venus-core-pool,OP,587.92936,candidate_symbol_match,unverified
crypto_ltc,2026-08-17,venus-core-pool,LTC,1904513.2222,candidate_symbol_match,unverified
crypto_xrp,2026-08-17,venus-core-pool,XRP,4538998.70774,candidate_symbol_match,unverified
crypto_link,2026-08-17,venus-core-pool,LINK,1409775.95907,candidate_symbol_match,unverified
crypto_ada,2026-08-17,venus-core-pool,ADA,796981.91564,candidate_symbol_match,unverified
crypto_doge,2026-08-17,venus-core-pool,DOGE,5418183.36615,candidate_symbol_match,unverified
crypto_sol,2026-08-17,venus-core-pool,SOL,1157106.12631,candidate_symbol_match,unverified
crypto_op,2026-08-18,venus-core-pool,OP,593.92729,candidate_symbol_match,unverified
crypto_ltc,2026-08-18,venus-core-pool,LTC,1919839.94148,candidate_symbol_match,unverified
crypto_xrp,2026-08-18,venus-core-pool,XRP,4574907.35891,candidate_symbol_match,unverified
crypto_link,2026-08-18,venus-core-pool,LINK,1433419.66372,candidate_symbol_match,unverified
crypto_ada,2026-08-18,venus-core-pool,ADA,791338.93576,candidate_symbol_match,unverified
crypto_doge,2026-08-18,venus-core-pool,DOGE,5456166.09003,candidate_symbol_match,unverified
crypto_sol,2026-08-18,venus-core-pool,SOL,1232873.20161,candidate_symbol_match,unverified
crypto_op,2026-08-19,venus-core-pool,OP,577.47944,candidate_symbol_match,unverified
crypto_ltc,2026-08-19,venus-core-pool,LTC,1916676.21335,candidate_symbol_match,unverified
crypto_xrp,2026-08-19,venus-core-pool,XRP,4550898.05331,candidate_symbol_match,unverified
crypto_link,2026-08-19,venus-core-pool,LINK,1430049.65907,candidate_symbol_match,unverified
crypto_ada,2026-08-19,venus-core-pool,ADA,789988.17494,candidate_symbol_match,unverified
crypto_doge,2026-08-19,venus-core-pool,DOGE,5430467.86966,candidate_symbol_match,unverified
crypto_sol,2026-08-19,venus-core-pool,SOL,1293667.10021,candidate_symbol_match,unverified
crypto_op,2026-08-20,venus-core-pool,OP,637.34888,candidate_symbol_match,unverified
crypto_ltc,2026-08-20,venus-core-pool,LTC,2028685.78507,candidate_symbol_match,unverified
crypto_xrp,2026-08-20,venus-core-pool,XRP,4951068.81766,candidate_symbol_match,unverified
crypto_link,2026-08-20,venus-core-pool,LINK,1578048.62587,candidate_symbol_match,unverified
crypto_ada,2026-08-20,venus-core-pool,ADA,853624.78434,candidate_symbol_match,unverified
crypto_doge,2026-08-20,venus-core-pool,DOGE,5823926.9085,candidate_symbol_match,unverified
crypto_sol,2026-08-20,venus-core-pool,SOL,1367738.61983,candidate_symbol_match,unverified
crypto_op,2026-08-21,venus-core-pool,OP,684.36263,candidate_symbol_match,unverified
crypto_ltc,2026-08-21,venus-core-pool,LTC,2075927.78467,candidate_symbol_match,unverified
crypto_xrp,2026-08-21,venus-core-pool,XRP,5591795.27453,candidate_symbol_match,unverified
crypto_link,2026-08-21,venus-core-pool,LINK,1576358.67309,candidate_symbol_match,unverified
crypto_ada,2026-08-21,venus-core-pool,ADA,934929.68102,candidate_symbol_match,unverified
crypto_doge,2026-08-21,venus-core-pool,DOGE,6308522.66881,candidate_symbol_match,unverified
crypto_sol,2026-08-21,venus-core-pool,SOL,1427548.44844,candidate_symbol_match,unverified
crypto_op,2026-08-22,venus-core-pool,OP,766.44952,candidate_symbol_match,unverified
crypto_ltc,2026-08-22,venus-core-pool,LTC,2314224.19084,candidate_symbol_match,unverified
crypto_xrp,2026-08-22,venus-core-pool,XRP,6460393.08307,candidate_symbol_match,unverified
crypto_link,2026-08-22,venus-core-pool,LINK,1757910.42962,candidate_symbol_match,unverified
crypto_ada,2026-08-22,venus-core-pool,ADA,1065900.34022,candidate_symbol_match,unverified
crypto_doge,2026-08-22,venus-core-pool,DOGE,7062966.57905,candidate_symbol_match,unverified
crypto_sol,2026-08-22,venus-core-pool,SOL,1451738.91938,candidate_symbol_match,unverified
crypto_link,2026-05-25,radiant-v2,LINK,5136.91582,candidate_symbol_match,unverified
crypto_link,2026-05-26,radiant-v2,LINK,5143.49,candidate_symbol_match,unverified
crypto_link,2026-05-27,radiant-v2,LINK,5169.37165,candidate_symbol_match,unverified
crypto_link,2026-05-28,radiant-v2,LINK,5065.18444,candidate_symbol_match,unverified
crypto_link,2026-05-29,radiant-v2,LINK,5266.31126,candidate_symbol_match,unverified
crypto_link,2026-05-30,radiant-v2,LINK,5080.80023,candidate_symbol_match,unverified
crypto_link,2026-05-31,radiant-v2,LINK,5179.28637,candidate_symbol_match,unverified
crypto_link,2026-06-01,radiant-v2,LINK,5148.35162,candidate_symbol_match,unverified
crypto_link,2026-06-02,radiant-v2,LINK,4998.59966,candidate_symbol_match,unverified
crypto_link,2026-06-03,radiant-v2,LINK,3236.43968,candidate_symbol_match,unverified
crypto_link,2026-06-04,radiant-v2,LINK,4361.16597,candidate_symbol_match,unverified
crypto_link,2026-06-05,radiant-v2,LINK,4164.66537,candidate_symbol_match,unverified
crypto_link,2026-06-06,radiant-v2,LINK,3815.06703,candidate_symbol_match,unverified
crypto_link,2026-06-07,radiant-v2,LINK,3805.63883,candidate_symbol_match,unverified
crypto_link,2026-06-08,radiant-v2,LINK,4100.60562,candidate_symbol_match,unverified
crypto_link,2026-06-09,radiant-v2,LINK,4226.91135,candidate_symbol_match,unverified
crypto_link,2026-06-10,radiant-v2,LINK,4219.77444,candidate_symbol_match,unverified
crypto_link,2026-06-11,radiant-v2,LINK,4108.38757,candidate_symbol_match,unverified
crypto_link,2026-06-12,radiant-v2,LINK,4256.05048,candidate_symbol_match,unverified
crypto_link,2026-06-13,radiant-v2,LINK,4257.81286,candidate_symbol_match,unverified
crypto_link,2026-06-14,radiant-v2,LINK,4301.26476,candidate_symbol_match,unverified
crypto_link,2026-06-15,radiant-v2,LINK,4570.40258,candidate_symbol_match,unverified
crypto_link,2026-06-16,radiant-v2,LINK,5273.22995,candidate_symbol_match,unverified
crypto_link,2026-06-17,radiant-v2,LINK,5232.75065,candidate_symbol_match,unverified
crypto_link,2026-06-18,radiant-v2,LINK,5113.20337,candidate_symbol_match,unverified
crypto_link,2026-06-19,radiant-v2,LINK,5055.86456,candidate_symbol_match,unverified
crypto_link,2026-06-20,radiant-v2,LINK,5002.78446,candidate_symbol_match,unverified
crypto_link,2026-06-21,radiant-v2,LINK,5037.45541,candidate_symbol_match,unverified
crypto_link,2026-06-22,radiant-v2,LINK,4930.71831,candidate_symbol_match,unverified
crypto_link,2026-06-23,radiant-v2,LINK,4940.34782,candidate_symbol_match,unverified
crypto_link,2026-06-24,radiant-v2,LINK,5079.41523,candidate_symbol_match,unverified
crypto_link,2026-06-25,radiant-v2,LINK,4946.31171,candidate_symbol_match,unverified
crypto_link,2026-06-26,radiant-v2,LINK,4821.19593,candidate_symbol_match,unverified
crypto_link,2026-06-27,radiant-v2,LINK,5023.7037,candidate_symbol_match,unverified
crypto_link,2026-06-28,radiant-v2,LINK,5007.53612,candidate_symbol_match,unverified
crypto_link,2026-06-29,radiant-v2,LINK,4977.52141,candidate_symbol_match,unverified
crypto_link,2026-06-30,radiant-v2,LINK,5062.21216,candidate_symbol_match,unverified
crypto_link,2026-07-01,radiant-v2,LINK,4924.27197,candidate_symbol_match,unverified
crypto_link,2026-07-02,radiant-v2,LINK,5056.48543,candidate_symbol_match,unverified
crypto_link,2026-07-03,radiant-v2,LINK,5310.10719,candidate_symbol_match,unverified
crypto_link,2026-07-04,radiant-v2,LINK,5501.9761,candidate_symbol_match,unverified
crypto_link,2026-07-05,radiant-v2,LINK,5506.02867,candidate_symbol_match,unverified
crypto_link,2026-07-06,radiant-v2,LINK,5540.79407,candidate_symbol_match,unverified
crypto_link,2026-07-07,radiant-v2,LINK,4492.69336,candidate_symbol_match,unverified
crypto_link,2026-07-08,radiant-v2,LINK,4388.18333,candidate_symbol_match,unverified
crypto_link,2026-07-09,radiant-v2,LINK,4247.12255,candidate_symbol_match,unverified
crypto_link,2026-07-10,radiant-v2,LINK,4393.70439,candidate_symbol_match,unverified
crypto_link,2026-07-11,radiant-v2,LINK,4528.90883,candidate_symbol_match,unverified
crypto_link,2026-07-12,radiant-v2,LINK,4504.9328,candidate_symbol_match,unverified
crypto_link,2026-07-13,radiant-v2,LINK,4540.19619,candidate_symbol_match,unverified
crypto_link,2026-07-14,radiant-v2,LINK,4480.56076,candidate_symbol_match,unverified
crypto_link,2026-07-15,radiant-v2,LINK,3582.41389,candidate_symbol_match,unverified
crypto_link,2026-07-16,radiant-v2,LINK,3673.97182,candidate_symbol_match,unverified
crypto_link,2026-07-17,radiant-v2,LINK,3614.0118,candidate_symbol_match,unverified
crypto_link,2026-07-18,radiant-v2,LINK,3585.765,candidate_symbol_match,unverified
crypto_link,2026-07-19,radiant-v2,LINK,3615.75751,candidate_symbol_match,unverified
crypto_link,2026-07-20,radiant-v2,LINK,3659.41877,candidate_symbol_match,unverified
crypto_link,2026-07-21,radiant-v2,LINK,3720.3966,candidate_symbol_match,unverified
crypto_link,2026-07-22,radiant-v2,LINK,3777.94522,candidate_symbol_match,unverified
crypto_link,2026-07-23,radiant-v2,LINK,3734.32092,candidate_symbol_match,unverified
crypto_link,2026-07-24,radiant-v2,LINK,3656.85522,candidate_symbol_match,unverified
crypto_link,2026-07-25,radiant-v2,LINK,3616.30184,candidate_symbol_match,unverified
crypto_link,2026-07-26,radiant-v2,LINK,3635.78915,candidate_symbol_match,unverified
crypto_link,2026-07-27,radiant-v2,LINK,3814.33126,candidate_symbol_match,unverified
crypto_link,2026-07-28,radiant-v2,LINK,3626.60138,candidate_symbol_match,unverified
crypto_link,2026-07-29,radiant-v2,LINK,3672.8327,candidate_symbol_match,unverified
crypto_link,2026-07-30,radiant-v2,LINK,3600.67719,candidate_symbol_match,unverified
crypto_link,2026-07-31,radiant-v2,LINK,3666.95687,candidate_symbol_match,unverified
crypto_link,2026-08-01,radiant-v2,LINK,2442.3545,candidate_symbol_match,unverified
crypto_link,2026-08-02,radiant-v2,LINK,2407.48052,candidate_symbol_match,unverified
crypto_link,2026-08-03,radiant-v2,LINK,2500.17965,candidate_symbol_match,unverified
crypto_link,2026-08-04,radiant-v2,LINK,2441.24942,candidate_symbol_match,unverified
crypto_link,2026-08-05,radiant-v2,LINK,2431.40116,candidate_symbol_match,unverified
crypto_link,2026-08-06,radiant-v2,LINK,2438.82143,candidate_symbol_match,unverified
crypto_link,2026-08-07,radiant-v2,LINK,2445.79002,candidate_symbol_match,unverified
crypto_link,2026-08-08,radiant-v2,LINK,2440.23277,candidate_symbol_match,unverified
crypto_link,2026-08-09,radiant-v2,LINK,2483.85031,candidate_symbol_match,unverified
crypto_link,2026-08-10,radiant-v2,LINK,2440.31623,candidate_symbol_match,unverified
crypto_link,2026-08-11,radiant-v2,LINK,2478.51264,candidate_symbol_match,unverified
crypto_link,2026-08-12,radiant-v2,LINK,2619.68334,candidate_symbol_match,unverified
crypto_link,2026-08-13,radiant-v2,LINK,2584.86715,candidate_symbol_match,unverified
crypto_link,2026-08-14,radiant-v2,LINK,2378.44258,candidate_symbol_match,unverified
crypto_link,2026-08-15,radiant-v2,LINK,2407.59692,candidate_symbol_match,unverified
crypto_link,2026-08-16,radiant-v2,LINK,2536.42921,candidate_symbol_match,unverified
crypto_link,2026-08-17,radiant-v2,LINK,2513.12977,candidate_symbol_match,unverified
crypto_link,2026-08-18,radiant-v2,LINK,2556.93555,candidate_symbol_match,unverified
crypto_link,2026-08-19,radiant-v2,LINK,2552.18748,candidate_symbol_match,unverified
crypto_link,2026-08-20,radiant-v2,LINK,2838.76885,candidate_symbol_match,unverified
crypto_link,2026-08-21,radiant-v2,LINK,2868.11803,candidate_symbol_match,unverified
crypto_link,2026-08-22,radiant-v2,LINK,3243.12024,candidate_symbol_match,unverified
crypto_link,2026-05-25,dolomite,LINK,426663.47613,candidate_symbol_match,unverified
crypto_pol,2026-05-25,dolomite,POL,8.43923,candidate_symbol_match,unverified
crypto_link,2026-05-26,dolomite,LINK,440291.0642,candidate_symbol_match,unverified
crypto_pol,2026-05-26,dolomite,POL,8.56978,candidate_symbol_match,unverified
crypto_link,2026-05-27,dolomite,LINK,438406.56832,candidate_symbol_match,unverified
crypto_pol,2026-05-27,dolomite,POL,8.55666,candidate_symbol_match,unverified
crypto_link,2026-05-28,dolomite,LINK,425561.74331,candidate_symbol_match,unverified
crypto_pol,2026-05-28,dolomite,POL,8.38845,candidate_symbol_match,unverified
crypto_link,2026-05-29,dolomite,LINK,424248.74363,candidate_symbol_match,unverified
crypto_pol,2026-05-29,dolomite,POL,8.1554,candidate_symbol_match,unverified
crypto_link,2026-05-30,dolomite,LINK,406414.71726,candidate_symbol_match,unverified
crypto_pol,2026-05-30,dolomite,POL,8.37592,candidate_symbol_match,unverified
crypto_link,2026-05-31,dolomite,LINK,414275.84253,candidate_symbol_match,unverified
crypto_pol,2026-05-31,dolomite,POL,8.3755,candidate_symbol_match,unverified
crypto_link,2026-06-01,dolomite,LINK,411591.77997,candidate_symbol_match,unverified
crypto_pol,2026-06-01,dolomite,POL,8.64858,candidate_symbol_match,unverified
crypto_link,2026-06-02,dolomite,LINK,406322.50449,candidate_symbol_match,unverified
crypto_pol,2026-06-02,dolomite,POL,8.72184,candidate_symbol_match,unverified
crypto_link,2026-06-03,dolomite,LINK,374829.63193,candidate_symbol_match,unverified
crypto_pol,2026-06-03,dolomite,POL,8.39496,candidate_symbol_match,unverified
crypto_link,2026-06-04,dolomite,LINK,376551.48984,candidate_symbol_match,unverified
crypto_pol,2026-06-04,dolomite,POL,8.70238,candidate_symbol_match,unverified
crypto_link,2026-06-05,dolomite,LINK,360379.40024,candidate_symbol_match,unverified
crypto_pol,2026-06-05,dolomite,POL,8.09426,candidate_symbol_match,unverified
crypto_link,2026-06-06,dolomite,LINK,341375.18097,candidate_symbol_match,unverified
crypto_pol,2026-06-06,dolomite,POL,7.25417,candidate_symbol_match,unverified
crypto_link,2026-06-07,dolomite,LINK,340363.04122,candidate_symbol_match,unverified
crypto_pol,2026-06-07,dolomite,POL,7.26845,candidate_symbol_match,unverified
crypto_link,2026-06-08,dolomite,LINK,365863.24478,candidate_symbol_match,unverified
crypto_pol,2026-06-08,dolomite,POL,7.40034,candidate_symbol_match,unverified
crypto_link,2026-06-09,dolomite,LINK,358953.34115,candidate_symbol_match,unverified
crypto_pol,2026-06-09,dolomite,POL,7.13056,candidate_symbol_match,unverified
crypto_link,2026-06-10,dolomite,LINK,357988.95721,candidate_symbol_match,unverified
crypto_pol,2026-06-10,dolomite,POL,7.07345,candidate_symbol_match,unverified
crypto_link,2026-06-11,dolomite,LINK,346531.18227,candidate_symbol_match,unverified
crypto_pol,2026-06-11,dolomite,POL,6.72722,candidate_symbol_match,unverified
crypto_link,2026-06-12,dolomite,LINK,430492.37035,candidate_symbol_match,unverified
crypto_pol,2026-06-12,dolomite,POL,6.93293,candidate_symbol_match,unverified
crypto_link,2026-06-13,dolomite,LINK,430425.74057,candidate_symbol_match,unverified
crypto_pol,2026-06-13,dolomite,POL,6.91316,candidate_symbol_match,unverified
crypto_link,2026-06-14,dolomite,LINK,434824.22425,candidate_symbol_match,unverified
crypto_pol,2026-06-14,dolomite,POL,7.04468,candidate_symbol_match,unverified
crypto_link,2026-06-15,dolomite,LINK,445682.126,candidate_symbol_match,unverified
crypto_pol,2026-06-15,dolomite,POL,7.16467,candidate_symbol_match,unverified
crypto_link,2026-06-16,dolomite,LINK,452651.52684,candidate_symbol_match,unverified
crypto_pol,2026-06-16,dolomite,POL,7.24989,candidate_symbol_match,unverified
crypto_link,2026-06-17,dolomite,LINK,451872.93363,candidate_symbol_match,unverified
crypto_pol,2026-06-17,dolomite,POL,7.10922,candidate_symbol_match,unverified
crypto_link,2026-06-18,dolomite,LINK,441549.4563,candidate_symbol_match,unverified
crypto_pol,2026-06-18,dolomite,POL,7.14807,candidate_symbol_match,unverified
crypto_link,2026-06-19,dolomite,LINK,437760.91603,candidate_symbol_match,unverified
crypto_pol,2026-06-19,dolomite,POL,7.32078,candidate_symbol_match,unverified
crypto_link,2026-06-20,dolomite,LINK,426960.51379,candidate_symbol_match,unverified
crypto_pol,2026-06-20,dolomite,POL,7.61374,candidate_symbol_match,unverified
crypto_link,2026-06-21,dolomite,LINK,429919.49078,candidate_symbol_match,unverified
crypto_pol,2026-06-21,dolomite,POL,7.39303,candidate_symbol_match,unverified
crypto_link,2026-06-22,dolomite,LINK,423676.42418,candidate_symbol_match,unverified
crypto_pol,2026-06-22,dolomite,POL,7.38208,candidate_symbol_match,unverified
crypto_link,2026-06-23,dolomite,LINK,424359.21669,candidate_symbol_match,unverified
crypto_pol,2026-06-23,dolomite,POL,7.35321,candidate_symbol_match,unverified
crypto_link,2026-06-24,dolomite,LINK,411881.77175,candidate_symbol_match,unverified
crypto_pol,2026-06-24,dolomite,POL,7.19964,candidate_symbol_match,unverified
crypto_link,2026-06-25,dolomite,LINK,400936.5691,candidate_symbol_match,unverified
crypto_pol,2026-06-25,dolomite,POL,6.83864,candidate_symbol_match,unverified
crypto_link,2026-06-26,dolomite,LINK,392744.76155,candidate_symbol_match,unverified
crypto_pol,2026-06-26,dolomite,POL,6.72184,candidate_symbol_match,unverified
crypto_link,2026-06-27,dolomite,LINK,396804.75641,candidate_symbol_match,unverified
crypto_pol,2026-06-27,dolomite,POL,6.67527,candidate_symbol_match,unverified
crypto_link,2026-06-28,dolomite,LINK,394920.7937,candidate_symbol_match,unverified
crypto_pol,2026-06-28,dolomite,POL,6.58492,candidate_symbol_match,unverified
crypto_link,2026-06-29,dolomite,LINK,393164.26121,candidate_symbol_match,unverified
crypto_pol,2026-06-29,dolomite,POL,6.6295,candidate_symbol_match,unverified
crypto_link,2026-06-30,dolomite,LINK,395198.04655,candidate_symbol_match,unverified
crypto_pol,2026-06-30,dolomite,POL,6.50338,candidate_symbol_match,unverified
crypto_link,2026-07-01,dolomite,LINK,388304.41476,candidate_symbol_match,unverified
crypto_pol,2026-07-01,dolomite,POL,6.37292,candidate_symbol_match,unverified
crypto_link,2026-07-02,dolomite,LINK,399424.58627,candidate_symbol_match,unverified
crypto_pol,2026-07-02,dolomite,POL,6.64702,candidate_symbol_match,unverified
crypto_link,2026-07-03,dolomite,LINK,420341.1518,candidate_symbol_match,unverified
crypto_pol,2026-07-03,dolomite,POL,6.77512,candidate_symbol_match,unverified
crypto_link,2026-07-04,dolomite,LINK,433557.00137,candidate_symbol_match,unverified
crypto_pol,2026-07-04,dolomite,POL,6.88767,candidate_symbol_match,unverified
crypto_link,2026-07-05,dolomite,LINK,434455.68623,candidate_symbol_match,unverified
crypto_pol,2026-07-05,dolomite,POL,6.83246,candidate_symbol_match,unverified
crypto_link,2026-07-06,dolomite,LINK,436615.65211,candidate_symbol_match,unverified
crypto_pol,2026-07-06,dolomite,POL,6.89285,candidate_symbol_match,unverified
crypto_link,2026-07-07,dolomite,LINK,435775.17979,candidate_symbol_match,unverified
crypto_pol,2026-07-07,dolomite,POL,6.9748,candidate_symbol_match,unverified
crypto_link,2026-07-08,dolomite,LINK,425176.17081,candidate_symbol_match,unverified
crypto_link,2026-07-09,dolomite,LINK,412730.90807,candidate_symbol_match,unverified
crypto_link,2026-07-10,dolomite,LINK,418701.18181,candidate_symbol_match,unverified
crypto_link,2026-07-11,dolomite,LINK,431733.55156,candidate_symbol_match,unverified
crypto_link,2026-07-12,dolomite,LINK,428808.38999,candidate_symbol_match,unverified
crypto_link,2026-07-13,dolomite,LINK,437589.52138,candidate_symbol_match,unverified
crypto_link,2026-07-14,dolomite,LINK,427114.41876,candidate_symbol_match,unverified
crypto_link,2026-07-15,dolomite,LINK,451210.86623,candidate_symbol_match,unverified
crypto_link,2026-07-16,dolomite,LINK,459784.52611,candidate_symbol_match,unverified
crypto_link,2026-07-17,dolomite,LINK,448088.44388,candidate_symbol_match,unverified
crypto_link,2026-07-18,dolomite,LINK,444586.22409,candidate_symbol_match,unverified
crypto_link,2026-07-19,dolomite,LINK,450505.39581,candidate_symbol_match,unverified
crypto_link,2026-07-20,dolomite,LINK,455114.17491,candidate_symbol_match,unverified
crypto_link,2026-07-21,dolomite,LINK,442416.00187,candidate_symbol_match,unverified
crypto_link,2026-07-22,dolomite,LINK,446334.78492,candidate_symbol_match,unverified
crypto_link,2026-07-23,dolomite,LINK,442881.43952,candidate_symbol_match,unverified
crypto_link,2026-07-24,dolomite,LINK,429840.56272,candidate_symbol_match,unverified
crypto_link,2026-07-25,dolomite,LINK,425050.66866,candidate_symbol_match,unverified
crypto_link,2026-07-26,dolomite,LINK,427425.86638,candidate_symbol_match,unverified
crypto_link,2026-07-27,dolomite,LINK,447510.74321,candidate_symbol_match,unverified
crypto_link,2026-07-28,dolomite,LINK,413827.73806,candidate_symbol_match,unverified
crypto_link,2026-07-29,dolomite,LINK,418729.15867,candidate_symbol_match,unverified
crypto_link,2026-07-30,dolomite,LINK,410477.18409,candidate_symbol_match,unverified
crypto_link,2026-07-31,dolomite,LINK,418118.90456,candidate_symbol_match,unverified
crypto_link,2026-08-01,dolomite,LINK,404768.81467,candidate_symbol_match,unverified
crypto_link,2026-08-02,dolomite,LINK,398989.18772,candidate_symbol_match,unverified
crypto_link,2026-08-03,dolomite,LINK,412088.89664,candidate_symbol_match,unverified
crypto_link,2026-08-04,dolomite,LINK,401919.71346,candidate_symbol_match,unverified
crypto_link,2026-08-05,dolomite,LINK,400300.46767,candidate_symbol_match,unverified
crypto_link,2026-08-06,dolomite,LINK,401522.12361,candidate_symbol_match,unverified
crypto_link,2026-08-07,dolomite,LINK,402158.80167,candidate_symbol_match,unverified
crypto_link,2026-08-08,dolomite,LINK,399475.50518,candidate_symbol_match,unverified
crypto_link,2026-08-09,dolomite,LINK,406208.47714,candidate_symbol_match,unverified
crypto_link,2026-08-10,dolomite,LINK,399113.6504,candidate_symbol_match,unverified
crypto_link,2026-08-11,dolomite,LINK,404846.3172,candidate_symbol_match,unverified
crypto_link,2026-08-12,dolomite,LINK,418341.55648,candidate_symbol_match,unverified
crypto_link,2026-08-13,dolomite,LINK,413925.61066,candidate_symbol_match,unverified
crypto_link,2026-08-14,dolomite,LINK,422588.57853,candidate_symbol_match,unverified
crypto_link,2026-08-15,dolomite,LINK,427126.22382,candidate_symbol_match,unverified
crypto_link,2026-08-16,dolomite,LINK,450863.24098,candidate_symbol_match,unverified
crypto_link,2026-08-17,dolomite,LINK,444339.01064,candidate_symbol_match,unverified
crypto_link,2026-08-18,dolomite,LINK,444435.1429,candidate_symbol_match,unverified
crypto_link,2026-08-19,dolomite,LINK,442653.25479,candidate_symbol_match,unverified
crypto_link,2026-08-20,dolomite,LINK,489606.65594,candidate_symbol_match,unverified
crypto_link,2026-08-21,dolomite,LINK,504051.53342,candidate_symbol_match,unverified
crypto_link,2026-08-22,dolomite,LINK,564294.70638,candidate_symbol_match,unverified
crypto_avax,2026-05-25,silo-v2,WAVAX,6453.8252,candidate_symbol_match,unverified
crypto_avax,2026-05-26,silo-v2,WAVAX,6523.36484,candidate_symbol_match,unverified
crypto_avax,2026-05-27,silo-v2,WAVAX,6413.76734,candidate_symbol_match,unverified
crypto_avax,2026-05-28,silo-v2,WAVAX,6337.10964,candidate_symbol_match,unverified
crypto_avax,2026-05-29,silo-v2,WAVAX,6265.48016,candidate_symbol_match,unverified
crypto_avax,2026-05-30,silo-v2,WAVAX,6182.97847,candidate_symbol_match,unverified
crypto_avax,2026-05-31,silo-v2,WAVAX,6255.56088,candidate_symbol_match,unverified
crypto_avax,2026-06-01,silo-v2,WAVAX,6280.68094,candidate_symbol_match,unverified
crypto_avax,2026-06-02,silo-v2,WAVAX,6218.99529,candidate_symbol_match,unverified
crypto_avax,2026-06-03,silo-v2,WAVAX,5726.21601,candidate_symbol_match,unverified
crypto_avax,2026-06-04,silo-v2,WAVAX,5681.83322,candidate_symbol_match,unverified
crypto_avax,2026-06-05,silo-v2,WAVAX,5366.67336,candidate_symbol_match,unverified
crypto_avax,2026-06-06,silo-v2,WAVAX,4830.78003,candidate_symbol_match,unverified
crypto_avax,2026-06-07,silo-v2,WAVAX,4739.43036,candidate_symbol_match,unverified
crypto_avax,2026-06-08,silo-v2,WAVAX,4846.38077,candidate_symbol_match,unverified
crypto_avax,2026-06-09,silo-v2,WAVAX,4716.87086,candidate_symbol_match,unverified
crypto_avax,2026-06-10,silo-v2,WAVAX,5667.50937,candidate_symbol_match,unverified
crypto_avax,2026-06-11,silo-v2,WAVAX,4537.82052,candidate_symbol_match,unverified
crypto_avax,2026-06-12,silo-v2,WAVAX,4661.75371,candidate_symbol_match,unverified
crypto_avax,2026-06-13,silo-v2,WAVAX,4596.8131,candidate_symbol_match,unverified
crypto_avax,2026-06-14,silo-v2,WAVAX,4705.77128,candidate_symbol_match,unverified
crypto_avax,2026-06-15,silo-v2,WAVAX,4746.46557,candidate_symbol_match,unverified
crypto_avax,2026-06-16,silo-v2,WAVAX,4790.36774,candidate_symbol_match,unverified
crypto_avax,2026-06-17,silo-v2,WAVAX,4830.07951,candidate_symbol_match,unverified
crypto_avax,2026-06-18,silo-v2,WAVAX,4731.43589,candidate_symbol_match,unverified
crypto_avax,2026-06-19,silo-v2,WAVAX,4444.49533,candidate_symbol_match,unverified
crypto_avax,2026-06-20,silo-v2,WAVAX,4199.14285,candidate_symbol_match,unverified
crypto_avax,2026-06-21,silo-v2,WAVAX,4406.43472,candidate_symbol_match,unverified
crypto_avax,2026-06-22,silo-v2,WAVAX,4442.08821,candidate_symbol_match,unverified
crypto_avax,2026-06-23,silo-v2,WAVAX,4410.66124,candidate_symbol_match,unverified
crypto_avax,2026-06-24,silo-v2,WAVAX,4587.19621,candidate_symbol_match,unverified
crypto_avax,2026-06-25,silo-v2,WAVAX,4458.96589,candidate_symbol_match,unverified
crypto_avax,2026-06-26,silo-v2,WAVAX,4293.99639,candidate_symbol_match,unverified
crypto_avax,2026-06-27,silo-v2,WAVAX,4535.00294,candidate_symbol_match,unverified
crypto_avax,2026-06-28,silo-v2,WAVAX,4445.11792,candidate_symbol_match,unverified
crypto_avax,2026-06-29,silo-v2,WAVAX,4331.17667,candidate_symbol_match,unverified
crypto_avax,2026-06-30,silo-v2,WAVAX,4473.55544,candidate_symbol_match,unverified
crypto_avax,2026-07-01,silo-v2,WAVAX,4387.4723,candidate_symbol_match,unverified
crypto_avax,2026-07-02,silo-v2,WAVAX,4488.09556,candidate_symbol_match,unverified
crypto_avax,2026-07-03,silo-v2,WAVAX,4570.84494,candidate_symbol_match,unverified
crypto_avax,2026-07-04,silo-v2,WAVAX,4681.78376,candidate_symbol_match,unverified
crypto_avax,2026-07-05,silo-v2,WAVAX,4686.90479,candidate_symbol_match,unverified
crypto_avax,2026-07-06,silo-v2,WAVAX,3540.93037,candidate_symbol_match,unverified
crypto_avax,2026-07-07,silo-v2,WAVAX,3553.47934,candidate_symbol_match,unverified
crypto_avax,2026-07-08,silo-v2,WAVAX,3447.31763,candidate_symbol_match,unverified
crypto_avax,2026-07-09,silo-v2,WAVAX,3319.65533,candidate_symbol_match,unverified
crypto_avax,2026-07-10,silo-v2,WAVAX,3434.13371,candidate_symbol_match,unverified
crypto_avax,2026-07-11,silo-v2,WAVAX,3449.08873,candidate_symbol_match,unverified
crypto_avax,2026-07-12,silo-v2,WAVAX,3300.72278,candidate_symbol_match,unverified
crypto_avax,2026-07-13,silo-v2,WAVAX,3268.22406,candidate_symbol_match,unverified
crypto_avax,2026-07-14,silo-v2,WAVAX,3258.83224,candidate_symbol_match,unverified
crypto_avax,2026-07-15,silo-v2,WAVAX,3385.69431,candidate_symbol_match,unverified
crypto_avax,2026-07-16,silo-v2,WAVAX,2882.52802,candidate_symbol_match,unverified
crypto_avax,2026-07-17,silo-v2,WAVAX,2784.93996,candidate_symbol_match,unverified
crypto_avax,2026-07-18,silo-v2,WAVAX,2829.1647,candidate_symbol_match,unverified
crypto_avax,2026-07-19,silo-v2,WAVAX,2829.09084,candidate_symbol_match,unverified
crypto_avax,2026-07-20,silo-v2,WAVAX,2779.04476,candidate_symbol_match,unverified
crypto_avax,2026-07-21,silo-v2,WAVAX,2845.38785,candidate_symbol_match,unverified
crypto_avax,2026-07-22,silo-v2,WAVAX,2840.3177,candidate_symbol_match,unverified
crypto_avax,2026-07-23,silo-v2,WAVAX,2846.03745,candidate_symbol_match,unverified
crypto_avax,2026-07-24,silo-v2,WAVAX,2895.75559,candidate_symbol_match,unverified
crypto_avax,2026-07-25,silo-v2,WAVAX,2893.48893,candidate_symbol_match,unverified
crypto_avax,2026-07-26,silo-v2,WAVAX,3107.02806,candidate_symbol_match,unverified
crypto_avax,2026-07-27,silo-v2,WAVAX,3088.51477,candidate_symbol_match,unverified
crypto_avax,2026-07-28,silo-v2,WAVAX,2939.4335,candidate_symbol_match,unverified
crypto_avax,2026-07-29,silo-v2,WAVAX,3026.42629,candidate_symbol_match,unverified
crypto_avax,2026-07-30,silo-v2,WAVAX,2312.18001,candidate_symbol_match,unverified
crypto_avax,2026-07-31,silo-v2,WAVAX,2322.35814,candidate_symbol_match,unverified
crypto_avax,2026-08-01,silo-v2,WAVAX,2721.63221,candidate_symbol_match,unverified
crypto_avax,2026-08-02,silo-v2,WAVAX,2632.2594,candidate_symbol_match,unverified
crypto_avax,2026-08-03,silo-v2,WAVAX,3037.03893,candidate_symbol_match,unverified
crypto_avax,2026-08-04,silo-v2,WAVAX,3056.86592,candidate_symbol_match,unverified
crypto_avax,2026-08-05,silo-v2,WAVAX,2768.38149,candidate_symbol_match,unverified
crypto_avax,2026-08-06,silo-v2,WAVAX,2764.54318,candidate_symbol_match,unverified
crypto_avax,2026-08-07,silo-v2,WAVAX,2665.02781,candidate_symbol_match,unverified
crypto_avax,2026-08-08,silo-v2,WAVAX,3220.4126,candidate_symbol_match,unverified
crypto_avax,2026-08-09,silo-v2,WAVAX,2594.16717,candidate_symbol_match,unverified
crypto_avax,2026-08-10,silo-v2,WAVAX,2581.98503,candidate_symbol_match,unverified
crypto_avax,2026-08-11,silo-v2,WAVAX,2403.78684,candidate_symbol_match,unverified
crypto_avax,2026-08-12,silo-v2,WAVAX,2647.38253,candidate_symbol_match,unverified
crypto_avax,2026-08-13,silo-v2,WAVAX,2792.09066,candidate_symbol_match,unverified
crypto_avax,2026-08-14,silo-v2,WAVAX,2854.83322,candidate_symbol_match,unverified
crypto_avax,2026-08-15,silo-v2,WAVAX,2513.8363,candidate_symbol_match,unverified
crypto_avax,2026-08-16,silo-v2,WAVAX,2436.2857,candidate_symbol_match,unverified
crypto_avax,2026-08-17,silo-v2,WAVAX,2451.02545,candidate_symbol_match,unverified
crypto_avax,2026-08-18,silo-v2,WAVAX,2462.95554,candidate_symbol_match,unverified
crypto_avax,2026-08-19,silo-v2,WAVAX,1827.73475,candidate_symbol_match,unverified
crypto_avax,2026-08-20,silo-v2,WAVAX,1961.91956,candidate_symbol_match,unverified
crypto_avax,2026-08-21,silo-v2,WAVAX,2386.57823,candidate_symbol_match,unverified
crypto_avax,2026-08-22,silo-v2,WAVAX,2658.67319,candidate_symbol_match,unverified
