asset_id,symbol,valid_from,consensus_context,code,decision_0_or_1,confidence_low_medium_high,evidence_url,evidence_date,reviewer_note,rule
crypto_btc,BTC,2026-08-22,PoW,VA_MONETARY,1,high,https://bitcoin.org/en/bitcoin-core/2016-01-07-statement,2016-01-07,"Researcher verified 2026-10-07. Assumption: monetary classification requires documented monetary design plus material observed use. Bitcoin's peer-to-peer cash design and 90-day activity evidence satisfy both tests.","Material money, settlement, reserve, or store-of-value use supported by at least two behavioral tests."
crypto_btc,BTC,2026-08-22,PoW,VA_GAS,0,high,https://developer.bitcoin.org/glossary.html#term-Minimum-relay-fee,2026-08-22,"Researcher verified 2026-10-07. Assumption adopted: VA_GAS requires a consensus-level fee requirement; practical relay or miner-inclusion policy is insufficient. Zero-fee transactions can be consensus-valid, so BTC does not qualify.","Token is protocol-required for ordinary transaction, computation, storage, or blockspace fees."
crypto_btc,BTC,2026-08-22,PoW,VA_STAKE,0,high,https://developer.bitcoin.org/devguide/mining.html,2026-08-22,"Researcher verified 2026-10-07. Assumption: proof-of-work mining does not qualify as staking because BTC is not locked, delegated, or slashable to secure consensus.","Token is locked, delegated, or economically at risk to secure a network or protocol service."
crypto_btc,BTC,2026-08-22,PoW,VA_BURN,0,high,https://developer.bitcoin.org/devguide/transactions.html,2026-08-22,"Researcher verified 2026-10-07. Assumption: miner fee transfers are service compensation and not irreversible token destruction.",A live rules-based mechanism irreversibly destroys tokens.
crypto_btc,BTC,2026-08-22,PoW,VA_SCARCITY,1,high,https://bitcoin.org/en/bitcoin-core/features/validation,2026-08-22,"Researcher verified 2026-10-07. Assumption: the approximately 21 million terminal limit qualifies because it is enforced by consensus validation and is exceptionally difficult to change.",A credible hard cap or deterministic terminal bound exists and is exceptionally difficult to change.
crypto_btc,BTC,2026-08-22,PoW,VA_COLLATERAL,1,medium,https://eth-mainnet.public.blastapi.io,2026-08-22,"Researcher verified 2026-10-07. Assumption adopted: economically equivalent wrapped representations count as representation-mediated collateral use. WBTC exceeded the $100m threshold and remained enabled on Aave for the complete 90-day window; wrapper and custody risk remain separate risk attributes.",Collateral TVL is at least 1% of market cap or $100m for at least 90 days.
crypto_btc,BTC,2026-08-22,PoW,VA_GOV,0,high,https://bitcoin.org/en/faq#who-controls-the-bitcoin-network,2026-08-22,"Researcher verified 2026-10-07. Assumption: social and node consensus does not qualify as token-holder governance because BTC ownership provides no binding token-weighted proposal, voting, veto, treasury, or parameter right.","Holding or delegating provides live proposal, voting, veto, treasury, or parameter control."
crypto_btc,BTC,2026-08-22,PoW,VA_PROTOCOL,0,high,https://developer.bitcoin.org/devguide/transactions.html,2026-08-22,"Researcher verified 2026-10-07. Assumption: mining rewards and fees compensate block producers for security services and do not constitute a mechanical value-capture route for BTC holders.","A live mechanical route sends protocol revenue or surplus to the token or holders through distribution, buyback, burn, or an enforceable holder claim; governance over ecosystem spending alone does not qualify."
crypto_btc,BTC,2026-08-22,PoW,VA_UTILITY,0,high,https://bitcoin.org/en/faq#what-is-bitcoin,2026-08-22,"Researcher verified 2026-10-07. Assumption: monetary transfer is recorded under VA_MONETARY and is not double-counted as a separate non-generic utility service.",Token is required to consume an identifiable non-generic service beyond transfer.
crypto_btc,BTC,2026-08-22,PoW,VA_INCENTIVE,0,high,https://bitcoin.org/en/faq#how-are-bitcoins-created,2026-08-22,"Researcher verified 2026-10-07. Assumption: consensus-security issuance is service compensation and not a separable liquidity, usage, development, or participation subsidy under VA_INCENTIVE.","A systematic program subsidizes liquidity, usage, development, or participation."
crypto_eth,ETH,2026-08-22,PoS,VA_MONETARY,1,high,https://ethereum.org/what-is-ether/,2026-07-21,"Researcher verified 2026-10-07. Assumption: monetary classification requires verified monetary design plus a complete 90-day activity window with median active addresses and transactions each at or above 10,000. ETH passes both components.","Material money, settlement, reserve, or store-of-value use supported by at least two behavioral tests."
crypto_eth,ETH,2026-08-22,PoS,VA_GAS,1,high,https://ethereum.org/developers/docs/gas/,2026-06-25,"Researcher verified 2026-10-07. Assumption: a native token required to pay protocol execution fees qualifies as gas. ETH must be used to purchase Ethereum gas.","Token is protocol-required for ordinary transaction, computation, storage, or blockspace fees."
crypto_eth,ETH,2026-08-22,PoS,VA_STAKE,1,high,https://ethereum.org/developers/docs/consensus-mechanisms/pos/gasper/,2026-04-29,"Researcher verified 2026-10-07. Assumption: the structural staking classification is separate from H4 time-series readiness. Validators deposit ETH and face penalties and slashing, so the function exists even though the historical effective-balance series remains incomplete.","Token is locked, delegated, or economically at risk to secure a network or protocol service."
crypto_eth,ETH,2026-08-22,PoS,VA_BURN,1,high,https://eips.ethereum.org/EIPS/eip-1559,2019-04-13,"Researcher verified 2026-10-07. Assumption: EIP-1559 base-fee destruction is a live rules-based and irreversible burn mechanism.",A live rules-based mechanism irreversibly destroys tokens.
crypto_eth,ETH,2026-08-22,PoS,VA_SCARCITY,0,high,https://ethereum.org/roadmap/merge/issuance/,2026-08-22,"Researcher verified 2026-10-07. Assumption: low or negative net issuance does not qualify as scarcity without a credible hard cap or deterministic terminal supply bound. ETH issuance and burn remain variable.",A credible hard cap or deterministic terminal bound exists and is exceptionally difficult to change.
crypto_eth,ETH,2026-08-22,PoS,VA_COLLATERAL,1,high,https://eth-mainnet.public.blastapi.io,2026-08-22,"Researcher verified 2026-10-07. Assumption: economically equivalent wrapped representations count as representation-mediated collateral use. WETH exceeded the materiality threshold and remained active and unpaused on Aave for the complete 90-day window.",Collateral TVL is at least 1% of market cap or $100m for at least 90 days.
crypto_eth,ETH,2026-08-22,PoS,VA_GOV,0,high,https://ethereum.org/governance/,2026-06-29,"Researcher verified 2026-10-07. Assumption: off-chain social and technical coordination is not token governance because ETH ownership provides no binding token-weighted proposal, voting, veto, treasury, or parameter right.","Holding or delegating provides live proposal, voting, veto, treasury, or parameter control."
crypto_eth,ETH,2026-08-22,PoS,VA_PROTOCOL,1,high,https://eips.ethereum.org/EIPS/eip-1559,2019-04-13,"Researcher verified 2026-10-07. Assumption: an automatic usage-linked burn qualifies as protocol capture because network activity reduces token supply and mechanically terminates value at the token even without a cash distribution.","A live mechanical route sends protocol revenue or surplus to the token or holders through distribution, buyback, burn, or an enforceable holder claim; governance over ecosystem spending alone does not qualify."
crypto_eth,ETH,2026-08-22,PoS,VA_UTILITY,1,high,https://ethereum.org/developers/docs/gas/,2026-06-25,"Researcher verified 2026-10-07. Assumption: VA_GAS records the mandatory payment mechanism while VA_UTILITY records the identifiable computation and state-execution service consumed; the two functions may coexist.",Token is required to consume an identifiable non-generic service beyond transfer.
crypto_eth,ETH,2026-08-22,PoS,VA_INCENTIVE,0,high,https://ethereum.org/roadmap/merge/issuance/,2026-08-22,"Researcher verified 2026-10-07. Assumption: validator issuance is consensus-security compensation and is not separately counted as a liquidity, usage, development, or participation subsidy.","A systematic program subsidizes liquidity, usage, development, or participation."
crypto_bnb,BNB,2026-08-22,PoS family,VA_MONETARY,1,high,https://www.bnbchain.org/en/blog/bnb-use-cases-defi-governance-beyond,2024-03-20,"Researcher verified 2026-10-07. Assumption: verified payment design plus a complete 90-day activity window with median active addresses and transactions each at or above 10,000 establishes monetary use. The Dune address methodology is accepted as sufficiently comparable because both measures exceed the thresholds by a wide margin.","Material money, settlement, reserve, or store-of-value use supported by at least two behavioral tests."
crypto_bnb,BNB,2026-08-22,PoS family,VA_GAS,1,high,https://docs.bnbchain.org/bc-fusion/validators/key-management/,2024-05-06,"Researcher verified 2026-10-07. Assumption: BNB qualifies because wallets must hold the native token to pay BNB Chain transaction gas fees.","Token is protocol-required for ordinary transaction, computation, storage, or blockspace fees."
crypto_bnb,BNB,2026-08-22,PoS family,VA_STAKE,1,high,https://docs.bnbchain.org/bnb-smart-chain/staking/overview/,2024-07-02,"Researcher verified 2026-10-07. Assumption: delegated BNB qualifies because it determines the validator set, secures the chain, and remains exposed to protocol slashing.","Token is locked, delegated, or economically at risk to secure a network or protocol service."
crypto_bnb,BNB,2026-08-22,PoS family,VA_BURN,1,high,https://www.bnbchain.org/en/blog/22nd-bnb-burn,2023-01-17,"Researcher verified 2026-10-07. Assumption: documented Auto-Burn and gas-fee burning are live rules-based mechanisms that irreversibly destroy BNB.",A live rules-based mechanism irreversibly destroys tokens.
crypto_bnb,BNB,2026-08-22,PoS family,VA_SCARCITY,0,high,https://www.bnbchain.org/en/blog/addressing-bnb-use-cases-total-supply-and-consumption,2025-02-06,"Researcher verified 2026-10-07. Assumption: an intended burn target of 100 million BNB is not a hard cap or deterministic terminal bound when governance can modify the burn mechanism.",A credible hard cap or deterministic terminal bound exists and is exceptionally difficult to change.
crypto_bnb,BNB,2026-08-22,PoS family,VA_COLLATERAL,1,high,https://github.com/venusprotocol/venus-protocol-documentation/blob/main/.gitbook/assets/swagger.json,2026-08-22,"Researcher verified 2026-10-07. Assumption: vBNB counts as representation-mediated BNB collateral. It passed the materiality screen and remained listed with an 80% Venus Core Pool collateral factor for the complete 90-day window.",Collateral TVL is at least 1% of market cap or $100m for at least 90 days.
crypto_bnb,BNB,2026-08-22,PoS family,VA_GOV,1,high,https://docs.bnbchain.org/bnb-smart-chain/governance/overview/,2024-07-02,"Researcher verified 2026-10-07. Assumption: governance rights obtained through staking or delegation qualify. Staked-BNB credit holders have live proposal, voting, delegation, quorum, timelock, and execution rights.","Holding or delegating provides live proposal, voting, veto, treasury, or parameter control."
crypto_bnb,BNB,2026-08-22,PoS family,VA_PROTOCOL,1,high,https://www.bnbchain.org/en/blog/introducing-bep-95-with-a-real-time-burning-mechanism,2021-10-22,"Researcher verified 2026-10-07. Assumption: BEP-95 gas-fee burning qualifies as protocol capture because network use mechanically reduces BNB supply. This decision relies on the usage-linked burn rather than Auto-Burn alone.","A live mechanical route sends protocol revenue or surplus to the token or holders through distribution, buyback, burn, or an enforceable holder claim; governance over ecosystem spending alone does not qualify."
crypto_bnb,BNB,2026-08-22,PoS family,VA_UTILITY,1,high,https://docs.bnbchain.org/bnb-greenfield/core-concept/accounts/,2026-08-22,"Researcher verified 2026-10-07. Assumption: VA_GAS records transaction execution while VA_UTILITY separately records required consumption of Greenfield storage and data-management services.",Token is required to consume an identifiable non-generic service beyond transfer.
crypto_bnb,BNB,2026-08-22,PoS family,VA_INCENTIVE,1,medium,https://docs.bnbchain.org/bnb-greenfield/core-concept/billing-payment/,2024-07-02,"Researcher verified 2026-10-07. Assumption adopted: an active protocol-funded program rewarding optional data-availability challenge participation qualifies as VA_INCENTIVE when it is separable from base consensus-security compensation. Greenfield's validator-tax pool meets this boundary.","A systematic program subsidizes liquidity, usage, development, or participation."
crypto_xrp,XRP,2026-08-22,federated consensus,VA_MONETARY,1,high,https://ripple.com/ripple-press/xrapid-brings-on-three-new-exchange-partners/,2018-08-17,"Researcher verified 2026-10-07. Assumption adopted: XRP's documented fiat-to-XRP-to-fiat bridge-currency and settlement role qualifies as monetary design. The complete 90-day window also passes the frozen activity thresholds with median 40,063 active addresses and 1,816,372 transactions.","Material money, settlement, reserve, or store-of-value use supported by at least two behavioral tests."
crypto_xrp,XRP,2026-08-22,federated consensus,VA_GAS,1,high,https://xrpl.org/docs/concepts/transactions/transaction-cost,2026-09-07,"Researcher verified 2026-10-07. Assumption: a mandatory native transaction cost qualifies as gas even when the cost is destroyed rather than transferred to a validator. The mechanism was active before the classification date; the source date records later retrieval.","Token is protocol-required for ordinary transaction, computation, storage, or blockspace fees."
crypto_xrp,XRP,2026-08-22,federated consensus,VA_STAKE,0,high,https://xrpl.org/docs/concepts/consensus-protocol,2026-09-07,"Researcher verified 2026-10-07. Assumption: reputation-based trusted validator selection is not staking because XRP is not bonded, delegated, locked, or slashable to secure consensus. The source date records later retrieval of an existing mechanism.","Token is locked, delegated, or economically at risk to secure a network or protocol service."
crypto_xrp,XRP,2026-08-22,federated consensus,VA_BURN,1,high,https://xrpl.org/docs/concepts/transactions/transaction-cost,2026-09-07,"Researcher verified 2026-10-07. Assumption: every applied transaction's irrevocably destroyed XRP cost is a live rules-based burn. The mechanism predates the classification date; the source date records retrieval.",A live rules-based mechanism irreversibly destroys tokens.
crypto_xrp,XRP,2026-08-22,federated consensus,VA_SCARCITY,1,high,https://xrpl.org/about/xrp,2026-09-07,"Researcher verified 2026-10-07. Assumption: creation of 100 billion XRP at genesis with no permitted new issuance establishes a deterministic terminal bound. Issuer concentration and escrow are treated as distribution risks rather than failures of the scarcity rule.",A credible hard cap or deterministic terminal bound exists and is exceptionally difficult to change.
crypto_xrp,XRP,2026-08-22,federated consensus,VA_COLLATERAL,0,medium,https://flare.network/news/enosys-loans-xrp-backed-stablecoin-flare,2025-09-19,"Researcher verified 2026-10-07. Assumption: collateral classification requires at least $100m or 1% of market capitalization sustained for 90 days, not mere eligibility. FXRP collateral products existed, but the repository's 90-day candidate balance averaged about $4.87m; Enosys launched with a $4m cap, and newer Morpho and Derive uses lacked 90 days by 2026-08-22. Representation-mediated use is allowed, but evidenced scale and persistence fail the frozen rule.",Collateral TVL is at least 1% of market cap or $100m for at least 90 days.
crypto_xrp,XRP,2026-08-22,federated consensus,VA_GOV,0,high,https://xrpl.org/docs/concepts/networks-and-servers/amendments,2026-09-14,"Researcher verified 2026-10-07. Assumption: trusted-validator amendment support is network coordination rather than token-holder governance because voting authority is not proportional to XRP holdings. The source date records later retrieval of an existing mechanism.","Holding or delegating provides live proposal, voting, veto, treasury, or parameter control."
crypto_xrp,XRP,2026-08-22,federated consensus,VA_PROTOCOL,1,high,https://xrpl.org/docs/concepts/transactions/transaction-cost,2026-09-07,"Researcher verified 2026-10-07. Assumption: transaction-cost destruction qualifies as protocol capture because network use mechanically reduces XRP supply and terminates value at the token, consistently with the accepted ETH and BNB burn rule.","A live mechanical route sends protocol revenue or surplus to the token or holders through distribution, buyback, burn, or an enforceable holder claim; governance over ecosystem spending alone does not qualify."
crypto_xrp,XRP,2026-08-22,federated consensus,VA_UTILITY,1,high,https://xrpl.org/docs/concepts/accounts/reserves,2026-09-14,"Researcher verified 2026-10-07. Assumption: XRP reserve requirements for ledger objects such as offers and trust lines provide access to identifiable ledger-state services beyond ordinary XRP transfer. Sponsorship changes the payer but does not eliminate the reserve requirement.",Token is required to consume an identifiable non-generic service beyond transfer.
crypto_xrp,XRP,2026-08-22,federated consensus,VA_INCENTIVE,1,medium,https://ripple.com/ripple-press/ripple-commits-1-billion-xrp-to-grants-program-accelerator-to-advance-xrp-ledger-development/,2022-03-17,"Researcher verified 2026-10-07. Assumption: issuer-funded programs qualify when they systematically subsidize ecosystem development or adoption; protocol-native funding is not required. Ripple's 1 billion XRP multi-year grants and accelerator commitment supports this subtype, while expired 2017 exchange campaigns are not used as current evidence. This is distinct from validator rewards, which XRPL does not pay.","A systematic program subsidizes liquidity, usage, development, or participation."
crypto_sol,SOL,2026-08-22,PoS family,VA_MONETARY,0,medium,https://solana.com/docs/payments/how-payments-work,2026-10-07,"Researcher verified 2026-10-07. Assumption adopted: transfer capability, ecosystem quote-currency use, and fee payment do not establish material general-purpose monetary use. Solana's documented payment architecture primarily uses stablecoins and permits fee abstraction, while the frozen 90-day SOL activity measures are unavailable. The human reviewer therefore rejects monetary classification rather than inferring it from generic network activity; the source was retrieved after the classification date and is used to document the design boundary.","Material money, settlement, reserve, or store-of-value use supported by at least two behavioral tests."
crypto_sol,SOL,2026-08-22,PoS family,VA_GAS,1,high,https://solana.com/docs/core/fees,2026-09-07,"Researcher verified 2026-10-07. Assumption: every Solana transaction's mandatory SOL-denominated base fee satisfies the protocol-required gas rule. The source date records later retrieval of an existing mechanism.","Token is protocol-required for ordinary transaction, computation, storage, or blockspace fees."
crypto_sol,SOL,2026-08-22,PoS family,VA_STAKE,1,high,https://solana.com/staking,2026-09-07,"Researcher verified 2026-10-07. Assumption: delegated SOL qualifies because stake weight secures validator block production and consensus voting. Ordinary staking rewards remain security compensation rather than a separate incentive classification.","Token is locked, delegated, or economically at risk to secure a network or protocol service."
crypto_sol,SOL,2026-08-22,PoS family,VA_BURN,1,high,https://solana.com/docs/core/fees/fee-structure,2026-09-07,"Researcher verified 2026-10-07. Assumption: protocol destruction of 50% of every base transaction fee is a live rules-based burn. The mechanism predates the classification date; the source date records retrieval.",A live rules-based mechanism irreversibly destroys tokens.
crypto_sol,SOL,2026-08-22,PoS family,VA_SCARCITY,0,high,https://solana.com/docs/economics/inflation,2026-09-07,"Researcher verified 2026-10-07. Assumption: issuance declining toward a perpetual 1.5% rate is not scarcity because SOL has no hard cap or deterministic terminal supply bound.",A credible hard cap or deterministic terminal bound exists and is exceptionally difficult to change.
crypto_sol,SOL,2026-08-22,PoS family,VA_COLLATERAL,1,high,https://gov.kamino.finance/t/kamino-lend-monthly-risk-insights-may-2026/880,2026-06-05,"Researcher verified 2026-10-07. Assumption: classification requires material and persistent collateral use rather than mere eligibility. Native SOL supplied on Kamino was $269.1m at May month-end, remained $212.9m at July month-end, and was $286.7m at August month-end; the corresponding daily category series covers the review window and remains above the frozen $100m threshold. Centralized borrowing venues are corroborating evidence but are not needed for the positive decision.",Collateral TVL is at least 1% of market cap or $100m for at least 90 days.
crypto_sol,SOL,2026-08-22,PoS family,VA_GOV,0,high,https://raw.githubusercontent.com/solana-foundation/solana-governance-proposals/main/README.md,2026-09-14,"Researcher verified 2026-10-07. Assumption: stake-weighted signaling does not qualify when it does not bind or execute protocol changes. Default authority remains with core-development and validator coordination rather than SOL-holder governance.","Holding or delegating provides live proposal, voting, veto, treasury, or parameter control."
crypto_sol,SOL,2026-08-22,PoS family,VA_PROTOCOL,1,high,https://solana.com/docs/core/fees/fee-structure,2026-09-07,"Researcher verified 2026-10-07. Assumption: the automatic usage-linked 50% base-fee burn qualifies as protocol capture because network activity mechanically reduces SOL supply and terminates value at the token.","A live mechanical route sends protocol revenue or surplus to the token or holders through distribution, buyback, burn, or an enforceable holder claim; governance over ecosystem spending alone does not qualify."
crypto_sol,SOL,2026-08-22,PoS family,VA_UTILITY,1,high,https://solana.com/docs/core/fees,2026-09-14,"Researcher verified 2026-10-07. Assumption: VA_GAS records the required SOL payment mechanism while VA_UTILITY separately records consumption of computation and state-execution services; both functions may coexist.",Token is required to consume an identifiable non-generic service beyond transfer.
crypto_sol,SOL,2026-08-22,PoS family,VA_INCENTIVE,1,medium,https://solana.com/uk/news/introducing-frontier-traders,2026-06-17,"Researcher verified 2026-10-07. Assumption adopted: an active systematic ecosystem program qualifies when it subsidizes Solana network activity even if every reward is not denominated in SOL. Frontier Traders offered network-wide volume rebates, trading campaigns, prize rewards, and subsidized priority infrastructure before the classification date. This is separate from validator staking rewards and is labeled ecosystem-funded activity subsidy.","A systematic program subsidizes liquidity, usage, development, or participation."
crypto_trx,TRX,2026-08-22,DPoS,VA_MONETARY,1,medium,https://developers.tron.network/docs/tron-economic-model,2026-10-07,"Researcher verified 2026-10-07. Assumption: the frozen rule combines verified monetary design with the complete 90-day activity screen. Official documentation identifies TRX as a unit of account across TRON DeFi and as transferable native value; the window passes with median 4,700,714 active addresses and 12,419,270 transactions. Caveat: these chain-wide activity measures include substantial stablecoin activity and are not interpreted as TRX payment volume by themselves.","Material money, settlement, reserve, or store-of-value use supported by at least two behavioral tests."
crypto_trx,TRX,2026-08-22,DPoS,VA_GAS,1,high,https://developers.tron.network/docs/tron-economic-model,2026-09-07,"Researcher verified 2026-10-07. Assumption: free or staked resource allowances do not negate gas classification because the protocol requires Bandwidth and Energy and automatically burns TRX at governed rates when those allowances are insufficient.","Token is protocol-required for ordinary transaction, computation, storage, or blockspace fees."
crypto_trx,TRX,2026-08-22,DPoS,VA_STAKE,1,high,https://developers.tron.network/docs/tron-economic-model,2026-09-07,"Researcher verified 2026-10-07. Assumption: staking TRX for Bandwidth or Energy also produces voting power used to elect block-producing Super Representatives, so the locked token participates in network security rather than representing passive yield alone.","Token is locked, delegated, or economically at risk to secure a network or protocol service."
crypto_trx,TRX,2026-08-22,DPoS,VA_BURN,1,high,https://developers.tron.network/docs/tron-economic-model,2026-09-07,"Researcher verified 2026-10-07. Assumption: the protocol's automatic destruction of TRX when resource allowances are insufficient is a live rules-based burn even though not every transaction burns TRX.",A live rules-based mechanism irreversibly destroys tokens.
crypto_trx,TRX,2026-08-22,DPoS,VA_SCARCITY,0,high,https://developers.tron.network/docs/tron-economic-model,2026-09-07,"Researcher verified 2026-10-07. Assumption: observed net deflation does not establish scarcity. TRX has continuing block and voter issuance, offsetting fee burns, and no hard cap or deterministic terminal supply bound.",A credible hard cap or deterministic terminal bound exists and is exceptionally difficult to change.
crypto_trx,TRX,2026-08-22,DPoS,VA_COLLATERAL,0,medium,https://docs.justlend.org/developers/apis/,2026-07-15,"Researcher decision recorded 2026-10-07. Assumption adopted: the classification is binary at the stated date. JustLend verifies that TRX was eligible collateral with a 75% collateral factor and one July 15 snapshot implies about 2.24 billion TRX supplied (approximately $732m), but the repository contains zero TRX-specific daily collateral observations for the required 2026-05-25 through 2026-08-22 window. Because the evidence does not demonstrate at least $100m or 1% of market capitalization for all 90 days, TRX fails the systematic persistence rule and is classified 0. This means not verified under the rule; it does not mean that TRX had no collateral use.",Collateral TVL is at least 1% of market cap or $100m for at least 90 days.
crypto_trx,TRX,2026-08-22,DPoS,VA_GOV,1,high,https://developers.tron.network/docs/committee,2026-09-14,"Researcher verified 2026-10-07. Assumption: delegated governance qualifies because staked TRX elects Super Representatives and the elected representatives approve binding network-parameter proposals implemented by the protocol.","Holding or delegating provides live proposal, voting, veto, treasury, or parameter control."
crypto_trx,TRX,2026-08-22,DPoS,VA_PROTOCOL,1,high,https://developers.tron.network/docs/tron-economic-model,2026-09-07,"Researcher verified 2026-10-07. Assumption: usage-linked fee burning is a mechanical capture route because it permanently reduces TRX supply. Block and voter rewards remain excluded as consensus compensation and do not support this decision.","A live mechanical route sends protocol revenue or surplus to the token or holders through distribution, buyback, burn, or an enforceable holder claim; governance over ecosystem spending alone does not qualify."
crypto_trx,TRX,2026-08-22,DPoS,VA_UTILITY,1,high,https://developers.tron.network/docs/resource-model,2026-09-14,"Researcher verified 2026-10-07. Assumption: staking TRX grants Bandwidth and Energy entitlements used to consume transaction and smart-contract execution services. This service right is recorded separately from VA_GAS's payment mechanism.",Token is required to consume an identifiable non-generic service beyond transfer.
crypto_trx,TRX,2026-08-22,DPoS,VA_INCENTIVE,1,medium,https://docs.justlend.org/developers/apis/,2026-07-15,"Researcher verified 2026-10-07. Assumption adopted consistently with SOL: an active ecosystem program can qualify even when rewards are not denominated in the native token if it systematically subsidizes activity on that network. JustLend documented time-bounded USDD supply-mining phases active during the review period. Resource staking and Super Representative or voter rewards are excluded to avoid double-counting utility or consensus compensation.","A systematic program subsidizes liquidity, usage, development, or participation."
crypto_hype,HYPE,2026-08-22,PoS family,VA_MONETARY,0,medium,https://hyperliquid.gitbook.io/hyperliquid-docs/about-hyperliquid/hyperliquid-101-for-non-crypto-audiences,2026-09-14,"Researcher verified 2026-10-07. Assumption adopted: the classification is binary at the stated date. Official documentation establishes gas, staking, trading-fee and capture functions rather than general payment, settlement, reserve or unit-of-account use, while the preregistered 90-day panel contains zero HYPE active-address and transaction-count observations. Failure to establish both qualifying monetary design and the required activity evidence is classified 0; this does not mean HYPE cannot be transferred as value.","Material money, settlement, reserve, or store-of-value use supported by at least two behavioral tests."
crypto_hype,HYPE,2026-08-22,PoS family,VA_GAS,1,high,https://hyperliquid.gitbook.io/hyperliquid-docs/for-developers/hyperevm,2026-09-14,"Researcher verified 2026-10-07. Assumption: HyperCore's gas-free trading operations do not negate the live HyperEVM function, where HYPE is the required native execution-gas token.","Token is protocol-required for ordinary transaction, computation, storage, or blockspace fees."
crypto_hype,HYPE,2026-08-22,PoS family,VA_STAKE,1,high,https://hyperliquid.gitbook.io/hyperliquid-docs/hypercore/staking,2026-09-14,"Researcher verified 2026-10-07. Assumption: delegated HYPE qualifies because stake determines the active validator set and consensus weight, self-delegation is locked, delegations face withdrawal delays, and validator jailing removes rewards. Automatic principal slashing is not required and is not claimed.","Token is locked, delegated, or economically at risk to secure a network or protocol service."
crypto_hype,HYPE,2026-08-22,PoS family,VA_BURN,1,high,https://hyperliquid.gitbook.io/hyperliquid-docs/for-developers/hyperevm,2026-09-14,"Researcher verified 2026-10-07. Assumption: HyperEVM base fees removed from total EVM supply and priority fees sent to the zero address constitute a live rules-based burn.",A live rules-based mechanism irreversibly destroys tokens.
crypto_hype,HYPE,2026-08-22,PoS family,VA_SCARCITY,1,medium,https://hyperliquid.gitbook.io/hyperliquid-docs/hyperliquid-improvement-proposals-hips/hip-1-native-token-standard,2026-09-14,"Researcher verified 2026-10-07. Assumption: the recorded one-billion maximum HYPE supply is a credible capped genesis supply. Undistributed tokens and staking rewards drawn from the existing future-emissions reserve do not represent unbounded issuance; supply may decrease through burns.",A credible hard cap or deterministic terminal bound exists and is exceptionally difficult to change.
crypto_hype,HYPE,2026-08-22,PoS family,VA_COLLATERAL,0,medium,https://hyperliquid.gitbook.io/hyperliquid-docs/trading/portfolio-margin,2026-09-14,"Researcher verified 2026-10-07. Assumption adopted: the classification is binary at the stated date. Portfolio-margin pre-alpha accepts HYPE collateral against USDC with a 0.5 LTV, but the repository contains zero HYPE collateral-balance observations for the required 90-day window and therefore does not establish at least $100m or 1% of market capitalization for 90 days. Failure of the persistence rule is classified 0; this does not mean HYPE has no collateral use.",Collateral TVL is at least 1% of market cap or $100m for at least 90 days.
crypto_hype,HYPE,2026-08-22,PoS family,VA_GOV,1,medium,https://hyperliquid.gitbook.io/hyperliquid-docs/trading/delisting,2026-09-14,"Researcher verified 2026-10-07. Assumption: delegated governance qualifies because HYPE stake determines validator membership and weight, while validators make binding delisting and peer-jailing decisions. This does not imply that every holder votes directly on every protocol parameter.","Holding or delegating provides live proposal, voting, veto, treasury, or parameter control."
crypto_hype,HYPE,2026-08-22,PoS family,VA_PROTOCOL,1,high,https://hyperliquid.gitbook.io/hyperliquid-docs/trading/fees,2026-09-14,"Researcher verified 2026-10-07. Assumption: the Assistance Fund's automatic conversion of trading fees into HYPE followed by permanent HYPE burning is a live mechanical buyback-and-burn capture route.","A live mechanical route sends protocol revenue or surplus to the token or holders through distribution, buyback, burn, or an enforceable holder claim; governance over ecosystem spending alone does not qualify."
crypto_hype,HYPE,2026-08-22,PoS family,VA_UTILITY,1,high,https://hyperliquid.gitbook.io/hyperliquid-docs/trading/fees,2026-09-14,"Researcher verified 2026-10-07. Assumption: HYPE provides identifiable non-generic services through HyperEVM computation and published staking-based trading-fee discounts. Utility and gas may coexist because they measure the service consumed and its payment mechanism separately.",Token is required to consume an identifiable non-generic service beyond transfer.
crypto_hype,HYPE,2026-08-22,PoS family,VA_INCENTIVE,1,medium,https://hyperliquid.gitbook.io/hyperliquid-docs/referrals,2026-09-14,"Researcher verified 2026-10-07. Assumption adopted consistently with SOL and TRX: a live ecosystem program qualifies even when it does not distribute newly issued HYPE. The referral program gives eligible users a 4% fee discount and referrers 10% of referred-user fees, while maker rebates subsidize liquidity. Consensus staking rewards and the unimplemented staking-referral proposal are excluded.","A systematic program subsidizes liquidity, usage, development, or participation."
crypto_doge,DOGE,2026-08-22,PoW,VA_MONETARY,,,,,,"Material money, settlement, reserve, or store-of-value use supported by at least two behavioral tests."
crypto_doge,DOGE,2026-08-22,PoW,VA_GAS,,,,,,"Token is protocol-required for ordinary transaction, computation, storage, or blockspace fees."
crypto_doge,DOGE,2026-08-22,PoW,VA_STAKE,,,,,,"Token is locked, delegated, or economically at risk to secure a network or protocol service."
crypto_doge,DOGE,2026-08-22,PoW,VA_BURN,,,,,,A live rules-based mechanism irreversibly destroys tokens.
crypto_doge,DOGE,2026-08-22,PoW,VA_SCARCITY,,,,,,A credible hard cap or deterministic terminal bound exists and is exceptionally difficult to change.
crypto_doge,DOGE,2026-08-22,PoW,VA_COLLATERAL,,,,,,Collateral TVL is at least 1% of market cap or $100m for at least 90 days.
crypto_doge,DOGE,2026-08-22,PoW,VA_GOV,,,,,,"Holding or delegating provides live proposal, voting, veto, treasury, or parameter control."
crypto_doge,DOGE,2026-08-22,PoW,VA_PROTOCOL,,,,,,"A live mechanical route sends protocol revenue or surplus to the token or holders through distribution, buyback, burn, or an enforceable holder claim; governance over ecosystem spending alone does not qualify."
crypto_doge,DOGE,2026-08-22,PoW,VA_UTILITY,,,,,,Token is required to consume an identifiable non-generic service beyond transfer.
crypto_doge,DOGE,2026-08-22,PoW,VA_INCENTIVE,,,,,,"A systematic program subsidizes liquidity, usage, development, or participation."
crypto_zec,ZEC,2026-08-22,PoW,VA_MONETARY,0,high,https://z.cash/learn/what-is-zcash/,2026-10-07,"Human verified 2026-10-07. ZEC has an explicit private-money design, but the complete 90-day Coin Metrics window produced median active addresses of 4071.5 and median transactions of 3547, both below the frozen 10000 thresholds. Under the adopted binary convention, failing the complete systematic rule is recorded as 0; this does not deny ZEC's intended monetary design.","Material money, settlement, reserve, or store-of-value use supported by at least two behavioral tests."
crypto_zec,ZEC,2026-08-22,PoW,VA_GAS,0,high,https://z.cash/technology/,2026-10-07,"Human verified 2026-10-07. Apply the BTC fee boundary consistently: zero-fee transactions can be consensus-valid and relay or miner fee policy is not a protocol-required token payment. A recommended or practically useful fee therefore does not qualify as VA_GAS.","Token is protocol-required for ordinary transaction, computation, storage, or blockspace fees."
crypto_zec,ZEC,2026-08-22,PoW,VA_STAKE,0,high,https://z.cash/technology/,2026-10-07,"Human verified 2026-10-07. The active network uses Equihash proof-of-work; ZEC is not locked, delegated, or economically at risk in the current consensus mechanism. Proposed future mechanisms are excluded.","Token is locked, delegated, or economically at risk to secure a network or protocol service."
crypto_zec,ZEC,2026-08-22,PoW,VA_BURN,0,high,https://zips.z.cash/zip-1014,2026-10-07,"Human verified 2026-10-07. Reviewed consensus funding rules route newly issued subsidy to recipients rather than destroying ZEC. Voluntary loss or discretionary destruction does not establish a live rules-based burn.",A live rules-based mechanism irreversibly destroys tokens.
crypto_zec,ZEC,2026-08-22,PoW,VA_SCARCITY,1,high,https://z.cash/technology/,2026-10-07,"Human verified 2026-10-07. Zcash documents a consensus-level terminal supply of 21 million ZEC. The classification assumes this deterministic bound satisfies the project's exceptional-change credibility requirement.",A credible hard cap or deterministic terminal bound exists and is exceptionally difficult to change.
crypto_zec,ZEC,2026-08-22,PoW,VA_COLLATERAL,0,medium,https://docs.llama.fi/,2026-10-07,"Human verified 2026-10-07. The selected protocol screen found no matching ZEC collateral observations and no verified 90-day balance series meeting either $100 million or 1% of market capitalization. Under the adopted binary convention this is 0, meaning material persistent collateral use was not verified—not that ZEC can never be pledged or wrapped.",Collateral TVL is at least 1% of market cap or $100m for at least 90 days.
crypto_zec,ZEC,2026-08-22,PoW,VA_GOV,1,medium,https://forum.zcashcommunity.com/t/30-day-review-period-coinholder-directed-retroactive-grants-program-q3/57056,2026-10-07,"Human verified 2026-10-07. Coinholders exercise constrained decision rights over actual grant allocations. This qualifies as treasury governance only; it does not imply direct protocol-upgrade authority or holder revenue capture. Exceptional administrator or key-holder vetoes remain a limitation.","Holding or delegating provides live proposal, voting, veto, treasury, or parameter control."
crypto_zec,ZEC,2026-08-22,PoW,VA_PROTOCOL,0,high,https://zips.z.cash/zip-1014,2026-10-07,"Human verified 2026-10-07. Development funding routes newly issued subsidy to organizations and builders. Because value does not mechanically terminate at ZEC or ZEC holders through distribution, buyback, burn, or an enforceable claim, ecosystem funding is governance/development support rather than protocol capture.","A live mechanical route sends protocol revenue or surplus to the token or holders through distribution, buyback, burn, or an enforceable holder claim; governance over ecosystem spending alone does not qualify."
crypto_zec,ZEC,2026-08-22,PoW,VA_UTILITY,0,medium,https://z.cash/learn/what-is-zcash/,2026-10-07,"Human verified 2026-10-07. Shielded privacy is treated as a feature of monetary transfer rather than a separately consumed non-generic service. This applies the BTC-style separation between monetary use and utility; a broader privacy-as-service definition would change this boundary.",Token is required to consume an identifiable non-generic service beyond transfer.
crypto_zec,ZEC,2026-08-22,PoW,VA_INCENTIVE,1,medium,https://forum.zcashcommunity.com/t/gleyo-post-hackathon-update/56723,2026-10-07,"Human verified 2026-10-07. By the classification date, Gleyo was live on Zcash mainnet with participants completing quests, earning shielded ZEC rewards, and withdrawing them. Under the ecosystem-incentive convention used for SOL, TRX, and HYPE, a live systematic participation reward qualifies even though it is not consensus issuance; ordinary miner rewards and discretionary grants remain excluded.","A systematic program subsidizes liquidity, usage, development, or participation."
crypto_link,LINK,2026-08-22,service staking,VA_MONETARY,0,high,https://chain.link/economics,2026-10-07,"Human verified 2026-10-07. Official economics defines LINK as a service-payment and staking token rather than money, settlement, reserve, or store of value. The complete 90-day window also had median active addresses of 3599 and median transactions of 6242, both below the frozen 10000 thresholds.","Material money, settlement, reserve, or store-of-value use supported by at least two behavioral tests."
crypto_link,LINK,2026-08-22,service staking,VA_GAS,0,high,https://docs.chain.link/resources/link-token-contracts,2026-10-07,"Human verified 2026-10-07. LINK pays for Chainlink services but does not pay execution gas on host chains; gas is paid in each host chain's native asset. Service payment is evaluated under VA_UTILITY rather than VA_GAS.","Token is protocol-required for ordinary transaction, computation, storage, or blockspace fees."
crypto_link,LINK,2026-08-22,service staking,VA_STAKE,1,high,https://chain.link/economics/staking,2026-10-07,"Human verified 2026-10-07. Live Chainlink staking locks LINK to support oracle-service security and exposes stake to predefined slashing conditions. Service-security staking qualifies even though LINK does not secure a base blockchain.","Token is locked, delegated, or economically at risk to secure a network or protocol service."
crypto_link,LINK,2026-08-22,service staking,VA_BURN,0,high,https://chain.link/economics,2026-10-07,"Human verified 2026-10-07. The documented live economics include staking, Payment Abstraction, the Reserve, and service-provider payments but no rules-based irreversible LINK destruction mechanism.",A live rules-based mechanism irreversibly destroys tokens.
crypto_link,LINK,2026-08-22,service staking,VA_SCARCITY,1,high,https://chain.link/economics,2026-10-07,"Human verified 2026-10-07. Total supply is capped at 1000000000 LINK, created at genesis, with no protocol-level minting. This satisfies the deterministic terminal-bound rule.",A credible hard cap or deterministic terminal bound exists and is exceptionally difficult to change.
crypto_link,LINK,2026-08-22,service staking,VA_COLLATERAL,0,high,https://eth-mainnet.public.blastapi.io,2026-10-07,"Human verified 2026-10-07. LINK supplied balances exceeded 1% of market capitalization, but 90 immutable daily Aave Pool configuration reads showed LTV=0 on every date. Material balance cannot substitute for collateral eligibility; therefore the complete rule fails and is recorded as 0.",Collateral TVL is at least 1% of market cap or $100m for at least 90 days.
crypto_link,LINK,2026-08-22,service staking,VA_GOV,0,medium,https://docs.chain.link/resources/link-token-contracts,2026-10-07,"Human verified 2026-10-07. Reviewed token and economics documentation provides payment and staking rights but no binding LINK-holder proposal, voting, veto, treasury, or upgrade authority. Under the adopted binary convention, failure to establish a qualifying holder right is recorded as 0; operator administration is not token governance.","Holding or delegating provides live proposal, voting, veto, treasury, or parameter control."
crypto_link,LINK,2026-08-22,service staking,VA_PROTOCOL,1,medium,https://chain.link/blog/chainlink-reserve-strategic-link-reserve,2026-10-07,"Human verified 2026-10-07. Live Payment Abstraction programmatically converts enterprise and onchain service revenue into LINK and deposits it into the strategic Reserve. The project treats this revenue-funded market purchase as a qualifying buyback route even though acquired LINK is retained rather than burned or distributed to holders.","A live mechanical route sends protocol revenue or surplus to the token or holders through distribution, buyback, burn, or an enforceable holder claim; governance over ecosystem spending alone does not qualify."
crypto_link,LINK,2026-08-22,service staking,VA_UTILITY,1,medium,https://docs.chain.link/vrf/v2-5/billing,2026-10-07,"Human verified 2026-10-07. LINK pays for identifiable oracle services and receives preferential VRF pricing. The adopted rule treats materially privileged service payment as qualifying utility even when an alternative payment asset is available; mere tradability is not the basis.",Token is required to consume an identifiable non-generic service beyond transfer.
crypto_link,LINK,2026-08-22,service staking,VA_INCENTIVE,1,medium,https://chain.link/economics/staking,2026-10-07,"Human verified 2026-10-07. LINK staking rewards systematically subsidize participation in oracle-service security. This is treated as a separable application-service incentive rather than excluded base-chain consensus issuance; no user-fee pass-through beyond documented rules is assumed.","A systematic program subsidizes liquidity, usage, development, or participation."
crypto_ada,ADA,2026-08-22,PoS,VA_MONETARY,1,high,https://docs.cardano.org/about-cardano/new-to-cardano/what-is-a-cryptocurrency,2026-10-08,"Human verified 2026-10-08. Official documentation defines ADA as Cardano's principal currency and main payment unit. The complete 90-day window had median active addresses of 14531 and median transactions of 22165, both above the frozen 10000 thresholds.","Material money, settlement, reserve, or store-of-value use supported by at least two behavioral tests."
crypto_ada,ADA,2026-08-22,PoS,VA_GAS,1,high,https://docs.cardano.org/about-cardano/explore-more/fee-structure,2026-10-08,"Human verified 2026-10-08. Every valid Cardano transaction requires an ADA-denominated minimum fee computed from protocol parameters; no alternative fee asset satisfies this obligation. Gas and utility may coexist because this code captures mandatory fee payment.","Token is protocol-required for ordinary transaction, computation, storage, or blockspace fees."
crypto_ada,ADA,2026-08-22,PoS,VA_STAKE,1,high,https://developers.cardano.org/docs/developers/curriculum/staking-governance/staking/,2026-10-08,"Human verified 2026-10-08. ADA is delegated to stake pools under Ouroboros and delegated stake determines block-production participation, so ADA secures consensus. Ordinary consensus rewards are not separately treated as protocol capture.","Token is locked, delegated, or economically at risk to secure a network or protocol service."
crypto_ada,ADA,2026-08-22,PoS,VA_BURN,0,high,https://docs.cardano.org/about-cardano/explore-more/fee-structure,2026-10-08,"Human verified 2026-10-08. Transaction fees flow into the rewards and treasury system rather than being irreversibly destroyed. No live rules-based ADA burn was evidenced.",A live rules-based mechanism irreversibly destroys tokens.
crypto_ada,ADA,2026-08-22,PoS,VA_SCARCITY,1,high,https://raw.githubusercontent.com/IntersectMBO/cardano-node/master/configuration/cardano/mainnet-shelley-genesis.json,2026-10-08,"Human verified 2026-10-08. The mainnet genesis configuration fixes maxLovelaceSupply at 45000000000000000 lovelace, equivalent to 45 billion ADA. Changing this consensus-level terminal bound requires exceptional protocol change.",A credible hard cap or deterministic terminal bound exists and is exceptionally difficult to change.
crypto_ada,ADA,2026-08-22,PoS,VA_COLLATERAL,0,high,https://api.venus.io/markets?chainId=56&limit=100&page=0,2026-10-08,"Human verified 2026-10-08. The 90-day candidate balance ranged from about $0.71m to $2.58m and never met $100m or 1% of market capitalization. The observed Venus market was also not collateral-enabled. Failure of the materiality rule is recorded as 0, not as a claim that ADA can never be pledged.",Collateral TVL is at least 1% of market cap or $100m for at least 90 days.
crypto_ada,ADA,2026-08-22,PoS,VA_GOV,1,high,https://docs.cardano.org/about-cardano/governance-overview,2026-10-08,"Human verified 2026-10-08. ADA ownership supplies binding voting weight directly or through DReps for ratifying governance actions. This is holder governance and is distinct from validator consensus.","Holding or delegating provides live proposal, voting, veto, treasury, or parameter control."
crypto_ada,ADA,2026-08-22,PoS,VA_PROTOCOL,0,high,https://cips.cardano.org/cip/CIP-1694,2026-10-08,"Human verified 2026-10-08. Treasury funds finance third-party builders and ecosystem infrastructure rather than terminating at ADA or ADA holders through distribution, buyback, burn, or an enforceable claim. Indirect network benefits are deliberately excluded from the strict capture definition.","A live mechanical route sends protocol revenue or surplus to the token or holders through distribution, buyback, burn, or an enforceable holder claim; governance over ecosystem spending alone does not qualify."
crypto_ada,ADA,2026-08-22,PoS,VA_UTILITY,1,high,https://docs.cardano.org/developer-resources/smart-contracts/plutus,2026-10-08,"Human verified 2026-10-08. ADA is required for transaction fees, deposits, and consumption of Plutus computation and ledger storage. Gas records the mandatory payment mechanism; utility records the identifiable computation and ledger services consumed.",Token is required to consume an identifiable non-generic service beyond transfer.
crypto_ada,ADA,2026-08-22,PoS,VA_INCENTIVE,1,medium,https://docs.projectcatalyst.io/open-funding/funding-basics/proof-of-adoption-and-standard,2026-10-08,"Human verified 2026-10-08. The 2026 Catalyst Pilot specifies staged ADA development funding, performance-linked adoption payments, persistence payments, and bonuses under published usage rules. These objective programmatic rewards qualify as a development/adoption subsidy; discretionary grants and ordinary staking rewards alone would not.","A systematic program subsidizes liquidity, usage, development, or participation."
crypto_xmr,XMR,2026-08-22,PoW,VA_MONETARY,,,,,,"Material money, settlement, reserve, or store-of-value use supported by at least two behavioral tests."
crypto_xmr,XMR,2026-08-22,PoW,VA_GAS,,,,,,"Token is protocol-required for ordinary transaction, computation, storage, or blockspace fees."
crypto_xmr,XMR,2026-08-22,PoW,VA_STAKE,,,,,,"Token is locked, delegated, or economically at risk to secure a network or protocol service."
crypto_xmr,XMR,2026-08-22,PoW,VA_BURN,,,,,,A live rules-based mechanism irreversibly destroys tokens.
crypto_xmr,XMR,2026-08-22,PoW,VA_SCARCITY,,,,,,A credible hard cap or deterministic terminal bound exists and is exceptionally difficult to change.
crypto_xmr,XMR,2026-08-22,PoW,VA_COLLATERAL,,,,,,Collateral TVL is at least 1% of market cap or $100m for at least 90 days.
crypto_xmr,XMR,2026-08-22,PoW,VA_GOV,,,,,,"Holding or delegating provides live proposal, voting, veto, treasury, or parameter control."
crypto_xmr,XMR,2026-08-22,PoW,VA_PROTOCOL,,,,,,"A live mechanical route sends protocol revenue or surplus to the token or holders through distribution, buyback, burn, or an enforceable holder claim; governance over ecosystem spending alone does not qualify."
crypto_xmr,XMR,2026-08-22,PoW,VA_UTILITY,,,,,,Token is required to consume an identifiable non-generic service beyond transfer.
crypto_xmr,XMR,2026-08-22,PoW,VA_INCENTIVE,,,,,,"A systematic program subsidizes liquidity, usage, development, or participation."
crypto_xlm,XLM,2026-08-22,federated consensus,VA_MONETARY,1,high,https://developers.stellar.org/docs/learn/fundamentals/lumens,2026-10-08,"Human verified 2026-10-08. Stellar documentation identifies XLM as the network's native currency and describes its payment and settlement role. The complete 90-day window had median active addresses of 120517.5 and median transactions of 3919455.5, both above the frozen 10000 thresholds.","Material money, settlement, reserve, or store-of-value use supported by at least two behavioral tests."
crypto_xlm,XLM,2026-08-22,federated consensus,VA_GAS,1,high,https://developers.stellar.org/docs/learn/fundamentals/fees-resource-limits-metering,2026-10-08,"Human verified 2026-10-08. Every Stellar transaction must pay the protocol-required base fee in stroops denominated in XLM. Gas records the mandatory payment mechanism and may coexist with utility.","Token is protocol-required for ordinary transaction, computation, storage, or blockspace fees."
crypto_xlm,XLM,2026-08-22,federated consensus,VA_STAKE,0,high,https://developers.stellar.org/docs/learn/fundamentals/stellar-consensus-protocol,2026-10-08,"Human verified 2026-10-08. Stellar Consensus Protocol relies on validator quorum sets rather than XLM bonding, delegation, slashing, or economic stake. Validator participation alone does not satisfy the staking rule.","Token is locked, delegated, or economically at risk to secure a network or protocol service."
crypto_xlm,XLM,2026-08-22,federated consensus,VA_BURN,0,high,https://developers.stellar.org/docs/learn/fundamentals/fees-resource-limits-metering,2026-10-08,"Human verified 2026-10-08. Transaction fees are moved to a locked network account and are not reused, but the strict rule requires evidenced irreversible token destruction. Sequestration is therefore not classified as burn.",A live rules-based mechanism irreversibly destroys tokens.
crypto_xlm,XLM,2026-08-22,federated consensus,VA_SCARCITY,1,high,https://developers.stellar.org/docs/learn/fundamentals/lumens,2026-10-08,"Human verified 2026-10-08. All XLM was created at network launch and the former annual inflation mechanism was discontinued in 2019, leaving a deterministic bounded supply absent exceptional protocol change.",A credible hard cap or deterministic terminal bound exists and is exceptionally difficult to change.
crypto_xlm,XLM,2026-08-22,federated consensus,VA_COLLATERAL,0,medium,https://developers.stellar.org/docs/learn/fundamentals/lumens,2026-10-08,"Human verified 2026-10-08. The selected collateral sources produced zero observed proxy days, so no eligible XLM collateral balance was shown to exceed $100m or 1% of market capitalization for 90 days. Under the binary convention this is 0, meaning not verified under the systematic materiality rule rather than never accepted as collateral.",Collateral TVL is at least 1% of market cap or $100m for at least 90 days.
crypto_xlm,XLM,2026-08-22,federated consensus,VA_GOV,0,high,https://developers.stellar.org/docs/learn/fundamentals/stellar-consensus-protocol,2026-10-08,"Human verified 2026-10-08. Validator quorum selection is a consensus architecture and does not grant XLM holders binding proposal, voting, veto, treasury, or parameter rights merely because they hold the token.","Holding or delegating provides live proposal, voting, veto, treasury, or parameter control."
crypto_xlm,XLM,2026-08-22,federated consensus,VA_PROTOCOL,0,high,https://developers.stellar.org/docs/learn/fundamentals/fees-resource-limits-metering,2026-10-08,"Human verified 2026-10-08. Locked fee balances are not distributed, bought back, burned under the strict destruction rule, or made subject to an enforceable XLM-holder claim. No live mechanical holder capture route was evidenced.","A live mechanical route sends protocol revenue or surplus to the token or holders through distribution, buyback, burn, or an enforceable holder claim; governance over ecosystem spending alone does not qualify."
crypto_xlm,XLM,2026-08-22,federated consensus,VA_UTILITY,1,high,https://developers.stellar.org/docs/learn/fundamentals/fees-resource-limits-metering,2026-10-08,"Human verified 2026-10-08. XLM pays for identifiable network services including Soroban computation and ledger storage. Utility records the service consumed while gas separately records the mandatory fee asset.",Token is required to consume an identifiable non-generic service beyond transfer.
crypto_xlm,XLM,2026-08-22,federated consensus,VA_INCENTIVE,1,medium,https://stellar.org/blog/ecosystem/introducing-the-stellar-ambassador-program,2026-10-08,"Human verified 2026-10-08. The live Stellar Ambassador Program provides structured milestone-based incentives and Instawards, with a progression route to larger XLM-denominated community-fund awards. These systematic development and adoption subsidies qualify; ordinary validator compensation and isolated discretionary grants alone would not.","A systematic program subsidizes liquidity, usage, development, or participation."
crypto_bch,BCH,2026-08-22,PoW,VA_MONETARY,1,high,https://bitcoincash.org/,2026-10-08,"Human verified 2026-10-08. Bitcoin Cash is explicitly designed as peer-to-peer electronic cash. The complete 90-day window had median active addresses of 21120 and median transactions of 11630.5, both above the frozen 10000 thresholds.","Material money, settlement, reserve, or store-of-value use supported by at least two behavioral tests."
crypto_bch,BCH,2026-08-22,PoW,VA_GAS,0,high,https://documentation.cash/protocol/blockchain/transaction-validation/network-level-validation-rules.html,2026-10-08,"Human verified 2026-10-08. Zero-fee transactions can remain consensus-valid and minimum relay fees are node policy rather than a protocol-required fee for validity. The BTC precedent is applied consistently to BCH.","Token is protocol-required for ordinary transaction, computation, storage, or blockspace fees."
crypto_bch,BCH,2026-08-22,PoW,VA_STAKE,0,high,https://documentation.cash/protocol/overview.html,2026-10-08,"Human verified 2026-10-08. Bitcoin Cash uses SHA-256 proof of work and does not require BCH bonding, delegation, or slashing to secure consensus.","Token is locked, delegated, or economically at risk to secure a network or protocol service."
crypto_bch,BCH,2026-08-22,PoW,VA_BURN,0,high,https://documentation.cash/protocol/blockchain/block.html,2026-10-08,"Human verified 2026-10-08. Transaction fees and block subsidy are available to the miner through the coinbase transaction rather than irreversibly destroying BCH. No separate live rules-based BCH burn was evidenced.",A live rules-based mechanism irreversibly destroys tokens.
crypto_bch,BCH,2026-08-22,PoW,VA_SCARCITY,1,high,https://documentation.cash/protocol/blockchain/block.html,2026-10-08,"Human verified 2026-10-08. The protocol's block subsidy halves every 210000 blocks and establishes the inherited 21 million BCH terminal supply, changeable only through exceptional consensus modification.",A credible hard cap or deterministic terminal bound exists and is exceptionally difficult to change.
crypto_bch,BCH,2026-08-22,PoW,VA_COLLATERAL,0,medium,https://documentation.cash/protocol/overview.html,2026-10-08,"Human verified 2026-10-08. The selected collateral sources produced zero observed proxy days, so no eligible BCH collateral balance was shown to exceed $100m or 1% of market capitalization for 90 days. Under the binary convention this is 0, meaning not verified under the systematic materiality rule rather than never accepted as collateral.",Collateral TVL is at least 1% of market cap or $100m for at least 90 days.
crypto_bch,BCH,2026-08-22,PoW,VA_GOV,0,high,https://github.com/bitjson/bch-p2s/blob/master/stakeholders.md,2026-10-08,"Human verified 2026-10-08. Protocol changes are coordinated among independent ecosystem participants. BCH ownership does not itself grant binding proposal, voting, veto, treasury, or parameter rights.","Holding or delegating provides live proposal, voting, veto, treasury, or parameter control."
crypto_bch,BCH,2026-08-22,PoW,VA_PROTOCOL,0,high,https://documentation.cash/protocol/blockchain/block.html,2026-10-08,"Human verified 2026-10-08. Block subsidy and transaction fees compensate miners for block production and security. They are not distributed, bought back, burned, or made subject to an enforceable claim for BCH holders.","A live mechanical route sends protocol revenue or surplus to the token or holders through distribution, buyback, burn, or an enforceable holder claim; governance over ecosystem spending alone does not qualify."
crypto_bch,BCH,2026-08-22,PoW,VA_UTILITY,1,medium,https://cashscript.org/,2026-10-08,"Human verified 2026-10-08. BCH is used within native smart-contract and covenant transactions, including token and application workflows. The identifiable contract-execution service qualifies as utility beyond simple transfer even though BCH fails the stricter protocol-required gas rule.",Token is required to consume an identifiable non-generic service beyond transfer.
crypto_bch,BCH,2026-08-22,PoW,VA_INCENTIVE,1,medium,https://flipstarter-2025.cashscript.org/,2026-10-08,"Human verified 2026-10-08. The funded 2025-2026 CashScript development programme includes a 20 BCH contributor fund that systematically rewards external development contributions. This active structured development subsidy qualifies; ordinary mining rewards alone would not.","A systematic program subsidizes liquidity, usage, development, or participation."
crypto_ltc,LTC,2026-08-22,PoW,VA_MONETARY,1,high,https://litecoin.com/what-is-litecoin,2026-10-08,"Human verified 2026-10-08. Litecoin is explicitly designed as a decentralized payment currency. The complete 90-day window had median active addresses of 269052 and median transactions of 176798.5, both above the frozen 10000 thresholds.","Material money, settlement, reserve, or store-of-value use supported by at least two behavioral tests."
crypto_ltc,LTC,2026-08-22,PoW,VA_GAS,0,high,https://litecoin.com/what-is-litecoin,2026-10-08,"Human verified 2026-10-08. Apply the BTC and BCH precedent: relay and miner fee policy does not establish that a positive LTC fee is required by consensus for transaction validity.","Token is protocol-required for ordinary transaction, computation, storage, or blockspace fees."
crypto_ltc,LTC,2026-08-22,PoW,VA_STAKE,0,high,https://litecoin.com/what-is-litecoin,2026-10-08,"Human verified 2026-10-08. Litecoin is secured by Scrypt proof-of-work mining and does not require LTC bonding, delegation, or slashing to secure consensus.","Token is locked, delegated, or economically at risk to secure a network or protocol service."
crypto_ltc,LTC,2026-08-22,PoW,VA_BURN,0,high,https://litecoin.com/what-is-litecoin,2026-10-08,"Human verified 2026-10-08. Transaction fees from included transactions are paid to miners alongside the block reward rather than irreversibly destroying LTC. No separate live rules-based burn was evidenced.",A live rules-based mechanism irreversibly destroys tokens.
crypto_ltc,LTC,2026-08-22,PoW,VA_SCARCITY,1,high,https://litecoin.com/what-is-litecoin,2026-10-08,"Human verified 2026-10-08. Litecoin has a deterministic halving schedule and an 84 million LTC maximum supply, changeable only through exceptional consensus modification.",A credible hard cap or deterministic terminal bound exists and is exceptionally difficult to change.
crypto_ltc,LTC,2026-08-22,PoW,VA_COLLATERAL,0,high,https://litecoin.com/what-is-litecoin,2026-10-08,"Human verified 2026-10-08. The observed 90-day collateral proxy had a median balance of about $1.94m, far below both $100m and 1% of market capitalization. Under the binary convention this is 0, meaning it fails the systematic materiality rule rather than that LTC can never be pledged.",Collateral TVL is at least 1% of market cap or $100m for at least 90 days.
crypto_ltc,LTC,2026-08-22,PoW,VA_GOV,0,high,https://litecoin.com/what-is-litecoin,2026-10-08,"Human verified 2026-10-08. Litecoin is maintained through voluntary coordination and consensus among network participants. LTC ownership does not grant binding proposal, voting, veto, treasury, or parameter rights.","Holding or delegating provides live proposal, voting, veto, treasury, or parameter control."
crypto_ltc,LTC,2026-08-22,PoW,VA_PROTOCOL,0,high,https://litecoin.com/what-is-litecoin,2026-10-08,"Human verified 2026-10-08. Block subsidy and transaction fees compensate miners for block production and security. They do not create a mechanical distribution, buyback, burn, or enforceable claim for LTC holders.","A live mechanical route sends protocol revenue or surplus to the token or holders through distribution, buyback, burn, or an enforceable holder claim; governance over ecosystem spending alone does not qualify."
crypto_ltc,LTC,2026-08-22,PoW,VA_UTILITY,0,high,https://litecoin.com/what-is-litecoin,2026-10-08,"Human verified 2026-10-08. The evidenced native service is monetary transfer, including optional payment-privacy features. No separate identifiable non-monetary service meets the utility rule under the BTC precedent.",Token is required to consume an identifiable non-generic service beyond transfer.
crypto_ltc,LTC,2026-08-22,PoW,VA_INCENTIVE,1,medium,https://litecoin.com/donate,2026-10-08,"Human verified 2026-10-08. The Litecoin Foundation maintains a funded projects and bounty programme, with $50000 earmarked annually through its matching-funding arrangement. This structured development subsidy qualifies; ordinary mining rewards and isolated discretionary grants alone would not.","A systematic program subsidizes liquidity, usage, development, or participation."
crypto_hbar,HBAR,2026-08-22,hashgraph PoS,VA_MONETARY,0,medium,https://hedera.com/faq/,2026-10-08,"Human verified 2026-10-08. HBAR is transferable and can settle payments, but the two required 90-day behavioral measures were unavailable from the selected reproducible source. Under the agreed binary convention this is 0, meaning monetary use was not systematically verified rather than that transfers are impossible.","Material money, settlement, reserve, or store-of-value use supported by at least two behavioral tests."
crypto_hbar,HBAR,2026-08-22,hashgraph PoS,VA_GAS,1,high,https://hedera.com/faq/,2026-10-08,"Human verified 2026-10-08. HBAR is required to pay for Hedera transactions, smart-contract execution, storage, token operations, and consensus services.","Token is protocol-required for ordinary transaction, computation, storage, or blockspace fees."
crypto_hbar,HBAR,2026-08-22,hashgraph PoS,VA_STAKE,1,high,https://docs.hedera.com/hedera/core-concepts/staking,2026-10-08,"Human verified 2026-10-08. HBAR is staked or delegated to nodes and a node's consensus influence is proportional to staked HBAR, so the token secures the network.","Token is locked, delegated, or economically at risk to secure a network or protocol service."
crypto_hbar,HBAR,2026-08-22,hashgraph PoS,VA_BURN,0,high,https://hedera.com/terms/,2026-10-08,"Human verified 2026-10-08. Native network fees are collected and allocated to nodes and Hedera rather than irreversibly destroying HBAR. Burn capabilities for separately issued tokens do not establish an HBAR burn.",A live rules-based mechanism irreversibly destroys tokens.
crypto_hbar,HBAR,2026-08-22,hashgraph PoS,VA_SCARCITY,1,high,https://hederacouncil.org/treasury,2026-10-08,"Human verified 2026-10-08. The total supply was fixed at 50 billion HBAR at genesis with no ongoing issuance. Changing the supply requires unanimous Governing Council approval and therefore meets the exceptional-change standard.",A credible hard cap or deterministic terminal bound exists and is exceptionally difficult to change.
crypto_hbar,HBAR,2026-08-22,hashgraph PoS,VA_COLLATERAL,0,medium,https://hedera.com/faq/,2026-10-08,"Human verified 2026-10-08. The selected collateral sources produced zero matching observations, so no eligible HBAR balance was shown to exceed $100m or 1% of market capitalization for 90 days. Under the binary convention this is 0, meaning not verified under the systematic materiality rule.",Collateral TVL is at least 1% of market cap or $100m for at least 90 days.
crypto_hbar,HBAR,2026-08-22,hashgraph PoS,VA_GOV,0,high,https://www.hederacouncil.org/faq,2026-10-08,"Human verified 2026-10-08. Governing Council members exercise equal organizational votes. Holding or delegating HBAR does not confer binding proposal, voting, veto, treasury, or parameter rights.","Holding or delegating provides live proposal, voting, veto, treasury, or parameter control."
crypto_hbar,HBAR,2026-08-22,hashgraph PoS,VA_PROTOCOL,0,high,https://hederacouncil.org/treasury,2026-10-08,"Human verified 2026-10-08. Fee revenue and treasury releases finance node compensation and Council-directed development or ecosystem activity. They do not terminate at HBAR or its holders through distribution, buyback, burn, or an enforceable claim.","A live mechanical route sends protocol revenue or surplus to the token or holders through distribution, buyback, burn, or an enforceable holder claim; governance over ecosystem spending alone does not qualify."
crypto_hbar,HBAR,2026-08-22,hashgraph PoS,VA_UTILITY,1,high,https://hedera.com/blog/hip-1261-a-developer-guide-to-simple-fees/,2026-10-08,"Human verified 2026-10-08. HBAR pays for identifiable services including smart-contract computation, state storage, token operations, account services, and consensus messages. Gas records the mandatory payment asset while utility records the services consumed.",Token is required to consume an identifiable non-generic service beyond transfer.
crypto_hbar,HBAR,2026-08-22,hashgraph PoS,VA_INCENTIVE,0,medium,https://ai-bounties.hedera.com/,2026-10-08,"Human verified 2026-10-08. The 2026 AI bounty and identified competitions were closed by the classification date, while available grants remained discretionary. No separate active rules-based HBAR distribution programme was verified. Under the binary convention the failed active-program test is recorded as 0; ordinary staking rewards are excluded.","A systematic program subsidizes liquidity, usage, development, or participation."
crypto_sui,SUI,2026-08-22,PoS,VA_MONETARY,0,medium,https://docs.sui.io/concepts/tokenomics,2026-10-08,"Human verified 2026-10-08. SUI is transferable and supplies on-chain liquidity, but the two required 90-day behavioral measures were unavailable from the selected reproducible source. Under the agreed binary convention this is 0, meaning monetary use was not systematically verified rather than that transfers are impossible.","Material money, settlement, reserve, or store-of-value use supported by at least two behavioral tests."
crypto_sui,SUI,2026-08-22,PoS,VA_GAS,1,high,https://docs.sui.io/concepts/tokenomics,2026-10-08,"Human verified 2026-10-08. SUI is the required denomination for gas fees charged on network transactions, computation, and storage operations.","Token is protocol-required for ordinary transaction, computation, storage, or blockspace fees."
crypto_sui,SUI,2026-08-22,PoS,VA_STAKE,1,high,https://docs.sui.io/concepts/tokenomics,2026-10-08,"Human verified 2026-10-08. Validators and delegators lock SUI for an epoch under delegated proof of stake, and delegated stake determines validator participation and voting power.","Token is locked, delegated, or economically at risk to secure a network or protocol service."
crypto_sui,SUI,2026-08-22,PoS,VA_BURN,0,high,https://docs.sui.io/concepts/tokenomics,2026-10-08,"Human verified 2026-10-08. Computation fees compensate validators and storage fees enter the storage fund to finance future storage. The documented fee route redistributes SUI rather than irreversibly destroying it.",A live rules-based mechanism irreversibly destroys tokens.
crypto_sui,SUI,2026-08-22,PoS,VA_SCARCITY,1,high,https://docs.sui.io/concepts/tokenomics,2026-10-08,"Human verified 2026-10-08. Total supply is capped at 10 billion SUI. Stake subsidies are drawn from that fixed pool rather than open-ended issuance.",A credible hard cap or deterministic terminal bound exists and is exceptionally difficult to change.
crypto_sui,SUI,2026-08-22,PoS,VA_COLLATERAL,0,medium,https://docs.sui.io/concepts/tokenomics,2026-10-08,"Human verified 2026-10-08. The selected collateral sources produced zero matching observations, so no eligible SUI balance was shown to exceed $100m or 1% of market capitalization for 90 days. Under the binary convention this is 0, meaning not verified under the systematic materiality rule.",Collateral TVL is at least 1% of market cap or $100m for at least 90 days.
crypto_sui,SUI,2026-08-22,PoS,VA_GOV,1,high,https://www.sui.io/blog/cetus-incident-response-onchain-community-vote,2026-10-08,"Human verified 2026-10-08. The Cetus recovery decision demonstrated an operative stake-weighted on-chain vote. Validators cast binding votes and SUI holders could influence representation by delegating to validators aligned with their preference; delegation-based control satisfies the governance rule.","Holding or delegating provides live proposal, voting, veto, treasury, or parameter control."
crypto_sui,SUI,2026-08-22,PoS,VA_PROTOCOL,0,high,https://docs.sui.io/concepts/tokenomics,2026-10-08,"Human verified 2026-10-08. Computation fees compensate validators and storage fees fund future storage obligations. These routes do not create a burn, buyback, distribution to holders generally, or enforceable SUI-holder claim. Ordinary security compensation is excluded.","A live mechanical route sends protocol revenue or surplus to the token or holders through distribution, buyback, burn, or an enforceable holder claim; governance over ecosystem spending alone does not qualify."
crypto_sui,SUI,2026-08-22,PoS,VA_UTILITY,1,high,https://docs.sui.io/develop/sui-architecture/tokenomics-overview,2026-10-08,"Human verified 2026-10-08. SUI pays for identifiable smart-contract computation and persistent storage services. Sponsored transactions do not remove the network-level SUI obligation. Gas records the required payment asset while utility records the services consumed.",Token is required to consume an identifiable non-generic service beyond transfer.
crypto_sui,SUI,2026-08-22,PoS,VA_INCENTIVE,0,medium,https://www.sui.io/blog/new-sui-vm-bug-bounty-open,2026-10-08,"Human verified 2026-10-08. The active security bounty establishes compensated development work but does not establish systematic distribution of SUI itself. Other identified campaigns were historical, discretionary, or rewarded participants in other tokens. Under the native-token evidence rule the systematic SUI incentive test fails and is recorded as 0; validator rewards remain excluded.","A systematic program subsidizes liquidity, usage, development, or participation."
crypto_avax,AVAX,2026-08-22,PoS,VA_MONETARY,0,medium,https://www.avax.network/about/tokens,2026-10-08,"Human verified 2026-10-08. Activity observations exist separately for Avalanche C-, P-, and X-Chains, but active addresses cannot be summed without double-counting and no reconciled asset-level 90-day series is available. Under the binary convention this is 0, meaning monetary use was not systematically verified.","Material money, settlement, reserve, or store-of-value use supported by at least two behavioral tests."
crypto_avax,AVAX,2026-08-22,PoS,VA_GAS,1,high,https://www.avax.network/about/tokens,2026-10-08,"Human verified 2026-10-08. AVAX is the required fee asset for transactions and contract execution on the Avalanche Primary Network.","Token is protocol-required for ordinary transaction, computation, storage, or blockspace fees."
crypto_avax,AVAX,2026-08-22,PoS,VA_STAKE,1,high,https://www.avax.network/about/tokens,2026-10-08,"Human verified 2026-10-08. Validators bond AVAX to participate in Primary Network consensus and rewards depend on meeting protocol performance requirements.","Token is locked, delegated, or economically at risk to secure a network or protocol service."
crypto_avax,AVAX,2026-08-22,PoS,VA_BURN,1,high,https://build.avax.network/docs/primary-network/avax-token,2026-10-08,"Human verified 2026-10-08. All AVAX paid as transaction fees is permanently removed from circulating supply by a live protocol rule.",A live rules-based mechanism irreversibly destroys tokens.
crypto_avax,AVAX,2026-08-22,PoS,VA_SCARCITY,1,high,https://www.avax.network/about/tokens,2026-10-08,"Human verified 2026-10-08. AVAX issuance is bounded by a protocol-defined asymptotic maximum of 720 million tokens, and staking rewards draw from that finite budget.",A credible hard cap or deterministic terminal bound exists and is exceptionally difficult to change.
crypto_avax,AVAX,2026-08-22,PoS,VA_COLLATERAL,0,high,https://aave.com/docs/resources/parameters,2026-10-08,"Human verified 2026-10-08. Candidate WAVAX balances were observed for 90 days with a median near $75.0m, but historical collateral eligibility was unverified and market-cap coverage contained only 89 days. The evidence therefore fails both the eligibility and complete 90-day materiality requirements; 0 means not verified under the rule.",Collateral TVL is at least 1% of market cap or $100m for at least 90 days.
crypto_avax,AVAX,2026-08-22,PoS,VA_GOV,0,high,https://github.com/avalanche-foundation/ACPs,2026-10-08,"Human verified 2026-10-08. Avalanche Community Proposals collect community and client-implementer support, but AVAX ownership does not itself confer binding proposal execution, voting, veto, treasury, or parameter rights.","Holding or delegating provides live proposal, voting, veto, treasury, or parameter control."
crypto_avax,AVAX,2026-08-22,PoS,VA_PROTOCOL,1,high,https://build.avax.network/docs/primary-network/avax-token,2026-10-08,"Human verified 2026-10-08. Usage-linked transaction fees are permanently burned, creating a live mechanical route through which network activity terminates at the AVAX token through supply reduction.","A live mechanical route sends protocol revenue or surplus to the token or holders through distribution, buyback, burn, or an enforceable holder claim; governance over ecosystem spending alone does not qualify."
crypto_avax,AVAX,2026-08-22,PoS,VA_UTILITY,1,high,https://build.avax.network/docs/rpcs/other/guides/txn-fees,2026-10-08,"Human verified 2026-10-08. AVAX pays for identifiable transaction execution and C-Chain computation services. Gas records the mandatory fee asset while utility records the services consumed.",Token is required to consume an identifiable non-generic service beyond transfer.
crypto_avax,AVAX,2026-08-22,PoS,VA_INCENTIVE,0,medium,https://retro9000.avax.network/,2026-10-08,"Human verified 2026-10-08. Retro9000 had concluded, community voting was advisory, and grant awards remained at the Avalanche Foundation's sole discretion. Other identified grants and bounties did not establish an active rules-based AVAX distribution programme. Under the binary convention this failed test is recorded as 0; validator rewards are excluded.","A systematic program subsidizes liquidity, usage, development, or participation."
crypto_ton,TON,2026-08-22,PoS,VA_MONETARY,0,medium,https://docs.ton.org/applications/payments/gram,2026-10-08,"Human verified 2026-10-08. TON supports payment processing and wallet transfers, but the required reproducible 90-day active-address and transaction series was unavailable. Under the binary convention this is 0, meaning material monetary use was not systematically verified.","Material money, settlement, reserve, or store-of-value use supported by at least two behavioral tests."
crypto_ton,TON,2026-08-22,PoS,VA_GAS,1,high,https://docs.ton.org/foundations/extra-currencies,2026-10-08,"Human verified 2026-10-08. Native TON is required for storage, computation, and message-forwarding fees; protocol extra currencies cannot substitute for the native fee obligation.","Token is protocol-required for ordinary transaction, computation, storage, or blockspace fees."
crypto_ton,TON,2026-08-22,PoS,VA_STAKE,1,high,https://docs.ton.org/nodes/staking/overview,2026-10-08,"Human verified 2026-10-08. Native TON is locked directly or through nominator arrangements to secure proof-of-stake validation and is exposed to protocol penalties.","Token is locked, delegated, or economically at risk to secure a network or protocol service."
crypto_ton,TON,2026-08-22,PoS,VA_BURN,1,high,https://docs.ton.org/foundations/config,2026-10-08,"Human verified 2026-10-08. Mainnet configuration mechanically destroys a defined fraction of transaction and imported-message fees. This concerns native TON rather than separately issued jettons.",A live rules-based mechanism irreversibly destroys tokens.
crypto_ton,TON,2026-08-22,PoS,VA_SCARCITY,0,high,https://docs.ton.org/foundations/config,2026-10-08,"Human verified 2026-10-08. TON has continuing configurable native issuance through validator rewards and no enforceable deterministic terminal supply bound. Fee burning alone does not satisfy the scarcity rule.",A credible hard cap or deterministic terminal bound exists and is exceptionally difficult to change.
crypto_ton,TON,2026-08-22,PoS,VA_COLLATERAL,0,medium,https://docs.ton.org/nodes/staking/overview,2026-10-08,"Human verified 2026-10-08. The selected collateral sources produced zero matching observations and no complete market-cap comparison, so no eligible TON balance was shown to meet the 90-day $100m or 1% threshold. Under the binary convention this is 0, meaning not verified under the materiality rule.",Collateral TVL is at least 1% of market cap or $100m for at least 90 days.
crypto_ton,TON,2026-08-22,PoS,VA_GOV,1,high,https://docs.ton.org/foundations/system,2026-10-08,"Human verified 2026-10-08. Validators cast binding stake-weighted votes on configuration proposals through the Config contract, and delegated TON determines validator weight. This provides live protocol parameter control through staking and delegation.","Holding or delegating provides live proposal, voting, veto, treasury, or parameter control."
crypto_ton,TON,2026-08-22,PoS,VA_PROTOCOL,1,high,https://docs.ton.org/foundations/config,2026-10-08,"Human verified 2026-10-08. The usage-linked native fee burn is a live mechanical route through which network activity terminates at the TON token through permanent supply reduction. Validator compensation alone is not the basis for this code.","A live mechanical route sends protocol revenue or surplus to the token or holders through distribution, buyback, burn, or an enforceable holder claim; governance over ecosystem spending alone does not qualify."
crypto_ton,TON,2026-08-22,PoS,VA_UTILITY,1,high,https://docs.ton.org/contracts/techniques/gas,2026-10-08,"Human verified 2026-10-08. Native TON pays for identifiable smart-contract computation, persistent storage, and message-forwarding services. Gas records the mandatory payment asset while utility records the services consumed.",Token is required to consume an identifiable non-generic service beyond transfer.
crypto_ton,TON,2026-08-22,PoS,VA_INCENTIVE,0,medium,https://builders.ton.org/opportunities/ton-nest,2026-10-08,"Human verified 2026-10-08. Consensus staking rewards are excluded. TON Nest provides education, support, and possible partner rewards, but no active rules-based distribution of native TON was verified; historical Open League rewards do not establish a live programme on the classification date. Under the binary convention this is 0.","A systematic program subsidizes liquidity, usage, development, or participation."
crypto_tao,TAO,2026-08-22,PoS family,VA_MONETARY,0,high,https://www.bittensor.com/docs/concepts/money,2026-09-14,"Researcher verified 2026-10-08. Assumption: TAO's chain-token role and trading against subnet tokens do not establish material general monetary use. Required 90-day monetary activity evidence is unavailable, so the function is not verified under the systematic rule.","Material money, settlement, reserve, or store-of-value use supported by at least two behavioral tests."
crypto_tao,TAO,2026-08-22,PoS family,VA_GAS,1,high,https://www.bittensor.com/docs/concepts/transactions,2026-09-14,"Researcher verified 2026-10-08. Ordinary fee-bearing native and EVM operations require TAO. Limited free validator calls and an unstaking fallback do not remove TAO's ordinary fee role.","Token is protocol-required for ordinary transaction, computation, storage, or blockspace fees."
crypto_tao,TAO,2026-08-22,PoS family,VA_STAKE,1,high,https://docs.learnbittensor.org/dynamic-tao/dtao-guide,2025-06-18,"Researcher verified 2026-10-08. Assumption: TAO stake qualifies because it contributes to validator stake weight and voting power over miner evaluation and emission allocation; this is more than a passive staking label.","Token is locked, delegated, or economically at risk to secure a network or protocol service."
crypto_tao,TAO,2026-08-22,PoS family,VA_BURN,0,high,https://www.bittensor.com/docs/concepts/emissions,2026-09-14,"Researcher verified 2026-10-08. Registration and transaction fees are recycled and may be re-emitted; alpha-token destruction is not attributed to TAO. No live permanent TAO destruction mechanism was verified.",A live rules-based mechanism irreversibly destroys tokens.
crypto_tao,TAO,2026-08-22,PoS family,VA_SCARCITY,1,high,https://www.bittensor.com/docs/concepts/emissions,2026-09-14,"Researcher verified 2026-10-08. TAO has a deterministic 21-million maximum supply and supply-triggered halvings; recycling affects issuance timing but not the terminal bound.",A credible hard cap or deterministic terminal bound exists and is exceptionally difficult to change.
crypto_tao,TAO,2026-08-22,PoS family,VA_COLLATERAL,0,high,https://www.bittensor.com/docs/concepts/staking-pools,2026-09-14,"Researcher verified 2026-10-08. Assumption: staking or pool participation is not borrowing collateral. No qualifying TAO lending market with at least $100m or 1% of market capitalization for 90 days was verified.",Collateral TVL is at least 1% of market cap or $100m for at least 90 days.
crypto_tao,TAO,2026-08-22,PoS family,VA_GOV,0,high,https://docs.learnbittensor.org/dynamic-tao/dtao-guide,2025-06-18,"Researcher verified 2026-10-08. TAO stake influences subnet valuation and emissions, but this economic allocation mechanism is not treated as binding holder governance over protocol upgrades, parameters, or treasury assets.","Holding or delegating provides live proposal, voting, veto, treasury, or parameter control."
crypto_tao,TAO,2026-08-22,PoS family,VA_PROTOCOL,0,high,https://www.bittensor.com/docs/concepts/emissions,2026-09-14,"Researcher verified 2026-10-08. Issuance-funded emissions and staking rewards are not protocol revenue. TAO injected into subnet pools and TAO-funded alpha purchases do not create a revenue or surplus claim for TAO holders.","A live mechanical route sends protocol revenue or surplus to the token or holders through distribution, buyback, burn, or an enforceable holder claim; governance over ecosystem spending alone does not qualify."
crypto_tao,TAO,2026-08-22,PoS family,VA_UTILITY,1,high,https://www.bittensor.com/docs/concepts/transactions,2026-09-14,"Researcher verified 2026-10-08. TAO is consumed to access identifiable network operations including fee-bearing native calls, EVM execution, subnet participation, and staking services beyond simple transfer.",Token is required to consume an identifiable non-generic service beyond transfer.
crypto_tao,TAO,2026-08-22,PoS family,VA_INCENTIVE,0,high,https://docs.learnbittensor.org/dynamic-tao/dtao-guide,2025-06-18,"Researcher verified 2026-10-08. Assumption: root-validator rewards are excluded as security compensation, while current subnet participant incentives are principally alpha-token emissions. TAO pool injections are not a separable TAO-denominated participation subsidy.","A systematic program subsidizes liquidity, usage, development, or participation."
crypto_uni,UNI,2026-08-22,NA,VA_MONETARY,0,high,https://docs.uniswap.org/concepts/governance/overview,2026-08-22,"Researcher verified 2026-10-08. UNI's 90-day medians of 1403 active addresses and 5030.5 transactions fail both 10000 activity thresholds, while primary documentation defines governance rather than a monetary role.","Material money, settlement, reserve, or store-of-value use supported by at least two behavioral tests."
crypto_uni,UNI,2026-08-22,NA,VA_GAS,0,high,https://docs.uniswap.org/concepts/governance/overview,2026-08-22,"Researcher verified 2026-10-08. Ordinary Uniswap execution fees are paid in each deployment chain's native gas asset rather than UNI.","Token is protocol-required for ordinary transaction, computation, storage, or blockspace fees."
crypto_uni,UNI,2026-08-22,NA,VA_STAKE,0,high,https://developers.uniswap.org/docs/ecosystem/governance/uni,2026-08-22,"Researcher verified 2026-10-08. Governance delegation alone is excluded: UNI is not locked or exposed to protocol consequences to secure consensus, a service, or protocol solvency.","Token is locked, delegated, or economically at risk to secure a network or protocol service."
crypto_uni,UNI,2026-08-22,NA,VA_BURN,1,high,https://vote.uniswapfoundation.org/forum-article/7/duni-q4-and-year-end-2025-financial-statements-and-tax-update,2025-12-27,"Researcher verified 2026-10-08. The fee-to-UNI-burn mechanism was executed on 2025-12-27. Assumption: the point-in-time classification is 1, while the effective-dated mechanism ledger retains 0 before activation.",A live rules-based mechanism irreversibly destroys tokens.
crypto_uni,UNI,2026-08-22,NA,VA_SCARCITY,0,high,https://developers.uniswap.org/docs/ecosystem/governance/uni,2026-08-22,"Researcher verified 2026-10-08. Governance retains UNI mint authority subject to an annual limit, which is not an exceptionally difficult-to-change terminal supply bound.",A credible hard cap or deterministic terminal bound exists and is exceptionally difficult to change.
crypto_uni,UNI,2026-08-22,NA,VA_COLLATERAL,0,high,https://docs.llama.fi/,2026-08-22,"Researcher verified 2026-10-08. UNI remained below both $100 million and 1% of market capitalization on every day of the complete 90-day lending sample. This is a rule-based negative, not a claim that UNI can never be pledged.",Collateral TVL is at least 1% of market cap or $100m for at least 90 days.
crypto_uni,UNI,2026-08-22,NA,VA_GOV,1,high,https://docs.uniswap.org/concepts/governance/overview,2026-08-22,"Researcher verified 2026-10-08. Delegated UNI voting power provides live proposal and voting rights over Uniswap governance.","Holding or delegating provides live proposal, voting, veto, treasury, or parameter control."
crypto_uni,UNI,2026-08-22,NA,VA_PROTOCOL,1,high,https://vote.uniswapfoundation.org/forum-article/7/duni-q4-and-year-end-2025-financial-statements-and-tax-update,2025-12-27,"Researcher verified 2026-10-08. Protocol fees are mechanically converted into UNI burns, providing an activity-linked capture route. The effective-dated ledger retains 0 before 2025-12-27 and 1 afterward.","A live mechanical route sends protocol revenue or surplus to the token or holders through distribution, buyback, burn, or an enforceable holder claim; governance over ecosystem spending alone does not qualify."
crypto_uni,UNI,2026-08-22,NA,VA_UTILITY,0,high,https://developers.uniswap.org/docs/ecosystem/governance/uni,2026-08-22,"Researcher verified 2026-10-08. Governance and protocol-fee-linked burning are not separate consumption services; users can trade through Uniswap without holding UNI.",Token is required to consume an identifiable non-generic service beyond transfer.
crypto_uni,UNI,2026-08-22,NA,VA_INCENTIVE,0,high,https://developers.uniswap.org/docs/ecosystem/governance/uni,2026-08-22,"Researcher verified 2026-10-08. The initial liquidity-mining program ended in November 2020, and no active systematic UNI-denominated subsidy qualified at the classification date.","A systematic program subsidizes liquidity, usage, development, or participation."
crypto_aave,AAVE,2026-08-22,NA,VA_MONETARY,0,high,https://aave.com/help/aave-101/introduction-to-aave,2026-08-22,"Researcher verified 2026-10-08. AAVE's 90-day medians of 1183.5 active addresses and 4273 transactions fail both 10000 activity thresholds; primary documentation defines governance and security rather than monetary use.","Material money, settlement, reserve, or store-of-value use supported by at least two behavioral tests."
crypto_aave,AAVE,2026-08-22,NA,VA_GAS,0,high,https://aave.com/help/aave-101/introduction-to-aave,2026-08-22,"Researcher verified 2026-10-08. Ordinary Aave transactions use the deployment chain's native gas asset rather than AAVE.","Token is protocol-required for ordinary transaction, computation, storage, or blockspace fees."
crypto_aave,AAVE,2026-08-22,NA,VA_STAKE,1,high,https://aave.com/help/umbrella/safety-incentives,2026-08-22,"Researcher verified 2026-10-08. Safety Module participation qualifies because staked assets bear protocol-defined loss or slashing risk to cover deficits; application-level solvency security qualifies even without blockchain-consensus security.","Token is locked, delegated, or economically at risk to secure a network or protocol service."
crypto_aave,AAVE,2026-08-22,NA,VA_BURN,0,high,https://governance.aave.com/t/arfc-pause-aave-buybacks/24686,2026-04-22,"Researcher verified 2026-10-08. The examined mechanism purchased AAVE but did not irreversibly destroy it, and buybacks were paused effective 2026-04-19.",A live rules-based mechanism irreversibly destroys tokens.
crypto_aave,AAVE,2026-08-22,NA,VA_SCARCITY,0,high,https://github.com/aave/aave-token-v2,2026-08-22,"Researcher verified 2026-10-08. Although current supply is 16 million, the upgradeable token contract remains administered by governance, so the terminal bound is not exceptionally difficult to change.",A credible hard cap or deterministic terminal bound exists and is exceptionally difficult to change.
crypto_aave,AAVE,2026-08-22,NA,VA_COLLATERAL,1,high,https://eth-mainnet.public.blastapi.io,2026-08-22,"Researcher verified 2026-10-08. AAVE passed the 90-day material-balance screen, and immutable daily Aave Pool configuration reads showed positive LTV, active, and unpaused collateral status on all 90 days.",Collateral TVL is at least 1% of market cap or $100m for at least 90 days.
crypto_aave,AAVE,2026-08-22,NA,VA_GOV,1,high,https://www.aave.com/help/governance/voting,2026-08-22,"Researcher verified 2026-10-08. AAVE, stkAAVE, and aAAVE voting power can approve binding on-chain Aave Improvement Proposals.","Holding or delegating provides live proposal, voting, veto, treasury, or parameter control."
crypto_aave,AAVE,2026-08-22,NA,VA_PROTOCOL,0,high,https://governance.aave.com/t/arfc-pause-aave-buybacks/24686,2026-04-22,"Researcher verified 2026-10-08. Protocol-funded buybacks were paused effective 2026-04-19, so no active holder-value route qualifies at the 2026-08-22 observation date. Governance's ability to restart the route is not active capture.","A live mechanical route sends protocol revenue or surplus to the token or holders through distribution, buyback, burn, or an enforceable holder claim; governance over ecosystem spending alone does not qualify."
crypto_aave,AAVE,2026-08-22,NA,VA_UTILITY,0,high,https://aave.com/help/aave-101/introduction-to-aave,2026-08-22,"Researcher verified 2026-10-08. Supplying, borrowing, repaying, and liquidating do not require consuming AAVE; governance and Safety Module participation are recorded separately.",Token is required to consume an identifiable non-generic service beyond transfer.
crypto_aave,AAVE,2026-08-22,NA,VA_INCENTIVE,1,high,https://aave.com/help/umbrella/safety-incentives,2026-08-22,"Researcher verified 2026-10-08. Active rules-based Safety Incentive distributions subsidize application-level deficit-backstop participation and are separable from consensus staking issuance.","A systematic program subsidizes liquidity, usage, development, or participation."
crypto_arb,ARB,2026-08-22,rollup,VA_MONETARY,0,high,https://docs.arbitrum.foundation/concepts/arbitrumdao-governance,2026-08-22,"Researcher verified 2026-10-08. ARB is documented as a governance token; Arbitrum settlement and fees use ETH, and generic transferability does not establish a monetary function.","Material money, settlement, reserve, or store-of-value use supported by at least two behavioral tests."
crypto_arb,ARB,2026-08-22,rollup,VA_GAS,0,high,https://docs.arbitrum.io/how-arbitrum-works/gas-fees,2026-08-22,"Researcher verified 2026-10-08. Arbitrum One execution fees are denominated and paid in ETH rather than ARB.","Token is protocol-required for ordinary transaction, computation, storage, or blockspace fees."
crypto_arb,ARB,2026-08-22,rollup,VA_STAKE,0,high,https://forum.arbitrum.foundation/t/arb-staking-unlock-arb-utility-and-align-governance/25084,2024-06-21,"Researcher verified 2026-10-08. ARB governance delegation and prospective rewards do not secure validators or absorb protocol deficits; dispute-protocol challenge bonds are denominated in ETH.","Token is locked, delegated, or economically at risk to secure a network or protocol service."
crypto_arb,ARB,2026-08-22,rollup,VA_BURN,0,high,https://github.com/ArbitrumFoundation/governance,2026-08-22,"Researcher verified 2026-10-08. No live automatic rules-based mechanism irreversibly destroys ARB.",A live rules-based mechanism irreversibly destroys tokens.
crypto_arb,ARB,2026-08-22,rollup,VA_SCARCITY,0,high,https://forum.arbitrum.foundation/t/proposal-aip-1-1-lockup-budget-transparency/13360,2023-04-04,"Researcher verified 2026-10-08. ArbitrumDAO retains authority to trigger annual ARB inflation equal to 2% supply growth, so ARB lacks an exceptionally difficult-to-change terminal bound.",A credible hard cap or deterministic terminal bound exists and is exceptionally difficult to change.
crypto_arb,ARB,2026-08-22,rollup,VA_COLLATERAL,0,high,https://api.coinpaprika.com/v1/tickers/arb-arbitrum/historical,2026-08-22,"Researcher verified 2026-10-08. ARB remained below both $100 million and 1% of market capitalization on all 90 days of the complete eight-protocol lending screen.",Collateral TVL is at least 1% of market cap or $100m for at least 90 days.
crypto_arb,ARB,2026-08-22,rollup,VA_GOV,1,high,https://docs.arbitrum.foundation/concepts/arbitrumdao-governance,2026-08-22,"Researcher verified 2026-10-08. Delegated ARB voting power controls binding ArbitrumDAO proposals, upgrades, and treasury decisions.","Holding or delegating provides live proposal, voting, veto, treasury, or parameter control."
crypto_arb,ARB,2026-08-22,rollup,VA_PROTOCOL,0,high,https://docs.arbitrum.foundation/assets/files/ArbitrumFoundationTransparencyReport2025-3ac117dd3203dbe7bca401cf951f0c14.pdf,2026-03-01,"Researcher verified 2026-10-08. Network revenue enters the DAO treasury, but holders have no mechanical distribution, buyback, burn, or enforceable claim. Assumption: treasury governance alone is not capture, applying the same conservative rule used for Cardano.","A live mechanical route sends protocol revenue or surplus to the token or holders through distribution, buyback, burn, or an enforceable holder claim; governance over ecosystem spending alone does not qualify."
crypto_arb,ARB,2026-08-22,rollup,VA_UTILITY,0,high,https://forum.arbitrum.foundation/t/arb-staking-unlock-arb-utility-and-align-governance/25084,2024-06-21,"Researcher verified 2026-10-08. ARB is not required for rollup execution or another separately consumed service; governance is recorded under VA_GOV.",Token is required to consume an identifiable non-generic service beyond transfer.
crypto_arb,ARB,2026-08-22,rollup,VA_INCENTIVE,1,high,https://docs.arbitrum.foundation/assets/files/ArbitrumFoundationTransparencyReport2025-3ac117dd3203dbe7bca401cf951f0c14.pdf,2026-03-01,"Researcher verified 2026-10-08. Active rules-based ARB distributions, including the 80-million-ARB DeFi Renaissance Incentive Program, subsidize ecosystem participation.","A systematic program subsidizes liquidity, usage, development, or participation."
crypto_op,OP,2026-08-22,rollup,VA_MONETARY,0,high,https://community.optimism.io/docs/governance,2026-08-22,"Researcher verified 2026-10-08. OP is designed as a governance token; no qualifying monetary design or complete 90-day monetary activity evidence was established.","Material money, settlement, reserve, or store-of-value use supported by at least two behavioral tests."
crypto_op,OP,2026-08-22,rollup,VA_GAS,0,high,https://docs.optimism.io/app-developers/transactions/estimates,2026-09-07,"Researcher verified 2026-10-08. OP Mainnet execution and L1 data fees are paid in ETH rather than OP.","Token is protocol-required for ordinary transaction, computation, storage, or blockspace fees."
crypto_op,OP,2026-08-22,rollup,VA_STAKE,0,high,https://docs.optimism.io/stack/fault-proofs/challenger,2026-09-07,"Researcher verified 2026-10-08. Fault-proof economic security uses ETH-denominated bonds; OP governance delegation and reward programs do not place OP at risk to secure the network.","Token is locked, delegated, or economically at risk to secure a network or protocol service."
crypto_op,OP,2026-08-22,rollup,VA_BURN,0,high,https://optimism.io/blog/op-token-buybacks,2026-01-08,"Researcher verified 2026-10-08. Revenue-funded purchases send OP to the token treasury. Burning is a possible future treasury use, not an executed automatic rules-based destruction mechanism.",A live rules-based mechanism irreversibly destroys tokens.
crypto_op,OP,2026-08-22,rollup,VA_SCARCITY,0,high,https://github.com/ethereum-optimism/community-hub/blob/main/pages/op-token/op-token-overview.mdx,2026-09-07,"Researcher verified 2026-10-08. OP governance controls an adjustable inflation rate, so the supply policy does not create an exceptionally difficult-to-change terminal bound.",A credible hard cap or deterministic terminal bound exists and is exceptionally difficult to change.
crypto_op,OP,2026-08-22,rollup,VA_COLLATERAL,0,high,https://docs.llama.fi/,2026-08-22,"Researcher verified 2026-10-08. Observed OP lending balances were approximately $0.34 million to $0.56 million during the 90-day window, far below the $100 million and 1%-of-market-cap thresholds.",Collateral TVL is at least 1% of market cap or $100m for at least 90 days.
crypto_op,OP,2026-08-22,rollup,VA_GOV,1,high,https://community.optimism.io/docs/governance,2026-08-22,"Researcher verified 2026-10-08. OP voting power controls binding Token House governance, grants, budgets, and protocol decisions.","Holding or delegating provides live proposal, voting, veto, treasury, or parameter control."
crypto_op,OP,2026-08-22,rollup,VA_PROTOCOL,1,high,https://gov.optimism.io/t/buyback-communication-thread/10588,2026-08-07,"Researcher verified 2026-10-08. An approved 12-month program directs 50% of 2026 Superchain revenue to OP purchases; three executed purchases totalled 9451924 OP by 2026-08-07. Treasury settlement qualifies under the explicit revenue-funded buyback branch even without burn or distribution.","A live mechanical route sends protocol revenue or surplus to the token or holders through distribution, buyback, burn, or an enforceable holder claim; governance over ecosystem spending alone does not qualify."
crypto_op,OP,2026-08-22,rollup,VA_UTILITY,0,high,https://optimism.io/blog/op-token-buybacks,2026-01-08,"Researcher verified 2026-10-08. OP is not required for execution or consumption of another identifiable network service; governance is recorded separately.",Token is required to consume an identifiable non-generic service beyond transfer.
crypto_op,OP,2026-08-22,rollup,VA_INCENTIVE,1,high,https://community.optimism.io/docs/governance,2026-08-22,"Researcher verified 2026-10-08. Governance-approved OP distributions systematically subsidize builders, users, ecosystem participation, and public-goods activity.","A systematic program subsidizes liquidity, usage, development, or participation."
crypto_pol,POL,2026-08-22,PoS,VA_MONETARY,0,high,https://docs.polygon.technology/pos/concepts/tokens/pol,2026-09-14,"Researcher verified 2026-10-08. Native gas and staking roles do not establish monetary use, stablecoin payments are not POL use, and complete 90-day POL-specific monetary activity evidence is unavailable.","Material money, settlement, reserve, or store-of-value use supported by at least two behavioral tests."
crypto_pol,POL,2026-08-22,PoS,VA_GAS,1,high,https://docs.polygon.technology/pos/concepts/tokens/pol,2026-09-14,"Researcher verified 2026-10-08. POL replaced MATIC as Polygon PoS's native execution-fee token and is required for ordinary native execution.","Token is protocol-required for ordinary transaction, computation, storage, or blockspace fees."
crypto_pol,POL,2026-08-22,PoS,VA_STAKE,1,high,https://docs.polygon.technology/pos/architecture/overview,2026-09-14,"Researcher verified 2026-10-08. Validators stake POL in Ethereum staking contracts to secure Polygon checkpoints and consensus; this is a live security-capital role.","Token is locked, delegated, or economically at risk to secure a network or protocol service."
crypto_pol,POL,2026-08-22,PoS,VA_BURN,0,high,https://github.com/0xPolygon/Polygon-Improvement-Proposals/blob/main/PIPs/PIP-82.md,2026-02-12,"Researcher verified 2026-10-08. PIP-82 preserves a route for non-recycled fees to a burn collector, but executed irreversible POL destruction under the current arrangement was not verified. Under the systematic evidence rule this is 0, not proof that no burn can occur.",A live rules-based mechanism irreversibly destroys tokens.
crypto_pol,POL,2026-08-22,PoS,VA_SCARCITY,0,high,https://docs.polygon.technology/pos/concepts/tokens/pol,2026-09-14,"Researcher verified 2026-10-08. POL has continuing annual emissions through EmissionManager; a per-second mint-rate limit is not a deterministic terminal supply bound.",A credible hard cap or deterministic terminal bound exists and is exceptionally difficult to change.
crypto_pol,POL,2026-08-22,PoS,VA_COLLATERAL,0,high,https://polygon.technology/spol-terms-of-use-risk-disclosures,2026-09-14,"Researcher verified 2026-10-08. Only 44 days of candidate POL balances averaging about $7.18 million were found; asset identity, eligibility, 90-day persistence, and materiality were not established. Legacy MATIC and staking derivatives are excluded.",Collateral TVL is at least 1% of market cap or $100m for at least 90 days.
crypto_pol,POL,2026-08-22,PoS,VA_GOV,0,high,https://forum.polygon.technology/t/pip-50-staked-tokenholder-signalling/19974,2024-11-08,"Researcher verified 2026-10-08. Staked holders provide off-chain approval or veto signals, but the Protocol Council retains final execution authority. Signaling is not treated as binding tokenholder control under the strict rule.","Holding or delegating provides live proposal, voting, veto, treasury, or parameter control."
crypto_pol,POL,2026-08-22,PoS,VA_PROTOCOL,0,high,https://github.com/0xPolygon/Polygon-Improvement-Proposals/blob/main/PIPs/PIP-82.md,2026-02-12,"Researcher verified 2026-10-08. The fee-routing design could send non-recycled POL to a burn collector, but executed delivery and irreversible destruction were not verified. A documented route without execution fails the strict capture rule.","A live mechanical route sends protocol revenue or surplus to the token or holders through distribution, buyback, burn, or an enforceable holder claim; governance over ecosystem spending alone does not qualify."
crypto_pol,POL,2026-08-22,PoS,VA_UTILITY,1,high,https://docs.polygon.technology/pos/concepts/tokens/pol,2026-09-14,"Researcher verified 2026-10-08. POL is required to purchase Polygon computation and execution services; gas and utility coexist under the same rule applied to ETH.",Token is required to consume an identifiable non-generic service beyond transfer.
crypto_pol,POL,2026-08-22,PoS,VA_INCENTIVE,0,high,https://github.com/0xPolygon/Polygon-Improvement-Proposals/blob/main/PIPs/PIP-82.md,2026-02-12,"Researcher verified 2026-10-08. PIP-82 authorizes up to $1 million of fee recycling for eligible facilitators, but current reimbursements and an unexhausted operating budget were not verified. The function is 0 under the systematic evidence rule.","A systematic program subsidizes liquidity, usage, development, or participation."
