date,pilot_total_circulating_peg_usd,assets_with_supply,pilot_supply_hhi,global_peggedusd_circulating_usd,pilot_coverage_of_global_peggedusd,pilot_total_supply_growth_1d,pilot_total_supply_growth_30d,pilot_total_supply_growth_90d
2019-01-01,275191811.0,2,0.8341942921453562,418703521.0,0.6572474249625428,,,
2019-01-02,283027219.0,2,0.8383364863368417,426564735.0,0.6635035570861243,0.028472533290607283,,
2019-01-03,309265906.0,2,0.8508305809357168,441434209.0,0.700593428634798,0.09270729187357762,,
2019-01-04,311968994.0,2,0.8520098786532817,445431052.0,0.7003754960487129,0.008740336220572686,,
2019-01-05,523517050.0,3,0.4683923056635025,656909286.0,0.7969396401560382,0.6781060299857877,,
2019-01-06,523334628.0,3,0.46842405943703896,657861456.0,0.7955088768720933,-0.00034845474469269444,,
2019-01-07,533527128.0,3,0.47254355806968085,668087067.0,0.798589217414083,0.01947606646812594,,
2019-01-08,545228920.0,3,0.4773488016168743,678079079.0,0.8040786641051936,0.021932890355295998,,
2019-01-09,552169323.0,3,0.48207014361206446,686145503.0,0.8047408612105995,0.012729337614739933,,
2019-01-10,569346396.0,3,0.4891826792107953,703514342.0,0.8092889682695339,0.031108343554246964,,
2019-01-11,571926035.0,3,0.49018637422506084,705507303.0,0.8106592696744912,0.004530877894588503,,
2019-01-12,579677373.0,3,0.492359397408543,714602946.0,0.8111880537923223,0.013553042746165644,,
2019-01-13,589124358.0,3,0.4960922835105668,724437741.0,0.813215994499105,0.0162969704184055,,
2019-01-14,596337037.0,3,0.499017111537434,731674142.0,0.8150309034701406,0.012243050048865944,,
2019-01-15,592349840.0,3,0.4944311596225855,731738123.0,0.8095106997725743,-0.00668614684752511,,
2019-01-16,588069628.0,3,0.4925445171382351,729362227.0,0.8062792481300242,-0.007225817770120435,,
2019-01-17,550434370.0,3,0.4774110624292604,686093928.0,0.8022726153612016,-0.06399796249977396,,
2019-01-18,546504112.0,3,0.47587020266536445,686127155.0,0.7965055864900144,-0.00714028449931281,,
2019-01-19,555190248.0,3,0.47901336501025715,693185573.0,0.800925855391396,0.015893999348352672,,
2019-01-20,555187130.0,3,0.4790122277933752,697968355.0,0.795433096676711,-5.616092882076984e-06,,
2019-01-21,555134376.0,3,0.47900039806299327,697915422.0,0.79541783789383,-9.502021417540085e-05,,
2019-01-22,557657427.0,3,0.4799955660449938,699320589.0,0.7974274399634471,0.004544937422502615,,
2019-01-23,562436707.0,3,0.4819175822904097,702324563.0,0.8008216380721971,0.00857027947374589,,
2019-01-24,545480029.0,3,0.47569003910308344,683428650.0,0.7981521245853536,-0.03014859768034306,,
2019-01-25,552830996.0,3,0.47838401611814674,694331097.0,0.7962065913346238,0.013476143230167548,,
2019-01-26,557659141.0,3,0.4786531413154835,695918449.0,0.8013282904071997,0.008733491853629705,,
2019-01-27,556830264.0,3,0.4788173408301972,694057902.0,0.8022821473474125,-0.001486350602114439,,
2019-01-28,563082559.0,3,0.48111875663740555,699972824.0,0.8044348861749524,0.011228367788572724,,
2019-01-29,548928437.0,3,0.4756994182095808,684559282.0,0.8018712935952858,-0.02513685031398749,,
2019-01-30,546955248.0,3,0.4761780198426518,679941688.0,0.8044149338876836,-0.0035946197482205067,,
2019-01-31,546814857.0,3,0.4761644643363931,677980074.0,0.8065352920681855,-0.00025667730680589695,0.9870317180332084,
2019-02-01,526682935.0,3,0.469278725399909,656437527.0,0.8023352007418064,-0.036816706317107206,0.8608914607608817,
2019-02-02,530418637.0,3,0.4708728581607271,656405523.0,0.8080654693089777,0.007092885969430585,0.715089270137653,
2019-02-03,529658003.0,3,0.4710721370517547,654566639.0,0.8091735377916197,-0.0014340257806589873,0.697790527862522,
2019-02-04,530386404.0,3,0.470839026151421,654848641.0,0.8099373974267742,0.0013752289135144924,0.013121547808232714,
2019-02-05,519468749.0,3,0.4678352262219514,643315124.0,0.8074872323380975,-0.020584341750962354,-0.007387011661685761,
2019-02-06,519526162.0,3,0.4678279750458382,642871918.0,0.8081332337804806,0.00011052252923882122,-0.02624227572548099,
2019-02-07,518219431.0,3,0.46795110328861045,640843963.0,0.8086514985239862,-0.0025152361816959123,-0.049537887682113424,
2019-02-08,503043458.0,3,0.46302416802345225,627132420.0,0.8021327585009878,-0.029284839765107096,-0.08896884153776141,
2019-02-09,488108491.0,3,0.458482867372983,611597009.0,0.7980884206711351,-0.029689218222573532,-0.1426862549244977,
2019-02-10,488515972.0,3,0.4586091636988665,611475070.0,0.7989139639004416,0.0008348164547704595,-0.14584064703401722,
2019-02-11,487468625.0,3,0.4586633964609293,610173405.0,0.7989017892380937,-0.00214393604309826,-0.15906908272578024,
2019-02-12,489546008.0,3,0.45821353417968247,610558760.0,0.8017999905529158,0.004261572731988572,-0.169027725042732,
2019-02-13,489420416.0,3,0.45834515643476204,609291859.0,0.8032610460334413,-0.00025654789937534783,-0.17928891611003528,
2019-02-14,475200781.0,3,0.4545456219466029,593576990.0,0.8005714321911299,-0.029054029082432042,-0.19777005257568736,
2019-02-15,476088324.0,3,0.4543966768080613,594209465.0,0.8012129594738111,0.0018677220987142196,-0.19042184576143417,
2019-02-16,477117828.0,3,0.4545154759425427,593853460.0,0.8034268723465887,0.00216242228196295,-0.13319760900831823,
2019-02-17,477016555.0,3,0.45449096459295646,593390804.0,0.8038826213424096,-0.00021225993676343702,-0.1271491933440384,
2019-02-18,477002107.0,3,0.4544874700201031,592819777.0,0.8046325806029916,-3.0288256976707117e-05,-0.14083125790062512,
2019-02-19,475001539.0,3,0.4547019744402902,591365386.0,0.8032285119237601,-0.0041940443671876215,-0.1444298447624317,
2019-02-20,477117980.0,3,0.4545121578629704,592981187.0,0.8046089664561314,0.004455650826849178,-0.14053605644482736,
2019-02-21,477781299.0,3,0.4547956106494344,592856781.0,0.8058966588762017,0.0013902620060555204,-0.14323511914779896,
2019-02-22,460945204.0,3,0.4514439200617987,575529413.0,0.80090642387377,-0.03523807866745321,-0.18044964302089905,
2019-02-23,489676885.0,3,0.40781666918132276,607983505.0,0.8054114642468795,0.0623320966368055,-0.10230098451505365,
2019-02-24,489124799.0,3,0.4078597038831283,607429187.0,0.8052375642594862,-0.0011274495834124876,-0.11523629727881612,
2019-02-25,488454699.0,3,0.40784364107603216,606147704.0,0.8058344455924887,-0.0013699980074001195,-0.12409810386305498,
2019-02-26,488395744.0,3,0.4080424257666886,604917530.0,0.8073757492198977,-0.0001206969655951351,-0.12290014466598753,
2019-02-27,491606414.0,3,0.408662363472356,607194119.0,0.8096363232398172,0.006573910685020223,-0.12693723834554071,
2019-02-28,493292016.0,3,0.4092427378389266,608018395.0,0.811311006470454,0.0034287632382274946,-0.10135459788540702,
2019-03-01,493224781.0,3,0.40946960567407464,604631800.0,0.8157440296722733,-0.00013629857735220074,-0.09823558178931668,
2019-03-02,495444166.0,3,0.4102504880438935,609457831.0,0.812926080853,0.004499743495248287,-0.09394530953645974,
2019-03-03,497635871.0,3,0.408022305052229,614875880.0,0.8093273572546056,0.0044237174446817296,-0.055150949593610776,
2019-03-04,496827103.0,3,0.408967539118936,614066103.0,0.8090775578928185,-0.0016252204616495902,-0.06333022947683487,
2019-03-05,498080403.0,3,0.40921995453298193,617503191.0,0.8066037718661765,0.0025226079503959387,-0.05961884805127737,
2019-03-06,497253598.0,3,0.4094667700466669,617183684.0,0.8056816971849826,-0.001659982996761289,-0.06246918425910475,
2019-03-07,496980101.0,3,0.40968718001120763,616311266.0,0.8063784136634621,-0.0005500151252801899,-0.04329162830929023,
2019-03-08,486454066.0,3,0.40655756819609223,605705037.0,0.8031203907587778,-0.021179992878628373,-0.06365819167351194,
2019-03-09,492603180.0,3,0.40831249683934373,611676177.0,0.805333276859007,0.012640687846568355,-0.04943128232488059,
2019-03-10,492802213.0,3,0.4083239463926801,612117513.0,0.8050777874084449,0.00040404327069110124,-0.020358569100008106,
2019-03-11,492787593.0,3,0.4083196005479346,612152961.0,0.8050072847724083,-2.9667074567307772e-05,0.009586192590941733,
2019-03-12,497476598.0,3,0.40680289410523784,615786107.0,0.8078723965105631,0.009515265941364648,0.018342544591356758,
2019-03-13,498209035.0,3,0.40678698627610765,617293944.0,0.8070855705657142,0.0014723044318960543,0.022033028279512257,
2019-03-14,497331589.0,3,0.40680696509704,616581546.0,0.8065949949789772,-0.001761200496895876,0.015903675799149752,
2019-03-15,497280036.0,3,0.40683955696466195,617405906.0,0.8054345304562085,-0.00010365921075650153,0.016059035837197255,
2019-03-16,496654700.0,3,0.4064663126858335,616504073.0,0.8055984084309529,-0.0012575127789766771,0.04514706174272898,
2019-03-17,496642061.0,3,0.40646644308490454,616440390.0,0.8056611296998238,-2.54482641561804e-05,0.04317210896354595,
2019-03-18,496624804.0,3,0.40646119942278336,615168972.0,0.8072982003390119,-3.474735902397885e-05,0.04088502850914222,
2019-03-19,498624514.0,3,0.40654610396819213,619934631.0,0.804317889445347,0.004026601136096319,0.045298132262935775,
2019-03-20,499302242.0,3,0.4065965478040743,620783471.0,0.8043098202915908,0.001359195107683675,0.04675060062156078,
2019-03-21,501516639.0,3,0.40673750454108804,620504007.0,0.8082407741808507,0.004434983089861566,0.0558210822975882,
2019-03-22,505107658.0,3,0.4076403522021924,626348097.0,0.8064328133497946,0.007160318762624351,0.05866406040702965,
2019-03-23,505902039.0,3,0.40788394657672594,627092805.0,0.8067418968393363,0.0015726964092079854,0.05885692901513084,
2019-03-24,506352152.0,3,0.4080235756509983,627265746.0,0.80723705260322,0.0008897236328395675,0.09850834243629536,
2019-03-25,506722434.0,3,0.40813684301092906,627372647.0,0.8076897142759876,0.0007312736769014005,0.03480978890804698,
2019-03-26,506250191.0,3,0.40845499427617477,627569909.0,0.8066833411542681,-0.000931955974935228,0.03501231594679388,
2019-03-27,505300426.0,3,0.4082272706644462,626551023.0,0.8064792929082808,-0.0018760783045314033,0.03448779801788748,
2019-03-28,504902802.0,3,0.4083482218657121,626906132.0,0.8053882012434997,-0.0007869061246348341,0.033798529579324166,
2019-03-29,503456931.0,3,0.40858275270834954,624022441.0,0.8067929899976145,-0.002863662063812389,0.02410570054116512,
2019-03-30,503597367.0,3,0.4086364338271614,623555382.0,0.8076225168400519,0.00027894342366296954,0.020890974647357785,
2019-03-31,503371864.0,3,0.40853136396861006,623329180.0,0.8075538257329778,-0.00044778431099301574,0.020572938325254198,
2019-04-01,504885943.0,3,0.4066621651717854,624879301.0,0.8079735433579356,0.003007873717788989,0.019057196850714275,0.8346692118683721
2019-04-02,509204678.0,3,0.4090512576408075,626365738.0,0.8129510397964966,0.008553882435978322,0.02324753434022453,0.7991367748979648
2019-04-03,516153866.0,3,0.4101565691371551,629623776.0,0.8197814086360042,0.013647140924341716,0.03890037979671179,0.6689646546425327
2019-04-04,515184519.0,3,0.41007193040662765,629220955.0,0.8187656734985884,-0.001878019450889834,0.034340070191438476,0.6513965455169561
2019-04-05,515938732.0,3,0.4103670184299319,628933457.0,0.8203391412201498,0.0014639667384881427,0.03757666927932424,-0.014475780683742778
2019-04-06,520739379.0,3,0.4113578184923723,630486890.0,0.8259321284222103,0.009304684262394058,0.0478073024497212,-0.004959062254141555
2019-04-07,520752055.0,3,0.4113621400520998,630698261.0,0.8256754254789359,2.434231116588137e-05,0.07050612051005034,-0.023944561259497954
2019-04-08,520945104.0,3,0.4114279893688475,630813921.0,0.825830069149663,0.00037071193122795165,0.05753500007856216,-0.04453875263990037
2019-04-09,541416324.0,3,0.3912380892886999,650072928.0,0.8328547470292441,0.039296309424572406,0.09864832120792455,-0.01947409707873249
2019-04-10,553962506.0,3,0.3865359565630116,666931817.0,0.8306134028690372,0.02317289199429462,0.12414053005591796,-0.02702026412756986
2019-04-11,593097347.0,3,0.3586117503631079,705608292.0,0.8405475867055145,0.07064528840152229,0.19221155202962925,0.03701756993804284
2019-04-12,600003476.0,3,0.3531966943506562,709478062.0,0.8456970104313105,0.01164417449333155,0.20432074460472194,0.03506450992697285
2019-04-13,618976300.0,3,0.34636461008752273,728760160.0,0.8493552940654714,0.03162119014123843,0.24459478080729746,0.05067171573306428
2019-04-14,614163779.0,3,0.34789707684513727,724085121.0,0.8481927900297236,-0.007774968120750292,0.23504611996931235,0.02989373608200019
2019-04-15,614174724.0,3,0.3478997331172462,726583178.0,0.8452916921233758,1.782097931246618e-05,0.23662319917640962,0.03684458495000187
2019-04-16,634100137.0,3,0.3426155060242541,745335594.0,0.8507578896064368,0.03244258062303462,0.27677493872191383,0.07827390976906567
2019-04-17,640373961.0,3,0.3412780441645135,751906981.0,0.8516664656422441,0.00989405873602589,0.289452230017895,0.1633974837000094
2019-04-18,693048417.0,3,0.3369377192655782,805597016.0,0.8602916883197591,0.08225577429435793,0.3899204662849769,0.26814858622692306
2019-04-19,694930206.0,3,0.3368381242924515,805350312.0,0.8628918318467107,0.002715234540388467,0.3918026949296174,0.25169742895051717
2019-04-20,705955952.0,3,0.3367740104167929,816170941.0,0.864960900390596,0.015865976043067498,0.4076421340828136,0.27156397159278534
2019-04-21,699939212.0,3,0.3364615304492673,810791842.0,0.8632785577534215,-0.008522826364668168,0.38572282742939534,0.26084645855186595
2019-04-22,712519752.0,3,0.3376492723327691,823381930.0,0.865357528553001,0.017973760841391462,0.40841446974282714,0.2777015377220109
2019-04-23,712905881.0,3,0.33766535342807324,820431880.0,0.8689397601175615,0.0005419204154217816,0.40792505410345337,0.26753085658756626
2019-04-24,778267173.0,3,0.34661206252901927,885025412.0,0.8793726851766376,0.09168291880032897,0.5358845805512531,0.4267564926744549
2019-04-25,822319842.0,3,0.35668084426449087,937207494.0,0.8774149238717035,0.05660352964675286,0.6243348775348907,0.4874705795258991
2019-04-26,879100531.0,3,0.36946953491398793,993315656.0,0.8850162842897947,0.06904939671880128,0.7397581434059586,0.5764119448012419
2019-04-27,873436488.0,3,0.3612579093401993,1004584996.0,0.8694500629392239,-0.006442998042052173,0.7299101619958925,0.5685865953578988
2019-04-28,908930465.0,3,0.35913700616127336,1043037039.0,0.8714268343446623,0.040637158497092596,0.8053787901869207,0.6142046143538962
2019-04-29,908708999.0,3,0.35915559667298935,1045269038.0,0.8693541719543404,-0.0002436556024117964,0.804435564096188,0.6554234354595843
2019-04-30,909912613.0,3,0.35879805947693955,1065014749.0,0.8543662084063777,0.0013245318372818726,0.8076350270542734,0.6635960918689274
2019-05-01,911040384.0,3,0.3584947442014088,1074402138.0,0.8479510155256225,0.0012394278130529734,0.8044479087428267,0.666085645511274
2019-05-02,918085513.0,3,0.3569036161979423,1083256383.0,0.8475237509862888,0.00773305895515608,0.8029793375150414,0.7431464966678671
2019-05-03,924191150.0,3,0.35517700621901604,1094832692.0,0.8441391609449674,0.006650401202877854,0.7905342009004734,0.7423806132211754
2019-05-04,928791730.0,3,0.35445921826122273,1108522300.0,0.8378647231544192,0.004977952883448378,0.8028331515140112,0.7535687646354698
2019-05-05,932008684.0,3,0.35421687811395924,1114859896.0,0.8359872727900152,0.0034635902712010225,0.8064328692423115,0.7572258205924902
2019-05-06,932781858.0,3,0.3541614202351265,1118149291.0,0.8342194244614515,0.0008295781072358288,0.791264297682392,0.7956457627059295
2019-05-07,941408032.0,3,0.3524709291660874,1124471295.0,0.8372005903449941,0.00924779349642968,0.807785534326888,0.8120512514247551
2019-05-08,947171562.0,3,0.3519170984917233,1128582140.0,0.839257975498354,0.006122244344734851,0.818179218361557,0.8277422754531951
2019-05-09,955251174.0,3,0.3512723878971137,1137964062.0,0.8394387888850571,0.008530251882710171,0.7643560632649118,0.8989436375892597
2019-05-10,894578551.0,3,0.34140156933526855,1079104013.0,0.829001227150473,-0.06351483740756958,0.6148720198763777,0.8327453168603043
2019-05-11,897899847.0,3,0.341304707029759,1091691954.0,0.8224846246324904,0.003712693531817024,0.5139164785372072,0.8380153330994877
2019-05-12,898591341.0,3,0.3413392834335102,1092385725.0,0.8225952797030555,0.0007701237530113314,0.4976435586516501,0.8433829274653317
2019-05-13,898586719.0,3,0.3413390500856178,1094836871.0,0.8207494128136648,-5.1436062079579514e-06,0.4517304119721546,0.8355511112655218
2019-05-14,919877885.0,3,0.3428533192419282,1116617023.0,0.8238078643370279,0.023694058180265598,0.49777293362655306,0.8795249542675392
2019-05-15,913763808.0,3,0.34195824032005906,1114402458.0,0.8199585360211041,-0.006646618099749202,0.4877912950387062,0.9229004760410948
2019-05-16,927005552.0,3,0.3426095033783589,1124597074.0,0.8243001635268349,0.014491429715281612,0.46192296438504,0.9471293566107284
2019-05-17,944773697.0,3,0.3424862231510699,1131070008.0,0.8352919716000462,0.01916724766282729,0.4753468356593593,0.9801685067194765
2019-05-18,947486237.0,3,0.34274208640860226,1134055734.0,0.8354847196601715,0.0028711002524872686,0.36712849168804906,0.986275375704728
2019-05-19,950013207.0,3,0.34224949103380786,1137344847.0,0.8352903778531825,0.002667025547517188,0.3670627622711222,0.9916331459726655
2019-05-20,948866288.0,3,0.34227463624651855,1141824590.0,0.8310088049513805,-0.0012072663743505352,0.34408709964385986,0.9976067656488161
2019-05-21,974082556.0,3,0.3439530279330827,1161582545.0,0.838582294640111,0.026575154285595204,0.3916673609650547,1.041596831039568
2019-05-22,1003817570.0,3,0.3469009744155187,1187050787.0,0.845639951544887,0.03052617441595995,0.40882770924222744,1.1009980342491388
2019-05-23,1021383830.0,3,0.34910290868016547,1202639553.0,0.8492850808474948,0.017499454607075693,0.432705013693105,1.2158465282567512
2019-05-24,1038263639.0,3,0.3512051462918402,1219342854.0,0.8514944222570562,0.016526411035898247,0.33407096562712146,1.1203035528213672
2019-05-25,1079717062.0,3,0.35706013241740797,1260098111.0,0.8568515836779951,0.03992571967552072,0.31301350989412224,1.207446983280028
2019-05-26,1099537185.0,3,0.3598745598244095,1279466775.0,0.8593714244748559,0.01835677484181497,0.25075249783918063,1.2510525280052636
2019-05-27,1109045400.0,3,0.36134545568429516,1289093842.0,0.8603294530360498,0.008647470162639337,0.26974933522584865,1.270792515341821
2019-05-28,1121414699.0,3,0.3673499488587827,1295258842.0,0.8657842453083984,0.011153104282295434,0.2337739158077401,1.2811230021909354
2019-05-29,1130836279.0,3,0.36960748862760556,1306525492.0,0.8655294411966973,0.008401512846587078,0.2444426986465884,1.292427694592973
2019-05-30,1151118535.0,3,0.37379163125303316,1330388464.0,0.8652499372544168,0.017935625498268992,0.2650869089557284,1.3338619212646576
2019-05-31,1133904090.0,3,0.37564346803581605,1302219330.0,0.8707473955251456,-0.01495453724059792,0.24462549620632412,1.2886617056259775
2019-06-01,1148158475.0,3,0.37713960515763945,1316565784.0,0.8720859139386536,0.012571067628832644,0.2506007977930047,1.3072261103139007
2019-06-02,1150259876.0,3,0.377374692296904,1320111780.0,0.8713352107198074,0.0018302360220787683,0.24461251982341525,1.3152116079303346
2019-06-03,1150105833.0,3,0.37741403771508364,1319957173.0,0.8713205674590474,-0.00013392017161872882,0.23828173297796273,1.3090766592557546
2019-06-04,1161149933.0,3,0.3798570151594065,1328807069.0,0.8738288349668616,0.009602681495138654,0.24585741842722997,1.3351262568440982
2019-06-05,1171682054.0,3,0.381563780970097,1340032591.0,0.8743683264640837,0.009070422949419399,0.2561158259576699,1.3576035572498708
2019-06-06,1200237643.0,3,0.3849251486122499,1369262153.0,0.8765579625277206,0.02437144863874474,0.2749388173905021,1.4673195824413154
2019-06-07,1225906336.0,3,0.38739234069169937,1400091041.0,0.8755904438360019,0.02138634223789304,0.29428118957819804,1.4886285468153089
2019-06-08,1232956861.0,3,0.3883361649978898,1414345017.0,0.871751125913572,0.005751275438387271,0.2907148345467514,1.5019304468910737
2019-06-09,1232954395.0,3,0.38833662344744957,1414342544.0,0.8717509066177112,-2.000069976526575e-06,0.3782516846863233,1.5019996698658766
2019-06-10,1234963030.0,3,0.38876461907373305,1416353656.0,0.8719312614956105,0.0016291235167704698,0.3753906230479622,1.4824545214084623
2019-06-11,1276931947.0,3,0.3985528613150874,1455628105.0,0.8772377660295313,0.033983946061932,0.42103744910223884,1.5630445401296265
2019-06-12,1314055241.0,3,0.4071556006062266,1487476353.0,0.8834125250796508,0.02907225720776796,0.46235773711674444,1.6422114944321384
2019-06-13,1350670933.0,3,0.4153163348022657,1532681290.0,0.8812470941039543,0.027864652000577417,0.4683154742871114,1.7161173488171162
2019-06-14,1377008870.0,3,0.42168242780631615,1553258375.0,0.8865291777358033,0.01949989176231126,0.5069636791743015,1.772567882675831
2019-06-15,1395046039.0,3,0.4255913881426111,1574353049.0,0.8861074965911283,0.013098803786209423,0.504895020305121,1.808956688426758
2019-06-16,1402609417.0,3,0.42753985012629564,1585454750.0,0.8846732566791957,0.005421597415825596,0.4845982921135452,1.8242838571550686
2019-06-17,1424314238.0,3,0.43354711316830874,1607180551.0,0.8862191849657345,0.015474600938031546,0.5032558599582064,1.8564865906291965
2019-06-18,1457828828.0,3,0.44758765244795345,1629312264.0,0.8947510309785528,0.023530334181774748,0.5345353277809748,1.9197321889854444
2019-06-19,1464018876.0,3,0.4491454671287467,1635358837.0,0.8952279113773487,0.004246073257099914,0.5429137851296493,1.9191830582514333
2019-06-20,1467431730.0,3,0.4506378234364542,1632059716.0,0.899128699528541,0.0023311543696244996,0.5064757303794689,1.9051860662940099
2019-06-21,1485485951.0,3,0.4539650616681468,1647621759.0,0.901594035697607,0.012303278326958322,0.4798365713005004,1.9363114525814353
2019-06-22,1497535318.0,3,0.46072735657951097,1660454764.0,0.9018826350875524,0.0081113974803253,0.46618271605102657,1.957497686313773
2019-06-23,1498823780.0,3,0.46200606918966497,1661740777.0,0.9019600413885733,0.000860388389183786,0.4435868922883468,1.9578792637390907
2019-06-24,1513303828.0,3,0.4643186802135915,1676241608.0,0.9027957668975843,0.009660940927958883,0.40157443209876775,1.9892410015900617
2019-06-25,1513904105.0,3,0.4671158839534368,1666845035.0,0.9082452616838493,0.0003966665443471129,0.37685575863448406,1.9960475533024784
2019-06-26,1529611084.0,3,0.4735691841261223,1684973417.0,0.9077953803706803,0.01037514790277938,0.3792141277534715,2.029515934435238
2019-06-27,1540032543.0,3,0.4716913506413557,1685552007.0,0.9136665831753241,0.0068131429675231114,0.3732944149682489,2.0589161617878293
2019-06-28,1550175097.0,3,0.47007764783059347,1705236168.0,0.909067685808081,0.006585934853196251,0.3708218650102222,2.078203339772426
2019-06-29,1569187048.0,3,0.47162619468523614,1736888606.0,0.9034471425394335,0.012264389382072416,0.36318458984764757,2.1173515252334405
2019-06-30,1599087512.0,3,0.4761847871041047,1766831762.0,0.9050592967549335,0.01905474815007513,0.4102493553930122,2.167225259824673
2019-07-01,1598916084.0,3,0.4762378298342389,1766659769.0,0.9050503736240342,-0.00010720363877125827,0.39259180576095987,2.1400263058855873
2019-07-02,1634601405.0,3,0.48259446385159277,1786939453.0,0.9147491831666442,0.022318445199904557,0.42107139360914303,2.1668878461911976
2019-07-03,1648538488.0,3,0.4842559474932818,1806539915.0,0.9125391995559644,0.00852628840117764,0.4333798166207543,2.19989911808666
2019-07-04,1700436760.0,3,0.494714058705589,1863841156.0,0.9123292264075319,0.03148138328451333,0.4644420256793831,2.2958114104137466
2019-07-05,1737194114.0,3,0.5018534544223098,1899685625.0,0.914463999273564,0.02161641930159175,0.4826497581570026,2.336014490273454
2019-07-06,1783344219.0,3,0.509241771108379,1950307325.0,0.9143913864959718,0.02656588842206964,0.4858259357226309,2.4245553174053245
2019-07-07,1801023579.0,3,0.5113175874983144,1968012844.0,0.9151482849773515,0.009913599299362197,0.46913636556977556,2.457223352654832
2019-07-08,1810794531.0,3,0.513214464461069,1977795201.0,0.9155622028430638,0.0054252215872849785,0.4686600872080309,2.344551042757255
2019-07-09,1877087670.0,3,0.5263889064837499,2034665676.0,0.9225533669443982,0.03660997306159852,0.522430738405373,2.388474219228115
2019-07-10,1923031296.0,3,0.5344879025323016,2069383596.0,0.9292773460257003,0.02447601501745522,0.5571569749743845,2.2423535625762967
2019-07-11,1922767155.0,3,0.5356018121102482,2072119461.0,0.9279229268336089,-0.00013735657893321207,0.5057710471707699,2.204593359722469
2019-07-12,1959127979.0,3,0.5377644617780744,2113854593.0,0.9268035679878952,0.018910674600118194,0.49090229837605426,2.1651098418469332
2019-07-13,2043392603.0,3,0.5465692994893309,2206512996.0,0.9260732235451561,0.04301129119855207,0.5128722719022192,2.327113504360536
2019-07-14,2045008569.0,3,0.5459121978880067,2214044635.0,0.9236528192215059,0.0007908250218913171,0.48510922010255464,2.3296853307170617
2019-07-15,2050173695.0,3,0.546640356110594,2219216423.0,0.9238277410675056,0.0025257234019933072,0.46961006137805317,2.23320178528837
2019-07-16,2070047233.0,3,0.5498018377121457,2246616182.0,0.9214067136101488,0.009693587449915997,0.475854366804098,2.232559971313387
2019-07-17,2107061754.0,3,0.5427496229078415,2283251496.0,0.9228338436178999,0.017881003104628146,0.47935174541167513,2.040280739866404
2019-07-18,2143620706.0,3,0.5372577553522317,2329551684.0,0.9201859399484351,0.017350678939806796,0.47042002794034476,2.0846561100554606
2019-07-19,2167134089.0,3,0.5412184418345467,2364681802.0,0.9164590716463762,0.01096900348750407,0.4802637619817136,2.069786553765043
2019-07-20,2149326789.0,3,0.5559613732068236,2323711618.0,0.9249541863761512,-0.008216981168994941,0.46468605323124645,2.070733503926052
2019-07-21,2150604463.0,3,0.5560883355370434,2324991117.0,0.9249947009582489,0.0005944531127322072,0.4477447340059024,2.018308554904454
2019-07-22,2150014206.0,3,0.5563032553688099,2333186277.0,0.9214927360041214,-0.0002744609760442218,0.43570183631555603,2.0158457985844556
2019-07-23,2152016625.0,3,0.5565017737780942,2338759545.0,0.9201530057250926,0.0009313515205675582,0.4358036306309472,1.7651386306126522
2019-07-24,2146115782.0,3,0.5564625354681637,2336108179.0,0.9186714045574171,-0.0027420062333394224,0.4181658317988475,1.6098309591804791
2019-07-25,2163208952.0,3,0.5503710414121833,2357159682.0,0.9177184594318885,0.007964700760026311,0.4288943037115287,1.4607071383966663
2019-07-26,2162769667.0,3,0.5509105248886454,2363643120.0,0.9150153205023608,-0.0002030709976462708,0.41393435862419525,1.4761613428267952
2019-07-27,2156084246.0,3,0.5483122470346311,2363134240.0,0.9123833125959023,-0.0030911386922091166,0.40002512011851676,1.372111320968871
2019-07-28,2159629247.0,3,0.5485199924382927,2372507685.0,0.9102728141426442,0.0016441848256054659,0.3931518130948275,1.3765905800169147
2019-07-29,2159614491.0,3,0.5485248115100129,2378024208.0,0.9081549648379358,-6.832654271815564e-06,0.3762632655887177,1.3734306571261916
2019-07-30,2171067706.0,3,0.5450128544422436,2406231589.0,0.9022688073437972,0.005303360876550034,0.3576916145662452,1.383064180390932
2019-07-31,2171812578.0,3,0.5462611790596649,2410754774.0,0.9008849018668375,0.0003430901753738169,0.35830304024885895,1.365588550573284
2019-08-01,2174110193.0,3,0.5451723068568172,2419958837.0,0.8984079232088195,0.0010579250821523,0.33005525772198885,1.3524464533121745
2019-08-02,2166654593.0,3,0.5476041154761196,2417490079.0,0.8962413586806699,-0.003429265004140425,0.3142881459980811,1.3327668873623586
2019-08-03,2159179192.0,3,0.5501302396423223,2401420673.0,0.8991257617944226,-0.003450204303053872,0.26977917838002985,1.3166942852219177
2019-08-04,2160627936.0,3,0.5496237423454224,2410391794.0,0.8963803898512608,0.0006709697858184871,0.24374583046739473,1.3163271428034142
2019-08-05,2165661208.0,3,0.5508205126952671,2418436211.0,0.8954799792319187,0.0023295412949801975,0.21438204970568275,1.300449044819707
2019-08-06,2258754007.0,3,0.5617940759526485,2497816143.0,0.9042915401640111,0.04298585515412712,0.254150158463861,1.3847358785039199
2019-08-07,2257417746.0,3,0.5626017508350072,2497413191.0,0.9039023875324762,-0.0005915920883189374,0.2466448883923651,1.3631666805991278
2019-08-08,2264229672.0,3,0.5646403037247033,2489193613.0,0.9096237673818907,0.003017574399807099,0.2062460950478675,1.5310574118605267
2019-08-09,2262977900.0,3,0.5646973818216129,2481193249.0,0.9120522558700546,-0.0005528467431902273,0.17677642829167972,1.5203010197194073
2019-08-10,2249738471.0,3,0.5696487580120074,2457383265.0,0.915501665142169,-0.005850445556715322,0.1700524762708462,1.503628032400548
2019-08-11,2253886433.0,3,0.5680550042095662,2461545925.0,0.91563858716144,0.0018437529754986581,0.15045390457363284,1.5082570055211333
2019-08-12,2254166782.0,3,0.5679071818575264,2467056340.0,0.9137070546187851,0.0001243847054115399,0.10314913477251153,1.4505065495731535
2019-08-13,2250313400.0,3,0.5691208206838931,2461275948.0,0.9142873239502359,-0.001709448489246701,0.10039313972185115,1.462686068651999
2019-08-14,2247655935.0,3,0.5701686324648794,2444576386.0,0.9194459816728345,-0.001180931064979629,0.09632463848386275,1.4246412873695498
2019-08-15,2245150483.0,3,0.5709982925811516,2446072128.0,0.9178594765460653,-0.001114695519445652,0.08458901188753698,1.3763897006544203
2019-08-16,2246770959.0,3,0.5706476966404626,2437135234.0,0.9218901469461912,0.0007217672099353312,0.06630522562273233,1.3712966703494187
2019-08-17,2248535496.0,3,0.5702845829269045,2445238089.0,0.9195568751014985,0.0007853657681178294,0.04894279557308967,1.3668465653235913
2019-08-18,2248313408.0,3,0.5702907630609163,2445015653.0,0.9195496990955256,-9.877006629210872e-05,0.03745929677912052,1.3694733772647214
2019-08-19,2249142996.0,3,0.57000771728017,2445847972.0,0.9195759596459497,0.0003689823656471969,0.04644068436258619,1.3089860116538214
2019-08-20,2246822546.0,3,0.570968705734801,2449533081.0,0.9172452347868496,-0.0010317040775650321,0.044740018285733374,1.2382777639566518
2019-08-21,2243400858.0,3,0.5723155855500083,2444419632.0,0.9177642122618985,-0.001522900865531862,0.04343536509637369,1.1964327142324156
2019-08-22,2265092244.0,3,0.5650642434771294,2466833723.0,0.9182184526184216,0.009668974638503913,0.052544026698678525,1.1816156888452878
2019-08-23,2267123544.0,3,0.5643653802221527,2468871948.0,0.9182831640322886,0.0008967846697549575,0.056384545053403734,1.0997385553957284
2019-08-24,2272171360.0,3,0.5649603860843524,2476648055.0,0.9174381299001323,0.0022265288600433752,0.05037072720102165,1.0664797798539212
2019-08-25,2270994311.0,3,0.5653555281535341,2475467081.0,0.9174003275707466,-0.0005180282705438133,0.05003983810727264,1.0477018443068244
2019-08-26,2272861414.0,3,0.5656238018806923,2477336460.0,0.9174617379183124,0.0008221522136608872,0.05416169067449328,1.0267804729390302
2019-08-27,2268549328.0,3,0.5695565359928045,2473973486.0,0.9169659015496822,-0.001897205862812057,0.050434620271652575,1.006081136701841
2019-08-28,2263663096.0,3,0.570897537134633,2467186992.0,0.9175077135782823,-0.0021539015879843415,0.048179249321401274,0.9664900070434537
2019-08-29,2270579414.0,3,0.571375485942181,2472630449.0,0.9182849846883852,0.0030553654438336686,0.04583537755408895,1.0024439756628798
2019-08-30,2298947757.0,3,0.5630534081038978,2502101641.0,0.9188067020655457,0.012493878357694,0.05853874330034392,1.0022913274232463
2019-08-31,2306666882.0,3,0.5604376343535752,2511467562.0,0.9184537825219181,0.003357677431553796,0.06097054759542253,1.0053441227745652
2019-09-01,2305905866.0,3,0.5603373639442625,2510705599.0,0.9184294116038254,-0.0003299202004150015,0.0642701764507787,1.0049510226247151
2019-09-02,2304666740.0,3,0.5601888106484771,2509464863.0,0.9183897228370955,-0.0005373705918660932,0.06738095130735222,0.9848140834367167
2019-09-03,2308800897.0,3,0.5631300448485584,2514595784.0,0.9181598536395223,0.0017938198734972488,0.06857865647813233,0.9705012030507723
2019-09-04,2316262136.0,3,0.565938644459058,2540955139.0,0.9115714403803176,0.0032316511179872887,0.06954039137962886,0.9298362699327536
2019-09-05,2305218431.0,3,0.573657278226761,2533527300.0,0.9098849777541375,-0.004767899465417003,0.02057082084016426,0.8804197052457359
2019-09-06,2334960470.0,3,0.5660909965256296,2573699148.0,0.907239088847847,0.012902048066264049,0.03435018801345069,0.8937892669709553
2019-09-07,2358805680.0,3,0.5713680906955743,2601324872.0,0.9067708940892332,0.010212254257135234,0.04176961779520405,0.9131329508744725
2019-09-08,2361369862.0,3,0.5714225478645665,2603893504.0,0.9068611517224323,0.0010870679266805627,0.043478976087216736,0.9120976131568894
2019-09-09,2358303669.0,3,0.5724140396205579,2600817246.0,0.9067548566232477,-0.0012984806189586529,0.04825680824657952,0.8468514900426405
2019-09-10,2355167512.0,3,0.5761392088648017,2596372411.0,0.9070992674324793,-0.001329835949977487,0.04493619444045871,0.7922895769645959
2019-09-11,2365976724.0,3,0.5781271038258768,2604927130.0,0.9082698309491675,0.004589572480481863,0.049601450475105,0.7517047758959954
2019-09-12,2358764850.0,3,0.5805837156674944,2603875369.0,0.905867031149754,-0.0030481593190855305,0.048193931565265524,0.7129627131595746
2019-09-13,2666607983.0,3,0.6157569172741318,2911278010.0,0.9159578624371912,0.13051031051272455,0.18639509787782527,0.9114838567704073
2019-09-14,2675246643.0,3,0.6186229283365687,2917532449.0,0.9169552317805257,0.0032395687911657145,0.19156674051767775,0.9073354353502106
2019-09-15,2677711970.0,3,0.61888227760135,2920000940.0,0.9170243520538045,0.0009215326020315384,0.19180460263373034,0.8800008443080662
2019-09-16,2677147847.0,3,0.6190766814711712,2919434954.0,0.9170089038400956,-0.0002106735176599095,0.19061844999221655,0.836393817697231
2019-09-17,2669049166.0,3,0.6221102428730979,2908515981.0,0.9176670107490119,-0.0030251153327506275,0.18713394516215054,0.8230975090241937
2019-09-18,2659521976.0,3,0.6255165008461439,2895246296.0,0.9185822911419761,-0.0035695071193754258,0.18246015514791214,0.8123650467882413
2019-09-19,2645958094.0,3,0.6297154458205391,2878752569.0,0.919133558921715,-0.005100120293196619,0.17764444669232016,0.7812070805643048
2019-09-20,2643780435.0,3,0.6331158867850555,2877558426.0,0.9187582122094504,-0.0008230134123961008,0.17846992238245818,0.7654210910570325
2019-09-21,2634929617.0,3,0.636489297852001,2867790725.0,0.9188012200576456,-0.003347788599547652,0.1632769587992109,0.757998273152565
2019-09-22,2634641472.0,3,0.6365780829098998,2867501777.0,0.9187933179788227,-0.00010935586216076487,0.16210758737548536,0.740986458404703
2019-09-23,2636629530.0,3,0.6359305529105856,2869496457.0,0.9188474596537897,0.0007545838859397414,0.16040082909943898,0.741609340573127
2019-09-24,2631393798.0,3,0.6379775664284129,2875518005.0,0.9151025288050666,-0.001985767033414021,0.15869678107705298,0.7203025171070216
2019-09-25,2641424018.0,3,0.6391150307645587,2895740486.0,0.9121756700127167,0.003811751782505368,0.1621579748460633,0.7151741565502749
2019-09-26,2666268482.0,3,0.6274906365581482,2928533593.0,0.9104449026547329,0.00940570837196053,0.17531871539713761,0.7199789153882918
2019-09-27,2666964724.0,3,0.6269057718105034,2925736459.0,0.9115532999549636,0.00026112974169723024,0.17816327381607855,0.6995836967932965
2019-09-28,2678316672.0,3,0.6241393557038064,2937214128.0,0.91185611783221,0.004256504744079903,0.1795741014324197,0.6749031256270608
2019-09-29,2685148986.0,3,0.6226360785686076,2944065164.0,0.9120548752907971,0.002550973180814431,0.16799043293788074,0.679355791632652
2019-09-30,2690172621.0,3,0.6236416231527198,2949092827.0,0.9122034397732439,0.0018708961872107022,0.16625969791853112,0.6457667372431997
2019-10-01,2701595345.0,3,0.6252567926295661,2961968568.0,0.9120945354339763,0.004246093321607747,0.17159827937225947,0.6387820876888135
2019-10-02,2722098026.0,3,0.6261624406052829,2986861529.0,0.9113572891045127,0.007589101394457787,0.18112435900385315,0.6008228533003486
2019-10-03,2752843679.0,3,0.6168292426591256,3015952498.0,0.9127609539027959,0.011294836815696652,0.19232614755866506,0.5846494394696067
2019-10-04,2783223123.0,3,0.6124412815462963,3047695165.0,0.9132222785804761,0.011035658955773187,0.20160109675945592,0.560676336821097
2019-10-05,2788790267.0,3,0.6125932572406881,3052193752.0,0.9137002738350406,0.002000250699986772,0.20977267468325222,0.5484473937584133
2019-10-06,2789117687.0,3,0.6131959214304994,3052518668.0,0.9137102800512669,0.0001174057453778854,0.1945031716104384,0.540272868760945
2019-10-07,2811229034.0,3,0.6151438975539312,3074659130.0,0.9143221785369099,0.007927721050660752,0.1918018757696056,0.49765462686140816
2019-10-08,2816724461.0,3,0.6186335678536331,3079252133.0,0.9147430412772892,0.001954812978073317,0.19283493294622223,0.46473147205608445
2019-10-09,2814550250.0,3,0.6208747319823411,3078577267.0,0.91423732649813,-0.0007718933925215943,0.19346388126235836,0.4638019183347242
2019-10-10,2813336766.0,3,0.6237799544025471,3082969846.0,0.9125411231803531,-0.000431146681428074,0.19453786266392759,0.436014796458583
2019-10-11,2830554561.0,3,0.6314091783981579,3093100020.0,0.9151189882957617,0.006120061845450664,0.19635773771035625,0.385223063274444
2019-10-12,2846929188.0,3,0.6235527955391136,3108800792.0,0.9157644308783359,0.005784953671486459,0.20695761088690134,0.3921355788705254
2019-10-13,2846879300.0,3,0.6235713494770418,3108750721.0,0.9157631330067652,-1.7523442525479993e-05,0.06760323157706538,0.38860395435909645
2019-10-14,2849273141.0,3,0.6238687481909821,3111147223.0,0.9158271649557357,0.0008408649428868209,0.06505063690308877,0.3764290474042531
2019-10-15,2846418741.0,3,0.6239897943152002,3107419491.0,0.9160072366296425,-0.0010017993567995598,0.06300407694708099,0.350894787775641
2019-10-16,2850075263.0,3,0.6234701140016681,3110035713.0,0.9164123907280675,0.0012846043863228296,0.06459389838845908,0.3295613608427237
2019-10-17,2853524375.0,3,0.622482239788398,3109572740.0,0.917658023655044,0.0012101827782504682,0.06911645216205065,0.3167271879871205
2019-10-18,2873341414.0,3,0.6249150198634329,3127911639.0,0.9186133579267647,0.006944758970212073,0.08039769549924558,0.3368564653385522
2019-10-19,2883659440.0,3,0.6258584370372486,3139555506.0,0.9184928995486917,0.0035909502260074166,0.08983564272579136,0.34085997198081697
2019-10-20,2892156949.0,3,0.626493628268722,3148064516.0,0.9187095544899563,0.002946779665493393,0.09394748168639055,0.3451803904034296
2019-10-21,2922416218.0,3,0.6293769970629916,3178361515.0,0.9194725660400529,0.01046252659644309,0.10910598869328347,0.3579896103265465
2019-10-22,2930705742.0,3,0.6296621732303733,3184832131.0,0.9202072892550832,0.0028365309325011356,0.11237364671681593,0.3655860352831606
2019-10-23,2925184946.0,3,0.6374970382891418,3187422946.0,0.9177272660570224,-0.0018837769759281198,0.1094410165390205,0.35224336201803963
2019-10-24,3013229743.0,3,0.6450459188794779,3277004889.0,0.9195072467284318,0.030098882164833807,0.14510786841947243,0.393227299687295
2019-10-25,3113663387.0,3,0.6483168013614311,3377391920.0,0.9219135536393419,0.033330894941985933,0.1787821136560892,0.44412881489974954
2019-10-26,3057760014.0,3,0.6411818671184601,3322678641.0,0.9202695609105702,-0.017954212145540493,0.14683124923201185,0.4158726634433285
2019-10-27,3063668036.0,3,0.6413449874773237,3328596049.0,0.9204084818043357,0.0019321405123193802,0.14874711631168913,0.4186180213031363
2019-10-28,3056482492.0,3,0.644186416707448,3326489823.0,0.9188311567547519,-0.002345405545106538,0.14119533509740245,0.40782458490495377
2019-10-29,3054313185.0,3,0.6452611070470472,3321494318.0,0.9195599608429016,-0.0007097397108204451,0.13748369305568198,0.4063428934612239
2019-10-30,3386015220.0,3,0.6744801425791911,3646785193.0,0.9284931907970484,0.10860118622707637,0.25866094746787627,0.5574257601578707
2019-10-31,3397756970.0,3,0.6771705941847447,3656623069.0,0.9292062391678796,0.00346771920298683,0.257685380709745,0.5682042633733266
2019-11-01,3371998613.0,3,0.6767184758076066,3625997711.0,0.9299505630603527,-0.007580988642633901,0.2387498836531612,0.5617039222560274
2019-11-02,3376109923.0,3,0.680347865892071,3624432294.0,0.9314865471728964,0.0012192502049526155,0.22640814978146828,0.5625595998033046
2019-11-03,3390502161.0,3,0.6757475017974609,3638871951.0,0.9317453888610328,0.004262964870294095,0.21819272518310417,0.5655736679751249
2019-11-04,3390974927.0,3,0.6766095951747018,3639340876.0,0.9317552388022033,0.00013943834203611338,0.2159304222786862,0.501259064285525
2019-11-05,3372103232.0,3,0.6839057720404657,3627989710.0,0.929468797197884,-0.00556527117016925,0.20902149368500278,0.493787863577821
2019-11-06,3399960185.0,3,0.676469285342019,3649491291.0,0.9316257839509392,0.008261002431849684,0.20942126873323974,0.5015968684823418
2019-11-07,3385841917.0,3,0.6816658729929654,3635927613.0,0.9312181862186044,-0.004152480391472535,0.20204938888411927,0.4961886799689914
2019-11-08,3384025216.0,3,0.6829304043687529,3631682455.0,0.9318064720501562,-0.0005365581277964049,0.2023324920207057,0.5041860463433396
2019-11-09,3380908246.0,3,0.684537435200852,3618459051.0,0.9343502851208582,-0.0009210835620440117,0.20174317090625893,0.5000348715440357
2019-11-10,3380676040.0,3,0.6845984380056751,3618226228.0,0.9343462312661119,-6.86815444561617e-05,0.19435113054512154,0.4997453014548061
2019-11-11,3380099496.0,3,0.6847896081541176,3617647752.0,0.9343362670208363,-0.00017054103770319795,0.18727909013239574,0.5020572227850575
2019-11-12,3378098676.0,3,0.685478659557843,3616519417.0,0.9340745303677157,-0.0005919411550955322,0.18659708404216513,0.5029429653342383
2019-11-13,3376814713.0,3,0.6860000855918987,3610517708.0,0.9352716109154726,-0.0003800845159207533,0.18514952617524427,0.5040482758589326
2019-11-14,3373296341.0,3,0.6872939405420713,3609259705.0,0.9346227804906602,-0.0010419203595788407,0.1851019291050966,0.5013975178410699
2019-11-15,3361998132.0,3,0.6912174213574482,3599913225.0,0.9339108811435309,-0.0033493081715585404,0.17961731595156127,0.49519460021012707
2019-11-16,3361701183.0,3,0.6913743761759079,3594129579.0,0.9353311028745188,-8.832515318002443e-05,0.17808742495847785,0.4952102189304739
2019-11-17,3364633723.0,3,0.6903877520655012,3597071879.0,0.9353812868302708,0.0008723380932338376,0.17098292134942228,0.4959625639560714
2019-11-18,3363893340.0,3,0.6907455798503541,3596328282.0,0.9353688195920931,-0.00022004861775559714,0.16653627447768238,0.4971780241339985
2019-11-19,3366441148.0,4,0.6899560865339863,3590660116.0,0.9375549451197346,0.0007573985684099505,0.1639897859498911,0.5005972454700738
2019-11-20,3371502607.0,4,0.6882300230698779,3597017502.0,0.9373050326069834,0.00150350437672353,0.1536695513233015,0.4884615034689068
2019-11-21,3367072597.0,4,0.690381607772416,3593885270.0,0.9368892838919145,-0.0013139571628395519,0.1488948033050259,0.4851738476762959
2019-11-22,3398742872.0,4,0.6867848324404633,3624101848.0,0.9378165996840384,0.009405878277830348,0.16188990943890902,0.4958127418699618
2019-11-23,3430942364.0,4,0.6886215205783743,3645855979.0,0.9410526317446727,0.009473941752190296,0.1386262106201439,0.5107666044699308
2019-11-24,3406421782.0,4,0.6843232242363129,3621319569.0,0.9406576020410863,-0.0071468941761564375,0.09402377797879802,0.4987371253775881
2019-11-25,3412885749.0,4,0.6841559922287089,3627795274.0,0.9407602941267849,0.0018975826875451407,0.11613917814807295,0.504435326521584
2019-11-26,3458268978.0,4,0.6811206078954737,3671020542.0,0.9420456623530384,0.0132976115632637,0.1288001628646427,0.5277313060017301
2019-11-27,3458749609.0,4,0.6809934974865999,3671264954.0,0.9421138632970482,0.00013898022480529626,0.13161113078608788,0.523289424573282
2019-11-28,3471126023.0,4,0.6817007904182559,3687589971.0,0.9412993446390951,0.0035782914055979553,0.13646696090204635,0.5098759910619404
2019-11-29,3468221537.0,4,0.6844394598954939,3682473291.0,0.9418185178630805,-0.0008367561364106546,0.024278188861773575,0.503564109782888
2019-11-30,3468824327.0,4,0.6849614875729936,3693731139.0,0.9391112120681071,0.00017380377624931498,0.020915962391506726,0.5043217410332916
2019-12-01,3471613912.0,4,0.6840285460231504,3696530497.0,0.9391546789124191,0.000804187452874805,0.02954191576946541,0.5063409610363014
2019-12-02,3474548138.0,4,0.6829607884976127,3699476292.0,0.9392000012308769,0.000845205162318674,0.029157289675132425,0.5049145825067651
2019-12-03,3495400912.0,4,0.6765209700027064,3738425544.0,0.9349927852943217,0.006001578672040875,0.030939001368770924,0.5090696591173738
2019-12-04,3485497530.0,4,0.6794252644101925,3733631183.0,0.9335409308423916,-0.0028332606900687285,0.027874757270359485,0.5120031503860556
2019-12-05,3514801114.0,4,0.6744028652900983,3761300671.0,0.9344642775036476,0.008407288700617688,0.04231717482604047,0.5052936266625534
2019-12-06,3516973363.0,4,0.6736276407539605,3757695207.0,0.9359389650465603,0.0006180289949686557,0.03441604361022832,0.490997496241403
2019-12-07,3527037419.0,4,0.67195448586045,3769105002.0,0.9357758452280974,0.002861567308378943,0.0417017407963054,0.4936403973635537
2019-12-08,3535635350.0,4,0.6729041733311475,3777712068.0,0.9359197541679876,0.0024377203807601777,0.04480171521275089,0.4992281937547205
2019-12-09,3537706610.0,4,0.6721422380785479,3779792302.0,0.9359526469557851,0.0005858239877594151,0.04637758631442024,0.5021040295328258
2019-12-10,3573758028.0,4,0.6663639056905705,3816928348.0,0.9362916204262999,0.010190618379176453,0.057113425159779574,0.5104789458613457
2019-12-11,3824313756.0,4,0.685692730155498,4068643525.0,0.9399481012532304,0.0701098748255824,0.13142046869498425,0.6213204788090683
2019-12-12,3805865216.0,4,0.6855330655198971,4046661970.0,0.9404949670159872,-0.004824013189570486,0.12662937972745003,0.4272308641776086
2019-12-13,3811804270.0,4,0.6860100372833539,4052025718.0,0.940715714874937,0.0015605003495742231,0.12881653095308576,0.4248421841679142
2019-12-14,3810766394.0,4,0.686332662367499,4046454853.0,0.9417543337162744,-0.0002722794578327026,0.12968622047309175,0.42314275646308586
2019-12-15,3811454545.0,4,0.6860969745625703,4047145798.0,0.9417635872874971,0.00018058073596005642,0.13368728814034925,0.42369968445003847
2019-12-16,3813171425.0,4,0.6855632845631401,4048868790.0,0.941786860176321,0.00045045270243404545,0.13429814770065485,0.42866286375482976
2019-12-17,3814587652.0,4,0.6896795159339372,4058540792.0,0.9398914160279308,0.0003714039685482895,0.13373043428893916,0.434313266227359
2019-12-18,3814645190.0,4,0.6924633003422371,4060816610.0,0.9393788383859079,1.5083674894666999e-05,0.133997069597932,0.4416876815434554
2019-12-19,3846077417.0,4,0.6887354402244603,4093955951.0,0.9394525644714247,0.008239882199896131,0.14247576235959203,0.45476430874638796
2019-12-20,3898522353.0,4,0.6781230923205868,4142438731.0,0.9411176860203995,0.01363595432795739,0.15631598353380727,0.4795546445899621
2019-12-21,3926200577.0,4,0.6750605272319958,4170042609.0,0.9415252900596921,0.007099670463271979,0.16605759569846312,0.4902219595061472
2019-12-22,3919720035.0,4,0.6745036294339051,4163555060.0,0.9414358591429316,-0.0016505886219780885,0.153285253583608,0.4866404211895481
2019-12-23,3920737919.0,4,0.6741901420559752,4164576755.0,0.9414493115759611,0.0002596828321694833,0.14275831623967195,0.48998523975391683
2019-12-24,3931985528.0,4,0.6760275520460901,4175422499.0,0.9416976435179188,0.0028687479837643526,0.15428616291063868,0.4885855134221013
2019-12-25,3931595143.0,4,0.6774873014752713,4170493520.0,0.9427170007927503,-9.928444477225185e-05,0.15198557237141186,0.47456836006659886
2019-12-26,3934568865.0,4,0.6776951127428895,4173471024.0,0.9427569623399403,0.0007563652644384522,0.13772783147580836,0.4752984280567485
2019-12-27,3933455738.0,4,0.6780480604835379,4165855978.0,0.944213088203886,-0.00028290952279463877,0.1372479024687907,0.46862982227666916
2019-12-28,3940214799.0,4,0.6779890290173284,4169845518.0,0.9449306411931205,0.001718351864164358,0.13514023198575176,0.46741012120509584
2019-12-29,3935604820.0,4,0.6777216222660059,4165229806.0,0.9448709923113423,-0.0011699816469827873,0.13476165752787672,0.4629562390450037
2019-12-30,3938154964.0,4,0.6774737889090906,4167785868.0,0.9449033824498778,0.0006479674958828063,0.13529962683521046,0.45771459492946387
2019-12-31,3940860591.0,4,0.6779155729313423,4172399815.0,0.9445069422236085,0.0006870290846177074,0.13516672386235107,0.447729124138456
2020-01-01,3940639759.0,4,0.6779866887183584,4171183915.0,0.9447293236889076,-5.603649124363841e-05,0.13414452829204127,0.43147966920936076
2020-01-02,3941794967.0,4,0.6783614425916055,4172339379.0,0.9447445686800158,0.0002931523992675267,0.1277089713707782,0.41626983996568345
2020-01-03,5034324689.0,4,0.737582844756659,5263029449.0,0.9565450350950525,0.2771655378188016,0.444363292663128,0.8052001789347898
2020-01-04,5028299426.0,4,0.7373217403054981,5317903566.0,0.9455416713737377,-0.001196836392607925,0.4306070992101092,0.8028279873010609
2020-01-05,5032565057.0,4,0.7374958688490197,5322101858.0,0.9455972830424547,0.0008483247791377657,0.43093635850207046,0.7901654387224859
2020-01-06,5026624163.0,4,0.7372301924966401,5316121908.0,0.9455434337266895,-0.0011804902535211825,0.4251689352434398,0.7845636776326486
2020-01-07,5029354672.0,4,0.7376158851195243,5325138380.0,0.9444552071903153,0.0005432093014032802,0.42247550274097123,0.7869123750766218
2020-01-08,5003053521.0,4,0.7424013672422065,5304331004.0,0.9432016058626796,-0.005229527984261462,0.41420815023436885,0.778334389776357
2020-01-09,4972784187.0,4,0.7487697042629107,5275432151.0,0.9426306783335976,-0.006050171934588788,0.391471987761562,0.7568232937517292
2020-01-10,4977940131.0,4,0.7513959943492474,5273924299.0,0.9438778125700208,0.0010368324476013324,0.30165578679052296,0.7485296620591604
2020-01-11,4979110975.0,4,0.7514348558875702,5259752141.0,0.9466436519294531,0.00023520652502595496,0.3082730712763109,0.7489715756477628
2020-01-12,4954352174.0,4,0.7533683031288141,5234934725.0,0.9464019007419429,-0.004972534479410706,0.2997393945413678,0.7388126475867411
2020-01-13,4964427861.0,4,0.7531251312157454,5245783884.0,0.9463653041715738,0.002033704235414824,0.3027373886828708,0.7440961125965269
2020-01-14,4961838360.0,4,0.7541655616105393,5231385318.0,0.9484750325936515,-0.0005216111649728461,0.3018227821998072,0.7409499406612687
2020-01-15,4946423406.0,4,0.7570218525587842,5216671448.0,0.9481953109959399,-0.003106702169959452,0.2971940819576451,0.7334435441785914
2020-01-16,4973678545.0,4,0.7520927981885651,5235012363.0,0.9500796177966925,0.005510069956190966,0.3038574542630539,0.7309737439367168
2020-01-17,4963248919.0,4,0.7522438428329893,5232415331.0,0.9485579039558854,-0.002096964229922893,0.3011036863955361,0.7211633420207206
2020-01-18,4964546153.0,4,0.7524369622026035,5224614339.0,0.9502225103853738,0.0002613679106511224,0.290807650167485,0.7165548898432206
2020-01-19,4961857390.0,4,0.7525181404075028,5221882346.0,0.9502047463403344,-0.0005415929104365391,0.2727533513259812,0.6978612969085296
2020-01-20,4967157392.0,4,0.7525859998505269,5227154052.0,0.9502603792783721,0.001068148796594004,0.26513082930556564,0.6948673218247647
2020-01-21,4965520371.0,4,0.7526330805378968,5221336668.0,0.9510055923863671,-0.00032956898097014076,0.26680485510746443,0.6975064697328031
2020-01-22,4968856835.0,4,0.7524441752729414,5219971982.0,0.951893391791006,0.0006719263542822596,0.2673269516232615,0.6490136029431859
2020-01-23,4980148486.0,4,0.7492348322374259,5227729620.0,0.9526407920844231,0.0022724846730264314,0.26657345265793664,0.5994498656447091
2020-01-24,4968257179.0,4,0.7513494338235984,5215652091.0,0.9525668300562267,-0.0023877414565908195,0.26367466595478994,0.6248028479189864
2020-01-25,4979766315.0,4,0.7514180112137958,5226584411.0,0.952776406809667,0.0023165338639568045,0.2656447214071065,0.6254262069142793
2020-01-26,4974153515.0,4,0.7510015646528753,5220949191.0,0.9527297303667631,-0.0011271211629134692,0.2645759470345921,0.6274110936409054
2020-01-27,4976453046.0,4,0.7510185742267338,5223306407.0,0.9527400191056798,0.0004622959450417685,0.2629902936416031,0.6293198321769351
2020-01-28,4967817305.0,4,0.7506652837205846,5213807404.0,0.9528194887269372,-0.001735320502409099,0.26227543978869305,0.46715740545312734
2020-01-29,4989070242.0,4,0.7504464602611344,5241286354.0,0.951878967305895,0.004278123710106829,0.26685472958955914,0.4683422875886265
2020-01-30,4970422101.0,4,0.7497104769416436,5225319308.0,0.9512188266447659,-0.00373779884737091,0.26125296397220366,0.4740285128936974
2020-01-31,4963253415.0,4,0.7520575943226655,5227722361.0,0.9494102923343828,-0.0014422690577039488,0.25950447605987326,0.47011013509585897
2020-02-01,4960852493.0,4,0.7525091930071861,5223708022.0,0.9496802792397726,-0.0004837395553376478,0.25852626393086564,0.4631615782651024
2020-02-02,4962170350.0,4,0.752747483641071,5225343587.0,0.9496352282642729,0.00026565131736111525,-0.014332476242078118,0.46334622249479107
2020-02-03,4966632045.0,4,0.7535702522221527,5229795520.0,0.9496799685583118,0.0008991418442536592,-0.012264063011270587,0.4728588371401319
2020-02-04,4975062662.0,4,0.7531102526633684,5235733266.0,0.950213161985781,0.0016974514970335974,-0.011426060934874083,0.46327085944978497
2020-02-05,4963294775.0,4,0.7524766863236981,5221892129.0,0.9504782275061048,-0.002365374629325623,-0.01259879114618423,0.4658967833317187
2020-02-06,4958159877.0,4,0.7542976076225999,5215313720.0,0.9506925456825635,-0.0010345744576494287,-0.014155850927826563,0.46516635087626956
2020-02-07,4958228549.0,4,0.7538965544297948,5221658747.0,0.949550476052969,1.3850299648066056e-05,-0.008959522781807117,0.46653744740519043
2020-02-08,4960103926.0,4,0.7543813066677195,5211462780.0,0.9517680803622663,0.0003782352873544781,-0.002549931893917501,0.4671929126932848
2020-02-09,4958306818.0,4,0.7548554343715316,5215838450.0,0.9506250750538487,-0.00036231256981933413,-0.00394406370573519,0.46691149886790195
2020-02-10,4985846088.0,4,0.7539126246478203,5243178189.0,0.9509205882913013,0.00555416818903276,0.0013526738073958988,0.4759326373212196
2020-02-11,4970463880.0,4,0.7548473011104894,5224485837.0,0.9513785729495127,-0.003085175059258649,0.003252030827471719,0.47193858782502884
2020-02-12,4966196273.0,4,0.7541896825670326,5222502601.0,0.9509226997893839,-0.0008585933029655601,0.00035621667783569677,0.4722087154453176
2020-02-13,4966272749.0,4,0.7505588721902073,5217445835.0,0.9518589950057431,1.539931081984136e-05,0.0008936988023930947,0.47717891385193667
2020-02-14,4973569835.0,4,0.7491627255194299,5226055786.0,0.9516870922663357,0.0014693284821034602,0.0054880924603162295,0.47948005020528317
2020-02-15,4978749929.0,4,0.7491091163579201,5224982222.0,0.9528740419511421,0.0010415243319892298,0.001019644505392936,0.4797301397076914
2020-02-16,4978437115.0,4,0.7487118647689589,5224513135.0,0.952899722205407,-6.282982765970502e-05,0.0030601318305549796,0.4799628322936065
2020-02-17,4987403981.0,4,0.7478464099283987,5233688392.0,0.9529424771684037,0.0018011407582076977,0.004604213012741942,0.4815063628731524
2020-02-18,4995497373.0,4,0.7486183848174672,5242743901.0,0.9528402430733188,0.0016227664794816743,0.006779715811219722,0.48168278518551944
2020-02-19,4981945195.0,4,0.7488486133883652,5228236453.0,0.9528920965579749,-0.002712878616100922,0.0029771158497648997,0.47960730025210085
2020-02-20,4979064802.0,4,0.7489091740782469,5228023411.0,0.9523799743367293,-0.0005781663360910905,0.002727696190534923,0.4649724882159312
2020-02-21,4970908665.0,4,0.7526636571216012,5226047156.0,0.9511794510489487,-0.0016380861315008488,0.00041293803949971064,0.448846450222677
2020-02-22,4972869333.0,4,0.7515805370913828,5232028938.0,0.9504667103200185,0.00039442849026882776,-0.0014616337284847347,0.4598513194335838
2020-02-23,4972182718.0,4,0.7514613676455656,5231475395.0,0.9504360323957903,-0.00013807219816608374,0.0007901239526393322,0.45688519443022235
2020-02-24,4981757778.0,4,0.751767743763196,5241127908.0,0.9505125357455787,0.001925725690919755,0.0003999109343748586,0.4405350797441645
2020-02-25,4979555357.0,4,0.7507162004704921,5219704618.0,0.9539917909967832,-0.0004420971669329976,0.0010859821643443013,0.43969813369626887
2020-02-26,4979288260.0,4,0.7491551844565871,5217265149.0,0.954386660021369,-5.363872491637167e-05,0.0005697258617316514,0.4344878944200754
2020-02-27,4974160473.0,4,0.7490504031582064,5212229955.0,0.9543248313955097,-0.0010298232864308643,0.0012768521083930118,0.4342107099947923
2020-02-28,4997475529.0,4,0.7463323339947687,5235746126.0,0.9544915679129703,0.004687234383883521,0.001684740160449394,0.4406827956381545
2020-02-29,4992253584.0,4,0.7459199240914419,5228258455.0,0.9548597543462491,-0.0010449165723168674,0.004392279479766392,0.4380209638934065
2020-03-01,4988686956.0,4,0.7459856322933145,5223885102.0,0.9549763937361576,-0.0007144324582050166,0.005124368810815572,0.4357800663172162
2020-03-02,4994350207.0,4,0.746340554863557,5229647485.0,0.955007048051538,0.0011352187559470206,0.006752410809889309,0.4288347267559447
2020-03-03,5003898199.0,4,0.7439008230752177,5231240071.0,0.9565414951494395,0.0019117586080803495,0.008409193166856843,0.43563383876505
2020-03-04,5018966951.0,4,0.7409741261088295,5244698752.0,0.9569600063466143,0.0030114025906864406,0.010537302849460417,0.42795190629952673
2020-03-05,5016884924.0,4,0.7426575889291911,5244149199.0,0.9566632705561968,-0.0004148317811866198,0.008406378942609649,0.4264779417381104
2020-03-06,5001339699.0,4,0.7433903725733988,5228153391.0,0.9566168635391517,-0.0030985811385934037,0.0076652557876737415,0.41800018113161963
2020-03-07,5014246442.0,4,0.7425944983324618,5243060587.0,0.9563586685289623,0.0025806571392421596,0.01131197185878885,0.418202372594787
2020-03-08,5012668764.0,4,0.7417348948496559,5241439606.0,0.9563534335608636,-0.0003146391024552164,0.010979771194891796,0.4169260813858162
2020-03-09,4983370453.0,4,0.7416288223717686,5211954498.0,0.9561423559841676,-0.005844852787883159,0.004690733772339195,0.39443421013841506
2020-03-10,5009979320.0,4,0.7462860095183037,5247349957.0,0.9547637114076324,0.005339532200336672,0.010421400670973968,0.3100335484084691
2020-03-11,5006614740.0,4,0.7476155554863385,5248279700.0,0.9539534907028678,-0.00067157562638398,0.0041655220866096965,0.31549974995225893
2020-03-12,5029113779.0,4,0.7448535132166605,5275124338.0,0.9533640264689435,0.004493862653390357,0.011799683171623832,0.3193525749946231
2020-03-13,5070208465.0,4,0.7336891618613908,5300063186.0,0.9566317017489233,0.008171357381413502,0.020944035692968654,0.3304957430565607
2020-03-14,5136117594.0,4,0.7273715843002803,5388296097.0,0.9531988408839663,0.012999293708527926,0.03419966111088035,0.34754790680574676
2020-03-15,5066953183.0,4,0.7240123333223483,5325996363.0,0.9513624940115266,-0.013466282602407231,0.018775919731305102,0.3288028830227585
2020-03-16,5130779405.0,4,0.7152962989269523,5391280199.0,0.9516810879077814,0.01259656833107159,0.03053567224062914,0.34504168551741543
2020-03-17,5154416619.0,4,0.7165244264685784,5408977302.0,0.952937372670084,0.004606944117879097,0.035348343252097125,0.35121783606826096
2020-03-18,5162448729.0,4,0.7116663850613217,5424695019.0,0.9516569523113314,0.0015582966208809168,0.03509736702036781,0.3422633424333903
2020-03-19,5091557547.0,4,0.7070572336295341,5358062292.0,0.9502609841998455,-0.013732084466383077,0.01922935131928849,0.30602240694655314
2020-03-20,5167214573.0,4,0.7077399133068298,5440815259.0,0.9497132924064239,0.01485930882674169,0.03718816059757968,0.31608522582110554
2020-03-21,5212007750.0,4,0.7103980130988189,5481009210.0,0.9509211808093276,0.008668727874018511,0.04678447806231234,0.3296887796732657
2020-03-22,5166158718.0,4,0.7023980902471562,5435070454.0,0.9505228610602294,-0.008796808101446119,0.03927854365435213,0.3176495916660631
2020-03-23,5190988972.0,4,0.7034384876453423,5460360343.0,0.9506678398349067,0.004806328135735782,0.043861928475087186,0.32019534025100826
2020-03-24,5193797146.0,4,0.7026455768425438,5479578866.0,0.9478460431013714,0.0005409709046093614,0.04457085360071833,0.3210406863095465
2020-03-25,5194630719.0,4,0.6996393107312124,5498952201.0,0.9446582783635292,0.0001604939462531707,0.04273048800968815,0.32025411099266643
2020-03-26,5216914631.0,4,0.6991731820072762,5523480109.0,0.9444977673585753,0.004289797139668483,0.04766676078142851,0.32629295420839943
2020-03-27,5210414341.0,4,0.6994567290625388,5509246065.0,0.9457581454024236,-0.0012460027544582974,0.04641749361182801,0.3223680958516191
2020-03-28,5192351453.0,4,0.6995181494752069,5486237668.0,0.9464321028754965,-0.003466689368226583,0.043864885579054436,0.31932744533024526
2020-03-29,5203379693.0,4,0.6987757176274961,5497449798.0,0.9465079053369465,0.0021239394328032013,0.04120163526667664,0.3212734746514154
2020-03-30,5213556161.0,4,0.6985640598248923,5504589512.0,0.9471289638645084,0.0019557419601130555,0.04432919387534051,0.3229486404331423
2020-03-31,5214209500.0,4,0.6997207634966371,5498129318.0,0.9483606511271949,0.0001253154238343157,0.04520679409012818,0.3231885731476223
2020-04-01,5197149982.0,4,0.6977272203997426,5484245718.0,0.9476508255168592,-0.0032717362046922327,0.04060583791576322,0.31847293568275536
2020-04-02,5216060071.0,4,0.6978667542241687,5506879823.0,0.9471897405886063,0.0036385497946940237,0.0423993182040352,0.036099257244391
2020-04-03,7226364104.0,4,0.7719178446250343,7520361335.0,0.9609065019746156,0.38540661066708015,0.43981105565163947,0.43713878028710695
2020-04-04,7271876054.0,4,0.7713049352821535,7562443213.0,0.961577607815883,0.0062980427425194385,0.4494803377315817,0.4449641428649296
2020-04-05,7266785150.0,4,0.7713052400906659,7557471767.0,0.9615365262402574,-0.000700081239310979,0.45296772211912883,0.4456591370982912
2020-04-06,7281761087.0,4,0.7720843622529373,7572365440.0,0.9616230416634515,0.002060875158803821,0.45221443964281316,0.44785197344300554
2020-04-07,7259645420.0,4,0.7742909465066729,7551042009.0,0.9614097513094633,-0.003037131641064561,0.4482595523042223,0.45104292599071716
2020-04-08,7253777414.0,4,0.7730511592038792,7548153522.0,0.9610002489824823,-0.0008083047670391919,0.4555966654321695,0.4586953990408513
2020-04-09,7273460819.0,4,0.7705500844892184,7568216566.0,0.9610534735060065,0.0027135385988010796,0.451794579263852,0.46113866932723857
2020-04-10,7281431589.0,4,0.7709752922489912,7579440165.0,0.9606819805272517,0.001095870342654237,0.45436227214079583,0.46239592279824615
2020-04-11,7288021117.0,4,0.7715899268781171,7585666155.0,0.9607621754084431,0.0009049769841902311,0.4491660831839772,0.471034125358889
2020-04-12,7287502504.0,4,0.7711925958861988,7585181801.0,0.9607551532962921,-7.11596456258734e-05,0.4373181210015593,0.46794408299289003
2020-04-13,7296460316.0,4,0.7700974939212598,7597510990.0,0.9603750920010186,0.0012292019104052088,0.4206178465469146,0.47051551997755925
2020-04-14,7287774820.0,4,0.7678393687404704,7588940386.0,0.9603152020332658,-0.0011903711695593344,0.4382952746536162,0.4733422964075309
2020-04-15,7307900490.0,4,0.7663671491012122,7613376819.0,0.9598763681002035,0.002761565841025826,0.424325606920144,0.4693149997292396
2020-04-16,7294292106.0,4,0.7657362513582815,7594803190.0,0.9604320116687579,-0.0018621468667535668,0.4151537691214324,0.4696607454194863
2020-04-17,7319467323.0,4,0.7672312391635399,7819217665.0,0.9360869126029119,0.003451358491565193,0.4178285746225374,0.47434772432862915
2020-04-18,7300980120.0,4,0.7680049230583748,7801664672.0,0.935823369364112,-0.002525757979943144,0.43393844665505465,0.47142078986675595
2020-04-19,7299909328.0,4,0.7667301092757529,7800496165.0,0.9358262825323753,-0.0001466641440464045,0.4127358608531313,0.46963519612989946
2020-04-20,7323001383.0,4,0.7670519803239763,7823573706.0,0.9360174337443635,0.003163334496693926,0.4050250372325328,0.47477018234953494
2020-04-21,7329385775.0,4,0.7657229756309444,7830793196.0,0.935969778737597,0.0008718272284942152,0.418730274287326,0.4750647922420972
2020-04-22,7303986816.0,4,0.7675655128962193,7810784076.0,0.93511569964439,-0.0034653598240979022,0.40705111403577066,0.4666202898433016
2020-04-23,8082387020.0,4,0.7873883172054501,8587470416.0,0.9411836813948216,0.10657196180787842,0.5561614735424631,0.62680528177223
2020-04-24,8060147487.0,4,0.785026925181589,8553117734.0,0.9423636780959573,-0.0027516045624847996,0.5516305052289896,0.6185794627995511
2020-04-25,8090724409.0,4,0.781222150949594,8572630885.0,0.9437854630084193,0.0037935933615751427,0.5508638690238901,0.6265530174333591
2020-04-26,8110252656.0,4,0.7809591621239096,8604432709.0,0.9425668060041772,0.002413658655617601,0.5565465863590904,0.6297255456914042
2020-04-27,8124451229.0,4,0.7813548369855374,8625455878.0,0.941915574540488,0.0017506942881113652,0.5646959383509975,0.6354166689710825
2020-04-28,8131760219.0,4,0.7819340570735921,8633110935.0,0.9419269925088714,0.0008996287618676657,0.5627843245687971,0.6299149590125173
2020-04-29,8098538288.0,4,0.7846548484536645,8600774867.0,0.9416056591683369,-0.004085453838441611,0.5533616667604169,0.6293461849790694
2020-04-30,8654672539.0,4,0.7973419116676661,9147699579.0,0.9461037132076547,0.06867094174562971,0.6598244736810057,0.7437498784252587
2020-05-01,8665051572.0,4,0.7969888583089341,9140635937.0,0.9479703197591645,0.0011992404049061545,0.6672698694497672,0.7466859948419757
2020-05-02,8739122882.0,4,0.8021539723711951,9207527701.0,0.9491280575838911,0.008548282648351613,0.6754260424620788,0.7611493087898524
2020-05-03,8755310120.0,4,0.8010271904819967,9228432767.0,0.9487320697950099,0.0018522726157497171,0.21157887894877647,0.7628264064405843
2020-05-04,8776687025.0,4,0.800995798817579,9255372698.0,0.948280238017488,0.0024415931254300194,0.20693572880305866,0.7641359760224062
2020-05-05,8750798426.0,4,0.7996653979730882,9230502496.0,0.9480305573604603,-0.002949700601862393,0.2042186806637596,0.7631027014711211
2020-05-06,8825756060.0,4,0.8003217415796888,9314529388.0,0.9475257087459844,0.00856580512439753,0.21203592847291675,0.7800466864614579
2020-05-07,8892808005.0,4,0.8021792014331772,9385201295.0,0.947535138083578,0.007597303227526497,0.22496451142099994,0.7935453997564403
2020-05-08,9050926007.0,4,0.8035226825181978,9549415672.0,0.9477989353357369,0.017780435820845097,0.24775347938461012,0.8247452355900495
2020-05-09,9127596589.0,4,0.8050311426534059,9624782717.0,0.9483431322432003,0.008471020748672897,0.2549179566839157,0.8408696605591945
2020-05-10,9287780726.0,4,0.8076104676369407,9786861585.0,0.9490050150739922,0.01754943214657878,0.27554322422406274,0.8628294099077694
2020-05-11,9470238810.0,4,0.8070995856000363,9949939825.0,0.9517885511433232,0.01964496033904317,0.29942527031237187,0.905302812501275
2020-05-12,9485398226.0,4,0.8079682692626707,9963394794.0,0.9520247287312301,0.001600742737764227,0.301597937125045,0.9099926190130263
2020-05-13,9636158083.0,4,0.810330682938468,10116820987.0,0.9524887408191124,0.015893887995841682,0.32066202866469484,0.940319948182532
2020-05-14,9651466879.0,4,0.8070435070123431,10136924145.0,0.9521100030881212,0.0015886825297115603,0.3243365934569311,0.940551193446749
2020-05-15,9784723450.0,4,0.8161250775594204,10264751759.0,0.9532352734610345,0.013806872330458297,0.33892401290757035,0.9652972311395638
2020-05-16,9843027597.0,4,0.8169072960283547,10320558024.0,0.953730173708677,0.005958691351670264,0.3494150568639156,0.9771320536204062
2020-05-17,9863959171.0,4,0.8175111959986929,10341701634.0,0.9538042693642074,0.0021265381808317496,0.3476334732726287,0.977774250607673
2020-05-18,9956310169.0,4,0.8183873440396774,10434326150.0,0.954188131161685,0.009362467585177336,0.3636950115404505,0.9930568321009505
2020-05-19,9928786624.0,4,0.8175748953638324,10406775076.0,0.954069493333979,-0.00276443225781553,0.3601246505783997,0.9929538032583676
2020-05-20,9909414463.0,4,0.8169241571604721,10376233394.0,0.9550107526234004,-0.001951110617401497,0.3531903033644421,0.9902160058289597
2020-05-21,9946516591.0,4,0.815410644343726,10407425906.0,0.9557134185568134,0.0037441291953761446,0.35707368889311875,1.0009453525133316
2020-05-22,9928467245.0,4,0.8160213906861443,10385964684.0,0.9559504145334912,-0.0018146399128647905,0.3593216273680635,0.9965268701340317
2020-05-23,9900130626.0,4,0.8148374456020573,10363482963.0,0.9552899021830524,-0.0028540779055569176,0.22490182683679505,0.9911035429490826
2020-05-24,9906581689.0,4,0.8152466426776436,10370019549.0,0.9553098373816769,0.0006516139275030142,0.2290819373935855,0.9885715304643219
2020-05-25,9964006098.0,4,0.8166778374244534,10442671143.0,0.9541625855640525,0.005796591680434338,0.23153448248913167,1.000983096611853
2020-05-26,10003794326.0,4,0.8160974971890704,10484879220.0,0.9541163151329082,0.003993195870081401,0.23347505315992212,1.0090811786020195
2020-05-27,9999369873.0,4,0.8160739699134946,10475714784.0,0.9545286483240703,-0.00044227748550373924,0.23077480449479837,1.0102628226968342
2020-05-28,10015180688.0,4,0.8160530065892224,10504143820.0,0.9534504534230568,0.0015811811344925708,0.23161288801892543,1.004047969796472
2020-05-29,10037112024.0,4,0.816095707221165,10521810563.0,0.953933922674445,0.0021898093187950884,0.23937328775397404,1.0105372964563735
2020-05-30,10051709371.0,4,0.8158779410444756,10519046047.0,0.9555723328986393,0.0014543373597002418,0.16141995271393816,1.0149008064959046
2020-05-31,10117964803.0,4,0.8160894121195191,10585121020.0,0.9558667098734787,0.006591459179187131,0.16767508178426804,1.0258821235280666
2020-06-01,10086406310.0,4,0.8172696564526898,10554004111.0,0.9556947490182762,-0.003119055424134598,0.15416689365645664,1.015709734465763
2020-06-02,10124519252.0,4,0.8189409863628341,10586824965.0,0.9563319772898503,0.0037786443286755844,0.15638613746785257,1.0172516278440025
2020-06-03,10213031179.0,4,0.8191846049476856,10671128095.0,0.9570713694070786,0.008742333813283487,0.1636544803191271,1.0357316011261175
2020-06-04,10231415753.0,4,0.8182233069654883,10695185238.0,0.9566375453365477,0.0018001094560253783,0.16919796970763867,1.045735016768754
2020-06-05,10274583422.0,4,0.818646805122069,10737882005.0,0.9568538206338765,0.00421912959478199,0.16415900826517982,1.0490782694561465
2020-06-06,10275801323.0,4,0.8189733953200387,10738031561.0,0.9569539132592236,0.00011853531671102147,0.15551818022186126,1.0499661571095187
2020-06-07,10291288653.0,4,0.8188831010952387,10761958070.0,0.9562654477987573,0.0015071651848050927,0.13704262359903296,1.0651261530847305
2020-06-08,10317261886.0,4,0.8188831388390339,10787742244.0,0.9563875046920337,0.0025238076470073256,0.13033719067226412,1.0593422102189436
2020-06-09,10348855703.0,4,0.8184935258827214,10823151728.0,0.9561776424354309,0.0030622288499695394,0.11424418903750078,1.067036558718716
2020-06-10,10354918576.0,4,0.8209494341389896,10829666746.0,0.9561622549303882,0.0005858496025066273,0.0934168381335676,1.0589946919154798
2020-06-11,10402551402.0,4,0.8233359906941008,10890764535.0,0.9551718218283929,0.004600019367646313,0.0966910565215946,1.0517009258711023
2020-06-12,10435366342.0,4,0.8229581332600843,10905210278.0,0.9569156463724633,0.0031545088057618464,0.0829384752840403,1.0317615691257864
2020-06-13,10481960987.0,4,0.8242548094211463,10968146982.0,0.9556729139573086,0.004465070364848334,0.08604848552161726,1.068691106554477
2020-06-14,10488448191.0,4,0.8226090774672011,10974580616.0,0.9557037811275211,0.0006188922099639171,0.0719207593956066,1.0442212309457104
2020-06-15,10495473931.0,4,0.82350526843103,10981821533.0,0.9557133941269632,0.0006698550512007628,0.06628512696630606,1.0362098578357077
2020-06-16,10528991047.0,4,0.8227157799066315,10993052761.0,0.957785910420957,0.0031934828498789702,0.06742038003920281,1.039534259750321
2020-06-17,10576069956.0,4,0.8200909878345929,11046065654.0,0.9574513032312274,0.004471359961258026,0.06224793889303348,1.0771777316415747
2020-06-18,10614660522.0,4,0.8154614504290632,11076394900.0,0.9583136587157975,0.0036488569157115958,0.06907932700881059,1.0542325796695726
2020-06-19,10669942207.0,4,0.8116536666862966,11128934632.0,0.958756840598181,0.005208050213704185,0.07674800028192141,1.0471846395470155
2020-06-20,10758204810.0,4,0.8056867669102259,11221972787.0,0.9586732220971657,0.008272078825515505,0.08160527472848611,1.0824379190124604
2020-06-21,10805429975.0,4,0.8012389076425038,11269431397.0,0.9588265453993073,0.004389688227175448,0.08832810829301385,1.0815744424201408
2020-06-22,10823701964.0,4,0.7980563653240408,11291371486.0,0.9585816902242693,0.0016910006397037325,0.09328880323805944,1.083967020609549
2020-06-23,10857917990.0,4,0.7946983459663859,11339256517.0,0.957551138711928,0.0031612128746525414,0.09603073298798304,1.0902194164227752
2020-06-24,10816051956.0,4,0.7960567663090493,11296008399.0,0.9575109697118772,-0.003855806798187089,0.08551237821612978,1.0732660434442902
2020-06-25,10823650510.0,4,0.7970540153090674,11311637151.0,0.9568597688835113,0.000702525656395725,0.0819545221825666,1.0773109011370274
2020-06-26,10802132812.0,4,0.7965449456886475,11296196966.0,0.9562627886635595,-0.0019880259419056134,0.08028135264478986,1.0803932302692685
2020-06-27,10853521191.0,4,0.7951678644665745,11332058794.0,0.9577713448457069,0.0047572437679077595,0.08370697734934374,1.0858599278467067
2020-06-28,10895951213.0,4,0.7910196071577793,11374659438.0,0.957914500420052,0.003909332395755971,0.08556636480158897,1.0899268899234555
2020-06-29,10889401502.0,4,0.7912690636355297,11380691760.0,0.9568312481911908,-0.0006011142003082837,0.08333827611618072,1.0884088953464568
2020-06-30,10880175851.0,4,0.7916312762852341,11358673903.0,0.9578737750474885,-0.000847213779224254,0.07533244707216236,1.0934889100146812
2020-07-01,10893692708.0,4,0.7912299158232002,11383093396.0,0.9570063539870476,0.0012423381005148837,0.0800370690202743,1.088490653810954
2020-07-02,10929714663.0,4,0.7865271690617802,11425556916.0,0.9566023558724182,0.003306679926224243,0.07952924884220458,0.5124777143390946
2020-07-03,10936086630.0,4,0.7869757924558499,11431108455.0,0.9566952035361473,0.0005829948170166244,0.07079734099771917,0.5038879305409019
2020-07-04,10989191032.0,4,0.7793971704014804,11483052161.0,0.9569921722834888,0.0048558871008139715,0.07406357998674906,0.5122493379345336
2020-07-05,11054939088.0,4,0.7797960417316134,11548633482.0,0.9572508388313228,0.005982975071462837,0.07595010269020719,0.5181683326216495
2020-07-06,11065286027.0,4,0.7790850284090715,11565106680.0,0.9567820110242166,0.0009359562198973936,0.0768295025549901,0.5242185240226236
2020-07-07,11082106431.0,4,0.7775123123184702,11583052130.0,0.9567518393789703,0.001520105667305538,0.07684341627804492,0.527770401337545
2020-07-08,11107587839.0,4,0.7773867724828517,11613650912.0,0.9564251520185524,0.0022993289370258907,0.07660229639730587,0.5271392966033932
2020-07-09,11135916242.0,4,0.7742069729429185,11655649781.0,0.9554093037483656,0.002550364976681596,0.07605290493825723,0.5293580810156808
2020-07-10,11203780525.0,4,0.7725340760394758,11700112852.0,0.9575788427617468,0.006094180445076036,0.08197668989570239,0.5372870557230027
2020-07-11,11233294338.0,4,0.7716948985513559,11725234590.0,0.9580443147449215,0.0026342726844874598,0.07985953675175117,0.5414463778001057
2020-07-12,11271589243.0,4,0.7698466413434878,11771509505.0,0.9575313376939757,0.003409053822301722,0.08013354525316396,0.5448023774326796
2020-07-13,11263996610.0,4,0.7706751131897901,11763836778.0,0.9575104468522744,-0.0006736080277868206,0.0746077593658192,0.5456016257648313
2020-07-14,11290280961.0,4,0.7709548548918759,11780976433.0,0.9583484887869311,0.0023334835680495214,0.07644913293160394,0.5449418032510731
2020-07-15,11283927922.0,4,0.7712550015295694,11773476460.0,0.9584193725903114,-0.0005626998142868045,0.07512323847246005,0.5469531186882797
2020-07-16,11304435753.0,4,0.7706515810545255,11813810554.0,0.9568831073876047,0.0018174372560477714,0.07364852933567123,0.5444342127845851
2020-07-17,11322207655.0,4,0.7715035779292324,11830259623.0,0.9570548758699884,0.0015721175641414398,0.07054961834634077,0.5507791377193889
2020-07-18,11329852723.0,4,0.7705083481846622,11849455193.0,0.9561496742646065,0.0006752276793495771,0.06737777430730718,0.5520538973741071
2020-07-19,11363690406.0,4,0.7668710979047311,11894179709.0,0.9553992527455598,0.002986595132989489,0.06501892752004479,0.5517804533507624
2020-07-20,11431516339.0,4,0.7623924947855565,11969106677.0,0.9550851744823161,0.005968653718706474,0.06258586268725264,0.5596827196614576
2020-07-21,11410753303.0,4,0.764839794679346,11938472006.0,0.9557967968819812,-0.0018162976270404974,0.05602029066871994,0.5622636774211833
2020-07-22,11436668252.0,4,0.7627719824624987,11975957518.0,0.9549690064289689,0.002271098875933797,0.056631852026113316,0.4150112118733953
2020-07-23,11547082133.0,4,0.762434100649918,12097975744.0,0.9544639844997858,0.009654374732841475,0.06347111330502875,0.4326142482658022
2020-07-24,11657782870.0,4,0.75505627117693,12204801535.0,0.9551800442283882,0.009586901324935893,0.07782238079330472,0.44088245757475786
2020-07-25,11796965826.0,4,0.7519430185474597,12347906320.0,0.9553818696285671,0.011939058871835107,0.08992486546944134,0.4545743919916667
2020-07-26,11813653664.0,4,0.7570483564519754,12372278797.0,0.9548486465455779,0.001414587296948877,0.0936408457111646,0.45408635377507056
2020-07-27,11886835286.0,4,0.749262114650072,12465221658.0,0.953599993015062,0.006194664587384047,0.09520542474794702,0.4617788727004273
2020-07-28,11803206062.0,4,0.7520526461778654,12383296918.0,0.9531553785844546,-0.007035449048284237,0.08326531858159858,0.45744894229732624
2020-07-29,12126258592.0,4,0.7559254265630369,12687742037.0,0.955745991417338,0.027369896645289993,0.1135835692873326,0.40112275043985934
2020-07-30,12299839644.0,4,0.7551327542425406,12857007871.0,0.9566642384767658,0.014314477188744457,0.1304816955572936,0.4194767961618775
2020-07-31,12397234079.0,4,0.7556018039367223,12945799525.0,0.9576259894230055,0.007918349980075456,0.138019440358901,0.4185902002287465
2020-08-01,12435250649.0,4,0.7599910121543831,12997040523.0,0.9567755541728259,0.003066536435284206,0.13774705309523227,0.42030955826382543
2020-08-02,12614435581.0,4,0.7608911463569628,13171858040.0,0.9576808027153624,0.014409434683522848,0.15346887856538505,0.43726619680847056
2020-08-03,12748368294.0,4,0.7615304174649612,13308724862.0,0.9578955479348762,0.010617416224450782,0.16008250806427515,0.45682344323263013
2020-08-04,12794583552.0,4,0.7635366163615036,13363209257.0,0.9574484172129432,0.0036251900583819108,0.15736355036893523,0.44968696902778427
2020-08-05,12855573486.0,4,0.7648590802161196,13431874835.0,0.9570944967787887,0.0047668557364233255,0.16179314792510424,0.44561464486492075
2020-08-06,12921450205.0,4,0.7665570154101484,13517437732.0,0.9559097264721175,0.0051243703030239285,0.16597420223783454,0.4276384753346265
2020-08-07,13007647366.0,4,0.7674097732186116,13606345989.0,0.95599857423264,0.0066708581182819415,0.17105959948645877,0.42509008139952087
2020-08-08,13191708551.0,4,0.7674692063198573,13782849335.0,0.9571104080417636,0.014150228694014944,0.18460917488283668,0.42032945653760256
2020-08-09,13319238012.0,4,0.7641954365222815,13931351384.0,0.9560621683332885,0.009667395281434787,0.1888163983826343,0.4064310604222239
2020-08-10,13389451302.0,4,0.7654862692590898,14015095923.0,0.9553592337549925,0.00527156958504249,0.19194342275054166,0.411585574267064
2020-08-11,13446607486.0,4,0.7651248054475867,14044986697.0,0.95739553024085,0.004268747292987429,0.19296464731898855,0.3954324296238303
2020-08-12,13614643531.0,4,0.7668194305332866,14201087438.0,0.9587042957407076,0.012496538266246748,0.20868675678694126,0.41062946199641615
2020-08-13,13678904573.0,4,0.7647983931431277,14274053304.0,0.9583055549587151,0.004719994456974241,0.21156458552723523,0.39798581358985685
2020-08-14,13806569198.0,4,0.7639700090880123,14412843493.0,0.9579351364430999,0.009332956767019951,0.2235605627258277,0.4026750470767779
2020-08-15,14113158852.0,4,0.7605067730428443,14729755991.0,0.9581393514341483,0.0222060708640357,0.24846203387503119,0.4307803395509411
2020-08-16,14105832629.0,4,0.7583795545296503,14716514938.0,0.9585036055361764,-0.0005191058271807325,0.24585531892896562,0.4167731207209642
2020-08-17,14164774599.0,4,0.7562933018337453,14789004093.0,0.9577909715843906,0.004178553053211687,0.2502170103451573,0.4266370237789894
2020-08-18,14323466813.0,4,0.7570915170171783,14946391238.0,0.9583227539624237,0.011203299628304908,0.26045908514343585,0.4454402796937489
2020-08-19,14572073393.0,4,0.7566019726924954,15211544080.0,0.9579614874310642,0.017356592733147824,0.27472795041945663,0.46504288809867234
2020-08-20,14606200144.0,4,0.7536894194165595,15234414789.0,0.9587634540807172,0.0023419282952825693,0.2800382022245529,0.47114350922149817
2020-08-21,14720768870.0,4,0.7488679216309576,15351565275.0,0.9589099617074716,0.007843841989736422,0.2871553625266423,0.48692673118270835
2020-08-22,14862251855.0,4,0.7467955507926352,15483952267.0,0.9598487258756931,0.009611113811339944,0.2871002114487169,0.5002401758320574
2020-08-23,14959722936.0,4,0.7429756554673876,15589971518.0,0.959573461614582,0.006558298294965903,0.28323911182950345,0.5013763328590046
2020-08-24,15013337913.0,4,0.739982236809718,15651852185.0,0.9592051940912193,0.0035839552128988927,0.2726440115568747,0.5007643523797891
2020-08-25,15042386582.0,4,0.7444738745220474,15683049208.0,0.9591493581698899,0.0019348574692938936,0.2733051949744376,0.5043334503124044
2020-08-26,15075521825.0,4,0.7382302809746014,15713038116.0,0.9594275603296067,0.0022027916128448677,0.26825361522049107,0.5052670835048643
2020-08-27,15092894599.0,4,0.7359699554130127,15739839907.0,0.9588975928711776,0.0011523829292059418,0.2787114382075422,0.5037088918516588
2020-08-28,15253460082.0,4,0.7396755258173322,15916692357.0,0.9583310238004118,0.010638481700563807,0.2578867559416136,0.5174991157232893
2020-08-29,15368457762.0,4,0.7398706923957011,16027177068.0,0.9588998547152009,0.0075391209195678766,0.2494844003512604,0.5189277746294607
2020-08-30,15590425809.0,4,0.7381920066514958,16239233729.0,0.9600468882444029,0.014443091846784828,0.25757291583362374,0.5456868710060918
2020-08-31,15629996993.0,4,0.7370226670530473,16279044423.0,0.960129881513009,0.002538172111832715,0.2569104905221118,0.5437767072162412
2020-09-01,14881312149.0,4,0.7304580115361392,15532002662.0,0.9581064639789205,-0.047900511070814944,0.17970495417285215,0.4570906411799567
2020-09-02,15045936604.0,4,0.7286332155727961,15710624166.0,0.9576918424769859,0.011062495924532012,0.18022450065875084,0.4705625269492457
2020-09-03,15321333311.0,4,0.7301727296911754,15988893435.0,0.95824851002267,0.018303726397915554,0.19748589305237907,0.4911877865718497
2020-09-04,15408682552.0,4,0.7228559880466261,16074034556.0,0.9586070316271877,0.005701151409406968,0.1985993910563688,0.4995115288489702
2020-09-05,15569808284.0,4,0.7248061989620478,16250017617.0,0.9581410095033746,0.010456814296501138,0.20495826992973343,0.512911434999082
2020-09-06,15640349502.0,4,0.7188822355577527,16314487648.0,0.9586785585581878,0.004530641399900226,0.20239648738337412,0.5159399533342426
2020-09-07,15683724422.0,4,0.715472795468164,16369358912.0,0.9581147622404823,0.0027732705074432484,0.18890774165952084,0.5155032471322882
2020-09-08,16005853694.0,4,0.7135999144010027,16693319540.0,0.9588179065072878,0.02053908008917449,0.2017094130744932,0.5457247274833616
2020-09-09,15996471457.0,4,0.7144087160139596,16683353126.0,0.9588283204334064,-0.0005861753568019434,0.19470701944377566,0.5377450049345116
2020-09-10,16305440566.0,4,0.7136475347225136,17028544020.0,0.9575358026410998,0.0193148288877667,0.21260627135703092,0.5625173119581124
2020-09-11,16370809355.0,4,0.7082894546273256,17127423300.0,0.9558244149311123,0.00400901703547385,0.20244127712373228,0.5618078883620634
2020-09-12,16451531889.0,4,0.7022233576817984,17222888229.0,0.9552132993175219,0.004930882294792882,0.20269366609024586,0.5685382231393243
2020-09-13,16511997706.0,4,0.697723789295607,17296473959.0,0.9546453077743162,0.0036753912892713014,0.19595226512839292,0.5732493658270419
2020-09-14,16832523972.0,4,0.6963537060306098,17626513489.0,0.954954817497204,0.01941171938774744,0.19268295273347924,0.598683472790686
2020-09-15,15931579455.0,4,0.6718242033783277,16766487247.0,0.9502037737720291,-0.053524029937439765,0.12943204942375908,0.5063799238545807
2020-09-16,17069273141.0,4,0.6782261336633166,17914861141.0,0.952799634150399,0.07141123008007488,0.2050508126126518,0.6080846962201134
2020-09-17,17303431933.0,4,0.6833624239248383,18167633011.0,0.9524318287651038,0.013718146640793849,0.20804775540062548,0.6216987493754285
2020-09-18,17539656092.0,4,0.6795362852624037,18397062583.0,0.9533943809164244,0.013651867439631316,0.2036486242531239,0.6303515690365444
2020-09-19,17644583867.0,4,0.6726301058944085,18522247374.0,0.9526157118367833,0.005982316554533629,0.20802013480885528,0.6329367649249886
2020-09-20,17915783630.0,4,0.6674997460678718,18818356670.0,0.9520376270984984,0.015370142194581105,0.21704129643059877,0.655236229673406
2020-09-21,17983664267.0,4,0.6633833458438827,18900033656.0,0.9515149334821904,0.003788873453814956,0.2100228446169068,0.656271882285602
2020-09-22,18053448125.0,4,0.659122489286049,18962696330.0,0.9520506899875035,0.0038804026233993927,0.2068036421687376,0.6691347451400871
2020-09-23,18067416749.0,4,0.6582248784029802,18988744019.0,0.9514803470372697,0.000773737177700573,0.20342437196164642,0.6692535233198322
2020-09-24,18146890515.0,4,0.6533195526289227,19071443302.0,0.9515216141558073,0.004398734312939245,0.20638373545823563,0.6799358821843746
2020-09-25,18224782505.0,4,0.6487974426634647,19143946257.0,0.9519867147734022,0.004292305061057933,0.20889895000367598,0.679158513101944
2020-09-26,18230094534.0,4,0.6484744146849487,19167981519.0,0.9510701226380914,0.00029147283368358146,0.20785939465898462,0.673107209974436
2020-09-27,18300523937.0,4,0.644236944304214,19254845168.0,0.9504373458901656,0.003863359176149439,0.19976214174485696,0.6805812453181048
2020-09-28,18345064355.0,4,0.6418451059088606,19302943363.0,0.950376531185598,0.0024338329412496584,0.19368284307355466,0.686099986455081
2020-09-29,18280977101.0,4,0.6454336924159455,19215170367.0,0.9513825145363074,-0.0034934330433423755,0.17257715247564342,0.6781249105342397
2020-09-30,18277715150.0,4,0.6455872935681234,19222845395.0,0.9508329685028921,-0.0001784341713234605,0.1693997867169008,0.6722957289886937
2020-10-01,18263367957.0,4,0.6464257108793688,19240552781.0,0.949212227157789,-0.0007849554981165241,0.22726865575676203,0.6700094444112867
2020-10-02,18392800362.0,4,0.6501384692114842,19388146193.0,0.9486621453597578,0.007086995416439201,0.22244303203498994,0.6737174109032269
2020-10-03,18450153324.0,4,0.6469743259279054,19469681949.0,0.9476350652429448,0.0031182289195337276,0.2042132985093179,0.6689511518003219
2020-10-04,18487463356.0,4,0.6449897264476235,19515757283.0,0.9473095554485227,0.002022207151604949,0.19980817916197413,0.670762356335789
2020-10-05,18496066248.0,4,0.6445080152597077,19538488716.0,0.9466477431723589,0.00046533652748026455,0.18794437995791569,0.6690027625308592
2020-10-06,18509991321.0,4,0.6438245850019064,19556497402.0,0.9464880617685161,0.0007528667346499152,0.1834768346214415,0.6664276339106969
2020-10-07,18523425947.0,4,0.6430538021372166,19592005881.0,0.9454583700877565,0.0007258040140061262,0.18106040686462666,0.6633948697582166
2020-10-08,18530803505.0,4,0.6430427496692962,19610520376.0,0.9449419571588017,0.0003982825866613027,0.15775164881998838,0.6539777322173133
2020-10-09,18778900504.0,4,0.6402649144704232,19885140655.0,0.9443685025822615,0.013388356254118161,0.17394017514921511,0.6717180142315613
2020-10-10,18810723204.0,4,0.6382619296474147,19968511646.0,0.9420192920471405,0.001694598679684134,0.153647037493976,0.6688616661294708
2020-10-11,18860906342.0,4,0.6356219660875085,20027811790.0,0.9417357492553109,0.0026677941861017462,0.15210591810107843,0.6744417629933928
2020-10-12,18871394345.0,4,0.6349365151191612,20049862183.0,0.941223145214474,0.0005560709973224665,0.14709040302915466,0.6714725178396737
2020-10-13,18854435067.0,4,0.6358851556034328,20076105724.0,0.9391480263256657,-0.0008986764671415903,0.14186274748262728,0.6709106259213129
2020-10-14,18807861549.0,4,0.6381052964792113,20044629130.0,0.9382993033705483,-0.00247016247553955,0.11735242915951694,0.663759426825768
2020-10-15,18747596972.0,4,0.641638888163289,20031295392.0,0.93591535670166,-0.0032042227045852023,0.17675695777396472,0.6558252191851359
2020-10-16,18727691247.0,4,0.6428143885288536,20020759547.0,0.935413624195204,-0.0010617747453035564,0.09715809761204874,0.6529509875253829
2020-10-17,18692662182.0,4,0.6446748679927546,19996328714.0,0.93480470587147,-0.0018704422524913333,0.08028639950613203,0.6449464490981136
2020-10-18,18691034529.0,4,0.6447936599887928,19989049444.0,0.9350636998204226,-8.707443509936574e-05,0.06564429946406736,0.6350442036489312
2020-10-19,18730799103.0,4,0.6424415616488525,20028314554.0,0.9352159440325515,0.0021274677941611753,0.061560830461494076,0.6415041676587196
2020-10-20,18861697821.0,4,0.6461107891896106,20161464213.0,0.9355321429897975,0.006988421437878367,0.05279781284119034,0.6492301258892894
2020-10-21,19167612998.0,4,0.6502268628549785,20490481064.0,0.9354398726965877,0.01621885685494351,0.06583467715044833,0.659952945447712
2020-10-22,19246263160.0,4,0.645982279347404,20582540993.0,0.9350771202907133,0.004103284118278427,0.0660713137313762,0.6509368354704996
2020-10-23,19371845950.0,4,0.6495945322738339,20687161494.0,0.9364187520660344,0.006525047951178475,0.07219788081061429,0.6421040999631695
2020-10-24,19353008848.0,4,0.6504531038023224,20667287789.0,0.9364077689139494,-0.0009723958185823278,0.06646418745972138,0.6381899620923237
2020-10-25,19377903083.0,4,0.6492192492715934,20703575834.0,0.9359688992071146,0.001286323754384755,0.0632721173865114,0.6301986707784857
2020-10-26,19401877813.0,4,0.6479564102436111,20739303757.0,0.935512495517185,0.0012372200385826204,0.06427741100379758,0.6437803179141006
2020-10-27,19485306348.0,4,0.6539994687582712,20820459145.0,0.9358730377797343,0.004300023729873148,0.06474035470670914,0.6068687798605046
2020-10-28,19523489094.0,4,0.6520383258441718,20852357853.0,0.9362724940571256,0.0019595661119240493,0.06423660970580447,0.5872962297946525
2020-10-29,19682441847.0,4,0.6539961077570143,21000285806.0,0.9372463798267222,0.008141616093039872,0.07666246384189912,0.587647835119981
2020-10-30,19715438359.0,4,0.6524189987541311,21036905639.0,0.9371833813072702,0.0016764440233836275,0.07865989797964446,0.5854476049974471
2020-10-31,19859871655.0,4,0.6549209724783662,21187499543.0,0.9373390953800103,0.0073258982818440455,0.08741562354538734,0.5743765567215036
2020-11-01,19904730077.0,4,0.6522132604426898,21231726205.0,0.9374993763960889,0.0022587468227019958,0.08220225769011691,0.5613551176089047
2020-11-02,19919503351.0,4,0.6513334984014428,21248302437.0,0.9374632825403435,0.0007421991628548952,0.07963890604034529,0.5568700044079402
2020-11-03,19926339847.0,4,0.6509882822225442,21233946173.0,0.9384190618481135,0.00034320614723837295,0.077829849519784,0.5500156308623818
2020-11-04,20069220309.0,4,0.6533453404248726,21366589230.0,0.9392804856669208,0.007170431855377135,0.08505344000755333,0.5531708895363885
2020-11-05,20034159696.0,4,0.6551277031485163,21322481969.0,0.9395791599273928,-0.0017469843103110616,0.08234300862533606,0.5401831808852866
2020-11-06,20328999577.0,4,0.6594366994816463,21608958242.0,0.9407672202118368,0.014716857880436418,0.09747514499564947,0.5410437168473492
2020-11-07,20467441018.0,4,0.6618741401242044,21720781734.0,0.94229762393689,0.006810046922162805,0.10450909548943499,0.5366825789553282
2020-11-08,20503333986.0,4,0.6599820359683662,21755135515.0,0.9424594929258476,0.0017536617288127498,0.09182824530289646,0.531305019417591
2020-11-09,20489966346.0,4,0.6606718449846538,21741002105.0,0.9424573093292564,-0.0006519739672156133,0.08927052531626845,0.5238019230748892
2020-11-10,20464327205.0,4,0.661931199016403,21681847475.0,0.9438461011496438,-0.001251302250430797,0.0850129274768443,0.5031114959714915
2020-11-11,20609756883.0,4,0.664119169906626,21851417384.0,0.9431771184825216,0.007106496907675952,0.09211627430490221,0.5066818233150343
2020-11-12,20798907303.0,4,0.6637875193388969,22050019495.0,0.9432602682150145,0.009177712336627453,0.10313076096367979,0.5064500821835523
2020-11-13,20964912038.0,4,0.6681790708902898,22221618449.0,0.9434466749627521,0.007981416166803035,0.1146887690224776,0.48548686072707437
2020-11-14,20968044116.0,4,0.6676494775776393,22249954555.0,0.9423859300102737,0.00014939619085074796,0.1184390270025697,0.4864804274575092
2020-11-15,20992693095.0,4,0.6663350769878479,22293125031.0,0.9416666827018793,0.0011755497491152678,0.12094399774787146,0.4820350968720699
2020-11-16,20992610507.0,4,0.6662870701181639,22295960588.0,0.941543219191844,-3.934130777150102e-06,0.12304016959204045,0.4656096028335175
2020-11-17,21150241521.0,4,0.6679239361344894,22431750392.0,0.942870759142495,0.007508880991596412,0.1315714755212949,0.4514229341694065
2020-11-18,21094699538.0,4,0.6707910657545494,22375423887.0,0.9427620073046261,-0.0026260684987853278,0.12620392872727937,0.4442291170893873
2020-11-19,21096444788.0,4,0.6707992681774911,22386337655.0,0.9423803532815962,8.273405349323859e-05,0.118480689713516,0.43310753495989096
2020-11-20,21280319601.0,4,0.6743068634396441,22566217488.0,0.943016684666635,0.008715914688364412,0.11022272847539472,0.43183683122963745
2020-11-21,21676660631.0,4,0.6774883310637232,22967085725.0,0.9438141560731254,0.018624768679760484,0.1262789275401346,0.4490014770819015
2020-11-22,21731301027.0,4,0.6745959754150259,23021343457.0,0.9439631995235386,0.0025207017321597913,0.12179815403704475,0.44746632314076784
2020-11-23,21819218205.0,4,0.6696597766391763,23085482714.0,0.9451488831883041,0.00404564723901113,0.1274328646449654,0.45051572009918184
2020-11-24,21998925355.0,4,0.6732558258098522,23245455645.0,0.9463753127046953,0.00823618648072455,0.13525830224114355,0.45924801876634214
2020-11-25,22206979579.0,4,0.6751423569154935,23468751798.0,0.9462360746809071,0.009457472155689262,0.14457888009790865,0.4713532538994445
2020-11-26,22235057694.0,4,0.673658368269475,23476455550.0,0.9471215808810628,0.0012643824388685054,0.14111922578431724,0.4577058303144417
2020-11-27,22205392392.0,4,0.6755484423319472,23456593336.0,0.9466588806789893,-0.001334167979604839,0.13736803319772428,0.4448679715218389
2020-11-28,22209965295.0,4,0.6753849283003291,23444438936.0,0.9473447138415239,0.0002059365995101814,0.12841513607140387,0.42459003795641626
2020-11-29,22294050956.0,4,0.6711199788572507,23590477413.0,0.9450445010372881,0.003785942926211039,0.13079154265027415,0.426363099492888
2020-11-30,22302610303.0,4,0.6706152945171528,23608193267.0,0.9446978873294396,0.00038392964189837286,0.12299871270240592,0.4986991791915809
2020-12-01,22718951631.0,4,0.6745078968055738,24042598073.0,0.9449457817336944,0.018667829565402805,0.14138456251922982,0.5099725745860255
2020-12-02,22935857753.0,4,0.6760241929002788,24234987463.0,0.9463944550421821,0.009547364927879443,0.15142718916476272,0.49698836827295745
2020-12-03,22967519811.0,4,0.6741256248546309,24292980539.0,0.9454385300366045,0.0013804610379508642,0.1526211028894935,0.4905570111845081
2020-12-04,22979500358.0,4,0.6735200764757593,24394975270.0,0.9419767843035817,0.0005216299843686656,0.1450121132854818,0.47590130455327584
2020-12-05,23166142213.0,4,0.6736330935040801,24602472650.0,0.9416184520379905,0.008122102399629627,0.156332112977283,0.4811780395340681
2020-12-06,23187413740.0,4,0.6726706823285946,24631922957.0,0.9413562140673433,0.0009182161969143454,0.1406077142248543,0.4784379727735055
2020-12-07,23225196786.0,4,0.6709026652043066,24679621713.0,0.9410677787563543,0.0016294635712141847,0.13473866936148515,0.4510439261797241
2020-12-08,23198404341.0,4,0.6722487579694639,24610380941.0,0.9426267881271314,-0.0011535938854198013,0.13144546915346722,0.4502200940600847
2020-12-09,23194769109.0,4,0.6725844892051881,24603810064.0,0.9427307822920609,-0.00015670181218352397,0.13200620817652164,0.422517166286545
2020-12-10,23214122831.0,4,0.6716044705076594,24601247569.0,0.9436156750136561,0.0008344002869375977,0.1343701944585869,0.41801925168164655
2020-12-11,23367157620.0,4,0.6731874843813191,24755657672.0,0.9439118091550253,0.006592314088889051,0.13379103657813873,0.4203636340773833
2020-12-12,23393606821.0,4,0.6721946782745222,24801836725.0,0.9432207412856436,0.0011318963748232491,0.12475172278044355,0.41676417581498426
2020-12-13,23493350774.0,4,0.6674975957668342,24925034081.0,0.9425604273058406,0.004263726998714024,0.12060335533090116,0.39571170747060447
2020-12-14,23537545880.0,4,0.6655096797602802,24978025621.0,0.9423301199679717,0.0018811750790743709,0.12254370268323211,0.47741446141505617
2020-12-15,23544056200.0,4,0.6653171919030406,25045581404.0,0.9400482991478811,0.0002765929818338009,0.12153576930097065,0.3793238883410752
2020-12-16,23748487774.0,4,0.6674207234058107,25274413332.0,0.9396256784299708,0.00868293773440798,0.1312784451500708,0.3724726901550901
2020-12-17,23793913223.0,4,0.6652560198418537,25408602917.0,0.9364510634734794,0.0019127722755354348,0.12499487059639991,0.3565780935609464
2020-12-18,23781237151.0,4,0.6657208025911694,25434573975.0,0.934996480553396,-0.0005327443149514277,0.12735605018504614,0.3477924631295586
2020-12-19,23987668657.0,4,0.6677538946868633,25692992103.0,0.93362690343096,0.008680435954162347,0.13704791959281093,0.3389126120519017
2020-12-20,24087205176.0,4,0.6632838585021699,25835344038.0,0.932335375157817,0.004149486989472484,0.13190053662859924,0.3393936195861924
2020-12-21,24082416828.0,5,0.6632673074415777,25829530660.0,0.9323598304979809,-0.00019879217887719403,0.11098370906630817,0.33395109129602907
2020-12-22,24235008397.0,5,0.6648212053914548,25956637288.0,0.9336728840528228,0.006336223232486615,0.11521203295142235,0.3413654388827536
2020-12-23,24239685695.0,5,0.6647562263443005,25937013754.0,0.9345596191181323,0.00019299758115942645,0.11093282386466696,0.3357487154597516
2020-12-24,24501299774.0,5,0.6644120618770282,26187858197.0,0.9355976953016644,0.010792799968275313,0.11374984816843559,0.34439463226944
2020-12-25,24804529056.0,5,0.6622670793416685,26491777649.0,0.9363104803552627,0.012376048813613538,0.11696995837544555,0.3606363373343109
2020-12-26,24802064538.0,5,0.6623888691065665,26526907626.0,0.9349776041625969,-9.93575808044822e-05,0.11544862528927413,0.3552652712775717
2020-12-27,24825254485.0,5,0.6613176180251525,26550584276.0,0.935017257132093,0.0009350006715960202,0.11798314782061059,0.3532388878338171
2020-12-28,24862690728.0,5,0.659952064983436,26583425154.0,0.9352704019127843,0.001507990301675255,0.1194385222023373,0.3600307352630494
2020-12-29,25136407299.0,5,0.6589360494834481,26831297054.0,0.9368316130379792,0.011009129059862621,0.12749393767017647,0.375248880547304
2020-12-30,25198794106.0,5,0.6562199929380524,26887152847.0,0.9372057446689309,0.0024819301445071495,0.12985851268765725,0.3797451907736318
2020-12-31,25234276204.0,5,0.6543338251132734,27064715439.0,0.932368059101691,0.001408087143009329,0.11071481703265929,0.37196488339723754
2021-01-01,25458803877.0,5,0.6453155559230679,27375658126.0,0.9299796103466287,0.008897725902057285,0.11000007722274963,0.37986950189097524
2021-01-02,26213780257.0,5,0.6406204706598062,28273706662.0,0.927143390513825,0.0296548252481752,0.14134135826216832,0.417921958909115
2021-01-03,27061921889.0,5,0.6475443947616041,29253311943.0,0.9250891639801361,0.03235480055470119,0.1776549301507664,0.4631176989824113
2021-01-04,27269784295.0,5,0.6395062697762994,29421759680.0,0.9268576927958919,0.007680992017218502,0.1771396395769851,0.47324673588916366
2021-01-05,27384468600.0,5,0.6348802401366817,29278125285.0,0.9353217917278954,0.004205545000259825,0.1810057347085574,0.47836953479089583
2021-01-06,27916508835.0,5,0.6433762503806153,30082707424.0,0.9279919005138545,0.019428539686908497,0.20199234875064187,0.5064920864045392
2021-01-07,28780616730.0,5,0.6446824212288605,31125447521.0,0.9246651541502184,0.030953293626624134,0.24062915306352362,0.5326039308781461
2021-01-08,28956750034.0,5,0.6384005603318068,31205749318.0,0.9279299701769141,0.006119858571911774,0.248417257267038,0.5393746279697795
2021-01-09,29771213660.0,5,0.6412127056956731,32056057167.0,0.9287235016116666,0.02812690046513122,0.2824612791418377,0.5784614546176192
2021-01-10,29941858598.0,5,0.6354424408002338,32342791893.0,0.9257660469466262,0.005731877106148087,0.28136502885454506,0.5866267245871597
2021-01-11,29911296233.0,5,0.6361717115280453,32265050108.0,0.9270494275656992,-0.0010207237102523026,0.27860985532804605,0.586432906990265
2021-01-12,29868476916.0,5,0.6380398876153677,32277903447.0,0.9253536855342462,-0.0014315433429046287,0.27135874330260834,0.5880846867244238
2021-01-13,30255494574.0,5,0.6422673290018053,32566525810.0,0.9290366049641572,0.012957395152368267,0.2854141518512465,0.6138332085539993
2021-01-14,30368065802.0,5,0.6378889152125826,32637676033.0,0.930460421608904,0.0037206870879162857,0.28984001499282863,0.6215595078685783
2021-01-15,30457566742.0,5,0.6347443835221261,32643280328.0,0.9330424649717207,0.002947205810984066,0.28250552337674084,0.629386250361329
2021-01-16,30502368340.0,5,0.6342021262795816,32786523404.0,0.9303325016850877,0.0014709513198971624,0.28193996734069704,0.6319250971728811
2021-01-17,30680996636.0,5,0.6280299438140919,33013894956.0,0.9293358653043143,0.005856210704981546,0.2901345897688028,0.6379972080895369
2021-01-18,30742128523.0,5,0.6256633616276769,32988630915.0,0.9319007085262665,0.0019925000392024828,0.28158050549147196,0.629870694289923
2021-01-19,31221121825.0,5,0.6268728125299438,33542943279.0,0.9307806284413447,0.015581006423860178,0.29617037746280706,0.628847672804
2021-01-20,31314855043.0,5,0.6240712014056295,33588749567.0,0.9323019000911532,0.0030022373483371556,0.3003202820819475,0.6270615642460122
2021-01-21,31449862041.0,5,0.6201060494589203,33767194674.0,0.9313732557480028,0.004311276479313619,0.297703781480559,0.6234829722564461
2021-01-22,31497922191.0,5,0.6188143001015143,33816917907.0,0.9314249831289334,0.0015281513774956235,0.2994360812812511,0.6275465194268794
2021-01-23,31617389031.0,5,0.6145121160224961,34070284632.0,0.9280048397747709,0.00379284827981885,0.29043721445959236,0.6316207638966651
2021-01-24,31686910742.0,5,0.6126257843374031,34120643812.0,0.9286727095945337,0.002198844152875301,0.2774647190624735,0.633187830961834
2021-01-25,31755611864.0,5,0.6101515976721118,34279281923.0,0.9263791445611724,0.002168123063790439,0.28036163341750275,0.6297209444315173
2021-01-26,31672192412.0,5,0.6122096668673386,34222369790.0,0.9254821511879876,-0.002626920002589239,0.2758053469758821,0.6222608704575026
2021-01-27,32051396849.0,5,0.6165509583550074,34732159954.0,0.9228161131196431,0.011972787739706003,0.2891362885717026,0.6284258375129037
2021-01-28,32582479573.0,5,0.6166041866695054,35415385053.0,0.9200091859580098,0.01656972164121351,0.29622659218671354,0.6526378455149215
2021-01-29,33280259219.0,5,0.6156739938659549,36040572347.0,0.923410951928743,0.02141579324669407,0.3207084068787145,0.6757539926307243
2021-01-30,33771511759.0,5,0.6166362398566112,36551703484.0,0.9239381079402499,0.014761079136052402,0.3383190183852678,0.6966576099428308
2021-01-31,33802983135.0,5,0.615676274831625,36629455491.0,0.9228360804682321,0.0009318912408950997,0.32775221091743045,0.6969792137565027
2021-02-01,34207836008.0,5,0.6172392759919854,37167703961.0,0.920364519796386,0.011976838593893424,0.30495623571366837,0.7167144729366917
2021-02-02,34277003255.0,5,0.615416978492413,37086696036.0,0.9242398735580911,0.0020219708426989502,0.2666137828493531,0.7079389596230876
2021-02-03,32732482649.0,5,0.5995647487741886,35663097749.0,0.9178249988089671,-0.04505996613851304,0.20032055607427757,0.6338335695474833
2021-02-04,35308047055.0,5,0.615988742131846,38242784718.0,0.9232603565707733,0.07868527522395818,0.2893457079901123,0.7368315111259645
2021-02-05,35804613127.0,5,0.6150891745666717,38765375111.0,0.9236235435482769,0.01406382151996377,0.2825605572180423,0.7493448788010084
2021-02-06,36843416882.0,5,0.6186675394115089,39983126144.0,0.9214741425997488,0.029013126082813256,0.2801468859281113,0.7969476040900112
2021-02-07,36966486901.0,5,0.615675602833272,40081733742.0,0.9222776424529845,0.0033403530241009616,0.27661035363413533,0.8041262868260644
2021-02-08,38421588806.0,5,0.6254014881815486,41494705769.0,0.9259395408149664,0.03936273167901816,0.2905617233073192,0.877490934400841
2021-02-09,38502738031.0,5,0.6226943165606966,41832015214.0,0.92041317718096,0.0021120736419761865,0.2859167678245542,0.8681801172899357
2021-02-10,39767595652.0,5,0.6238385573172351,43063490614.0,0.9234642869166648,0.03285110840641026,0.32951762913323424,0.9120040814001795
2021-02-11,39966431349.0,5,0.6222356812796148,43411624696.0,0.9206389216914648,0.004999942635204313,0.3380806614745966,0.9063486303476376
2021-02-12,40184161695.0,5,0.6171498642585193,43642979052.0,0.920747450514804,0.0054478305580678565,0.3281607939581388,0.9164477846713817
2021-02-13,41307393083.0,5,0.6214813828180128,44805054278.0,0.9219360125467495,0.027952092083577407,0.36022469630843434,0.9677033764114102
2021-02-14,41579738478.0,5,0.6154509765382875,45273122444.0,0.9184199417531123,0.006593139258455949,0.3651694119301685,0.9806845110633196
2021-02-15,41682646706.0,5,0.6136169560052486,45318287216.0,0.9197754210640952,0.0024749609248853055,0.36653804194405715,0.9707882136765884
2021-02-16,42079851001.0,5,0.6162504497406447,45778782256.0,0.9191998766084435,0.00952924841365288,0.371528164493359,0.9948068435484156
2021-02-17,42977388650.0,5,0.6247888528116299,46681235565.0,0.9206566220844202,0.021329392277997128,0.39799651861601193,1.0371863165516038
2021-02-18,43065028263.0,5,0.6226877110024168,46840234398.0,0.9194024926749471,0.0020392028402125284,0.3793555691043782,1.02370213748934
2021-02-19,43615493477.0,5,0.6219102039157792,47471759076.0,0.9187671644350422,0.012782186293673892,0.39280521711211414,1.0120946772873798
2021-02-20,44683041268.0,5,0.6217086919042559,49109402708.0,0.9098673330172892,0.024476343287574087,0.4207706606072994,1.056160430177819
2021-02-21,44899306928.0,5,0.6171993718451878,49566655523.0,0.9058369271488521,0.0048399941871208885,0.4254688501589232,1.0577871537904628
2021-02-22,44902467770.0,5,0.6170054845104264,49555991966.0,0.9060956301875109,7.039845860123961e-05,0.4201826635961097,1.0411209659291103
2021-02-23,45231269203.0,5,0.6104393344117439,49998356144.0,0.904655126515153,0.007322569322563588,0.4274433241940301,1.0368041967207864
2021-02-24,45273021573.0,5,0.6100677712826835,49999448699.0,0.9054704151949073,0.0009230864120264304,0.42566994983094997,1.0361099213705507
2021-02-25,45475635356.0,5,0.6061557862743747,50562420978.0,0.8993959244116636,0.00447537575271606,0.43582214847779643,1.0479545937852301
2021-02-26,45617081923.0,5,0.6035032538155488,50336048106.0,0.9062507614212665,0.003110381326015599,0.4232478583666861,1.0539015400113887
2021-02-27,45904482463.0,5,0.5984508366975383,51066701418.0,0.8989122302467647,0.0063002833124030655,0.4088701370978376,1.0590462699487877
2021-02-28,45996033655.0,5,0.5968831250537285,50754678543.0,0.9062422416099352,0.0019943845804990534,0.38208159234350103,1.0623609985604654
2021-03-01,46840621819.0,5,0.6000700763481652,52105582169.0,0.8989559250499581,0.018362195539183945,0.3869862312727863,1.0617422220788564
2021-03-02,46844631780.0,5,0.5994487014585999,52516852234.0,0.8919923755383088,8.560862013085035e-05,0.3858135417491164,1.0424190054053133
2021-03-03,47986535981.0,5,0.606422711384938,54029072554.0,0.8881613863173254,0.02437641534600621,0.4027936748111647,1.089321632282536
2021-03-04,47922336740.0,5,0.6075432172858296,53444825224.0,0.89666935085195,-0.0013378594576074487,0.3980900367364977,1.0854385862796398
2021-03-05,47928744180.0,5,0.6072941442027889,53892609327.0,0.889337977480112,0.00013370466542061976,0.46425630753261116,1.0689134919107994
2021-03-06,48073053814.0,5,0.6048057018499291,54054094234.0,0.8893508344787335,0.0030109204083885732,0.36153250671484916,1.073239144004682
2021-03-07,48316299863.0,5,0.6004298816524423,54357759822.0,0.8888574514699764,0.0050599250453517985,0.34944342762818525,1.080339740850969
2021-03-08,48308057010.0,5,0.6007257868136668,54355635147.0,0.8887405487831233,-0.00017060190915640927,0.3111720111280205,1.0823870598988625
2021-03-09,48273749947.0,5,0.6012168352927885,54101141780.0,0.8922870822819814,-0.0007101726942340125,0.30587875651484,1.0812343386625431
2021-03-10,49353039947.0,5,0.6056392126777749,55427420786.0,0.8904083799523596,0.02235769960247458,0.2845132510317461,1.1259920224551516
2021-03-11,49832910922.0,5,0.6067200513740152,55698583027.0,0.8946890246353915,0.009723230332221222,0.2942692772103026,1.1326047323508406
2021-03-12,49955235804.0,5,0.6044327607031859,56023489973.0,0.8916837531556042,0.0024547007135800047,0.2561794341591692,1.1354225616528755
2021-03-13,50185449742.0,5,0.6002150171648886,56422136775.0,0.8894638276839703,0.0046084045905268045,0.2556900390671406,1.1361554690419062
2021-03-14,50203858556.0,5,0.5996940855249303,56458947299.0,0.8892099650765045,0.0003668157622307433,0.24934442920696087,1.132926636105191
2021-03-15,51303032161.0,5,0.6037978433520435,57499218523.0,0.8922387726100748,0.021894205676918688,0.24198184227979502,1.1790226681925775
2021-03-16,51934058166.0,5,0.6066201078618811,58209242175.0,0.8921960882065031,0.012299974843976269,0.2490232037769673,1.186836427659101
2021-03-17,52009093156.0,5,0.605273333879347,58347051686.0,0.8913748279157565,0.0014448127616015771,0.24773970143583912,1.1858150304476296
2021-03-18,52167768481.0,5,0.6023888475660225,58668266552.0,0.8891990772347372,0.00305091504910604,0.23973272813537916,1.1936524222755311
2021-03-19,52316440158.0,5,0.5999111851182466,58962195777.0,0.8872878539982668,0.0028498761079678303,0.21730151136113762,1.1809722697971816
2021-03-20,52492125946.0,5,0.5973019491109289,59207118625.0,0.886584707465149,0.003358137279016127,0.21890378488615636,1.1792534900770506
2021-03-21,53526301029.0,5,0.6023937121893524,60280760071.0,0.8879500020563037,0.019701527883703607,0.22723135202462674,1.2226299549290403
2021-03-22,53668186692.0,5,0.600101168595952,60481721213.0,0.887345558553061,0.0026507653297980216,0.20108625485245923,1.2144901215979553
2021-03-23,53866838838.0,5,0.5969454675812369,60713414482.0,0.8872312535472727,0.0037014879436874093,0.19972539719555638,1.2222581396388028
2021-03-24,53851847406.0,5,0.5971524211708275,60538066683.0,0.8895534719995016,-0.0002783053975951022,0.19930707777222012,1.1979179840551097
2021-03-25,53989726167.0,5,0.5949828716393277,60604268208.0,0.8908568284613516,0.0025603348379212854,0.1936372142177052,1.1766075882799458
2021-03-26,54227764642.0,5,0.5914447624453996,60788650682.0,0.8920705433268857,0.00440895873899616,0.19779424385361644,1.1864213988684686
2021-03-27,55238162797.0,5,0.5925730992153955,62237804352.0,0.8875339252745496,0.018632487650384055,0.21467599879749555,1.225079417831394
2021-03-28,55347661549.0,5,0.5909071731362744,62382334411.0,0.8872329333549345,0.001982302568650063,0.21330999739143475,1.2261332111841083
2021-03-29,55401198508.0,5,0.5900062198125277,62853307642.0,0.8814364841951399,0.0009672849313173693,0.2068799283959808,1.2040221519725303
2021-03-30,55219535328.0,5,0.5925858134357416,62475929792.0,0.8838529576405092,-0.0032790478345656737,0.2005281964567256,1.1913562647369647
2021-03-31,55356557878.0,5,0.5905415982067571,62756614847.0,0.8820832355753849,0.0024814143977507364,0.18180663979882672,1.1937049999169456
2021-04-01,56491363331.0,5,0.5979316382522939,63839005507.0,0.8849035614253996,0.02049992803925771,0.20593035283753913,1.2189323427733951
2021-04-02,56521600463.0,5,0.5977603421691323,63976734696.0,0.8834711670043061,0.0005352522972905671,0.17786373422285395,1.1561789222638632
2021-04-03,56440275268.0,5,0.5985388017424107,66361769333.0,0.850493828529278,-0.0014388339030356745,0.1777446407551786,1.0855974494162433
2021-04-04,56651543226.0,5,0.5954486822327866,66701988845.0,0.849323149233902,0.003743212750058733,0.1819951512445408,1.0774474272752954
2021-04-05,56628548397.0,5,0.5957500219313383,67160922257.0,0.8431770513856778,-0.00040589942816326996,0.1779686103591871,1.0679075144441548
2021-04-06,57933729099.0,5,0.6005483262625009,68255596889.0,0.8487762431147465,0.023048104515233314,0.19905144357639237,1.0752497900584994
2021-04-07,57899049859.0,5,0.6009807667775885,68301609274.0,0.8476967157059375,-0.0005986018946017024,0.19853816200917818,1.0117376358598968
2021-04-08,58936550386.0,5,0.6055730964097894,68730624080.0,0.8575005854362672,0.017919128716733734,0.2208819586360442,1.0353302879915312
2021-04-09,59063137671.0,5,0.6038931612510482,69324515525.0,0.8519805327698321,0.002147857045770918,0.19674771269262492,0.9839009032525952
2021-04-10,59060597199.0,5,0.6039875924659366,69590908069.0,0.8486826632645876,-4.3012818149779086e-05,0.18517253169182624,0.9725093886771952
2021-04-11,59100385128.0,5,0.6031648698407099,69839769482.0,0.8462282388150223,0.000673679760906154,0.18306688331691823,0.9758550304081033
2021-04-12,60084783472.0,5,0.6081993330470565,70820724092.0,0.8484067939484292,0.01665637782000884,0.19725505661285903,1.0116453758582407
2021-04-13,59965077844.0,5,0.6099381079620657,70668087878.0,0.8485453568168214,-0.001992278595058683,0.19443165463291678,0.9819566226998937
2021-04-14,62307964614.0,5,0.6145410816989153,73247005131.0,0.8506554568690438,0.03907085347400119,0.21450842161656536,1.0517594047723802
2021-04-15,62534233193.0,5,0.6113880225545228,73646108667.0,0.8491179551082092,0.0036314551502643067,0.2041083520397735,1.0531591943215646
2021-04-16,62873078173.0,5,0.6065326042265924,74259179696.0,0.8466707877785336,0.005418551770743241,0.20888626118539966,1.0612523418566782
2021-04-17,64287626986.0,5,0.6052722934998414,76389791626.0,0.8415735351229717,0.02249848192747561,0.23232464906782746,1.0953565410116815
2021-04-18,64779447779.0,5,0.5984600123592703,76976630064.0,0.8415469438599871,0.00765031804809202,0.2382235408862048,1.1071881125776528
2021-04-19,66932858354.0,5,0.6055594443530496,80001982827.0,0.836639993020407,0.0332421878980278,0.2751028301436209,1.1438325864512717
2021-04-20,67182635492.0,5,0.6026910650690657,80222515351.0,0.837453615086161,0.003731756631084826,0.25513316258489716,1.1453918723158116
2021-04-21,67287371513.0,5,0.6011708131108915,81117622475.0,0.8295037435760348,0.0015589745807527144,0.25376644266295156,1.139512453990418
2021-04-22,67342126204.0,5,0.6005092795318443,81467114707.0,0.8266172976200136,0.0008137439428648197,0.25015923816368346,1.1379863025771866
2021-04-23,67303441886.0,5,0.6009109865901197,81838661523.0,0.8223917722198449,-0.0005744445591576719,0.2497889139918581,1.128684371122827
2021-04-24,67694315132.0,5,0.5963896948976506,81969558368.0,0.8258470154015994,0.005807626401366894,0.2538369785875414,1.1363494751248604
2021-04-25,67870942543.0,5,0.5943576200631432,81910379244.0,0.8286000280968251,0.0026091911950891777,0.25159026913739324,1.1372897122458672
2021-04-26,67940517954.0,5,0.5934110949075249,82661750821.0,0.8219099798783828,0.0010251133753729214,0.22995614831871025,1.1451157239199712
2021-04-27,68181764652.0,5,0.5904685024449957,83025228288.0,0.8212174306283071,0.003550851616458628,0.23188157807964127,1.1272634379467696
2021-04-28,68249317111.0,5,0.5893210137171001,83081012479.0,0.8214791210958228,0.0009907701765243804,0.23191048116305124,1.094663082902871
2021-04-29,68983381177.0,5,0.5880793892656017,83896411610.0,0.8222447164686308,0.010755625068103347,0.24925682129057702,1.0728017988999548
2021-04-30,69158112410.0,5,0.5852832340858991,83557084261.0,0.8276750322447444,0.0025329467767267744,0.24932103911549497,1.047824003364895
2021-05-01,70318255278.0,5,0.5874285072579954,84911176660.0,0.8281389805675082,0.01677522459147185,0.24476116580837415,1.0802381552293134
2021-05-02,70699164669.0,5,0.581620621200583,85388401447.0,0.827971521552403,0.0054169346138366326,0.2508344436439105,1.0667534962593357
2021-05-03,71767276377.0,5,0.5847623417362502,86631372130.0,0.8284213283532579,0.015107840566443764,0.2715614166695952,1.0937441888689987
2021-05-04,72047779236.0,5,0.580284390897853,86753985494.0,0.8304837965165636,0.003908506399580958,0.27177081387844626,1.2011095219568109
2021-05-05,74438910668.0,5,0.5843048125270985,89046190495.0,0.8359583970319291,0.03318813511472163,0.31451207518403446,1.108270405101849
2021-05-06,74736459376.0,5,0.580646182944942,89599264423.0,0.8341191175763186,0.003997220073881591,0.29003363909626234,1.0873416258097137
2021-05-07,74979111628.0,5,0.577413333074566,90157181884.0,0.8316487944850723,0.003246772111309415,0.29499727215894933,1.0350748647482626
2021-05-08,75116041167.0,5,0.5757335333416953,90325387449.0,0.8316160416074874,0.0018262358145739732,0.27452388500911207,1.032003781375503
2021-05-09,75418855476.0,5,0.5725212447992086,90643431396.0,0.8320388395990066,0.004031286850258553,0.2769192164511547,0.9629291192721949
2021-05-10,76747368918.0,5,0.5729977482297335,91978780612.0,0.8344029830287527,0.01761513660761871,0.2994682166759308,0.9932963950825475
2021-05-11,77896125167.0,5,0.5751865383116221,93602042339.0,0.8322054008702329,0.014968021252003805,0.3180307539162741,0.9587838764167889
2021-05-12,78943705692.0,5,0.5786361341190689,94481568010.0,0.8355461002049049,0.013448429209464763,0.31387185124480665,0.9752503045027374
2021-05-13,79064926289.0,5,0.5772490402965169,94525992235.0,0.8364358248939359,0.0015355321356833596,0.3185161952876727,0.9675644073181655
2021-05-14,79114121731.0,5,0.5771870257494962,94057749920.0,0.8411228399391845,0.0006222157448194654,0.26972726875472053,0.9152533197152861
2021-05-15,79470448628.0,5,0.5734750249309697,94695973939.0,0.8392167620472675,0.004503960724124179,0.27083110434455304,0.9112782219649631
2021-05-16,79710820965.0,5,0.5710601216025314,94711525005.0,0.8416169094605109,0.0030246757272653912,0.2678052877524095,0.9123262859775658
2021-05-17,79777220467.0,5,0.5701882343820088,95201516932.0,0.8379826607593115,0.0008330048693032666,0.24094206314961952,0.895853206920912
2021-05-18,81136502246.0,5,0.5706544596008789,96805673841.0,0.8381378800096358,0.017038470017418872,0.2525037651262996,0.8878881382663997
2021-05-19,81320911243.0,5,0.5688124076059284,96359554909.0,0.8439319932496347,0.002272824091441361,0.21496247497609144,0.8883282914937303
2021-05-20,81555345456.0,5,0.5681981430186186,95190806599.0,0.8567565332181644,0.002882828160883255,0.2139348934251244,0.8698709782799323
2021-05-21,82261071516.0,5,0.5625985219971735,97007684922.0,0.8479851012024753,0.008653339104311097,0.22253358492547237,0.8409908811402169
2021-05-22,84350907102.0,5,0.5574297474117016,99100270831.0,0.8511672712362943,0.025404915684735796,0.25257267414567774,0.878668355332614
2021-05-23,84719132385.0,5,0.5545310202718218,99805569542.0,0.8488417307147238,0.004365398021798805,0.2587637424026408,0.8867366671014483
2021-05-24,86083942480.0,5,0.5560729436161369,100951864953.0,0.8527226566847276,0.01610982143676498,0.27165689337636834,0.9031953778181934
2021-05-25,86558594994.0,5,0.5518229292639326,101575300669.0,0.8521618387925385,0.005513833362247311,0.27534098910090044,0.9119244085449327
2021-05-26,86791105380.0,5,0.5498412690388186,101860855193.0,0.8520555341456075,0.0026861617383706626,0.2774572227836567,0.9085188079411601
2021-05-27,87548844475.0,5,0.5439068982940437,102916476566.0,0.8506786026516873,0.008730607723940853,0.28405072708002876,0.919211856268652
2021-05-28,88948207266.0,5,0.5445051686969932,104040708564.0,0.8549365771695419,0.015983795096228715,0.3032834763948704,0.9376802110271947
2021-05-29,89169153100.0,5,0.542798300597256,104784309319.0,0.8509781061641394,0.0024839829918017475,0.2926178969280533,0.9386270079030361
2021-05-30,89338104492.0,5,0.5414015639842771,104335023551.0,0.8562618903165402,0.00189472913139066,0.2917950097070905,0.907278362725785
2021-05-31,87484456041.0,5,0.5338520738192475,102350266106.0,0.8547555308785999,-0.020748687937138688,0.24412153992066798,0.8675449612211681
2021-06-01,90706938807.0,5,0.5425159960129394,105707446119.0,0.8580941280606363,0.03683491801663341,0.2829987345914564,0.8902581099605711
2021-06-02,90873903649.0,5,0.540730339345138,106345950326.0,0.8545121217162388,0.0018407063913297161,0.2662303522796541,0.8962744688772453
2021-06-03,90899756687.0,5,0.5405384436883908,106332473404.0,0.8548635593346458,0.00028449353402781874,0.2616593828554852,0.8965603677329648
2021-06-04,91045554461.0,5,0.5390735899832972,106967813792.0,0.8511490628203265,0.0016039402008745096,0.22309090291589806,0.8938999551238287
2021-06-05,91174130254.0,5,0.5380060367866982,107179699301.0,0.8506660388918383,0.0014122138501015957,0.21994179300496275,0.8870263350571672
2021-06-06,91308321660.0,5,0.5368867772340714,107489513559.0,0.8494625999947586,0.0014718144897698515,0.21778345565116108,0.8901261468888872
2021-06-07,91485109782.0,5,0.5355706696742069,107957707483.0,0.8474161957950624,0.0019361665923320892,0.21791708349762273,0.895131616715958
2021-06-08,91478004753.0,5,0.5353001752652911,107416963070.0,0.8516160030831152,-7.766322866020747e-05,0.21293281601323666,0.8535434666484132
2021-06-09,91721487114.0,5,0.5335708419495218,108121522882.0,0.8483184907976331,0.0026616492309536888,0.19510920578917768,0.8405805604566283
2021-06-10,92105906338.0,5,0.5293943697053958,108422839999.0,0.849506490872675,0.004191157776609167,0.18241961510326643,0.8437688233397334
2021-06-11,92062707647.0,5,0.5308698578404716,108050872917.0,0.8520311327583497,-0.0004690110842781037,0.1661817346931238,0.8344501866634284
2021-06-12,92308585625.0,5,0.5288762375652581,107848326042.0,0.8559111579446466,0.002670766310097994,0.1675035942940295,0.8386751194041031
2021-06-13,92360098339.0,5,0.5286146939650695,108151032611.0,0.8539918307687623,0.0005580490010892447,0.16742872597433767,0.8002853720059675
2021-06-14,92531558324.0,5,0.5275156654277554,108259833778.0,0.8547173507927903,0.0018564292165506036,0.1643517800829195,0.7817124559809236
2021-06-15,92616178726.0,5,0.5268063444396373,108346066674.0,0.8548180987932926,0.0009145031547366234,0.16190220605890615,0.7807689599239895
2021-06-16,92741057188.0,5,0.5257995390575326,108489463314.0,0.8548393028692608,0.0013483439256272156,0.16250048127914551,0.7777462960060708
2021-06-17,92821936950.0,5,0.5253883114519348,107812615186.0,0.8609561765092346,0.0008721030841394306,0.14402191837861844,0.7742403089673155
2021-06-18,92663332094.0,5,0.5268167526516527,108128283541.0,0.8569758906684576,-0.0017087001328730533,0.13947729652348606,0.7652806096923024
2021-06-19,92993853610.0,5,0.5246915508156178,108300043137.0,0.8586686663860549,0.003566907303362621,0.14025454849150498,0.7373487766251003
2021-06-20,93162945793.0,5,0.5236527353399644,108613564826.0,0.8577468748240421,0.0018183156890039243,0.13252774460735717,0.7359063448083154
2021-06-21,93230695801.0,5,0.5233116756127807,108934049122.0,0.8558453169824513,0.0007272205427095724,0.10527200007774962,0.7307623356437065
2021-06-22,93711847363.0,5,0.5212165957493216,108735600177.0,0.8618322537462956,0.005160870653877936,0.1061473922694729,0.7401788773649189
2021-06-23,93886400664.0,5,0.5203172330716678,109513511902.0,0.8573042634959586,0.0018626599081315032,0.09063778864232153,0.7389678986996964
2021-06-24,94148634620.0,5,0.5185135787415835,109690229073.0,0.858313775216415,0.002793098405577288,0.08768672396457133,0.7361703039310024
2021-06-25,94236652009.0,5,0.518162082154552,109839758153.0,0.857946645127661,0.0009348769565831194,0.08578697778304534,0.7060062688058484
2021-06-26,94373039602.0,5,0.5174622435038903,109981883594.0,0.858078044474849,0.0014472881845057906,0.07794728951503971,0.705095336655738
2021-06-27,94476008883.0,5,0.5167090103456601,110333596798.0,0.8562759814308215,0.00109108789368495,0.062146295995253675,0.7053062285170157
2021-06-28,94701098879.0,5,0.5153516156017581,110493923380.0,0.8570706513272512,0.002382509577418368,0.062038783443374435,0.7149926799724482
2021-06-29,94122708099.0,5,0.5184781831097779,110005223288.0,0.8556203540679277,-0.006107540322620841,0.0535561352482965,0.7002991462445425
2021-06-30,94118603385.0,5,0.5179216892837344,109620926186.0,0.8585824500816903,-4.36102411723871e-05,0.07583229803578906,0.6660706670067531
2021-07-01,94111796561.0,5,0.5171346011929807,110117369949.0,0.8546498758968466,-7.232177014093732e-05,0.03753690510099372,0.6650589472003219
2021-07-02,94222228543.0,5,0.516289373415461,110328987665.0,0.8540115389175315,0.0011734127498927993,0.036845835377919745,0.6694147591519859
2021-07-03,94462116155.0,5,0.5148736640006027,111052164600.0,0.8506103099857992,0.0025459768433573338,0.039189978035546025,0.66742352945554
2021-07-04,94516175984.0,5,0.5144367326157967,111039173339.0,0.8511966825927668,0.0005722911067469472,0.03811961543368558,0.6690552496840474
2021-07-05,94502429957.0,5,0.514509403947015,110519660446.0,0.8550734735850366,-0.00014543570829961272,0.0365048692400769,0.6312160709611772
2021-07-06,94623794523.0,5,0.5136466030269184,111191183702.0,0.8510008741034565,0.0012842480987549365,0.03631074148253055,0.6342892457377933
2021-07-07,94856153884.0,5,0.5123091611376388,111547956542.0,0.8503620937985071,0.0024556123771122262,0.036848008490484085,0.609462265143575
2021-07-08,94941038059.0,5,0.5118742586964969,111403859088.0,0.8522239609671357,0.0008948726205344482,0.037856458668403814,0.6074499561444067
2021-07-09,94994074485.0,5,0.5116724548514587,111894898754.0,0.8489580449404014,0.0005586248800759641,0.03567961525670116,0.6084171002356273
2021-07-10,95194180914.0,5,0.5103528482546466,111876191965.0,0.8508886407554979,0.002106514854582908,0.03352960411319339,0.6107201451873423
2021-07-11,95170407912.0,5,0.5106857196963409,111987671768.0,0.849829328617175,-0.00024973167237474225,0.03375634221965296,0.5839352730021934
2021-07-12,95207777640.0,5,0.5103311961394797,111785033408.0,0.8517041569644185,0.0003926612149709463,0.03140760954542032,0.5877204043274051
2021-07-13,95626495202.0,5,0.508327675241059,112124869750.0,0.8528571352208861,0.004397934416484839,0.03536588766948867,0.5347395119453742
2021-07-14,95617548197.0,5,0.5084151697598452,111915645613.0,0.8543715909716664,-9.35619880358951e-05,0.03335067439580319,0.5290432666199751
2021-07-15,95217155862.0,5,0.5103200454181741,111874878412.0,0.8511039941544799,-0.004187435701395237,0.02808339937771409,0.5144344547598392
2021-07-16,95362525219.0,5,0.5103358344400091,112647189273.0,0.8465592957485101,0.0015267139170873634,0.02826653167955473,0.4833729239962026
2021-07-17,95436691824.0,5,0.5102860596686101,111854212971.0,0.8532239357738228,0.0007777332325216157,0.02816957887237881,0.47325571760953444
2021-07-18,95532220369.0,5,0.5096953192321974,112318599424.0,0.8505467559150037,0.0010009624513827031,0.030960340084573268,0.42728433714486447
2021-07-19,95627337073.0,5,0.509095177153783,112698274707.0,0.8485252974956174,0.0009956505107135971,0.028318898085935462,0.42339365481408
2021-07-20,95672967571.0,5,0.509143620966379,112449698155.0,0.850806797534707,0.00047717001640612544,0.026942275779654468,0.4218562178865297
2021-07-21,95622632669.0,5,0.5098012928198187,112547114480.0,0.8496231388143892,-0.000526114149878798,0.025656108725237603,0.41995268131762953
2021-07-22,95747854037.0,5,0.5090328994223312,113015426044.0,0.8472104861129554,0.0013095369213840247,0.021726246267597116,0.42262938348947676
2021-07-23,95798704469.0,5,0.50868960101061,112904681262.0,0.8484918729516195,0.0005310869106303073,0.020368272630279405,0.4151661669402824
2021-07-24,95878700710.0,5,0.5081845961280337,113222444248.0,0.8468170895515147,0.0008350451234535594,0.01837590207211015,0.4126619893226846
2021-07-25,95945356030.0,5,0.5077967747629822,113453703630.0,0.8456784834711173,0.0006952046649193466,0.01813205355424574,0.4121964170918013
2021-07-26,96067281333.0,5,0.5070927446959256,113951105151.0,0.8430570392950414,0.0012707785769421331,0.017952603181428994,0.4089878990860356
2021-07-27,96099666212.0,5,0.50715247192204,113677857718.0,0.8453683781620329,0.0003371062296197991,0.017185922100188877,0.408067806095473
2021-07-28,96155905211.0,5,0.5067279818223032,114263356795.0,0.8415287972286111,0.000585215341705192,0.015362085015072635,0.3938995678434458
2021-07-29,96258746449.0,5,0.5060862457397131,113864411550.0,0.8453804409881922,0.0010695259721629213,0.02269418712170146,0.3918648600230066
2021-07-30,96196554014.0,5,0.5062776919005615,114086188070.0,0.8431919379669042,-0.0006460964566263883,0.02207800109931468,0.368016792135859
2021-07-31,96318091782.0,5,0.5055400537531898,114664254169.0,0.8400010315336794,0.001263431619206612,0.02344334399747594,0.3623653438190242
2021-08-01,96349077739.0,5,0.5054119986862533,114087518678.0,0.844519004843423,0.00032170443191636977,0.022572690424419006,0.34252102912293303
2021-08-02,96386140725.0,5,0.50520496682206,114041827687.0,0.8451823570343162,0.0003846740090278633,0.02036821371694586,0.3378086284835673
2021-08-03,96436131811.0,5,0.5047939585710275,114206765922.0,0.8443994629605671,0.0005186542963955265,0.02031351572375306,0.29550702644089366
2021-08-04,96486965658.0,5,0.5043908249324045,114569446648.0,0.8421701289563166,0.0005271244920899143,0.02099983780208614,0.2910293913252293
2021-08-05,95523827825.0,5,0.501597029239107,112672180971.0,0.8478031311880463,-0.009982051217299781,0.009511701644782766,0.2740058631119848
2021-08-06,95625645369.0,5,0.5008417728729322,113221422090.0,0.8445896863315048,0.0010658863481323166,0.008112193605709805,0.2730389392646837
2021-08-07,95647574150.0,5,0.5006335494069221,113618576750.0,0.8418304196897097,0.0002293190379565324,0.007441840803983357,0.2682183194948806
2021-08-08,96774413960.0,5,0.5028912423409737,114881527345.0,0.842384465079206,0.011781164551364576,0.018741584510948872,0.2609476432136417
2021-08-09,96908205397.0,5,0.5020638756902983,114928147283.0,0.8432068878511758,0.0013825083668841387,0.018005559442215047,0.24406965287734628
2021-08-10,96724482823.0,5,0.502949352214985,115005621682.0,0.8410413457043965,-0.0018958412576866035,0.01632939214085316,0.22523362660947233
2021-08-11,96645209942.0,5,0.5030901138003503,114538705870.0,0.8437777361627528,-0.0008195741004380919,0.015097845340274807,0.2223524953244138
2021-08-12,96599444308.0,5,0.5032068003555529,114605586658.0,0.8428859981866941,-0.00047354270353872074,0.010174472084799824,0.22101392513024098
2021-08-13,96690612743.0,5,0.5025329275438636,114793537848.0,0.8423001377571412,0.0009437780481358349,0.01122246456047149,0.21668638358400782
2021-08-14,96624203390.0,5,0.5026089647778362,114607821685.0,0.8430855937177827,-0.0006868231684136195,0.014777248020716671,0.21218427084606817
2021-08-15,97616615629.0,5,0.5056679219906695,115632961456.0,0.8441936831838777,0.010270845235270665,0.02363706712698188,0.22361515051002945
2021-08-16,97699786610.0,5,0.5049771896765323,115792598962.0,0.8437481107239196,0.000852016641471165,0.023713047285560673,0.20414097114737983
2021-08-17,97664109607.0,5,0.505145140520323,115650786821.0,0.8444742339553719,-0.0003651697126260123,0.022315918438464255,0.20097165801750405
2021-08-18,97672003793.0,5,0.5051777724985483,115585763625.0,0.8450175932555293,8.082995925295933e-05,0.021381613067810834,0.19761621076934932
2021-08-19,97597129636.0,5,0.5051452319910268,115799908806.0,0.8428083462440789,-0.0007665877026408197,0.020111867686889218,0.1864315384831463
2021-08-20,97343057990.0,5,0.5062085247628854,116422107244.0,0.8361217666846237,-0.002603269655035878,0.017991821318654733,0.1540250287088134
2021-08-21,98132698991.0,5,0.5103907309933027,116537394180.0,0.8420704760175718,0.008111939539449331,0.024907555140383897,0.15832983918016308
2021-08-22,98200271464.0,5,0.5098264846066666,116545856390.0,0.842589127625355,0.0006885826405955697,0.025068888022145908,0.140750163560585
2021-08-23,99253592686.0,5,0.5124431493994577,118127799293.0,0.840222143136815,0.010726255704762933,0.03519960065174321,0.1466636293354806
2021-08-24,97236624198.0,5,0.5062855243593583,115740949966.0,0.8401229143752853,-0.02032136503492532,0.01345837069588085,0.12035241137056718
2021-08-25,99255505726.0,5,0.5123428024725488,117742605523.0,0.8429871692164251,0.020762562919595107,0.03318741145540072,0.133715771135539
2021-08-26,99195152801.0,5,0.5125126779404966,117628481785.0,0.8432919586797675,-0.000608056193543649,0.032211210621389874,0.11520125981130191
2021-08-27,99269412474.0,5,0.5120300053604855,117576424380.0,0.8442969157929754,0.0007486219931429616,0.03237978214825055,0.11327077832255417
2021-08-28,99373724604.0,5,0.5112590857890741,118035339948.0,0.8418980675429808,0.0010507983013128275,0.032360468735694425,0.11233303156659957
2021-08-29,99429353600.0,5,0.5109717909959008,118096327305.0,0.8419343418124259,0.0005597958235104006,0.033606189110781504,0.13653737017467393
2021-08-30,99464910131.0,5,0.5107413298795324,118131543242.0,0.8419843455971772,0.000357605975626063,0.03267110353600344,0.096552385508617
2021-08-31,99612417299.0,5,0.5100319043191365,118044808424.0,0.8438525897827417,0.0014830071007527756,0.03386996156662825,0.09616087016303898
2021-09-01,99618655165.0,5,0.5098653351046907,118462298510.0,0.8409313040350191,6.262136959578335e-05,0.03353712904869499,0.09591773174951657
2021-09-02,99560865627.0,5,0.5100222887835093,118561229842.0,0.8397421801349334,-0.0005801075903332231,0.03240210652708475,0.09352802799007165
2021-09-03,100849287031.0,5,0.5110530279031401,119630285058.0,0.8430079973654291,0.012941042606308795,0.045211509588376275,0.10611734655484173
2021-09-04,100914268007.0,5,0.5105287886240282,119786178879.0,0.842453352727253,0.0006443374853015715,0.056430320106887866,0.1052034050386903
2021-09-05,101023124824.0,5,0.509913986565233,119863005188.0,0.8428215583744921,0.0010787059070027638,0.05644384865767149,0.1042575678679094
2021-09-06,101997791615.0,5,0.5129126585772016,120999045509.0,0.8429636050923504,0.009647957264220741,0.06639182981307212,0.11499799203540251
2021-09-07,103993000948.0,5,0.5186483363331891,123078023288.0,0.8449355796416924,0.019561299332157223,0.07459189565315971,0.1337910474428725
2021-09-08,104415507990.0,5,0.5163393040920816,123611941629.0,0.844704052165002,0.004062841134965023,0.0774681830320263,0.1336461703859424
2021-09-09,104573758756.0,5,0.515480346472222,124015253020.0,0.8432330395611525,0.001515586803592095,0.08115087001668142,0.13589705787246298
2021-09-10,104555652688.0,5,0.5155082562710287,124346819079.0,0.8408389813459862,-0.00017314160086989716,0.08185033433883904,0.13267527587036398
2021-09-11,104574886343.0,5,0.5156692265587922,123492343794.0,0.8468127102473934,0.00018395614685129402,0.08256198668773806,0.13225178647132485
2021-09-12,104678650485.0,5,0.5146569916270995,124004448107.0,0.8441523839102586,0.0009922472366803436,0.08261440811459031,0.1312751279781419
2021-09-13,104673779081.0,5,0.514592507713637,124564131458.0,0.840320386421138,-4.653674820442877e-05,0.08330806783999911,0.13018892077886046
2021-09-14,104540810789.0,5,0.5154084343101026,123983966147.0,0.8431800823749462,-0.0012703113727947635,0.07093254683522288,0.12723333072514076
2021-09-15,104458308291.0,5,0.5157659811398789,124282410800.0,0.8404914872394799,-0.000789189383335831,0.06917642213466446,0.12536229821694111
2021-09-16,104516354384.0,5,0.5155120977027013,124187104932.0,0.84160392048135,0.0005556867036204949,0.0701613397651748,0.1279149154487127
2021-09-17,104549730507.0,5,0.5152126645167183,124440305071.0,0.8401597090858035,0.000319338759916743,0.07041656203323354,0.12426495352545919
2021-09-18,104730157246.0,5,0.5142309721197739,124932503717.0,0.8382939117528387,0.0017257503976819688,0.0730864487163041,0.12416107449737956
2021-09-19,104748767947.0,5,0.5141596099193539,124849410109.0,0.8390009040134743,0.00017770145189688336,0.07607846013796671,0.12354377543835149
2021-09-20,104801132776.0,5,0.5138061358424536,125090267495.0,0.8378040504245385,0.0004999087819963499,0.06795322918420466,0.11833386839600757
2021-09-21,104561466824.0,5,0.5160380520646201,124133615603.0,0.8423299870552793,-0.002286864136404443,0.06477777775117444,0.11370194282134483
2021-09-22,104865571526.0,5,0.5146369648166939,123914115583.0,0.8462762376394405,0.002908382133849363,0.05654182068506208,0.11382997692165575
2021-09-23,105101589626.0,5,0.5135080866847532,125141977906.0,0.8398587858739673,0.002250672900223405,0.08088480542048448,0.11529418103650735
2021-09-24,105339727662.0,5,0.5120005156703754,125792201787.0,0.8374106356796939,0.002265789098408577,0.06129858380648234,0.1162057310673672
2021-09-25,105705761870.0,5,0.5104058949572858,126522461588.0,0.8354703231605924,0.003474797363958171,0.06563434689254666,0.11886354133467925
2021-09-26,105964904067.0,5,0.509093421902398,127197461002.0,0.8330740506316698,0.0024515427770031017,0.0674476802686188,0.11894059648021416
2021-09-27,106276396777.0,5,0.5076080421085769,127671458775.0,0.8324209482425882,0.0029395837493804144,0.06946174353942003,0.1291259986401636
2021-09-28,106285199473.0,5,0.5072755647307386,126299908074.0,0.8415302995369305,8.282832563910603e-05,0.06895193043877934,0.12926876993947234
2021-09-29,106202947009.0,5,0.5075223126118428,126308864603.0,0.8408194258004401,-0.0007738844581167692,0.067742853928342,0.12847645980451494
2021-09-30,106440224943.0,5,0.5066590162795909,127365031050.0,0.8357099595195364,0.0022341935010512515,0.06854374011932096,0.12967212290488428
2021-10-01,106651016482.0,5,0.5060142868601644,127126472526.0,0.8389363313780901,0.0019803747982765074,0.07059281522474059,0.12903480064960227
2021-10-02,106803103723.0,5,0.5052497016412518,127213858690.0,0.8395555706179956,0.0014260271117592094,0.07274181527441415,0.12999814699528223
2021-10-03,106963553590.0,5,0.5045558667359475,127295300467.0,0.8402788885181917,0.0015022959203145891,0.06062776187124208,0.13186035151339492
2021-10-04,107162638230.0,5,0.503450393433599,127673601281.0,0.8393484412971409,0.0018612380882847557,0.06191760933713142,0.1325125859748968
2021-10-05,107161152886.0,5,0.5033973600310236,127636018533.0,0.8395839522234371,-1.3860651664976409e-05,0.06075864385202423,0.1297227275000823
2021-10-06,107324345348.0,5,0.5026016906875188,127875440099.0,0.8392881796919758,0.0015228695997102637,0.05222224568454936,0.13043155564935516
2021-10-07,107629246533.0,5,0.5008243801880113,128307640967.0,0.8388373889648679,0.002840932166987331,0.03496625303483891,0.13301010738301522
2021-10-08,107894767389.0,5,0.4995698835818083,128500383443.0,0.839645489749529,0.0024669953990488214,0.03332128977750326,0.13341767693210071
2021-10-09,107981152061.0,5,0.49915663937998683,128712011414.0,0.8389360936461513,0.0008006381967398113,0.03258363613906634,0.13460848209083598
2021-10-10,108086454670.0,5,0.49849226865394225,128950939683.0,0.8381982708750231,0.0009751943463292001,0.03376959438564375,0.13526916969637615
2021-10-11,108227770828.0,5,0.4978997661097577,129000466654.0,0.838971932700711,0.0013074363335485728,0.03493080043155605,0.1317759852996938
2021-10-12,108282630708.0,5,0.49760168904505175,129619444823.0,0.8353887864267882,0.0005068928203944001,0.03442899011691436,0.13245562922096932
2021-10-13,108163708765.0,5,0.49783504220371155,129150916259.0,0.8374985783924899,-0.0010982550222730092,0.03334101161380043,0.1359687000288443
2021-10-14,108104060231.0,5,0.49805088707892103,129280694684.0,0.8361964676569699,-0.0005514653175363593,0.03408476952787254,0.1336115521557244
2021-10-15,108321006035.0,5,0.49655607467554386,129545417019.0,0.8361623940668848,0.002006823828230253,0.03697836780238961,0.1350037806712816
2021-10-16,108476385848.0,5,0.4950328572940956,129760473173.0,0.835974031193432,0.0014344384223110573,0.03788910823898983,0.13549528555917822
2021-10-17,108505642114.0,5,0.49466872430256714,129767918195.0,0.8361515205241288,0.00026970170301399143,0.03783760692463134,0.1346717940202493
2021-10-18,108417346026.0,5,0.4950701520938046,129644690225.0,0.8362652248837984,-0.00081374651381938,0.03520656205393813,0.1332077260543032
2021-10-19,108428725460.0,5,0.49489772976792396,129449962362.0,0.8376111007030251,0.00010495953292632976,0.03513127252114279,0.13392324006941525
2021-10-20,107981182618.0,5,0.496963226051626,129392550662.0,0.834523951074039,-0.0041275302287409055,0.030343659059458572,0.12776608629027497
2021-10-21,108368447226.0,5,0.4945731081220158,129879533369.0,0.8343766289806033,0.0035864082853214185,0.03640901871057323,0.13120994513101691
2021-10-22,108473520946.0,5,0.49309116137262454,129571555181.0,0.8371707879439441,0.0009695969877732136,0.03440547138109529,0.13136202454489854
2021-10-23,108555609059.0,5,0.49278654180121,130175649476.0,0.8339164006169525,0.0007567571540418871,0.03286362694694711,0.1314316143144756
2021-10-24,108581914815.0,5,0.49255948595202836,130401523894.0,0.8326736649432365,0.00024232516613409416,0.030778389359455094,0.13026946644425452
2021-10-25,108617846610.0,5,0.49266042427725276,130325720237.0,0.8334336953018653,0.0003309187820201842,0.027548968840330312,0.13026247531790958
2021-10-26,108648255404.0,5,0.4925687123424441,130379038072.0,0.8333261006573811,0.00027996130423368903,0.02532301954714522,0.12991765992517434
2021-10-27,108586802466.0,5,0.4927483369341439,129851989316.0,0.8362351862145884,-0.0005656136655990407,0.02173959372980927,0.12807206068834143
2021-10-28,109099630487.0,5,0.48956952732129116,130532974537.0,0.8358013051795993,0.004722747234044089,0.026479989951140537,0.1341324188299109
2021-10-29,109092680132.0,5,0.48950851704604226,131020387743.0,0.8326389656698941,-6.370649441223009e-05,0.027209538006088607,0.13262916772596745
2021-10-30,109384165996.0,5,0.4882851018047548,131490254956.0,0.8318804008145146,0.0026719103760886043,0.027658162640829875,0.13529022345507813
2021-10-31,109405400853.0,5,0.4891376468448649,131867911789.0,0.8296590077808925,0.00019413099516407684,0.025826142702211063,0.13507398501559842
2021-11-01,109328143517.0,5,0.48936960459707374,131653666044.0,0.830422325501072,-0.0007061565096205813,0.023642007638175366,0.13368445481893
2021-11-02,110534827349.0,5,0.49108025725463345,133172305764.0,0.8300136181833723,0.011037266280958802,0.03338776283264666,0.14559336170641868
2021-11-03,110683373064.0,5,0.4904218334749463,134291799367.0,0.8242005363374304,0.0013438815490340872,0.03285412614089944,0.15869909722181919
2021-11-04,110918123795.0,5,0.4893100858455918,134220641041.0,0.8263864852285883,0.002120921367875672,0.035059075120223326,0.15992026372203205
2021-11-05,111894824588.0,5,0.49210185924146466,135559529763.0,0.8254294241329014,0.008805601461535195,0.0425856708017196,0.16986578679476105
2021-11-06,113538749812.0,5,0.4909702967362753,136992988877.0,0.828792412974809,0.014691700264538365,0.05490611027540826,0.1732310759218778
2021-11-07,113715990256.0,5,0.49022752270691383,136832830695.0,0.8310577927710392,0.0015610568576234218,0.053952782028922286,0.17344026535363244
2021-11-08,114676320993.0,5,0.4929455534130369,138124190100.0,0.8302406762347416,0.008444992958668962,0.06200312558452614,0.18559766510047715
2021-11-09,114046688528.0,5,0.48771622228736794,137053349049.0,0.8321335401094464,-0.0054905185268232515,0.05514320805689543,0.18005526188461074
2021-11-10,116580381944.0,5,0.4897514515436232,139553905414.0,0.8353788566371765,0.022216282197250692,0.07717622798749413,0.20684319438000376
2021-11-11,116354767127.0,5,0.4909186457183579,139719047373.0,0.8327766994887554,-0.0019352725839273388,0.07454691824737525,0.20337190784245607
2021-11-12,116260703736.0,5,0.49130704304213146,139448011689.0,0.8337207703992737,-0.0008084188840954409,0.0748587031958361,0.20322548240570804
2021-11-13,116354748707.0,5,0.4905587021025105,140555809113.0,0.827818853174944,0.0008089145169252188,0.07632172610695354,0.1919563893632188
2021-11-14,116353784512.0,5,0.4905107291011056,140962968933.0,0.8254209271606872,-8.286683704006315e-06,0.07415716277971507,0.19093181826960803
2021-11-15,116396138903.0,5,0.4904687684968221,142182097325.0,0.8186413134484968,0.0003640138666536341,0.07300900553690437,0.19180054342764818
2021-11-16,116626423111.0,5,0.48941555459237845,142011059169.0,0.8212488787384434,0.001978452293782018,0.07484201594298678,0.19406194796792353
2021-11-17,116917525402.0,5,0.4881518760445518,143000477617.0,0.8176023419665891,0.002496023484514609,0.07840239304475816,0.1979606965702545
2021-11-18,116966319777.0,5,0.4879104151856568,144346811131.0,0.8103145394105644,0.00041734012785710206,0.07873922967165714,0.20158871307511106
2021-11-19,117218757570.0,5,0.48705624698213384,144032962241.0,0.8138328598273656,0.0021582092475960213,0.08554800686596797,0.19449234327846665
2021-11-20,117858175224.0,5,0.4840740229465925,145948841562.0,0.8075307344863926,0.005454908986031182,0.08756910559223363,0.20018176596595816
2021-11-21,118146472168.0,5,0.4827680085056038,146593710830.0,0.8059450265571806,0.0024461344616277803,0.08917338662598917,0.1903495779923028
2021-11-22,118416217721.0,5,0.48170418276353666,146477738499.0,0.8084246721341102,0.0022831452183897927,0.0908346307249841,0.217814981728208
2021-11-23,118586123896.0,5,0.4811890933447872,146073263732.0,0.8118263456724665,0.0014348218366535548,0.09213513224596381,0.19475612993563485
2021-11-24,119106526654.0,5,0.4789567236925279,146532932562.0,0.8128311129213528,0.0043883950406911065,0.09656497869692027,0.20072930270035605
2021-11-25,119334399557.0,5,0.4780936765417029,146936205770.0,0.8121510891862469,0.0019131856952050441,0.09835541411377857,0.2021265824279488
2021-11-26,120545049826.0,5,0.4797074414749542,147755296884.0,0.8158424934209819,0.0101450233419218,0.11012615795316649,0.21304751639698338
2021-11-27,120848425786.0,5,0.4791441341781483,148414235620.0,0.8142643815881683,0.0025167019337410945,0.1076886809474571,0.21542000838271558
2021-11-28,121017692157.0,5,0.478462455644281,148785519438.0,0.8133700955181257,0.0014006501938199634,0.10931083561766908,0.2166872920069396
2021-11-29,121141998064.0,5,0.4777107216636519,148950392158.0,0.8133043244055237,0.0010271713563891893,0.10749117078270687,0.21613350372148976
2021-11-30,120344176494.0,5,0.474359729631618,148383381279.0,0.8110354101428725,-0.006585837964951713,0.09998387242049978,0.20804859586461966
2021-12-01,120573432286.0,5,0.47346515165117886,149077932307.0,0.8087946379461451,0.0019050011282550905,0.10285813338860383,0.21105247053317688
2021-12-02,120773756426.0,5,0.47253207233746747,149796521755.0,0.8062520745543862,0.0016614285270144524,0.09263079630704851,0.19756678486854784
2021-12-03,120847908244.0,5,0.4725192561958317,149674844232.0,0.8074029330986476,0.0006139729374521341,0.09183434601439733,0.1975304447099322
2021-12-04,122156322120.0,5,0.4737451716933545,151428385148.0,0.8066936856033255,0.01082694682110863,0.10131976579202284,0.20919168094253404
2021-12-05,123588736442.0,5,0.4747656291295849,152628040752.0,0.8097380784885724,0.011726076040443179,0.10450806725920803,0.21168051273597177
2021-12-06,124097168954.0,5,0.4729551411818598,153451959695.0,0.8087037089695995,0.0041139065471278435,0.09299397042404345,0.19332231806689326
2021-12-07,125151575249.0,5,0.47513825927013964,154200800435.0,0.8116143035311605,0.00849661844736227,0.10056268223365916,0.19859183427988425
2021-12-08,125324038138.0,5,0.4742730349175888,155033649078.0,0.8083666925426454,0.0013780321075214097,0.09285018086384156,0.19842721184399847
2021-12-09,123380091385.0,5,0.46924139913316815,153107416018.0,0.805840073550029,-0.015511363836356984,0.08183843807712599,0.18004228574014247
2021-12-10,125485844297.0,5,0.47341817548163323,155456882274.0,0.8072067473720806,0.017067201753232064,0.0763890305083903,0.19996156520231056
2021-12-11,125757749315.0,5,0.4729015816182017,155559529761.0,0.808422020227323,0.0021668182536704883,0.0808130377480516,0.2013696081515739
2021-12-12,125962810185.0,5,0.47202299938822,156248467348.0,0.8061698928825515,0.0016306022580474533,0.08345129641595106,0.2033845657519049
2021-12-13,126081248845.0,5,0.4715572429632848,156342320990.0,0.8064435019681231,0.0009402668916804746,0.08359349528993354,0.20604812506645032
2021-12-14,126114693786.0,5,0.47154381706759674,156217907370.0,0.8072998538336521,0.0002652649883021496,0.0838899165586946,0.20732085220707996
2021-12-15,127164174193.0,5,0.4738375181711818,158120196514.0,0.8042247416618967,0.008321634660437116,0.09251196295242803,0.2166916358926032
2021-12-16,127311601539.0,5,0.4732331684891752,158180759526.0,0.8048488445781797,0.001159346545012374,0.09161884711006096,0.21771334006906895
2021-12-17,127316332840.0,5,0.47319167182549127,158040694294.0,0.8055920875869852,3.716315671797865e-05,0.08894139182509697,0.2156606672607917
2021-12-18,127519246052.0,5,0.4724039050356009,158501915801.0,0.8045281055914876,0.0015937720438037317,0.09022192281606789,0.21738182272961182
2021-12-19,127645718199.0,5,0.4718481255303024,159098354014.0,0.8023069691077238,0.000991788697906948,0.08895300415356555,0.217980329199567
2021-12-20,127632093588.0,5,0.4719379498350894,158802558654.0,0.8037155992309015,-0.00010673770489311174,0.08292949000291072,0.220641766654182
2021-12-21,127883661034.0,5,0.4712306263699195,160356889734.0,0.7974940225277094,0.0019710359591222915,0.08241624728459152,0.21950092077925665
2021-12-22,128022844879.0,5,0.4711892814519464,160739762243.0,0.7964603349696395,0.0010883630002036515,0.08112594155501696,0.21808666581128233
2021-12-23,126469534335.0,5,0.46772803533408336,159336251374.0,0.7937273109190073,-0.012133073167278075,0.06647835497105681,0.2005872536598774
2021-12-24,126743365150.0,5,0.4665847479352782,159950199063.0,0.7923926690461902,0.0021651919289482624,0.06411771638832797,0.19902040255736164
2021-12-25,126691796407.0,5,0.46665839916542007,160292553534.0,0.790378552302039,-0.00040687528644178794,0.06165361268261749,0.19560148260875798
2021-12-26,126704016521.0,5,0.46655932188834226,160179383799.0,0.7910132597338099,9.64554481550639e-05,0.05109265543371655,0.1922121972846269
2021-12-27,127733088951.0,5,0.4685864746065664,161408699190.0,0.7913643415256124,0.00812186115528113,0.05696940709175191,0.2017956364982736
2021-12-28,127742561603.0,5,0.46888469229063445,161357191387.0,0.7916756638173102,7.415973478597238e-05,0.05556930830638884,0.2028156016440359
2021-12-29,127714240803.0,5,0.4687397788583082,161386084121.0,0.7913584464150306,-0.00022170214566397117,0.054252388469999024,0.1998681971161982
2021-12-30,127610938074.0,5,0.4689950696786276,161265277003.0,0.7913106928258714,-0.0008088583414855854,0.06038315929946392,0.19652809962235573
2021-12-31,128964338531.0,5,0.4700751101540884,162533919428.0,0.793461075601079,0.010605677518138679,0.06959166779873027,0.20749616851469455
2022-01-01,129058195444.0,5,0.46964479794065617,161894743362.0,0.7971734768152614,0.0007277741588807007,0.06859469526457929,0.20656233934308643
2022-01-02,133107314102.0,5,0.45726340374304836,166987595403.0,0.7971089935199382,0.031374362891638086,0.10144491564758762,0.2421056097584655
2022-01-03,132967172058.0,5,0.45606569886891923,166080942224.0,0.8006166768891633,-0.0010528500627141613,0.08850012631667137,0.2408150572946235
2022-01-04,132987982801.0,5,0.4553709071375146,166332078829.0,0.7995329808732815,0.00015651038281028207,0.07605261312313072,0.23912223615047878
2022-01-05,133288737925.0,5,0.4548394694374052,166333283414.0,0.8013353382392336,0.0022615210612679792,0.07406751538713263,0.23840630886635994
2022-01-06,133690764131.0,5,0.45528620119371765,167283567567.0,0.7991864716625828,0.00301620536182301,0.06823077428318847,0.23908478016358314
2022-01-07,133759692140.0,5,0.4548475529184647,167108560575.0,0.8004359063338787,0.0005155779417376216,0.06731074203586629,0.23873184891042243
2022-01-08,133655340907.0,5,0.4543465461370967,166919250273.0,0.800718555160078,-0.0007801396020766793,0.08328126042585526,0.23655957922817117
2022-01-09,133791204056.0,5,0.4533775936185858,166346460737.0,0.8042924596245478,0.0010165186671780013,0.06618563078192996,0.23620031192018587
2022-01-10,133615116482.0,5,0.452650080464218,166260314932.0,0.8036500865323647,-0.0013161371499900154,0.06248018281019596,0.23394782347237908
2022-01-11,134578070957.0,5,0.45169209020379325,167500397800.0,0.8034492617604996,0.007206927631797644,0.0683952728535262,0.2442072530019168
2022-01-12,134922066079.0,5,0.4509192878048769,167719722167.0,0.8044496159173035,0.0025561008532357654,0.07012000051545009,0.2480758427638563
2022-01-13,135518751166.0,5,0.44933570413943447,168618635217.0,0.8036997274446989,0.004422442557695749,0.07456749961235642,0.2510846799392912
2022-01-14,135740423698.0,5,0.44812759053242207,168856168877.0,0.803881934552699,0.0016357332848240258,0.06744234026152385,0.25133615613082005
2022-01-15,135935630974.0,5,0.4482482839156836,169138581565.0,0.8036938096336105,0.0014380924317305421,0.06773954086468836,0.25279781148321345
2022-01-16,136006275132.0,5,0.44714661938995826,169278285205.0,0.8034478549170864,0.0005196883075748726,0.06825473290155748,0.25446969619957116
2022-01-17,136390988918.0,5,0.4464893426490253,169659131618.0,0.8039118650276622,0.0028286473225342945,0.06957179516558831,0.25788612140714906
2022-01-18,136746881720.0,5,0.44544237923669455,170236237095.0,0.8032771638607629,0.0026093571490559686,0.07130018655863779,0.266395481180856
2022-01-19,136766882425.0,5,0.4454136772445686,169757218620.0,0.8056616592614623,0.00014626077573720586,0.07157125281112564,0.2620544625851813
2022-01-20,137301780860.0,5,0.44345847725370385,170333439008.0,0.8060764912610694,0.003911023089184784,0.07364599785343984,0.26576310663273484
2022-01-21,137840793865.0,5,0.4410680550287744,171065590048.0,0.8057774437648313,0.003925753924121311,0.07668903932949922,0.2697712726210535
2022-01-22,137473946879.0,5,0.4420526812498452,170276902283.0,0.807355225728258,-0.0026613818428765645,0.08701235915719319,0.2660851221239351
2022-01-23,139211802890.0,5,0.4409393119452735,172442522123.0,0.8072939387345707,0.01264134805505801,0.09837546703327371,0.28166601746257913
2022-01-24,139134077110.0,5,0.4403562696088745,171824202644.0,0.8097466769467269,-0.0005583275152424294,0.09820904790890261,0.28059191187783794
2022-01-25,139941661726.0,5,0.4396210390645675,173012638344.0,0.8088522495550575,0.005804362473770697,0.1044769184787917,0.2887538683148685
2022-01-26,140025247992.0,5,0.43843732747232966,172881281051.0,0.8099503146942354,0.0005972936505760362,0.09623316199387788,0.28346216542580316
2022-01-27,141056565113.0,5,0.43799692700347304,174010306137.0,0.8106219007622733,0.007365222599419408,0.10422527419934968,0.29299752231152754
2022-01-28,141277927534.0,5,0.43831433573205947,174261313570.0,0.8107245643896129,0.0015693166838612882,0.1062034010124373,0.2915756704600765
2022-01-29,140748470457.0,5,0.4379960758850515,172832143375.0,0.8143651273919174,-0.0037476277168108085,0.1029498927073298,0.2864855789533953
2022-01-30,141125374201.0,5,0.43760110738397484,173648545159.0,0.8127069194376468,0.002677853214150261,0.0942976625051799,0.29084213507252765
2022-01-31,140941493050.0,5,0.4372795529821781,173207296275.0,0.8137156810428366,-0.0013029630712483309,0.09207704760722701,0.27508674352016427
2022-02-01,140946502109.0,5,0.43682082773430364,173678332432.0,0.8115376289911383,3.553998820082782e-05,0.05889374344217346,0.2734207334601293
2022-02-02,141292103244.0,5,0.43605543081387965,174201986706.0,0.811082042838341,0.0024520022123906138,0.06260892111301497,0.27384144637297947
2022-02-03,141550164807.0,5,0.43599156314510845,174825395209.0,0.8096659220348383,0.0018264400987388907,0.06438312564536175,0.26502870287514924
2022-02-04,141995872175.0,5,0.43531227889810026,175776833285.0,0.8078190369078476,0.003148759089102615,0.06532535595692557,0.2506379752297778
2022-02-05,142249960022.0,5,0.4349582849624995,177275489393.0,0.8024231692100857,0.0017894030517087156,0.06402234250537364,0.2509231085422876
2022-02-06,142357454474.0,5,0.4343829173389714,176170914216.0,0.8080644589234411,0.0007556729856610378,0.06427767735141865,0.24138491051426114
2022-02-07,142542726442.0,5,0.43429247601328,176667458603.0,0.806842004572649,0.0013014560332267333,0.06649480278669917,0.24986291388025572
2022-02-08,142774536879.0,5,0.4334982503307877,176894462623.0,0.8071170502565879,0.0016262523019321407,0.06714442019103073,0.22468750314767805
2022-02-09,143115858152.0,5,0.432397442093764,177661497092.0,0.8055535976818268,0.0023906312740433755,0.0711052904802123,0.2299956562655534
2022-02-10,143451632713.0,5,0.43166853366410873,178219583732.0,0.8049150924329239,0.0023461729911395945,0.06593616398941582,0.23387892988110615
2022-02-11,144149861114.0,5,0.4320955314598137,179183896185.0,0.804480001736156,0.0048673437018100785,0.06839352007548505,0.2388824926861608
2022-02-12,144397793552.0,5,0.4315999990599909,179781430738.0,0.8031852508863083,0.0017199630723467862,0.06551892125336845,0.24102360879467333
2022-02-13,144485068625.0,5,0.43163947541585435,179765102930.0,0.8037436981373524,0.0006044072478750273,0.06442181841464856,0.24132183409802122
2022-02-14,144741242256.0,5,0.43160307963013034,179968597850.0,0.8042583205356678,0.0017730111037623786,0.0647778012203748,0.24106731900918832
2022-02-15,144684630134.0,5,0.43151599701240795,179787974604.0,0.8047514326399281,-0.00039112640680438737,0.06380848967135733,0.2374930929860839
2022-02-16,144937443888.0,5,0.4308135313081357,180400192308.0,0.8034217815053439,0.001747343541368851,0.06266143414458436,0.23913827642288688
2022-02-17,144928287867.0,5,0.4318081319449281,180332737691.0,0.8036715336476203,-6.317222626806007e-05,0.059828831517724,0.23639160550266536
2022-02-18,144864611455.0,5,0.4323276003615656,180633941521.0,0.8019789095847109,-0.00043936496412921855,0.059208259239517336,0.22914351235857722
2022-02-19,144800276460.0,5,0.43228544174968064,181045560108.0,0.7998002070507644,-0.00044410428712593486,0.054613243564887615,0.22559966288370648
2022-02-20,145365280363.0,5,0.4326645422499364,182048298273.0,0.7984984300430533,0.0039019532062569695,0.05458824116588756,0.2275791539423644
2022-02-21,145358329729.0,5,0.43285073425541976,181619160509.0,0.8003468869783531,-4.781495266714675e-05,0.057351833049061884,0.22576170763857006
2022-02-22,145553245253.0,5,0.433472967334109,181936067990.0,0.8000241340875864,0.0013409312308649834,0.045552476380259055,0.22204256426540536
2022-02-23,145690808015.0,5,0.43317483226258363,182243008686.0,0.7994315341118051,0.0009451026788229733,0.0471252696765021,0.22086178466428597
2022-02-24,145929157542.0,5,0.43378881856702783,182628232789.0,0.7990503730636195,0.001635995642054855,0.042785656123787374,0.21057776949481144
2022-02-25,146058738943.0,5,0.4346806973701761,183135172500.0,0.797546080030039,0.0008879747076091515,0.04308859321816527,0.2086110182489489
2022-02-26,145774484996.0,5,0.43460824496964645,182601536593.0,0.7983201440463028,-0.0019461618596537944,0.03344700673251544,0.204571682022181
2022-02-27,146219419228.0,5,0.4345097839157423,183359601774.0,0.7974462085068381,0.0030522092533011858,0.03497709642442759,0.2070084823163596
2022-02-28,146686726072.0,5,0.43414358853565427,184075922014.0,0.7968816587584098,0.003195928738243259,0.042190551667943055,0.21889343003907924
2022-03-01,146255529032.0,5,0.43378760750373213,183440999761.0,0.7972892059166278,-0.0029395777760310438,0.03635175360947707,0.21299963233261954
2022-03-02,146240352951.0,5,0.43344823280436906,183563878698.0,0.796672820318834,-0.00010376415237389747,0.037596166936589626,0.2108620057752677
2022-03-03,146513170294.0,5,0.43458640315218433,183790867201.0,0.7971732900839309,0.0018655407860743711,0.03949490126895849,0.21237655184051785
2022-03-04,146250491019.0,5,0.43410882438003784,183571957441.0,0.79669298654183,-0.0017928714154017422,0.03509316983155997,0.19724045780726063
2022-03-05,146009416699.0,5,0.43453872963643914,183521384113.0,0.7955989292729905,-0.0016483658845882765,0.03150297915993305,0.18141362151980567
2022-03-06,146113684933.0,5,0.43452104890908844,183751921664.0,0.795168200745005,0.0007141199270384035,0.028999524387054665,0.1774135233267169
2022-03-07,146323166517.0,5,0.43442471061905147,183944742776.0,0.7954734900751476,0.001433689007953376,0.02863414860974345,0.16916759717867924
2022-03-08,145549523044.0,5,0.434528436181274,182926360712.0,0.7956727640427601,-0.005287224787539846,0.022422911267937717,0.16138551874404805
2022-03-09,145843119672.0,5,0.4350307020301828,183521655865.0,0.7946916072906588,0.0020171596708788986,0.023153711959781553,0.1820636379406262
2022-03-10,145855493041.0,5,0.4347412211237361,183874214120.0,0.7932351675249678,8.484026553889912e-05,0.02157917111376162,0.16232626762098445
2022-03-11,146002261409.0,5,0.4346076192312897,184318113320.0,0.7921210714408804,0.0010062587629713349,0.020168297869090246,0.16098023544689255
2022-03-12,146050891499.0,5,0.4346370333513289,184287863476.0,0.7925149749105446,0.0003330776491452525,0.01811940886863428,0.1594762873620943
2022-03-13,146020903591.0,5,0.43452932725362536,184539718857.0,0.7912708683822789,-0.00020532505958859026,0.01297984238444938,0.15814924843037637
2022-03-14,146031909765.0,5,0.43459866017472953,184771633265.0,0.7903372784260699,7.537396173651345e-05,0.01131676719430974,0.1579293846028511
2022-03-15,145996524651.0,5,0.4344238056521046,184558839140.0,0.791056799724732,-0.00024231083505610318,0.010460984241374316,0.1480947804482866
2022-03-16,145731389862.0,5,0.43520938336544457,184479266367.0,0.789960805525345,-0.0018160349339396697,0.006840811855467921,0.1446827162672788
2022-03-17,145802338855.0,5,0.43502485747208464,184699501176.0,0.7894029920311754,0.00048684770705320624,0.007725137908324076,0.14519744327093997
2022-03-18,146378727691.0,5,0.434558973835868,185427952276.0,0.7894102582393984,0.003953220781823141,0.009944178428548334,0.1478951783584843
2022-03-19,146803765117.0,5,0.4350235430058328,186033730246.0,0.7891244502965962,0.0029036830194155705,0.012940725910742357,0.15008765815499236
2022-03-20,147036573189.0,5,0.4353767054319374,186236571910.0,0.7895150328478788,0.0015858453753856416,0.014993045659565274,0.15203448486583793
2022-03-21,147304937008.0,5,0.43508369568560656,186495318153.0,0.7898586327360327,0.0018251501186377084,0.01729734645010783,0.15186674995828064
2022-03-22,147252727178.0,5,0.4348526762744702,186460445884.0,0.7897263490917975,-0.0003544336738501297,0.01298416520290635,0.15020664723686616
2022-03-23,146876282892.0,5,0.43606340366753893,186233178424.0,0.7886687223777304,-0.0025564503504573732,0.010442835755130053,0.1613570308794321
2022-03-24,146405115893.0,5,0.4364776730207053,185599897164.0,0.7888211045916331,-0.003207917505282043,0.005852639276570537,0.15513041428030916
2022-03-25,146604105558.0,5,0.43739802609219747,185879702771.0,0.7887042176875722,0.0013591715274856586,0.006268738264571638,0.15717125903741458
2022-03-26,146323638678.0,5,0.43875026942087647,185461986125.0,0.7889683580730067,-0.0019130902162152186,0.0027032372600825916,0.15484609482563827
2022-03-27,146406686785.0,5,0.43879591326875994,185691609319.0,0.7884399694844997,0.0005675645285363462,0.002382245968423513,0.1461923295471499
2022-03-28,146298830733.0,5,0.4386834697629043,185597675271.0,0.7882578837228543,-0.0007366880186174818,0.003596965113712436,0.1452630109897859
2022-03-29,146369926758.0,5,0.43961859895407485,185430949275.0,0.7893500374682801,0.00048596441026749204,0.0010293265476954971,0.1460736550419346
2022-03-30,146648056112.0,5,0.44014944729511496,186285614394.0,0.7872215822410994,0.0019001810013872245,-0.00026362276284641606,0.14918092700612084
2022-03-31,147089337206.0,5,0.44020607986608873,187096302148.0,0.7861691306418604,0.003009116559056002,0.005701036942114879,0.1405427180991059
2022-04-01,146723067417.0,5,0.4412075649642445,186622372566.0,0.7862029905611162,-0.002490117883168108,0.003300829465050281,0.13687524385590066
2022-04-02,147064888765.0,5,0.44079256020743907,187391942652.0,0.7847983573024259,0.0023297042109167165,0.0037656578578764144,0.10485956205460156
2022-04-03,147022641906.0,5,0.44175442436718654,187056596134.0,0.785979457258373,-0.00028726679328272553,0.005279646458757448,0.10570631555485765
2022-04-04,146881664788.0,5,0.4423756820374384,187011943815.0,0.7854132831927647,-0.0009588803205572427,0.005973916674142599,0.10447321400302889
2022-04-05,147044093720.0,5,0.44182462200276673,186796803621.0,0.7871874190007235,0.0011058489310726838,0.006367704622784798,0.10319968520326128
2022-04-06,146675542822.0,5,0.44224526531689207,186882362226.0,0.784854927318517,-0.0025063971539162067,0.002408205845921607,0.09712547291805862
2022-04-07,145920973806.0,5,0.4441716963214243,186004443848.0,0.784502621481691,-0.0051444774055871,0.00255205756935184,0.09091888199975329
2022-04-08,146195900592.0,5,0.44398765780925714,186109968175.0,0.7855350362240209,0.0018840799840433853,0.0024189068417721504,0.09382759865710089
2022-04-09,146268230677.0,5,0.4438162824394942,186415512678.0,0.7846355090075182,0.0004947476961194575,0.00282977094242165,0.0932574507347852
2022-04-10,146256859580.0,5,0.4440150677253818,186820952888.0,0.7828718209551241,-7.77413998062082e-05,0.001743796079204385,0.09461312036279246
2022-04-11,146472657903.0,5,0.4440410918731229,186823358795.0,0.7840168319836464,0.0014754748845264842,0.0028878043788105323,0.0883842877328842
2022-04-12,145872248120.0,5,0.44540927228329996,186028430149.0,0.7841395425589691,-0.004099125335716991,-0.0010180423990279186,0.08115931188445047
2022-04-13,146021023681.0,5,0.4460521376463523,186322317740.0,0.7837011982899564,0.0010199031201438835,-7.454592641786828e-05,0.07749682183932993
2022-04-14,145623811271.0,5,0.4463533234725943,185838228053.0,0.7836052506348098,-0.002720241236411014,-0.0025528921382954595,0.07281093799286276
2022-04-15,145642763872.0,5,0.44617027970950907,185898595642.0,0.7834527386773598,0.00013014767869745647,-0.0006081461933762355,0.07140977555661365
2022-04-16,145511092324.0,5,0.4462932025181929,185872684306.0,0.7828535584306019,-0.0009040720218391751,-0.0019975436147814385,0.06988513715837863
2022-04-17,145459873303.0,5,0.44646941246206784,185876599678.0,0.7825615142249471,-0.0003519939283113116,-0.00627723988652007,0.06649181486947309
2022-04-18,145437419623.0,5,0.44666286762349283,186014332758.0,0.7818613623295924,-0.00015436339582963754,-0.009307291900252368,0.06355200055526367
2022-04-19,145184714955.0,5,0.44715322196287477,185805045771.0,0.7813819821337709,-0.0017375491716991043,-0.012594541574494023,0.061548763711976484
2022-04-20,145293780480.0,5,0.44715977529971923,185990856370.0,0.7811877600636481,0.0007512190593466084,-0.013653015091345977,0.05820754523314631
2022-04-21,145405295270.0,5,0.4476058485333825,186135614099.0,0.7811793351521824,0.000767512481481214,-0.01254599451843641,0.05487853916750218
2022-04-22,145483507168.0,5,0.44787391812445393,186550806481.0,0.7798599744076546,0.0005378889252607433,-0.009482645506654896,0.05826238695285113
2022-04-23,145575234419.0,5,0.44791023019045917,186884288700.0,0.7789591914421857,0.0006304993107848489,-0.005668391223476954,0.04571043113368867
2022-04-24,145608829239.0,5,0.44791662554714606,187119500222.0,0.7781595668342881,0.0002307729067658748,-0.006788870715535578,0.046536062648987464
2022-04-25,145647154920.0,5,0.44790672822927213,186963531157.0,0.779013714699766,0.00026320986989802897,-0.004623202129962589,0.0407705119664159
2022-04-26,145456694620.0,5,0.44812136076868486,187015867133.0,0.7777772915736375,-0.0013076829417273395,-0.006488721149704557,0.038789052016607206
2022-04-27,145024429039.0,5,0.449053877784271,186538263699.0,0.777451371977027,-0.002971781959773545,-0.008710949278370017,0.028129594129995716
2022-04-28,144934975412.0,5,0.44922675845251886,186459057703.0,0.7773018763339384,-0.0006168176464665942,-0.009803594070061039,0.025885486443874228
2022-04-29,144900723626.0,5,0.44926411042107917,186357929000.0,0.7775398900574818,-0.0002363251927468557,-0.011915142500528608,0.029501231207116785
2022-04-30,144842229413.0,5,0.44983510388057907,186793183826.0,0.7754149613292217,-0.0004036847541974975,-0.015277163087987211,0.02633725673390397
2022-05-01,144890705679.0,5,0.45054657120138575,187059239551.0,0.7745712322298673,0.0003346832356589946,-0.01248857299849293,0.028020227000142395
2022-05-02,144778677637.0,6,0.45045020475469244,186861568501.0,0.7747910862485627,-0.0007731899812000176,-0.015545594514086991,0.02718886577998525
2022-05-03,144419381304.0,6,0.4509811671161932,186591731522.0,0.7739859645762079,-0.0024816937056219013,-0.01770652852003851,0.022133424219748843
2022-05-04,144293745980.0,6,0.45194238618552046,186657318211.0,0.7730409252793848,-0.0008699339580713339,-0.01761907322969991,0.01938239476259751
2022-05-05,143924023307.0,6,0.45255191738418465,186220855767.0,0.7728673714563856,-0.002562291736824429,-0.02121860412116383,0.013578923826910172
2022-05-06,144128218367.0,6,0.4522547844283221,186443085966.0,0.7730413687385727,0.0014187698155465611,-0.01736707024218309,0.013203928807498544
2022-05-07,143777267247.0,6,0.452697573548727,185659333778.0,0.7744144305662543,-0.0024349924253302957,-0.014690873443937047,0.009973575168550797
2022-05-08,143736450785.0,6,0.45365742532784115,185444316534.0,0.7750922404712622,-0.00028388675610224734,-0.01682297381144615,0.008374501967209902
2022-05-09,143264639696.0,6,0.45561332086766515,180003932412.0,0.7958972772222016,-0.0032824734882714868,-0.02053481447815375,0.003432704652478469
2022-05-10,142738691802.0,6,0.45767973284800295,176977547082.0,0.8065355981901143,-0.0036711633457916504,-0.02405471981350471,-0.002635391736947934
2022-05-11,142023232697.0,6,0.45819350579367046,176021893184.0,0.8068498192354949,-0.00501236977842312,-0.030377172570641764,-0.009957363251889673
2022-05-12,138744302787.0,6,0.4587643113320368,160111332612.0,0.8665489227000626,-0.023087278382090126,-0.048864300268658956,-0.037499573605034864
2022-05-13,138327440927.0,6,0.4613750270774505,159859520640.0,0.8653062412123095,-0.0030045331709220857,-0.05268818530410757,-0.04203909544375395
2022-05-14,136576266010.0,6,0.45607692481733947,158564041612.0,0.8613318922848647,-0.012659635031664895,-0.06212957333030433,-0.05473785416212584
2022-05-15,135874993863.0,6,0.45461341350990886,158008821059.0,0.859920306678731,-0.0051346560239731165,-0.06706663447821226,-0.06125585392806354
2022-05-16,135983617430.0,6,0.45415032521090204,158064097460.0,0.8603067971486205,0.0007994375117288399,-0.06547593548941133,-0.06013778171144746
2022-05-17,136898155685.0,6,0.4530928257880176,159413236718.0,0.8587627884826848,0.006725356129540838,-0.058859652655997574,-0.05546729669948047
2022-05-18,135653532208.0,6,0.4500735886973613,158263160172.0,0.8571390338760586,-0.00909160149581456,-0.0672721466068471,-0.06399548214846362
2022-05-19,135699603866.0,6,0.45037386543589875,158499144778.0,0.8561535398570516,0.00033962741146575937,-0.0653313338937912,-0.06326602126598024
2022-05-21,135399028311.0,6,0.44820635210155574,158417603244.0,0.8546968615757553,,-0.06881638622871045,-0.06856005799399068
2022-05-22,135516672380.0,6,0.4480457663139557,158475938087.0,0.8551245950385488,0.0008688693742304743,-0.06850834834831554,-0.06770618076960833
2022-05-23,135645173219.0,6,0.44739504474099023,158578457825.0,0.8553820933779787,0.0009482290019613426,-0.06821257228011002,-0.0680718043543298
2022-05-24,135937045965.0,6,0.44683197878134145,158670219361.0,0.8567269051019687,0.0021517370583379325,-0.06642305500667745,-0.0669483695155001
2022-05-25,136085448116.0,6,0.44637436728771573,158827028632.0,0.8568154254859737,0.001091697630668076,-0.0656498014619783,-0.06745539816583179
2022-05-26,136112216616.0,6,0.44632851229989234,158969444065.0,0.8562162207747669,0.00019670361798840297,-0.0642423370640457,-0.0680994673716967
2022-05-27,135933646548.0,6,0.44621816364637146,158594112075.0,0.857116602687723,-0.0013119327011166249,-0.06268449082157945,-0.06750727638152887
2022-05-28,135603631114.0,6,0.4446501325694179,158141251758.0,0.8574842402380322,-0.0024277685648892433,-0.06438297085623546,-0.0726017663730889
2022-05-29,135770126904.0,6,0.44435320017380664,158317850025.0,0.8575794004438572,0.0012278121804867315,-0.0630127751850762,-0.07442117947769644
2022-05-30,135786838022.0,6,0.4442853251928854,158210159072.0,0.8582687661681994,0.00012308390940685143,-0.06251900034747226,-0.07157808719634462
2022-05-31,135910710076.0,6,0.44377229608541924,158731339487.0,0.856231104174176,0.0009122537633576844,-0.06197772010921698,-0.07063469600939143
2022-06-01,136213140025.0,6,0.44316897606778205,159296790757.0,0.855090296406454,0.0022252105726685567,-0.059162977254676674,-0.07030105381196439
2022-06-02,137225067217.0,6,0.4421016194192049,160264129409.0,0.8562431763304722,0.007428998346373117,-0.049815433510659535,-0.06171209230899244
2022-06-03,136494918603.0,6,0.4422664484236266,159387989292.0,0.8563689096606915,-0.0053208107586159015,-0.054048270242294305,-0.06516359226072554
2022-06-04,136538044125.0,6,0.44190340277968354,159378201658.0,0.8566920865250361,0.0003159496517626259,-0.0513185986070247,-0.06553555070759376
2022-06-05,136507996836.0,6,0.4419223355928673,159318404528.0,0.8568250306072385,-0.00022006532459550865,-0.05287112834210084,-0.06707871292451606
2022-06-06,136517361370.0,6,0.4418191407779455,159329214489.0,0.8568256726039724,6.860062572933145e-05,-0.05049411507125079,-0.06205559101193037
2022-06-07,136094824627.0,6,0.4417993678712779,159224391538.0,0.8547360320389105,-0.003095113608699296,-0.053164149499073776,-0.06684096628571745
2022-06-08,136266624826.0,6,0.44111310283921024,159107444347.0,0.8564440550551106,0.0012623565919633872,-0.048846769760140574,-0.06574224950379182
2022-06-09,136300170766.0,6,0.44078719501709196,159078010669.0,0.8568133973563777,0.0002461786959413459,-0.04510704809408783,-0.06645164636060863
2022-06-10,136360845576.0,6,0.4410463521296932,159146853848.0,0.8568240105219878,0.0004451557885731816,-0.039869442579725245,-0.06634705083649794
2022-06-11,135802313861.0,6,0.44096555259613057,158697485989.0,0.8557307194545793,-0.004095983070805387,-0.021204394464517495,-0.06998032116430364
2022-06-12,135711061658.0,6,0.441133771613636,158416739423.0,0.8566712214397247,-0.0006719488085703551,-0.018914390748981935,-0.07067529366430048
2022-06-13,135634215168.0,6,0.44089463077004076,158139729196.0,0.8576858949840085,-0.0005662507467052436,-0.006897617496227526,-0.0709764119917975
2022-06-14,134898150211.0,6,0.44078315011531977,156870816044.0,0.8599314621603231,-0.005426838324594452,-0.007189282032166511,-0.07433703652492785
2022-06-15,134061400425.0,6,0.4403490829615965,155935668777.0,0.8597224834859183,-0.0062028262410656065,-0.014135651347777167,-0.08052640665576927
2022-06-16,133278681880.0,6,0.439863676691154,155143029661.0,0.8590697382359017,-0.00583850789652085,-0.026439171418264684,-0.0894941909773509
2022-06-17,132765772179.0,6,0.43894071546872826,154643688106.0,0.8585269389591649,-0.0038484001624641273,-0.02128776141687294,-0.09562420232758995
2022-06-18,132440665413.0,6,0.43670694011773725,154095812453.0,0.8594695943044856,-0.0024487242507178486,-0.024015828787666282,-0.09926719223276848
2022-06-19,132546020608.0,6,0.4372338611468175,154180025567.0,0.8596834779379461,0.0007954897740165556,,-0.1001929514365052
2022-06-20,132790657415.0,6,0.43686399766872774,153950288992.0,0.8625554280180692,0.0018456744750074972,-0.019264325073358735,-0.09821257670506955
2022-06-21,132142711697.0,6,0.4364949321552185,153296812292.0,0.8620056067786612,-0.004879452595637268,-0.024897015428028912,-0.10031280003071552
2022-06-22,131804977957.0,6,0.43566112940134816,153414687876.0,0.8591418447726048,-0.0025558257104214555,-0.028310592783128197,-0.09972423331620794
2022-06-23,131805914477.0,6,0.4356162423113661,153383413427.0,0.8593231271367591,7.105346205626972e-06,-0.03039003428884024,-0.10093981355212112
2022-06-24,131603285640.0,6,0.4355569306565111,152987239268.0,0.860223939393141,-0.001537327348351769,-0.03293638326545667,-0.10060133257343085
2022-06-25,131537788847.0,6,0.4356335741220079,152990202603.0,0.8597791663060433,-0.000497683569840035,-0.033607767786967835,-0.1015588718282735
2022-06-26,131718110030.0,6,0.43546566222610184,153199371691.0,0.8597823122647835,0.00137086980540424,-0.031011722447329748,-0.0996639592397719
2022-06-27,131715196744.0,6,0.43577285355683604,153193419304.0,0.85979670238068,-2.211758124481822e-05,-0.028675001827429325,-0.10012118157460947
2022-06-28,131211820967.0,6,0.4359995187127441,152962218106.0,0.8578054279787747,-0.0038216985544831106,-0.0335737031476967,-0.10526041431610134
2022-06-29,131242434394.0,6,0.4364005608417517,152893740186.0,0.8583898479711431,0.00023331302602458415,-0.033467187941026544,-0.10773658453437907
2022-06-30,131039135960.0,6,0.4356173766698538,152787706050.0,0.857654973346594,-0.0015490297397995345,-0.03584393101379468,-0.10689478984531364
2022-07-01,130933870863.0,6,0.43540850972594924,152663528744.0,0.8576630708082331,-0.0008033103715834322,-0.038757414747439656,-0.1096863978714614
2022-07-02,131353833509.0,6,0.4353429792727922,153384513551.0,0.8563695934356838,0.003207440849583021,-0.04278543145995006,-0.1065741180669163
2022-07-03,131421281195.0,6,0.43524819650279983,153348368239.0,0.857011278986512,0.0005134809102878002,-0.03717088855708128,-0.10525740987014665
2022-07-04,131305137817.0,6,0.4349434013413125,153224621112.0,0.8569454234187475,-0.0008837486360193658,-0.0383256281539327,-0.10703562111763543
2022-07-05,131423306593.0,6,0.43479242248776157,153260988596.0,0.8575131075229803,0.0008999554622508565,-0.037248295783789964,-0.10398622657568446
2022-07-06,131300140051.0,6,0.4347844700474735,153295218999.0,0.8565181674182318,-0.0009371742744339606,-0.03821654086076187,-0.10019693107611938
2022-07-07,131034781830.0,6,0.43491350379904314,153046068807.0,0.8561786843100327,-0.002021004858768105,-0.03718027346644692,-0.10370413055774585
2022-07-08,130891657102.0,6,0.43478332831666733,152802950055.0,0.8566042544001066,-0.0010922651680810302,-0.039444491494988854,-0.10512586023519799
2022-07-09,130959506823.0,6,0.43467108816322664,152953664677.0,0.8562037862875258,0.0005183655131444365,-0.0391831052960957,-0.10459237810061561
2022-07-10,130915696691.0,6,0.43453294139470267,152973934393.0,0.8558039460152018,-0.00033453189510868064,-0.03993190906083943,-0.10621068419679003
2022-07-11,130899951412.0,6,0.4348895010325866,152865402930.0,0.8563085492401548,-0.00012027036786244061,-0.03609925567260808,-0.10263978858873302
2022-07-12,130958979882.0,6,0.4346995782590716,153033567872.0,0.8557532945421257,0.0004509434064967621,-0.03501617125342027,-0.10314983020462032
2022-07-13,130756091262.0,6,0.43497936033818135,152730651477.0,0.8561221339495878,-0.0015492532103015266,-0.03596529017370598,-0.10209676480264462
2022-07-14,124338849450.0,5,0.4782030045989438,152735818223.0,0.8140778692032843,-0.049077956904826525,-0.07827609751863718,-0.14627513139426007
2022-07-15,130726922388.0,6,0.4343247701538267,152809370833.0,0.8554902207592155,0.05137632337967557,-0.02487276745154887,-0.10160166967258455
2022-07-16,130307168695.0,6,0.43426745233956493,152258105635.0,0.8558307497098264,-0.0032109200257477433,-0.022295487493457222,-0.10417102850375914
2022-07-17,130346531888.0,6,0.43397901763533403,152317341745.0,0.8557563465505974,0.0003020800267108381,-0.018221867363060196,-0.10376207013379568
2022-07-18,130465933910.0,6,0.4332801699579064,152412018425.0,0.8560081761150654,0.0009160352812653816,-0.014910310944467375,-0.10137968759013016
2022-07-19,130515698656.0,6,0.4328970242765731,152660769584.0,0.854939346969459,0.00038143862162764997,-0.015317864260931735,-0.10171173036573466
2022-07-20,130475018523.0,6,0.432479327857526,152570537599.0,0.8551783363700698,-0.00031168766224221045,-0.01743826664524384,-0.10268041971426345
2022-07-21,130702097763.0,6,0.4321473554363892,152764751593.0,0.8555775884166007,0.001740403968288895,-0.010901955283794229,-0.10160195951236506
2022-07-22,130714544871.0,6,0.4322300560075601,152712129660.0,0.8559539125151638,9.523265665234426e-05,-0.008273079688657425,-0.10208253902052744
2022-07-23,130771093945.0,6,0.43208462653457813,152843691759.0,0.8555871193637254,0.0004326150089557501,-0.007851093299614975,-0.10190134328767642
2022-07-24,130939989414.0,6,0.43176032074386195,152948190147.0,0.856106824723799,0.0012915351849165368,-0.005040119042426072,-0.10097804872383698
2022-07-25,130930518621.0,6,0.43179123364232913,152932405690.0,0.8561332572404655,-7.23292635228523e-05,-0.0046166978426736005,-0.09986598442202388
2022-07-26,130824691119.0,6,0.4320551774084749,152907898899.0,0.8555783714313766,-0.0008082722280077226,-0.0067828099780395945,-0.097912731076372
2022-07-27,130893949276.0,6,0.4319553855499295,152829637494.0,0.8564696705580999,0.0005293966789265969,-0.006235024418603463,-0.0968781075519295
2022-07-28,130911997073.0,6,0.4316824062179322,152905558958.0,0.8561624440937352,0.00013788106402023992,-0.002285037215323804,-0.09654007380326124
2022-07-29,130629249481.0,6,0.4314354381192904,152712189988.0,0.8553950374967757,-0.0021598294909697113,-0.004672154367078907,-0.09812732094500853
2022-07-30,130747300071.0,6,0.43135753897316,152828151594.0,0.8555184284263313,0.0009037071748403402,-0.0022270895397927815,-0.09761430549820216
2022-07-31,130724523803.0,6,0.431550058776654,152833987943.0,0.8553367321132404,-0.00017420067555984353,-0.0015988762771631526,-0.09707336787007848
2022-08-01,130738853073.0,6,0.43170261311473374,152833041936.0,0.8554357841529313,0.00010961424515576468,-0.004681861347867411,-0.09472778589324349
2022-08-02,130940736295.0,6,0.4316828584459145,153097134125.0,0.8552788204911148,0.0015441715852231308,-0.003656522715578925,-0.0925404603942489
2022-08-03,130877167260.0,6,0.4318771571922818,153030596754.0,0.8552352930465786,-0.000485479437482228,-0.0032593588043482447,-0.09065099590198467
2022-08-04,130841098016.0,6,0.43235129214402146,153020117328.0,0.8550581472600817,-0.0002755961544333996,-0.004430025328787557,-0.0921895830084184
2022-08-05,130790460259.0,6,0.4320170382732821,152940674070.0,0.855171203176063,-0.000387017212235663,-0.003881791685843017,-0.0903258716531975
2022-08-06,130956330773.0,6,0.43182430347197365,153105336268.0,0.8553348561526964,0.0012682156915078124,-0.0005987040685256906,-0.08891356327641908
2022-08-07,130979139417.0,6,0.431594377983236,153138488098.0,0.8552986322627185,0.0001741698462789376,0.0006683566923737505,-0.08575389087683594
2022-08-08,130894053806.0,6,0.4320102249494333,153056197389.0,0.8552025729041615,-0.0006496119258282418,-0.0004997958421488757,-0.08298127050533921
2022-08-09,130785310483.0,6,0.4317720446427221,152821750179.0,0.8558029883168545,-0.0008307735900758839,-0.0009959554988104857,-0.07912735121285108
2022-08-10,130768048520.0,6,0.43167985482450144,152750660561.0,0.8560882685530424,-0.00013198701701477855,-0.0010076618866331488,-0.05748887779013978
2022-08-11,130901330729.0,6,0.4318386023145927,153033620298.0,0.8553762923081729,0.0010192261069004172,-0.0004402077127658721,-0.0536850110739705
2022-08-12,130800767504.0,6,0.43267824929647103,152981946072.0,0.855007867676356,-0.000768236842513037,0.00034167618172742387,-0.042287717146822
2022-08-13,63338903852.0,5,0.7152188205307106,152815246311.0,0.4144802654251961,-0.5157604572154897,-0.49059441894329026,-0.533844292822097
2022-08-14,63345391159.0,5,0.7149213107447034,153052198595.0,0.41388096179279193,0.0001024221545602444,-0.5154372947678698,-0.5341689509649339
2022-08-15,130500627786.0,6,0.43389807112576984,152536438261.0,0.8555373999404965,1.0601440041381558,0.0014846388954457002,-0.04673202401441101
2022-08-16,63020010729.0,5,0.7146339661831997,152841879383.0,0.41232161619186075,-0.5170903634858932,-0.5165194668689013,-0.5354340598196125
2022-08-17,130525999513.0,6,0.4341691847126661,152724168260.0,0.854651893017944,1.0711833908485149,0.00046039300221800694,-0.038125419718312514
2022-08-18,130199011033.0,6,0.4345989536245799,152690537523.0,0.8526986226201996,-0.002505159747636543,-0.0024264331897321245,
2022-08-19,129779076598.0,6,0.43496842515320344,152470975082.0,0.8511723397073041,-0.0032253273789734083,-0.005333909378808177,-0.04150658821636044
2022-08-20,10091846469.0,4,0.47464892978924816,152367337262.0,0.06623366037858089,-0.9222382626418262,-0.9227874177865195,-0.9255305912419276
2022-08-21,129275232474.0,6,0.435712593009492,152282317340.0,0.8489182114648794,11.809869122673035,-0.01101111126095744,-0.04696032003081807
2022-08-22,129256041512.0,6,0.4366253941932283,152234784913.0,0.8490572084814123,-0.00014845041569633288,-0.011585530007397593,-0.04914778311954915
2022-08-23,128904997005.0,6,0.4370856320215894,152034289031.0,0.8478679239175848,-0.002715884711411376,-0.015541412658632958,-0.05276428310600367
2022-08-24,128997694210.0,6,0.4370756840061425,152158530460.0,0.8477848321748309,0.0007191125802237242,-0.014762214580352206,-0.05226953599669526
2022-08-25,128879191381.0,6,0.4372027190521264,152194411557.0,0.8468063318654249,-0.0009186430015336589,-0.014871044000633993,-0.05189631372471848
2022-08-26,128816403012.0,6,0.43757099884517675,152204960264.0,0.84633511804456,-0.00048718779445455773,-0.01587198090890618,-0.050051964289172135
2022-08-27,128786658967.0,6,0.4376651336544406,152292982406.0,0.8456506460925812,-0.00023090262035363462,-0.0162348612313572,-0.05143596825196939
2022-08-28,128847775736.0,6,0.4375342960822609,152361362480.0,0.8456722468133182,0.0004745582305669682,-0.013637632858474857,-0.05110261338345434
2022-08-29,128795296956.0,6,0.4375903262443659,152140370272.0,0.8465556954129719,-0.00040729286710794455,-0.014929586415474705,-0.05235358652766309
2022-08-30,128897197220.0,6,0.4374690870954018,152275885173.0,0.8464715018636104,0.000791180007409853,-0.013978452778713124,-0.05370952320500988
2022-08-31,129038631918.0,6,0.43720461524128595,152599035949.0,0.8456058134019006,0.0010972674429732265,-0.01300471218032373,-0.059656996094266335
2022-09-01,128952520757.0,6,0.4372454897625375,152389636805.0,0.8462026910793778,-0.0006673285334791723,-0.01518408704775187,-0.055257718918733656
2022-09-02,127252315877.0,5,0.4473596968097654,152314925267.0,0.8354553281888392,-0.013184735513653845,-0.02769659107763911,-0.06800835845794706
2022-09-03,128521387685.0,6,0.437489382696062,152120765301.0,0.8448641934629758,0.009972877894235399,-0.017729217854135837,-0.058506529552221576
2022-09-04,128536788931.0,6,0.4375073676812328,152142773500.0,0.8448432086128626,0.00011983410915039627,-0.017231159853227318,-0.058458296870904425
2022-09-05,128478864627.0,6,0.43801390375089655,151999751305.0,0.8452570713039957,-0.00045064377663184274,-0.018918261769982236,-0.05596068785770025
2022-09-06,128420665112.0,6,0.43821601624747153,151896505206.0,0.8454484514823933,-0.00045298902017043563,-0.019533448733806025,-0.05757799992491608
2022-09-07,128133789204.0,6,0.4384616731697979,151910082825.0,0.8434844272424614,-0.002233876516289701,-0.021087776883211395,-0.05991468327666316
2022-09-08,128269042857.0,6,0.43837680863269557,152011707374.0,0.8438102898312625,0.001055565856908025,-0.019239680792187075,-0.05934110106768209
2022-09-09,128222643952.0,6,0.4384217473700235,152163017507.0,0.8426662802352834,-0.0003617311236330245,-0.019465034439285822,-0.05581399678328125
2022-09-10,128264006134.0,6,0.43846581472289947,152272290976.0,0.8423332000318824,0.00032258094767945167,-0.02014742386737034,-0.05487434430928717
2022-09-11,128365547813.0,6,0.43846981547318986,152395436852.0,0.8423188414602151,0.0007916615273493299,-0.018617778301075583,-0.05359021944423714
2022-09-12,128359799847.0,6,0.43859071283306567,152385513269.0,0.842335974682919,-4.477810516867464e-05,1.0265554349808483,-0.04846879185350639
2022-09-13,128311970940.0,6,0.4388920907591858,152330872619.0,0.8423241378057716,-0.00037261593627446743,1.0255928425468355,-0.04288653905429318
2022-09-14,128215928426.0,6,0.43926730652410595,152345006191.0,0.8416155647744136,-0.0007485078227417175,-0.017507190568818887,-0.037986220921349956
2022-09-15,127566134260.0,6,0.4400291981221478,151977282591.0,0.839376333654451,-0.005067967560481557,1.0242163208851651,-0.03916399410527016
2022-09-16,125758658669.0,5,0.4503568641972141,151746440370.0,0.8287420671111984,-0.014168929720140944,-0.03652407077354103,-0.05045283276977641
2022-09-17,125630813528.0,5,0.4503819146483423,151593630116.0,0.8287341191834171,-0.0010165911624144819,-0.035086268849170876,-0.05217212141322203
2022-09-18,127106328161.0,6,0.44009069662164996,151672147751.0,0.8380334164560675,0.011744846599048175,-0.020594602050367672,-0.04280669562644923
2022-09-19,127068615109.0,6,0.44024511309071396,151612209732.0,0.8381159758413592,-0.00029670475534648855,11.591215641193877,-0.03839861103830511
2022-09-20,126839234768.0,6,0.44107352208682726,151760430439.0,0.8357859449995626,-0.0018051691269573844,-0.018843498939287828,-0.0376749290199041
2022-09-21,127061208290.0,6,0.44065326813908745,152015582173.0,0.8358433160187427,0.0017500383253337137,-0.016980507807027645,-0.03599767283453692
2022-09-22,126867510020.0,6,0.4408438740686118,151863974857.0,0.8354022745648698,-0.0015244485127035023,-0.01580611327985193,-0.03598523849134505
2022-09-23,126830520821.0,6,0.4405471875967425,151864979297.0,0.8351531828345988,-0.00029155769664090947,-0.01680009400378879,-0.03578643116371161
2022-09-24,126638603468.0,6,0.4408994730746191,151661881491.0,0.8350061480380293,-0.0015131795703248185,-0.017385179787295924,-0.038563463754855754
2022-09-25,126611896993.0,6,0.4409371769788266,151620437493.0,0.8350582486536184,-0.0002108873145205692,-0.017113550506410613,-0.03874495788757548
2022-09-26,126368343909.0,6,0.4411493658664078,151340517326.0,0.8349934712909176,-0.0019236192631524318,-0.018777683010005486,-0.036913420012806175
2022-09-27,126136156258.0,6,0.44165944739703145,150597739297.0,0.8375700514948746,-0.0018373877809715333,-0.021045139991829664,-0.03890721899191962
2022-09-28,126054051143.0,6,0.44157895986420603,150487696958.0,0.8376369210978141,-0.0006509245044066247,-0.021283741547926893,-0.03804271739491405
2022-09-29,125539750033.0,6,0.4432293518167184,149988645060.0,0.8369950270754183,-0.004080004611803911,-0.02604748015792424,-0.04119729138416772
2022-09-30,125244576186.0,6,0.4434487948430556,149499660119.0,0.8377582670509536,-0.0023512381291376228,-0.02940247951800201,-0.046509927877981694
2022-10-01,123975553748.0,6,0.44464379553944916,148247368029.0,0.8362749058974729,-0.01013235444316074,-0.03859534485858307,-0.056655416682114046
2022-10-02,123981526962.0,6,0.44456407392716135,148255813414.0,0.8362675574534486,4.818057931110786e-05,-0.02570317791435317,-0.055775508687306075
2022-10-03,124020545661.0,6,0.44465070768827436,148285671461.0,0.8363623028379928,0.0003147138122598925,-0.03502017917073352,-0.05632761131878483
2022-10-04,123807765839.0,6,0.4451170151822189,148065422909.0,0.8361693324922417,-0.001715682033697985,-0.03679120298032801,-0.05706295674239026
2022-10-05,123447261596.0,6,0.44569404745094765,148028552799.0,0.8339422311560554,-0.002911806384332971,-0.03916288523881151,-0.05790462751976633
2022-10-06,123319925575.0,6,0.44632201232521773,148098167043.0,0.8326904244479563,-0.001031501382482869,-0.039718993298714644,-0.05784731964314249
2022-10-07,123130012204.0,6,0.4465976913337495,148139349891.0,0.8311769445093304,-0.0015400055596408446,-0.039051190408749714,-0.059785614721213465
2022-10-09,123125240711.0,6,0.44706195965304213,148316236619.0,0.8301534849976573,,-0.03975431393310069,-0.059394297836899534
2022-10-10,123116884173.0,6,0.44710783630776874,148300398649.0,0.8301857937981355,-6.787022670362575e-05,-0.040129122082953605,-0.0598820769378785
2022-10-11,123070547409.0,6,0.44744797861698293,148102920497.0,0.8309798820712178,-0.0003763640081638764,-0.04124938890701135,-0.05877771183600344
2022-10-12,122977451433.0,6,0.44773019496317357,147995883556.0,0.8309518378358591,-0.0007564439905399789,-0.041931729563426834,-0.01094909614349826
2022-10-13,122778114080.0,6,0.4481662422436238,147485526756.0,0.8324756793466526,-0.0016209260370678713,-0.04312814166487777,-0.060804677129993046
2022-10-14,122226387453.0,6,0.4498013372609048,147060157172.0,0.8311318973367159,-0.004493688725667355,-0.04671448428076452,-0.06201332837577078
2022-10-15,121793870847.0,6,0.45091353219697083,146643247363.0,0.830545374827332,-0.0035386516366305854,-0.04524918346459583,-0.06561479555396887
2022-10-16,121779061459.0,6,0.45094654171124615,146628630690.0,0.8305271684386347,-0.00012159386919075033,-0.031644717366733355,-0.06658345355495254
2022-10-17,121785977918.0,6,0.4508802334505745,146555979156.0,0.8309860752140735,5.6795141275767236e-05,-0.03060424032948794,-0.0668863656088522
2022-10-18,121564798949.0,6,0.4512486822903133,146361958944.0,0.8305764682714604,-0.001816128365360159,-0.04359758709244432,-0.06829061742903153
2022-10-19,121219686321.0,6,0.4525018937101242,146267526538.0,0.828753238604246,-0.002838919086641023,-0.04602968862911394,-0.07254980298169589
2022-10-20,120982763209.0,6,0.4530397683187627,146178122653.0,0.8276393280558874,-0.001954493689850123,-0.04617239744241597,-0.07445064106373267
2022-10-21,120467487629.0,6,0.4542759775249598,145772402320.0,0.8264080560636534,-0.004259082586085872,-0.05189404972405687,-0.07879116099107897
2022-10-22,120363871514.0,6,0.45466388396288404,145572640625.0,0.8268303095776175,-0.0008601168418079785,-0.05126323126366028,-0.08077072517976858
2022-10-23,120434431292.0,6,0.4545130290590813,145632327322.0,0.8269759435054124,0.0005862205752644734,-0.05043020786792329,-0.08016532310074065
2022-10-24,120476964813.0,6,0.4542789795921842,145665641345.0,0.8270788066463649,0.00035316745006985784,-0.04865529535436619,-0.07909612640772501
2022-10-25,120186913618.0,6,0.45578719698000647,145340003450.0,0.826936223786088,-0.0024075240893577377,-0.05074549491470948,-0.08179931705951804
2022-10-26,120247073920.0,6,0.45580370855087726,145220004099.0,0.8280338143911954,0.0005005561769495515,-0.04843990037099821,-0.08146635443238226
2022-10-27,120446763814.0,6,0.45648716455217636,145406750198.0,0.8283436886526103,0.001660663228552739,-0.04510516740626591,-0.07794950753721541
2022-10-28,120637295710.0,6,0.4567242984801535,145329325883.0,0.8300960248526937,0.001581876423796924,-0.04297168860408185,-0.0773247658308045
2022-10-29,120582653274.0,6,0.4572706713738284,145440460393.0,0.8290860256366708,-0.0004529481175652439,-0.03948627233762181,-0.07758200400319415
2022-10-30,120675349655.0,6,0.45748525012773733,145544750521.0,0.8291288364782919,0.0007687372808871107,-0.036482430378576014,-0.07697408369018577
2022-10-31,120818076190.0,6,0.45785398691181234,145639694887.0,0.8295683143509825,0.0011827314808536826,-0.02546854974665469,-0.07730718790365121
2022-11-01,120617632701.0,6,0.459212228727373,145218376181.0,0.8305948315429608,-0.0016590521494878052,-0.027132221577098492,-0.07839056096483543
2022-11-02,120094693904.0,6,0.4600989445750989,145240308198.0,0.8268689001973196,-0.004335508708716906,-0.03165484989665335,-0.08213324616616924
2022-11-03,119616600423.0,6,0.4608906419095323,145105309553.0,0.824343373729614,-0.003980970894369218,-0.03385220133485167,-0.08543329394110832
2022-11-04,119160550388.0,6,0.46179194174986893,145239425891.0,0.8204421744095036,-0.0038125981961305566,-0.034725040900695836,-0.09007415155397747
2022-11-05,119227296692.0,6,0.46152585177887245,145414801244.0,0.8199116986168522,0.0005601375940498254,-0.033187085249341663,-0.08972301068176591
2022-11-06,119247604190.0,6,0.4615737774052451,145461251733.0,0.8197894818675409,0.000170325911627911,-0.0315309642588818,-0.08897615496928057
2022-11-07,119651384434.0,6,0.4606001552848872,145820548890.0,0.8205385684308406,0.003386065881513689,,-0.08513131947220653
2022-11-08,120550835530.0,6,0.4592323270215654,146804845954.0,0.821163870624363,0.007517264428278603,-0.020908833689451622,-0.078132335120359
2022-11-09,120496710407.0,6,0.46076695334969975,147100056756.0,0.8191479531980882,-0.00044898173257812424,-0.02128200192524543,-0.07948445034176377
2022-11-10,118681740969.0,6,0.45965278672969617,145340576354.0,0.8165767877508056,-0.015062398233691265,-0.03566089964168839,-0.09265256440203529
2022-11-11,119253840192.0,6,0.4589013862617658,145762480474.0,0.8181381093694519,0.004820448523327858,-0.03027881288488632,0.8827897696280453
2022-11-12,118859914638.0,6,0.456846544225858,145596596170.0,0.8163646525034006,-0.0033032525691900627,-0.031912849218770134,0.8763782567804477
2022-11-13,118200146239.0,6,0.4537756196120466,144925359847.0,0.8155932568584668,-0.005550806602961034,-0.03294085097253019,-0.0942561101481505
2022-11-14,118029874368.0,6,0.45403178884154827,144756738409.0,0.8153670472632153,-0.001440538581531925,-0.030904646127294932,0.872895180477747
2022-11-15,117770920718.0,6,0.4532270115831518,144582168711.0,0.8145604798155157,-0.0021939670052737448,-0.032913217534932704,-0.09772059852129023
2022-11-16,117968810236.0,6,0.45280684049037107,144629322669.0,0.8156631591643729,0.0016802918478819873,-0.031343244495438904,-0.09393466739851164
2022-11-17,117891375661.0,6,0.45288309499039403,144210345085.0,0.8174959680702022,-0.0006563987111940506,-0.03021782061714351,-0.09159951857126403
2022-11-18,117658738744.0,6,0.45311059062202474,143848646324.0,0.8179342784984525,-0.001973315823109556,-0.029375984091975837,10.658791986721415
2022-11-19,117916573313.0,6,0.4528992494469092,144038279532.0,0.8186474713258657,0.0021913762781444746,-0.025344022691092816,-0.08786415575222006
2022-11-20,117918246194.0,6,0.4526782130606274,144068839763.0,0.8184854295209224,1.4186987910225213e-05,-0.021161240141828297,-0.08771578632127153
2022-11-21,117959819014.0,6,0.45275652584605314,144102429484.0,0.8185831386492851,0.000352556295075912,-0.01997320682494308,-0.0849088727768672
2022-11-22,117127463498.0,6,0.4530317121479377,143250860856.0,0.8176388106717207,-0.007056263081424485,-0.027458657449729418,-0.09201893711895359
2022-11-23,117154184280.0,6,0.4529515831018871,143249926867.0,0.8178306742786088,0.00022813421551171054,-0.027580214509532963,-0.09097672770414789
2022-11-24,116480347825.0,6,0.454780661712469,142611228750.0,0.8167684189103518,-0.005751706259074174,-0.030840011457327954,-0.0957646301135332
2022-11-25,116691511049.0,6,0.45438508436456637,142860699045.0,0.8168202439793683,0.0018128656717033564,-0.0295688099102146,-0.09391615571842138
2022-11-26,116702364576.0,6,0.45401182293045295,142561523105.0,0.8186105341344164,9.301042468679022e-05,-0.031087586909203213,-0.09426170603740258
2022-11-27,116898696965.0,6,0.45366478160238843,142738408946.0,0.8189715566272318,0.0016823342844278777,-0.030990405769598994,-0.09236827952704052
2022-11-28,116961699433.0,6,0.45401149907526817,142732619105.0,0.8194461796217594,0.0005389492751906033,-0.03002881212749653,-0.09259703115676488
2022-11-29,116292809849.0,6,0.45584785538487566,141689098658.0,0.8207604604056384,-0.005718877096028918,-0.03631677735783889,-0.09877524179812736
2022-11-30,115822028519.0,6,0.4564664281153933,141060756851.0,0.8210790237099095,-0.004048241078801751,-0.041351822744993494,-0.10182423857183287
2022-12-01,115781234490.0,6,0.45703558643354025,140911454436.0,0.8216594949886505,-0.00035221304204069437,-0.040096941903916994,-0.09014438211158182
2022-12-02,115703706353.0,6,0.45672887564846043,140745840430.0,0.8220754943770099,-0.0006696088303212999,-0.03656271070985051,-0.09973189336716115
2022-12-03,115949509493.0,6,0.45650438655783554,141006889555.0,0.8222967676183913,0.002124418895018687,-0.03065704021876625,-0.09792744585176305
2022-12-04,116113312891.0,6,0.4564300468115084,141176178083.0,0.8224710037321942,0.0014127131603769438,-0.025572536272095547,-0.09624580487926704
2022-12-05,116239495195.0,6,0.45625718336953125,141280980585.0,0.8227540233206826,0.001086716939326715,-0.025059710149416436,-0.09485365853210925
2022-12-06,116026964310.0,6,0.4568575007494064,141031306910.0,0.8227036028535375,-0.0018283878869523873,-0.027008004914450767,-0.09448581025513025
2022-12-07,115948081097.0,6,0.45761638218558814,140892699531.0,0.8229530804858236,-0.0006798696619282341,-0.03095077716416017,-0.09605561471083834
2022-12-08,115741321130.0,6,0.4579116937207359,140728332181.0,0.8224450566296589,-0.0017832116326877978,-0.0398961515186107,-0.09734101900653658
2022-12-09,115722131117.0,6,0.4580416339110528,140665248584.0,0.8226774720971335,-0.00016580088090101253,-0.03962414636775535,-0.0977817190888085
2022-12-10,115624292987.0,6,0.45852428943743073,140587487802.0,0.822436582335424,-0.0008454573818821309,-0.02576173855419439,-0.09925758930707151
2022-12-11,115674821586.0,6,0.45840081891459067,140634134203.0,0.8225230826182484,0.00043700677162794577,-0.03001176817650264,-0.0988236058027514
2022-12-12,115679616525.0,6,0.4584296725950607,140748682010.0,0.8218877425564889,4.145188152659962e-05,-0.026756691881244632,-0.09845031856697939
2022-12-13,115523891897.0,6,0.4590470894899217,140396114017.0,0.8228425174432654,-0.0013461717170055731,-0.02264171768949108,-0.09898954587631614
2022-12-14,118371941337.0,6,0.45486533511357635,140008478227.0,0.8454626665185231,0.024653337013085475,0.0028981388892568294,-0.07207393228880621
2022-12-15,118306495131.0,6,0.4556008944040595,139796532354.0,0.8462763212997171,-0.0005528861422798848,0.004547594684110701,-0.05925765761874324
2022-12-16,118238543120.0,6,0.4560375752051492,139827012912.0,0.8456058715522538,-0.0005743726151701267,0.0022864762597876176,-0.05884122056053109
2022-12-17,118030430998.0,6,0.45629574403595496,139367752776.0,0.8468991473781271,-0.0017601039095076487,0.0011795208616434127,-0.07140397566597911
2022-12-18,118191245731.0,6,0.45634157180136753,139538766142.0,0.8470136937481879,0.001362485349246212,0.004525860065172305,-0.06986280105740472
2022-12-19,118224497374.0,6,0.45628964518008897,139561090303.0,0.8471164643191287,0.00028133761341075925,0.002611372196024142,-0.06791855382726886
2022-12-20,117907688872.0,6,0.45689757540470555,139197132905.0,0.8470554415260138,-0.002679719593121077,-8.953086007257305e-05,-0.07204023589251829
2022-12-21,117897728852.0,6,0.45689862515875074,138935084247.0,0.8485814039771293,-8.447303221092994e-05,-0.0005263670503989903,-0.07070195644720989
2022-12-22,117720353505.0,6,0.45715011551715345,138709461547.0,0.8486829390878423,-0.0015044848507868025,0.005061921340165698,-0.07182945600970503
2022-12-23,117643327791.0,6,0.4573259507943397,138566492407.0,0.8490027116040139,-0.0006543109301547778,0.004175211615412122,-0.07103107133736664
2022-12-24,117576294808.0,6,0.45751274404942,138066241077.0,0.8515933648286065,-0.0005697984259599442,0.009408857403538473,-0.07136455893634985
2022-12-25,117717747943.0,6,0.45728158551068926,138112325948.0,0.8523333970012302,0.001203075290227451,0.00879444344129765,-0.06845540345317369
2022-12-26,117815224238.0,6,0.457199605226013,138119567624.0,0.8529944472366574,0.0008280509668534553,0.00953587929467603,-0.06596785780423098
2022-12-27,117903392997.0,6,0.45714753650212053,138102727108.0,0.8537368918486049,0.0007483647344412869,0.008594587091939943,-0.06466002537874505
2022-12-28,117593500975.0,6,0.45767157130021885,137634147686.0,0.854391900208363,-0.002628355419829864,0.005401781481141343,-0.06329667739430112
2022-12-29,117799350706.0,6,0.45763423528642505,137674202313.0,0.8556385199762054,0.00175051962305095,0.012954720579511081,-0.059445492225892016
2022-12-30,117859576345.0,6,0.45759142863897606,137585903468.0,0.8566253763955696,0.0005112561201658927,0.01759205784990847,-0.049332124101108654
2022-12-31,117916681144.0,6,0.45758790751797984,137457066907.0,0.85784371656773,0.00048451556310413757,0.018443806229967663,-0.048917334433692394
2023-01-01,117940024877.0,6,0.45758168813525774,137354723242.0,0.8586528522153986,0.0001979680294046382,0.01932797655744256,-0.049028334390824324
2023-01-02,118039843011.0,6,0.4571863475444954,137454973923.0,0.8587527947669902,0.0008463465571089124,0.018027963439777972,-0.046587730494229485
2023-01-03,118194113583.0,6,0.45666593443114545,137442015493.0,0.8599562015955717,0.0013069364382807258,0.01792043169032076,-0.04255378325192605
2023-01-04,117659124396.0,6,0.45741892356121316,137110563314.0,0.8581331850161404,-0.004526360668751228,0.01221296770618685,-0.045903378165414566
2023-01-05,117586920494.0,6,0.45765744926108076,137062846905.0,0.8579051373090257,-0.0006136702305975517,0.013444772887723833,-0.04501820158042613
2023-01-06,117169763886.0,6,0.458409700233386,136772164881.0,0.8566784329833832,-0.003547644638089542,0.01053646405737374,
2023-01-07,117126735862.0,6,0.4585406513731215,136459013265.0,0.8583290547070189,-0.00036722805076117027,0.011969923260543247,-0.0487187258628774
2023-01-08,117290236178.0,6,0.45804260114001927,136596474461.0,0.8586622505508942,0.00139592651324838,0.013550606490426498,-0.04732614892050535
2023-01-09,117449609691.0,6,0.4577034511737377,136575021783.0,0.8599640560747059,0.0013587960787984077,0.015786619375957933,-0.045672484898600096
2023-01-10,117107207569.0,6,0.4581785102661188,136326203322.0,0.859021998084953,-0.0029153108545939554,0.01238286744998418,-0.04773431060407196
2023-01-11,117177034184.0,6,0.4580734262201518,136506356344.0,0.8583998380903997,0.0005962623176618553,0.012944524748458086,-0.0456195303044844
2023-01-12,117289713400.0,6,0.45798489266428677,136572855908.0,0.8588069175254726,0.0009616151900813108,0.01528533599417159,-0.04038959308110379
2023-01-13,117412641334.0,6,0.4577909256065879,136671912282.0,0.859083913977426,0.0010480708873485955,-0.00810411650062337,-0.035972495845080665
2023-01-14,116963044141.0,6,0.45831567922892125,136420249118.0,0.8573730432043851,-0.0038292060198275024,-0.011355682445941873,-0.03954717059156709
2023-01-15,117296121518.0,6,0.4580104936193557,136612025328.0,0.858607587702303,0.0028477146730079284,-0.007970510944502629,-0.036866776264038226
2023-01-16,117516472366.0,6,0.457649764332576,136787130533.0,0.8591193623851117,0.0018785859681318406,-0.004354458656587568,-0.033301799682146416
2023-01-17,117579235723.0,6,0.4580229555010161,136710186110.0,0.8600619973437326,0.000534081356735383,-0.005178133153727171,-0.030031843081657406
2023-01-18,117301020194.0,6,0.4584702827429889,136254621761.0,0.8608957162550719,-0.0023661960999256104,-0.007811216799498033,-0.030431963342081425
2023-01-19,116942981317.0,6,0.45836609238886306,136136583497.0,0.8590121649378474,-0.0030523082954253544,-0.00818188842669354,-0.02925690890852073
2023-01-20,116830498827.0,6,0.45855887918725113,136088256279.0,0.8584906737836445,-0.0009618575542819086,-0.009052167801635314,-0.029355758024026457
2023-01-21,117023950218.0,6,0.45823951208369595,136280273037.0,0.8587005852727349,0.001655829538881548,-0.005915742403631352,-0.02831815650568481
2023-01-22,117436343850.0,6,0.45820669256694035,136562513589.0,0.8599456817515653,0.003524010522903742,-0.001759419296330389,-0.025238193605885972
2023-01-23,117625412432.0,6,0.4580523474205918,136658943316.0,0.8607223909233055,0.001609966521450179,0.00041775107882258133,-0.021312646351344333
2023-01-24,117734251420.0,6,0.4582281235176994,136496759260.0,0.8625424666364346,0.0009253016482548837,0.00014019531709008604,-0.020897161303665257
2023-01-25,118093416554.0,6,0.4581921920368984,136518041461.0,0.8650389010139478,0.0030506426946117493,0.0023612594874666826,-0.01953848476688136
2023-01-26,118154644928.0,6,0.45861634172385324,136806901696.0,0.8636599722911102,0.0005184740672821153,0.0021309983081352346,-0.0205794631534848
2023-01-27,118031557612.0,6,0.4593616942507551,137016558937.0,0.8614400954724802,-0.0010417475849130442,0.0037251772705799713,-0.021156406769414327
2023-01-28,117967829931.0,6,0.4601587498321914,136844934538.0,0.8620547799541818,-0.00053992069823805,0.0014302220172714986,-0.02243639427389732
2023-01-29,118123634766.0,6,0.4602873536764263,137001726301.0,0.8622054477363019,0.0013207400279477977,0.002240449433035918,-0.022301641517306514
2023-01-30,118155342722.0,6,0.46081574637940337,136954238448.0,0.8627359332647618,0.0002684302431330554,0.002023984865284101,-0.02041401347267191
2023-01-31,117778249289.0,6,0.4616007294802452,136622261802.0,0.8620721669773722,-0.00319150555796055,-0.0013716767328878499,-0.019288484276013818
2023-02-01,117461954762.0,6,0.46216976360771345,136701038486.0,0.859261612515326,-0.00268550881770957,-0.004895704994678396,-0.01801293176181673
2023-02-02,117466729612.0,6,0.4622934843965475,136648060543.0,0.8596296877191018,4.065018336940618e-05,-0.006154147181697045,-0.01421461020853576
2023-02-03,117741664934.0,6,0.46255247009058537,136920131292.0,0.8599295357298524,0.002340537809370602,0.0007015226266873231,-0.012460500231233462
2023-02-04,117276815849.0,6,0.463471165376536,136640143005.0,0.8582896158467029,-0.003948042396551554,-0.002637237574529605,-0.016526859003891614
2023-02-05,117294052136.0,6,0.46353828841484934,136664055095.0,0.8582655626197011,0.00014697096672700027,0.0010607536097873016,-0.019701671728673653
2023-02-06,117358497213.0,6,0.46338588923336776,136708667208.0,0.8584568894555966,0.0005494317557148687,0.001978722870524363,-0.02648126247292215
2023-02-07,117320826204.0,6,0.4639289831523073,136596615395.0,0.8588853088690397,-0.0003209908945206452,0.000260806244379852,-0.02635660502492443
2023-02-08,117138039197.0,6,0.46432561820927115,136440741078.0,0.858526846684561,-0.001558009885492706,-0.002652801442420416,-0.013007070501293239
2023-02-09,116980731676.0,6,0.46460403296042274,136312002815.0,0.8581836467824772,-0.001342924314581051,-0.0010800009292808443,-0.019061092811269442
2023-02-10,116944878783.0,6,0.4647522774066448,136174027423.0,0.8587898955190029,-0.0003064854569323483,-0.0019812363627113028,-0.01611170478148527
2023-02-11,116945012622.0,6,0.4653218163775896,136181813978.0,0.8587417747342705,1.1444622576295416e-06,-0.00293888328317804,-0.010618714586546507
2023-02-12,116938491301.0,6,0.46561912680536555,136176267826.0,0.8587288605267022,-5.576399415230249e-05,-0.004038321833261582,-0.009246668039289974
2023-02-13,116892073028.0,6,0.46580732937598157,136121109034.0,0.8587358261884495,-0.00039694605671380945,-0.0006067823689202001,-0.00746234880938379
2023-02-14,117358122509.0,6,0.4677323011932855,136233489369.0,0.8614484078222906,0.003987006722760089,0.0005285851756871018,-0.005176688022692666
2023-02-15,117788365533.0,6,0.46841355162562676,136088895947.0,0.8655251753888343,0.0036660694189871723,0.002313660047190691,-0.0008737715326709861
2023-02-16,118518973120.0,6,0.46817635442519706,135703043005.0,0.8733700475355821,0.006202714365667106,0.007992375449810574,0.007311266338420275
2023-02-17,119124729436.0,6,0.4681124646168891,135833107481.0,0.8769933313398052,0.005111049311798066,0.015547258148171483,0.01024585509106557
2023-02-18,119482676482.0,6,0.46808043146196965,135770978035.0,0.8800310509010174,0.0030048088897638436,0.021717380012021392,0.01326707560953877
2023-02-19,119566535027.0,6,0.46828765650486065,135788590695.0,0.880534472116019,0.0007018468908557285,0.0234188523328267,0.013620875535671262
2023-02-20,119616853442.0,6,0.4681716149363581,135838652785.0,0.8805803870222769,0.00042084028769950876,0.022157030412746748,0.021253682694515996
2023-02-21,119750017844.0,6,0.4678729358763347,135504034616.0,0.8837376553646927,0.001113257857636052,0.019701515886387133,0.022157412302030277
2023-02-22,119881918878.0,6,0.4678897623783733,135272901820.0,0.8862227191482895,0.001101469848395542,0.01918383450773864,0.029202960984547444
2023-02-23,120070214351.0,6,0.4678733280496391,135012058601.0,0.8893295576348664,0.0015706745000605427,0.01984098002769641,0.02895414817776465
2023-02-24,120322759903.0,6,0.46763997497947785,134871069073.0,0.8921317279532676,0.002103315575515907,0.01887779534247458,0.03102246762654315
2023-02-25,120720883707.0,6,0.46708107915439534,134855093502.0,0.8951896481775056,0.003308798803492774,0.02171932200011084,0.03269657268416237
2023-02-26,120842677655.0,6,0.4670352654505366,134976439527.0,0.8952871929239713,0.001008888804157504,0.023816681740665313,0.03318161621123816
2023-02-27,120930435654.0,6,0.4669787820921676,134897788649.0,0.8964597334405338,0.000726216935134083,0.025113674844513545,0.039878869648275916
2023-02-28,120967003950.0,6,0.4669403528703078,134598011067.0,0.8987280197608954,0.0003023911706117044,0.024071128437866296,0.044421389409148526
2023-03-01,120870318977.0,6,0.46732355873987,134455610391.0,0.8989607694725891,-0.0007992673195408306,0.022978023612422627,0.04395431184869203
2023-03-02,121062054264.0,6,0.4672595447983191,134286929536.0,0.9015177775104715,0.00158628924472759,0.02788125137556019,0.046310944393191944
2023-03-03,121753409474.0,6,0.4659698789261717,134462132798.0,0.9054847408742795,0.005710750690652855,0.03653484841704957,0.05005540779239248
2023-03-04,122278582832.0,6,0.4659774393727219,134487439968.0,0.909219350603261,0.004313418082243947,0.04096354121625634,0.053097011768044045
2023-03-05,122606720037.0,6,0.4656254307458705,134578051700.0,0.9110454378572342,0.002683521491664953,0.04131974102563518,0.05477677644176393
2023-03-06,122893851632.0,6,0.4653110384964793,134646041124.0,0.9127178980243688,0.0023418911696957423,0.04789553452945228,0.05918354722832442
2023-03-07,122908310569.0,6,0.46512869463267337,134442923214.0,0.914204389719794,0.00011765386801698696,0.047864817787097946,0.06002884572257128
2023-03-08,122982535894.0,6,0.4655845311185056,134466136644.0,0.9145985670696934,0.0006039081056143925,0.04792187029110173,0.06256378183092193
2023-03-09,122948559993.0,6,0.46569826817798976,134364643505.0,0.9150365511774294,-0.0002762660629253011,0.047968753469348924,0.06244638606502817
2023-03-10,122964291604.0,6,0.4660516247468851,134371491348.0,0.915106994574785,0.00012795278774224705,0.04973834671418342,0.06348145729051291
2023-03-11,122468132926.0,6,0.4670524676326177,134015399006.0,0.9138362742964857,-0.004034981794534764,0.04690859059762409,0.058727657815745404
2023-03-12,122048829019.0,6,0.4627479880640647,131234867571.0,0.930003064566433,-0.003423779696660856,0.0436440679499166,0.055059073372909495
2023-03-13,123226729187.0,6,0.45760169398483297,134768059720.0,0.914361529304653,0.009651056691552862,0.053715130078307194,0.06667743930292591
2023-03-14,122049952840.0,6,0.46225705156890057,133438643231.0,0.9146522318030118,-0.009549684185922058,0.043710684840657654,0.031071649763087406
2023-03-15,121346400333.0,6,0.46736975755729815,132321136166.0,0.9170598428112654,-0.0057644635710946135,0.038106324831223004,0.025695167443122502
2023-03-16,121040389371.0,6,0.4734110925703111,132679479135.0,0.9122766396138973,-0.00252179678309572,0.03137632729015083,0.023696555937402053
2023-03-17,121150971401.0,6,0.4788070350568754,132774050347.0,0.9124597094415399,0.0009135961192345832,0.028547860841637407,0.026438439448322137
2023-03-18,121330522068.0,6,0.48412321744400305,132755579538.0,0.913939154122485,0.0014820406714337597,0.023722353256919515,0.026560988655157214
2023-03-19,121339706791.0,6,0.48441849187883346,133136757166.0,0.9113914847701226,7.5700020435443e-05,0.018593766092791064,0.026349948497942144
2023-03-20,121176547024.0,6,0.48440456882208793,132866172521.0,0.9120195511378006,-0.0013446527218088367,0.014176704036716004,0.02772387605314397
2023-03-21,121175933008.0,6,0.4886152797097473,133171107299.0,0.9099266009400369,-5.067119133839171e-06,0.01346027114222692,0.027805490300116142
2023-03-22,121639460320.0,6,0.4904191735944211,132992860397.0,0.9146315069612857,0.0038252423603737373,0.016909046006470252,0.0332916670593717
2023-03-23,121444966530.0,6,0.4934284019883995,132823056549.0,0.914336484081719,-0.0015989366402016092,0.014154057899248285,0.032314954110732375
2023-03-24,121807800510.0,6,0.49632980387051107,133009932398.0,0.9157797339939973,0.0029876411544020876,0.016064821534596208,0.035989445907527395
2023-03-25,121770770576.0,6,0.4998832114477258,133314984725.0,0.9134064773527656,-0.00030400297718991,0.01416301481755311,0.03443000485332526
2023-03-26,121820918689.0,6,0.5000957927167213,133441042456.0,0.9129194170464342,0.0004118238947063979,0.012451167071032554,0.03399980330986807
2023-03-27,121798598223.0,6,0.5003232793327074,132584857852.0,0.9186463687954447,-0.00018322358951328166,0.008927324609515841,0.03303726149848041
2023-03-28,121620478934.0,6,0.5035664848434116,132169678294.0,0.9201844212971888,-0.0014624083659311449,0.0064364783542829596,0.03424490235949462
2023-03-29,121351015804.0,6,0.505155156206551,131798152588.0,0.9207338147093937,-0.002215606552135263,0.003477868476413626,0.030150124569567005
2023-03-30,121418120021.0,6,0.5056960742015844,131744789169.0,0.9216161093494701,0.0005529761457323534,0.0037292489378877303,0.03019308049762026
2023-03-31,121164759277.0,6,0.5068346893842002,131727344888.0,0.9198147839388948,-0.002086679846106776,0.002436001679254618,0.027545535555172584
2023-04-01,120882695559.0,6,0.5079679544282435,131215079685.0,0.9212561227657345,-0.002327935281538074,-0.0014815435446756675,0.0249505686052629
2023-04-02,120837499853.0,6,0.5081432475314527,131142616209.0,0.9214205370161528,-0.0003738806931049554,-0.007522660966595707,0.023700953598686958
2023-04-03,120982618099.0,6,0.5082325516623194,131367953551.0,0.9209446811701442,0.0012009371774204247,-0.010598460523381648,0.023592583686850244
2023-04-04,121247603939.0,6,0.5078802647761752,131919729431.0,0.9191013691581137,0.0021902802581372782,-0.011085168069008389,0.03049894822370436
2023-04-05,121296908233.0,6,0.5083267360039901,131285300974.0,0.9239184229544622,0.0004066413883510034,-0.01299449384808915,0.031551023901415176
2023-04-06,121333049701.0,6,0.5088203506463828,131221409261.0,0.9246437024591619,0.00029795869100457395,-0.012816552930451808,0.03553208333722213
2023-04-07,121590381558.0,6,0.5083463409168669,131432566779.0,0.925116084527594,0.002120871911108546,-0.011319935191447916,0.03810953718764187
2023-04-08,121504262323.0,6,0.508726916131664,131444301689.0,0.9243783166080616,-0.0007082734168321059,-0.0117471702806623,0.03592819216942145
2023-04-09,121515085575.0,6,0.5087658930664098,131634513804.0,0.9231248102297279,8.907713847294829e-05,-0.0117855843358744,0.03461463937339526
2023-04-10,121482006026.0,6,0.5089251069851353,131322420932.0,0.9250667567947483,-0.0002722258626858265,-0.00805211018115104,0.03735720924284136
2023-04-11,121526714629.0,6,0.5096144544360033,131428767130.0,0.9246584083741302,0.00036802654535050827,-0.004277913964407798,0.037120588307174796
2023-04-12,121588022749.0,6,0.5099528162129425,131367794570.0,0.9255542665307607,0.0005044826578843864,-0.013298303450976268,0.036646942211728595
2023-04-13,121418476226.0,6,0.5115595904327584,131292870912.0,0.9247910825819448,-0.0013944344119322105,-0.005173919360934365,0.03411757751539479
2023-04-14,121471468508.0,6,0.5125559049511448,131408503342.0,0.9243805797853267,0.000436443312806567,0.0010306706639569008,0.03854571672711482
2023-04-15,121522844357.0,6,0.5132712108194541,131357055451.0,0.925133742833719,0.00042294581296364875,0.003985900809697851,0.03603463425984965
2023-04-16,121542675614.0,6,0.5132545707745506,131247395572.0,0.9260578092562899,0.00016318953942295877,0.003233190856584134,0.03426075653003413
2023-04-17,121534126667.0,6,0.5133969035782181,131166144989.0,0.9265662772752239,-7.033699856295872e-05,0.0016780987630291566,0.03363596403464597
2023-04-18,121359997801.0,6,0.5155282201091905,131050337662.0,0.9260563533533737,-0.0014327569611546354,0.00016722481483277818,0.034603088705341234
2023-04-19,121190917522.0,6,0.5170890016245362,130782715221.0,0.9266585214812865,-0.0013932126076440232,0.00011859141354442215,0.03632484957335769
2023-04-20,121082393875.0,6,0.5184244050100881,130815625349.0,0.9255958036508793,-0.0008954767338922309,-0.0007719283085183548,0.036393707898963124
2023-04-21,120997105892.0,6,0.5195647534181057,130642993399.0,0.926166055629633,-0.0007043797225222415,-0.005280806296822926,0.03395164551015872
2023-04-22,119942488809.0,6,0.5190203735577857,129430536024.0,0.9266939046498219,-0.008716052133852958,-0.012371675532792503,0.021340454554691135
2023-04-23,120735931040.0,6,0.5212335956276707,130306403993.0,0.9265540859103585,0.006615188986644371,-0.008799678390974619,0.026444273764380632
2023-04-24,120782153750.0,6,0.5211049546049134,130340660576.0,0.9266651957742185,0.0003828413762319016,-0.008118671018698898,0.025887983260937775
2023-04-25,120779022764.0,6,0.5217387688785686,130271173682.0,0.9271354463945268,-2.592258792211144e-05,-0.008552684844381209,0.022741371097278362
2023-04-26,120756529177.0,6,0.5223737213342069,130106693959.0,0.9281346370622062,-0.0001862375310317521,-0.00855567355621023,0.022021006881155714
2023-04-27,120780706165.0,6,0.5224797083495729,130269178722.0,0.9271625671545162,0.00020021267723380198,-0.0069048631970584085,0.023291640037803818
2023-04-28,120481165009.0,6,0.5241738659154118,130073483667.0,0.926254618638821,-0.0024800414363432832,-0.0071680553247690515,0.021305258217177103
2023-04-29,120515969574.0,6,0.5248667182182315,129957434267.0,0.9273495606753644,0.00028887971823143843,-0.007430113782390668,0.020252803875694836
2023-04-30,120538251700.0,6,0.5248356787690189,129898107897.0,0.9279446302295511,0.00018488940576721902,-0.00517070789178653,0.020167593975048526
2023-05-01,120546399236.0,6,0.5248560862199297,129933348723.0,0.9277556564249592,6.759294983194053e-05,-0.0027820054925550286,0.023503065835251302
2023-05-02,120984538794.0,6,0.5216043625979927,130274969492.0,0.9286859883043725,0.003634613400125053,0.0012168320362377916,0.029989148734476778
2023-05-03,120889932404.0,6,0.5224782422883187,130297022520.0,0.9278027238530638,-0.0007819709108540795,-0.0007661075322750177,0.02914189237503284
2023-05-04,120708199404.0,6,0.5251591503307796,129882757831.0,0.9293627685443999,-0.001503293089722857,-0.004448785109777309,0.025195282159997445
2023-05-05,120681577484.0,6,0.5259250935482148,129762123803.0,0.9300215960337876,-0.00022054773521140714,-0.005072930200479719,0.029031838990101866
2023-05-06,120959942922.0,6,0.5247995071092746,130260153565.0,0.9286027968763357,0.0023066108664091534,-0.003075063059236105,0.03125385063642838
2023-05-07,120971577696.0,6,0.5247676859710766,130181863824.0,0.9292506201904446,9.618699975333378e-05,-0.005089250104086784,0.03078669690565672
2023-05-08,120971603915.0,6,0.5248058591310822,130015021695.0,0.9304432852288808,2.1673686090295519e-07,-0.004383866029193384,0.03111789977213375
2023-05-09,121017526135.0,6,0.5264535422147398,130102993575.0,0.9301671146039961,0.0003796115659693289,-0.004094631029930018,0.03311893356414797
2023-05-10,121000527600.0,6,0.5277545995461994,130230224084.0,0.9291278460977942,-0.00014046341503493043,-0.003963372368883555,0.03436288922464237
2023-05-11,121097073702.0,6,0.5283403733074534,130081156232.0,0.9309347887869565,0.0007978981903216109,-0.0035353619844955553,0.035505572900756954
2023-05-12,121005660098.0,6,0.5296969303164021,130004263179.0,0.9307822462051877,-0.0007548787200667428,-0.004789638303455246,0.03472270757817775
2023-05-13,121084170893.0,6,0.5299857499739904,130044117826.0,0.9311007134902597,0.0006488191952047639,-0.0027533316459823487,0.03545179646049146
2023-05-14,121090364253.0,6,0.5299577232933906,130017558582.0,0.93133854822101,5.114921260407357e-05,-0.003137397280867704,0.035915961760677684
2023-05-15,121069491243.0,6,0.5302068050600873,130013225266.0,0.931209044274522,-0.00017237548279558368,-0.0037305999246378674,0.03162430221832646
2023-05-16,120954157978.0,6,0.5307004073884682,129924836362.0,0.9309548610166754,-0.0009526203820292567,-0.004842065826072828,0.026876953684471072
2023-05-17,120872946185.0,6,0.5312614344936919,129746997186.0,0.9316049604733547,-0.0006714262193018294,-0.0054402866102919445,0.019861571552907575
2023-05-18,120728334236.0,6,0.5319883662160914,129478180511.0,0.9324222333024162,-0.0011963963282458634,-0.005204874558713879,0.013461560900010605
2023-05-19,120848014519.0,6,0.5314658572698008,129604708095.0,0.9324353744187953,0.000991318929043139,-0.002829444730771624,0.011427079449510824
2023-05-20,120804808633.0,6,0.5320813238024492,129477882174.0,0.9330150185083765,-0.00035752251430831716,-0.0022925318299088504,0.010356356029890712
2023-05-21,120793875997.0,6,0.5322215236935905,129602545343.0,0.9320332071975331,-9.049835121388572e-05,-0.001679626082804031,0.009839939115023677
2023-05-22,120800253934.0,6,0.532189362213172,129496286275.0,0.9328472453446812,5.2800168446998086e-05,0.007151470121367298,0.008770237440533402
2023-05-23,120715664027.0,6,0.5329599342227088,129379033068.0,0.9330388484473628,-0.0007002461025141793,-0.0001678623159271364,0.006954719750928318
2023-05-24,120613894931.0,6,0.5340232104770858,129309993488.0,0.9327499884391611,-0.0008430479740991759,-0.001393076822824857,0.004528022065577897
2023-05-25,120411846152.0,6,0.5353431301126064,128914199572.0,0.9340464165450498,-0.0016751700052103358,-0.0030400694060710443,0.0007403939958809946
2023-05-26,120355500306.0,6,0.5357278510923805,128888069148.0,0.9337986138018547,-0.00046794271328476356,-0.0033209704993441003,-0.0030266793099925637
2023-05-27,120411069983.0,6,0.5357236278360303,128880297082.0,0.9342860988781593,0.0004617128162711648,-0.0030603909658801776,-0.0035716493574581287
2023-05-28,120396634747.0,6,0.535821311684338,128912215482.0,0.9339427943026157,-0.00011988296426601597,-0.0007016056160619177,-0.004414115471536695
2023-05-29,120376292099.0,6,0.5359169936085617,128960826208.0,0.9334330093763973,-0.0001689635930667288,-0.0011589955712403288,-0.0048832477593986345
2023-05-30,120439622146.0,6,0.5357127668810989,128945183621.0,0.9340373852194447,0.000526100662312512,-0.0008182427786116442,-0.0035632968841751156
2023-05-31,120410960921.0,6,0.5361568547215264,128901070051.0,0.9341346885123539,-0.00023797172798545319,-0.0011235367946150765,-0.005378178546187273
2023-06-01,120278934065.0,6,0.5371369479003237,128850909985.0,0.9334736873724998,-0.001096468751599966,-0.005832189270080446,-0.012110341840692929
2023-06-02,120368778992.0,6,0.5369389321322541,128776525845.0,0.9347105631416096,0.0007469714268621974,-0.004310974467736206,-0.015618465603448373
2023-06-03,120299471286.0,6,0.5365775357834525,128812123354.0,0.933914201192029,-0.0005757947083986359,-0.003386084126994704,-0.018818289489383022
2023-06-04,120297987934.0,6,0.5366092154918646,128726003080.0,0.9345274851673737,-1.233049475735104e-05,-0.0031785261511920737,-0.021122811788609197
2023-06-05,120307594156.0,6,0.5365951283259219,128768606277.0,0.9342928966490549,7.985355503437042e-05,-0.005393097501878441,-0.021159809299794885
2023-06-06,120288148741.0,6,0.5371023320455882,128634295777.0,0.935117248587664,-0.0001616308192048388,-0.00564950022159294,-0.021908697307415403
2023-06-07,120193399150.0,6,0.538160908574372,128487699325.0,0.9354467375587433,-0.0007876884962625397,-0.006432954014123804,-0.022409053372864696
2023-06-08,120050142168.0,6,0.5389780016651623,128360181677.0,0.9352599895042917,-0.001191887266797531,-0.00799375097058952,-0.023699151989464262
2023-06-09,119955068397.0,6,0.5396600134456513,128279669325.0,0.9351058435697289,-0.000791950507371797,-0.00864012102869538,-0.020520150580873864
2023-06-10,119804767418.0,6,0.5407526002976045,127790754993.0,0.9375073136124953,-0.001252977310659098,-0.010671655759247778,-0.01838658854031816
2023-06-11,119879950015.0,6,0.5404416985093974,127926193259.0,0.937102456979162,0.0006275426147082097,-0.0093029539451982,-0.0271595228898851
2023-06-12,119883792273.0,6,0.5405443486000299,127984088696.0,0.936708566623148,3.205088089819341e-05,-0.00991358830099065,-0.017748147513335866
2023-06-13,119879717982.0,6,0.5417405818524276,127697723276.0,0.9387772538661279,-3.3985336322372994e-05,-0.009997874549873664,-0.012086739672335645
2023-06-14,119735052243.0,6,0.5428230744390803,127559408969.0,0.938661077303192,-0.0012067574184794205,-0.011022091414604418,-0.010784310384189366
2023-06-15,119633206017.0,6,0.5437494938082424,127336855690.0,0.9395018069885875,-0.0008505965804675997,-0.010921095918341783,-0.012527884559640157
2023-06-16,120744546086.0,6,0.5346108543849437,128136945268.0,0.942308604543844,0.009289561869988416,-0.0010622732633941423,-0.004829584279474108
2023-06-17,120905221815.0,6,0.5337958574019088,128325882394.0,0.9421733134379214,0.0013307079632860486,0.0014651703771064728,-0.003580732041394974
2023-06-18,120522849035.0,6,0.5326640211172655,127988897513.0,0.9416664365185139,-0.003162582841831907,-0.0026906977768250684,-0.005394591652050695
2023-06-19,120522741561.0,6,0.5326315290011359,127985635138.0,0.9416896000168052,-8.917313261136428e-07,-0.0023348993735581303,-0.005390438767712058
2023-06-20,120661380519.0,6,0.531908135533193,128099603715.0,0.9419340655217889,0.0011503136769406286,-0.0010968724772378868,-0.008040810099181117
2023-06-21,120805651015.0,6,0.531126234258345,128647589491.0,0.9390432536899682,0.0011956642247872296,4.467772893046451e-05,-0.005264240530232889
2023-06-22,120680838396.0,6,0.5318528020270217,128164024627.0,0.9416124278807679,-0.001033168713146515,-0.00028849305747269405,-0.00925196998288691
2023-06-23,120694012992.0,6,0.5317655231084674,128152201330.0,0.9418021051484344,0.00010916891343404345,0.0006642523321698235,-0.008842496264963473
2023-06-24,120702274478.0,6,0.531714725053759,128206046421.0,0.9414709980342169,6.844984100862206e-05,0.0024119580861952095,-0.009182693933345032
2023-06-25,120719791771.0,6,0.531662372172481,128488626473.0,0.9395367908020053,0.00014512811026756722,0.0030267953194811348,-0.008857297766472039
2023-06-26,120720433617.0,6,0.5317139618194702,128266719969.0,0.9411672306438972,5.316824942980247e-06,0.002569229175055643,-0.007400442136792029
2023-06-27,120621014999.0,6,0.5324540406503208,128199350198.0,0.9408863212855955,-0.0008235442420246875,0.0018636754463403626,-0.006015613467785563
2023-06-28,120464464303.0,6,0.533330577708696,128253857345.0,0.9392658185628935,-0.0012978724810207565,0.0007324715063286025,-0.007854311348545528
2023-06-29,120344106898.0,6,0.5348988883912218,127762528299.0,0.9419358594435544,-0.0009991112789682344,-0.0007930550287198468,-0.006773028592611419
2023-06-30,120236836508.0,6,0.5358989885660217,127696126803.0,0.9415856182818478,-0.000891363879503615,-0.0014460844068360235,-0.005342857784675803
2023-07-01,119567256860.0,6,0.5391696606732461,127088380083.0,0.9408197412061745,-0.005568839529102587,-0.005916889857166541,-0.010511993334397562
2023-07-02,119585235293.0,6,0.5390807349355526,127066828482.0,0.9411208001460442,0.0001503625112102558,-0.00650952602129562,-0.011550277452720747
2023-07-03,119585925296.0,6,0.5390899129516983,127110699448.0,0.9408014102299993,5.769968159707872e-06,-0.005931414181394201,-0.013704836953611021
2023-07-04,119840428199.0,6,0.5379857430046798,127297876207.0,0.9414173415126471,0.0021282011438223947,-0.003803552684946254,-0.012007561076513462
2023-07-05,119887931854.0,6,0.5377006933582068,127420692365.0,0.9408827532546895,0.0003963908984130349,-0.0034882444865104167,-0.01191033976778122
2023-07-06,119780202476.0,6,0.5384441365479588,127253062727.0,0.9412755961164427,-0.0008985840053625793,-0.004222745717815446,-0.014887518723152637
2023-07-07,119622114935.0,6,0.5393194754037048,126793981553.0,0.9434368529944606,-0.0013198136063568011,-0.004753041506772249,-0.015490381588397328
2023-07-08,119504500399.0,6,0.5401704629898513,126790389101.0,0.9425359543916524,-0.0009832173261934418,-0.004545115558767243,-0.016545971773677892
2023-07-09,119504048698.0,6,0.5401640952458612,126812683815.0,0.9423666868555344,-3.779782338675375e-06,-0.0037599053131071036,-0.016281895506209176
2023-07-10,119491588661.0,6,0.5401981765896492,126706340037.0,0.943059270957608,-0.00010426455953382874,-0.002614075914920133,-0.016746325893964076
2023-07-11,119381258325.0,6,0.5407664478111927,126613586102.0,0.9428787383750933,-0.0009233314012838667,-0.00415992574185764,-0.018149521425770088
2023-07-12,119313301752.0,6,0.5414666945142336,126462339306.0,0.9434690391366118,-0.0005692398786332209,-0.004758695985366157,-0.017338172405339525
2023-07-13,119185891846.0,6,0.5423790718778124,126329651268.0,0.9434514435028005,-0.0010678600300981778,-0.005787685754350735,-0.018815748999111426
2023-07-14,119413544153.0,6,0.5416042188964969,126598324525.0,0.9432474292297511,0.0019100608593352053,-0.0026851626485074886,-0.017357232009838963
2023-07-15,119449204835.0,6,0.5428523434402335,126614821831.0,0.9434061755774189,0.0002986318030584467,-0.0015380443952480727,-0.017224162364571693
2023-07-16,119485362647.0,7,0.542845300645087,126662902641.0,0.9433335266732102,0.0003027045014651897,-0.010428491222312819,-0.016857520403413595
2023-07-17,119503497103.0,7,0.5428834487198959,126581288602.0,0.9440850099002059,0.00015177136009181247,-0.011593582898717258,-0.015297468124910507
2023-07-18,119366972407.0,7,0.5444400409105911,126421281412.0,0.9441999881174247,-0.0011424326426391351,-0.009590518621612865,-0.01505017993340052
2023-07-19,119299831267.0,7,0.5454160647567232,126361242382.0,0.9441172705974764,-0.0005624766938970849,-0.010146718189123272,-0.014721897634764614
2023-07-20,119143911273.0,7,0.546064486466824,126087049767.0,0.9449337699087224,-0.0013069590488442584,-0.01257626292251024,-0.015316024340731982
2023-07-21,119150321803.0,7,0.5463291532909698,126046063882.0,0.9452918888014182,5.380493162854272e-05,-0.013702415392757294,-0.006604557016166912
2023-07-22,119055372170.0,7,0.5467343658829745,125893021769.0,0.945686825981933,-0.0007968894381753522,-0.013469132694174935,-0.013919293581653225
2023-07-23,118972099465.0,7,0.547521785835345,125891829858.0,0.9450343171530263,-0.000699445169774382,-0.0142667683699782,-0.014986107043152508
2023-07-24,118956293152.0,7,0.547639455394981,125792659517.0,0.9456536940132336,-0.00013285730915968408,-0.014465189935739198,-0.01509144195976464
2023-07-25,118811808544.0,7,0.5485943853082483,125599210218.0,0.9459598379462797,-0.0012146024743338035,-0.01580505730675341,-0.016104476058180772
2023-07-26,118730252890.0,7,0.549068027908105,125513024946.0,0.9459596160723703,-0.0006864271741962025,-0.016485864632611258,-0.016976662416585353
2023-07-27,118654403139.0,8,0.5494999145245328,125490996957.0,0.9455212406963139,-0.0006388409790575311,-0.016304056635705666,-0.015162219504297969
2023-07-28,118672920254.0,8,0.5494657941565658,125320416785.0,0.9469559972625653,0.00015605923176997827,-0.01487197124368389,-0.015292988360918636
2023-07-29,118637016013.0,8,0.5497183046344517,125158144769.0,0.9478968886280967,-0.0003025478847503704,-0.014185080840284803,-0.01577288255127396
2023-07-30,118926391378.0,8,0.5472900428274406,125400346941.0,0.9483737029368352,0.0024391659089628703,-0.010898865672607783,-0.013438873896419179
2023-07-31,118824815126.0,8,0.5481329773685105,125275869934.0,0.9485052084539612,-0.0008541102678979451,-0.006209406768186709,-0.017851236939270043
2023-08-01,118810403441.0,8,0.5489159904823245,125210740962.0,0.9488834785911663,-0.0001212851455709707,-0.0064793270682752535,-0.017201837420592336
2023-08-02,118608648947.0,8,0.5499761427833546,124991322409.0,0.9489350673391994,-0.0016981214452334026,-0.008172168644270172,-0.017393602649750317
2023-08-03,118574489004.0,8,0.5498430584191373,124819044906.0,0.9499711289514936,-0.0002880054979402802,-0.010563540317945597,-0.01745990170106415
2023-08-04,118456971041.0,8,0.5505535555826221,124567396680.0,0.950946830375712,-0.0009910897697061882,-0.011935820318784263,-0.02069256830431887
2023-08-05,118400103978.0,8,0.5508612105623786,124313963282.0,0.952428036659207,-0.0004800651451767335,-0.011521924904714709,-0.02125684203658218
2023-08-06,118403965336.0,8,0.5508200896800848,124348346873.0,0.9521957333049941,3.261279230559744e-05,-0.010183314345026506,-0.021225134625842745
2023-08-07,118398997946.0,8,0.5508595026832968,124301871611.0,0.9525117877269547,-4.195290238717675e-05,-0.009250718168010152,-0.021637594756968692
2023-08-08,118227190954.0,8,0.5490504270886698,124162214646.0,0.9521994375750996,-0.001451084848525186,-0.010684640042838756,-0.02292003763130701
2023-08-09,118337263433.0,8,0.5480175940765013,124384601724.0,0.9513819378992057,0.0009310250722511793,-0.009660305306299355,-0.02279006572686837
2023-08-10,118339978541.0,8,0.5479633487151433,124285507588.0,0.9521623304085531,2.294381263556744e-05,-0.008722305315003842,-0.022029395607123803
2023-08-11,118145212711.0,8,0.5492622088961729,124030372626.0,0.9525506552113162,-0.0016458159989654053,-0.009790099040490441,-0.024272026312977868
2023-08-12,117958189771.0,8,0.549369467933445,123931009927.0,0.9518052813454985,-0.0015829921137598957,-0.010300733215860114,-0.025866422165976788
2023-08-13,118040993407.0,8,0.5487742414002115,124042323821.0,0.9516186876451923,0.0007019744551925999,-0.011494096048614066,-0.025014541689296954
2023-08-14,118044101840.0,8,0.5488451391900757,124075359010.0,0.9513903709961146,2.6333504236752958e-05,-0.011763184166365348,-0.02405916577526257
2023-08-15,117640307333.0,8,0.5518307948415686,123627747939.0,0.9515687966025693,-0.0034207088766478044,-0.015441684848468973,-0.0267441057244715
2023-08-16,117379732142.0,9,0.5516220636399959,123335304802.0,0.9517123448994514,-0.0022150162381198157,-0.017771571648397266,-0.027736671057302487
2023-08-17,117244510260.0,9,0.5510448431377907,123030572214.0,0.9529705352915396,-0.001152003668200674,-0.017780983334009126,-0.029818481282813725
2023-08-18,117142010996.0,8,0.550086247557484,123012242741.0,0.952279288514724,-0.0008742350816486333,-0.01808737068680899,-0.030319965558055162
2023-08-19,116811650153.0,8,0.5520015823498075,122660540921.0,0.9523164440325842,-0.0028201739084987576,-0.01957515994800596,-0.03296711700930022
2023-08-20,116996447180.0,8,0.5509551729626726,122877645464.0,0.9521377687390418,0.0015820085304671938,-0.0180769517900351,-0.031488400314772846
2023-08-21,117042129541.0,8,0.5505661579617893,122997339160.0,0.951582614228319,0.0003904593865975414,-0.016910136790175945,-0.030431299165768255
2023-08-22,118151063041.0,9,0.5410199139239253,124056504405.0,0.9523971645636503,0.009474652455050636,-0.0069010837641100276,-0.02041913903376491
2023-08-23,118101214413.0,9,0.541354812339372,123951660114.0,0.9528005861670649,-0.0004219058780935425,-0.007188175726923429,-0.019189405468322485
2023-08-24,118153621073.0,9,0.5410658153549884,123991720072.0,0.9529154124516548,0.00044374361652832484,-0.005539747934703354,-0.018294795230810346
2023-08-25,118264470067.0,9,0.5397818614808165,124056023295.0,0.9533150178913286,0.000938176866636331,-0.003923034034396755,-0.017827263857908227
2023-08-26,118329906046.0,9,0.5394539032378789,124100056074.0,0.9535040497922153,0.0005533020945591716,-0.0027348086915903735,-0.017166000572549245
2023-08-27,118413771967.0,9,0.5389051275535778,124112326374.0,0.9540855080757412,0.0007087466203801185,-0.0021837187999194096,-0.01630321135316226
2023-08-28,118489348256.0,9,0.5384434955655848,124224026630.0,0.9538359967103571,0.0006382390134576088,-0.001244702218267335,-0.01619295922097652
2023-08-29,118572859624.0,9,0.5377508816932008,124282763061.0,0.9540571572729077,0.0007048006359151593,-0.002972693864697562,-0.015265232358754766
2023-08-30,118968813420.0,9,0.5348147804173952,124716260826.0,0.9539158136402225,0.0033393290610987947,0.0012118537179905964,-0.010892353305126501
2023-08-31,119155546838.0,9,0.5331288874443473,124842345255.0,0.9544481609554492,0.0015695997348545987,0.0029049930561964032,-0.010079292688352615
2023-09-01,119345043654.0,9,0.531856623990915,124857422696.0,0.9558506100560684,0.0015903314703229476,0.006208608845456487,-0.007933764145404587
2023-09-02,119297803271.0,9,0.532415561793152,124851396659.0,0.9555183719476664,-0.00039583028799217157,0.006100083357522212,-0.008314226033013461
2023-09-03,119330413432.0,9,0.5321860186216951,124844882378.0,0.9558294353684156,0.0002733508925216732,0.007373499282686158,-0.008122352797886645
2023-09-04,119392570161.0,9,0.531810496908091,124881384157.0,0.956047780595549,0.0005208791892388209,0.00838230837351639,-0.007445276940194034
2023-09-05,119161736746.0,9,0.5333489457431145,124621537377.0,0.9561889481873167,-0.0019333984911181767,0.00639988202970776,-0.008583353256467086
2023-09-06,118827187804.0,9,0.5357062174521031,124164753687.0,0.9570122299243216,-0.0028075198560852943,0.003616499002764284,-0.01018702970204377
2023-09-07,118773356186.0,9,0.5361814248432973,123979226402.0,0.9580101411576801,-0.0004530244213873935,0.004619624534702105,-0.009851290377235533
2023-09-08,118600683339.0,9,0.5371756320121767,123755131754.0,0.9583496187839224,-0.0014538011936751083,0.002226009782194671,-0.01005038534734548
2023-09-09,118779248032.0,9,0.5372265761095087,123879024531.0,0.9588326069057493,0.0015055958192888852,0.003711928094087158,-0.009181702051613061
2023-09-10,118816548827.0,9,0.5370040060883076,123949683291.0,0.9585869497387194,0.00031403461141588096,0.0056822963926790315,-0.008902316366249607
2023-09-11,118901519814.0,9,0.5364719770593567,124118973773.0,0.9579640904174558,0.0007151443787827283,0.00799715598239814,-0.008159830407232671
2023-09-12,118833083632.0,9,0.536953400358364,123888598516.0,0.959193057758684,-0.0005755702879749469,0.00671029785617705,-0.007533037269399356
2023-09-13,118948608217.0,9,0.5363608341832542,124031159518.0,0.959021980276961,0.0009721584382826887,0.007662444483892861,-0.005722473072423684
2023-09-14,119012146556.0,9,0.5359817482644738,124045053187.0,0.9594267848520102,0.0005341663088993531,0.011661302610480151,-0.01434764207706829
2023-09-15,119001945277.0,9,0.5360182510585374,124016889579.0,0.9595624086443046,-8.571628438946988e-05,0.0138202150013218,-0.01574188864160264
2023-09-16,118898938458.0,9,0.5367188069144855,123888049181.0,0.9597288781607101,-0.0008655893713352958,0.014110922501455736,-0.013473881425823397
2023-09-17,118974939195.0,9,0.5362479031156623,123985604359.0,0.9595867182330972,0.0006392045041414551,0.01564706106217173,-0.012842409208029926
2023-09-18,119012849342.0,9,0.5359472815324642,124011406235.0,0.9596927650064075,0.0003186397678074382,0.018844003882462657,-0.013662459105881153
2023-09-19,119010523803.0,9,0.5364066123552884,123952475546.0,0.9601302699181188,-1.9540234628911968e-05,0.01721485285703861,-0.014859629470289515
2023-09-20,119013759856.0,9,0.5369460834833204,124073751114.0,0.9592178747513579,2.7191318016095423e-05,0.016845475409000832,-0.013813945628465718
2023-09-21,119134123966.0,9,0.5359846733676704,124062274685.0,0.9602767986359043,0.001011346168255045,0.008320373085926924,-0.012924328119766737
2023-09-22,119206607502.0,9,0.5348438657820934,123992125119.0,0.9614046649139439,0.0006084195995823549,0.00935970975822853,-0.012391373588180432
2023-09-23,119168079912.0,9,0.5351101579203237,124071821734.0,0.9604765872422408,-0.0003232001212629676,0.008585931009031267,-0.012853831473993327
2023-09-24,119211059415.0,9,0.5348223374371038,124084379622.0,0.9607257559586012,0.0003606628807961698,0.008004004477961457,-0.01250305484147507
2023-09-25,119221788725.0,9,0.534750114342526,124129856904.0,0.9604602123822972,9.000263945857512e-05,0.007537255025397371,-0.01160018653475603
2023-09-26,119041610782.0,9,0.5357757506458944,123913314418.0,0.9606845829370187,-0.0015112836749631153,0.005302075971154618,-0.011811396242307204
2023-09-27,119020605220.0,9,0.5365578985451293,123780062851.0,0.9615490772796812,-0.00017645562641510626,0.004483584151819375,-0.010997644272866314
2023-09-28,118885977397.0,9,0.5373561006564592,123702780585.0,0.9610614800635768,-0.001131130384954382,0.00264072043124286,-0.011234985468950853
2023-09-29,119095130523.0,9,0.5361278286110325,123888758903.0,0.9613069949005364,0.0017592749841435218,0.0010617665198866533,-0.003948625647177018
2023-09-30,118735971895.0,9,0.5376387840131631,123444764341.0,0.9618550655336618,-0.003015728908669635,-0.003521237190665105,-0.007101741246895443
2023-10-01,118798502489.0,9,0.5373979914694661,123559096211.0,0.9614711189383386,0.0005266356353683666,-0.004579504504472864,-0.006584577616897347
2023-10-02,118831707061.0,9,0.5372124784563704,123590096529.0,0.9614986184035914,0.00027950328753578724,-0.003906997423424485,-0.008417202384532363
2023-10-03,119062623141.0,9,0.5366050719504383,123766591747.0,0.9619932282241744,0.001943219412656072,-0.0022441076277054384,-0.006884001585789834
2023-10-04,118923326827.0,9,0.5376333730666963,123613379470.0,0.9620586973424002,-0.0011699415847326033,-0.0039302557384200965,-0.007153733515951388
2023-10-05,118833629458.0,9,0.53818481178779,123479583561.0,0.9623747184026997,-0.0007542453729912912,-0.002753461781942468,-0.006591469122816052
2023-10-06,118872160721.0,9,0.5382359252516016,123655656671.0,0.9613159957354233,0.0003242454444565279,0.00037847329244367067,-0.005291346149214116
2023-10-07,119177708301.0,9,0.5368283027007946,123915345838.0,0.9617671442954796,0.002570388038265259,0.0034044008520461855,-0.002730789463248229
2023-10-08,119254861993.0,9,0.5366927573687807,123903415258.0,0.9624824444481981,0.0006473835845637321,0.005515808472453143,-0.0019811157475828622
2023-10-09,119280633490.0,9,0.53652251919852,123968708195.0,0.9621834027855984,0.0002161043715056543,0.004221153663684696,-0.000842886366016149
2023-10-10,119277288106.0,9,0.5366884590647453,124019782417.0,0.9617601787507255,-2.8046329920594637e-05,0.003877736590976566,-0.0003018409973671865
2023-10-11,119174461311.0,9,0.5373992194935764,123715682819.0,0.963293081325478,-0.0008620819322168183,0.002295525721008218,-9.590510103973937e-05
2023-10-12,119004441881.0,9,0.5384068531943768,123492177938.0,0.9636597545534171,-0.0014266431593621398,0.0014420079304737765,-0.0034259285653210902
2023-10-13,118869799429.0,9,0.5392450744876791,123279382689.0,0.9642309754979536,-0.0011314069447477815,-0.0006625448517751931,-0.004850642637599489
2023-10-14,118847749575.0,9,0.5393903391072541,123274463607.0,0.9640905837066759,-0.00018549584592486568,-0.0013813462386601527,-0.005336327880459457
2023-10-15,118898185273.0,9,0.5390595958664561,123326762798.0,0.9640907016082658,0.00042437234344250285,-0.0008719185535873697,-0.005065222731333807
2023-10-16,118975707979.0,9,0.5386414858889785,123394960965.0,0.9641861146400177,0.0006520091607957745,0.0006456703650647988,-0.003277828197450816
2023-10-17,119096785521.0,9,0.5384504868237149,123454281528.0,0.9647035651330432,0.0010176660770229162,0.001024134383462938,-0.0017019784843247399
2023-10-18,119237891405.0,9,0.5383904501114293,123648473815.0,0.9643296655921608,0.0011848001050802637,0.0018909055975402378,0.0007887950881908523
2023-10-19,119367181821.0,9,0.5387685557386972,123867559182.0,0.9636678288430021,0.001084306460610307,0.002996861173305776,0.001820053984902703
2023-10-20,120064077003.0,9,0.5344274472370303,124462550355.0,0.9646602665664942,0.005838247760971971,0.008825174066182218,0.008472568810751868
2023-10-21,119920588514.0,9,0.5383350211663526,124375033968.0,0.9641853729652362,-0.0011950992551786888,0.0066015052767287585,0.007972365397141079
2023-10-22,119955442692.0,9,0.5381219754171718,124346542758.0,0.9646865930599627,0.0002906438204806072,0.006281826198161422,0.008399299553856432
2023-10-23,119978561861.0,9,0.5380112163590198,124309587906.0,0.965159356426513,0.0001927313049010504,0.006801166466712472,0.009820179755684055
2023-10-24,119948670272.0,9,0.5393574091434196,124601884858.0,0.9626553435262802,-0.0002491410843432629,0.006187436472921748,0.010262063394481435
2023-10-25,119499892446.0,9,0.541654386492573,123833880750.0,0.9650015950582248,-0.003741415598708442,0.0023326585179952453,0.007125646285621068
2023-10-26,119748023120.0,9,0.5413975437663561,124233627337.0,0.9638937998257734,0.002076409182645289,0.005934163133038073,0.009059378194274714
2023-10-27,119846051911.0,9,0.5418148043537322,124227611046.0,0.9647295871013928,0.0008186255475948201,0.006935325941875625,0.010191051146022811
2023-10-28,119696944652.0,9,0.5429765957583382,124055967622.0,0.9648624483484584,-0.0012441566211186528,0.00682138695207013,0.006479245397691846
2023-10-29,119706256596.0,9,0.5429868531026152,124068582062.0,0.9648394025828388,7.779600412582965e-05,0.005131411085543824,0.007417991511834643
2023-10-30,119742890122.0,9,0.542801615941742,124190150653.0,0.9641899095249018,0.00030602849877459093,0.008480313176620458,0.007848527182748422
2023-10-31,119584613941.0,9,0.5443626646655737,124008468597.0,0.9643261891219982,-0.0013218002408221796,0.006617183175964714,0.008228447104528636
2023-11-01,119657931051.0,9,0.5456205375370219,123905832203.0,0.9657166972976664,0.0006130981869973962,0.006952891702345587,0.009137227207139498
2023-11-02,119789248150.0,9,0.5452463359187365,124171216171.0,0.9647102754074225,0.0010974374857277702,0.006102880902762342,0.011246928714215398
2023-11-03,119809982361.0,9,0.5479152721956271,124056198829.0,0.9657718315724552,0.00017308908203550466,0.007455690634099454,0.011907746155881416
2023-11-04,120052425271.0,9,0.5476579356990416,124431862326.0,0.9648045366103556,0.0020235618537152167,0.01025632069439375,0.013922337231883297
2023-11-05,120209515705.0,9,0.5466386088462326,124583648486.0,0.9648899929151493,0.0013085152894278806,0.011250363212786718,0.015291664544540673
2023-11-06,120253916267.0,9,0.5466313770847602,124649601746.0,0.9647356636729804,0.0003693597943523752,0.009030279079388581,0.017142632728105234
2023-11-07,120394574967.0,9,0.5487913638576634,124690345432.0,0.9655484917447542,0.001169680825094277,0.009556951850457018,0.017385153875598913
2023-11-08,120660256761.0,9,0.5502485834463684,125025863698.0,0.9650823692964431,0.002206758851657664,0.011566196713028498,0.019606883900153083
2023-11-09,120670047612.0,9,0.5517922888772794,124978127264.0,0.9655293310412649,8.114395960046039e-05,0.011676653016811311,0.02137060692570003
2023-11-10,120812782964.0,9,0.5531073934594972,125113811720.0,0.9656230699323146,0.0011828565151390524,0.013747254529010267,0.024200042392493515
2023-11-11,120962335498.0,9,0.5536999097383144,125405350270.0,0.9645707718017285,0.0012378866733377958,0.01645227342822908,0.024748538678655008
2023-11-12,121167958375.0,9,0.5533953771484107,125469906734.0,0.9657133055169933,0.001699891756830274,0.019333413171717106,0.02646346989224546
2023-11-13,121218058794.0,9,0.5532238648789086,125482870660.0,0.9660127964592422,0.0004134791051355613,0.01994408162944805,0.030412632728615607
2023-11-14,121235697746.0,9,0.5555141692639878,125642666933.0,0.9649245809996213,0.00014551422597830488,0.019659782591575192,0.03285035272814607
2023-11-15,121239987904.0,9,0.5577071758196254,125494252603.0,0.9660999240143823,3.538692051741066e-05,0.019031447372430454,0.03407816395957197
2023-11-16,121583134748.0,9,0.5566756323286162,125824738001.0,0.9662895920119755,0.0028303107739644506,0.02087671145886283,0.037912305877620955
2023-11-17,121729414002.0,9,0.5566568673921568,126149974871.0,0.9649578933842798,0.0012031212577565675,0.02089539296310905,0.042099943306671106
2023-11-18,122105768129.0,9,0.5557554945671694,126338101585.0,0.9664999441743828,0.003091727090658747,0.02294253970163007,0.04367073592533344
2023-11-19,122148777090.0,9,0.5555950449066458,126498683249.0,0.9656130321100841,0.00035222710326476836,0.017363229194256924,0.04363084958404784
2023-11-20,122237920807.0,9,0.5552016630228602,126486272743.0,0.9664125454575456,0.0007297962298411509,0.019323890265343868,0.034590105757929646
2023-11-21,122568629176.0,9,0.555963430822454,126953745063.0,0.9654589481797177,0.002705448250565068,0.02178464290869786,0.037827001061796484
2023-11-22,122691704070.0,9,0.5576636375058237,127042938163.0,0.9657498940443487,0.0010041304600321155,0.02261355834672596,0.03840832769904012
2023-11-23,122891052504.0,9,0.5579122218051101,127068895756.0,0.9671214326122549,0.001624791468266329,0.024530344732690557,0.03912064573898588
2023-11-24,122871505652.0,9,0.5585818017395988,127059418511.0,0.9670397290647333,-0.00015905838221508262,0.028214361845752878,0.03838082660383835
2023-11-25,123393180264.0,9,0.5568779627069208,127689655425.0,0.9663522064751472,0.004245692353420871,0.030440228147626147,0.04205092207000782
2023-11-26,123425621947.0,9,0.5567923054613917,127670199178.0,0.9667535786868936,0.000262913095606887,0.02986806806667497,0.04166006281286161
2023-11-27,123430107446.0,9,0.5572210203150275,127640205277.0,0.9670158957997333,3.6341716810772695e-05,0.03118845518449609,0.040964246265144943
2023-11-28,123314477611.0,9,0.5591567023680151,127485552663.0,0.9672819785075885,-0.0009368041346847766,0.030142292621992972,0.036527759385632796
2023-11-29,123564749334.0,9,0.5592115904770283,127772474167.0,0.9670686127005691,0.002029540471229163,0.031917212020739605,0.03700375360615493
2023-11-30,123617183325.0,9,0.5607586451333227,127852719134.0,0.9668717580847005,0.0004243442509503925,0.03372147344966603,0.03579654035223778
2023-12-01,123844791389.0,9,0.559591127599608,127948093173.0,0.9679299496988057,0.0018412332159485345,0.03499024511977811,0.03811460054860305
2023-12-02,124026885335.0,9,0.560083922528269,128110223308.0,0.9681263690940346,0.0014703399630917602,0.03537577245408241,0.039356872803229415
2023-12-03,124066494529.0,9,0.5604797351020165,128174740983.0,0.9679480807022276,0.00031935974118035837,0.03552719134182558,0.03914753122155967
2023-12-04,124113868429.0,9,0.5605793734279463,128296081082.0,0.9674018674792806,0.00038184281888398175,0.03383057983903215,0.041558069043217793
2023-12-05,124062903362.0,9,0.5625464724487316,128103483042.0,0.9684584713541687,-0.0004106315244629677,0.03205559588524087,0.04406159612761407
2023-12-06,124299050827.0,9,0.5627072747249854,128382059184.0,0.9681964257081425,0.0019034494486314113,0.033638277118714255,0.04652301508047585
2023-12-07,124334374143.0,9,0.5627591352135968,128409230273.0,0.9682666415697938,0.00028418009441733005,0.03272405901245867,0.04834450057603146
2023-12-08,124381841662.0,9,0.5646329413926666,128393716769.0,0.9687533377180911,0.00038177309635556433,0.030843502250882837,0.04716811836096668
2023-12-09,124634467965.0,9,0.5637795527131452,128575863142.0,0.9693457614774315,0.002031054530343024,0.0328533918023064,0.04896556241901151
2023-12-10,124945391918.0,9,0.564044676656072,128899947357.0,0.9693207365861252,0.0024946867273289985,0.03420671929419461,0.05083090706876203
2023-12-11,124911724636.0,9,0.5638566059115944,128869596763.0,0.969287774413706,-0.00026945597179039993,0.03264974276282295,0.0511527667061491
2023-12-12,124547943527.0,9,0.5669463283655836,128669914738.0,0.967964763018665,-0.0029123055506604656,0.02789504087821104,0.04707356726515899
2023-12-13,124355075583.0,9,0.5685219429219994,128030693760.0,0.9712911172387292,-0.001548543785937273,0.025879120819209733,0.04489398083821583
2023-12-14,124906603468.0,10,0.5643487935383289,128451763108.0,0.9724008487371303,0.004435105542852424,0.03027908273098645,0.04961816529348129
2023-12-15,125083620059.0,10,0.5648835941629458,128634831991.0,0.9723930767659535,0.0014171916142555752,0.03170267682675343,0.05201628947414605
2023-12-16,125508449935.0,9,0.5625130547352516,128882935843.0,0.9738174345119616,0.0033963669727468115,0.032285030281015814,0.05491501642452268
2023-12-17,125549144488.0,9,0.5621973961103255,129041436012.0,0.9729366656794238,0.0003242375554879384,0.03137886202210116,0.05492091973377633
2023-12-18,125502711939.0,9,0.5624695633534088,128992830308.0,0.9729433150612593,-0.00036983564634673893,0.027819683394573635,0.05455137855494718
2023-12-19,125647750147.0,9,0.5616809323876601,128948737697.0,0.9744007765492319,0.0011556579595706218,0.028645174682526253,0.05574137224995468
2023-12-20,126082577323.0,9,0.5587174340798154,129400463250.0,0.974359551398283,0.003460684138723469,0.03145224076635178,0.05832462711509123
2023-12-21,126302131268.0,9,0.5582342800185263,129746203152.0,0.9734553166078763,0.0017413503884644577,0.030460502961479285,0.0595229066130496
2023-12-22,126250639882.0,9,0.5589208980849805,129728001569.0,0.9731949799199638,-0.0004076842210266607,0.029007143058095375,0.05943336483419159
2023-12-23,126714526678.0,10,0.5570662767630966,130073496579.0,0.9741763695960927,0.0036743322365222486,0.0311127140348606,0.06294271101877191
2023-12-24,126825943629.0,10,0.5569129519865746,130241787760.0,0.9737730555626704,0.0008792752805928394,0.03218352339719721,0.06378158711860915
2023-12-25,126906474175.0,10,0.5569139982559381,130182219084.0,0.9748372325187795,0.0006349690268070418,0.028472350769169763,0.0660681869250146
2023-12-26,126790450179.0,9,0.5578753622517028,130142144288.0,0.9742458976119003,-0.0009142480456907354,0.027261991302299338,0.06528151108489211
2023-12-27,126496150629.0,10,0.5596360665116986,129831928513.0,0.9743069526717691,-0.002321149184220994,0.024840318512574955,0.06401237049670794
2023-12-28,126767472313.0,10,0.5589828545919003,130283545191.0,0.9730121492100532,0.002144900715562059,0.028001535333852745,0.064421960463936
2023-12-29,126771141508.0,10,0.5595893730015068,130102946794.0,0.9743910082891861,2.8944294092614342e-05,0.025949084923346577,0.06767258047212188
2023-12-30,126767961014.0,10,0.5611614821086902,130198905763.0,0.9736484363759146,-2.508847015314508e-05,0.025488185414452857,0.06708382982973982
2023-12-31,126701313138.0,10,0.5617751371545632,130100873955.0,0.9738698079908682,-0.0005257470063168013,0.023065336191875785,0.06622480036376399
2024-01-01,126517839807.0,10,0.5629151043802736,129835465344.0,0.9744474629623737,-0.0014480775806969826,0.020083987961738048,0.0626159282344314
2024-01-02,126652987216.0,10,0.5620464543950969,130359543289.0,0.9715666687725135,0.0010682083191284608,0.02084763252817967,0.06499700769592898
2024-01-03,127177990184.0,10,0.5617530195856596,130495587520.0,0.974576938584291,0.00414520793816453,0.02468798848819098,0.07021884936157052
2024-01-04,127734611202.0,10,0.5617524971141044,131034400020.0,0.9748173852248238,0.004376708715043254,0.029595533721199718,0.07455446613610994
2024-01-05,128187683390.0,10,0.5621966203404444,131721601505.0,0.9731713092262558,0.0035469806009233995,0.0312844912099306,0.07560117758133122
2024-01-06,128877881316.0,10,0.5629013225828021,132136850036.0,0.9753364128241886,0.005384276458917814,0.036542647231041725,0.08069288884477399
2024-01-07,129111834175.0,10,0.5632601680899747,132515556695.0,0.9743145438551485,0.0018153065259225443,0.03802799869978979,0.08242076183996971
2024-01-08,129191759625.0,10,0.5633385171721652,132442642373.0,0.9754544103790643,0.0006190404660479931,0.03656525946963396,0.083121201667405
2024-01-09,129718880113.0,10,0.5638261728430248,132722037672.0,0.9773725779706472,0.004080140169388846,0.038204595797600716,0.0884788459373278
2024-01-10,129967544539.0,10,0.5646404788611461,132693055518.0,0.979460033018606,0.0019169486028818294,0.04047514288777099,0.09212347442427982
2024-01-11,130146463448.0,10,0.5655742102458703,133148676456.0,0.9774521753583326,0.0013766429890988974,0.04495072148490609,0.09486567717930283
2024-01-12,130456958547.0,10,0.5672198794831417,133467506552.0,0.9774435884600342,0.00238573596833902,0.04906822608882844,0.09768135293696822
2024-01-13,130486117630.0,10,0.5671878427131035,132822771248.0,0.9824077332821409,0.0002235149686515836,0.044669489098944526,0.09746096906687973
2024-01-14,130574755425.0,10,0.5666715189979767,133458626347.0,0.9783912737532472,0.0006792890815507935,0.04389971575342888,0.09749088820759377
2024-01-15,130540949673.0,10,0.5669412475750105,133618377331.0,0.9769685299322519,-0.00025889960038572024,0.04009689977532438,0.09609129332866906
2024-01-16,130505748892.0,10,0.5684104362004214,133303795971.0,0.9790099969875673,-0.0002696531708109573,0.039479396089980856,0.09449896634558819
2024-01-17,130546850641.0,10,0.568083554721725,133278138346.0,0.9795068588224921,0.00031494205695126176,0.0401914717544245,0.09365780987243832
2024-01-18,130845675981.0,10,0.5665781791838895,133813139215.0,0.9778238276793423,0.002289027567748514,0.041369032297981834,0.08979870788271338
2024-01-19,130308217293.0,10,0.5698770365504554,133187146307.0,0.9783843329193045,-0.004107576990760031,0.03351486033771889,0.08662089560865782
2024-01-20,130540725109.0,10,0.5677061525702463,133357755233.0,0.9788761432053341,0.0017842912813179623,0.03355916324172026,0.08824345256412403
2024-01-21,130683876940.0,10,0.5668708561097798,133576068810.0,0.9783479788276006,0.0010966066787239104,0.03511457100053916,0.08922689948061335
2024-01-22,130571354843.0,10,0.5664588111732562,133298151343.0,0.9795436285310254,-0.000861025090736045,0.030437142970993092,0.08856025287242963
2024-01-23,130552216631.0,10,0.5658136761930698,133445247758.0,0.9783204634439553,-0.00014657282236985036,0.029380999623392023,0.09248815173615621
2024-01-24,131269466574.0,10,0.5674788675558397,134239664029.0,0.9778739206740092,0.005493969857496062,0.034379588806348726,0.09621405977161146
2024-01-25,131379862537.0,10,0.5666013620906267,134071787725.0,0.9799217625596108,0.000840987366530932,0.03619682989941886,0.09623855306109896
2024-01-26,131526831248.0,10,0.5658299094089052,134259049797.0,0.9796496507823411,0.0011186547783044176,0.03976943641355901,0.09883198464583653
2024-01-27,131819521453.0,10,0.5687688802947664,134480470305.0,0.9802131205671352,0.0022253269711038914,0.03985288219304439,0.10119157679352875
2024-01-28,131876133840.0,10,0.5684342027985437,134553192201.0,0.9801040888201231,0.00042946891610573523,0.04026935682106991,0.10132746675512894
2024-01-29,131768116189.0,9,0.5694314523616093,134614894664.0,0.97885242578761,-0.0008190841500634871,0.039443366722982987,0.10188185458382648
2024-01-30,132142240181.0,10,0.5670977376885511,134937258573.0,0.9792865334485218,0.0028392603827118723,0.04294294122329956,0.1043333193240572
2024-01-31,132127445151.0,10,0.5693554946688241,134750117737.0,0.9805367696144145,-0.00011196291193293906,0.04433845339564213,0.10299920227857284
2024-02-01,132323225647.0,10,0.5685317842985401,134786519351.0,0.981724480193859,0.0014817549508829853,0.044769875197098186,0.10444240988448095
2024-02-02,132276557057.0,10,0.5687814705131808,135157723114.0,0.9786829343479703,-0.0003526863086341647,0.04009000980140853,0.10182328060766688
2024-02-03,132395988774.0,10,0.5681974239419163,135132492095.0,0.9797494793548527,0.0009028940551312203,0.036492674367078815,0.10137694172985601
2024-02-04,132452421285.0,10,0.5678684543414165,135090414698.0,0.980472386446534,0.0004262403379631241,0.03326948254478479,0.10143956551831246
2024-02-05,132500567043.0,10,0.567595039351358,135168564024.0,0.9802617050771785,0.00036349473669794463,0.028109445080940043,0.1005526376858612
2024-02-06,132460511501.0,10,0.567897374083117,135012752422.0,0.9810962973851342,-0.00030230468362446583,0.025936254003340764,0.09779736142426398
2024-02-07,132654707258.0,10,0.5663788823690413,135351706897.0,0.9800741364787341,0.0014660652808857755,0.02680470985960537,0.09931760103828946
2024-02-08,132822208548.0,10,0.5655761120843769,135667630993.0,0.9790265192649615,0.0012626863641878039,0.023923490800233926,0.0994052557135332
2024-02-09,133201677946.0,10,0.5632183550229556,135966774702.0,0.9796634379092959,0.00285697250594108,0.0248841617995601,0.10118308643439144
2024-02-10,133522769085.0,10,0.5612746503736091,136192593198.0,0.980396701095789,0.002410563770301577,0.02594235407978651,0.1019643383918658
2024-02-11,133706062179.0,10,0.5611065988848325,136463514053.0,0.9797934862432969,0.0013727478485958677,0.024905560180060737,0.10302098143827165
2024-02-12,133828887658.0,10,0.5614504079003474,136688944067.0,0.9790761686797573,0.0009186231125075661,0.025617821180630163,0.10387361269107309
2024-02-13,133640406456.0,10,0.5646383532718134,136284379153.0,0.9805995909917765,-0.0014083745691861882,0.023478129604928677,0.10227993887477838
2024-02-14,133889757086.0,10,0.5641478861352022,136470963551.0,0.9810860391262982,0.0018658326221276944,0.025653309719200212,0.10121981443814065
2024-02-15,134235017106.0,10,0.5634846115138511,137431095301.0,0.9767441408510935,0.00257868882216461,0.028575509091834483,0.10273279639540966
2024-02-16,134744635701.0,10,0.5636087141695519,137262657542.0,0.9816554488592097,0.0037964653783115754,0.032155391259064414,0.10350753912499466
2024-02-17,134940594229.0,10,0.5641301971893556,137619179089.0,0.9805362531753824,0.001454295579045084,0.031295785797267106,0.10472325178969988
2024-02-18,135083945507.0,10,0.5641086385373965,137810375209.0,0.9802160780865362,0.0010623287885980215,0.03664947854563705,0.10509034033949605
2024-02-19,135083620309.0,10,0.5643083738341725,137706207623.0,0.9809551990482529,-2.407377122315424e-06,0.034800597255812304,0.10210598924973979
2024-02-20,135135294565.0,10,0.5640036640949689,137709750897.0,0.9813051994123091,0.00038253532057996864,0.03406248520652433,0.10142161272697359
2024-02-21,135186208111.0,10,0.5646304724988176,137807503911.0,0.9809785699210334,0.00037675979590590103,0.035343535138690596,0.10004923349972783
2024-02-22,135361523753.0,10,0.5636042564569473,137841062988.0,0.9820116068372466,0.0012968456209383472,0.036838188167982455,0.10165105436548139
2024-02-23,135582242382.0,10,0.5616919899926446,138199151984.0,0.9810642137492784,0.0016305861730896432,0.032854371397698756,0.09878229973424357
2024-02-24,135963801582.0,10,0.5595848936966732,138821066421.0,0.9794176423459042,0.0028142269466600034,0.034890727973695634,0.1015849013941692
2024-02-25,136035089233.0,10,0.5591512044431682,138581467409.0,0.9816254061700416,0.0005243134582184616,0.03427633694374843,0.10212242416231065
2024-02-26,136074327561.0,10,0.5589059843966442,138693603544.0,0.9811146591041666,0.0002884426968161602,0.032277511411821,0.10347406239072288
2024-02-27,136591310844.0,10,0.5575629509807469,139148005602.0,0.9816260768744841,0.0037992712678902585,0.03575458930059883,0.1054229590575928
2024-02-28,136860882672.0,10,0.5580822035441715,139722158180.0,0.9795216768387309,0.0019735649825329826,0.038649459598369296,0.10713477682290495
2024-02-29,137365228075.0,10,0.5577543742178986,140197045346.0,0.9798011629702238,0.0036850953548845933,0.039525498333052855,0.10917242892784995
2024-03-01,137698097599.0,10,0.5569048002604376,140749449279.0,0.9783206847655121,0.0024232444313947443,0.04216120611152108,0.11022781251882341
2024-03-02,138200027516.0,10,0.5569284093533539,141304851068.0,0.9780274808081014,0.003645147796171422,0.04441247438055651,0.11391901609419897
2024-03-03,138471047584.0,10,0.5572855179688714,141394227581.0,0.9793260301568859,0.0019610710133080023,0.046829843963437146,0.11567747695506814
2024-03-04,138562914958.0,10,0.5574590172999071,141792254627.0,0.9772248514032369,0.0006634410268635538,0.04657940350841705,0.11687628777871484
2024-03-05,138949883393.0,10,0.5594441578377007,141999585537.0,0.9785231616524306,0.002792727297324049,0.04905506479205313,0.11786761418147185
2024-03-06,139047362778.0,10,0.5624409617487129,142164715866.0,0.9780722447970963,0.0007015434818631316,0.04940956768038118,0.11833403864709391
2024-03-07,139689603680.0,10,0.5613637120964893,142487669141.0,0.9803627536483094,0.004618864314783089,0.054575451182259815,0.1230707136464333
2024-03-08,139786627560.0,10,0.563791227168257,143005261947.0,0.9774928954139263,0.0006945676517362553,0.05376303977007879,0.1215727867451164
2024-03-09,140997133848.0,10,0.5613266696795166,144209742982.0,0.9777226623696224,0.00865967159469827,0.061547879600614364,0.1284700594683359
2024-03-10,141269943476.0,10,0.5615844546832639,144508363687.0,0.9775900845572212,0.0019348593872419162,0.06057180100442028,0.1309582338060642
2024-03-11,141787526463.0,10,0.5599421545880835,144736914503.0,0.9796224200983719,0.0036637870325753052,0.061897738001064795,0.13841724277256118
2024-03-12,142547822161.0,10,0.5592014748154991,145477904658.0,0.9798589173806961,0.005362218503744076,0.06612834031536297,0.14629677552531706
2024-03-13,142618098918.0,10,0.5608056682782282,145732944341.0,0.9786263467256135,0.0004930047750615341,0.06567499299897683,0.14179791106510664
2024-03-14,143289891988.0,10,0.5610469593256991,146536570116.0,0.9778439052761376,0.004710433494042432,0.07220485022377576,0.14555280635795786
2024-03-15,143360560979.0,10,0.5612836757600108,146807368620.0,0.9765215624161087,0.0004931889473815954,0.07073583595283339,0.14223831983619828
2024-03-16,143441749976.0,10,0.5621418443848092,146722849744.0,0.9776374315675792,0.0005663272830795929,0.06858667036731414,0.14251475436943473
2024-03-17,143666392888.0,10,0.5615266013366642,146855193193.0,0.9782860909739214,0.001566091546133519,0.06621233669589266,0.14472739806473967
2024-03-18,143558865858.0,10,0.562141033900143,146529001543.0,0.979730048975128,-0.0007484494309245582,0.06386715338139415,0.14255023022732294
2024-03-19,144210025959.0,10,0.5605301191148756,147234672494.0,0.9794569683637306,0.004535840382328571,0.06755858675690729,0.14377441372855881
2024-03-20,144069640075.0,10,0.5627294435785314,147623147605.0,0.9759285207797612,-0.0009734821352844758,0.06652190506476452,0.14067465551550495
2024-03-21,144124290073.0,10,0.5641839746949088,147143684059.0,0.9794799620159753,0.00037933042639348713,0.0665184882819514,0.14157274931600816
2024-03-22,144522697809.0,10,0.5637148146337402,147707634309.0,0.9784375634008381,0.0027643344213401644,0.06906392174513765,0.14053772363647887
2024-03-23,144665712723.0,10,0.5628386503629923,147752673617.0,0.97910724172747,0.0009895671487465396,0.068735846879042,0.14066340516405784
2024-03-24,144763007448.0,10,0.5620823528019118,148085040442.0,0.977566721229339,0.0006725486168674966,0.06771362462152974,0.14070624362612438
2024-03-25,144826449803.0,10,0.561636863220865,147906937959.0,0.9791727947416915,0.00043824977194395487,0.06518388069382519,0.1422504581262798
2024-03-26,146002956680.0,10,0.5578143599257519,149232929479.0,0.9783561656916041,0.008123563607340678,0.07327423757503548,0.1542086929444313
2024-03-27,146231149301.0,10,0.5574661489832019,149528490726.0,0.977948406962509,0.001562931506244425,0.07464171914020201,0.15353841670000712
2024-03-28,145952066244.0,10,0.5597820478242233,149487016829.0,0.9763527919682572,-0.0019085062131704023,0.06853111916241028,0.1513035577958377
2024-03-29,146387974009.0,10,0.5580215496058782,149732467337.0,0.9776635395951059,0.002986650180554884,0.06961150002102912,0.15477107021413095
2024-03-30,146629871388.0,10,0.5564209424804889,149939286818.0,0.9779282968444618,0.0016524402406521421,0.06744533127365826,0.15728770094351185
2024-03-31,146636769484.0,10,0.5563204246362794,150171409389.0,0.9764626308071468,4.70442750490907e-05,0.0649149991238871,0.15902049630068738
2024-04-01,146556337685.0,10,0.5562638393749513,149906995726.0,0.9776484211108845,-0.0005485104403419871,0.06046532927088277,0.1571486856054638
2024-04-02,147069759093.0,10,0.5550541735167634,150330438571.0,0.9783099184104356,0.0035032357938933334,0.06209754067025308,0.15640889496854582
2024-04-03,148058692728.0,10,0.5541466831387388,150981523184.0,0.9806411381051047,0.0067242486905458865,0.06853044173383815,0.15911178133121195
2024-04-04,149101091630.0,10,0.5547647371416836,152363668724.0,0.9785869090622252,0.0070404437780293705,0.07305661573165012,0.16314678358273116
2024-04-05,150139358183.0,10,0.5518606116282755,153239216598.0,0.9797711154897639,0.00696350738716589,0.07977134685185816,0.16497382366853364
2024-04-06,150954887063.0,10,0.5477929082394586,154339943470.0,0.9780675285289451,0.0054318127496320034,0.08064510948722026,0.16917932447922324
2024-04-07,151159521755.0,10,0.547216984918684,154367571366.0,0.9792181117924449,0.0013556016368956314,0.08135895681522509,0.17003996380082587
2024-04-08,151140950129.0,10,0.5472965204474531,154143542854.0,0.9805208011350566,-0.00012286110583292764,0.07194342185661307,0.16514226762780337
2024-04-09,150898386482.0,10,0.5495299887465858,154172233337.0,0.9787650033722751,-0.0016048836982496262,0.06815634500225976,0.16104668297952784
2024-04-10,150582699219.0,10,0.5521708650449886,153966643269.0,0.9780215767639501,-0.0020920519454172837,0.06203065231055516,0.15702490278704562
2024-04-11,150592256583.0,10,0.552576608359958,153675918103.0,0.979933996438315,6.346920363076158e-05,0.05643323272181777,0.1543443773353479
2024-04-12,150758715775.0,10,0.5518339690557731,154273055264.0,0.9772200046016715,0.0011053635543887275,0.05707983011104756,0.15536210681418217
2024-04-13,151253581605.0,10,0.5481571746878895,154479368835.0,0.9791183298175857,0.0032825022915330404,0.055577469607325236,0.15836771903338986
2024-04-14,152137764600.0,10,0.5460008843245064,155090997992.0,0.980958060556472,0.005845699557112338,0.06122467407396459,0.1654409208842067
2024-04-15,152051152286.0,10,0.5467632380379901,155118347030.0,0.9802267442715412,-0.0005693018707598752,0.060020198522678925,0.16509160383294597
2024-04-16,152476720659.0,10,0.5474193719920295,155664848712.0,0.979519280817865,0.0027988500356743717,0.06132490413306613,0.16798467301449116
2024-04-17,153392724212.0,10,0.5476873069916377,156656885689.0,0.9791636258907884,0.006007497728446998,0.06850052969718412,0.17231787036106594
2024-04-18,151353232208.0,10,0.5602200148309205,154364386476.0,0.9804932061290694,-0.01329588488943756,0.04953335388089353,0.16150182507431565
2024-04-19,154353451792.0,10,0.5492403649254154,157600994660.0,0.9793938935791232,0.019822633056669092,0.07138083854201649,0.18241607485416256
2024-04-20,153177026589.0,10,0.5566252266124573,156276857598.0,0.9801644910408048,-0.007621631970921472,0.06281201115658375,0.17211878141116932
2024-04-21,153300907356.0,10,0.556045812830828,156392908286.0,0.9802292766092336,0.0008087424711042956,0.06073931417057543,0.17407763395218034
2024-04-22,155579976402.0,10,0.5458583595212949,158570394751.0,0.9811413829567884,0.014866637682107608,0.07544471646780737,0.19170689258949802
2024-04-23,155997214553.0,10,0.5457100671864615,159115199780.0,0.980404227683395,0.0026818242337427467,0.07760412900398883,0.18837395035090143
2024-04-24,156003110649.0,10,0.5465460154927352,159058333668.0,0.9807918079578457,3.779616204613312e-05,0.07717278757577106,0.18742026088713137
2024-04-25,156496176594.0,10,0.54325727835623,159599142810.0,0.9805577513677876,0.0031606161117476717,0.07186991381961105,0.18984221781272237
2024-04-26,156507766226.0,10,0.5431786847903779,159639918567.0,0.9803798926414169,7.405696581375132e-05,0.07027652435287068,0.18728822939781753
2024-04-27,156498589052.0,10,0.5432416742023285,159431076344.0,0.9816065515002066,-5.8637179619291935e-05,0.07226018157474057,0.18670895555577505
2024-04-28,156568034245.0,10,0.5426422734131147,159606156862.0,0.9809648783184044,0.00044374325302665163,0.06954164305446375,0.1882087926371243
2024-04-29,156550183445.0,10,0.5427491001987731,159599684201.0,0.9808928145988093,-0.00011401305564118225,0.06765546449092685,0.18470962222653076
2024-04-30,156311082171.0,10,0.5444834321261898,159322079673.0,0.9811011913215048,-0.0015273139177380823,0.06597467143502223,0.18303265451293682
2024-05-01,156334546356.0,10,0.5446020956173319,159481996837.0,0.9802645405536471,0.00015011210129256547,0.0667197940768467,0.18145960840657893
2024-05-02,156098741608.0,10,0.5454064225120832,159118521542.0,0.9810218200575543,-0.0015083342325568072,0.06139251584202632,0.18009377535230708
2024-05-03,156030095442.0,10,0.5461278318837276,159253694523.0,0.9797580891881008,-0.00043976117483623955,0.053839477893029564,0.17851074558114766
2024-05-04,156469912457.0,10,0.5453372396036051,159894414081.0,0.9785827313375363,0.002818796039021132,0.04942164236654967,0.18132919684662596
2024-05-05,156832985894.0,10,0.5443934938187884,160193853222.0,0.9790199982059085,0.0023204041677966636,0.044582764919251616,0.1836401110880037
2024-05-06,156879863433.0,10,0.5441551411346048,160178998468.0,0.9794034482263348,0.0002989010171092765,0.03924998047613548,0.1843519374588527
2024-05-07,156644553167.0,10,0.5464452501942303,160125836168.0,0.978259079956669,-0.0014999392583006088,0.0362863771221118,0.18084428668137775
2024-05-08,156634737578.0,10,0.5462668972702269,159868427948.0,0.9797728018502077,-6.266154042100514e-05,0.03634876877716464,0.17928123082966585
2024-05-09,156474701667.0,10,0.5469105668816755,159760675591.0,0.9794318976691588,-0.0010217140429676919,0.03695410742953942,0.17472019932387717
2024-05-10,156448521558.0,10,0.5466627047930399,159805642752.0,0.978992474006629,-0.000167312087647975,0.038954158541606665,0.17169919879661544
2024-05-11,156351088847.0,10,0.5461267393322262,159596976793.0,0.9796619709769943,-0.000622778087192577,0.03824122431438548,0.16936424795521843
2024-05-12,156375234673.0,10,0.5459996008156801,159728264899.0,0.9790079092881889,0.00015443337285381276,0.037255019513315446,0.16847145193806923
2024-05-13,156364248824.0,10,0.5459269105968609,159685207983.0,0.9792030883702544,-7.025312558583963e-05,0.03378873521386461,0.170037213823363
2024-05-14,156429498501.0,10,0.5456168887278494,159776738180.0,0.9790505193864385,0.0004172928114369867,0.028209523863347297,0.16834552474781384
2024-05-15,156231767690.0,10,0.5471638738404468,159556754306.0,0.9791611039566317,-0.0012640250905026074,0.027494795936412908,0.1638674546942549
2024-05-16,156673216461.0,10,0.5454067212779613,160123997700.0,0.9784493187244475,0.0028256018447920805,0.027522206562830442,0.162741771840623
2024-05-17,156742651082.0,10,0.5466326807071872,160267110601.0,0.9780088409544334,0.00044318118034736287,0.021838890255121646,0.16156781417459132
2024-05-18,157015475454.0,10,0.5462715494302564,160515760602.0,0.9781935111239389,0.0017405879645182587,0.037410785111074096,0.1623548221417883
2024-05-19,157301636181.0,10,0.5454529229441544,160852464994.0,0.9779249338010925,0.0018225001463874069,0.01910021677372553,0.16447601730821915
2024-05-20,157282384669.0,10,0.5454822501522907,160806872161.0,0.9780824821437278,-0.00012238596156655124,0.02680139555793426,0.1638882734173288
2024-05-21,156944627716.0,10,0.5466786644555927,160510917895.0,0.9777816348833483,-0.0021474556970305647,0.023768420049455008,0.1609514750730665
2024-05-22,156941521692.0,10,0.5493330285488606,160585011241.0,0.9773111480278069,-1.9790572287847752e-05,0.008751417254891036,0.1594249040693274
2024-05-23,156976091548.0,10,0.5493240799395238,160635544091.0,0.9772189115198133,0.00022027221112241868,0.006274964574238817,0.1577924128568644
2024-05-24,156772798828.0,10,0.5511613897063015,160450160582.0,0.9770809718066898,-0.001295055304252113,0.004933800203072547,0.1530480687056257
2024-05-25,156683163288.0,10,0.55175978321472,160809224456.0,0.9743418875256814,-0.0005717544157538557,0.0011948323471511202,0.15178491205040578
2024-05-26,156660156530.0,10,0.5518178903717792,160811334981.0,0.9741860332700399,-0.00014683618531308174,0.0009736916427518505,0.15128370896980314
2024-05-27,156568078527.0,10,0.5522372359246074,160514814670.0,0.9754120132081637,-0.0005877563577078027,0.0004440262076541579,0.14625211193569498
2024-05-28,156588097031.0,10,0.5520438957587446,160429560300.0,0.9760551405749879,0.00012785814444638,0.00012814100973268516,0.14414063371400387
2024-05-29,156250309237.0,10,0.5537411034541967,160175004615.0,0.9754974542536554,-0.002157174142892404,-0.0019155148936976785,0.1374807979184436
2024-05-30,156087203356.0,10,0.5545550938863213,159839802866.0,0.9765227468833533,-0.0010438755724483384,-0.0014322645067167405,0.13354654913644604
2024-05-31,156294600888.0,10,0.5536709025838639,160250795420.0,0.9753124811541107,0.0013287286051693048,-0.00025551273810608954,0.13093031670999578
2024-06-01,156461134395.0,10,0.5539437530995687,160372577740.0,0.9756102732766363,0.00106551029948454,0.0023215612327616153,0.12991948226640493
2024-06-02,156515394960.0,10,0.5540753949647544,160426735664.0,0.9756191467225764,0.00034679900033851574,0.0031102943097307545,0.12956193948028294
2024-06-03,156457221805.0,10,0.554118810383303,160203799385.0,0.9766136783622948,-0.00037167688849304437,-8.110602096422781e-05,0.1259975034486569
2024-06-04,156788404150.0,10,0.5558454050541405,160531048086.0,0.9766858562214396,0.002116759719872574,-0.0002842625468479909,0.12758991625267257
2024-06-05,156880094491.0,10,0.5554316233974408,160815349817.0,0.9755293550617019,0.0005848030758210943,1.4728340205216739e-06,0.12306206301780231
2024-06-06,157191498141.0,10,0.554211706879672,161005142656.0,0.9763135235801247,0.0019849787253785056,0.003491630975619664,0.12451026886337457
2024-06-07,157381947771.0,10,0.5531295961593695,161153566834.0,0.9765961179941798,0.0012115771670371256,0.004770398983992452,0.11620671623483791
2024-06-08,157511121313.0,10,0.5517561691312339,161477742937.0,0.9754354900442994,0.0008207646672917512,0.006623560453917099,0.11496555769316341
2024-06-09,157534266537.0,10,0.5515283413024766,161523651297.0,0.9753015442137043,0.00014694342727716858,0.006939950395104866,0.11105871205186135
2024-06-10,157628410869.0,10,0.5511809339569422,161576828310.0,0.9755632197865365,0.0005976117708834661,0.00816957548181807,0.1057931891163324
2024-06-11,157461864456.0,10,0.5520880994312081,161250169068.0,0.976506662697498,-0.0010565761088489056,0.0069488610857868505,0.1040805174842121
2024-06-12,157270264924.0,10,0.5534794653778442,161073600343.0,0.9763875929332867,-0.0012167995892969907,0.00579426631607971,0.09756705614078354
2024-06-13,157492409107.0,10,0.5530116780210756,161333446753.0,0.9761919321547714,0.0014124995790358863,0.006794822052013538,0.09857556381960642
2024-06-14,157585929278.0,10,0.5527684688627323,161424314240.0,0.976221766961988,0.0005938074827243067,0.008667645562885573,0.09860573580820464
2024-06-15,157560795021.0,10,0.5533708222081113,161481659849.0,0.9757194418755272,-0.00015949556610261872,0.005665158219439137,0.09671296016899267
2024-06-16,157327943810.0,10,0.5543561819892812,161212016131.0,0.9759070544850464,-0.001477849937028819,0.003734099965514881,0.09591241801547512
2024-06-17,157369917232.0,10,0.5541883876535223,161304990194.0,0.9756047661187213,0.00026678936356461236,0.0022573684343862865,0.09125503712717897
2024-06-18,157245144226.0,10,0.554912759877275,161141160511.0,0.97582233941567,-0.0007928644063277535,-0.0003591313884045988,0.09145232919399993
2024-06-19,157565348640.0,10,0.553989018738598,161592233764.0,0.9750799587938048,0.002036338963445461,0.0017990824057982913,0.09326018924493584
2024-06-20,157555445392.0,10,0.5540693506562232,161381854536.0,0.9762897188472547,-6.2851687160137e-05,0.003891931089895717,0.09017785981426929
2024-06-21,157614452374.0,10,0.555725581253668,161482664543.0,0.9760456505969409,0.0003745156624272994,0.00428777977137651,0.08950800716541396
2024-06-22,157614272618.0,10,0.5559229776851845,161757170763.0,0.974388163903596,-1.140479171102271e-06,0.004065466681624219,0.08877451081289722
2024-06-23,157715927176.0,10,0.5556430507989993,161774637166.0,0.9749113330674,0.0006449578221026098,0.006015892776365606,0.08899947068047931
2024-06-24,157687669677.0,10,0.555779871111846,161488233084.0,0.9764653849112146,-0.00017916706008058725,0.006411067838562934,0.08003066008183524
2024-06-25,157465466587.0,10,0.556939482489521,161432664723.0,0.9754250594648409,-0.0014091342110333915,0.0051404905678476,0.0768257470429603
2024-06-26,157585523667.0,10,0.5557137052446425,161465725681.0,0.9759688813360556,0.0007624343457788285,0.006498420045593978,0.07970738422813017
2024-06-27,157679556591.0,10,0.5545737103410366,161507329624.0,0.9762996946212205,0.0005967104199158246,0.006970258791662243,0.07713463253003128
2024-06-28,157467752857.0,10,0.5555517544277485,161412052205.0,0.9755637866310591,-0.0013432542466452757,0.007791623747466447,0.07391318949139425
2024-06-29,157222336790.0,10,0.5566499007479954,161167254158.0,0.9755228356491535,-0.001558516347298533,0.00727243111282494,0.07218903787398978
2024-06-30,157309911857.0,10,0.5567302140439315,161147631713.0,0.9761850682184713,0.0005570141545279128,0.006496135907647638,0.07337501974915028
2024-07-01,157075464934.0,10,0.5578992437075542,160905446788.0,0.9761973138234024,-0.0014903506093952856,0.003926409848525436,0.06803374060518363
2024-07-02,157317257520.0,10,0.5561226284993563,161112492538.0,0.976443570835422,0.001539340253435384,0.005123218455315159,0.0625330713206349
2024-07-03,157214946558.0,10,0.5556611436432175,161026570735.0,0.9763292221923253,-0.000650347988598754,0.00484301551733024,0.05441848104060054
2024-07-04,157427774153.0,10,0.5544953142384418,161090270584.0,0.9772643225582628,0.0013537363950411052,0.004077916389711556,0.04854433946038572
2024-07-05,157382228396.0,10,0.5540865398342494,161415870498.0,0.9750108704332764,-0.00028931208133409214,0.0032007496338473107,0.042577895012551714
2024-07-06,157861136913.0,10,0.551573975543659,161779801103.0,0.9757777907793006,0.0030429643923644,0.004260019020871919,0.04433472056667398
2024-07-07,158077323209.0,10,0.5503330148084724,161851930267.0,0.9766786404599982,0.001369471297543834,0.004418393899990436,0.04589340661203822
2024-07-08,158065602708.0,10,0.5503915608490941,161873243872.0,0.9764776372368811,-7.414410088724122e-05,0.003520268222192202,0.04749697059785962
2024-07-09,158147295370.0,10,0.5501274080820632,161879435498.0,0.9769449398157426,0.000516827574123857,0.0038913999250824727,0.05023549312260922
2024-07-10,158261853545.0,10,0.5499645425410931,162179907624.0,0.9758413102066646,0.0007243764411650755,0.004018581881958028,0.050929557309428164
2024-07-11,158470936876.0,10,0.5496893853752817,162633783935.0,0.9744035528272295,0.00132112272361673,0.006408360675050684,0.05115605463574058
2024-07-12,158392450729.0,10,0.5499507749428845,162603731811.0,0.9741009567548246,-0.0004952715529246143,0.0071353971810392824,0.04719801705352822
2024-07-13,157828494052.0,10,0.5511652872520671,162313576440.0,0.9723677927233775,-0.0035605022487145144,0.002133975516062314,0.03740510758102733
2024-07-14,158571440772.0,10,0.5495951083849506,162592443578.0,0.975269436158815,0.004707304118071409,0.0062538038676120955,0.04288220370560358
2024-07-15,158619061233.0,10,0.5498741512712423,162991620866.0,0.9731731017228499,0.0003003091904074662,0.0067165579601127234,0.04028379248617742
2024-07-16,158902560803.0,10,0.5507214690233482,163064180600.0,0.9744786391365217,0.0017872982464797182,0.01000850169949219,0.03591980401485673
2024-07-17,159338928896.0,10,0.5509541489089477,163354265917.0,0.9754194541632589,0.0027461363164624775,0.012511995295118705,0.05276198315359082
2024-07-18,159521452477.0,10,0.5528044512272422,163529411754.0,0.9754908965059494,0.0011455052589133263,0.014476175160794691,0.033481600994347493
2024-07-19,159522319748.0,10,0.5530535844965095,163517374761.0,0.9755680090948179,5.436704509254042e-06,0.012420060152129153,0.04142457456120696
2024-07-20,159999692012.0,10,0.5520810102075514,164468586672.0,0.9728282783331,0.002992510795693848,0.015513564852796202,0.04369696677948465
2024-07-21,160416794107.0,10,0.5510413289908174,164471674175.0,0.9753460278899724,0.002606893111823716,0.017779725721790873,0.031088947413786983
2024-07-22,160290626843.0,10,0.551959043788189,164465012235.0,0.9746183985561906,-0.0007864966053108269,0.0169804052675262,0.02752236507749517
2024-07-23,160479072572.0,10,0.5528410461672684,164575424323.0,0.9751095780682273,0.0011756503340933921,0.0175197612915563,0.02869149149897865
2024-07-24,160810355642.0,10,0.5524018635802684,164796617241.0,0.975811022909709,0.00206433813886453,0.019802981243849604,0.027567312773348673
2024-07-25,160621086419.0,10,0.5531940581775456,164626176495.0,0.9756716084812815,-0.0011769716088518845,0.020040075455252326,0.026281891897046883
2024-07-26,160148012515.0,10,0.5547698101576244,164178626579.0,0.9754498246940777,-0.0029452789452931727,0.016260940652232048,0.023319210001231383
2024-07-27,160451744076.0,10,0.5539542954800091,164415149910.0,0.9758939134491588,0.0018965677827038618,0.017581147137486486,0.024805253829288665
2024-07-28,160565148237.0,10,0.5540224855078895,164588217961.0,0.9755567575016014,0.0007067804819016477,0.01967002972864429,0.025646503272291232
2024-07-29,160540508915.0,10,0.5541378962132779,164566860746.0,0.9755336413859503,-0.00015345373681985297,0.021104966334599462,0.027057753585079336
2024-07-30,160145089866.0,10,0.5562408125883365,164208015692.0,0.9752574452052285,-0.002463048433522519,0.01802288219179271,0.024374289616849953
2024-07-31,159987378233.0,10,0.556743080255066,164163362146.0,0.9745620224975287,-0.000984804673886397,0.018538307686840394,0.02491138996344544
2024-08-01,159902296460.0,10,0.5573142808577973,164108992062.0,0.9743664527510429,-0.000531803033087308,0.016432011215752107,0.02481701371155909
2024-08-02,159482317674.0,10,0.5592170317566048,163709173025.0,0.9741807054980693,-0.002626471259623564,0.014422109129194727,0.019252296941291158
2024-08-03,159565920471.0,10,0.5590892074207339,163822506911.0,0.9740170839754486,0.0005242135819150118,0.013581760458113212,0.017425763855871024
2024-08-04,159650417971.0,10,0.558655485129557,163897142054.0,0.9740890900855318,0.0005295460318255341,0.0144119802986451,0.01766035791574505
2024-08-05,159803012616.0,10,0.5579256380256123,164045588294.0,0.9741378252099256,0.0009558048575089018,0.012301163801133663,0.020163225500938742
2024-08-06,160021021725.0,10,0.5565325502753105,164126075018.0,0.9749884148965983,0.0013642365399197942,0.012295871897009203,0.02161898566921483
2024-08-07,160634042957.0,10,0.5546384385524875,164601428022.0,0.9758970191651695,0.003830879376920171,0.016249204159520803,0.02658155756610192
2024-08-08,161258301312.0,10,0.5544186164062839,166228704460.0,0.9700990080855979,0.0038862145502189804,0.019671572218301403,0.030743529603869613
2024-08-09,161717774509.0,10,0.5552629880380177,165860812891.0,0.9750209931460863,0.0028492994981450526,0.02183672746520271,0.03432458130977056
2024-08-10,161810919388.0,10,0.5558425111945461,166082299605.0,0.9742815445886841,0.0005759718081874698,0.021076309497769063,0.03476052155168108
2024-08-11,161925265173.0,10,0.5557550554629918,165692723038.0,0.9772623818600895,0.0007066629707839223,0.02230418449705307,0.035564500138771216
2024-08-12,161888268387.0,10,0.5559543966084359,166114676907.0,0.9745572841684171,-0.00022848062629676757,0.025722695761529746,0.03489603903553462
2024-08-13,162208101335.0,10,0.5560354283516623,166487848664.0,0.9742939357836424,0.001975640058335948,0.02293389367779608,0.03825299894742562
2024-08-14,162529746390.0,10,0.5558827580519268,166823263759.0,0.9742630777491406,0.001982916095760956,0.024654572575331768,0.03738054315402306
2024-08-15,163040907560.0,10,0.5559807564549663,167459384766.0,0.9736146337085009,0.003145031487180372,0.02604329808209016,0.04018214847409385
2024-08-16,163415896266.0,10,0.5551482182888424,167688170143.0,0.9745225088128953,0.002299966993633218,0.02558676274685534,0.0407629935424747
2024-08-17,163999377885.0,10,0.552961196041981,168291537169.0,0.9744956914875061,0.003570531584333958,0.02807099194790519,0.04257897035662883
2024-08-18,164086817949.0,10,0.5528986474676725,168382824524.0,0.9744866699608803,0.0005331731444817578,0.028613539523563825,0.04326252615205384
2024-08-19,164060084514.0,10,0.5530117772781777,168365949349.0,0.9744255602059148,-0.00016292250245419915,0.025377501987287943,0.04533737090304113
2024-08-20,164258206334.0,10,0.5528252245166502,168339020717.0,0.9757583573575589,0.0012076174444679566,0.023946446806795807,0.04662045176520646
2024-08-21,164505098834.0,10,0.5533426424704272,168771402996.0,0.9747214037078241,0.0015030755875780066,0.026292691431844872,0.04796276434043967
2024-08-22,164949834855.0,10,0.5517835890746672,169040404983.0,0.975801228538163,0.002703478640797563,0.027858849202871294,0.052158512753039954
2024-08-23,165052833047.0,10,0.5526281295238487,169179827729.0,0.9756058701714083,0.0006244213102155616,0.02638186693924549,0.05341779922847012
2024-08-24,165742573960.0,10,0.5492632913962529,169800572303.0,0.9761013859496379,0.004178909869445135,0.031885524218407735,0.057975286321514385
2024-08-25,165801792823.0,10,0.5497966066171563,170148425092.0,0.9744538789198327,0.00035729421587404886,0.03530346845528576,0.058975714480698826
2024-08-26,165759188103.0,10,0.549970052327862,170130298173.0,0.9743072802614197,-0.0002569617570148397,0.03307813235414914,0.058568251648044356
2024-08-27,165792829576.0,10,0.5503328376945646,169872384957.0,0.9759845875947838,0.0002029538958594479,0.03255800773953599,0.06107200930096046
2024-08-28,165462416197.0,10,0.5515040590868395,169807824692.0,0.9744098453479293,-0.0019929292469704762,0.030658351062073486,0.06006394271551674
2024-08-29,165607232127.0,10,0.5521069923607824,170032321228.0,0.9739750121092196,0.0008752194808250291,0.03410746008866328,0.059583831981972146
2024-08-30,166046938609.0,10,0.5513745776560603,170251464361.0,0.9753040259137815,0.0026551164242802905,0.03787524017785371,0.06126636017990128
2024-08-31,165925359443.0,10,0.5524010580477937,170165471856.0,0.9750824161520374,-0.0007321975762907273,0.037667144977537426,0.06012165439319794
2024-09-01,165907901223.0,10,0.5524775768507328,169863936454.0,0.9767105642693538,-0.00010521731011225999,0.04029025689314736,0.06040423899242464
2024-09-02,165902624648.0,10,0.5525810084782805,170335396321.0,0.9739762153448931,-3.1804241757638074e-05,0.03971214002523582,0.058130705184551656
2024-09-03,165779063408.0,10,0.5527483969552914,170200840563.0,0.9740202390283538,-0.0007447817071137841,0.038387907246902664,0.05672465296424534
2024-09-04,165550717813.0,10,0.5539276959742301,169827202522.0,0.9748186118272424,-0.0013774091269777022,0.03596743955516968,0.053178573719691924
2024-09-05,165674836208.0,10,0.553822694833314,170149879405.0,0.9736994042390811,0.0007497303342423045,0.03533169843594819,0.0526927551377534
2024-09-06,165621221487.0,10,0.5540301401608233,169858900924.0,0.9750517670022129,-0.0003236141482143573,0.031046834395713985,0.05148906379685991
2024-09-07,165596740310.0,10,0.5544787979909517,169820696964.0,0.9751269619692149,-0.0001478142521845749,0.026903663022011193,0.051179174856578635
2024-09-08,165731850067.0,10,0.5538863622503924,170079277104.0,0.9744388198784404,0.0008158962353188581,0.024821486507512036,0.05140849389603064
2024-09-09,165769716324.0,10,0.5537484914626676,170049383071.0,0.9748328005094077,0.00022847905809708635,0.024465573466691426,0.052761040882514765
2024-09-10,166074519992.0,10,0.554092849497545,170722758216.0,0.9727731775624254,0.001838717437413262,0.025624505320815505,0.055981689051357586
2024-09-11,166271884080.0,10,0.553442384494888,170590192916.0,0.9746860662844413,0.0011884067947900423,0.027078031883822407,0.055745384953983734
2024-09-12,166304047642.0,10,0.5533328447695692,170602842542.0,0.9748023254715601,0.00019343957144624113,0.02525118211291333,0.05532294922486525
2024-09-13,166067907591.0,10,0.5545428702600927,170378188843.0,0.9747016840519895,-0.0014199296670658335,0.02176931472291832,0.053992572002865113
2024-09-14,166809587263.0,10,0.5524350442292724,171143202979.0,0.9746784234455881,0.004466122821434215,0.02311493329741854,0.060266747428229905
2024-09-15,167253950815.0,10,0.5532157250056858,171819568976.0,0.9734278336966511,0.0026638969575496496,0.02348642106856369,0.06280764301622299
2024-09-16,166989177560.0,10,0.5529035265357698,171471077591.0,0.9738620641220299,-0.0015830612891940543,0.01823055497866899,0.061967149332099014
2024-09-17,166800985225.0,10,0.5528441145115165,171108278936.0,0.9748270876325565,-0.0011269732431156143,0.016541044002959415,0.058614642525884664
2024-09-18,167145297279.0,10,0.552030369707014,171707600001.0,0.9734298148598348,0.0020642087547357857,0.018805383248091223,0.06086652138959914
2024-09-19,167168829214.0,10,0.552140040190855,171934453671.0,0.9722823183181242,0.00014078729933220124,0.017719801920164535,0.060618659622206694
2024-09-20,167256901920.0,10,0.5530299483208796,171833561719.0,0.9733657397704167,0.0005268488534262428,0.016727767744006528,0.061178655599104514
2024-09-21,167413060031.0,10,0.5531517295628937,172411757099.0,0.9710072146348482,0.0009336422545640488,0.014933177581931467,0.06148480390429234
2024-09-22,167468688791.0,10,0.5529272205775391,172654301570.0,0.9699653427001494,0.00033228447045718923,0.014636863235858888,0.06202779921876567
2024-09-23,167509674565.0,10,0.5527584533629138,172565164894.0,0.9707038768102161,0.000244736937369483,0.010661718125763331,0.06378673493118292
2024-09-24,167658320233.0,10,0.5523867108850895,172461031973.0,0.9721519018815108,0.0008873855697351107,0.011197269814699373,0.06391955511906788
2024-09-25,168206430721.0,11,0.549124673354467,172495602488.0,0.9751346022441448,0.0032692113772718745,0.014763842933879001,0.06676118551820465
2024-09-26,167861253950.0,10,0.5518693094579473,172720449683.0,0.9718667028604994,-0.002052102107633069,0.012475957972909901,0.06600399703702231
2024-09-27,168079203831.0,10,0.5516491414936178,173169186920.0,0.970606877704222,0.001298393023233979,0.015814997110186413,0.06905422767950187
2024-09-28,168562035079.0,11,0.5489575789835662,172912060600.0,0.9748425557713815,0.0028726412131596657,0.017842233784416184,0.07152838043815413
2024-09-29,168550859075.0,11,0.5489885443007619,172937944389.0,0.9746320257853195,-6.630202343460567e-05,0.01507959428204897,0.07305656644608205
2024-09-30,168745986306.0,11,0.549445016908926,172926930198.0,0.9758224824368718,0.0011576756835940394,0.016999371720324508,0.0726476482374927
2024-10-01,167957240957.0,11,0.5527850933118097,172281427438.0,0.974900448961301,-0.004674157686747615,0.012352273272660197,0.06832870941464164
2024-10-02,168280648058.0,11,0.5509227177663196,172692608334.0,0.97445194488309,0.0019255323507176847,0.01433385044417168,0.06893874961639468
2024-10-03,168411066781.0,11,0.550035483322113,172817960872.0,0.9744997911746914,0.0007750072542807018,0.015876572824653712,0.0700767710395458
2024-10-04,168255719989.0,11,0.5509756524941963,172682863016.0,0.9743625803413405,-0.0009224262690646912,0.01633941677652806,0.06584637155963624
2024-10-05,168283488298.0,11,0.5509484627713407,172718255123.0,0.9743236936834394,0.00016503634468900685,0.01574561441983202,0.06456438457972902
2024-10-06,168355550965.0,11,0.550744185883845,173500936072.0,0.9703437616909182,0.0004282218518811831,0.016509535755444338,0.06509922513634403
2024-10-07,168327174901.0,11,0.5509409874455271,172279339721.0,0.9770595544050704,-0.00016854843120617247,0.01648845614888672,0.06436960876999653
2024-10-08,168444084593.0,11,0.5511232445141797,172857718495.0,0.9744666657617163,0.0006945384312946334,0.01636519790796709,0.0643378730876849
2024-10-09,168340904842.0,11,0.5510218638824862,172942056895.0,0.9733948344572221,-0.0006125460045053321,0.015510604560452723,0.06228251161109144
2024-10-10,168353378456.0,11,0.5504008870911277,172980464366.0,0.9732508180796081,7.40973443840165e-05,0.01372190305960097,0.06288764193719398
2024-10-11,168130963343.0,11,0.5506505683774279,172600657818.0,0.9741038387019758,-0.0013211205800549575,0.011180959867547635,0.06527635806754661
2024-10-12,168418103766.0,11,0.5494035789093143,172973055450.0,0.9736666981331282,0.001707837850272842,0.012711994410087302,0.06209606815743007
2024-10-13,168485039228.0,11,0.5490914019683009,173251667975.0,0.9724872562399351,0.0003974362642926721,0.014555079738542975,0.06219919547063513
2024-10-14,168460673937.0,11,0.5491703772214704,173567076503.0,0.9705796590639024,-0.00014461397351150929,0.009898032247971589,0.06015078099244553
2024-10-15,168294450446.0,11,0.5501995113674103,172852412587.0,0.9736309023820776,-0.0009867198504867059,0.006221076548146298,0.056204228383166965
2024-10-16,168152302943.0,11,0.5514824967167908,172908244767.0,0.9724944184679637,-0.0008446357121301151,0.006965274037487257,0.054104638166107444
2024-10-17,168109322913.0,11,0.5529069457443667,172607601669.0,0.973939277804079,-0.0002556017922309417,0.007843704797277917,0.05382947777191949
2024-10-18,167979982370.0,11,0.5538801528165848,172579900005.0,0.9733461565636164,-0.0007693835223340217,0.004993769520220015,0.04987691074681244
2024-10-19,168244418308.0,11,0.5533483075678428,172897687156.0,0.973086575508662,0.0015742110117473729,0.006434148633194692,0.048795540670005355
2024-10-20,168389295672.0,11,0.5529710338934226,172920661244.0,0.9737951177181424,0.0008611124544695148,0.006770385789769184,0.05052490584450964
2024-10-21,168465619091.0,11,0.5527409940265121,172817499000.0,0.9748180598945018,0.0004532557648360136,0.00628719802269373,0.04976690350336366
2024-10-22,168155241641.0,11,0.554310997374381,173001297573.0,0.9719883260993742,-0.0018423785913987967,0.004099589331930664,0.04567421028127927
2024-10-23,168028516170.0,11,0.5547047088183698,172871920072.0,0.9719827031481877,-0.0007536218898875902,0.003097382920403513,0.04611741780700451
2024-10-24,167727469200.0,11,0.5562408739970057,172361485076.0,0.9731145512354068,-0.0017916421382631054,0.0004124398175044952,0.047327822343659065
2024-10-25,167760160175.0,11,0.5566274639829165,171725392035.0,0.9769094610120801,0.00019490531369692476,-0.002653112274525471,0.0455489975574106
2024-10-26,167873441309.0,11,0.5567407019777606,172599578242.0,0.9726179114622544,0.0006752564725847066,7.260376479512054e-05,0.04551606094002847
2024-10-27,167897706862.0,11,0.5567814552633079,172680321525.0,0.9723036497687573,0.00014454670620200893,-0.0010798300138457062,0.045827673007411196
2024-10-28,167952252791.0,11,0.556488111500816,173105011910.0,0.9702333337310938,0.00032487596179509026,-0.0036175541409084744,0.04875056070424999
2024-10-29,167869990768.0,11,0.5559699677901037,172343685396.0,0.9740420160000604,-0.0004897941029845532,-0.004039542193594148,0.04927021507609197
2024-10-30,168225897507.0,11,0.5562105246653403,172948091484.0,0.9726958884802909,0.002120133189807971,-0.0030820810046224834,0.05205429334832701
2024-10-31,168574140374.0,11,0.5551843226855038,173202208899.0,0.9732793908667828,0.002070090706369987,0.0036729551729057786,0.05700834319817649
2024-11-01,168074934484.0,11,0.5571664554001259,172636179461.0,0.9735788582020235,-0.0029613432338581047,-0.0012224434382324123,0.053326010891820985
2024-11-02,168397010196.0,11,0.5559983101699879,173089998581.0,0.9728870043129393,0.001916262606252328,-8.346592221453175e-05,0.05478590244961823
2024-11-03,168697368510.0,11,0.5548892297877658,173160241207.0,0.974226920302883,0.0017836321063562366,0.0026248648249751483,0.05565824916813522
2024-11-04,168721343789.0,11,0.5547425211245446,173458241896.0,0.9726914209712786,0.00014212005327496335,0.002601892172716447,0.054369869472223
2024-11-05,169733043415.0,11,0.556434188004452,174869397970.0,0.9706274819114938,0.005996275297956544,0.008182043550713614,0.056644284676540924
2024-11-06,170130744876.0,11,0.5549113596429458,175000636319.0,0.9721721500822265,0.0023430998054256857,0.010714669072660055,0.05502007333460446
2024-11-07,171715746610.0,11,0.5518933863300656,176754463620.0,0.9714931272070582,0.009316374504533043,0.01942283710885473,0.06182358204814142
2024-11-08,172405640270.0,11,0.5516108696031367,177479975720.0,0.9714089692123606,0.004017649363088793,0.02414585707386485,0.06547593278668251
2024-11-09,173667115089.0,11,0.5519543119532971,178645604575.0,0.9721320348303901,0.007316899940306154,0.031562993755951174,0.07251400764084015
2024-11-10,173889812732.0,11,0.5524653238460848,178670422065.0,0.9732434206079122,0.0012823247676214677,0.03425216435149725,0.07413473789410019
2024-11-11,174099499741.0,11,0.5531639065001903,179934895110.0,0.9675694068933509,0.001205861376843087,0.03373387924432247,0.07330952220099851
2024-11-12,175744326041.0,11,0.5576889703236563,180569772804.0,0.9732765529464459,0.00944762220711115,0.043085646335497385,0.08130560678591614
2024-11-13,175836464167.0,11,0.5625860187712064,180742247482.0,0.9728575726851656,0.0005242736882355992,0.043783454367268826,0.07848065125797432
2024-11-14,177104403775.0,11,0.5630772892389999,181789143969.0,0.9742298132236165,0.007210902550882636,0.05234844824444651,0.08376484676079832
2024-11-15,179064242263.0,11,0.5640281939381163,184036870280.0,0.9729802620016604,0.011066006526240013,0.06489318985835668,0.09185927759167356
2024-11-16,179472510245.0,11,0.5617153877390276,184237476029.0,0.974136826628856,0.0022800084307192936,0.06759403425758048,0.0937655595270428
2024-11-17,179985258892.0,11,0.5606755020663065,184590711112.0,0.975050466016106,0.00285697595860257,0.07146849495171792,0.09706915868765775
2024-11-18,180184178996.0,11,0.5605911189672252,185024535468.0,0.9738393804921233,0.0011052021994721883,0.07096675662750518,0.096956937601135
2024-11-19,180229969771.0,11,0.560088600148711,185259480100.0,0.9728515359846355,0.0002541331611640718,0.07031726127095439,0.0955889577189808
2024-11-20,180860673960.0,11,0.5601102433435001,185933886061.0,0.972714967623838,0.0034994412405515707,0.07357616904790865,0.09645865434776879
2024-11-21,182618379652.0,11,0.5607013316438325,187741918906.0,0.9727096682304324,0.009718562103715023,0.08601062845176011,0.10642378128703855
2024-11-22,183321220427.0,11,0.5596083431426052,188568706281.0,0.9721720217660064,0.0038486858570279114,0.09101255314025303,0.1060599340712689
2024-11-23,185307552672.0,11,0.5592179084883031,190480624744.0,0.9728420038575973,0.010835255407821043,0.10481338301859977,0.11764504784229435
2024-11-24,186851618376.0,11,0.5593029482950939,192269568126.0,0.9718210749480154,0.008332448849146745,0.1138020980731338,0.1272474275145068
2024-11-25,187229012798.0,11,0.5600539725741009,192612295864.0,0.9720511972413172,0.0020197546335434247,0.11529859242816576,0.12929499591038462
2024-11-26,186983522692.0,11,0.5629415306761889,191519827622.0,0.9763141759977289,-0.001311175561582778,0.11367526207899425,0.1300664343579807
2024-11-27,186831423899.0,11,0.5637435292795765,191886661162.0,0.9736550876835982,-0.0008134342043097931,0.1124079659204884,0.12815981222199113
2024-11-28,188386992760.0,11,0.5598254547366929,193474933969.0,0.9737023235794708,0.008326055802266641,0.12221959325866028,0.1345405964009092
2024-11-29,189190038929.0,11,0.5611314488853916,194398042816.0,0.9732095868273251,0.004262747428762648,0.1246189898979595,0.14021171666644516
2024-11-30,189920279047.0,11,0.5599157369284715,195154129939.0,0.9731809370694027,0.0038598232873880978,0.12662759914208244,0.14473317814878817
2024-12-01,188443475914.0,11,0.5546854026211961,193265087597.0,0.9750518226393061,-0.007775910715856371,0.12118726383879097,0.13586796058124762
2024-12-02,188714645847.0,11,0.5541082538348889,193542496596.0,0.9750553452915427,0.001438998785629142,0.1206531851566246,0.13835029567366464
2024-12-03,189313929719.0,11,0.5544172521130463,194477674913.0,0.9734481338471883,0.0031756087044025882,0.12221033078994292,0.14354037372910722
2024-12-04,189780410682.0,11,0.5545364167105128,194821667164.0,0.9741237381068283,0.002464060429638648,0.12481566599739802,0.14549931073259748
2024-12-05,191095657456.0,11,0.5534275449484344,196137286466.0,0.9742954075645686,0.00693036109087064,0.12586007775025898,0.15381142428658845
2024-12-06,191749822166.0,11,0.5557314829433848,196715735174.0,0.9747558933015321,0.0034232316877771396,0.12707331238546615,0.1579323470198808
2024-12-07,192834272258.0,11,0.5593310615389973,197857993288.0,0.9746094613287242,0.005655546793994937,0.12298537591875203,0.16353176640484834
2024-12-08,193140644698.0,11,0.5592177316621703,198295483599.0,0.9740042546232455,0.001588786248484464,0.1202687127609483,0.16511416548788094
2024-12-09,194245700874.0,11,0.5536080535603957,199187733827.0,0.9751890698385459,0.005721510237929994,0.1184944298432895,0.16962975948000358
2024-12-10,193954313187.0,11,0.5561899221221785,199255992786.0,0.973392621597615,-0.0015000985128057476,0.11538629054666671,0.16648893623939975
2024-12-11,194476714501.0,11,0.5558734620890753,199651989667.0,0.9740785194546178,0.0026934245772423093,0.11704349978210304,0.16940457708910883
2024-12-12,196475844676.0,11,0.5540639463812238,201892168163.0,0.9731721961466724,0.010279534905397236,0.11796408511170631,0.1831054387696034
2024-12-13,196858340540.0,11,0.5546901909452157,202376017948.0,0.9727355174592982,0.0019467831510318057,0.1195535662786904,0.18013804703936898
2024-12-14,197743940398.0,11,0.5510504567652387,203278264733.0,0.972774638044706,0.00449866566776258,0.11653881091077345,0.18229757464279595
2024-12-15,197947277416.0,11,0.5508164043506257,203557283090.0,0.9724401623521394,0.001028284444978489,0.1054539695606318,0.1853898576443771
2024-12-16,198075476270.0,11,0.5503831864435885,203653164332.0,0.972611827170497,0.0006476414107510209,0.10365356788961644,0.1874958412434642
2024-12-17,198270658528.0,10,0.5512558482328974,204158819598.0,0.9711589189161942,0.000985393354470343,0.10159387356812455,0.18621739142947802
2024-12-18,198753965644.0,12,0.5499939085281529,204355380712.0,0.9725898332185628,0.0024376129054504148,0.1030600286410952,0.18894154238268013
2024-12-19,198543413196.0,12,0.5508888890212185,204583181774.0,0.9704776877276645,-0.0010593622487872212,0.101611532467486,0.18705662317579286
2024-12-20,198610936100.0,12,0.5503961691580027,205087706086.0,0.9684195112929681,0.0003400913831039798,0.09814329312919479,0.18635270189328756
2024-12-21,198434415590.0,12,0.5490461356748837,205146553619.0,0.9672812537642439,-0.0008887753789706965,0.08660703248018753,0.18490457543168004
2024-12-22,198368206674.0,12,0.547731303268474,205190869774.0,0.9667496750342032,-0.0003336564164192479,0.08207989348942735,0.18421940218757782
2024-12-23,198421382274.0,12,0.5474160958913455,205861726099.0,0.9638575661149276,0.0002680651344868501,0.07076791751284883,0.1834866411535534
2024-12-24,198316116466.0,12,0.5455470182020806,205368947774.0,0.9656577521361148,-0.0005305164533861984,0.06135616158769408,0.17900436752588966
2024-12-25,198476162058.0,12,0.5442145240505349,205794504859.0,0.9644385898155339,0.0008070226205112441,0.06007161546129858,0.18238221976537305
2024-12-26,198519684900.0,12,0.5441169514101959,206064401148.0,0.9633866101763923,0.00021928498389289786,0.06169614328532269,0.181107956101501
2024-12-27,199060606894.0,12,0.5420925190293876,206560580408.0,0.9636911675055038,0.002724777617254759,0.06545570728835748,0.18093381348122795
2024-12-28,198969015528.0,12,0.5416338489224293,206827582570.0,0.9620042600491145,-0.00046011798833089923,0.05617172721410335,0.18046871205482762
2024-12-29,198763069362.0,12,0.5409840204866775,206597761977.0,0.962077553309255,-0.0010350665175353768,0.050600076447960385,0.1778832416290348
2024-12-30,198556361792.0,12,0.5417059142536111,206134398972.0,0.963237396486021,-0.00103996970193454,0.0454721464623733,0.18218399314402833
2024-12-31,197733336432.0,12,0.5385273456946795,205447255733.0,0.9624530428820863,-0.004145046537779362,0.04929786225254951,0.1750212440580141
2025-01-01,197350181082.0,12,0.5382885059443302,204800406636.0,0.9636220177665878,-0.0019377377477862723,0.04575975116420605,0.17183617949901198
2025-01-02,196758590618.0,12,0.5396330983710855,204352561153.0,0.9628388776135066,-0.002997668716372748,0.039324422191489905,0.1694020900499753
2025-01-03,197599686161.0,11,0.5367712252912459,206270875763.0,0.9579621234945307,0.004274758933565215,0.0412016996427631,0.17420721521463967
2025-01-04,198871586231.0,12,0.532067044700681,208007693412.0,0.9560780323499662,0.006436751468135826,0.04069128978920111,0.18125945412007272
2025-01-05,199059297177.0,12,0.5314308113322173,207963449513.0,0.9571840515395789,0.000943880166883071,0.03811985288138686,0.1825737424398337
2025-01-06,198324549326.0,11,0.5354545923698472,207907894945.0,0.9539058118907164,-0.0036911003978210566,0.028471479699699653,0.1773910007299937
2025-01-07,199532245409.0,12,0.5316833584785982,208177840586.0,0.9584701467136776,0.006089493646169064,0.03309298631054114,0.18528675841605646
2025-01-08,198923882275.0,12,0.5331313749113091,207642943556.0,0.9580093542709361,-0.0030489464635301555,0.024083834957225436,0.18158533021058298
2025-01-09,198902812179.0,12,0.5343459296730535,207745342194.0,0.9574357243266493,-0.00010592039406742693,0.025513735222938427,0.18302309238080716
2025-01-10,198927628014.0,12,0.5334341277927304,207487191379.0,0.9587465457115136,0.00012476362062519009,0.022886614083441392,0.18115347201860144
2025-01-11,199248288871.0,12,0.5324245339068238,207665839146.0,0.959465888517745,0.0016119473207483193,0.014110865381807836,0.18258742606440004
2025-01-12,199220888316.0,12,0.5323281727747093,207559154130.0,0.9598270389520979,-0.0001375196502577669,0.012001258211967736,0.18259581693531346
2025-01-13,199482839445.0,12,0.5312425141911077,207860983944.0,0.9596935204479876,0.0013148778283957885,0.008793690686552003,0.18532036508837413
2025-01-14,199385633967.0,12,0.5300447790587465,207778990015.0,0.9596044044328348,-0.00048728741916070906,0.007266361880679861,0.18574429536411063
2025-01-15,199624333910.0,12,0.5290661487487689,208076643451.0,0.9593788644375627,0.0011971772401591085,0.00781953258003898,0.18746736023266042
2025-01-16,200640326242.0,12,0.5263786888494941,208933118522.0,0.9603088665949013,0.005089521463140123,0.011951681260317981,0.1944299755911445
2025-01-17,200838139187.0,12,0.5258767180310702,209149391728.0,0.9602616461260913,0.0009859082105030392,0.010486198533181001,0.1937283935288221
2025-01-18,202691687774.0,12,0.523950862396569,210867448569.0,0.9612279616864395,0.00922906672260182,0.020893539157125662,0.2037088638271669
2025-01-19,202752327259.0,12,0.5244029412042238,210843748728.0,0.9616236121876282,0.000299171049715774,0.020851778055740233,0.20352347471847865
2025-01-20,203383399597.0,12,0.5228306656996217,211215049079.0,0.9629209683867235,0.0031125282088322326,0.024940149581841986,0.20949782838889863
2025-01-21,203376996583.0,12,0.523150320963673,211268321809.0,0.9626478538834882,-3.148248093343131e-05,0.025249963151763977,0.21037191316524373
2025-01-22,206164025120.0,12,0.5159721526973065,213986101041.0,0.9634458692272668,0.013703755015688657,0.039021212115678994,0.22916076957059328
2025-01-23,207401064109.0,12,0.5134545048657789,215291338885.0,0.9633507097086954,0.006000265993448606,0.0458104354043134,0.2362951006523144
2025-01-24,208156309422.0,12,0.5112615528967194,216040458922.0,0.9635061435282058,0.003641472700463444,0.04877234255049334,0.2399597446677253
2025-01-25,208769477273.0,12,0.5123016782973426,216654789862.0,0.9636042545192626,0.0029457086970008373,0.051631113449344346,0.24343257078903235
2025-01-26,208818423951.0,12,0.511942359395422,216693307807.0,0.9636588506784259,0.00023445322869686258,0.04901932737598891,0.24332017273298456
2025-01-27,208770371148.0,12,0.5121171245060743,216655464886.0,0.9636053780496652,-0.00023011764044000849,0.04926071325221337,0.24364319193014805
2025-01-28,209089954901.0,12,0.5119563338593898,216867338887.0,0.964137596625131,0.0015307907498687268,0.051955756027252775,0.24291181084232072
2025-01-29,209488533456.0,12,0.5104998462047057,217324321254.0,0.9639442665561493,0.001906253962265847,0.05505827949976294,0.242708596889339
2025-01-30,209735936014.0,12,0.5098345136743352,217535343706.0,0.9641464804793242,0.001180983769939692,0.06070094096716794,0.24787159166773876
2025-01-31,210415898686.0,12,0.5080375713794316,218194949323.0,0.9643481635980288,0.0032419941232895155,0.06620575432140652,0.24952277027420822
2025-02-01,210654528394.0,12,0.5071710795142544,218393686940.0,0.9645632680393083,0.00113408591979125,0.07062430022676103,0.24871259258269274
2025-02-02,210674338669.0,12,0.5070766881150015,218476699606.0,0.9642874459790415,9.404153402736704e-05,0.06616737486792901,0.2486525648614184
2025-02-03,210626991419.0,12,0.5073474716214239,218525962937.0,0.9638533956705307,-0.00022474141985739937,0.059110531628914886,0.24093097714635126
2025-02-04,211620862680.0,12,0.5050343193570532,219305561477.0,0.9649589424671022,0.004718631996327938,0.06310464108506553,0.24387195761847824
2025-02-05,213390022038.0,11,0.5063525504279293,221982517199.0,0.9612920185363196,0.008360042273692248,0.07596373098136144,0.24269338281858577
2025-02-06,215425387329.0,12,0.5012702229559476,223305049009.0,0.9647134638694066,0.009538240221173666,0.07965199753765284,0.24952633215263664
2025-02-07,216080816507.0,12,0.49888694374593645,223749514581.0,0.96572641469922,0.003042488102848351,0.08624874015017259,0.24422413763402506
2025-02-08,217199372644.0,12,0.4968922490031994,224881193886.0,0.965840535132101,0.005176563820341595,0.09198743981826785,0.24906323856216317
2025-02-09,217113005450.0,12,0.4971931777742613,224962817849.0,0.9651061785496083,-0.00039764016326859775,0.09141705261131539,0.24706277601595206
2025-02-10,217254945907.0,12,0.4968409792274761,225101861821.0,0.9651405996799803,0.0006537630332452693,0.09037295696756575,0.23619891919762948
2025-02-11,217463130405.0,12,0.4967726992510815,225271231196.0,0.965339112546482,0.000958249751833673,0.09156791862138736,0.23673511882305154
2025-02-12,217390532965.0,12,0.496517405619754,225312403473.0,0.9648405041804575,-0.00033383792399566126,0.08977059665795162,0.22747107542950196
2025-02-13,217579679336.0,12,0.49648347138760535,225551977618.0,0.9646542745215825,0.0008700763939450962,0.09125053298479502,0.21509284369813253
2025-02-14,217591470214.0,12,0.4954345828219724,225733095533.0,0.9639325137513575,5.419108087667546e-05,0.09000474016409465,0.2123944213905704
2025-02-15,218120226908.0,12,0.49486546500785833,226056014823.0,0.9648945951683097,0.002430043298480289,0.08712057537684026,0.2118782852038057
2025-02-16,218241002810.0,12,0.4943961923739507,226199099626.0,0.9648181764244066,0.0005537125268577636,0.08665118932811966,0.21121068467861903
2025-02-17,218253683243.0,12,0.49446013877221534,226418840003.0,0.9639378208991274,5.810289009278158e-05,0.07677668304953644,0.21097331104428907
2025-02-18,218205839281.0,12,0.4937308069540498,226142253227.0,0.9649052141616654,-0.00021921262124469099,0.07621866654215692,0.20648582416130679
2025-02-19,218013121957.0,12,0.4930750301525355,226051735441.0,0.9644390543239245,-0.0008831904986366101,0.07193174265445701,0.19381807226878633
2025-02-20,218563683383.0,12,0.4940923004787947,226862830706.0,0.9634177740920672,0.002525359120854054,0.07467258861698345,0.19224431778226037
2025-02-21,218480372216.0,12,0.4953949146657558,226777388215.0,0.9634133893845983,-0.00038117570911366805,0.059740524996206856,0.17901493525586032
2025-02-22,219032382033.0,12,0.4957469454774815,227473664329.0,0.9628911666724145,0.0025265876810858234,0.05608128373867527,0.1722263041481551
2025-02-23,218983010316.0,12,0.4957385401446125,227252173331.0,0.9636123919353867,-0.0002254083005523988,0.052012359961911114,0.1695997700541163
2025-02-24,219200518577.0,12,0.4945882936165521,227402691238.0,0.9639310660030158,0.0009932654624034143,0.04996439824562926,0.17229858236261797
2025-02-25,218709321902.0,12,0.49499037386653644,226800563389.0,0.9643244206888402,-0.0022408554422623794,0.04736602146427904,0.17062385618937959
2025-02-26,217769693125.0,12,0.49688123390983613,225685967900.0,0.9649234959148738,-0.004296244754583567,0.04310631785302643,0.1559698996970178
2025-02-27,217083317180.0,12,0.49871627522310197,225104028555.0,0.9643688679119294,-0.0031518432852178924,0.03822929840309497,0.14743523712402173
2025-02-28,216881784315.0,12,0.4998031919138309,225087960049.0,0.9635423603634171,-0.0009283664337637054,0.035291911862817216,0.14196222437798633
2025-03-01,217737161997.0,12,0.4979121484628086,225961151181.0,0.9636044110192535,0.003943981209402203,0.038149046534714515,0.1554507840662458
2025-03-02,216877179548.0,12,0.5024361575699112,225250448643.0,0.9628268483128715,-0.003949635611636415,0.030707189439340032,0.14923342899327863
2025-03-03,217050656962.0,12,0.5020507009968806,225230480255.0,0.9636824319526424,0.0007998878183566038,0.03036311925864199,0.14651181391760137
2025-03-04,217003825249.0,12,0.5021938121711367,225367026341.0,0.9628907510216435,-0.00021576397720002305,0.03004393710210973,0.14344691567042767
2025-03-05,217279003400.0,12,0.5015996854362381,225911855807.0,0.9617866341004467,0.0012680797247894837,0.03158195412746112,0.13701695942530123
2025-03-06,218433784825.0,12,0.49938409558177776,226907418964.0,0.9626559846403947,0.005314740066595824,0.032194000434172976,0.13916029938165675
2025-03-07,218587133896.0,12,0.4991974854559952,226989277442.0,0.9629844033132935,0.0007020391608507648,0.02435499002420327,0.1335491940122775
2025-03-08,219521057902.0,12,0.4974501602722788,228084307529.0,0.9624557703255792,0.004272547927932191,0.019012014432379987,0.13658654420072547
2025-03-09,219578065065.0,12,0.49740016108731555,228169797106.0,0.9623450073148438,0.00025968881320470594,0.016184909954219506,0.13041402757959708
2025-03-10,219542975654.0,12,0.4975167911696448,228057375637.0,0.9626655355512272,-0.00015980380822466778,0.010790100272717096,0.13193139171042212
2025-03-11,219174636837.0,12,0.4989418069930093,227667014275.0,0.9626982526869614,-0.0016777526855630276,0.00949566048669892,0.1269968098719243
2025-03-12,219639310696.0,12,0.49870232181468144,228444740249.0,0.9614548816339468,0.0021201078085764102,0.010974962061488291,0.1178947267446433
2025-03-13,220097339618.0,12,0.49855405911760786,228835317944.0,0.9618154295215114,0.0020853686006780947,0.012113360127273376,0.11804934967069891
2025-03-14,220210233184.0,12,0.4979777037023607,229026333322.0,0.9615061726303543,0.0005129256273426197,0.012970667032009109,0.1136130530259587
2025-03-15,220580992758.0,12,0.4974320574252254,229809301113.0,0.9598436255177404,0.0016836618745605936,0.013794088819136352,0.11434214017722333
2025-03-16,220719773717.0,12,0.49704821110795466,229953205178.0,0.9598464763565584,0.0006291610046031959,0.014376958342729784,0.11432156001045368
2025-03-17,220686411598.0,12,0.49705129272817217,229914463996.0,0.9598631063152228,-0.00015115147337352308,0.011765001010577425,0.11305633035376439
2025-03-18,221099298744.0,12,0.497033943212678,230102891031.0,0.9608714508250702,0.0018709223780941642,0.013096970308958955,0.11242710568112169
2025-03-19,221190701090.0,12,0.49677335143062284,230430172081.0,0.9599033802407083,0.00041339952916730205,0.01345689934464911,0.11406718323937959
2025-03-20,221803379249.0,12,0.49595524869391167,231014403224.0,0.9601279234261915,0.0027699092049566776,0.01648690969890665,0.11677324322827154
2025-03-21,221580069115.0,12,0.4952777829770181,230895047724.0,0.9596570879244901,-0.0010067932001581736,0.016361158108196383,0.11664132683930672
2025-03-22,222153124716.0,12,0.4949086296641102,231680910254.0,0.958875396649839,0.002586223586303671,0.016422862560885987,0.11990287375581477
2025-03-23,222148121419.0,12,0.4949615094765052,232627392625.0,0.954952548417663,-2.2521839413203182e-05,0.01678754556209694,0.11957753178150798
2025-03-24,222315969973.0,12,0.4945633080342867,232978695846.0,0.9542330433506757,0.0007555704406945196,0.014991335571127085,0.12101817005434667
2025-03-25,223053052259.0,12,0.49279967270615593,233992652045.0,0.9532481054836878,0.0033154716059737854,0.018586108288157988,0.12382791941441296
2025-03-26,223559247062.0,12,0.49277246194523217,235096513651.0,0.9509254033170095,0.0022693919579823696,0.019884663199229102,0.12613138175497873
2025-03-27,223713946726.0,12,0.49325745584921477,235228467200.0,0.9510496301274203,0.0006919850824023133,0.022882540078664304,0.12384841087683385
2025-03-28,223360088670.0,12,0.4949474290211759,234591849581.0,0.9521221179207171,-0.0015817433878335674,0.02567113662501752,0.12258729369130128
2025-03-29,222884026019.0,12,0.4948529917734519,234013830536.0,0.9524395438871814,-0.002131368472472972,0.026721117561467,0.12135532387593284
2025-03-30,222964873977.0,12,0.49461564398457103,234254597807.0,0.9518057535020017,0.00036273554208454684,0.02804795101263502,0.12292989237267249
2025-03-31,223115567195.0,12,0.49468129013483547,234203740057.0,0.9526558676676069,0.0006758607995605015,0.024701365392436392,0.12836596610874906
2025-04-01,223349679964.0,12,0.4938884939791416,234402971596.0,0.9528449167826649,0.0010492892627047556,0.029844082394881344,0.13174296947413033
2025-04-02,223445662244.0,12,0.4935641779763435,234612712906.0,0.9524021928578347,0.0004297399486556941,0.029463192470869037,0.1356335778894251
2025-04-03,224050912732.0,12,0.49254044103414985,235008076385.0,0.9533753740656575,0.0027087144226549675,0.032474485069163395,0.13386269525472883
2025-04-04,223974387358.0,12,0.49311477889578886,235139130641.0,0.952518565274251,-0.0003415535025805827,0.030814684590918073,0.12622618244640416
2025-04-05,223506940889.0,12,0.4944185377626511,234650242948.0,0.9525110141843347,-0.0020870532319073876,0.02322514380302665,0.12281588480773942
2025-04-06,223459713280.0,12,0.4946313902036137,234349556721.0,0.9535316234714936,-0.00021130265043289853,0.022291245130275028,0.12673753218863282
2025-04-07,223003793362.0,12,0.4949448661763022,233895396193.0,0.9534338725418403,-0.002040277915459021,0.01586515431952229,0.1176328563079525
2025-04-08,222780504979.0,12,0.4973564053478435,233512923224.0,0.954039296425985,-0.0010012761650091129,0.014584516504651868,0.11992839889893014
2025-04-09,222308401370.0,12,0.49813332534387567,233134605158.0,0.9535624332532578,-0.0021191423775814844,0.012596284202498476,0.11767349558605766
2025-04-10,222326678876.0,12,0.49974671828282163,233253831825.0,0.9531533828897689,8.221689278209432e-05,0.014381417870646063,0.11762594816821137
2025-04-11,222024516109.0,12,0.49983993656597847,233097212169.0,0.9524975182801754,-0.0013590936028353706,0.010859647143499407,0.1143107796160101
2025-04-12,221739762034.0,12,0.5019723368530498,232966746113.0,0.9518086410772361,-0.0012825343794925503,0.00746225474079143,0.11303470187464004
2025-04-13,221967537882.0,12,0.5023328578240863,233328272061.0,0.9513100830917313,0.0010272214866229312,0.007980122778997512,0.11271495081760818
2025-04-14,221718463242.0,12,0.5021915618960212,233126476930.0,0.9510651306611327,-0.001122121920964947,0.005156702169927696,0.11200821659345972
2025-04-15,221868150349.0,12,0.5019950337089407,233086671939.0,0.9518697422865262,0.0006751224269339051,0.005202871553648958,0.11142838151699763
2025-04-16,222306562004.0,12,0.5018397856441345,233533617271.0,0.9519253142301489,0.0019760008559606135,0.007341414427233683,0.10798544922553366
2025-04-17,222516632918.0,12,0.5022790025033219,233709218722.0,0.9521089246491653,0.0009449604730795702,0.006410396514378247,0.10794012441439316
2025-04-18,222848352710.0,12,0.501616092169781,234224403912.0,0.9514309738353564,0.0014907640280636958,0.007494219295075766,0.09944495088754968
2025-04-19,222369790387.0,12,0.5015633504611732,233690402739.0,0.9515572217801193,-0.002147479742077185,0.0025536632485843036,0.09675579754475638
2025-04-20,222604223082.0,12,0.5015742953827305,233740482710.0,0.9523563077354612,0.0010542470476408994,0.004622049135964756,0.09450537026662786
2025-04-21,222602819138.0,12,0.5015000522345446,233918325438.0,0.9516262512617928,-6.306906403463763e-06,0.0020242543181641093,0.09453292593567131
2025-04-22,222812631550.0,12,0.5009881262631276,234087232697.0,0.9518358988779464,0.0009425415761241673,0.002991293046978649,0.08075417823410014
2025-04-23,224155626954.0,12,0.4999949618501698,235288586554.0,0.9526838094314238,0.006027465295200818,0.008274965497185871,0.08078339866276973
2025-04-24,224629031112.0,12,0.5004473340045094,235810579235.0,0.9525825000758049,0.002111944118615261,0.007065488846886625,0.0791363074015905
2025-04-25,225497076900.0,12,0.499880383131553,236865313104.0,0.9520054833904339,0.003864352633775159,0.008668081788012927,0.08012473779931883
2025-04-26,226056868242.0,12,0.4992582709582247,237491058483.0,0.9518542284748018,0.0024824771553391134,0.01047284512337332,0.08255231490036086
2025-04-27,226853235636.0,12,0.5004445968908472,238124002235.0,0.9526684983738972,0.0035228630750889778,0.015639083001802057,0.08661604799840505
2025-04-28,227567973349.0,13,0.4980018669914802,238843525984.0,0.9527910476595655,0.00315066131191033,0.02101517732634961,0.08837353500195166
2025-04-29,228075272783.0,13,0.49976606742749646,239542721662.0,0.9521277507434318,0.0022292215663493042,0.022920196867095566,0.08872437560361202
2025-04-30,229730438827.0,13,0.49426644094913497,241010780299.0,0.9531956974787372,0.007257104305098405,0.0296477368888326,0.09533179288677252
2025-05-01,229637422836.0,13,0.4958819242314325,241273396701.0,0.9517726611217731,-0.00040489188753101146,0.02815201200652484,0.09135015115318801
2025-05-02,229833125410.0,13,0.495764666006119,241425541566.0,0.9519834724991973,0.0008522242219195508,0.028586203472703575,0.0910428898073774
2025-05-03,230267371182.0,13,0.49548008338884136,241840435914.0,0.9521458655651966,0.0018893959311798714,0.027745740350702652,0.09300151426502645
2025-05-04,230615744520.0,13,0.49546093029926747,242214669627.0,0.9521130362382186,0.001512907956571219,0.02965230641030603,0.09490119460158075
2025-05-05,230601809369.0,13,0.49548275439255135,242180305178.0,0.9521905969996614,-6.04258439900196e-05,0.03174339218182731,0.0896931731995716
2025-05-06,230406969506.0,13,0.4959453304900522,242060987388.0,0.9518550345193802,-0.0008449190556359953,0.03108952447860225,0.07974575055327415
2025-05-07,229690579279.0,13,0.4986918178509418,241286543589.0,0.9519411064640546,-0.0031092385292682545,0.029985077007840033,0.06621871324856454
2025-05-08,229815083390.0,13,0.4984970127897765,241424538250.0,0.9519126972587262,0.00054205144760755,0.03157627464603818,0.06356078760261008
2025-05-09,230390252067.0,13,0.49698561197549107,242061740178.0,0.9517830116299363,0.0025027455487938166,0.036354229742082245,0.06073166447225642
2025-05-10,230183122257.0,13,0.49765422189699055,241944045692.0,0.9513899033912497,-0.0008990389486607242,0.035337384702183394,0.0601996033351857
2025-05-11,230467363268.0,13,0.49740034170208836,242163036475.0,0.9517033095667867,0.0012348473172705265,0.038026643665130644,0.060815266165014314
2025-05-12,230476370527.0,13,0.49787999188645804,242170780308.0,0.9517100710245608,3.90825792957461e-05,0.039400279015634476,0.0598411330590356
2025-05-13,229913061537.0,13,0.49964218454503323,241631142006.0,0.9515042623574199,-0.0024441073447657446,0.035795881374437455,0.057603835830404515
2025-05-14,229767104153.0,13,0.5011657303352111,241484511028.0,0.9514776048156506,-0.0006348372859908968,0.036301175794345664,0.05601361696180929
2025-05-15,230213191973.0,13,0.5015689324181067,241897505693.0,0.9516972542295292,0.0019414781835043193,0.037612616370908514,0.05800650984428124
2025-05-16,230672238845.0,13,0.5018051202375825,242457414694.0,0.951392800818759,0.001994007676388243,0.0376312636279692,0.0575462996482865
2025-05-17,231151492412.0,13,0.5008979663982189,243000049798.0,0.9512405145766455,0.0020776386850869244,0.038805456386633574,0.05915703023615526
2025-05-18,231194892822.0,13,0.5011533563760806,243057813733.0,0.9511930074215533,0.00018775742932541917,0.03745390087249878,0.05929434677439782
2025-05-19,231309374542.0,13,0.5013937035426514,243205062616.0,0.9510878270951856,0.0004951740871201871,0.04020143266512077,0.060051258500583016
2025-05-20,231257011422.0,13,0.5022462636456544,243143209035.0,0.9511144166428723,-0.00022637699014005364,0.03887072859715057,0.06074812995711398
2025-05-21,231538413406.0,13,0.5021924531169019,243463816614.0,0.9510177595428599,0.0012168365502505107,0.040141424545304005,0.059363613488631284
2025-05-22,232554766653.0,13,0.5012177453210915,244488565383.0,0.9511887244652719,0.004389566431112435,0.04372344168833098,0.06441949129913316
2025-05-23,233090891055.0,13,0.50102448936079,245009525715.0,0.9513544029554835,0.0023053683642613176,0.03986187731452162,0.06418461458307068
2025-05-24,233430189684.0,13,0.5015922539404819,245332588188.0,0.9514846413519303,0.0014556494570177048,0.03918085978660413,0.06597397372130476
2025-05-25,233525371327.0,13,0.5014375270913025,245626842516.0,0.950732293486158,0.00040775206981091827,0.03560265408921581,0.06535045100711301
2025-05-26,233515161472.0,13,0.5013711925809349,245636295101.0,0.9506541424425243,-4.372053855217217e-05,0.032992995470572106,0.0676964266600133
2025-05-27,233753535350.0,13,0.49999081971409637,245875808011.0,0.9506975787530196,0.0010208068568111628,0.03041746217396679,0.07339791867101209
2025-05-28,233720666251.0,13,0.5007719375776952,245650015592.0,0.951437620257214,-0.00014061433958967307,0.027036725825053454,0.07664038530056527
2025-05-29,233724483678.0,13,0.5007948277998264,245646159870.0,0.9514680946027849,1.6333288199277263e-05,0.024769063415194914,0.07765843229386937
2025-05-30,233825244209.0,13,0.5005152551251102,245823345399.0,0.9511921816435877,0.00043110815527058755,0.01782439193912655,0.07388762701068763
2025-05-31,233999548528.0,13,0.49963875327445695,245978576263.0,0.951300524147306,0.000745446966556873,0.01899570914064519,0.0789496110917951
2025-06-01,234143702310.0,13,0.49929279364627144,246104995024.0,0.9513976028286889,0.0006160429919921384,0.018755246408934,0.07875141032626565
2025-06-02,234189089854.0,13,0.49919728354702325,246357402802.0,0.9506070740736791,0.00019384482073281362,0.01703115231597585,0.07919337175407315
2025-06-03,234582661904.0,13,0.4987725828506961,246989681504.0,0.9497670529212004,0.0016805738057454889,0.017201416114310364,0.0796379688475688
2025-06-04,235455824786.0,13,0.49775648753892526,247676937900.0,0.9506570405076056,0.0037221970068586074,0.021049337948744418,0.07792768858827093
2025-06-05,235974085483.0,13,0.49710248866575146,248083355185.0,0.9511887055341947,0.002201095247786,0.02416209886765186,0.07954242904009345
2025-06-06,235591224066.0,13,0.4981959641534258,247871631646.0,0.9504565831174324,-0.0016224722990930696,0.025689537662024087,0.07320557908013603
2025-06-07,236233244339.0,13,0.4984944644591585,248537191481.0,0.9504945434174965,0.0027251451133007976,0.0279275009034472,0.0758508335933723
2025-06-08,236567628631.0,13,0.4986953043171752,248874175747.0,0.9505511285810925,0.0014154836375195323,0.026812664635670336,0.0775458787797012
2025-06-09,236571588610.0,13,0.49866805812782977,248887838274.0,0.9505148594265941,1.673931054257949e-05,0.027753843506681086,0.07937484019165097
2025-06-10,237126255709.0,13,0.4995969568395974,249238260288.0,0.9514039114018678,0.002344605716430248,0.02889299528825995,0.07961664493294407
2025-06-11,236753421349.0,13,0.49929791119637823,248979557794.0,0.9508950190396128,-0.001572303155064958,0.027235116587644548,0.07567597936398607
2025-06-12,237405419683.0,13,0.4989989925281561,249541879869.0,0.9513650366328442,0.002753913038658462,0.032587788166155374,0.07808531987989986
2025-06-13,237257366017.0,13,0.4994457995611009,249494625283.0,0.9509518120796415,-0.0006236322077132206,0.032599365743027686,0.07560204100312351
2025-06-14,238008472796.0,13,0.4991673799144209,250301253003.0,0.9508880596500543,0.003165789082165693,0.03386113869579743,0.0783287278156013
2025-06-15,237946910876.0,13,0.4991903227855068,250221802501.0,0.9509439565125387,-0.0002586543213223269,0.031536833679791876,0.07821278688169331
2025-06-16,237890814421.0,13,0.4992884463491498,250168777492.0,0.9509212812482459,-0.00023575197842862217,0.02915543368843121,0.07594558541066232
2025-06-17,237967442430.0,13,0.49919351306146686,250078565049.0,0.951570728916223,0.00032211419842553823,0.029293681730306442,0.07584740794855449
2025-06-18,238157068905.0,13,0.49847945526272297,250258514482.0,0.9516442203692917,0.0007968589024769379,0.029604050318144948,0.07373057034284902
2025-06-19,238214866148.0,13,0.49897938218894095,250293562584.0,0.9517418813680183,0.00024268539777438924,0.030087108205784308,0.07507352578884952
2025-06-20,238052479834.0,13,0.5002898432869891,250182938865.0,0.9515136440317153,-0.0006816800169772153,0.02813384756410886,0.07156935171776535
2025-06-21,237864372169.0,13,0.5006586237218625,249967251300.0,0.9515821409882423,-0.0007901940997681045,0.022831634854952654,0.07074671912420594
2025-06-22,237852965598.0,13,0.5003808102663002,249956106810.0,0.9515789337317532,-4.795409626079383e-05,0.02043011857497401,0.06988699744281512
2025-06-23,237897195390.0,13,0.5009351891963326,250134293383.0,0.9510778876918614,0.00018595434321699855,0.01913636668867502,0.06654983189274444
2025-06-24,237543176429.0,13,0.4988065277152578,249584459697.0,0.9517546754208241,-0.0014881174215595205,0.017205004660388434,0.06255133505223265
2025-06-25,239349891223.0,13,0.49999877527890185,251352320182.0,0.9522485849730401,0.0076058374783078975,0.024986513570338875,0.06989257811517025
2025-06-26,239187014113.0,13,0.5031722037926252,251175614458.0,0.952270046712657,-0.0006804979487049501,0.02324447737170887,0.07085834151142034
2025-06-27,239425877346.0,13,0.5039118015375701,251341851775.0,0.9525905680058921,0.0009986463265398982,0.0244103834997329,0.0742173031529405
2025-06-28,239736488447.0,13,0.5029069216493001,251658172384.0,0.952627471525904,0.0012973163320650904,0.025722614397910792,0.07522088197502397
2025-06-29,239903014672.0,13,0.5029844840616624,251986039955.0,0.9520488306211019,0.0006946219412771182,0.02599278997252963,0.07524104072186044
2025-06-30,239872716873.0,13,0.5033830755792781,251981259025.0,0.9519466558788856,-0.00012629186440793472,0.025099058446675704,0.07397833259337205
2025-07-01,240142612466.0,13,0.5033328491367768,252254042408.0,0.9519871720334584,0.001125161696246213,0.025620634237933038,0.0747248796611999
2025-07-02,240252904916.0,13,0.5027663554783866,252518088474.0,0.9514284951540695,0.00045927896289388315,0.02589281621009909,0.07231388610043354
2025-07-03,239959763079.0,11,0.5068277255459078,252916010780.0,0.9487725286309768,-0.0012201385748176197,0.02292198891152708,0.07137144523337402
2025-07-04,241517009608.0,13,0.5021092371310281,253221792568.0,0.9537765575336222,0.006489615213061128,0.025742343930156952,0.08057946051860787
2025-07-05,241643785455.0,13,0.5022982232794954,253373538411.0,0.9537056906985565,0.0005249147760058026,0.024026790740157233,0.0813751700836336
2025-07-06,241690847839.0,13,0.5021777066732911,253601986924.0,0.9530321539295764,0.00019475933929524736,0.025890708778232074,0.08379702513250731
2025-07-07,241747199858.0,13,0.502002010132711,253632602362.0,0.9531392952115973,0.00023315743853702386,0.023341149694779517,0.08513624152520816
2025-07-08,241582520858.0,13,0.5025137201529888,253809559807.0,0.9518259321741167,-0.0006812033400872552,0.02119855643826174,0.08669991493448337
2025-07-09,241497280783.0,13,0.5024717049597915,253740783483.0,0.9517479904809221,-0.0003528404070678448,0.020821148481698026,0.0862271770707832
2025-07-10,242148930124.0,13,0.5018990372536757,254206638802.0,0.9525672943286438,0.0026983713393673447,0.021181435180943398,0.09064050388525646
2025-07-11,243117500909.0,13,0.500611279512787,255356000389.0,0.9520727946030001,0.003999897024133059,0.026880623408684245,0.09640913600205847
2025-07-12,244033594814.0,14,0.49885433552703073,256309638099.0,0.9521046365011901,0.0037681117220058624,0.027919224168725387,0.09941118932323567
2025-07-13,244318271344.0,14,0.49933706319162485,256581578591.0,0.9522050362526293,0.0011665464757710797,0.029760531550763636,0.10193020360840621
2025-07-14,244490882020.0,14,0.498928765731498,256738779975.0,0.9522943204910741,0.0007064992521863545,0.027236043943511756,0.1019647553531875
2025-07-15,244111869678.0,14,0.5006761560219778,256379446769.0,0.9521506998879938,-0.0015502105390130527,0.025908967589886922,0.0980866578000863
2025-07-16,243024477756.0,14,0.503599738572827,255354974941.0,0.9517123283466516,-0.004454481969411561,0.021579914077366924,0.09216319952835783
2025-07-17,245495760248.0,14,0.5029971153135211,258049040472.0,0.9513531218676935,0.010168862473520779,0.03163591515345421,0.10162699101245698
2025-07-18,246106783276.0,14,0.499465679708237,258850271641.0,0.9507688816232962,0.002488935154655092,0.033380131891743714,0.10674558287656555
2025-07-19,247115903797.0,14,0.49877958010692375,259312630117.0,0.9529651667390944,0.004100336071876098,0.03736558424305003,0.11011327806647553
2025-07-20,247469079967.0,14,0.49901939225363,259666837715.0,0.9530253541217004,0.001429192393420875,0.0395568243589246,0.11170685495040589
2025-07-21,247848834396.0,14,0.49819092966033685,260043573930.0,0.953105014864614,0.0015345530401238427,0.04197544229072747,0.11236437840994573
2025-07-22,248517480620.0,14,0.4979927309124913,260496616024.0,0.9540142379319955,0.0026977985417178107,0.04483658631368215,0.1086827665093566
2025-07-23,249051337747.0,14,0.49690103222230086,260984141949.0,0.9542776656355931,0.002148167306654347,0.046886397036813854,0.108722841896705
2025-07-24,249889417532.0,14,0.4944034600654854,261993148918.0,0.9538013439054153,0.003365088469636568,0.05197472429476502,0.1081714271747174
2025-07-25,251243115687.0,14,0.4937143545378021,263136953970.0,0.9547998177239826,0.005417188804430539,0.04968970072737244,0.11141553734185794
2025-07-26,251042122066.0,14,0.49297941090151776,262937049456.0,0.9547613110643409,-0.0007999965310507839,0.04956417887887188,0.10662791016484574
2025-07-27,251671333133.0,14,0.4931834131292615,263546934062.0,0.9549393318830784,0.0025063963840878944,0.05114508056831224,0.10591718785944848
2025-07-28,251839195262.0,14,0.49256638207432,263901390163.0,0.9542927951476508,0.0006669894696003098,0.050483374030380945,0.10419333139024656
2025-07-29,251424700477.0,14,0.49262768673584123,263861729558.0,0.9528653545103585,-0.0016458708286800627,0.048026431934391045,0.09443355334526227
2025-07-30,251643089400.0,14,0.4922561839731377,263916095124.0,0.9534965621621767,0.0008686056802917896,0.049069242556800674,0.09582787636366996
2025-07-31,252305189610.0,14,0.4910880726638793,264557735385.0,0.953686684847187,0.0026311082556595977,0.050647309193082135,0.09777556720734681
2025-08-01,252953590382.0,14,0.4895208732871657,265092823697.0,0.9542076124668124,0.0025699066000277604,0.05286381644559324,0.09852120638520323
2025-08-02,253231706543.0,14,0.4891753237339442,265357445884.0,0.9543041300363558,0.0010994750482884452,0.055309037205669265,0.09806772763963933
2025-08-03,253191610377.0,14,0.4890884746932578,265363956566.0,0.9541296175014916,-0.00015833785803276434,0.0483386275275135,0.09796020711985265
2025-08-04,253705057656.0,14,0.48709484225942984,265919480359.0,0.9540672135546063,0.0020279000486449483,0.04991343840392748,0.10111711551066294
2025-08-05,254160969382.0,14,0.48589034680748067,266412938714.0,0.9540113577398253,0.0017970147312482698,0.051595340305590875,0.10653632456242956
2025-08-06,254374621587.0,14,0.48555485387243047,266565155662.0,0.9542680886227404,0.0008406176822488565,0.05223399376049542,0.10686651996345287
2025-08-07,254465943191.0,14,0.4842471077580091,266689116530.0,0.9541669585244398,0.00035900438271019297,0.0533292818008666,0.1044996084165859
2025-08-08,255580968127.0,14,0.48371733276777196,267619840150.0,0.9550150242364234,0.004381823838654375,0.05831820258322096,0.11033756785018856
2025-08-09,256168190666.0,14,0.4819441073451425,268214485385.0,0.9550870837504972,0.0022975988521500845,0.05789519918515018,0.1115161254659458
2025-08-10,256689595619.0,14,0.48112231764256264,268937137462.0,0.9544594623168006,0.0020354008499041676,0.05582524770637587,0.11373497869678206
2025-08-11,256044949658.0,14,0.47989395384450984,268316344514.0,0.9542651981256411,-0.0025113832893984833,0.0492200873127937,0.11365986754430035
2025-08-12,256733678849.0,14,0.4794219480476214,269050046931.0,0.9542227618151703,0.002689876101520161,0.050816533027606026,0.11736481945667543
2025-08-13,257547246228.0,14,0.476927246756196,269916103592.0,0.9541751781409215,0.0031689156742014113,0.05340225410505073,0.11873365735794073
2025-08-14,258948483672.0,14,0.475546079978353,271559868004.0,0.9535594695022674,0.005440700549209199,0.06077792945328908,0.12258191522561246
2025-08-15,260741754231.0,14,0.4756770251912373,273207826642.0,0.9543714667174048,0.006925202007637354,0.07290325912268147,0.12801241951861986
2025-08-16,261781623679.0,14,0.4736323007759878,274727941421.0,0.9528758608424153,0.003988120165359987,0.06633867491050771,0.1322984711455073
2025-08-17,261774473834.0,13,0.4736884609104054,274685300022.0,0.9529977534765568,-2.7312249421984625e-05,0.06366216464838037,0.131707153470636
2025-08-18,262898273825.0,14,0.47292143013921795,275503550108.0,0.9542464106975804,0.004293008308031698,0.0638662659323006,0.13682293223646624
2025-08-19,262999752186.0,13,0.47329150296599615,275525087430.0,0.9545401278670053,0.00038599858235488504,0.06275803110865819,0.13587956450592453
2025-08-20,262874537108.0,14,0.4734818489266209,275483238732.0,0.9542306033498241,-0.00047610340678738705,0.06062446389395859,0.13037690386385759
2025-08-21,262964515158.0,13,0.4731968240054437,275885123200.0,0.9531667097807469,0.00034228514861078807,0.05813287058100558,0.12816298383771252
2025-08-22,261951466508.0,14,0.4736281257133892,274766842070.0,0.9533590899635003,-0.0038524157884622934,0.051797066732099495,0.12218332539852672
2025-08-23,261848294374.0,13,0.4740293968899933,274670593540.0,0.9533175393814675,-0.000393859730488888,0.04785667580528319,0.1212841366488615
2025-08-24,263077356988.0,14,0.471527274376192,276010436080.0,0.9531427895420178,0.004693796524198657,0.04710274854154872,0.12659647163657373
2025-08-25,263085043052.0,14,0.4719320355145055,276081252682.0,0.9529261421999939,2.921598456051555e-05,0.047971714415455224,0.12548048806227396
2025-08-26,264985491841.0,14,0.46848293494174414,277936584490.0,0.953402706330422,0.007223705182754836,0.05290296094614755,0.13377005162403455
2025-08-27,265120912696.0,14,0.468102647510602,278214605075.0,0.9529367181299837,0.0005110500731912992,0.05273888133331428,0.13433093753778302
2025-08-28,265750420521.0,14,0.4673026787825456,278755409692.0,0.9533462357363061,0.0023744178405187277,0.05697817285581497,0.13653434392851227
2025-08-29,268181014825.0,14,0.4662352928712919,281126969967.0,0.953949793064964,0.009146154121731476,0.06571976788407685,0.146074924127086
2025-08-30,268231624961.0,14,0.4641186617361591,281300169945.0,0.9535423494889634,0.00018871632666850324,0.06312369307828436,0.145585477271853
2025-08-31,268581236612.0,14,0.4647380561853006,281662424982.0,0.9535572117195399,0.001303394598048735,0.061780685565284044,0.14685631503773733
2025-09-01,269302978568.0,14,0.46344489742652595,282404371290.0,0.9536076843918743,0.0026872389341279224,0.06346469107047237,0.14800887832967313
2025-09-02,269274958599.0,14,0.4632994311455365,282402323614.0,0.9535153788856813,-0.00010404626472748646,0.06352243740640562,0.14363260642941156
2025-09-03,268427266367.0,14,0.46157591627809735,281554437284.0,0.953376082282238,-0.0031480544511469644,0.058028834139215,0.13752857996069223
2025-09-04,270267515852.0,14,0.4621811496969879,283410271970.0,0.9536263946022704,0.006855672711295835,0.06337143940379031,0.1471883849811213
2025-09-05,272568263819.0,14,0.46483499295757547,286035823015.0,0.952916529635892,0.008512854235356526,0.07152302426434276,0.15380993298241474
2025-09-06,270979093942.0,14,0.4622029604534803,284482437157.0,0.9525336490015102,-0.005830355503365969,0.06489336271850488,0.14546142897968206
2025-09-07,271003681215.0,14,0.46208497160247686,284542897470.0,0.9524176622386877,9.073494431732776e-05,0.06034374625397132,0.14554618670529806
2025-09-08,270792432490.0,14,0.4626741948896212,284309600540.0,0.9524561674163435,-0.0007795050017509464,0.05708843781883721,0.14197574486359255
2025-09-09,270982270713.0,14,0.46238237580100133,284470258148.0,0.9525855970926048,0.0007010470021424631,0.05568077295666618,0.14457594390386008
2025-09-10,271353757010.0,14,0.46214245950642335,284971387102.0,0.952214044257272,0.0013708878297555849,0.05978953059784242,0.1429973139296068
2025-09-11,271450013810.0,14,0.4627875369129146,285084724014.0,0.9521731294051012,0.00035472809022674134,0.057321404137458565,0.14411627494233414
2025-09-12,271930369337.0,14,0.46187154823587256,285878810507.0,0.951208551815146,0.001769591094352263,0.055846542021524836,0.14252390321446606
2025-09-13,273215735470.0,14,0.46135240463924787,287259893129.0,0.9511099252108501,0.00472682082598519,0.05509687330732471,0.14822140142167872
2025-09-14,273830092094.0,14,0.46089816890311547,287971736677.0,0.9508922481553743,0.002248613620087214,0.050196555214569116,0.1510746758359387
2025-09-15,274031438850.0,14,0.4594858954310067,288000383920.0,0.9514967831644271,0.0007352981349137977,0.04679402243306763,0.15155012825171865
2025-09-16,274314658808.0,14,0.4605136453316988,288305619800.0,0.9514717715121,0.00103353089407765,0.04790453702507347,0.15182245091126445
2025-09-17,275134050216.0,14,0.4598727476426506,289103098543.0,0.9516814299210207,0.00298704929426874,0.04654186660481785,0.15498270391346014
2025-09-18,275294080578.0,14,0.4606934635032907,289298179453.0,0.9515928551590657,0.000581645063104208,0.04674653983439936,0.15644281786087455
2025-09-19,276598026419.0,14,0.4588469966255091,290415323496.0,0.9524222864321747,0.00473655604313139,0.0522054720931826,0.16283924278697848
2025-09-20,277297380154.0,14,0.4588904754752886,291204137091.0,0.9522439582214651,0.0025284118764483665,0.05450493952535096,0.16583528591636654
2025-09-21,277455486135.0,14,0.45919873449579207,291413558874.0,0.9521021849740522,0.000570167597372162,0.05918661129742708,0.16628313200645173
2025-09-22,277254434933.0,14,0.4586233967294428,291409284716.0,0.9514262224115647,-0.0007246250733791149,0.05883613103469476,0.16717490731993068
2025-09-23,278218306556.0,14,0.45888401494717507,292284020132.0,0.9518765563384283,0.0034764876645991816,0.05755322214481051,0.16239161477949726
2025-09-24,278752092445.0,14,0.45839529826258657,293110655644.0,0.9510131654291023,0.0019185865071482677,0.059551273653756676,0.16541482604615032
2025-09-25,279488273425.0,14,0.4576506895752806,293909164554.0,0.9509341903275342,0.0026409881753453046,0.05473047404686637,0.16732692607451494
2025-09-26,279400177946.0,14,0.4581799326849719,294064775768.0,0.9501314029070604,-0.00031520277369934124,0.053859445129374794,0.16544702792611687
2025-09-27,280302344662.0,14,0.45824915433738406,294802355221.0,0.9508144683982257,0.0032289410931383156,0.05475785931954946,0.1683985924280058
2025-09-28,280469282251.0,14,0.45848099906476775,294999808376.0,0.950743947241892,0.000595562585112619,0.045820795457943264,0.1692421126805086
2025-09-29,280579710344.0,14,0.45780281864090233,295239000684.0,0.9503477172526738,0.00039372615822208523,0.04603515854924023,0.16838784863192569
2025-09-30,280572936375.0,14,0.45873608454541664,296051526810.0,0.9477165660931253,-2.414276139817151e-05,0.044648315400839245,0.1678232838562228
2025-10-01,281572399888.0,14,0.45761932343276374,297474600277.0,0.9465426615442384,0.0035622235198913277,0.04555991688336247,0.1734150604045237
2025-10-02,282231426497.0,14,0.45833079527989934,298375317178.0,0.9458940141775564,0.002340522754581631,0.048116126228040956,0.16857784449667745
2025-10-03,283447560803.0,14,0.4580373354241565,299559077393.0,0.9462158959420788,0.004308996772947715,0.05595666431093438,0.17299751892764847
2025-10-04,284948698874.0,14,0.45723414821485936,301086295007.0,0.9464020900299537,0.005295999255549466,0.05432093078488753,0.178980095530203
2025-10-05,285255686841.0,14,0.4577504153819685,301613369081.0,0.9457660570887789,0.0010773446877037074,0.04654768990429914,0.17997514349103727
2025-10-06,284971703055.0,14,0.45779697876516084,301147574971.0,0.9462858968146839,-0.0009955411902384803,0.05163722746816379,0.17960397980325649
2025-10-07,285636509230.0,14,0.4582960618222779,301821009761.0,0.946377157296585,0.0023328848719821327,0.053994941874575764,0.18277319025658834
2025-10-08,286380314263.0,14,0.4584159789735954,302614528563.0,0.9463534868035252,0.002604026477585508,0.057563948998373915,0.18266190198052867
2025-10-09,286367957945.0,14,0.45907075287148663,302630848537.0,0.9462616231272547,-4.314653411774394e-05,0.056777468103421214,0.17789939792194898
2025-10-10,286142314705.0,14,0.45713713164209546,302852872878.0,0.9448228507321058,-0.0007879486295158111,0.054499181651113116,0.17255296314056623
2025-10-11,286850394800.0,14,0.46081528153431406,303181026137.0,0.9461357079462467,0.002474573170801353,0.05673376388471807,0.17408490663440723
2025-10-12,286558322594.0,14,0.4654651771293385,302742651305.0,0.9465409692316693,-0.001018203953331298,0.053793010661754126,0.17206138824661266
2025-10-13,286660907964.0,14,0.46590263187201614,302799233388.0,0.9467028854616659,0.00035799124266011617,0.04921082773973806,0.17430139035076442
2025-10-14,287025920915.0,14,0.4654432991880376,303686185891.0,0.9451398655914506,0.0012733265710782593,0.048189841810629686,0.18105765956291076
2025-10-15,287813090560.0,14,0.4657517340171364,304918955407.0,0.9439002904094059,0.002742503682213071,0.05029222839480041,0.17237499445713844
2025-10-16,288700811960.0,14,0.4657100615125136,305734378424.0,0.9442863882308405,0.003084367699442536,0.052443982448890036,0.17307133154567422
2025-10-17,288635929528.0,14,0.46640902045057353,305803381780.0,0.9438611432219198,-0.00022473934714462018,0.04907382165675256,0.16801842816683998
2025-10-18,288839991258.0,14,0.4667322089203013,306073880586.0,0.9436936948196805,0.0007069865845659162,0.04920523772817553,0.167176082347406
2025-10-19,288796259994.0,14,0.4675751379545387,306099678921.0,0.9434712934427293,-0.00015140307894878635,0.044100942197330406,0.16521128976776356
2025-10-20,289096622117.0,14,0.46658444897600576,306375318223.0,0.9436028456658397,0.001040048520733139,0.04255085986188245,0.16328485785291003
2025-10-21,289026182326.0,14,0.4679371777785302,306334300116.0,0.9434992497299652,-0.0002436548392859006,0.04170289206453148,0.16050845155310367
2025-10-22,290199201274.0,14,0.4671729975930595,307367893746.0,0.9441428567481166,0.004058521406468785,0.04668912273352155,0.16131048741525067
2025-10-23,289606799067.0,14,0.4682503446521151,306771663388.0,0.9440467736445066,-0.002041364016163061,0.04093365620679501,0.15269546102824827
2025-10-24,289573183485.0,14,0.4693724625720288,306966910881.0,0.943336800223582,-0.00011607317959483332,0.038819766140894885,0.15348444755764934
2025-10-25,290015447769.0,14,0.46919838562184607,307591238218.0,0.9428599119050867,0.0015272971021604853,0.03766588921601022,0.15235789534971156
2025-10-26,289830245934.0,14,0.46955639669388094,307350558383.0,0.9429956706726808,-0.0006385930005615714,0.03733021240242662,0.15085439989782423
2025-10-27,289698599558.0,14,0.47029699836000927,307209247509.0,0.9430009086868812,-0.0004542189017427978,0.03352185622039805,0.15222807865888766
2025-10-28,289320899137.0,14,0.4714495580947804,306858277797.0,0.9428486049458906,-0.001303770268742288,0.03156002259840496,0.14972717838918737
2025-10-29,289560069855.0,14,0.47178335788952985,307040344040.0,0.9430684777283772,0.0008266624316231042,0.032006446581578585,0.14765800220988967
2025-10-30,289060998172.0,14,0.47320708767224934,306317157048.0,0.9436657122235698,-0.001723551466367268,0.03025260350005854,0.14274321125654743
2025-10-31,288888369331.0,14,0.47326407050690444,305936039561.0,0.9442770121020643,-0.0005972055797623943,0.025982551719948566,0.1408064703854346
2025-11-01,288674304246.0,14,0.47407681403178625,305964396563.0,0.9434898553190326,-0.0007409958576585218,0.022828349872187292,0.14014166510559578
2025-11-02,288788753128.0,14,0.47391983043273705,306116686148.0,0.9433943531858882,0.00039646369738011167,0.01884367009498522,0.13828536094684463
2025-11-03,288738483204.0,14,0.4741936096943588,305863505596.0,0.9440109000299644,-0.00017407161274640703,0.013299882908662797,0.136045726871739
2025-11-04,288676599913.0,14,0.4737557183333242,305813544622.0,0.9439627674759073,-0.0002143229759792309,0.011992444777820577,0.1348482726460516
2025-11-05,287817844035.0,14,0.4749454090141356,304641129901.0,0.9447767086753286,-0.0029748025238581777,0.009987451208272047,0.1310662653939758
2025-11-06,287975593850.0,14,0.4755029770999472,304479245789.0,0.9457971202725692,0.0005480890718534415,0.008189025367609792,0.1267489749350308
2025-11-07,287792691686.0,14,0.4758314017692595,303828988078.0,0.9472193338316912,-0.0006351307815872786,0.004931824405021601,0.12345209972315807
2025-11-08,288318897536.0,14,0.47590433938843435,304175330888.0,0.9478707451202265,0.001828419779936974,0.006812702108853541,0.12322003874261744
2025-11-09,287844674258.0,14,0.4763174597098663,303638435833.0,0.9479849725491061,-0.0016447873589028328,0.005949345711958154,0.12419586733686794
2025-11-10,287806027588.0,14,0.4764610420392329,303579849048.0,0.9480406176185101,-0.00013426223743628896,0.0033314675709834596,0.12102949982372757
2025-11-11,288260550305.0,14,0.4755708527108037,303791032165.0,0.9488777474788498,0.0015792675393535571,0.005940248726999053,0.11925308667369827
2025-11-12,288308842242.0,14,0.47572929992281254,304155849035.0,0.9478983986555641,0.00016752877543901867,0.005748723429728875,0.11338301021754438
2025-11-13,288999058667.0,14,0.4760959395483596,304195559172.0,0.9500436477561873,0.00239401753908286,0.006874423556276321,0.10837276338551405
2025-11-14,288485850520.0,14,0.4763998235959422,303652705002.0,0.9500519697925954,-0.0017758125212142817,0.002337489092977041,0.1020095546268942
2025-11-15,287849520996.0,14,0.47736058053860986,302970474279.0,0.9500910003887858,-0.0022057564447373057,-0.0029486961197668915,0.09960882274004712
2025-11-16,287687335994.0,14,0.4777640538191478,302850126150.0,0.9499330234768006,-0.0005634367618150282,-0.0032864707299302687,0.09429146037490144
2025-11-17,287567983391.0,14,0.4780358907967445,302507858977.0,0.950613264605678,-0.00041486915851762785,-0.0044038495551116386,0.09341541579714008
2025-11-18,287456802462.0,14,0.4783547997333045,302135471451.0,0.9514169292387088,-0.00038662485193574625,-0.00463807090863233,0.09351329963122512
2025-11-19,287382750260.0,14,0.47800178862067005,301995870151.0,0.9516115240791427,-0.00025761158325621203,-0.005928370398967764,0.09285752903705857
2025-11-20,286929999129.0,14,0.4790620327701911,301775269883.0,0.9508068677736397,-0.001575429042245502,-0.007252571999292634,0.09535557465656397
2025-11-21,286910467036.0,14,0.4816642497410527,301718482604.0,0.9509210856418258,-6.807267646913306e-05,-0.011332678462112167,0.09571256792760896
2025-11-22,286561083565.0,14,0.48234741117122615,301437081161.0,0.950649742431474,-0.0012177438997238443,-0.010516726512678987,0.0892654801077053
2025-11-23,286728466130.0,14,0.4818245829459291,301617941012.0,0.9506346511350012,0.0005841078031869618,-0.009823828714952021,0.08986988695258802
2025-11-24,286498450231.0,14,0.4816322829229148,301376576419.0,0.9506327719135175,-0.0008022081033828288,-0.012126931737792557,0.08118541977727767
2025-11-25,287544200016.0,14,0.48020081993650815,302689862302.0,0.949963100280878,0.0036501062541762774,-0.007887533996436602,0.08457758798421011
2025-11-26,288107396725.0,14,0.47909297045110905,303253921090.0,0.9500533272230804,0.001958643954455219,-0.0054926148605057845,0.08412771712710532
2025-11-27,289043602520.0,14,0.4774811769246419,304078270709.0,0.9505565848097445,0.0032495028091681366,-0.0009584396351149937,0.07779293291366574
2025-11-28,289312932084.0,14,0.4770088911095965,304503947715.0,0.950112253896892,0.0009317956240921799,-0.000853493961110563,0.0785936674173493
2025-11-29,289829213027.0,14,0.47642993529028427,305061523517.0,0.9500680704849651,0.0017845069671829084,0.002657621954736733,0.07911191668871287
2025-11-30,289854060726.0,14,0.4763469082153015,305225435426.0,0.9496392734159054,8.573221015395482e-05,0.0033427839176645158,0.07631212349480476
2025-12-01,289716115630.0,14,0.47652807851150375,304917299321.0,0.950146535716896,-0.0004759122423694251,0.003608950878815298,0.07591183798654155
2025-12-02,290578925018.0,14,0.475233317264407,305766657819.0,0.9503290093519927,0.002978120102583137,0.006198897535343306,0.08252387676859074
2025-12-03,291026455277.0,14,0.47488877689279246,306550227147.0,0.9493597769785508,0.001540133232209806,0.00792402885687915,0.07680885865827736
2025-12-04,291771574066.0,14,0.4754763049240105,306501594456.0,0.951941455912672,0.0025603129045117523,0.010721250541030125,0.07045321409741234
2025-12-05,292058082725.0,14,0.47555844301364275,307013395553.0,0.9512877514641922,0.0009819622076521206,0.014732369023945369,0.07778824733804646
2025-12-06,292321693792.0,14,0.4758283312710677,307216461767.0,0.9515170251967274,0.0009025980878201167,0.015091903740508616,0.0786631845051855
2025-12-07,292211477399.0,14,0.4758230361132927,307170872366.0,0.9512994352238724,-0.00037703802126443087,0.015354058114238622,0.07909764948764209
2025-12-08,292220026962.0,14,0.47582259319434894,307365432754.0,0.9507250842871403,2.92581354985888e-05,0.013530606073134388,0.07837323155171694
2025-12-09,292625039883.0,14,0.47550419532573396,307718314850.0,0.9509510021385716,0.0013859861872254076,0.01660744857386276,0.07838949092647396
2025-12-10,293125654157.0,14,0.47586004140982663,307878596200.0,0.9520819497519848,0.0017107704596988071,0.018483374422634258,0.0798513142171795
2025-12-11,292966864755.0,14,0.4761821772219663,307979598889.0,0.951254127909262,-0.0005417110367110789,0.016326599130614294,0.07735986042783516
2025-12-12,293813871711.0,14,0.474342237484798,308951664862.0,0.9510027137812589,0.0028911356808503097,0.01909420961976327,0.07539147115947031
2025-12-13,293764199818.0,14,0.474678825605909,309028089667.0,0.9506067883167257,-0.00016905904650021952,0.016488431391365355,0.07279735974801871
2025-12-14,293719220219.0,14,0.4746902334658778,308909328506.0,0.9508266443086553,-0.00015311463761702448,0.018140819348910098,0.07184497315936356
2025-12-15,293637369312.0,14,0.4748644202507207,308609460040.0,0.9514853150449134,-0.00027867058525821164,0.02010720148490508,0.07043994873611359
2025-12-16,293508467905.0,14,0.4754834430187025,308395860733.0,0.9517263532895175,-0.0004389816163454796,0.020234230647960816,0.06678351034550167
2025-12-17,293433067436.0,14,0.4755885774731755,308385407794.0,0.9515141119517948,-0.00025689367512360395,0.020395469536764743,0.06588949104868469
2025-12-18,293516155906.0,14,0.47495962615613135,308316552736.0,0.9519961004407278,0.00028315987262783615,0.021079179174411822,0.061165040495885004
2025-12-19,292848792682.0,14,0.47576587658514463,307768212358.0,0.9515238446436907,-0.0022736848060034287,0.019020078334746282,0.05608207520519426
2025-12-20,292817428616.0,14,0.4759910096495334,308259874261.0,0.9499044574581087,-0.00010709986444801256,0.02051869621465796,0.055367232758646745
2025-12-21,293196306400.0,14,0.47654732807870304,309331698393.0,0.9478378967405393,0.0012939044844111347,0.021908713993384232,0.057499067493194334
2025-12-22,293154186061.0,14,0.47660325388552904,308100482946.0,0.9514888884883066,-0.00014365917332714861,0.023007668780343993,0.0536840285238156
2025-12-23,293248537442.0,14,0.47671407954604506,308189565734.0,0.9515200060183229,0.0003218489978524808,0.02273953263169859,0.052004793470241895
2025-12-24,292983253706.0,14,0.4780910696022986,307797505219.0,0.9518701377957578,-0.0009046378826440549,0.022634689541152442,0.04828460284084635
2025-12-25,292523073272.0,14,0.47806149877397475,307292227985.0,0.9519377538122411,-0.0015706714570853375,0.017315158002571218,0.04696809938516311
2025-12-26,292573211675.0,14,0.47774130963385636,307461816754.0,0.9515757591099113,0.0001713998230608027,0.015500521683109225,0.04377725426377266
2025-12-27,292455680961.0,14,0.4780328667899737,307392668935.0,0.9514074684157203,-0.0004017138593349623,0.011804718773403389,0.042736939367474136
2025-12-28,292346145037.0,14,0.4780236945447556,307271905089.0,0.9514249112762951,-0.0003745385408143731,0.010484194160112148,0.041936156675669745
2025-12-29,292302344296.0,14,0.4779901499761052,307116507825.0,0.9517637015544559,-0.00014982493097170924,0.008533064155853864,0.04180520071730309
2025-12-30,292303733007.0,14,0.4796941814794359,306997859490.0,0.9521360620969456,4.750940343356547e-06,0.008451398869018023,0.038112162709372566
2025-12-31,292129262280.0,14,0.480279238717356,306661529478.0,0.9526113783403584,-0.0005968816244841246,0.008329349041396927,0.03506992791642638
2026-01-01,291257139034.0,14,0.481687864754876,305918486001.0,0.9520743347070825,-0.0029854018703682206,0.0023340096531707655,0.027552109493818477
2026-01-02,290940603054.0,14,0.48159820253847274,305947738296.0,0.9509486969062644,-0.0010867921763216826,-0.00029499800256405084,0.02102801031791879
2026-01-03,291710449944.0,14,0.4800111624098134,306728661822.0,0.9510374681362014,0.0026460620549999536,-0.00020949306729300954,0.0226279909595557
2026-01-04,291715881343.0,14,0.47945857588760127,306625769142.0,0.9513743158615767,1.861914443268553e-05,-0.0011716894763094121,0.023666133218491314
2026-01-05,291848398729.0,14,0.47915245343604007,306966275955.0,0.9507506901891196,0.0004542686719348765,-0.0016190897666895632,0.021747533309889544
2026-01-06,292404752057.0,14,0.47877720396357765,307516239089.0,0.9508595478509787,0.0019063093387625685,0.0006614204880668328,0.021036494109254233
2026-01-07,292091842176.0,14,0.4784968188400993,307093052478.0,0.95115092907198,-0.0010701258402907587,-0.0004386584565494456,0.019987865514267344
2026-01-08,291762606288.0,14,0.47886417055834585,306835741530.0,0.9508755558696012,-0.0011271656392294327,-0.0029472310207794283,0.019641595437551063
2026-01-09,291102830999.0,14,0.47687970134103835,306478333516.0,0.9498316819312863,-0.002261342868416616,-0.00690087383793625,0.014824578512310893
2026-01-10,291382556470.0,14,0.4787776032648532,306796599653.0,0.9497581029241069,0.0009609163539909815,-0.005407807078540827,0.016835085550228612
2026-01-11,291512669717.0,14,0.47875085595932304,306657570177.0,0.9506129900812216,0.00044653752982437567,-0.007832176134500157,0.016925090300800028
2026-01-12,291438601151.0,14,0.4784660454770706,306657725856.0,0.9503709725149837,-0.00025408352258549094,-0.007916548947900393,0.015373803947507536
2026-01-13,290763899137.0,14,0.4795173750484745,306118860970.0,0.9498398700937777,-0.002315074294672481,-0.010061721802871793,0.010252516906922526
2026-01-14,291560537725.0,14,0.4780974771558235,307633929751.0,0.9477515629078695,0.002739812577711609,-0.007072776846714257,0.009905499557085529
2026-01-15,292460818787.0,14,0.47645940988925306,308538235246.0,0.9478916561307827,0.0030878014872133264,-0.003569399974991838,0.013251604764710878
2026-01-16,293358320962.0,14,0.47472012640121025,309403751027.0,0.9481408030389399,0.0030687945780991654,-0.00025473091582051133,0.015643019805952285
2026-01-17,293890880570.0,14,0.47381101703967454,309974702522.0,0.9481124691107382,0.0018153894740520204,0.0012766747467216621,0.017640881416213006
2026-01-18,293959594241.0,14,0.47343611997851087,310256575678.0,0.9474725671764204,0.00023380674781980915,0.0037930890847353016,0.016821269264197358
2026-01-19,294021408450.0,14,0.47408038424199983,310072150521.0,0.9482354605402946,0.0002102813114830404,0.004111708239808776,0.01728295368883148
2026-01-20,293979582017.0,14,0.47371039084379757,309868486136.0,0.9487237172223237,-0.00014225642010390338,0.0026715057451351942,0.013026847511653283
2026-01-21,291892810082.0,14,0.4771107516255429,308173391931.0,0.9471707088435292,-0.007098356697708752,-0.004302773212788158,0.007893499124898451
2026-01-22,291240100275.0,14,0.47830089421490607,307646494550.0,0.9466712783482291,-0.00223612841582721,-0.006848924753451668,0.0057564611817251254
2026-01-23,290642368925.0,14,0.47926717261035284,307354091568.0,0.9456271346259184,-0.0020523662415842248,-0.007989824508362497,0.00216168194081634
2026-01-24,291003328919.0,14,0.47687288254091215,307765264261.0,0.945536623886882,0.0012419386593052195,-0.005195297369198881,0.004047482971349936
2026-01-25,291024428240.0,14,0.47619532385441166,307740915590.0,0.945679997351177,7.250542829995155e-05,-0.005293661118641491,0.0045765795348091665
2026-01-26,291031412246.0,14,0.4758280077977095,307686134442.0,0.9458710668707775,2.3998006085657053e-05,-0.004870032650143408,0.005912165744341946
2026-01-27,290350100439.0,14,0.4759215028002254,307124760223.0,0.94538161048357,-0.0023410249833241137,-0.006827675452150683,0.0027283823504933302
2026-01-28,289765177299.0,14,0.4765154077326056,307059338862.0,0.943678112422523,-0.002014544300537935,-0.008679940638555816,0.002436091798800888
2026-01-29,289463114723.0,14,0.47667784508706595,306746948022.0,0.9436544245657486,-0.001042439187536659,-0.009718036286358256,0.0019895068580675357
2026-01-30,288047806068.0,14,0.47742812548767344,305422453438.0,0.9431127372122724,-0.004889426607443181,-0.01397140491899096,-0.0021702595928528856
2026-01-31,287398496729.0,14,0.47810711197780276,304364181496.0,0.9442586026923048,-0.002254172138518973,-0.013248232533622284,-0.004814094676269476
2026-02-01,287181927894.0,14,0.4778828204216992,303754017728.0,0.9454424011970117,-0.0007535489484630231,-0.01291904643265751,-0.005390882755660464
2026-02-02,287354913245.0,14,0.4779753426720296,304080869681.0,0.9449950388081085,0.0006023545850135648,-0.01493102732465068,-0.0045784336811446336
2026-02-03,287630593715.0,14,0.4772576076730595,304321740691.0,0.9451529590422929,0.0009593727383563344,-0.014004337402517053,-0.0006505862088843628
2026-02-04,287916150632.0,14,0.4759745047837705,304546421053.0,0.9453933152013438,0.0009927904862685466,-0.013473598327504721,-0.00020641755506189963
2026-02-05,288318013051.0,14,0.4768525122158497,304611706598.0,0.9465099561373621,0.001395761988752131,-0.01397630844659925,0.0018253464392110619
2026-02-06,287558391605.0,14,0.4770654173032541,303897405142.0,0.9462351001998014,-0.002634665236353584,-0.015520633980145027,-0.0026377248855324886
2026-02-07,288259452756.0,14,0.4708123580023781,304238765262.0,0.9474777236482695,0.00243797841226967,-0.012006862622216952,0.0014409802754531409
2026-02-08,288496903282.0,14,0.4697661068528027,304780699505.0,0.9465720885559787,0.0008237389051071187,-0.008951914717067688,0.0024004907047638913
2026-02-09,289707293740.0,14,0.4708319814641442,305978440965.0,0.946822569676204,0.004195505893582752,-0.005749358335980115,0.005018874186805133
2026-02-10,289700979012.0,14,0.47092211905237247,305696913148.0,0.9476738774648479,-2.1796924469796863e-05,-0.006214792333927632,0.004828630156377578
2026-02-11,289793035728.0,14,0.4703881498050572,305274802454.0,0.9492858021639934,0.0003177646009826507,-0.005646353696802886,0.00274733441922681
2026-02-12,289603046468.0,14,0.4696243705174157,305171069519.0,0.9489859144396035,-0.000655603263628235,-0.003992423655224897,0.003872619561708923
2026-02-13,289382094516.0,14,0.46984125089182305,304960208545.0,0.9489175518887367,-0.0007629476094769272,-0.0074716668654751794,0.0053242177186785256
2026-02-14,289602717339.0,14,0.4690863427674085,305831313145.0,0.9469361209644817,0.0007623927920246132,-0.009772596068950867,0.006657857699512881
2026-02-15,289670755004.0,14,0.4688800366337376,305940642927.0,0.9468201159305201,0.00023493448412770235,-0.012570176792352394,0.0073122591333156794
2026-02-16,289787485801.0,14,0.4685749217949846,306080924594.0,0.9467675458226861,0.00040297750112316955,-0.013962307238120086,0.00810794289450878
2026-02-17,289854933102.0,14,0.4683173789053937,306313886193.0,0.9462676886916264,0.00023274745910284445,-0.013963351492568887,0.008602405119177758
2026-02-18,289627938199.0,14,0.4686814855813168,305928354091.0,0.9467181917791401,-0.0007831327918788045,-0.014942688269405813,0.009402777953472441
2026-02-19,289729208289.0,14,0.46849074177284344,306185981662.0,0.9462523617715238,0.00034965580540924357,-0.014458057593109364,0.009824462948736956
2026-02-20,289872200665.0,14,0.46829075305871026,306194378869.0,0.9466934100348616,0.0004935380069011064,-0.006922436412299282,0.011554664223095479
2026-02-21,289512512447.0,14,0.46587143677790344,305746368463.0,0.9469041738823971,-0.0012408510273659301,-0.005931833653294083,0.009709696266214873
2026-02-22,289451992055.0,14,0.4659811207680829,305676667628.0,0.9469221000775074,-0.00020904240541619323,-0.004095675638768226,0.010309102271298887
2026-02-23,290428092555.0,14,0.4671745625664668,306838139296.0,0.9465188819791089,0.0033722362491619418,-0.0019767346515823236,0.010029388660385274
2026-02-24,290448678154.0,14,0.46764525720045363,306646051361.0,0.9471789278384296,7.088019212919683e-05,-0.001978356557495564,0.008126419021566411
2026-02-25,290602056505.0,14,0.4676310871724231,306889263532.0,0.9469280650631113,0.0005280738475892388,-0.0014752900303320882,0.005391760867262896
2026-02-26,291219017383.0,14,0.46658917492710145,307519496151.0,0.9469936736629015,0.002123043743805564,0.002992652465717116,0.006588316966234187
2026-02-27,290999880341.0,14,0.4662339073858143,307024006277.0,0.9478082312510023,-0.0007524819085279466,0.004261047008854213,0.0040391625874198755
2026-02-28,291078198874.0,14,0.4664119159669406,307311314610.0,0.9471769669248886,0.00026913596290212283,0.005579585338689963,0.004223291351978631
2026-03-01,291266513152.0,14,0.4653844301730511,307603172429.0,0.9468904720715429,0.0006469542505362913,0.0111742114197535,0.0053514369355276425
2026-03-02,291081132255.0,14,0.4664579183666626,307221371341.0,0.9474638140714333,-0.000636464847928675,0.012813690982776738,0.001728298901817693
2026-03-03,291866692053.0,14,0.4653794672963586,308327969928.0,0.9466111430667675,0.002698765776793177,0.016312879411858994,0.002887149126014288
2026-03-04,291857662721.0,14,0.466297959709178,308582242430.0,0.9458018725338874,-3.093649342611471e-05,0.015669644987628795,0.0002950549767419819
2026-03-05,292702422604.0,14,0.4656091141563653,309533011261.0,0.9456258685028966,0.0028944242036486045,0.017633134304292586,0.002206204577487103
2026-03-06,293863010885.0,14,0.46293051231525295,310568025020.0,0.9462114165361221,0.0039650791772576355,0.02065483384640343,0.005272674336981309
2026-03-07,293957416811.0,14,0.4626899645484835,310751427889.0,0.9459567693957667,0.0003212582819309695,0.01955966503904305,0.005974917301472038
2026-03-08,294023119768.0,14,0.4623532133943846,310772525571.0,0.9461039685788654,0.00022351181920421404,0.022481444992501487,0.006170325917581598
2026-03-09,294041135530.0,14,0.46202422570406376,310931795185.0,0.9456772838398521,6.127328359140094e-05,0.020057218310526537,0.004839283909422676
2026-03-10,295261538901.0,14,0.46086113657643624,311967750925.0,0.9464489134711352,0.004150451156435198,0.02344786215049144,0.007286584144750474
2026-03-11,295535016225.0,14,0.4598817343318543,312282784885.0,0.9463698626033213,0.0009262206145030927,0.02011589839443295,0.00876601342662986
2026-03-12,295738125335.0,14,0.4596697901861337,312592954483.0,0.9460805852906176,0.0006872590347986041,0.020839233417812908,0.006549226599800395
2026-03-13,296002149140.0,14,0.4592381257666938,313216665638.0,0.9450395895667453,0.000892762151315285,0.021426027014078697,0.007618182621934588
2026-03-14,296442672080.0,14,0.45853550548655203,313674688795.0,0.9450640509720506,0.00148824237013101,0.02361724331085635,0.009272297056247769
2026-03-15,296426851318.0,14,0.45863465328809944,313630124596.0,0.9451478926006861,-5.336870663386062e-05,0.024344135091642682,0.009499751385648958
2026-03-16,296391987530.0,14,0.4586693373055052,313599619287.0,0.9451286586504051,-0.0001176134612805857,0.02344339256683381,0.009824314935722
2026-03-17,296427106251.0,14,0.45891184657928713,313665530287.0,0.9450420196945866,0.00011848741692599418,0.023324243577528936,0.010203481295280481
2026-03-18,296736535600.0,14,0.4586262328420799,313799968208.0,0.9456232175374548,0.0010438632043925367,0.02397981327520804,0.010971728912364753
2026-03-19,296079182281.0,14,0.4571207274407439,313333859587.0,0.9449319734268645,-0.002215275977630604,0.021473669992049693,0.011030913152876964
2026-03-20,296647314660.0,14,0.458655469224434,313677792409.0,0.9457070976615577,0.001918852837349494,0.02423584031516013,0.01307943335921613
2026-03-21,296517646696.0,14,0.45876276946570577,313842589982.0,0.9447973479730917,-0.0004371115381530677,0.023430286670402367,0.01132804276009125
2026-03-22,296758873621.0,14,0.4581692974010927,313841743583.0,0.9455685219978324,0.0008135331157788084,0.023757617806057896,0.012296217251524855
2026-03-23,296602958022.0,14,0.4583902628142429,313806377050.0,0.9451782363707066,-0.0005253949009090819,0.024490981460768557,0.011438831406494154
2026-03-24,296140627246.0,14,0.45921406781720653,313242913604.0,0.9454024796244214,-0.0015587530855498688,0.02310792592413402,0.010776634841963784
2026-03-25,296098910682.0,14,0.45955236715483166,313364079656.0,0.9449038032918352,-0.00014086741285024296,0.019525721761664894,0.012224120887295076
2026-03-26,296070045144.0,14,0.4595897027357409,313476621299.0,0.9444724902199413,-9.748613371629578e-05,0.01935408012777895,0.011951994678461642
2026-03-27,295256369356.0,14,0.46101215208063634,312983328639.0,0.943361330585609,-0.002748254345029233,0.01601610431452638,0.009576454065781892
2026-03-28,294783182528.0,14,0.4617523832904487,312842356158.0,0.9422738856343376,-0.0016026303819697274,0.012238778830547803,0.008336136912944658
2026-03-29,294716242685.0,14,0.4618669346185782,312768581170.0,0.9422821230397564,-0.00022708162123064035,0.012771009869987138,0.008258224527120328
2026-03-30,295018934331.0,14,0.4608180358128439,312894474600.0,0.9428703869192582,0.0010270612954423886,0.013538408139957658,0.009288972453646238
2026-03-31,295050586530.0,14,0.46045903680767974,313170485799.0,0.9421404631321811,0.00010728870359377751,0.012991790017499394,0.010000108264402341
2026-04-01,295286903588.0,14,0.4593674390727517,313936912652.0,0.940593130936872,0.0008009374283211024,0.014448794054145564,0.013835762334840407
2026-04-02,295301145470.0,14,0.45912917126909913,314163658962.0,0.9399595944536617,4.8230659155379385e-05,0.011767198897695286,0.014987741037955749
2026-04-03,295427464802.0,14,0.4580007168225263,314436464431.0,0.9395458167887798,0.00042776444974146344,0.012231311824122182,0.012742138167191275
2026-04-04,295808196667.0,14,0.4581510107259344,314835669426.0,0.9395637959520585,0.001288749051328697,0.010610687931345897,0.014028428295229656
2026-04-05,295768873788.0,14,0.45816077803602323,314762562027.0,0.9396570922644519,-0.00013293370313283148,0.00648554881834329,0.013433258760622513
2026-04-06,295817084497.0,14,0.45809281336315927,314778032679.0,0.9397640679667894,0.00016300129348478798,0.006326316601141135,0.01166989392612483
2026-04-07,295578006758.0,14,0.45908231813498257,314297465901.0,0.9404403115712794,-0.0008081944942649466,0.00528831539243213,0.011935165857523078
2026-04-08,296244243392.0,14,0.4592049138057101,315000454667.0,0.940456558087105,0.0022540128790620173,0.007492515827858481,0.015360560289128244
2026-04-09,296203453319.0,14,0.4578956929317565,315025048716.0,0.9402536545150479,-0.00013769068567526244,0.003190101973680415,0.017521720082541936
2026-04-10,296428567115.0,14,0.45765506318376936,315441105957.0,0.9397271361184242,0.0007599972028602409,0.0030235026001781407,0.017317476743051063
2026-04-11,297017213939.0,14,0.45714520371020906,316150489820.0,0.9394804800337538,0.0019857965435956526,0.00432507172536889,0.018882692911233567
2026-04-12,297098059230.0,14,0.45722083246896067,316231256277.0,0.939496186201656,0.0002721905910025857,0.00370237207122992,0.019419040774450114
2026-04-13,297154503815.0,14,0.4572240281778821,316326120350.0,0.9393928755747786,0.0001899863807468538,0.002401245846306077,0.021978673064185772
2026-04-14,297251475996.0,14,0.45824438930151357,316465721743.0,0.9392849069366073,0.00032633589514885486,0.002781882526274204,0.01951889070930335
2026-04-15,298293272701.0,14,0.4583546549541612,317511375242.0,0.9394727117214229,0.0035047654566195963,0.006414765752760232,0.019942684760955176
2026-04-16,298061774320.0,14,0.45867586141545225,317557894914.0,0.9386060907121208,-0.0007760764394846298,0.00551457014061274,0.016033134299978657
2026-04-17,298685198613.0,14,0.45839680538464045,318060241864.0,0.9390837310018628,0.002091594248951445,0.0065669803991605935,0.01631325896775504
2026-04-18,299402205366.0,14,0.45929419767697127,318903438024.0,0.9388490987151654,0.0024005433022109557,0.011223426988008267,0.018514827315137428
2026-04-19,299358536342.0,14,0.4603837733347193,319068967627.0,0.9382251698383842,-0.0001458540492266236,0.009139545676007277,0.0181521744288482
2026-04-20,298689714127.0,14,0.46325985881688914,318145348571.0,0.9388467110036716,-0.002234184543967399,0.007325255192069058,0.01602197022556351
2026-04-21,298802613047.0,14,0.46589535822905553,318203061257.0,0.9390312332842988,0.00037798060884020046,0.006886868793720025,0.023672398655721905
2026-04-22,299353466046.0,14,0.4678252432012841,318925512394.0,0.9386312929276704,0.0018435347448362283,0.009273366801001215,0.027857996763972492
2026-04-23,298955282248.0,14,0.469204711909834,318532544321.0,0.9385392091890269,-0.001330145941716987,0.009504454110789373,0.028601863361308988
2026-04-24,299315449448.0,14,0.4711777030781831,318264839250.0,0.9404603102037449,0.001204752755300742,0.010863055046678172,0.028563661315756494
2026-04-25,299086371870.0,14,0.4714959730920498,318090708254.0,0.9402549779328204,-0.0007653383025248983,0.010187882143000815,0.02770194817924887
2026-04-26,299177429508.0,14,0.471629116141741,318197287628.0,0.9402262091490992,0.0003044526483459986,0.013280188198996123,0.027990165044845527
2026-04-27,299237961144.0,14,0.4714247214206535,318179043089.0,0.9404703661148989,0.00020232688040522362,0.015112051433181284,0.03061084081445764
2026-04-28,299034637877.0,14,0.4716657027897202,317963997628.0,0.9404669714426402,-0.0006794701655588042,0.01465272206464574,0.031989560182502874
2026-04-29,299027767294.0,14,0.4713151038357918,318094222624.0,0.9400603532729442,-2.297587680399893e-05,0.013588392121646864,0.03304273354535292
2026-04-30,298115177816.0,14,0.47327081723828535,317297326439.0,0.9395451930267438,-0.00305185530513874,0.010386663934621287,0.03495035037907335
2026-05-01,298604139346.0,14,0.4715839136043809,317984250383.0,0.9390532360843111,0.001640176570619989,0.011233941355653254,0.03898991381143602
2026-05-02,298867184555.0,14,0.4709670089133581,318213568649.0,0.9392031453085532,0.0008809161506471153,0.012075940576946609,0.0406893872002736
2026-05-03,299198637843.0,14,0.46997533083683934,318282689565.0,0.9400405603330726,0.001109032055471415,0.012765140314653811,0.04121636363983794
2026-05-04,299260988513.0,14,0.4698047413336167,318625653870.0,0.9392243997876554,0.00020839222547763825,0.01167240084928034,0.040435179887449824
2026-05-05,299724506407.0,14,0.4692479588730322,319158807111.0,0.9391077411276294,0.0015488751016401459,0.013374066609305624,0.04101317605518018
2026-05-06,300139515185.0,14,0.4685868749779398,320048955023.0,0.9377925172835848,0.0013846341194285738,0.014611835876044088,0.04100160794292429
2026-05-07,300354736533.0,14,0.4683938526528034,320318535922.0,0.937675166591479,0.0007170710190136376,0.01616064005367912,0.04449998783404485
2026-05-08,300609875793.0,14,0.4680388980288268,320580511551.0,0.9377047729402511,0.0008494597519754787,0.014736598257618194,0.042844815387386825
2026-05-09,299369720343.0,14,0.4709003017222113,319224960721.0,0.937801729748341,-0.004125464763020559,0.010689500708116473,0.037687812026086176
2026-05-10,300099355985.0,14,0.4686476248584232,319962236474.0,0.9379211724861973,0.002437239281127157,0.012383384319959667,0.03587090304438956
2026-05-11,300261313129.0,14,0.4681707485645057,320244557993.0,0.9376000485715146,0.0005396784123992138,0.01092225984809847,0.03645253168634466
2026-05-12,300707742807.0,14,0.4667135512575411,320452357591.0,0.9383851785880744,0.0014868038554409768,0.012149805307901884,0.03766380048292306
2026-05-13,300323245104.0,14,0.4672234998208509,320207244206.0,0.9379027193738066,-0.001278642509869754,0.01066361521807102,0.0370168710817913
2026-05-14,299944429883.0,14,0.4680125352301799,319777082017.0,0.937979757620824,-0.0012613583103393555,0.009059513928321827,0.03649961613784636
2026-05-15,300020009770.0,14,0.46757034699529704,319893061516.0,0.9378759525079414,0.0002519796317921319,0.005788722800768031,0.035970976124529486
2026-05-16,300111805056.0,14,0.46771909334946,320573242931.0,0.9361723464880564,0.0003059638791105268,0.006877872013870023,0.03604454323273276
2026-05-17,300203056200.0,14,0.46734378722732584,320869531836.0,0.9355922779026496,0.0003040571629062683,0.005081797136411437,0.035942098638974684
2026-05-18,300201511971.0,14,0.4672995974748323,320771166041.0,0.9358743670016436,-5.143948297980927e-06,0.002669675074780775,0.03569571426048168
2026-05-19,300353644633.0,14,0.4670630160663644,320526923818.0,0.9370621383542348,0.0005067684736201894,0.0033241353433901555,0.03703270651545543
2026-05-20,299960819840.0,14,0.4696820070448053,320016587314.0,0.9373289752186461,-0.0013078742343213268,0.00425560591102081,0.03531439447000495
2026-05-21,299296797333.0,14,0.4689636696772752,319515611314.0,0.9367204190810877,-0.0022136974667364973,0.0016538820760656492,0.032512937240545714
2026-05-22,300078044889.0,14,0.46790603577339607,320278677461.0,0.9369279505830986,0.0026102770325697744,0.002420479216661775,0.03649421696042987
2026-05-23,300176801979.0,14,0.46638248475163485,320342139219.0,0.9370506256555461,0.000329104683538306,0.004085961357881862,0.037052119931384464
2026-05-24,300078276433.0,14,0.46653657012503413,320278897788.0,0.9369280289943696,-0.0003282250505383111,0.002548572037984753,0.03322744639853492
2026-05-25,299961365656.0,14,0.46646689872703967,320015527739.0,0.9373337843176288,-0.00038960093476181346,0.0029255555193945515,0.032751698380793615
2026-05-26,300033697169.0,14,0.4664634408366957,320169136872.0,0.937109991613433,0.00024113609711640116,0.002862073059482162,0.03245551933607094
2026-05-27,299835711672.0,14,0.46680482731400036,319828193570.0,0.9374899327203176,-0.0006598775366504217,0.001997575861413914,0.02958836399639253
2026-05-28,299239456129.0,14,0.467786266957347,319212213859.0,0.9374310979879291,-0.0019886074933337383,0.000684931529852495,0.028314705072540525
2026-05-29,298353185570.0,14,0.46822534055857956,318262731668.0,0.9374430490379599,-0.002961743649934734,-0.0022559166665507835,0.024993237982584793
2026-05-30,297593760999.0,14,0.4682396421035625,317829817201.0,0.9363305294002594,-0.002545387841423996,-0.0017490448517915036,0.02172322447413677
2026-05-31,297398979919.0,14,0.46851429546959855,317595249365.0,0.9364087797711697,-0.0006545200388143879,-0.004035976961469845,0.021704765317682284
2026-06-01,297137904032.0,14,0.46829602920344426,317385185706.0,0.9362059649099204,-0.0008778640971502938,-0.0057861170860054045,0.01806034097937692
2026-06-02,297323051191.0,14,0.4679562333526106,317385503661.0,0.9367883780494627,0.0006231017870410582,-0.0062687005045263255,0.018726212013917998
2026-06-03,297051199980.0,14,0.46819953681497917,316700365315.0,0.9379566066636635,-0.000914329413447823,-0.007384151686393281,0.01485733304600445
2026-06-04,296406395062.0,14,0.4679415282254732,315966148155.0,0.9380954155778587,-0.0021706861242890563,-0.011070537357043109,0.00865499937995029
2026-06-05,295502624680.0,14,0.46888546054396424,314653438925.0,0.9391368029841722,-0.003049092047460622,-0.015449117061916762,0.005256570443988862
2026-06-06,295160477050.0,14,0.4700732146348926,314085491653.0,0.9397456580900965,-0.0011578497157868073,-0.017293749194560504,0.003868257989022794
2026-06-07,294671243088.0,14,0.46986681027934957,313614178479.0,0.9395979624299147,-0.0016575185366607403,-0.019755281456851903,0.0021429231555110118
2026-06-08,294598207729.0,14,0.47050366456266796,313741131602.0,0.9389849721799182,-0.000247853703790768,-0.0159385278128098,-0.0022465884803994918
2026-06-09,295092140093.0,14,0.4694671848061479,314197547302.0,0.9391930097066089,0.0016766305803679327,-0.016685193727141057,-0.0014985572188942475
2026-06-10,293968424128.0,14,0.4713936709762564,313220496690.0,0.9385350806685742,-0.003808017267575625,-0.02095804129883494,-0.005984014421526962
2026-06-11,293750240951.0,14,0.4717683654343059,313127388561.0,0.9381173659096091,-0.0007421993625580381,-0.02313708915857704,-0.007607742698972464
2026-06-12,293447851026.0,14,0.47247023268009614,312983506664.0,0.9375824756830644,-0.001029411666254365,-0.022893313088765743,-0.010102530222746764
2026-06-13,293201195702.0,14,0.4718903482172647,312589097831.0,0.9379763969264149,-0.0008405422739938828,-0.022481611622627407,-0.010881792933594925
2026-06-14,293196952699.0,14,0.47185388808573814,312647643357.0,0.9377871828837359,-1.4471301830298877e-05,-0.0227420066955889,-0.010779761145454758
2026-06-15,293166843916.0,14,0.47174365286291586,312549837466.0,0.9379843108953511,-0.00010269132309470574,-0.023141246105610858,-0.010998529710165461
2026-06-16,293528638441.0,14,0.4708343730976108,313001115638.0,0.9377878345343638,0.001234090868419191,-0.022233010694446054,-0.010810590453627977
2026-06-17,293375029304.0,14,0.4715714832876491,312879379112.0,0.9376617600579611,-0.0005233190799229792,-0.02273966783904624,-0.009133208745603638
2026-06-18,293245346762.0,14,0.47154438091523354,312533566610.0,0.9382843255615192,-0.0004420367415306492,-0.023666427885986163,-0.011468055599623828
2026-06-19,293241237349.0,14,0.47113891486813386,312708910963.0,0.9377450627996226,-1.4013565928228111e-05,-0.022401533955615394,-0.01104962683842925
2026-06-20,293385700176.0,14,0.47069187469752816,312737430016.0,0.9381214783308479,0.0004926415817434471,-0.019749951251310183,-0.01136671467929884
2026-06-21,293446541294.0,14,0.47044756097070206,312796350957.0,0.9381392730324402,0.00020737588084052128,-0.022099262868274905,-0.010641892275955911
2026-06-22,293475071439.0,14,0.4703886373060184,312864922392.0,0.9380248485360537,9.722433556103027e-05,-0.022325944229590555,-0.009000979810803722
2026-06-23,293387757239.0,14,0.4696077823479241,312899232529.0,0.9376429429618635,-0.000297518285188092,-0.022295913164823267,-0.00915624254326175
2026-06-24,293014046387.0,14,0.47017483535165333,312266306496.0,0.9383466621005856,-0.0012737779364649926,-0.023160713559916557,-0.01032187756621461
2026-06-25,292587542738.0,14,0.47102390761254587,311901110370.0,0.9380779131914958,-0.0014555740731851952,-0.02481772714618058,-0.009039014548004931
2026-06-26,292504413914.0,14,0.4711860793303376,312009003058.0,0.9374870950747076,-0.0002841160741913207,-0.024451049266672853,-0.007730320958128423
2026-06-27,291481841977.0,14,0.46962305648196156,310598993822.0,0.9384506961540391,-0.0034959196796963132,-0.025924436076557145,-0.010974626571420454
2026-06-28,291477104550.0,14,0.4696179635650917,310593069864.0,0.9384533424317215,-1.625290607421004e-05,-0.023046782647429542,-0.012005432088728951
2026-06-29,291374856946.0,14,0.4697430212816832,310252129042.0,0.9391550602592497,-0.00035079120247838436,-0.0208972931157011,-0.012457963996035826
2026-06-30,290721610602.0,14,0.47091655505824975,309582693182.0,0.9390757849344252,-0.002241944795260964,-0.02245256294698339,-0.015460533232349971
2026-07-01,289935243890.0,14,0.4715143338671698,308836886461.0,0.9387973282997499,-0.00270487876828851,-0.024240125693369308,-0.018170947394936965
2026-07-02,290072894694.0,14,0.4709190565139869,308981113751.0,0.9388046122707757,0.00047476395816237194,-0.024384777661730972,-0.018124821643068056
2026-07-03,289780839878.0,14,0.4701948381337796,308769351269.0,0.9385026029527872,-0.001006832493977372,-0.024475107666589113,-0.020375895113498688
2026-07-04,289594822997.0,14,0.4703223198896476,308612218184.0,0.9383776983979892,-0.0006419226373914899,-0.022980516542415397,-0.02087457923454583
2026-07-05,289553981868.0,14,0.4703924497581833,308517464362.0,0.9385335201907755,-0.00014102851900921198,-0.020130592134136815,-0.021172214037771475
2026-07-06,289586878072.0,14,0.470472696550329,309508945312.0,0.9356333070764156,0.00011360991752829008,-0.01888328354021407,-0.02026919645244496
2026-07-07,289280896964.8104,14,0.47165674936710766,309209758667.0,0.9355490532119598,-0.0010566124723148107,-0.01829274572809203,-0.023505423590545305
2026-07-08,286952923428.0,13,0.4743899748636635,308508520312.0,0.9301296545644818,-0.00804744993961215,-0.02595156419971456,-0.031230324249587715
2026-07-09,286972789182.0,13,0.4756050808917119,308512318968.0,0.9301825941406439,6.923001084180314e-05,-0.02751462952703909,-0.03189901035864606
2026-07-10,287733542577.0,13,0.4769801507134336,309398253870.0,0.9299779135078672,0.002650960034115135,-0.0212093580101147,-0.031256341135523
2026-07-11,287539142626.0,13,0.4775787616912226,309772466656.0,0.9282269200035459,-0.0006756249176196327,-0.02114414716696711,-0.032174281544531835
2026-07-12,287554217291.0,13,0.4776332786737199,309700189000.0,0.9284922241071025,5.2426479617118105e-05,-0.020084092333250037,-0.03230739026582907
2026-07-13,287598006688.0,13,0.47756079377003835,309442073674.0,0.9294082193586483,0.00015228222841767725,-0.01911038937131382,-0.03247576576585243
2026-07-14,286172234854.0,13,0.481768223826351,308181600885.0,0.9285831277149704,-0.004957516397346762,-0.023959041116677904,-0.04063463361827058
2026-07-15,286259910395.0,13,0.4814413822356585,308457186205.0,0.9280377413698907,0.0003063733315873396,-0.02355973625373209,-0.03959536224302784
2026-07-16,286088505034.0,13,0.48155088814283664,307747602686.0,0.9296205804270744,-0.0005987752904815791,-0.02534721465856382,-0.042173812554137546
2026-07-17,286298970817.0,13,0.48083843592313597,307975010890.0,0.9296175361424305,0.0007356666880935503,-0.024119498185606214,-0.043764656085221953
2026-07-18,286546887587.0,13,0.48029525416351737,308229304948.0,0.9296549127129299,0.0008659366441050587,-0.022842507985085025,-0.04279700492777472
2026-07-19,286641864798.0,13,0.47998533926265385,308275467471.0,0.9298237941199939,0.0003314543452199725,-0.02250492669673798,-0.040335668619232656
2026-07-20,286605429199.0,13,0.4800983599618261,308104502651.0,0.9302214889200996,-0.00012711192423231488,-0.02311043439722038,-0.040820204762002654
2026-07-21,286612041706.0,13,0.48001512338168295,307857764183.0,0.9309885117454082,2.307181346306031e-05,-0.02329044178834816,-0.042563142856819614
2026-07-22,286572480265.0,13,0.4804224690324528,308043640914.0,0.9302983155721292,-0.00013803132891598846,-0.023520195906774788,-0.041420248171857965
2026-07-23,286245697886.0,13,0.4780912996666665,307677532480.0,0.9303431926886208,-0.001140313189521236,-0.024343413031996164,-0.043665475958903355
2026-07-24,286926856188.0,13,0.4797300899494283,308517671916.0,0.9300175721088725,0.0023796280853494167,-0.020774397248384147,-0.04065553240013631
2026-07-25,286895803425.0,13,0.4807338331876638,308553827670.0,0.9298079547139393,-0.00010822536242360847,-0.019453115671765664,-0.041051312270438456
2026-07-26,286787891069.0,13,0.48094712565166864,308388520099.0,0.9299564425320836,-0.0003761377988514836,-0.019543372930709846,-0.0416059180038616
2026-07-27,286350923329.0,13,0.4806790213556499,307989117716.0,0.9297436398160249,-0.001523661750052252,-0.017602875751021485,-0.04241553633401196
2026-07-28,285224053116.0,13,0.4827815278277821,306890216469.0,0.9294009317003151,-0.0039352770366495315,-0.02145297636208454,-0.046161981219718595
2026-07-29,285044341801.0,13,0.4829583539333715,306637281491.0,0.9295814925536582,-0.0006300706866644301,-0.02172636037080311,-0.04384491964064796
2026-07-30,284721904568.0,13,0.48380577046870965,306371417866.0,0.9293357276968016,-0.001131182716916035,-0.02063728947282717,-0.046490429799147304
2026-07-31,283965672754.0,13,0.483226158453251,305619033097.0,0.9291491759411219,-0.0026560366514385425,-0.02058932558838833,-0.04985997985422086
2026-08-01,283962668358.0,13,0.48351215393948893,305645473964.0,0.9290589671595991,-1.0580137982385551e-05,-0.02106445120439715,-0.05092258973784114
2026-08-02,283913473804.0,13,0.4832480403140046,305556485967.0,0.9291685395107684,-0.0001732430332637147,-0.02024759841427126,-0.051284715676641945
2026-08-03,283775179991.0,13,0.4834485033588023,305446271753.0,0.9290510516378986,-0.00048709844991534634,-0.020095811609381897,-0.053213287786158525
2026-08-04,283991804344.0,13,0.48241161344329286,305705479160.0,0.9289719148127028,0.0007633661020207683,-0.01920946653234301,-0.0538006827626375
2026-08-05,284254443980.0,13,0.4816720664072939,305903897570.0,0.9292279249725939,0.0009248141389386344,-0.01841393549149073,-0.05360425721547113
2026-08-06,284197481819.0,13,0.48242159153008535,306071343797.0,0.9285334533228706,-0.00020039145282102488,-0.017572591896480416,-0.05459698864085749
2026-08-07,284280777456.0,13,0.48220818140575916,306216138352.0,0.9283664113392189,0.0002930906933689137,-0.00931214061204877,-0.05040236824790423
2026-08-08,284405215397.0,13,0.4811159270227623,306253093163.0,0.928660711503829,0.0004377290019872415,-0.008947098407199983,-0.05229648206504134
2026-08-09,284412049940.0,13,0.4810910808201485,306249800069.0,0.9286930142515037,2.403100446124462e-05,-0.011543640714433367,-0.052784899339298974
2026-08-10,284476333572.0,13,0.4809893219150793,306322630356.0,0.9286820671440082,0.0002260228848023349,-0.010651798659578549,-0.0539773571624248
2026-08-11,283308159399.0,13,0.4800056327554466,305406292577.0,0.9276434909328904,-0.0041064019573506805,-0.014766112394390851,-0.05665590653533259
2026-08-12,284273403571.0,13,0.48118239851273076,306390571865.0,0.9278138091542023,0.003407046849789319,-0.011559896242976042,-0.05224643217449587
2026-08-13,284208534662.0,13,0.4812759430606413,306412200055.0,0.9275366144395866,-0.0002281919735899196,-0.006861952184151754,-0.052701401883565424
2026-08-14,284144808512.0,13,0.48129468918712837,306348733852.0,0.9275207536822172,-0.00022422321017134816,-0.0073887464021121785,-0.053203493748007036
2026-08-15,284267362170.0,13,0.4811164033278925,306505695708.0,0.927445610801354,0.0004313070460155721,-0.006365662485403156,-0.05308305062485241
2026-08-16,284113300478.0,13,0.4811242043785981,306360955715.0,0.9273809053602233,-0.0005419605361092206,-0.007634223527813733,-0.05359137396534552
2026-08-17,284134744945.0,13,0.4810804187993888,306408221956.0,0.9273078350547707,7.54785747936193e-05,-0.008417968390138753,-0.05399934369971693
2026-08-18,284174909450.0,13,0.48083371225060967,306488148866.0,0.9271970563998688,0.00014135724586505916,-0.008606402800716118,-0.05262657435867879
2026-08-19,284180029441.0,13,0.4806244884688971,306493718155.0,0.9271969133712701,1.80170410184477e-05,-0.00846250458261888,-0.05050761660901093
2026-08-20,284793794414.0,13,0.47952069181178614,307187330312.0,0.9271013688121329,0.0021597751756423644,-0.0063439319617460965,-0.05093425105676663
2026-08-21,285362832049.0,13,0.47841905881778335,307734935324.0,0.9273007360979493,0.0019980689402692153,-0.004221089948628021,-0.0493508153605966
2026-08-22,286371244240.54834,13,0.4768510847679164,308507849087.0,0.9282462183313557,0.0035337895419231824,0.00043859647664756807,-0.04567818888919839
