asset_id,date,price_usd,market_cap_usd,log_market_cap_usd,daily_log_return,forward_log_return_7d,realized_volatility_30d_annualized,va_burn_effective,va_protocol_effective,h2_active_capture,active_addresses_lag1,transaction_count_lag1,log1p_active_addresses_lag1,log1p_transaction_count_lag1,active_addresses_x_capture,transaction_count_x_capture,fee_scope,economic_system,application_protocol_scope,fees_usd_lag1,protocol_revenue_usd_lag1,holders_revenue_usd_lag1,log1p_fees_usd_lag1,log1p_protocol_revenue_usd_lag1,log1p_holders_revenue_usd_lag1,fees_x_capture,fees_x_application_scope,h2_exploratory_level_eligible,h2_exploratory_forward_return_eligible,h2_fee_level_eligible,h2_fee_forward_return_eligible
crypto_aave,2026-05-25,86.42,1302676969.0,20.98768719107649,,-0.0663762033960563,,0,0,0,,,,,,,,,,,,,,,,,,0,0,0,0
crypto_aave,2026-05-26,86.35,1301618906.0,20.986874638963368,-0.0008103259110995904,-0.11395424282656284,,0,0,0,958.0,2200.0,6.8658910748834385,7.696667081526462,0.0,0.0,application_protocol,Aave,1,1084827.0,146422.0,0.0,13.896932007044605,11.894254971994972,0.0,0.0,13.896932007044605,1,1,1,1
crypto_aave,2026-05-27,85.1,1282709000.0,20.97224008469514,-0.014581769013359204,-0.12474020067932086,,0,0,0,1018.0,2976.0,6.926577033222725,7.998671361015776,0.0,0.0,application_protocol,Aave,1,1112926.0,158402.0,135368.0,13.922504039607112,11.972897697577054,11.815759661991432,0.0,13.922504039607112,1,1,1,1
crypto_aave,2026-05-28,80.9,1219490274.0,20.92169880018869,-0.05061321151488229,-0.12169984343808633,,0,0,0,1045.0,3319.0,6.952728644624869,8.107720061910534,0.0,0.0,application_protocol,Aave,1,1078736.0,148409.0,0.0,13.891301470322224,11.907733992889863,0.0,0.0,13.891301470322224,1,1,1,1
crypto_aave,2026-05-29,81.73,1231986567.0,20.931893798589204,0.010207307463592356,-0.21877893132515702,,0,0,0,1355.0,3478.0,7.212294468500341,8.154500175151941,0.0,0.0,application_protocol,Aave,1,1129159.0,146573.0,0.0,13.936984551425514,11.895285699363296,0.0,0.0,13.936984551425514,1,1,1,1
crypto_aave,2026-05-30,82.96,1250531135.0,20.94683420601278,0.014937432393233488,-0.31011109653017965,,0,0,0,1054.0,2695.0,6.961296045910167,7.899524472032198,0.0,0.0,application_protocol,Aave,1,1020363.0,138207.0,0.0,13.835669984345188,11.836515075760428,0.0,0.0,13.835669984345188,1,1,1,1
crypto_aave,2026-05-31,82.41,1242169266.0,20.940125096195892,-0.0066517751459796454,-0.2739835032512465,,0,0,0,870.0,1664.0,6.769641976852503,7.417580402414544,0.0,0.0,application_protocol,Aave,1,1042947.0,141913.0,0.0,13.857561876555964,11.86297651931035,0.0,0.0,13.857561876555964,1,1,1,1
crypto_aave,2026-06-01,80.87,1219002489.0,20.921298729281034,-0.018863861667561266,-0.24022945676165436,,0,0,0,766.0,1700.0,6.642486801367256,7.438971592395862,0.0,0.0,application_protocol,Aave,1,1029286.0,142696.0,0.0,13.844376887492214,11.868478780118501,0.0,0.0,13.844376887492214,1,1,1,1
crypto_aave,2026-06-02,77.05,1161418241.0,20.872907716823313,-0.048388365341606156,-0.21635290274589056,,0,0,0,1192.0,2850.0,7.084226422097916,7.955425088912672,0.0,0.0,application_protocol,Aave,1,1056087.0,139947.0,0.0,13.870082073109648,11.849026204023335,0.0,0.0,13.870082073109648,1,1,1,1
crypto_aave,2026-06-03,75.12,1132225537.0,20.84745103451473,-0.025367726866117234,-0.19728924589660612,,0,0,0,1563.0,4785.0,7.355001921105257,8.47345026846832,0.0,0.0,application_protocol,Aave,1,1657466.0,253729.0,0.0,14.320801091341695,12.444025988497863,0.0,0.0,14.320801091341695,1,1,1,1
crypto_aave,2026-06-04,71.63,1079657335.0,20.79990954533042,-0.0475728542736477,-0.12220786033028475,,0,0,0,1399.0,4302.0,7.24422751560335,8.3670677328386,0.0,0.0,application_protocol,Aave,1,1652381.0,200230.0,0.0,14.317728441199227,12.207226979030828,0.0,0.0,14.317728441199227,1,1,1,1
crypto_aave,2026-06-05,65.67,989863324.0,20.713077434996567,-0.08687178042347848,-0.019062837052330105,,0,0,0,1624.0,4230.0,7.393263094763838,8.350193650720067,0.0,0.0,application_protocol,Aave,1,2114890.0,249555.0,0.0,14.56451383249143,12.42743861788662,0.0,0.0,14.56451383249143,1,1,1,1
crypto_aave,2026-06-06,60.84,917033439.0,20.636654495204738,-0.07639473281178916,0.08367742316987253,,0,0,0,1946.0,7196.0,7.5740450053721995,8.881419551507804,0.0,0.0,application_protocol,Aave,1,6491668.0,702983.0,0.0,15.686030220488085,13.463089410932092,0.0,0.0,15.686030220488085,1,1,1,1
crypto_aave,2026-06-07,62.66,944413864.0,20.666075043288124,0.029475818132953465,0.057823157207022316,,0,0,0,1335.0,4883.0,7.197435354096591,8.493719835230594,0.0,0.0,application_protocol,Aave,1,3253766.0,362143.0,0.0,14.995323960017947,12.799797201765669,0.0,0.0,14.995323960017947,1,1,1,1
crypto_aave,2026-06-08,63.6,958711991.0,20.68110126553133,0.014890184822030954,0.13207593143884774,,0,0,0,1033.0,4264.0,6.9411900550683745,8.35819745992578,0.0,0.0,application_protocol,Aave,1,952578.0,126735.0,0.0,13.766928322176238,11.74986146170406,0.0,0.0,13.766928322176238,1,1,1,1
crypto_aave,2026-06-09,62.06,935431582.0,20.6565185657821,-0.024511811325842257,0.1873844518454032,,0,0,0,1122.0,3354.0,7.023758954738443,8.118207049405783,0.0,0.0,application_protocol,Aave,1,958780.0,128836.0,0.0,13.773417964908806,11.766303318479848,0.0,0.0,13.773417964908806,1,1,1,1
crypto_aave,2026-06-10,61.67,929603913.0,20.65026915339041,-0.006304070016832741,0.2027323393219551,,0,0,0,998.0,2932.0,6.906754778648554,7.983781068977451,0.0,0.0,application_protocol,Aave,1,987796.0,131928.0,0.0,13.803232490032014,11.79001917807194,0.0,0.0,13.803232490032014,1,1,1,1
crypto_aave,2026-06-11,63.39,955487147.0,20.677731869958105,0.027508531292673593,0.14893121364809803,,0,0,0,1199.0,3390.0,7.090076835776092,8.128880142125638,0.0,0.0,application_protocol,Aave,1,957059.0,127136.0,0.0,13.771621364394548,11.753020524176144,0.0,0.0,13.771621364394548,1,1,1,1
crypto_aave,2026-06-12,64.43,971180893.0,20.69402330447631,0.016273242854476212,0.12501705491744325,,0,0,0,977.0,2992.0,6.885509670034818,8.0040315078527,0.0,0.0,application_protocol,Aave,1,967587.0,131352.0,0.0,13.782561655822173,11.785643634594013,0.0,0.0,13.782561655822173,1,1,1,1
crypto_aave,2026-06-13,66.15,997114033.0,20.720375697514047,0.02634552741041368,0.11833717788360607,,0,0,0,830.0,2389.0,6.7226297948554485,7.779048644925556,0.0,0.0,application_protocol,Aave,1,963486.0,129076.0,0.0,13.778314274270183,11.768164404495131,0.0,0.0,13.778314274270183,1,1,1,1
crypto_aave,2026-06-14,66.39,1000640913.0,20.723906544649388,0.0036215521701033096,0.12087443484481977,,0,0,0,776.0,2816.0,6.655440350367647,7.943427767876373,0.0,0.0,application_protocol,Aave,1,953153.0,125626.0,0.0,13.767531764544554,11.741072478066759,0.0,0.0,13.767531764544554,1,1,1,1
crypto_aave,2026-06-15,72.58,1093997578.0,20.813104327049782,0.08914295905385634,0.04050229613641868,,0,0,0,734.0,2159.0,6.5998704992128365,7.67786350067821,0.0,0.0,application_protocol,Aave,1,956813.0,132369.0,0.0,13.771364294178479,11.793356310707816,0.0,0.0,13.771364294178479,1,1,1,1
crypto_aave,2026-06-16,74.85,1128287814.0,20.843967111731285,0.030796709080713122,-0.025711835896842585,,0,0,0,1444.0,6874.0,7.275864600546533,8.835646922534773,0.0,0.0,application_protocol,Aave,1,992880.0,134378.0,0.0,13.808366096973954,11.808419444862883,0.0,0.0,13.808366096973954,1,1,1,1
crypto_aave,2026-06-17,75.53,1138458533.0,20.852941020319026,0.009043817459719302,-0.016957479576422574,,0,0,0,1107.0,5691.0,7.010311867307229,8.646816959209742,0.0,0.0,application_protocol,Aave,1,975232.0,131588.0,11.0,13.790431695789135,11.787438707753658,2.4849066497880004,0.0,13.790431695789135,1,1,1,1
crypto_aave,2026-06-18,73.57,1108885940.0,20.82662169061139,-0.02629259438118361,0.1053061441919582,,0,0,0,1108.0,5427.0,7.011213987350367,8.59932602095476,0.0,0.0,application_protocol,Aave,1,968372.0,129017.0,0.0,13.783372622616465,11.767707208493444,0.0,0.0,13.783372622616465,1,1,1,1
crypto_aave,2026-06-19,73.01,1100553583.0,20.819079147431992,-0.007640915876178555,0.1902569334127164,,0,0,0,1077.0,4689.0,6.982862751468942,8.453187861440325,0.0,0.0,application_protocol,Aave,1,998898.0,133555.0,0.0,13.814408951418528,11.802276144522555,0.0,0.0,13.814408951418528,1,1,1,1
crypto_aave,2026-06-20,74.46,1122301357.0,20.838647197109875,0.01966565037657638,0.24424620274129258,,0,0,0,960.0,3878.0,6.8679744089702925,8.263332667439967,0.0,0.0,application_protocol,Aave,1,1000434.0,134052.0,0.0,13.815945463379203,11.805990523122746,0.0,0.0,13.815945463379203,1,1,1,1
crypto_aave,2026-06-21,74.92,1129212227.0,20.84478608230482,0.006158809131317094,0.19542715118083073,,0,0,0,884.0,4366.0,6.785587645007929,8.381831553485561,0.0,0.0,application_protocol,Aave,1,975473.0,134200.0,0.0,13.790678785691643,11.807093955056784,0.0,0.0,13.790678785691643,1,1,1,1
crypto_aave,2026-06-22,75.58,1139264174.0,20.853648429549413,0.008770820345455095,0.1957269356191574,,0,0,0,912.0,3228.0,6.816735880594968,8.079927770758275,0.0,0.0,application_protocol,Aave,1,982967.0,133816.0,0.0,13.798331845191495,11.80422847391185,0.0,0.0,13.798331845191495,1,1,1,1
crypto_aave,2026-06-23,72.95,1099577989.0,20.818192296776004,-0.03541742295254821,0.18517332396932282,,0,0,0,2248.0,4950.0,7.718240951959316,8.507344855361422,0.0,0.0,application_protocol,Aave,1,992594.0,135379.0,0.0,13.80807800484695,11.815840918062598,0.0,0.0,13.80807800484695,1,1,1,1
crypto_aave,2026-06-24,74.26,1119385704.0,20.836045893212592,0.017798173780139374,0.14677484750457356,0.6789552002435131,0,0,0,1154.0,4301.0,7.051855622955894,8.366835309827675,0.0,0.0,application_protocol,Aave,1,1269096.0,158399.0,0.0,14.053816181915547,11.972878758362462,0.0,0.0,14.053816181915547,1,1,1,1
crypto_aave,2026-06-25,81.74,1232050380.0,20.93194559407879,0.09597102938719704,0.05010590021071781,0.7650369466075253,0,0,0,1989.0,10733.0,7.595889917718538,9.281171552736774,0.0,0.0,application_protocol,Aave,1,1200540.0,155397.0,576537.0,13.998282846496748,11.953744846819994,13.264796531523288,0.0,13.998282846496748,1,1,1,1
crypto_aave,2026-06-26,88.31,1331153686.0,21.009311836260125,0.07730987334457967,-0.014370685266512856,0.8114915482745775,0,0,0,2804.0,13475.0,7.9391588179567965,9.508665604526444,0.0,0.0,application_protocol,Aave,1,1346570.0,169544.0,0.0,14.11307191914183,12.040873657292941,0.0,0.0,14.11307191914183,1,1,1,1
crypto_aave,2026-06-27,95.06,1432830959.0,21.082918015819608,0.07365491970515245,-0.07173173341183868,0.8271745283855283,0,0,0,3144.0,15493.0,8.05356916913454,9.648208131191847,0.0,0.0,application_protocol,Aave,1,941710.0,123558.0,0.0,13.755453712432375,11.72447405376571,0.0,0.0,13.755453712432375,1,1,1,1
crypto_aave,2026-06-28,91.09,1372997172.0,21.04026190400689,-0.042660242429144846,-0.03156102491531733,0.843679075460256,0,0,0,2513.0,10716.0,7.829630389150193,9.279586544712997,0.0,0.0,application_protocol,Aave,1,855167.0,113183.0,0.0,13.659053219845095,11.636770092005207,0.0,0.0,13.659053219845095,1,1,1,1
crypto_aave,2026-06-29,91.92,1385580777.0,21.049385222263968,0.009070604783781643,0.0024990505753320364,0.8429358928069209,0,0,0,2210.0,9319.0,7.701200180857446,9.139917907679637,0.0,0.0,application_protocol,Aave,1,872022.0,117503.0,0.0,13.67857107869006,11.674227654540108,0.0,0.0,13.67857107869006,1,1,1,1
crypto_aave,2026-06-30,87.79,1323317746.0,21.00340786406672,-0.045971034602382756,0.049446277022686135,0.8598360112466474,0,0,0,2555.0,8897.0,7.846198815497425,9.093581811365986,0.0,0.0,application_protocol,Aave,1,943197.0,136536.0,0.0,13.757031507762,11.824350919147474,0.0,0.0,13.757031507762,1,1,1,1
crypto_aave,2026-07-01,86.0,1296321073.0,20.98279614570598,-0.020600302684609672,0.022762219667066066,0.8603902262308722,0,0,0,3100.0,7939.0,8.03947991910045,8.979668554241181,0.0,0.0,application_protocol,Aave,1,915268.0,123367.0,0.0,13.726973290122377,11.722927037537492,0.0,0.0,13.726973290122377,1,1,1,1
crypto_aave,2026-07-02,85.94,1295387590.0,20.982075784614707,-0.00069791790665872,0.04148270243230499,0.8410661928336518,0,0,0,1869.0,6374.0,7.533693709848633,8.760139370026627,0.0,0.0,application_protocol,Aave,1,1137983.0,146234.0,0.0,13.944768833815619,11.89297019573148,0.0,0.0,13.944768833815619,1,1,1,1
crypto_aave,2026-07-03,87.05,1312170660.0,20.994948595228642,0.012833287867349014,0.08497023726790552,0.8350169853258582,0,0,0,1765.0,5334.0,7.476472381163905,8.582044163735853,0.0,0.0,application_protocol,Aave,1,920115.0,120756.0,0.0,13.732255028033453,11.701535540849058,0.0,0.0,13.732255028033453,1,1,1,1
crypto_aave,2026-07-04,88.48,1333675908.0,21.011204807397075,0.01629387155982667,0.09881791168536103,0.8139409953502003,0,0,0,1581.0,6157.0,7.366445148327599,8.725507328484445,0.0,0.0,application_protocol,Aave,1,892430.0,117683.0,0.0,13.701704478722919,11.67575834518032,0.0,0.0,13.701704478722919,1,1,1,1
crypto_aave,2026-07-05,88.26,1330410661.0,21.00875349919032,-0.0024895339326235473,0.10671921151901906,0.7413825855858518,0,0,0,1232.0,5006.0,7.117205503164344,8.518592212329946,0.0,0.0,application_protocol,Aave,1,895436.0,121338.0,0.0,13.70506714624931,11.706343560156906,0.0,0.0,13.70506714624931,1,1,1,1
crypto_aave,2026-07-06,92.15,1389065345.0,21.051896944248483,0.04313068027443124,0.030880171498502536,0.6811477905077399,0,0,0,1057.0,3667.0,6.964135612418245,8.207401833376355,0.0,0.0,application_protocol,Aave,1,908286.0,119991.0,0.0,13.719315686936048,11.695180352875195,0.0,0.0,13.719315686936048,1,1,1,1
crypto_aave,2026-07-07,92.24,1390315335.0,21.052796418072468,0.0009761918449711656,0.054021572718468115,0.6801665322691222,0,0,0,1707.0,7790.0,7.443078374348516,8.960724500330858,0.0,0.0,application_protocol,Aave,1,892596.0,117852.0,0.0,13.7018904702037,11.677193364128524,0.0,0.0,13.7018904702037,1,1,1,1
crypto_aave,2026-07-08,87.98,1326166266.0,21.005558109989792,-0.04728436004022976,0.10428014140211421,0.711707024474199,0,0,0,1474.0,5835.0,7.29641326877392,8.671800909642677,0.0,0.0,application_protocol,Aave,1,900147.0,119690.0,0.0,13.710314473231387,11.692668700749383,0.0,0.0,13.710314473231387,1,1,1,1
crypto_aave,2026-07-09,89.58,1350232110.0,21.023542347951242,0.01802256485858035,0.04826907881130551,0.7005088760218922,0,0,0,1537.0,5323.0,7.338238150065589,8.579980179515003,0.0,0.0,application_protocol,Aave,1,920353.0,124077.0,0.0,13.732513657624075,11.728665679087374,0.0,0.0,13.732513657624075,1,1,1,1
crypto_aave,2026-07-10,94.77,1428520115.0,21.079904860740022,0.05632082270294943,-0.0440058060226271,0.7135856859445874,0,0,0,1242.0,5477.0,7.1252830915107115,8.608495349823023,0.0,0.0,application_protocol,Aave,1,964517.0,126758.0,0.0,13.779383773673219,11.750042924849788,0.0,0.0,13.779383773673219,1,1,1,1
crypto_aave,2026-07-11,97.67,1472176849.0,21.11000799202032,0.03014154597728224,-0.09464489485872539,0.7142568758653924,0,0,0,1567.0,6745.0,7.357556200910353,8.816705015621595,0.0,0.0,application_protocol,Aave,1,921803.0,122845.0,0.0,13.734087898595211,11.718686817386676,0.0,0.0,13.734087898595211,1,1,1,1
crypto_aave,2026-07-12,98.2,1480239524.0,21.11546975216821,0.0054117659010345116,-0.09075843659651567,0.7149046593876253,0,0,0,1290.0,6377.0,7.1631723908466425,8.760609847570002,0.0,0.0,application_protocol,Aave,1,872498.0,114809.0,0.0,13.679116786926258,11.651033867087857,0.0,0.0,13.679116786926258,1,1,1,1
crypto_aave,2026-07-13,95.04,1432622010.0,21.08277217570104,-0.03270835974608536,-0.057492694304368486,0.7315989043369275,0,0,0,1136.0,5114.0,7.036148493750536,8.539932678385727,0.0,0.0,application_protocol,Aave,1,890744.0,120590.0,0.0,13.699813470205065,11.700159933624827,0.0,0.0,13.699813470205065,1,1,1,1
crypto_aave,2026-07-14,97.36,1467501549.0,21.106827165202596,0.02411759306493696,-0.035227055047061744,0.7321096099035509,0,0,0,1223.0,4858.0,7.1098794630722715,8.488587934405903,0.0,0.0,application_protocol,Aave,1,930529.0,127586.0,0.0,13.743509595275512,11.756553763824874,0.0,0.0,13.743509595275512,1,1,1,1
crypto_aave,2026-07-15,97.65,1471921676.0,21.109834646598305,0.00297420864341633,-0.008742663040156707,0.6787099683121068,0,0,0,1289.0,4620.0,7.162397497355718,8.438366410870266,0.0,0.0,application_protocol,Aave,1,911157.0,120631.0,0.0,13.7224715969887,11.70049986804563,0.0,0.0,13.7224715969887,1,1,1,1
crypto_aave,2026-07-16,94.01,1417008023.0,21.07181345960082,-0.03798849773222843,0.027177581628012766,0.6942714945882685,0,0,0,1262.0,4307.0,7.141245122350491,8.36822903827628,0.0,0.0,application_protocol,Aave,1,1024354.0,132284.0,0.0,13.839573704189572,11.79271396499039,0.0,0.0,13.839573704189572,1,1,1,1
crypto_aave,2026-07-17,90.69,1366952640.0,21.035849748879578,-0.03595406213098317,0.044216821005473854,0.7106401756889773,0,0,0,1329.0,4033.0,7.1929342212158,8.302513718514158,0.0,0.0,application_protocol,Aave,1,958124.0,128292.0,0.0,13.772733528608216,11.76207198948942,0.0,0.0,13.772733528608216,1,1,1,1
crypto_aave,2026-07-18,88.85,1339202261.0,21.015339946019445,-0.020497542858816022,0.028952163629248826,0.7075967544067511,0,0,0,1234.0,3858.0,7.118826249062078,8.258163361537619,0.0,0.0,application_protocol,Aave,1,934007.0,126327.0,0.0,13.74724028248479,11.74663697814648,0.0,0.0,13.74724028248479,1,1,1,1
crypto_aave,2026-07-19,89.68,1351719986.0,21.024643682170005,0.00929822416324433,0.058891473618621876,0.7058639386994581,0,0,0,1062.0,3305.0,6.968850378341948,8.10349427838097,0.0,0.0,application_protocol,Aave,1,909825.0,120458.0,0.0,13.721008651419092,11.699064725052379,0.0,0.0,13.721008651419092,1,1,1,1
crypto_aave,2026-07-20,89.73,1352488456.0,21.025212033343493,0.0005573825460617734,0.10926461992096113,0.7046448384561584,0,0,0,813.0,2662.0,6.70196036600254,7.887208585813932,0.0,0.0,application_protocol,Aave,1,961416.0,127614.0,0.0,13.77616351683195,11.75677319784273,0.0,0.0,13.77616351683195,1,1,1,1
crypto_aave,2026-07-21,93.99,1430146752.0,21.081042899728992,0.04638323232224362,0.04818708133369214,0.7184358207451025,0,0,0,1162.0,4282.0,7.0587581525186645,8.36240897761537,0.0,0.0,application_protocol,Aave,1,936582.0,125101.0,0.0,13.74999342480879,11.73688468353744,0.0,0.0,13.74999342480879,1,1,1,1
crypto_aave,2026-07-22,96.8,1492289845.0,21.12357758594656,0.02945860065032139,0.014766470116300995,0.7224875657219679,0,0,0,1526.0,5680.0,7.3310603052186325,8.644882552557126,0.0,0.0,application_protocol,Aave,1,953110.0,126417.0,0.0,13.767486650145447,11.747349155619547,0.0,0.0,13.767486650145447,1,1,1,1
crypto_aave,2026-07-23,96.6,1489262959.0,21.121547176130697,-0.0020682530640590683,0.012345835822299362,0.7063023511401919,0,0,0,1435.0,5767.0,7.269616749608169,8.660080678964786,0.0,0.0,application_protocol,Aave,1,970353.0,129550.0,0.0,13.785416232355685,11.771829904987866,0.0,0.0,13.785416232355685,1,1,1,1
crypto_aave,2026-07-24,94.79,1461332595.0,21.102614592677536,-0.018914822753521944,0.028085890176229755,0.7123648928537674,0,0,0,1164.0,3399.0,7.060476365999801,8.131530710604252,0.0,0.0,application_protocol,Aave,1,981190.0,137800.0,0.0,13.796522418882496,11.833565894429414,0.0,0.0,13.796522418882496,1,1,1,1
crypto_aave,2026-07-25,91.46,1409950889.0,21.06682071023344,-0.03576220023504119,-0.0010939723222090057,0.653709600086439,0,0,0,1120.0,3103.0,7.02197642307216,8.04044688130311,0.0,0.0,application_protocol,Aave,1,987051.0,130929.0,0.0,13.802478001931567,11.7824181082218,0.0,0.0,13.802478001931567,1,1,1,1
crypto_aave,2026-07-26,95.12,1466464468.0,21.106120216971306,0.03923753415261748,-0.03356809027074861,0.6119391799130253,0,0,0,848.0,2840.0,6.744059186311348,7.951911381854188,0.0,0.0,application_protocol,Aave,1,966890.0,131147.0,0.0,13.781841048330273,11.784081735464675,0.0,0.0,13.781841048330273,1,1,1,1
crypto_aave,2026-07-27,100.09,1543007510.0,21.156999277457523,0.050930528848401,-0.08156749831029092,0.5831262258987463,0,0,0,1114.0,5684.0,7.016609683894219,8.645586406184636,0.0,0.0,application_protocol,Aave,1,967759.0,133792.0,0.0,13.78273940163373,11.804049108416807,0.0,0.0,13.78273940163373,1,1,1,1
crypto_aave,2026-07-28,98.63,1520500124.0,21.14230514663381,-0.014694306265025358,-0.07525510581132167,0.5641898669908185,0,0,0,1468.0,5427.0,7.292337176173877,8.59932602095476,0.0,0.0,application_protocol,Aave,1,981031.0,131917.0,0.0,13.796360357791226,11.789935796415099,0.0,0.0,13.796360357791226,1,1,1,1
crypto_aave,2026-07-29,98.24,1514581071.0,21.138404716876742,-0.00396201056706979,-0.07776348026815327,0.5641548051332002,0,0,0,1283.0,4811.0,7.157735484249907,8.47886807709457,0.0,0.0,application_protocol,Aave,1,984241.0,135060.0,0.0,13.799627080756695,11.813481807218112,0.0,0.0,13.799627080756695,1,1,1,1
crypto_aave,2026-07-30,97.8,1507751261.0,21.13388514664057,-0.0044888873580606285,-0.09631272717681551,0.5374839210077075,0,0,0,1252.0,5877.0,7.133295954896068,8.678971846978863,0.0,0.0,application_protocol,Aave,1,974512.0,132397.0,0.0,13.789693138015222,11.793567816630771,0.0,0.0,13.789693138015222,1,1,1,1
crypto_aave,2026-07-31,97.49,1502930037.0,21.13068239773162,-0.003174768399591512,-0.07960686052079469,0.5310069806991812,0,0,0,1404.0,4800.0,7.247792581767846,8.476579508530941,0.0,0.0,application_protocol,Aave,1,992337.0,133944.0,0.0,13.807819054039605,11.805184546915116,0.0,0.0,13.807819054039605,1,1,1,1
crypto_aave,2026-08-01,91.36,1408492104.0,21.065785539301196,-0.06494206273348005,-0.008243163673730814,0.5831574641428421,0,0,0,1829.0,5800.0,7.512071245835466,8.665785595466064,0.0,0.0,application_protocol,Aave,1,990105.0,133311.0,0.0,13.805567287086184,11.800447524620644,0.0,0.0,13.805567287086184,1,1,1,1
crypto_aave,2026-08-02,91.98,1417926202.0,21.07246121997847,0.0067634162040777985,-0.008625920166203635,0.5821267338890226,0,0,0,1479.0,5582.0,7.299797366758161,8.62748154531036,0.0,0.0,application_protocol,Aave,1,983645.0,136181.0,0.0,13.79902135520908,11.821747505373525,0.0,0.0,13.79902135520908,1,1,1,1
crypto_aave,2026-08-03,92.25,1422143841.0,21.07543131722018,0.0029311208088587263,-0.01573287121889961,0.5798111021790857,0,0,0,1088.0,3711.0,6.9930151229329605,8.21932609390609,0.0,0.0,application_protocol,Aave,1,971831.0,132397.0,0.0,13.786938228997935,11.793567816630771,0.0,0.0,13.786938228997935,1,1,1,1
crypto_aave,2026-08-04,91.48,1410287740.0,21.067059591438834,-0.008381913766056098,-0.03413528373686738,0.5806710802021611,0,0,0,1175.0,3401.0,7.069874128458572,8.132118772955806,0.0,0.0,application_protocol,Aave,1,988548.0,134667.0,0.0,13.803993490419893,11.810567769216261,0.0,0.0,13.803993490419893,1,1,1,1
crypto_aave,2026-08-05,90.89,1401182079.0,21.060582059454173,-0.006470385023901363,-0.01977842250605053,0.5610271410740387,0,0,0,1153.0,3270.0,7.050989447068045,8.092851027538384,0.0,0.0,application_protocol,Aave,1,980783.0,132128.0,0.0,13.796107530817318,11.79153399707568,0.0,0.0,13.796107530817318,1,1,1,1
crypto_aave,2026-08-06,88.82,1369284427.0,21.037554124273502,-0.02303813426672284,-0.0063248460225549365,0.566480623603673,0,0,0,1157.0,3890.0,7.05444965813294,8.266421472984554,0.0,0.0,application_protocol,Aave,1,1004843.0,134170.0,0.0,13.820342863546243,11.806870384787718,0.0,0.0,13.820342863546243,1,1,1,1
crypto_aave,2026-08-07,90.03,1388017629.0,21.051142399959012,0.013531098256429388,-0.03768906433388926,0.5435445158374781,0,0,0,1331.0,3612.0,7.194436851100335,8.19229373114764,0.0,0.0,application_protocol,Aave,1,1015283.0,137503.0,0.0,13.830678934276143,11.831408286574721,0.0,0.0,13.830678934276143,1,1,1,1
crypto_aave,2026-08-08,90.61,1396866986.0,21.05749769865803,0.006421634113583707,-0.04457216592220593,0.5404065589564723,0,0,0,971.0,3020.0,6.879355804460439,8.013343181386672,0.0,0.0,application_protocol,Aave,1,1025775.0,138255.0,0.0,13.840959957290044,11.836862318081181,0.0,0.0,13.840959957290044,1,1,1,1
crypto_aave,2026-08-09,91.19,1405808407.0,21.06387835291298,0.006380659711604935,-0.056043072626585526,0.502056274730675,0,0,0,875.0,2277.0,6.775366090936392,7.731053144007127,0.0,0.0,application_protocol,Aave,1,1003610.0,134885.0,0.0,13.819115053956386,11.812185256232064,0.0,0.0,13.819115053956386,1,1,1,1
crypto_aave,2026-08-10,90.81,1400001904.0,21.059739433566698,-0.004175830243837112,-0.04205701886121286,0.4891240445584794,0,0,0,837.0,2124.0,6.731018100482083,7.661527081358517,0.0,0.0,application_protocol,Aave,1,1007287.0,136171.0,0.0,13.822772128824965,11.82167407153371,0.0,0.0,13.822772128824965,1,1,1,1
crypto_aave,2026-08-11,88.41,1362944836.0,21.03291351635461,-0.026784326284024,0.0033875371147824426,0.4954803684750381,0,0,0,1173.0,2791.0,7.068172000388042,7.934513463882263,0.0,0.0,application_protocol,Aave,1,1022675.0,138708.0,0.0,13.837933279226283,11.840133492445789,0.0,0.0,13.837933279226283,1,1,1,1
crypto_aave,2026-08-12,89.11,1373817848.0,21.040859451361513,0.007886476206915363,0.012046994552988258,0.48549388638280877,0,0,0,1156.0,2924.0,7.053585727193677,7.981049759665957,0.0,0.0,application_protocol,Aave,1,1000981.0,134958.0,0.0,13.816492076117697,11.812726307589553,0.0,0.0,13.816492076117697,1,1,1,1
crypto_aave,2026-08-13,88.26,1360628658.0,21.031212678419845,-0.009584557783227235,0.0929796331336818,0.4766982592921471,0,0,0,1034.0,3226.0,6.942156705699469,8.079308192051961,0.0,0.0,application_protocol,Aave,1,1027931.0,156126.0,0.0,13.843059574949459,11.958425057594027,0.0,0.0,13.843059574949459,1,1,1,1
crypto_aave,2026-08-14,86.7,1336678598.0,21.01345371574148,-0.017833120054904956,0.221712308428093,0.4787877368469606,0,0,0,1079.0,2990.0,6.984716320118266,8.003363058629947,0.0,0.0,application_protocol,Aave,1,1006114.0,135488.0,0.0,13.82160693722377,11.816645735194744,0.0,0.0,13.82160693722377,1,1,1,1
crypto_aave,2026-08-15,86.66,1336031287.0,21.012969330199834,-0.0004614674747328633,,0.4628510982952961,0,0,0,1080.0,3475.0,6.985641817639208,8.153637486385282,0.0,0.0,application_protocol,Aave,1,1007859.0,134288.0,0.0,13.823339829078607,11.80774947297664,0.0,0.0,13.823339829078607,1,0,1,0
crypto_aave,2026-08-16,86.22,1329211803.0,21.007851974182596,-0.005090246992774752,,0.4472088449134502,0,0,0,767.0,1972.0,6.643789733147672,7.587310506022615,0.0,0.0,application_protocol,Aave,1,1012849.0,143000.0,0.0,13.828278697241952,11.870606902224587,0.0,0.0,13.828278697241952,1,0,1,0
crypto_aave,2026-08-17,87.07,1342337419.0,21.017678273847977,0.00981022352153564,,0.4436428580685816,0,0,0,774.0,2036.0,6.652863029353347,7.619233416226805,0.0,0.0,application_protocol,Aave,1,1007671.0,140150.0,0.0,13.82315327783502,11.850475691779751,0.0,0.0,13.82315327783502,1,0,1,0
crypto_aave,2026-08-18,88.71,1367574427.0,21.03630451637354,0.01866022969197127,,0.44747691667363826,0,0,0,999.0,2920.0,6.907755278982137,7.979681302387741,0.0,0.0,application_protocol,Aave,1,1015985.0,145310.0,0.0,13.831370127498067,11.88663155212989,0.0,0.0,13.831370127498067,1,0,1,0
crypto_aave,2026-08-19,90.19,1390355853.0,21.052825560676727,0.016545933645121233,,0.45134912140483396,0,0,0,980.0,3131.0,6.8885724595653635,8.049427057110695,0.0,0.0,application_protocol,Aave,1,1001801.0,132166.0,0.0,13.817310936310129,11.791821553453845,0.0,0.0,13.817310936310129,1,0,1,0
crypto_aave,2026-08-20,96.86,1493285346.0,21.124244459813877,0.07134808079746621,,0.4902449592888601,0,0,0,1316.0,4000.0,7.183111701743281,8.294299608857235,0.0,0.0,application_protocol,Aave,1,1014717.0,134615.0,0.0,13.830121299343107,11.810181559856282,0.0,0.0,13.830121299343107,1,0,1,0
crypto_aave,2026-08-21,108.22,1668431121.0,21.235149573313766,0.11089955523950613,,0.6159332376757202,0,0,0,1601.0,5098.0,7.379008127628304,8.536799721055155,0.0,0.0,application_protocol,Aave,1,1108251.0,142659.0,0.0,13.918294557252638,11.86821945583203,0.0,0.0,13.918294557252638,1,0,1,0
crypto_arb,2026-05-25,0.107749,674059475.0,20.32882890682326,,-0.058957782825232403,,0,1,1,,,,,,,,,,,,,,,,,,0,0,0,0
crypto_arb,2026-05-26,0.10919,683076269.0,20.34211707894345,0.01328503582764342,-0.1150644155614387,,0,1,1,,,,,,,chain,Arbitrum,0,1135510.6099999999,166057.62,23065.0,13.942593865046153,12.020096137532184,10.046114950785885,13.942593865046153,0.0,0,0,1,1
crypto_arb,2026-05-27,0.108734,680223203.0,20.33793154198144,-0.004184951318118861,-0.1437603977154619,,0,1,1,,,,,,,chain,Arbitrum,0,1426958.35,375945.03,42552.0,14.171056409718261,12.837200874835535,10.658505636804035,14.171056409718261,0.0,0,0,1,1
crypto_arb,2026-05-28,0.103647,648395066.0,20.290010738296534,-0.047913637804998174,-0.14289380130645546,,0,1,1,,,,,,,chain,Arbitrum,0,553670.14,280560.21,152814.0,13.224326179364882,12.544547197607725,11.936983318435706,13.224326179364882,0.0,0,0,1,1
crypto_arb,2026-05-29,0.10403,650790909.0,20.29369896425031,0.0036884241799460798,-0.22219475615274767,,0,1,1,,,,,,,chain,Arbitrum,0,445745.52999999997,205241.88,49265.0,13.007505751062444,12.231949337309816,10.804989466936844,13.007505751062444,0.0,0,0,1,1
crypto_arb,2026-05-30,0.104679,654855929.0,20.299925813680527,0.006219205610317299,-0.2786571095040398,,0,1,1,,,,,,,chain,Arbitrum,0,604715.28,358543.37000000005,105684.0,13.312514668339782,12.789807697053847,11.568218250718937,13.312514668339782,0.0,0,0,1,1
crypto_arb,2026-05-31,0.102786,643008471.0,20.28166845629863,-0.018249367716744624,-0.22751653358801968,,0,1,1,,,,,,,chain,Arbitrum,0,400624.72,210124.87,161618.0,12.900782903847345,12.255462011094968,11.992996992415247,12.900782903847345,0.0,0,0,1,1
crypto_arb,2026-06-01,0.10158,635465242.0,20.269867953156236,-0.011802491603277543,-0.20453938422238452,,0,1,1,,,,,,,chain,Arbitrum,0,413595.76,227083.03,125401.0,12.932646768489967,12.333075404176684,11.739279856017092,12.932646768489967,0.0,0,0,1,1
crypto_arb,2026-06-02,0.097322,608831661.0,20.227052368744264,-0.042821596908562916,-0.18748477802544974,,0,1,1,,,,,,,chain,Arbitrum,0,469736.42000000004,206706.86,56174.7,13.05992913671488,12.239061771071704,10.936239558035082,13.05992913671488,0.0,0,0,1,1
crypto_arb,2026-06-03,0.094174,589134380.0,20.194164864999514,-0.032880933472142077,-0.17390042768398165,,0,1,1,,,,,,,chain,Arbitrum,0,1530330.6800000002,441701.20000000007,81406.0,14.24099505418802,12.998391178328383,11.307216543379262,14.24099505418802,0.0,0,0,1,1
crypto_arb,2026-06-04,0.089846,562060302.0,20.14711970103423,-0.04704704139599164,-0.10457429378409441,,0,1,1,,,,,,,chain,Arbitrum,0,577797.8500000001,281969.86000000004,72077.08,13.266981076704226,12.549559011247661,11.185505254857524,13.266981076704226,0.0,0,0,1,1
crypto_arb,2026-06-05,0.083303,521129722.0,20.07150955528993,-0.07561253066634627,0.003941659040509828,,0,1,1,,,,,,,chain,Arbitrum,0,4107070.93,3452032.3000000003,110233.55,15.228220906785815,15.054473977720619,11.610365647434696,15.228220906785815,0.0,0,0,1,1
crypto_arb,2026-06-06,0.079221,495594862.0,20.021269340433882,-0.050243147740974915,0.07453075044435956,,0,1,1,,,,,,,chain,Arbitrum,0,1549196.6600000001,713207.3400000002,116274.0,14.253247716164584,13.477528858677289,11.663713354092298,14.253247716164584,0.0,0,0,1,1
crypto_arb,2026-06-07,0.08187,512161450.0,20.054150465328338,0.032891208199275525,0.019103043424200827,,0,1,1,,,,,,,chain,Arbitrum,0,521993.18,190939.84,40743.3,13.165411717377333,12.159718920830082,10.615071231584654,13.165411717377333,0.0,0,0,1,1
crypto_arb,2026-06-08,0.08279,517918283.0,20.065328032952902,0.011174657762357702,0.05107102062267085,,0,1,1,,,,,,,chain,Arbitrum,0,341529.7,145062.83000000002,59013.32,12.741192851463424,11.884929131436632,10.985535405302503,12.741192851463424,0.0,0,0,1,1
crypto_arb,2026-06-09,0.080684,504743894.0,20.03956171800629,-0.025766990711628177,0.06186325749390853,,0,1,1,,,,,,,chain,Arbitrum,0,393795.66,195450.87,55482.0,12.883589963688523,12.183069438839695,10.92383194650686,12.883589963688523,0.0,0,0,1,1
crypto_arb,2026-06-10,0.079142,495097331.0,20.020264929486984,-0.019296583130674005,0.09190197865026134,,0,1,1,,,,,,,chain,Arbitrum,0,395028.08,179134.78,59938.0,12.886714661426586,12.095899344757186,11.001082657381469,12.886714661426586,0.0,0,0,1,1
crypto_arb,2026-06-11,0.080925,506249843.0,20.04254086626152,0.02227909250389562,0.04367833760622915,,0,1,1,,,,,,,chain,Arbitrum,0,860005.41,298110.95999999996,61516.0,13.664695121690286,12.60522439962619,11.027068838361103,13.664695121690286,0.0,0,0,1,1
crypto_arb,2026-06-12,0.083632,523186941.0,20.075449397933376,0.03290342215825805,0.0021261101402487922,,0,1,1,,,,,,,chain,Arbitrum,0,405802.60000000003,227813.60000000003,37762.0,12.913624577699705,12.336287419249624,10.539085066256062,12.913624577699705,0.0,0,0,1,1
crypto_arb,2026-06-13,0.085351,533940545.0,20.095795051774516,0.020345943662874996,-0.021183294334431134,,0,1,1,,,,,,,chain,Arbitrum,0,637935.22,227106.23,40963.06,13.365993588677691,12.333177563782398,10.620450375894968,13.365993588677691,0.0,0,0,1,1
crypto_arb,2026-06-14,0.083449,522042052.0,20.073258701989154,-0.02253649882088346,0.0005630597051931076,,0,1,1,,,,,,,chain,Arbitrum,0,142217.24999999997,48735.44,16467.38,11.86511812848204,10.794182283887883,9.709197457678222,11.86511812848204,0.0,0,0,1,1
crypto_arb,2026-06-15,0.087128,545057228.0,20.116401352619413,0.0431426349608277,-0.032332363123867336,,0,1,1,,,,,,,chain,Arbitrum,0,375163.79,198119.6,169913.18,12.835120648427068,12.196631215165183,12.043048765036689,12.835120648427068,0.0,0,0,1,1
crypto_arb,2026-06-16,0.085833,536953723.0,20.10142247185094,-0.014974753840390497,-0.07420924727933809,,0,1,1,,,,,,,chain,Arbitrum,0,832432.5999999999,232632.29,62351.93,13.632108737895997,12.357218630064011,11.040565942786735,13.632108737895997,0.0,0,0,1,1
crypto_arb,2026-06-17,0.08676,547013168.0,20.119983433222647,0.01074213802567898,-0.11885986003698557,,0,1,1,,,,,,,chain,Arbitrum,0,421773.45999999996,242395.22,43400.54,12.952225995169876,12.398328938996302,10.678250203329926,12.952225995169876,0.0,0,0,1,1
crypto_arb,2026-06-18,0.084538,537902333.0,20.10318756447147,-0.025944548540136416,-0.12191544743742688,,0,1,1,,,,,,,chain,Arbitrum,0,519024.99000000005,209644.15,43553.83,13.159709237965503,12.253171618536898,10.681775883134366,13.159709237965503,0.0,0,0,1,1
crypto_arb,2026-06-19,0.08381,533267601.0,20.094533921803365,-0.008648805307722536,-0.13865469257901974,,0,1,1,,,,,,,chain,Arbitrum,0,686739.4299999999,189163.05000000002,49302.0,13.439711668658386,12.150369906974795,10.805740210106356,13.439711668658386,0.0,0,0,1,1
crypto_arb,2026-06-20,0.083562,531694522.0,20.091579675619162,-0.0029634608118049217,-0.1139310542920107,,0,1,1,,,,,,,chain,Arbitrum,0,175758.31999999998,55698.920000000006,18010.0,12.076870838138854,10.927733989648635,9.798737961337057,12.076870838138854,0.0,0,0,1,1
crypto_arb,2026-06-21,0.083496,531270350.0,20.090781583351603,-0.0007901447812592939,-0.12714604081555164,,0,1,1,,,,,,,chain,Arbitrum,0,188307.30000000002,70038.79000000001,36553.1,12.145835792271793,11.1568187881086,10.506548633989368,12.145835792271793,0.0,0,0,1,1
crypto_arb,2026-06-22,0.084356,536744214.0,20.10103221497247,0.010247212131767335,-0.10777912614966585,,0,1,1,,,,,,,chain,Arbitrum,0,146949.39,46800.08,19921.71,11.897850325807475,10.753661558562547,9.899615566062126,11.897850325807475,0.0,0,0,1,1
crypto_arb,2026-06-23,0.079694,507077677.0,20.044174758893124,-0.05685163799586133,-0.056302563980495234,,0,1,1,,,,,,,chain,Arbitrum,0,603688.02,245259.76,60472.29,13.310814476777473,12.41007725006356,11.009957058931281,13.310814476777473,0.0,0,0,1,1
crypto_arb,2026-06-24,0.077037,490176088.0,20.01027524777874,-0.03390847473196846,0.0037314926494451347,0.5589274325195556,0,1,1,,,,,,,chain,Arbitrum,0,632500.7699999999,155994.64,31197.92,13.357438297998868,11.957583337123152,10.348138757813832,13.357438297998868,0.0,0,0,1,1
crypto_arb,2026-06-25,0.074835,476160754.0,19.981266073669037,-0.0290001359405778,0.035585618685115214,0.5550756988510921,0,1,1,,,,,,,chain,Arbitrum,0,776360.5000000001,335185.77,70090.0,13.562373541206156,12.722443177837398,11.157549676763116,13.562373541206156,0.0,0,0,1,1
crypto_arb,2026-06-26,0.072959,464229590.0,19.955889793848872,-0.025388050449315313,0.07953755462726228,0.5559594562221912,0,1,1,,,,,,,chain,Arbitrum,0,544829.83,211045.53,53157.0,13.208230621790465,12.259833909473963,10.88102388984706,13.208230621790465,0.0,0,0,1,1
crypto_arb,2026-06-27,0.074564,474441665.0,19.97764922851975,0.021760177475204145,0.07416161590557875,0.554478376912688,0,1,1,,,,,,,chain,Arbitrum,0,1603350.6,275552.95999999996,49162.0,14.287606746280328,12.526538750465601,10.802896587041767,14.287606746280328,0.0,0,0,1,1
crypto_arb,2026-06-28,0.073527,467837700.0,19.96363199886288,-0.014005131304800255,0.07070596620626254,0.5520172295769524,0,1,1,,,,,,,chain,Arbitrum,0,134136.19999999995,43188.520000000004,15550.16,11.80661843572184,10.673353152209266,9.651890512895822,11.80661843572184,0.0,0,0,1,1
crypto_arb,2026-06-29,0.075737,481902817.0,19.9932530272046,0.029614126797653344,0.04554247262441984,0.567324291064456,0,1,1,,,,,,,chain,Arbitrum,0,203192.45999999993,93686.12,15284.0,12.221913809129145,11.447715998799369,9.634627234324935,12.221913809129145,0.0,0,0,1,1
crypto_arb,2026-06-30,0.075331,479321872.0,19.9878828963038,-0.005375075826690781,0.04202184257379313,0.566970279010698,0,1,1,,,,,,,chain,Arbitrum,0,592198.18,156328.81,65396.79,13.291598309981326,11.959723221192904,11.088243744825396,13.291598309981326,0.0,0,0,1,1
crypto_arb,2026-07-01,0.077325,492006706.0,20.014002904444993,0.026125581897971897,-0.01118419877104661,0.5810154538924788,0,1,1,,,,,,,chain,Arbitrum,0,450793.4,277345.5,73969.0,13.018766638710352,12.533022905969826,11.211414884581913,13.018766638710352,0.0,0,0,1,1
crypto_arb,2026-07-02,0.077546,493409940.0,20.016850907782832,0.0028539900950922273,0.0930849782542656,0.5693709984010675,0,1,1,,,,,,,chain,Arbitrum,0,567483.6300000001,162691.34000000003,38678.0,13.248968944270484,11.99961621158252,10.563052096078946,13.248968944270484,0.0,0,0,1,1
crypto_arb,2026-07-03,0.078999,502659526.0,20.035423612192876,0.018563885492831767,0.15093934012431773,0.5688656867224818,0,1,1,,,,,,,chain,Arbitrum,0,522600.41000000003,189985.21,51910.0,13.16657433011323,12.154706769561276,10.857285992746686,13.16657433011323,0.0,0,0,1,1
crypto_arb,2026-07-04,0.080304,510960086.0,20.051802035528226,0.016384238753520557,0.1561233720180035,0.5538881930250974,0,1,1,,,,,,,chain,Arbitrum,0,576842.52,168756.38999999996,68991.45999999999,13.26532631286944,12.036217400368502,11.14175250224609,13.26532631286944,0.0,0,0,1,1
crypto_arb,2026-07-05,0.078914,502120357.0,20.034350403899452,-0.01746078100411652,0.19313129199213117,0.49267696811558803,0,1,1,,,,,,,chain,Arbitrum,0,411435.0900000001,133869.09999999998,75115.8,12.927408977195398,11.804625205773016,11.22679951446575,12.927408977195398,0.0,0,0,1,1
crypto_arb,2026-07-06,0.079266,504355672.0,20.038792275560304,0.0044506332158106765,0.14580033133614362,0.4609084158763418,0,1,1,,,,,,,chain,Arbitrum,0,269908.14999999997,123558.59000000001,91506.66,12.505840699876435,11.72447882880105,11.424177963606631,12.505840699876435,0.0,0,0,1,1
crypto_arb,2026-07-07,0.078564,499888503.0,20.02989563751961,-0.008895705877317459,0.14167933583903797,0.4462104165471131,0,1,1,,,,,,,chain,Arbitrum,0,833356.6799999999,220263.38,32357.5,13.63321821674354,12.302583831110978,10.384632016575203,13.63321821674354,0.0,0,0,1,1
crypto_arb,2026-07-08,0.076465,486532520.0,20.002814302166186,-0.02708045944686785,0.15529154078745086,0.4525760674016414,0,1,1,,,,,,,chain,Arbitrum,0,291854.86000000004,86308.35999999999,38391.64,12.584015329237968,11.365693330054707,10.555621053538749,12.584015329237968,0.0,0,0,1,1
crypto_arb,2026-07-09,0.085111,541545205.0,20.109937101992067,0.10712316712040439,0.03164037801170613,0.5851092811626024,0,1,1,,,,,,,chain,Arbitrum,0,248755.11999999997,82538.55,29527.510000000002,12.424228257733265,11.321032851389603,10.293111516302755,12.424228257733265,0.0,0,0,1,1
crypto_arb,2026-07-10,0.09187,584557200.0,20.186365195508298,0.07641824736288381,-0.029538338752218285,0.6348488501800567,0,1,1,,,,,,,chain,Arbitrum,0,1123190.2900000003,311126.71,32552.0,13.931684557593988,12.64795874995739,10.390624809288317,13.931684557593988,0.0,0,0,1,1
crypto_arb,2026-07-11,0.093873,597299823.0,20.20792976136899,0.02156827064720621,-0.04757011042516133,0.6346097344265774,0,1,1,,,,,,,chain,Arbitrum,0,311868.4199999999,117730.92,32912.0,12.650339853544294,11.676165454441765,10.401622995485601,12.650339853544294,0.0,0,0,1,1
crypto_arb,2026-07-12,0.095726,609091203.0,20.22747857308216,0.01954713897001121,-0.07766287313867089,0.6288885568535205,0,1,1,,,,,,,chain,Arbitrum,0,223465.37,70255.79,32024.0,12.317016211915387,11.159912237329488,10.374272126764936,12.317016211915387,0.0,0,0,1,1
crypto_arb,2026-07-13,0.091708,583524053.0,20.184596230777874,-0.04288032744017676,-0.03652273778472153,0.6472414216219838,0,1,1,,,,,,,chain,Arbitrum,0,161647.80999999997,47462.92,18444.760000000002,11.993181421542815,10.767725122449109,9.822589812760137,11.993181421542815,0.0,0,0,1,1
crypto_arb,2026-07-14,0.090522,575974981.0,20.171574781952916,-0.013016701374423173,-0.007484691395485,0.6434669295336818,0,1,1,,,,,,,chain,Arbitrum,0,408715.67,113362.92,52656.0,12.920777456584526,11.638358453865484,10.871554462190879,12.920777456584526,0.0,0,0,1,1
crypto_arb,2026-07-15,0.089311,568269083.0,20.158105602183216,-0.013468254498454797,0.00858460498556346,0.6288292504247184,0,1,1,,,,,,,chain,Arbitrum,0,325240.5,127250.15,28312.36,12.692323262289985,11.753917971700027,10.251089057040009,12.692323262289985,0.0,0,0,1,1
crypto_arb,2026-07-16,0.087847,558954354.0,20.14157837125578,-0.016527995655340404,0.001933312706986291,0.6293435678518147,0,1,1,,,,,,,chain,Arbitrum,0,476217.87,135666.97999999998,48310.68,13.073632838457279,11.817965856299447,10.78542863235262,13.073632838457279,0.0,0,0,1,1
crypto_arb,2026-07-17,0.089196,567540254.0,20.156822236962856,0.015239530598959373,-0.05193313121557836,0.6304347805925179,0,1,1,,,,,,,chain,Arbitrum,0,260986.53,87811.86,37977.36,12.472227907385658,11.382963238145926,10.544771802812587,12.472227907385658,0.0,0,0,1,1
crypto_arb,2026-07-18,0.089512,569551074.0,20.160359019007654,0.0035364989742633648,-0.07789632510231277,0.6229637134636001,0,1,1,,,,,,,chain,Arbitrum,0,276464.57,93332.65,36424.65,12.529841571395508,11.443935986334663,10.503028475790941,12.529841571395508,0.0,0,0,1,1
crypto_arb,2026-07-19,0.088573,571713505.0,20.16414855848449,-0.010545623743498518,-0.07002322255502226,0.6234031721939249,0,1,1,,,,,,,chain,Arbitrum,0,153988.93,43786.58,12987.6,11.944642489647382,10.687105494509497,9.471827328644778,11.944642489647382,0.0,0,0,1,1
crypto_arb,2026-07-20,0.088419,584808579.0,20.18679513626488,-0.0017401920862273994,-0.09023368318407686,0.623299072073339,0,1,1,,,,,,,chain,Arbitrum,0,182130.6,57570.68,22869.16,12.11248478168784,10.960786059109628,10.037588283057069,12.11248478168784,0.0,0,0,1,1
crypto_arb,2026-07-21,0.089847,594252083.0,20.202814169457163,0.016021345014813438,-0.14079701436720637,0.6251471843300166,0,1,1,,,,,,,chain,Arbitrum,0,806809.4,193025.54,51622.29,13.600843975410447,12.17058297138635,10.851728206228056,13.600843975410447,0.0,0,0,1,1
crypto_arb,2026-07-22,0.090081,595798154.0,20.205412499883504,0.002601041882593648,-0.14260397849091935,0.6245144846086812,0,1,1,,,,,,,chain,Arbitrum,0,211013.65,69254.99,26860.55,12.259682841327585,11.145564918503778,10.198451175039219,12.259682841327585,0.0,0,0,1,1
crypto_arb,2026-07-23,0.088017,582146325.0,20.182232391621394,-0.023179287933917447,-0.11429123527921126,0.5947854540556181,0,1,1,,,,,,,chain,Arbitrum,0,384703.46,107469.11,38838.96,12.860230682122625,11.58496804137613,10.567204892538614,12.860230682122625,0.0,0,0,1,1
crypto_arb,2026-07-24,0.084682,560094539.0,20.143616147087894,-0.03862691332360526,-0.09522752102562017,0.598716424925865,0,1,1,,,,,,,chain,Arbitrum,0,648614.54,89901.82999999999,24619.63,13.382595431865283,11.406484699385825,10.111339988363124,13.382595431865283,0.0,0,0,1,1
crypto_arb,2026-07-25,0.082804,547669450.0,20.121182469487287,-0.022426694912471214,-0.05601817014731724,0.594698722932706,0,1,1,,,,,,,chain,Arbitrum,0,331396.75999999995,91733.53,30977.010000000002,12.711074624748376,11.426654141346269,10.341032876917389,12.711074624748376,0.0,0,0,1,1
crypto_arb,2026-07-26,0.082583,546208763.0,20.118511810448965,-0.0026725211962079156,-0.01879929224276041,0.586087703908089,0,1,1,,,,,,,chain,Arbitrum,0,139749.38999999998,46927.20999999999,16115.189999999997,11.847613181711125,10.756374266147553,9.687579635767678,11.847613181711125,0.0,0,0,1,1
crypto_arb,2026-07-27,0.08079,534351246.0,20.096563944737458,-0.021950652715282043,0.0047664414851645775,0.5893610900031983,0,1,1,,,,,,,chain,Arbitrum,0,202841.69999999995,90125.85999999996,14248.430000000002,12.22018608080439,11.408973512377063,9.564472184896776,12.22018608080439,0.0,0,0,1,1
crypto_arb,2026-07-28,0.078047,516204498.0,20.062013558887692,-0.034541986168316115,0.052792547922470845,0.6009159619399727,0,1,1,,,,,,,chain,Arbitrum,0,1789370.480000001,363967.4900000001,79992.99,14.397374987665275,12.804822576937765,11.289706785833994,14.397374987665275,0.0,0,0,1,1
crypto_arb,2026-07-29,0.078109,516619876.0,20.062817912527773,0.0007940777588807074,0.03507145347638523,0.5925909928307856,0,1,1,,,,,,,chain,Arbitrum,0,714229.1100000005,188114.01,49308.630000000005,13.478960472312904,12.14480881008523,10.805874675641045,13.478960472312904,0.0,0,0,1,1
crypto_arb,2026-07-30,0.078511,519274071.0,20.06794237689206,0.00513345527779044,0.006297713776564744,0.5922954326910217,0,1,1,,,,,,,chain,Arbitrum,0,333123.61,89423.95,30192.389999999996,12.716271903169853,11.401155004999302,10.315378305234328,12.716271903169853,0.0,0,0,1,1
crypto_arb,2026-07-31,0.07699,509219029.0,20.048388794334187,-0.01956319907001412,0.015005695888931869,0.5897029067183465,0,1,1,,,,,,,chain,Arbitrum,0,486636.43,163447.2500000001,26568.000000000004,13.095274627869347,12.004251705456925,10.187500401613525,13.095274627869347,0.0,0,0,1,1
crypto_arb,2026-08-01,0.078293,517836393.0,20.06516990670531,0.016782655965831655,0.008850403010043162,0.5925886851912026,0,1,1,,,,,,,chain,Arbitrum,0,258476.46999999988,79630.89999999998,28775.110000000004,12.462563812459143,11.285170045320974,10.267300807998124,12.462563812459143,0.0,0,0,1,1
crypto_arb,2026-08-02,0.081045,536039377.0,20.099718180888928,0.03454635670834888,-0.035965113936264816,0.6013395078308524,0,1,1,,,,,,,chain,Arbitrum,0,154621.97,53825.90999999999,20401.11,11.948744981071826,10.893528806972226,9.923393605856202,11.948744981071826,0.0,0,0,1,1
crypto_arb,2026-08-03,0.081176,536901360.0,20.10132494844975,0.001615081012642992,-0.019467362719160986,0.5987392647135882,0,1,1,,,,,,,chain,Arbitrum,0,170198.6,52439.29000000001,22830.53,12.044727144942385,10.867430467992017,10.035897754361082,12.044727144942385,0.0,0,0,1,1
crypto_arb,2026-08-04,0.082278,544189814.0,20.114808666754932,0.013484120268990308,-0.03508914947126688,0.5968732739702689,0,1,1,,,,,,,chain,Arbitrum,0,446936.42000000004,118046.98999999998,37664.270000000004,13.01017386379479,11.678846515685095,10.536493728692884,13.01017386379479,0.0,0,0,1,1
crypto_arb,2026-08-05,0.080897,535058281.0,20.097886235375736,-0.01692701668720494,-0.03159518951174507,0.6001430821416137,0,1,1,,,,,,,chain,Arbitrum,0,375016.35999999987,224439.86999999997,34879.29999999999,12.834727597214378,12.321367566171778,10.459677478903359,12.834727597214378,0.0,0,0,1,1
crypto_arb,2026-08-06,0.079007,522557416.0,20.074245422847437,-0.023640284422030002,-0.05091565100429305,0.6052854434677611,0,1,1,,,,,,,chain,Arbitrum,0,418452.69000000006,98892.15999999999,25070.7,12.944321505679996,11.501795354450634,10.129494998984967,12.944321505679996,0.0,0,0,1,1
crypto_arb,2026-08-07,0.078154,516914381.0,20.063387811408194,-0.010855216957647126,-0.044973595957264835,0.5986956347419357,0,1,1,,,,,,,chain,Arbitrum,0,250262.87000000008,79011.49999999999,22673.89,12.430271120217007,11.277361346780554,10.029013423813907,12.430271120217007,0.0,0,0,1,1
crypto_arb,2026-08-08,0.078989,522436062.0,20.074013164937508,0.010627363086943134,-0.06137263220314205,0.4618322326590379,0,1,1,,,,,,,chain,Arbitrum,0,206963.25999999995,59304.08999999999,20350.719999999998,12.240301400335738,10.990450416040844,9.920920708183573,12.240301400335738,0.0,0,0,1,1
crypto_arb,2026-08-09,0.078182,517100979.0,20.06374873061548,-0.010269160237959108,-0.06040800334186881,0.3640516325731994,0,1,1,,,,,,,chain,Arbitrum,0,107161.44,31449.820000000003,6461.820000000001,11.582101093089502,10.356180334920644,8.773821034031792,11.582101093089502,0.0,0,0,1,1
crypto_arb,2026-08-10,0.079611,526554387.0,20.081865183348615,0.01811283222974682,-0.06087823073948902,0.36101944954824133,0,1,1,,,,,,,chain,Arbitrum,0,138711.05999999994,48279.580000000016,19492.860000000004,11.840155552775311,10.784784688395316,9.877854823174435,11.840155552775311,0.0,0,0,1,1
crypto_arb,2026-08-11,0.079441,525428588.0,20.079724845612105,-0.002137666483115585,-0.05748649503817342,0.3498396660381543,0,1,1,,,,,,,chain,Arbitrum,0,217555.09,64731.28999999999,24402.47,12.290211981321711,11.078015428636627,10.10248061428472,12.290211981321711,0.0,0,0,1,1
crypto_arb,2026-08-12,0.078381,518414987.0,20.066286612692476,-0.01343305672768313,0.008397805716383216,0.3252078457376091,0,1,1,,,,,,,chain,Arbitrum,0,242011.85,65265.19999999999,25363.39,12.396746102902666,11.086229570231657,10.14110150082535,12.396746102902666,0.0,0,0,1,1
crypto_arb,2026-08-13,0.075085,496618390.0,20.02333246216903,-0.042960745914577984,0.16687580926203532,0.3500506392990866,0,1,1,,,,,,,chain,Arbitrum,0,238115.25,75117.97999999998,32426.73,12.380514278781149,11.226828535515198,10.38676919993503,12.380514278781149,0.0,0,0,1,1
crypto_arb,2026-08-14,0.074717,494182555.0,20.018415551421846,-0.004913161910618882,0.24069542571281305,0.3490954974084793,0,1,1,,,,,,,chain,Arbitrum,0,1533576.2600000002,328853.16,29935.4,14.243113642747613,12.703369648793927,10.306830410263192,14.243113642747613,0.0,0,0,1,1
crypto_arb,2026-08-15,0.074287,491336469.0,20.01263972397895,-0.005771673158933978,,0.3470020987052626,0,1,1,,,,,,,chain,Arbitrum,0,220495.15999999995,66339.69999999998,26334.800000000003,12.30363555875141,11.10255886414872,10.17868450928028,12.30363555875141,0.0,0,0,1,0
crypto_arb,2026-08-16,0.073599,486788553.0,20.0033404040107,-0.009304531376685835,,0.3389268685769829,0,1,1,,,,,,,chain,Arbitrum,0,142873.19999999998,44178.380000000005,18606.720000000005,11.869719801781349,10.696013443376318,9.831331827353747,11.869719801781349,0.0,0,0,1,0
crypto_arb,2026-08-17,0.074909,495450750.0,20.020978512243392,0.017642604832126475,,0.3475961668991401,0,1,1,,,,,,,chain,Arbitrum,0,148808.51,43888.26,15871.359999999999,11.910422310629212,10.689424922207493,9.672334510719047,11.910422310629212,0.0,0,0,1,0
crypto_arb,2026-08-18,0.075003,497668616.0,20.02544498377343,0.0012540692181999167,,0.3480633517539606,0,1,1,,,,,,,chain,Arbitrum,0,315591.7300000001,103370.35,41915.84,12.662207832200576,11.546083123359228,10.643442934474193,12.662207832200576,0.0,0,0,1,0
crypto_arb,2026-08-19,0.079042,527849849.0,20.08432242433382,0.05245124402687362,,0.402574239886798,0,1,1,,,,,,,chain,Arbitrum,0,265977.43999999994,82259.09999999995,38555.57,12.491170531847315,11.317641457441347,10.559881792485836,12.491170531847315,0.0,0,0,1,0
crypto_arb,2026-08-20,0.088721,592482659.0,20.19983216303471,0.1155172576310742,,0.5761898693025462,0,1,1,,,,,,,chain,Arbitrum,0,422095.0799999998,162235.85,91114.03,12.952988244828626,11.996812583515995,11.41987805317434,12.952988244828626,0.0,0,0,1,0
crypto_arb,2026-08-21,0.09505,634748282.0,20.268739071968007,0.06890645454015863,,0.6249218840334478,0,1,1,,,,,,,chain,Arbitrum,0,522334.95999999996,185790.86,69883.43999999999,13.166066261374699,12.132382293853187,11.154598299722416,13.166066261374699,0.0,0,0,1,0
crypto_bnb,2026-05-25,662.02,92143437157.0,25.24661229939419,,0.0472338287724577,,1,1,1,,,,,,,,,,,,,,,,,,0,0,0,0
crypto_bnb,2026-05-26,658.31,91626852150.0,25.240990211410036,-0.005619821959994714,0.023836025294992604,,1,1,1,,,,,,,chain,BSC,0,977187.7300000001,440808.17,70643.0,13.792435085347929,12.99636733968976,11.165408458816263,13.792435085347929,0.0,0,0,1,1
crypto_bnb,2026-05-27,653.03,90892282344.0,25.232940931819137,-0.008052874972835562,-0.026943509271132756,,1,1,1,,,,,,,chain,BSC,0,867892.3000000002,380439.76,67838.0,13.673824059819154,12.849085754281216,11.124892529791104,13.673824059819154,0.0,0,0,1,1
crypto_bnb,2026-05-28,637.22,88691783017.0,25.20843308405647,-0.024508105165338162,-0.05350765489345789,,1,1,1,,,,,,,chain,BSC,0,863724.7100000001,357737.38,62752.0,13.669010532105647,12.787557216108516,11.046961664616168,13.669010532105647,0.0,0,0,1,1
crypto_bnb,2026-05-29,638.35,88847786154.0,25.210190474568105,0.0017717574035151073,-0.08703558742675044,,1,1,1,,,,,,,chain,BSC,0,859651.0000000001,401652.81000000006,61312.0,13.664282935173524,12.903345827427751,11.023747171218401,13.664282935173524,0.0,0,0,1,1
crypto_bnb,2026-05-30,682.16,94946058823.0,25.27657476542327,0.06637751216743419,-0.1713290707905031,,1,1,1,,,,,,,chain,BSC,0,844392.0499999999,396194.51,63548.0,13.646373364226077,12.8896630805221,11.059566540852567,13.646373364226077,0.0,0,0,1,1
crypto_bnb,2026-05-31,721.73,100453031198.0,25.33295610393922,0.05638687329926171,-0.20225765010632632,,1,1,1,,,,,,,chain,BSC,0,1047620.0499999999,491774.39999999997,93276.0,13.862032484960977,13.105777387179701,11.443328839832144,13.862032484960977,0.0,0,0,1,1
crypto_bnb,2026-06-01,694.04,96600225020.0,25.293846907561758,-0.0391215119995848,-0.14238843625535252,,1,1,1,,,,,,,chain,BSC,0,1243124.0,602164.53,81910.0,14.033138928590374,13.30828765327193,11.313388570956672,14.033138928590374,0.0,0,0,1,1
crypto_bnb,2026-06-02,674.19,93836727247.0,25.264822164798968,-0.029017625437459976,-0.1224494933579115,,1,1,1,,,,,,,chain,BSC,0,1434075.1500000001,736069.47,104856.0,14.176031401939587,13.509081140410144,11.560352796142592,14.176031401939587,0.0,0,0,1,1
crypto_bnb,2026-06-03,635.67,88475135100.0,25.205987390161795,-0.05883240953896075,-0.07829280677223327,,1,1,1,,,,,,,chain,BSC,0,1510556.37,698822.09,170803.0,14.227989259888671,13.45715289905448,12.048271979266127,14.227989259888671,0.0,0,0,1,1
crypto_bnb,2026-06-04,604.02,84070448062.0,25.154920951709485,-0.051072250787663316,-0.009565152899752424,,1,1,1,,,,,,,chain,BSC,0,1046794.97,475414.58,115375.0,13.861244599802669,13.071944605773416,11.655951639156541,13.861244599802669,0.0,0,0,1,1
crypto_bnb,2026-06-05,585.14,81442582110.0,25.1231640949189,-0.03175617512977749,0.031987928677471716,,1,1,1,,,,,,,chain,BSC,0,1129605.6800000002,470912.57,136828.0,13.937380059301363,13.062429852975072,11.826487250008336,13.937380059301363,0.0,0,0,1,1
crypto_bnb,2026-06-06,574.75,79996384089.0,25.105247271711292,-0.017915971196318544,0.05246616003066996,,1,1,1,,,,,,,chain,BSC,0,1243907.2300000002,580764.25,165632.0,14.033768779463651,13.272101909435545,12.017529776442917,14.033768779463651,0.0,0,0,1,1
crypto_bnb,2026-06-07,589.57,82058700576.0,25.13070068878755,0.025458293983438428,0.032868061586398725,,1,1,1,,,,,,,chain,BSC,0,914852.2100000001,384389.2,117467.0,13.726518905158485,12.859413461476494,11.67392123504943,13.726518905158485,0.0,0,0,1,1
crypto_bnb,2026-06-08,601.93,83778690839.0,25.151444526167513,0.020747701851388974,0.028561672919665004,,1,1,1,,,,,,,chain,BSC,0,1079015.1800000002,445335.81000000006,121622.0,13.891560239493922,13.006586151266372,11.708681375365435,13.891560239493922,0.0,0,0,1,1
crypto_bnb,2026-06-09,596.49,83021976518.0,25.14237118702098,-0.009078682540018857,0.024116311945909998,,1,1,1,,,,,,,chain,BSC,0,1070835.46,499707.67,95736.0,13.883950639357598,13.121780547592026,11.469360127590292,13.883950639357598,0.0,0,0,1,1
crypto_bnb,2026-06-10,587.8,81812275246.0,25.127693133428647,-0.014675722953282582,0.02728677676467489,,1,1,1,,,,,,,chain,BSC,0,1554121.03,652927.88,175147.0,14.256421333210222,13.389223489616581,12.073386609776538,14.256421333210222,0.0,0,0,1,1
crypto_bnb,2026-06-11,598.27,83269773331.0,25.14535145509364,0.017655403084817615,-0.018659649941584852,,1,1,1,,,,,,,chain,BSC,0,849428.31,385729.31000000006,77312.0,13.652320002976584,12.862893725500742,11.25561739637343,13.652320002976584,0.0,0,0,1,1
crypto_bnb,2026-06-12,604.16,84089448168.0,25.155146928372254,0.00979690644744665,-0.04618745643116782,,1,1,1,,,,,,,chain,BSC,0,1079627.79,495262.29000000004,99305.0,13.892127827054601,13.1128447991326,11.505961271168596,13.892127827054601,0.0,0,0,1,1
crypto_bnb,2026-06-13,605.71,84305300621.0,25.157710578043908,0.0025622601568796623,-0.035473470996815186,,1,1,1,,,,,,,chain,BSC,0,1037251.74,451329.86,78048.0,13.85208617979201,13.019955963712148,11.265092113561693,13.85208617979201,0.0,0,0,1,1
crypto_bnb,2026-06-14,609.27,84800983983.0,25.16357298325006,0.005860195539167174,-0.03442973968892225,,1,1,1,,,,,,,chain,BSC,0,1051965.18,354516.95,116956.0,13.866171523474051,12.778514258369182,11.669561624859842,13.866171523474051,0.0,0,0,1,1
crypto_bnb,2026-06-15,619.37,86206665727.0,25.180013340245843,0.01644131318465545,-0.043913237075805786,,1,1,1,,,,,,,chain,BSC,0,1005080.9700000001,335427.18999999994,82621.0,13.820579658338353,12.723163173736173,11.322031267871516,13.820579658338353,0.0,0,0,1,1
crypto_bnb,2026-06-16,611.05,85048645620.0,25.166489231146496,-0.013524043513773945,-0.054429141122620046,,1,1,1,,,,,,,chain,BSC,0,949854.5800000001,392711.88,79862.0,13.76406523096772,12.880834038602215,11.288067945651683,13.76406523096772,0.0,0,0,1,1
crypto_bnb,2026-06-17,604.06,84076168571.0,25.15498899362572,-0.011505258134517627,-0.05794945446976312,,1,1,1,,,,,,,chain,BSC,0,946497.2200000001,393723.35,78109.0,13.760524369016963,12.88340632414295,11.265873368604343,13.760524369016963,0.0,0,0,1,1
crypto_bnb,2026-06-18,587.21,81730308595.0,25.126690744253445,-0.0282910236214422,-0.044592654416448205,,1,1,1,,,,,,,chain,BSC,0,1119485.1500000001,518977.98,93620.0,13.928380343349955,13.159618660364448,11.447009996275332,13.928380343349955,0.0,0,0,1,1
crypto_bnb,2026-06-19,576.89,80294501349.0,25.10896697920333,-0.01773090004213624,-0.02488720934555375,,1,1,1,,,,,,,chain,BSC,0,897117.9700000001,376673.28,71968.0,13.706943763238417,12.839136114205527,11.18399074972698,13.706943763238417,0.0,0,0,1,1
crypto_bnb,2026-06-20,584.6,81367123903.0,25.122237145116568,0.013276245591232168,-0.03745286173923859,,1,1,1,,,,,,,chain,BSC,0,660474.6200000001,248238.03000000003,60287.0,13.400715490832539,12.422147391605765,11.006888357936035,13.400715490832539,0.0,0,0,1,1
crypto_bnb,2026-06-21,588.65,81930778911.0,25.129140568085333,0.006903926847060244,-0.06072124586772275,,1,1,1,,,,,,,chain,BSC,0,700710.2500000001,257480.32000000004,55346.0,13.459851169602938,12.458702452765188,10.921377736125875,13.459851169602938,0.0,0,0,1,1
crypto_bnb,2026-06-22,592.76,82503448501.0,25.13610592942557,0.006957815797771916,-0.06739027906263956,,1,1,1,,,,,,,chain,BSC,0,721065.8900000001,256444.40000000002,70001.0,13.488487185888955,12.45467105543681,11.156279092051912,13.488487185888955,0.0,0,0,1,1
crypto_bnb,2026-06-23,578.68,80543675435.0,25.11206542623039,-0.02403994756058831,-0.05286980937875403,,1,1,1,,,,,,,chain,BSC,0,913935.7100000001,364582.19,61078.0,13.72551660296215,12.806510034842917,11.019923387227362,13.72551660296215,0.0,0,0,1,1
crypto_bnb,2026-06-24,570.05,79342065878.0,25.097034289984506,-0.015025571481660656,-0.038318042006184834,0.5251668413876474,1,1,1,,,,,,,chain,BSC,0,878330.8200000002,309069.56000000006,65771.0,13.685779728327855,12.641324879326664,11.093949494834117,13.685779728327855,0.0,0,0,1,1
crypto_bnb,2026-06-25,561.6,78165302217.0,25.08209168036623,-0.014934223568127274,-0.010525282430940423,0.5263121151216353,1,1,1,,,,,,,chain,BSC,0,940319.4,401727.43000000005,103431.4,13.753975947233489,12.903531592052607,11.546673538202029,13.753975947233489,0.0,0,0,1,1
crypto_bnb,2026-06-26,562.71,78320529363.0,25.08407559412182,0.0019745450287583168,0.0037249936643704885,0.526813028455676,1,1,1,,,,,,,chain,BSC,0,922471.7400000001,359969.82,81557.49,13.734813104324704,12.793778251591558,11.309075710539565,13.734813104324704,0.0,0,0,1,1
crypto_bnb,2026-06-27,563.11,78376798093.0,25.084793777811768,0.0007105931975474232,0.017497982004800995,0.5223615206123133,1,1,1,,,,,,,chain,BSC,0,896716.56,349100.14,83420.0,13.70649621966353,12.763116958627755,11.331655355212051,13.70649621966353,0.0,0,0,1,1
crypto_bnb,2026-06-28,553.97,77103520361.0,25.06841477614907,-0.01636445728142411,0.045572682831072055,0.5236153742191297,1,1,1,,,,,,,chain,BSC,0,741179.27,291294.13,67960.0,13.515999154042827,12.582092224647804,11.126689290215575,13.515999154042827,0.0,0,0,1,1
crypto_bnb,2026-06-29,554.13,77126797882.0,25.068716630174166,0.00028878260285511415,0.05027315788969036,0.457192684310627,1,1,1,,,,,,,chain,BSC,0,777390.01,321751.8,68311.0,13.563698733145074,12.68153882782921,11.131840725587441,13.563698733145074,0.0,0,0,1,1
crypto_bnb,2026-06-30,548.88,76395619653.0,25.059191197090392,-0.009519477876702799,0.05578599280080528,0.39601857928466583,1,1,1,,,,,,,chain,BSC,0,859655.8200000001,362206.14999999997,55520.990000000005,13.664288542077816,12.799971564711486,10.924534437477824,13.664288542077816,0.0,0,0,1,1
crypto_bnb,2026-07-01,548.62,75679601508.0,25.04977449618991,-0.0004738041090915066,0.032176954090049614,0.3818662071060744,1,1,1,,,,,,,chain,BSC,0,929355.52,374378.1,84774.1,13.742247711667993,12.83302419937786,11.347757146586185,13.742247711667993,0.0,0,0,1,1
crypto_bnb,2026-07-02,555.72,74901316774.0,25.039437307742286,0.01285853600711701,0.025582294706169427,0.38056654249425564,1,1,1,,,,,,,chain,BSC,0,946421.03,401633.91,60125.0,13.760443869059248,12.903298770872535,11.004197639286383,13.760443869059248,0.0,0,0,1,1
crypto_bnb,2026-07-03,564.81,76126449272.0,25.05566160085108,0.016224821124069054,0.017584953504987143,0.33821166458517515,1,1,1,,,,,,,chain,BSC,0,906912.93,375805.53,70163.0,13.717802829335337,12.836829742074507,11.158590637963671,13.717802829335337,0.0,0,0,1,1
crypto_bnb,2026-07-04,573.05,77237659425.0,25.07015299141942,0.014483581537978107,0.008497084113056398,0.29815446498447346,1,1,1,,,,,,,chain,BSC,0,871633.9400000001,346317.65,58390.0,13.678125968445093,12.755114583979367,10.974917047351175,13.678125968445093,0.0,0,0,1,1
crypto_bnb,2026-07-05,579.8,78146499342.0,25.08185109872232,0.011710243544846868,-0.00643667654694356,0.2811697539517715,1,1,1,,,,,,,chain,BSC,0,1024757.6200000001,438664.67000000004,46688.0,13.839967650138963,12.991492830160235,10.751263869873119,13.839967650138963,0.0,0,0,1,1
crypto_bnb,2026-07-06,582.7,78538148929.0,25.08685031730567,0.004989257661473531,-0.02505821914515229,0.2743827228862069,1,1,1,,,,,,,chain,BSC,0,2280915.95,1281964.54,83580.0,14.640088091134153,14.063905036226288,11.333571500515161,14.640088091134153,0.0,0,0,1,1
crypto_bnb,2026-07-07,580.37,78223529911.0,25.082836333240714,-0.004006642965587904,-0.010043896234458751,0.2594337904791937,1,1,1,,,,,,,chain,BSC,0,1849945.1400000001,1038816.52,51121.0,14.430667083117187,13.853593624242677,10.841970211916781,14.430667083117187,0.0,0,0,1,1
crypto_bnb,2026-07-08,566.56,76362363540.0,25.058755787917917,-0.024082842819847152,0.022944990135189317,0.2602939366564982,1,1,1,,,,,,,chain,BSC,0,1631676.07,833494.96,80739.73,14.305118921152081,13.633384134130646,11.298998435733411,14.305118921152081,0.0,0,0,1,1
crypto_bnb,2026-07-09,570.12,76841791670.0,25.065014491467178,0.006263876623236808,0.013536674155346057,0.26055753358681055,1,1,1,,,,,,,chain,BSC,0,1097904.4700000002,514590.02,80779.0,13.908914804449232,13.151127728230572,11.299484689117405,13.908914804449232,0.0,0,0,1,1
crypto_bnb,2026-07-10,574.83,77476809242.0,25.073244492938713,0.008227479922886928,-0.014544309091829697,0.25822527633755327,1,1,1,,,,,,,chain,BSC,0,967173.2700000001,369592.77,55730.0,13.782133975364763,12.820159762546995,10.928291824059514,13.782133975364763,0.0,0,0,1,1
crypto_bnb,2026-07-11,577.94,77896208511.0,25.078643117406283,0.005395712146047263,-0.015607197776313092,0.25066083710905224,1,1,1,,,,,,,chain,BSC,0,972200.8500000001,359821.0200000001,47139.0,13.78731872649232,12.793364799292922,10.760877176490123,13.78731872649232,0.0,0,0,1,1
crypto_bnb,2026-07-12,576.08,77644946769.0,25.075412307398395,-0.0032235171151529587,-0.012752823813791484,0.24759804374529237,1,1,1,,,,,,,chain,BSC,0,906247.5300000001,299821.02999999997,61890.020000000004,13.71706886308074,12.610944344272488,11.033130375450726,13.71706886308074,0.0,0,0,1,1
crypto_bnb,2026-07-13,568.28,76594397818.0,25.061789775483174,-0.01363228493673511,0.0015297647673493849,0.2506081180945864,1,1,1,,,,,,,chain,BSC,0,1065980.1700000002,431586.59,69783.0,13.87940621938681,12.975225758477288,11.153160036113054,13.87940621938681,0.0,0,0,1,1
crypto_bnb,2026-07-14,574.57,77441903644.0,25.07279386179235,0.011007679945105656,3.480803369770175e-05,0.2533014859519469,1,1,1,,,,,,,chain,BSC,0,748999.46,274468.02,83886.0,13.526494876651372,12.52259367381759,11.337225934085149,13.526494876651372,0.0,0,0,1,1
crypto_bnb,2026-07-15,579.71,78135284786.0,25.0817075815993,0.008906043549801002,-0.015156282130980464,0.24771577619774482,1,1,1,,,,,,,chain,BSC,0,1088814.62,447822.51999999996,69215.0,13.900601076285556,13.01215450521545,11.144987328752785,13.900601076285556,0.0,0,0,1,1
crypto_bnb,2026-07-16,577.89,77888958038.0,25.078550034436113,-0.0031444393566063783,-0.016259102484976716,0.24436995778487428,1,1,1,,,,,,,chain,BSC,0,960046.0000000001,348398.37,59575.0,13.774737520578933,12.76110471569249,10.995008087390481,13.774737520578933,0.0,0,0,1,1
crypto_bnb,2026-07-17,566.53,76359046558.0,25.058712349581427,-0.01985350332428883,-0.002385771337779547,0.25018303474008935,1,1,1,,,,,,,chain,BSC,0,733349.9800000001,267045.57999999996,59605.0,13.505379693007274,12.495178379095385,10.995511519127382,13.505379693007274,0.0,0,0,1,1
crypto_bnb,2026-07-18,568.99,76690495494.0,25.063043619701133,0.004332823461563865,-0.004703569813517428,0.23251538783490752,1,1,1,,,,,,,chain,BSC,0,810171.62,324076.49,59473.0,13.605002615054785,12.688737932845346,10.9932945212425,13.605002615054785,0.0,0,0,1,1
crypto_bnb,2026-07-19,568.78,76662081295.0,25.062673046217203,-0.0003691431526313773,0.00492823502428292,0.22459056408562905,1,1,1,,,,,,,chain,BSC,0,813391.4900000001,322717.34,38678.0,13.608969039562872,12.684535209396921,10.563052096078946,13.608969039562872,0.0,0,0,1,1
crypto_bnb,2026-07-20,569.15,76711443217.0,25.063316728676238,0.0006503036444055858,0.005781375598595898,0.21911399697483339,1,1,1,,,,,,,chain,BSC,0,1121126.75,482556.35000000003,53222.0,13.929845656310595,13.086855052801502,10.882245912728758,13.929845656310595,0.0,0,0,1,1
crypto_bnb,2026-07-21,574.59,76820114195.0,25.06473234639001,0.009512723211453885,-0.012997660559893928,0.22046713168780188,1,1,1,,,,,,,chain,BSC,0,824373.3800000001,395367.97000000003,55269.0,13.62238005036852,12.887574709147986,10.919985544827309,13.62238005036852,0.0,0,0,1,1
crypto_bnb,2026-07-22,570.99,76035735678.0,25.05446927300988,-0.0062850466148772184,-0.0028412099508643204,0.21943430841120692,1,1,1,,,,,,,chain,BSC,0,817193.64,376392.19,44708.0,13.613632582922204,12.838389594074856,10.707930102616903,13.613632582922204,0.0,0,0,1,1
crypto_bnb,2026-07-23,568.57,75714300642.0,25.050232891595737,-0.004247259710602798,0.025440037002050445,0.20386691852704728,1,1,1,,,,,,,chain,BSC,0,721850.8099999999,321952.97000000003,57770.0,13.489575147500963,12.682163863997618,10.964242198647998,13.489575147500963,0.0,0,0,1,1
crypto_bnb,2026-07-24,565.18,75263118834.0,25.044256062044976,-0.005980172177091603,0.04095928648598919,0.19816588918203232,1,1,1,,,,,,,chain,BSC,0,748473.6100000001,308789.75999999995,54378.0,13.5257925610908,12.640419174405285,10.903733328903735,13.5257925610908,0.0,0,0,1,1
crypto_bnb,2026-07-25,566.32,75415082332.0,25.046273122885186,0.002015024985825997,0.027431425947145753,0.19108952078980157,1,1,1,,,,,,,chain,BSC,0,741634.9800000001,272768.6400000001,38869.03,13.516613808777489,12.516382908435636,10.567978795649418,13.516613808777489,0.0,0,0,1,1
crypto_bnb,2026-07-26,571.59,76116579839.0,25.055531947190463,0.009262661685169015,0.02134203599227394,0.19357821346994034,1,1,1,,,,,,,chain,BSC,0,643476.9399999998,294434.87,49591.560000000005,13.37464302415642,12.592816499447451,10.811596101461895,13.37464302415642,0.0,0,0,1,1
crypto_bnb,2026-07-27,572.45,76231292243.0,25.05703787469849,0.0015034442187186168,0.02474160917233706,0.1936076920415798,1,1,1,,,,,,,chain,BSC,0,654950.3499999997,294040.96,30845.66,13.392316237049718,12.591477757225569,10.3367837576701,13.392316237049718,0.0,0,0,1,1
crypto_bnb,2026-07-28,567.17,75527585763.0,25.04776380081281,-0.009266312947035813,0.04112309346314831,0.18728321660226685,1,1,1,,,,,,,chain,BSC,0,859864.3000000003,412256.99000000005,60940.78,13.664531028055283,12.929404621677326,11.017674261171214,13.664531028055283,0.0,0,0,1,1
crypto_bnb,2026-07-29,569.37,75820628256.0,25.05163623315168,0.0038714039941523423,0.04989603858108992,0.18758043182895087,1,1,1,,,,,,,chain,BSC,0,944120.1399999998,462917.03999999986,54649.049999999996,13.758009763165713,13.045305297960136,10.90870540851735,13.758009763165713,0.0,0,0,1,1
crypto_bnb,2026-07-30,583.22,77664831212.0,25.075668369101233,0.024033987242312177,0.01668051427805755,0.20019956957688895,1,1,1,,,,,,,chain,BSC,0,850239.9199999999,376964.60000000003,50627.14000000001,13.653275023600422,12.839909215582566,10.832262827176747,13.653275023600422,0.0,0,0,1,1
crypto_bnb,2026-07-31,588.81,78409604777.0,25.08521226670976,0.009539077306847093,0.0034078515216685564,0.20166903685986684,1,1,1,,,,,,,chain,BSC,0,1846221.1400000004,1069624.36,120964.25,14.428652022666478,13.882819014286854,11.703258593249265,14.428652022666478,0.0,0,0,1,1
crypto_bnb,2026-08-01,582.07,77512532656.0,25.07370547192211,-0.01151283555301754,0.026046406717709383,0.20360293757490516,1,1,1,,,,,,,chain,BSC,0,2077325.9800000007,1206139.9200000006,115879.79000000001,14.54659251945172,14.00293649853084,11.660317269257355,14.54659251945172,0.0,0,0,1,1
crypto_bnb,2026-08-02,583.92,77758760414.0,25.07687705579355,0.0031732717302970226,0.03458805388840782,0.19673206895459142,1,1,1,,,,,,,chain,BSC,0,2271658.3700000006,1477572.8399999996,139287.99000000002,14.63602112240722,14.205912003324952,11.844306118596846,14.63602112240722,0.0,0,0,1,1
crypto_bnb,2026-08-03,586.79,78140801612.0,25.081778185184653,0.004903017398781611,0.025324624709807748,0.19129766060265233,1,1,1,,,,,,,chain,BSC,0,2826292.240000001,1478887.93,319840.48,14.854476601882315,14.206801640833723,12.675580777037178,14.854476601882315,0.0,0,0,1,1
crypto_bnb,2026-08-04,590.98,78698613493.0,25.088891374590688,0.007115171343775542,0.025444284807580732,0.18864923276793097,1,1,1,,,,,,,chain,BSC,0,2187157.2300000004,1282218.1999999993,147250.13,14.598113647293237,14.064102884686166,11.899894775508157,14.598113647293237,0.0,0,0,1,1
crypto_bnb,2026-08-05,598.5,79699413916.0,25.101528069089444,0.012644349112093925,0.02235477592071959,0.19271804102883955,1,1,1,,,,,,,chain,BSC,0,1983620.3600000003,1159124.95,131637.99000000002,14.500434701839199,13.96317678768593,11.787818530587856,14.500434701839199,0.0,0,0,1,1
crypto_bnb,2026-08-06,593.03,78971475725.0,25.09235255744098,-0.00918153706072016,0.028705651613141394,0.19520285539373605,1,1,1,,,,,,,chain,BSC,0,2004284.67,1136002.5999999999,158975.27,14.51079828092782,13.943027047272297,11.976510224781164,14.51079828092782,0.0,0,0,1,1
crypto_bnb,2026-08-07,590.82,78676823170.0,25.0886144530634,-0.0037335854495418657,0.027231533680570512,0.174463827017765,1,1,1,,,,,,,chain,BSC,0,1550464.4300000002,810130.09,121539.82999999999,14.254065721240543,13.604951353060194,11.708005534693509,14.254065721240543,0.0,0,0,1,1
crypto_bnb,2026-08-08,597.43,79557771169.0,25.0997492760727,0.01112571964302348,0.02062509437291715,0.17697675277128902,1,1,1,,,,,,,chain,BSC,0,1524110.1300000008,808396.88,119344.72999999998,14.236921932517706,13.602809642044038,11.689779854000859,14.236921932517706,0.0,0,0,1,1
crypto_bnb,2026-08-09,604.47,80494991414.0,25.111460800975653,0.011714918900995344,0.0022803896457470932,0.17903656920065436,1,1,1,,,,,,,chain,BSC,0,1465315.5499999998,805599.9700000002,117253.99999999999,14.19758185217777,13.599343824457264,11.67210632932254,14.19758185217777,0.0,0,0,1,1
crypto_bnb,2026-08-10,601.84,80144885595.0,25.107101903548035,-0.004360411779818415,0.004889661085128045,0.17971815476021244,1,1,1,,,,,,,chain,BSC,0,1614415.55,786988.3600000005,177174.92000000004,14.294484180015555,13.575970007613105,12.084898416271155,14.294484180015555,0.0,0,0,1,1
crypto_bnb,2026-08-11,606.21,80726747248.0,25.114335797803708,0.007234831441548385,-0.005906457176075355,0.1800698400815773,1,1,1,,,,,,,chain,BSC,0,2291418.49,1160968.3600000006,238874.17,14.644682048122519,13.964765869289574,12.383696393211604,14.644682048122519,0.0,0,0,1,1
crypto_bnb,2026-08-12,612.03,81501721157.0,25.123889975461033,0.009554840225232985,-0.004273615739282697,0.17325637945823866,1,1,1,,,,,,,chain,BSC,0,1517320.7599999998,797553.28,107247.11,14.232457338674585,13.589305174020902,11.582900214257364,14.232457338674585,0.0,0,0,1,1
crypto_bnb,2026-08-13,610.3,81271296408.0,25.12105873344845,-0.002830661368298238,0.04790808552918551,0.17138964661654066,1,1,1,,,,,,,chain,BSC,0,1535230.7000000002,782640.3900000004,109753.22,14.244191872237849,13.570429875169804,11.605998781223253,14.244191872237849,0.0,0,0,1,1
crypto_bnb,2026-08-14,607.13,80849119786.0,25.115850535909644,-0.005207703382112877,0.10319553975558318,0.17131350960568847,1,1,1,,,,,,,chain,BSC,0,1681901.3900000001,935147.7299999999,125271.72,14.335436085726466,13.748460865139327,11.738248399702217,14.335436085726466,0.0,0,0,1,1
crypto_bnb,2026-08-15,609.88,81214577700.0,25.120360596325884,0.004519280335370019,,0.17076037860354054,1,1,1,,,,,,,chain,BSC,0,1436687.0200000005,755505.2300000001,116662.97,14.177851036410415,13.535143306855504,11.667053030244633,14.177851036410415,0.0,0,0,1,0
crypto_bnb,2026-08-16,605.85,80678460027.0,25.11373746243082,-0.006629785826174683,,0.15517774895076744,1,1,1,,,,,,,chain,BSC,0,1928518.03,1161376.9300000002,144182.08999999994,14.472262924354613,13.965117728812027,11.87883922927282,14.472262924354613,0.0,0,0,1,0
crypto_bnb,2026-08-17,604.79,80537989842.0,25.111994833553158,-0.0017511403404373866,,0.15559392066995664,1,1,1,,,,,,,chain,BSC,0,2673915.07,1557787.5300000005,216245.77,14.799054648716874,14.258777764493132,12.284175488266392,14.799054648716874,0.0,0,0,1,0
crypto_bnb,2026-08-18,602.64,80250806539.0,25.10842264923625,-0.0035612868196549397,,0.15660951979387464,1,1,1,,,,,,,chain,BSC,0,2310141.9000000004,1408871.9000000001,151202.2,14.652819942056496,14.158300580992297,11.92637990652478,14.652819942056496,0.0,0,0,1,0
crypto_bnb,2026-08-19,609.42,81153499038.0,25.119608248129023,0.011187681662025422,,0.15980830539228713,1,1,1,,,,,,,chain,BSC,0,2487171.9299999992,1557879.49,174323.01999999996,14.726657253942783,14.2588367951536,12.068671030389773,14.726657253942783,0.0,0,0,1,0
crypto_bnb,2026-08-20,640.25,85259214901.0,25.168962039948795,0.04935103990016994,,0.22826013490475386,1,1,1,,,,,,,chain,BSC,0,2234365.2999999993,1339405.9200000002,135361.13999999996,14.619468211150634,14.1077374769372,11.815708984407749,14.619468211150634,0.0,0,0,1,0
crypto_bnb,2026-08-21,673.13,89637429176.0,25.21903880603905,0.05007975084428491,,0.2769859920932621,1,1,1,,,,,,,chain,BSC,0,3021431.21,1783815.65,207230.12999999998,14.921241518655842,14.394265812176737,12.24159001939511,14.921241518655842,0.0,0,0,1,0
crypto_btc,2026-05-25,77315.6,1548958472355.0,28.068603867678533,,-0.06683084396821458,,0,0,0,,,,,,,,,,,,,,,,,,0,0,0,0
crypto_btc,2026-05-26,76533.4,1533326647157.0,28.0584607701962,-0.010168499500674099,-0.10432055228712056,,0,0,0,608973.0,781457.0,13.31953085284142,13.56891668459717,0.0,0.0,chain,Bitcoin,0,2876.0,2205.0,,7.964503363551548,7.698936199813447,,0.0,0.0,1,1,1,1
crypto_btc,2026-05-27,75344.42,1509537403883.0,28.042824364774717,-0.015657378939461054,-0.12703959995433547,,0,0,0,625482.0,626622.0,13.346279430262372,13.348100362859135,0.0,0.0,chain,Bitcoin,0,2141.0,1641.0,,7.669495251007694,7.403670290012373,,0.0,0.0,1,1,1,1
crypto_btc,2026-05-28,73406.13,1470738072758.0,28.016785481025593,-0.0260624207979368,-0.14511353612972425,,0,0,0,608435.0,646713.0,13.318647009214338,13.379659435569003,0.0,0.0,chain,Bitcoin,0,1414.0,1084.0,,7.254884810077338,6.98933526597456,,0.0,0.0,1,1,1,1
crypto_btc,2026-05-29,73506.18,1472778692235.0,28.018171999239577,0.001362037197117961,-0.17233940855245342,,0,0,0,622022.0,783577.0,13.340732348529627,13.571625889109647,0.0,0.0,chain,Bitcoin,0,1235.0,947.0,,7.119635638017636,6.854354502255021,,0.0,0.0,1,1,1,1
crypto_btc,2026-05-30,73663.29,1475959318802.0,28.020329279939734,0.0021350903782369397,-0.19210970603441627,,0,0,0,669839.0,634214.0,13.414794156878314,13.360143292651527,0.0,0.0,chain,Bitcoin,0,1502.0,1151.0,,7.315218389752975,7.049254841255837,,0.0,0.0,1,1,1,1
crypto_btc,2026-05-31,73793.5,1478600645176.0,28.022117246411803,0.0017660771517413524,-0.17423433612643638,,0,0,0,573532.0,657986.0,13.259570755308498,13.396940453273379,0.0,0.0,chain,Bitcoin,0,159.0,122.0,,5.075173815233827,4.812184355372417,,0.0,0.0,1,1,1,1
crypto_btc,2026-06-01,72317.41,1449054458809.0,28.00193236227996,-0.02020574945723879,-0.13279702398782764,,0,0,0,535317.0,715768.0,13.19061624182024,13.481112768189591,0.0,0.0,chain,Bitcoin,0,299.0,229.0,,5.703782474656201,5.438079308923196,,0.0,0.0,1,1,1,1
crypto_btc,2026-06-02,68951.73,1381642595029.0,27.954294193521502,-0.04765820781958001,-0.1004975638976007,,0,0,0,703973.0,556953.0,13.464496702640002,13.230237930220794,0.0,0.0,chain,Bitcoin,0,383.0,294.0,,5.950642552587727,5.68697535633982,,0.0,0.0,1,1,1,1
crypto_btc,2026-06-03,66355.74,1329646990894.0,27.915934602551538,-0.03837642660667602,-0.0747381086156947,,0,0,0,652731.0,435693.0,13.388921910539644,12.984695441067403,0.0,0.0,chain,Bitcoin,0,1133.0,869.0,,7.033506484287697,6.76849321164863,,0.0,0.0,1,1,1,1
crypto_btc,2026-06-04,63490.73,1272261883705.0,27.871817443071276,-0.044136356973325526,-0.010600518955786684,,0,0,0,677654.0,426100.0,13.42639358785714,12.962431686352183,0.0,0.0,chain,Bitcoin,0,1740.0,1335.0,,7.462214939768189,7.197435354096591,,0.0,0.0,1,1,1,1
crypto_btc,2026-06-05,61869.67,1239804709038.0,27.845974990430925,-0.025863835225611205,0.02629545862995349,,0,0,0,705263.0,589059.0,13.466327479783837,13.286283325017731,0.0,0.0,chain,Bitcoin,0,2207.0,1694.0,,7.699842407396986,7.43543801981455,,0.0,0.0,1,1,1,1
crypto_btc,2026-06-06,60788.15,1218157296716.0,27.828360420322948,-0.017635207103726073,0.05016671690536768,,0,0,0,724204.0,568562.0,13.492829780459964,13.250867403974826,0.0,0.0,chain,Bitcoin,0,3742.0,2869.0,,8.22764270790443,7.962067308753666,,0.0,0.0,1,1,1,1
crypto_btc,2026-06-07,61993.92,1242342430188.0,27.84801977012517,0.019641447059721377,0.037464396673197536,,0,0,0,617500.0,537071.0,13.333435966916156,13.193887442715612,0.0,0.0,chain,Bitcoin,0,1705.0,1308.0,,7.441906728051625,7.1770187659099,,0.0,0.0,1,1,1,1
crypto_btc,2026-06-08,63324.22,1269025747414.0,27.86927059398531,0.02123156268137009,0.043395451122209903,,0,0,0,523362.0,551253.0,13.168030574947773,13.219950961952694,0.0,0.0,chain,Bitcoin,0,705.0,541.0,,6.559615237493242,6.295266001439646,,0.0,0.0,1,1,1,1
crypto_btc,2026-06-09,62359.07,1249707916001.0,27.853930972739125,-0.015358747729353108,0.05742810567457059,,0,0,0,623204.0,573611.0,13.342630796613037,13.259708488550809,0.0,0.0,chain,Bitcoin,0,813.0,624.0,,6.70196036600254,6.437751649736401,,0.0,0.0,1,1,1,1
crypto_btc,2026-06-10,61577.23,1234064852128.0,27.841334594429515,-0.01261697132477006,0.057109485827386224,,0,0,0,595000.0,576386.0,13.296318365198623,13.264534589071069,0.0,0.0,chain,Bitcoin,0,829.0,636.0,,6.721425700790643,6.456769655572163,,0.0,0.0,1,1,1,1
crypto_btc,2026-06-11,62821.25,1259022729798.0,27.861356924678464,0.020001232686582552,0.01335350640526941,,0,0,0,618722.0,566110.0,13.335412955549307,13.246545451031869,0.0,0.0,chain,Bitcoin,0,1050.0,805.0,,6.957497370876951,6.692083742506628,,0.0,0.0,1,1,1,1
crypto_btc,2026-06-12,63518.14,1273015553011.0,27.872409653034055,0.011032142360129027,-0.010622014961045296,,0,0,0,639861.0,628815.0,13.369007807085442,13.351593965066028,0.0,0.0,chain,Bitcoin,0,1947.0,1492.0,,7.5745584842024805,7.30854279753919,,0.0,0.0,1,1,1,1
crypto_btc,2026-06-13,63915.48,1281007082894.0,27.878667668019116,0.006236051171688103,-0.0036990528558826707,,0,0,0,688598.0,660151.0,13.442414377663606,13.400225390517239,0.0,0.0,chain,Bitcoin,0,898.0,688.0,,6.80128303447162,6.535241271013659,,0.0,0.0,1,1,1,1
crypto_btc,2026-06-14,64360.54,1289952255034.0,27.885626322015632,0.0069391268275512735,-0.004650752859301339,,0,0,0,547731.0,541792.0,13.213541395210772,13.202639288653028,0.0,0.0,chain,Bitcoin,0,428.0,328.0,,6.061456918928017,5.796057750765372,,0.0,0.0,1,1,1,1
crypto_btc,2026-06-15,66132.7,1325501935012.0,27.91281232250996,0.027162617130382427,-0.02770533284832924,,0,0,0,534169.0,730021.0,13.188469419338992,13.500829949656765,0.0,0.0,chain,Bitcoin,0,1293.0,991.0,,7.165493475060845,6.899723107284872,,0.0,0.0,1,1,1,1
crypto_btc,2026-06-16,66045.06,1323777776800.0,27.911510717060196,-0.0013260931769925241,-0.050212113637681084,,0,0,0,663373.0,713083.0,13.40509421268606,13.477354504518848,0.0,0.0,chain,Bitcoin,0,1076.0,827.0,,6.981934677156389,6.71901315438526,,0.0,0.0,1,1,1,1
crypto_btc,2026-06-17,65196.23,1306794717524.0,27.898598474366413,-0.012935591171954376,-0.055152885060381615,,0,0,0,642395.0,786217.0,13.372960214945241,13.574989386645488,0.0,0.0,chain,Bitcoin,0,2604.0,1996.0,,7.865187954187467,7.599401333415815,,0.0,0.0,1,1,1,1
crypto_btc,2026-06-18,63665.76,1276147474509.0,27.87486686980681,-0.023754746735534262,-0.051382778860814174,,0,0,0,619157.0,600431.0,13.336115769499768,13.305404675122633,0.0,0.0,chain,Bitcoin,0,2588.0,1984.0,,7.859026979751538,7.59337419312129,,0.0,0.0,1,1,1,1
crypto_btc,2026-06-19,62847.02,1259766895249.0,27.86194781600599,-0.012943379006185817,-0.0510187974221115,,0,0,0,654630.0,814960.0,13.391826997092583,13.610895538317283,0.0,0.0,chain,Bitcoin,0,815.0,627.0,,6.704414354964107,6.4425401664681985,,0.0,0.0,1,1,1,1
crypto_btc,2026-06-20,63679.49,1276484353623.0,27.875130816304885,0.013159013276850765,-0.05502076476061464,,0,0,0,611813.0,751132.0,13.324183593732316,13.529338012270141,0.0,0.0,chain,Bitcoin,0,2547.0,1952.0,,7.843064016692054,7.577121930876679,,0.0,0.0,1,1,1,1
crypto_btc,2026-06-21,64061.91,1284179212158.0,27.881140884788643,0.005987426824132583,-0.06752009211410509,,0,0,0,541078.0,773705.0,13.201320573045882,13.558947235451253,0.0,0.0,chain,Bitcoin,0,672.0,515.0,,6.511745329644728,6.246106765481563,,0.0,0.0,1,1,1,1
crypto_btc,2026-06-22,64325.62,1289494626847.0,27.88527149540919,0.004108037141354485,-0.07137965997854263,,0,0,0,514984.0,672668.0,13.151893053008104,13.419008660002536,0.0,0.0,chain,Bitcoin,0,456.0,350.0,,6.124683390894205,5.860786223465865,,0.0,0.0,1,1,1,1
crypto_btc,2026-06-23,62810.68,1259157031499.0,27.861463590376594,-0.023832873966344443,-0.062360755400031075,,0,0,0,601216.0,774635.0,13.30671121324095,13.560148520583141,0.0,0.0,chain,Bitcoin,0,2003.0,730.0,65.0,7.602900462204755,6.594413459749778,4.189654742026425,0.0,0.0,1,1,1,1
crypto_btc,2026-06-24,61697.83,1236880177484.0,27.843613339234047,-0.017876362594654787,-0.039520068320292964,0.37230638048779086,0,0,0,620829.0,861296.0,13.33881257142581,13.666194671664268,0.0,0.0,chain,Bitcoin,0,7372.0,1277.0,349.0,8.90557995798965,7.15305163493748,5.857933154483459,0.0,0.0,1,1,1,1
crypto_btc,2026-06-25,60477.06,1212437657744.0,27.82365404214258,-0.01998464053596685,0.008651055216817574,0.3747511526611186,0,0,0,629642.0,751457.0,13.352908271084813,13.529770598389808,0.0,0.0,chain,Bitcoin,0,3730.0,661.0,175.0,8.224431573221159,6.495265555937008,5.170483995038151,0.0,0.0,1,1,1,1
crypto_btc,2026-06-26,59721.06,1197311248902.0,27.81109953284933,-0.012579397567483183,0.03554834053632555,0.37409715365632845,0,0,0,683523.0,799315.0,13.43501704791666,13.591511640929088,0.0,0.0,chain,Bitcoin,0,3398.0,935.0,133.0,8.131236549696116,6.841615476477592,4.897839799950911,0.0,0.0,1,1,1,1
crypto_btc,2026-06-27,60270.44,1208356418204.0,27.820282220105135,0.00915704593834769,0.039832549400856856,0.37256128368826635,0,0,0,662457.0,710902.0,13.403712438606474,13.474291271911484,0.0,0.0,chain,Bitcoin,0,2554.0,1004.0,76.0,7.845807502637805,6.912742820493176,4.343805421853684,0.0,0.0,1,1,1,1
crypto_btc,2026-06-28,59879.24,1200541015308.0,27.81379341721194,-0.006511900529357889,0.04740814428127576,0.37146146307587746,0,0,0,592251.0,826554.0,13.291687498967631,13.625021739703682,0.0,0.0,chain,Bitcoin,0,5296.0,926.0,251.0,8.574895901544526,6.831953565565855,5.529429087511423,0.0,0.0,1,1,1,1
crypto_btc,2026-06-29,59894.12,1200863165851.0,27.814061719022572,0.00024846927691705685,0.05338065167762789,0.3709460115021267,0,0,0,537835.0,618279.0,13.195308959959231,13.334696708266256,0.0,0.0,chain,Bitcoin,0,1224.0,433.0,39.0,7.110696122978827,6.073044534100405,3.6888794541139363,0.0,0.0,1,1,1,1
crypto_btc,2026-06-30,59013.39,1183230133168.0,27.799269215537304,-0.014813969387832962,0.07268087362230233,0.3705802060410938,0,0,0,659557.0,530497.0,13.399325192685726,13.181571467000794,0.0,0.0,chain,Bitcoin,0,4337.0,1242.0,167.0,8.37516869138682,7.1252830915107115,5.123963979403259,0.0,0.0,1,1,1,1
crypto_btc,2026-07-01,59307.08,1189145558226.0,27.804256146855913,0.004964324485083298,0.04981105790936018,0.3700754888292337,0,0,0,722749.0,626708.0,13.490818659878592,13.348237597047898,0.0,0.0,chain,Bitcoin,0,11420.0,4800.0,316.0,9.343209045050607,8.476579508530941,5.75890177387728,0.0,0.0,1,1,1,1
crypto_btc,2026-07-02,61002.52,1223167140395.0,27.83246462755998,0.02818648300114353,0.0278520916043034,0.35857624557503287,0,0,0,742127.0,609267.0,13.517277014010485,13.320013515572976,0.0,0.0,chain,Bitcoin,0,6717.0,1949.0,251.0,8.812545770172237,7.575584651557793,5.529429087511423,0.0,0.0,1,1,1,1
crypto_btc,2026-07-03,61882.23,1240833421556.0,27.846804383935993,0.014317887752024956,0.03300418730665196,0.34186515392322486,0,0,0,702851.0,539658.0,13.462901622313236,13.198692737590568,0.0,0.0,chain,Bitcoin,0,6787.0,1282.0,309.0,8.822911626354117,7.1569563646156364,5.736572297479192,0.0,0.0,1,1,1,1
crypto_btc,2026-07-04,62719.62,1257654142686.0,27.86026931008489,0.01344125480287868,0.022763468725702098,0.3108194817012381,0,0,0,698135.0,686915.0,13.45616920517207,13.439967292986452,0.0,0.0,chain,Bitcoin,0,6559.0,1239.0,299.0,8.788745881938135,7.122866658599083,5.703782474656201,0.0,0.0,1,1,1,1
crypto_btc,2026-07-05,62786.37,1259020061627.0,27.86135480543648,0.0010636943510611131,0.018584289449326677,0.29694357685399747,0,0,0,550009.0,769219.0,13.217691738861548,13.553132293398782,0.0,0.0,chain,Bitcoin,0,4352.0,939.0,188.0,8.378620541552298,6.84587987526405,5.241747015059643,0.0,0.0,1,1,1,1
crypto_btc,2026-07-06,63178.18,1266902120292.0,27.86759576115946,0.006220976673268959,-0.008179049492151494,0.290198352393078,0,0,0,501335.0,636006.0,13.125031813958602,13.362964848550998,0.0,0.0,chain,Bitcoin,0,7338.0,2251.0,266.0,8.900957872545062,7.719573989259581,5.58724865840025,0.0,0.0,1,1,1,1
crypto_btc,2026-07-07,63462.25,1272622979663.0,27.872101224837298,0.004486252556841598,-0.00014545137108044643,0.2828548204126469,0,0,0,613733.0,507339.0,13.327316888504622,13.136936669253789,0.0,0.0,chain,Bitcoin,0,4926.0,998.0,218.0,8.502485562543963,6.906754778648554,5.389071729816501,0.0,0.0,1,1,1,1
crypto_btc,2026-07-08,62336.04,1250065139546.0,27.854216777521795,-0.01790549122785872,0.03942134864733799,0.28016885095327954,0,0,0,641947.0,631230.0,13.372262582506938,13.355427160108821,0.0,0.0,chain,Bitcoin,0,7383.0,1492.0,327.0,8.907070776182689,7.30854279753919,5.793013608384144,0.0,0.0,1,1,1,1
crypto_btc,2026-07-09,62725.45,1257899870369.0,27.86046467673773,0.006227516696086682,0.025110199243603682,0.27586792847229596,0,0,0,611138.0,597694.0,13.323079708188809,13.300835869376654,0.0,0.0,chain,Bitcoin,0,5053.0,1185.0,211.0,8.52793528794814,7.078341579557671,5.356586274672012,0.0,0.0,1,1,1,1
crypto_btc,2026-07-10,63958.68,1282655864430.0,27.879953938326253,0.019469983454373476,-0.008326327474275582,0.27978751747400005,0,0,0,619969.0,559601.0,13.337426368753807,13.234981095748491,0.0,0.0,chain,Bitcoin,0,5441.0,1663.0,200.0,8.601901919343192,7.416979621381154,5.303304908059076,0.0,0.0,1,1,1,1
crypto_btc,2026-07-11,64163.71,1286794979554.0,27.883175730806936,0.0032005362219288134,-0.0003292122084535182,0.2716456768875905,0,0,0,634002.0,579527.0,13.359808965269366,13.26996925810979,0.0,0.0,chain,Bitcoin,0,4230.0,1040.0,174.0,8.350193650720067,6.947937068614969,5.1647859739235145,0.0,0.0,1,1,1,1
crypto_btc,2026-07-12,63964.12,1282819827097.0,27.88008176075526,-0.003115484925314189,0.00924096889914336,0.26934870758176793,0,0,0,557508.0,677240.0,13.231233925683863,13.425782470822497,0.0,0.0,chain,Bitcoin,0,8186.0,1366.0,387.0,9.010302809376448,7.220373836723949,5.961005339623274,0.0,0.0,1,1,1,1
crypto_btc,2026-07-13,62663.55,1256765808452.0,27.859562718275868,-0.020542362268209078,0.03243741822952692,0.2778972342287341,0,0,0,490823.0,764256.0,13.10384089037884,13.546659399017644,0.0,0.0,chain,Bitcoin,0,8411.0,1476.0,395.0,9.03741453682259,7.29776828253138,5.981414211254481,0.0,0.0,1,1,1,1
crypto_btc,2026-07-14,63453.02,1272629732712.0,27.87210653122512,0.01251985067791258,0.04076017679687223,0.28048750218289065,0,0,0,624343.0,706707.0,13.344456777502721,13.468372846835617,0.0,0.0,chain,Bitcoin,0,5700.0,1290.0,246.0,8.648396877031582,7.1631723908466425,5.5093883366279774,0.0,0.0,1,1,1,1
crypto_btc,2026-07-15,64842.49,1300526247063.0,27.893790103917503,0.02166130879055972,0.017838936150285433,0.27425242305230074,0,0,0,639375.0,739142.0,13.368247979714175,13.513246685946843,0.0,0.0,chain,Bitcoin,0,17883.0,3613.0,806.0,9.791661737353872,8.192570471152173,6.693323668269949,0.0,0.0,1,1,1,1
crypto_btc,2026-07-16,64320.44,1290082472849.0,27.88572726469962,-0.008083632707647502,0.015494590306045452,0.27547020447840803,0,0,0,638699.0,558000.0,13.367190139549681,13.232116033476537,0.0,0.0,chain,Bitcoin,0,10355.0,1666.0,497.0,9.245321340871428,7.418780882750794,6.210600077024653,0.0,0.0,1,1,1,1
crypto_btc,2026-07-17,63428.35,1272214888447.0,27.871780504036487,-0.013966543263505788,0.019337009868936078,0.2760608169406261,0,0,0,621188.0,536593.0,13.339390662437298,13.192997035397916,0.0,0.0,chain,Bitcoin,0,21275.0,3303.0,1043.0,9.965334955862208,8.102889134640868,6.950814768442584,0.0,0.0,1,1,1,1
crypto_btc,2026-07-18,64142.59,1286568824842.0,27.88299996497686,0.011197651487750813,-0.0003762638818983439,0.26641919162098426,0,0,0,629901.0,577557.0,13.35331953071214,13.266564149235473,0.0,0.0,chain,Bitcoin,0,6774.0,1207.0,317.0,8.820994645747902,7.0967213784947605,5.762051382780177,0.0,0.0,1,1,1,1
crypto_btc,2026-07-19,64557.95,1294935120182.0,27.88948170957943,0.006454696182282792,0.00031548069599584113,0.2628985895351343,0,0,0,579482.0,864354.0,13.269891605697477,13.669738843027902,0.0,0.0,chain,Bitcoin,0,5489.0,1344.0,228.0,8.610683534503575,7.20414929203594,5.43372200355424,0.0,0.0,1,1,1,1
crypto_btc,2026-07-20,64729.52,1298407673222.0,27.89215976288133,0.0026540870621743103,0.003608678397966872,0.25925925614263157,0,0,0,517259.0,898384.0,13.156300928432026,13.70835398591792,0.0,0.0,chain,Bitcoin,0,6400.0,1042.0,309.0,8.764209507142004,6.949856455000773,5.736572297479192,0.0,0.0,1,1,1,1
crypto_btc,2026-07-21,66092.81,1325781338125.0,27.913023090719353,0.020842609245257965,-0.04018464093040355,0.26820765078577347,0,0,0,612420.0,730484.0,13.325175233490599,13.501463976081165,0.0,0.0,chain,Bitcoin,0,13840.0,2350.0,661.0,9.535390480896702,7.762596048540069,6.495265555937008,0.0,0.0,1,1,1,1
crypto_btc,2026-07-22,66009.59,1324137773323.0,27.91178262643072,-0.0012599318560271324,-0.030773680155371824,0.2680884274080055,0,0,0,634153.0,651218.0,13.3600471061316,13.386601270149006,0.0,0.0,chain,Bitcoin,0,7110.0,1143.0,340.0,8.869398159883518,7.042286171939743,5.831882477283517,0.0,0.0,1,1,1,1
crypto_btc,2026-07-23,65324.82,1310426865348.0,27.901374051474253,-0.01042797855188749,-0.01369677934807167,0.25636881742321666,0,0,0,624603.0,497232.0,13.344873127909231,13.116814008097606,0.0,0.0,chain,Bitcoin,0,10775.0,2005.0,497.0,9.2850767180902,7.603897968521881,6.210600077024653,0.0,0.0,1,1,1,1
crypto_btc,2026-07-24,64666.8,1297258556694.0,27.891274351197946,-0.010124123700615276,-0.017016610383815037,0.2504244844540037,0,0,0,628670.0,611799.0,13.35136334637869,13.32416071069894,0.0,0.0,chain,Bitcoin,0,11477.0,2448.0,505.0,9.348187438668308,7.803435056952168,6.226536669287466,0.0,0.0,1,1,1,1
crypto_btc,2026-07-25,64118.46,1286286221214.0,27.882780284020043,-0.00851562226308371,-0.01938902854371396,0.2410205171416663,0,0,0,689082.0,729761.0,13.443117007181757,13.500473732568826,0.0,0.0,chain,Bitcoin,0,10188.0,1768.0,481.0,9.229063985974285,7.478169694159785,6.1779441140506,0.0,0.0,1,1,1,1
crypto_btc,2026-07-26,64578.32,1295540195863.0,27.889948863764037,0.007146440760176869,-0.02104500116800559,0.2358199392368339,0,0,0,564960.0,696377.0,13.244511981197464,13.45364789533753,0.0,0.0,chain,Bitcoin,0,42128.0,6661.0,2063.0,10.64849161863629,8.804175018753625,7.6324011266014535,0.0,0.0,1,1,1,1
crypto_btc,2026-07-27,64963.53,1303296091979.0,27.895917626920316,0.005947284764145241,-0.028122231074955963,0.23496195799027503,0,0,0,569782.0,760079.0,13.253010865571037,13.541178969880631,0.0,0.0,chain,Bitcoin,0,4705.12,791.12,221.0,8.45661906832472,6.67471289548868,5.402677381872279,0.0,0.0,1,1,1,1
crypto_btc,2026-07-28,63489.55,1273752512882.0,27.87298839430338,-0.02295071008311224,0.005523111253115584,0.24944723375610522,0,0,0,635071.0,689945.0,13.361493657273913,13.444368612641336,0.0,0.0,chain,Bitcoin,0,4841.26,718.26,237.0,8.485136832875877,6.578222905706574,5.472270673671475,0.0,0.0,1,1,1,1
crypto_btc,2026-07-29,64009.17,1284203420126.0,27.881159735537512,0.008151028919004684,0.005298147606531674,0.2502897425846384,0,0,0,628552.0,561079.0,13.351175631221572,13.237618776833608,0.0,0.0,chain,Bitcoin,0,4221.05,634.05,211.0,8.348076071066705,6.453703735950328,5.356586274672012,0.0,0.0,1,1,1,1
crypto_btc,2026-07-30,64436.18,1292801141088.0,27.88783240736137,0.006648922255412523,0.001625714050088569,0.24300071339975754,0,0,0,604146.0,672610.0,13.3115728247889,13.41892243260001,0.0,0.0,chain,Bitcoin,0,13144.51,1970.51,656.0,9.48383553443342,7.586555025584808,6.48768401848461,0.0,0.0,1,1,1,1
crypto_btc,2026-07-31,63575.7,1275566046329.0,27.874411153923884,-0.013443954736358643,0.017002692789888346,0.2494588195482354,0,0,0,666081.0,699087.0,13.40916806506662,13.457531907426423,0.0,0.0,chain,Bitcoin,0,19140.23,2870.23,956.0,9.85959992626503,7.962495788371734,6.863803391452954,0.0,0.0,1,1,1,1
crypto_btc,2026-08-01,62887.24,1261784777859.0,27.86354832498011,-0.010888040422982618,0.032455815513876,0.23528817641795519,0,0,0,967546.0,607581.0,13.782519281517532,13.317242424511806,0.0,0.0,chain,Bitcoin,0,7429.44,1117.44,370.0,8.913340355339296,7.019690136219093,5.916202062607435,0.0,0.0,1,1,1,1
crypto_btc,2026-08-02,63233.47,1268763392258.0,27.869063835155085,0.005490468135885229,0.026717940548993187,0.23098144985886457,0,0,0,806292.0,744053.0,13.600202479003281,13.519868891826542,0.0,0.0,chain,Bitcoin,0,5220.53,785.53,261.0,8.560545741378537,6.667630865445388,5.568344503761097,0.0,0.0,1,1,1,1
crypto_btc,2026-08-03,63162.06,1267358468589.0,27.86795590431438,-0.0011299451428050788,0.022711050659493182,0.22642792595916736,0,0,0,653981.0,675558.0,13.390835107124794,13.423295775277342,0.0,0.0,chain,Bitcoin,0,4871.01,732.01,243.0,8.491261861932783,6.597159344358395,5.497168225293202,0.0,0.0,1,1,1,1
crypto_btc,2026-08-04,63841.18,1281014964345.0,27.878673820543064,0.010694632244959302,0.00023790589673255687,0.229345141233051,0,0,0,741819.0,702879.0,13.516861905119308,13.462941459209606,0.0,0.0,chain,Bitcoin,0,6838.43,1027.43,340.0,8.830459673810848,6.935788646494842,5.831882477283517,0.0,0.0,1,1,1,1
crypto_btc,2026-08-05,64349.2,1291237734217.0,27.886622358180833,0.007926065272420723,-0.010896897694512016,0.2299516076618036,0,0,0,684692.0,619401.0,13.436725841601367,13.33650977544725,0.0,0.0,chain,Bitcoin,0,14383.07,2156.07,718.0,9.573876623217913,7.676506098342883,6.577861357721047,0.0,0.0,1,1,1,1
crypto_btc,2026-08-06,64541.02,1295113904672.0,27.889619764487712,0.0029764886989694025,-0.016045517437871106,0.2296916253274735,0,0,0,730433.0,608260.0,13.501394157015191,13.318359345151377,0.0,0.0,chain,Bitcoin,0,11435.14,1713.14,570.0,9.34453379540994,7.446666776102119,6.3473892096560105,0.0,0.0,1,1,1,1
crypto_btc,2026-08-07,64665.9,1297647736384.0,27.891574307842973,0.0019330240034413527,-0.026272001590090032,0.21982800368503172,0,0,0,678177.0,541604.0,13.427165069338916,13.202292232443053,0.0,0.0,chain,Bitcoin,0,8102.11,1216.11,405.0,9.000003217587638,7.104234475098504,6.0063531596017325,0.0,0.0,1,1,1,1
crypto_btc,2026-08-08,64961.78,1303615468855.0,27.896162650098237,0.0045650823010049335,-0.030619292215273423,0.21942779126773052,0,0,0,709925.0,717791.0,13.472916018233546,13.483935112467751,0.0,0.0,chain,Bitcoin,0,13814.0,2072.0,689.0,9.533510237357516,7.636752112435779,6.536691597591305,0.0,0.0,1,1,1,1
crypto_btc,2026-08-09,64945.71,1303322769582.0,27.895938096044816,-0.0002474068289975843,-0.030336014630825817,0.2092716412053392,0,0,0,621521.0,658026.0,13.339926587536489,13.397001242900256,0.0,0.0,chain,Bitcoin,0,5882.0,892.0,292.0,8.679822114864455,6.794586580876499,5.680172609017068,0.0,0.0,1,1,1,1
crypto_btc,2026-08-10,64612.95,1296674679051.0,27.89082416408841,-0.005136835032305038,-0.01439796748360081,0.2099423246260551,0,0,0,520129.0,740534.0,13.161834059312817,13.515128176934262,0.0,0.0,chain,Bitcoin,0,4946.0,742.0,247.0,8.506536611227709,6.610696044717759,5.5134287461649825,0.0,0.0,1,1,1,1
crypto_btc,2026-08-11,63856.37,1281517435303.0,27.87906598804464,-0.011778512517801359,0.00802050920622908,0.21381995244098362,0,0,0,650586.0,630221.0,13.385630311266267,13.35382741724851,0.0,0.0,chain,Bitcoin,0,8997.0,1346.0,449.0,9.104757609401117,7.205635176410364,6.1092475827643655,0.0,0.0,1,1,1,1
crypto_btc,2026-08-12,63651.8,1277438878964.0,27.87587831362451,-0.003208738318823913,0.03632531476717448,0.20108652759431614,0,0,0,609039.0,607154.0,13.319639225980094,13.31653939164529,0.0,0.0,chain,Bitcoin,0,3987.0,594.0,198.0,8.291045131081729,6.38856140554563,5.293304824724492,0.0,0.0,1,1,1,1
crypto_btc,2026-08-13,63513.69,1274695596234.0,27.873728517982318,-0.002172131044389616,0.11526238147293645,0.19653160136533673,0,0,0,646051.0,652466.0,13.378635274881198,13.388515842187397,0.0,0.0,chain,Bitcoin,0,4202.0,629.0,210.0,8.343553835005117,6.4457198193855785,5.351858133476067,0.0,0.0,1,1,1,1
crypto_btc,2026-08-14,62989.12,1264195300612.0,27.865456909695624,-0.008293460148777515,0.19571156206120668,0.18229738704854076,0,0,0,650606.0,682308.0,13.385661052262616,13.433237913395105,0.0,0.0,chain,Bitcoin,0,6396.0,960.0,319.0,8.763584409450138,6.8679744089702925,5.768320995793772,0.0,0.0,1,1,1,1
crypto_btc,2026-08-15,63002.84,1264499835640.0,27.865697773076192,0.0002177916758216734,,0.18050919662225798,0,0,0,660290.0,694968.0,13.400435925921666,13.451622519235581,0.0,0.0,chain,Bitcoin,0,5285.0,792.0,263.0,8.572817095164234,6.675823221634848,5.575949103146316,0.0,0.0,1,0,1,0
crypto_btc,2026-08-16,63005.1,1264575943174.0,27.865757959120963,3.587075544987341e-05,,0.1740384668797641,0,0,0,564175.0,723981.0,13.243121538538208,13.492521809180339,0.0,0.0,chain,Bitcoin,0,2629.0,393.0,130.0,7.874739125171811,5.976350909297934,4.875197323201151,0.0,0.0,1,0,1,0
crypto_btc,2026-08-17,63689.32,1278340442646.0,27.87658382345611,0.01080121211492001,,0.1737162279547993,0,0,0,541863.0,825829.0,13.202770326426238,13.624144220183082,0.0,0.0,chain,Bitcoin,0,3559.0,536.0,177.0,8.177515823846075,6.285998094508865,5.181783550292085,0.0,0.0,1,0,1,0
crypto_btc,2026-08-18,64370.59,1292045332746.0,27.88724760793812,0.01063996417202853,,0.17633880126054752,0,0,0,680154.0,755423.0,13.430075992354118,13.53503446000282,0.0,0.0,chain,Bitcoin,0,4407.0,659.0,219.0,8.391176350832751,6.492239835020471,5.393627546352362,0.0,0.0,1,0,1,0
crypto_btc,2026-08-19,66006.48,1324908668603.0,27.91236464363477,0.025096067242121583,,0.19691900955008262,0,0,0,642144.0,709130.0,13.372569413868133,13.47179555572475,0.0,0.0,chain,Bitcoin,0,6022.0,895.0,297.0,8.70334075304372,6.79794041297493,5.697093486505405,0.0,0.0,1,0,1,0
crypto_btc,2026-08-20,71273.02,1430649392625.0,27.98914957783554,0.07676493566137224,,0.32442173069182434,0,0,0,649780.0,536337.0,13.384390662023565,13.192519838325113,0.0,0.0,chain,Bitcoin,0,14587.0,2192.0,723.0,9.58795455192857,7.693025748417888,6.584791392385716,0.0,0.0,1,0,1,0
crypto_btc,2026-08-21,76605.86,1537726880548.0,28.061326390324567,0.07215572043949277,,0.40478305224708067,0,0,0,721893.0,514184.0,13.489633592692241,13.150338401859841,0.0,0.0,chain,Bitcoin,0,16008.0,2414.0,796.0,9.680906343078094,7.789454566086673,6.680854678790215,0.0,0.0,1,0,1,0
crypto_eth,2026-05-25,2112.66,254420249184.0,26.262253261093853,,-0.0600644661412138,,1,1,1,,,,,,,,,,,,,,,,,,0,0,0,0
crypto_eth,2026-05-26,2092.16,251951633022.0,26.252502973584065,-0.009750791912406116,-0.06909154403399012,,1,1,1,811825.0,2217108.0,13.607041310467066,14.61171465292888,13.607041310467066,14.61171465292888,chain,Ethereum,0,11766964.49,1422839.9000000001,775157.0,16.280806628663658,14.168166064777658,13.560822158524365,16.280806628663658,0.0,1,1,1,1
crypto_eth,2026-05-27,2065.06,248687835914.0,26.23946427588007,-0.013037743432693627,-0.11030342669325645,,1,1,1,738967.0,2367627.0,13.513009897233657,14.67739916805079,13.513009897233657,14.67739916805079,chain,Ethereum,0,9676871.13,1734223.2600000002,808268.0,16.085249279969844,14.366070758986616,13.602650202889482,16.085249279969844,0.0,1,1,1,1
crypto_eth,2026-05-28,1998.86,240715420122.0,26.206881243339453,-0.03258226363277245,-0.1197404397515362,,1,1,1,786484.0,2164725.0,13.575328929461346,14.58780435251802,13.575328929461346,14.58780435251802,chain,Ethereum,0,8529535.8,1997651.9700000002,971771.0,15.959045615531531,14.50748353441632,13.786876488025989,15.959045615531531,0.0,1,1,1,1
crypto_eth,2026-05-29,2010.92,242167967325.0,26.212897402196447,0.006015310747652821,-0.19644828109287868,,1,1,1,832206.0,1968415.0,13.63183648693516,14.492739716370107,13.63183648693516,14.492739716370107,chain,Ethereum,0,13388579.26,2927426.46,1783434.0,16.409912682172752,14.88963459532549,14.394051837924904,16.409912682172752,0.0,1,1,1,1
crypto_eth,2026-05-30,2018.66,243099347214.0,26.216736033007788,0.0038415961558366006,-0.2554942353044933,,1,1,1,1151977.0,2304638.0,13.956991022833398,14.650434606095251,13.956991022833398,14.650434606095251,chain,Ethereum,0,9269639.730000002,1589734.62,583991.0,16.042255180588192,14.279078283641347,13.2776425630864,16.042255180588192,0.0,1,1,1,1
crypto_eth,2026-05-31,2016.78,242873494307.0,26.215806545168288,-0.0009317448089972395,-0.2194279446646253,,1,1,1,856247.0,2663274.0,13.660315332789422,14.795067126456514,13.660315332789422,14.795067126456514,chain,Ethereum,0,8047184.41,1256179.7100000002,541054.0,15.900832949747635,14.043586493049457,13.201276216247178,15.900832949747635,0.0,1,1,1,1
crypto_eth,2026-06-01,1989.5,239588514695.0,26.202188766709053,-0.013618829257833651,-0.1681376297442967,,1,1,1,931707.0,2112284.0,13.74477473985652,14.563280857886095,13.74477473985652,14.563280857886095,chain,Ethereum,0,7348728.55,1170189.57,500042.0,15.810038005908542,13.972677173852256,13.12244937370654,15.810038005908542,0.0,1,1,1,1
crypto_eth,2026-06-02,1952.49,235131407321.0,26.183410374897004,-0.018777869805182416,-0.16066269401546723,,1,1,1,851826.0,1976494.0,13.655138733550485,14.496835631991418,13.655138733550485,14.496835631991418,chain,Ethereum,0,9166643.02,1746458.27,2276048.0,16.031081803420182,14.373101022029518,14.637951602994855,16.031081803420182,0.0,1,1,1,1
crypto_eth,2026-06-03,1849.39,222714876598.0,26.129158210047343,-0.05424962609196,-0.1262022232469233,,1,1,1,879829.0,1930818.0,13.687483985974197,14.473454823200688,13.687483985974197,14.473454823200688,chain,Ethereum,0,9487206.190000001,2009316.07,686854.0,16.06545483749566,14.513305456132501,13.439878486336667,16.06545483749566,0.0,1,1,1,1
crypto_eth,2026-06-04,1773.29,213550354608.0,26.087138494771022,-0.04201927669105231,-0.06852210614631833,,1,1,1,781481.0,1832233.0,13.568947395948856,14.421046545317168,13.568947395948856,14.421046545317168,chain,Ethereum,0,11894555.65,2461173.6799999997,794682.59,16.29159142906157,14.716149306131,13.585699314413448,16.29159142906157,0.0,1,1,1,1
crypto_eth,2026-06-05,1652.26,198975681606.0,26.016448451218587,-0.07069253059368968,0.009523221779885694,,1,1,1,733619.0,1749070.0,13.505746462366291,14.3745953478023,13.505746462366291,14.3745953478023,chain,Ethereum,0,17274483.82,4000732.49,1722662.03,16.664741104886772,15.201988274773482,14.359381924706126,16.664741104886772,0.0,1,1,1,1
crypto_eth,2026-06-06,1563.52,188288807673.0,25.961242832037865,-0.05520435805577805,0.0680731554590767,,1,1,1,764397.0,1799068.0,13.546843874913645,14.402779866838618,13.546843874913645,14.402779866838618,chain,Ethereum,0,20989762.759999998,5219133.140000001,530525.0,16.8595454368502,15.467842072537062,13.181624246202784,16.8595454368502,0.0,1,1,1,1
crypto_eth,2026-06-07,1619.43,195022407897.0,25.996380301200553,0.03513454583087054,0.034938210374457324,,1,1,1,1209476.0,1708911.0,14.005698592729045,14.35136746867132,14.005698592729045,14.35136746867132,chain,Ethereum,0,12704421.12,2258231.6499999994,357435.01,16.357460689247013,14.630093052042247,12.786711632088046,16.357460689247013,0.0,1,1,1,1
crypto_eth,2026-06-08,1681.6,202509416458.0,26.034052223439026,0.03767148566249508,0.0497298702125085,,1,1,1,961266.0,1587962.0,13.776007484951199,14.277962620769664,13.776007484951199,14.277962620769664,chain,Ethereum,0,7532152.779999999,1495997.6600000001,348224.0,15.834691585438703,14.218304541794234,12.760604101556233,15.834691585438703,0.0,1,1,1,1
crypto_eth,2026-06-09,1662.7,200232612505.0,26.022745590186204,-0.011302934076352869,0.07192755589278772,,1,1,1,862234.0,2033826.0,13.667283134301002,14.52542979789271,13.667283134301002,14.52542979789271,chain,Ethereum,0,11895242.32,1877913.59,396671.0,16.29164915716362,14.445672458482907,12.890865021707365,16.29164915716362,0.0,1,1,1,1
crypto_eth,2026-06-10,1630.12,196309463707.0,26.002958147494656,-0.01978915532341608,0.08222421475842433,,1,1,1,1026507.0,2218770.0,13.841673308883722,14.612463996949804,13.841673308883722,14.612463996949804,chain,Ethereum,0,8013919.77,1482103.1300000001,481372.0,15.89669068368064,14.208973345527724,13.084397716343583,15.89669068368064,0.0,1,1,1,1
crypto_eth,2026-06-11,1655.85,199408005427.0,26.01861884124599,0.015660840409552578,0.04154426283628857,,1,1,1,928472.0,2048240.0,13.741296580192156,14.532491933999534,13.741296580192156,14.532491933999534,chain,Ethereum,0,7656530.819999999,1576140.2,701250.0,15.851069674174692,14.270490139295296,13.460621161842981,15.851069674174692,0.0,1,1,1,1
crypto_eth,2026-06-12,1668.07,200879463004.0,26.025970878574327,0.007352797332514262,0.018431429626728245,,1,1,1,894987.0,2085988.0,13.704565589345878,14.550753641278712,13.704565589345878,14.550753641278712,chain,Ethereum,0,11843814.43,2493894.0999999996,2011146.0,16.287316384664432,14.729356343391261,14.514215764044476,16.287316384664432,0.0,1,1,1,1
crypto_eth,2026-06-13,1673.66,201552810217.0,26.029317269438927,0.003345575623412973,0.029152772691427815,,1,1,1,998350.0,2348383.0,13.81386019686727,14.66923798999958,13.81386019686727,14.66923798999958,chain,Ethereum,0,7925244.129999999,1236930.31,333488.0,15.885563808479542,14.028144120325933,12.717365160285603,15.885563808479542,0.0,1,1,1,1
crypto_eth,2026-06-14,1677.01,201955625275.0,26.031313833358684,0.0019996007462510772,0.02967440816418131,,1,1,1,973606.0,2573193.0,13.788763010440618,14.76065848678923,13.788763010440618,14.76065848678923,chain,Ethereum,0,6122832.62,1052115.38,228464.0,15.627535557136467,13.86631429353746,12.339138304717714,15.627535557136467,0.0,1,1,1,1
crypto_eth,2026-06-15,1767.34,212834023316.0,26.083778465637575,0.052463145500546086,-0.015441064002110228,,1,1,1,874830.0,2203662.0,13.681786003828124,14.60563153375271,13.681786003828124,14.60563153375271,chain,Ethereum,0,6397997.82,1230278.93,242245.05,15.671495815058949,14.022752286820833,12.397709224150521,15.671495815058949,0.0,1,1,1,1
crypto_eth,2026-06-16,1786.7,215165107448.0,26.094671511976387,0.010894751603926583,-0.06308363700878958,,1,1,1,889470.0,1842441.0,13.698382182970828,14.426602423581363,13.698382182970828,14.426602423581363,chain,Ethereum,0,8819932.04,1558775.0,353583.0,15.992524836117422,14.25941145586935,12.775876359853086,15.992524836117422,0.0,1,1,1,1
crypto_eth,2026-06-17,1769.82,213133184675.0,26.085183087413967,-0.009492496457779432,-0.07489584623898475,,1,1,1,857099.0,1850517.0,13.661309876886975,14.430976157861823,13.661309876886975,14.430976157861823,chain,Ethereum,0,8186845.4799999995,1408277.5300000003,348848.0,15.918039336503279,14.15787861573868,12.762394442801714,15.918039336503279,0.0,1,1,1,1
crypto_eth,2026-06-18,1726.09,207866485767.0,26.060161815193744,-0.02501911151258308,-0.07320861079998078,,1,1,1,826475.0,2359011.0,13.62492615770908,14.673753445278104,13.62492615770908,14.673753445278104,chain,Ethereum,0,8005990.640000001,1525784.8900000004,536080.0,15.895700774317273,14.238020172987694,13.192040548038538,15.895700774317273,0.0,1,1,1,1
crypto_eth,2026-06-19,1699.1,204616576153.0,26.0444037045478,-0.015760035877046014,-0.0845286535051068,,1,1,1,825816.0,2128356.0,13.624128478320564,14.570860878530901,13.624128478320564,14.570860878530901,chain,Ethereum,0,12588789.38,2621097.5,1445550.0,16.348317323565205,14.779104062675318,14.18400112172552,16.348317323565205,0.0,1,1,1,1
crypto_eth,2026-06-20,1723.17,207515354540.0,26.058471171662596,0.014066918688112566,-0.08530509297677363,,1,1,1,885601.0,1882938.0,13.694022918729932,14.448344412000377,13.694022918729932,14.448344412000377,chain,Ethereum,0,8275639.18,1201567.77,289736.0,15.92882683937702,13.999138569308048,12.576728893931456,15.92882683937702,0.0,1,1,1,1
crypto_eth,2026-06-21,1727.52,208039208151.0,26.06099239960966,0.00252123621900484,-0.09414097843343157,,1,1,1,891732.0,2082631.0,13.700922039400512,14.549143036368509,13.700922039400512,14.549143036368509,chain,Ethereum,0,6323709.390000001,1142853.99,210750.0,15.65981668088019,13.949040066837023,12.258432620811327,15.65981668088019,0.0,1,1,1,1
crypto_eth,2026-06-22,1740.26,209573435764.0,26.068340043594212,0.007347673334254458,-0.09274374495764443,,1,1,1,856383.0,2924395.0,13.66047415266466,14.88859852159842,13.66047415266466,14.88859852159842,chain,Ethereum,0,7298268.91,1215891.49,199342.0,15.80314787939987,14.010988924770658,12.202782238072093,15.80314787939987,0.0,1,1,1,1
crypto_eth,2026-06-23,1677.47,202012076382.0,26.031593316629927,-0.03674782140275286,-0.06116016970458756,,1,1,1,817522.0,2838530.0,13.61403431591435,14.85879722279451,13.61403431591435,14.85879722279451,chain,Ethereum,0,7089319.09,1334497.1400000001,241996.0,15.774099996871813,14.104065854045302,12.396680608367769,15.774099996871813,0.0,1,1,1,1
crypto_eth,2026-06-24,1642.11,197752894374.0,26.010284080018035,-0.021304705687974587,-0.029854623985430272,0.525484645632424,1,1,1,728615.0,2891966.0,13.498902123238626,14.877447451407306,13.498902123238626,14.877447451407306,chain,Ethereum,0,7650791.12,1490945.42,198684.93,15.850319745540334,14.214921657487494,12.199480615766008,15.850319745540334,0.0,1,1,1,1
crypto_eth,2026-06-25,1604.24,193192235651.0,25.986951569775442,-0.023331876073579217,0.03357091473104628,0.5280533939934219,1,1,1,847686.0,2700616.0,13.650266742864892,14.808990823386697,13.650266742864892,14.808990823386697,chain,Ethereum,0,8425915.14,1876395.06,1136384.0,15.946822768943683,14.444863505668726,13.94336272929744,15.946822768943683,0.0,1,1,1,1
crypto_eth,2026-06-26,1561.38,188031498154.0,25.959875329114876,-0.027080078582172023,0.10196159364979338,0.5317134813702874,1,1,1,838983.0,2683262.0,13.639946914945691,14.802544149202992,13.639946914945691,14.802544149202992,chain,Ethereum,0,13457197.66,3089750.26,1365247.5,16.41502473719181,14.943601147251883,14.126847021313925,16.41502473719181,0.0,1,1,1,1
crypto_eth,2026-06-27,1582.27,190546610537.0,25.973162676320094,0.013290479216445729,0.11086965405929528,0.5305277119264319,1,1,1,1020879.0,2317705.0,13.836175558407858,14.656088461360653,13.836175558407858,14.656088461360653,chain,Ethereum,0,8022032.850000001,1584552.82,247051.76,15.897702544949206,14.275813424087225,12.417357196039058,15.897702544949206,0.0,1,1,1,1
crypto_eth,2026-06-28,1572.31,189347999042.0,25.966852423728476,-0.006314649237653138,0.11817375022034644,0.5282275400917664,1,1,1,881970.0,1439609.0,13.68991445462978,14.179882801536879,13.68991445462978,14.179882801536879,chain,Ethereum,0,6379501.4399999995,1393277.04,370512.0,15.668600664818978,14.147169830834864,12.822643810822017,15.668600664818978,0.0,1,1,1,1
crypto_eth,2026-06-29,1586.12,191010208234.0,25.97559270981615,0.00874490681004175,0.11404648714911925,0.5299087788355781,1,1,1,1059702.0,1464851.0,13.873499238148822,14.197264771439263,13.873499238148822,14.197264771439263,chain,Ethereum,0,6462839.6899999995,1192995.99,152400.08000000002,15.681579514397672,13.991979178025739,11.934271008823746,15.681579514397672,0.0,1,1,1,1
crypto_eth,2026-06-30,1577.95,190026442717.0,25.97042907161808,-0.005164246149696013,0.12119444281054534,0.5293997928030717,1,1,1,951085.0,1868740.0,13.76535976856401,14.440775500056025,13.76535976856401,14.440775500056025,chain,Ethereum,0,9436511.26,1465607.75,276015.0,16.06009700587,14.197781243135273,12.528214114033526,16.06009700587,0.0,1,1,1,1
crypto_eth,2026-07-01,1593.81,191937197589.0,25.980434059576037,0.010000840031182621,0.08949186466656836,0.5327453163933212,1,1,1,910402.0,2136986.0,13.721642637603606,14.574907450988443,13.721642637603606,14.574907450988443,chain,Ethereum,0,9022920.509999998,1624564.7200000002,235776.16,16.015278732058164,14.300751088797766,12.370642400646762,16.015278732058164,0.0,1,1,1,1
crypto_eth,2026-07-02,1659.01,199787982091.0,26.020522551657105,0.04009366264289739,0.049776783494909015,0.5559785467949663,1,1,1,849632.0,2238720.0,13.652559770523398,14.621415278615984,13.652559770523398,14.621415278615984,chain,Ethereum,0,7894022.92,1495857.6300000001,407393.0,15.88161656534982,14.218210934388178,12.91753605512589,15.88161656534982,0.0,1,1,1,1
crypto_eth,2026-07-03,1728.98,208214546879.0,26.061834860422334,0.04131060033657497,0.030535723661020298,0.5502537856183309,1,1,1,878354.0,1800140.0,13.68580611891693,14.40337555313183,13.68580611891693,14.40337555313183,chain,Ethereum,0,13129533.33,2575851.08,1504836.5899999999,16.390374779541894,14.761690942197406,14.224195536720757,16.390374779541894,0.0,1,1,1,1
crypto_eth,2026-07-04,1767.79,212888498492.0,26.08403438433347,0.022198539625947672,0.020780550165663693,0.5372676089253111,1,1,1,968081.0,1857982.0,13.783072073414763,14.435002048690812,13.783072073414763,14.435002048690812,chain,Ethereum,0,7696653.12,1455067.12,297213.0,15.85629626251832,14.190563275361223,12.60220769704198,15.85629626251832,0.0,1,1,1,1
crypto_eth,2026-07-05,1769.54,213099593721.0,26.0850254695311,0.0009894469233979104,0.02060521680345333,0.4730762974153773,1,1,1,1031731.0,1925087.0,13.846749501375898,14.47048223894487,13.846749501375898,14.47048223894487,chain,Ethereum,0,6432518.32,1141488.54,163509.0,15.676876826631387,13.947844581528487,12.004629429528633,15.676876826631387,0.0,1,1,1,1
crypto_eth,2026-07-06,1777.73,214085092398.0,26.089639400963225,0.004617643738814527,0.0007759697198888684,0.4251696628011891,1,1,1,872655.0,2762431.0,13.679296713638124,14.831622009120567,13.679296713638124,14.831622009120567,chain,Ethereum,0,8797555.139999999,2954751.87,165632.0,15.989984529515857,14.898925574191386,12.017529776442917,15.989984529515857,0.0,1,1,1,1
crypto_eth,2026-07-07,1781.26,214510173671.0,26.09162300389136,0.0019837095117300452,0.025118912129335463,0.410356392812958,1,1,1,848591.0,2718589.0,13.651333784413914,14.815623921512655,13.651333784413914,14.815623921512655,chain,Ethereum,0,8963875.22,1529820.6400000001,280641.0,16.00871330524001,14.240661711409807,12.544835114708407,16.00871330524001,0.0,1,1,1,1
crypto_eth,2026-07-08,1743.02,209905697944.0,26.069924209397882,-0.021701738112794244,0.08556073399333354,0.3996555665231664,1,1,1,846572.0,2825301.0,13.648951714285408,14.854125819503864,13.648951714285408,14.854125819503864,chain,Ethereum,0,7367689.72,1460446.21,314931.0,15.812614879923338,14.194253255000913,12.660112021487963,15.812614879923338,0.0,1,1,1,1
crypto_eth,2026-07-09,1743.68,209984410320.0,26.07029912833678,0.00037858147123805136,0.08129832460733327,0.39712659965281605,1,1,1,763263.0,2413211.0,13.545359253042722,14.696469198186803,13.545359253042722,14.696469198186803,chain,Ethereum,0,8013537.25,1827355.2900000003,2711855.0,15.896642950599608,14.418380830031081,14.813143829287577,15.896642950599608,0.0,1,1,1,1
crypto_eth,2026-07-10,1782.59,214671197710.0,26.09237338150462,0.022069540502686207,0.0303331469978926,0.39560785517106595,1,1,1,839615.0,2395818.0,13.640699923440701,14.689235692793043,13.640699923440701,14.689235692793043,chain,Ethereum,0,10562101.4,2635970.27,1300039.0,16.172782907335517,14.78476227545561,14.077905591189172,16.172782907335517,0.0,1,1,1,1
crypto_eth,2026-07-11,1804.91,217358965347.0,26.10481604196392,0.01244336613059116,0.02289494847386484,0.39446738992215213,1,1,1,818034.0,2823931.0,13.614660401955598,14.853640797985245,13.614660401955598,14.853640797985245,chain,Ethereum,0,8673582.6,1644336.29,207233.0,15.975792596691367,14.312847997788536,12.241603868569829,15.975792596691367,0.0,1,1,1,1
crypto_eth,2026-07-12,1806.38,217535508999.0,26.10562793391524,0.0008141135611876338,0.03267052526402019,0.3941920656263994,1,1,1,810650.0,3242618.0,13.605592907555447,14.991891894576405,13.605592907555447,14.991891894576405,chain,Ethereum,0,6927892.169999999,1285716.1,133094.0,15.751066309070875,14.066827175131673,11.798818437937548,15.751066309070875,0.0,1,1,1,1
crypto_eth,2026-07-13,1779.11,214252137021.0,26.090419368801626,-0.015211603344749976,0.05475420052718789,0.3990673328424392,1,1,1,972586.0,2239450.0,13.787714810627659,14.621741304506221,13.787714810627659,14.621741304506221,chain,Ethereum,0,6691963.66,1183841.36,112917.0,15.71641806014245,13.984275943670028,11.634417170556304,15.71641806014245,0.0,1,1,1,1
crypto_eth,2026-07-14,1826.57,219967565328.0,26.116745942102582,0.02632665192117664,0.053098875769449445,0.4079611859960976,1,1,1,748426.0,2695854.0,13.525728949695504,14.807225966185168,13.525728949695504,14.807225966185168,chain,Ethereum,0,7816539.720000001,1464897.0799999998,273200.0,15.871752651478687,14.197296228047332,12.51796306699418,15.871752651478687,0.0,1,1,1,1
crypto_eth,2026-07-15,1898.72,228656256025.0,26.15548564738031,0.03874008375120388,0.0159254342779878,0.3893382290025781,1,1,1,743124.0,2992020.0,13.518619546427184,14.911459636768452,13.518619546427184,14.911459636768452,chain,Ethereum,0,7201256.02,1353482.5300000003,188858.0,15.789766154859013,14.118192219510297,12.148755983875583,15.789766154859013,0.0,1,1,1,1
crypto_eth,2026-07-16,1891.36,227769660220.0,26.15160069304906,-0.003883827914762197,0.008083096718133802,0.3886871683938103,1,1,1,800549.0,2780952.0,13.593054270430201,14.838304232677748,13.593054270430201,14.838304232677748,chain,Ethereum,0,7902541.3,1694153.18,262875.0,15.882695075794059,14.34269416540078,12.479437717087162,15.882695075794059,0.0,1,1,1,1
crypto_eth,2026-07-17,1837.49,221282623506.0,26.122706560839216,-0.02889563710675442,0.017997708283051913,0.40152385193240125,1,1,1,757912.0,2836598.0,13.538323882311678,14.858116357307857,13.538323882311678,14.858116357307857,chain,Ethereum,0,11486665.02,2524789.3699999996,1366225.0,16.25669744409879,14.74166859546292,14.127562751987398,16.25669744409879,0.0,1,1,1,1
crypto_eth,2026-07-18,1846.71,222392296128.0,26.12770875901064,0.005005167606563281,0.008857558887652042,0.3903009102727224,1,1,1,803959.0,2461418.0,13.597304795679689,14.716248570874784,13.597304795679689,14.716248570874784,chain,Ethereum,0,8114881.269999999,1322611.9800000004,191850.0,15.909210251123804,14.095119868177264,12.164474308067039,15.909210251123804,0.0,1,1,1,1
crypto_eth,2026-07-19,1866.37,224759504483.0,26.138296798538576,0.01058969035134302,0.015877610229368847,0.38579187275989935,1,1,1,854306.0,2595080.0,13.658045892949053,14.769128287967815,13.658045892949053,14.769128287967815,chain,Ethereum,0,5983553.42,1066114.84,118237.0,15.60452533396563,13.879532545721444,11.680454821289311,15.60452533396563,0.0,1,1,1,1
crypto_eth,2026-07-20,1879.24,226309853760.0,26.145170931545582,0.006872071918417562,0.034790345827831755,0.38403692915430415,1,1,1,1002971.0,1592187.0,13.81847815030316,14.280619728866599,13.81847815030316,14.280619728866599,chain,Ethereum,0,6435960.349999999,1097708.45,128410.0,15.677411781793595,13.90873624854789,11.762991336350483,15.677411781793595,0.0,1,1,1,1
crypto_eth,2026-07-21,1926.18,231962797070.0,26.169842838297193,0.024671327163438256,-0.01813159488088383,0.39146903637639496,1,1,1,791568.0,2551325.0,13.581772330751207,14.75212378198146,13.581772330751207,14.75212378198146,chain,Ethereum,0,8156824.249999999,1325127.81,207520.0,15.914365588735839,14.097020227771718,12.242987818351304,15.914365588735839,0.0,1,1,1,1
crypto_eth,2026-07-22,1929.2,232326379105.0,26.171409026474638,0.0015666422597423245,-0.01293841087445314,0.3912970507664228,1,1,1,752308.0,2816241.0,13.53090242278926,14.850913930067655,13.53090242278926,14.850913930067655,chain,Ethereum,0,7559917.680000001,1397179.4800000002,272256.0,15.838370991484107,14.14996682101848,12.514501752126742,15.838370991484107,0.0,1,1,1,1
crypto_eth,2026-07-23,1906.71,229618600235.0,26.15968550958705,-0.011726165474616213,0.004030237429062379,0.36799581489639344,1,1,1,854430.0,2561990.0,13.658191029301399,14.756295248552084,13.658191029301399,14.756295248552084,chain,Ethereum,0,7803153.719999999,1591207.96,378792.0,15.8700386611735,14.280004637476383,12.844745160714655,15.8700386611735,0.0,1,1,1,1
crypto_eth,2026-07-24,1870.86,225300815869.0,26.140702305634157,-0.01898102554183637,0.006181213929961686,0.3660473959923909,1,1,1,853348.0,2359636.0,13.656923886994104,14.674018351611952,13.656923886994104,14.674018351611952,chain,Ethereum,0,12563651.79,2595622.1199999996,1287087.0,16.346318503951586,14.769337169071203,14.067892860309103,16.346318503951586,0.0,1,1,1,1
crypto_eth,2026-07-25,1863.14,224371012242.0,26.136566823293414,-0.0041349817888365155,-0.0014555926052064801,0.3536932877966356,1,1,1,918068.0,2552428.0,13.730027830176693,14.752556012767291,13.730027830176693,14.752556012767291,chain,Ethereum,0,9398769.84,1512113.0299999998,167666.24,16.05608947698805,14.229019249544589,12.029736579891022,16.05608947698805,0.0,1,1,1,1
crypto_eth,2026-07-26,1896.24,228356769172.0,26.154175019983025,0.017609741693059875,-0.01486546168381005,0.3366362548256706,1,1,1,952061.0,1998222.0,13.766385437703313,14.507768843574135,13.766385437703313,14.507768843574135,chain,Ethereum,0,7985876.550000003,1537988.8600000003,110655.71000000002,15.893185233404855,14.245986836048099,11.614187985303465,15.893185233404855,0.0,1,1,1,1
crypto_eth,2026-07-27,1945.77,234321921454.0,26.179961739560298,0.025784807516880465,-0.04645320627025078,0.3425876278964581,1,1,1,821575.0,1538710.0,13.618979725874793,14.246455610911838,13.618979725874793,14.246455610911838,chain,Ethereum,0,7965605.62,1550641.0800000008,144492.76,15.890643659129283,14.25417964828088,11.880991602211191,15.890643659129283,0.0,1,1,1,1
crypto_eth,2026-07-28,1891.57,227794788189.0,26.15171100880839,-0.028250613545277223,-0.013776214209131067,0.36126703110322234,1,1,1,884748.0,1871418.0,13.693059267944285,14.442207524599171,13.693059267944285,14.442207524599171,chain,Ethereum,0,9228520.100000003,1708382.4300000006,285764.44999999995,16.037809366122275,14.35105811876872,12.562926648436893,16.037809366122275,0.0,1,1,1,1
crypto_eth,2026-07-29,1904.4,229340315718.0,26.158472832192928,0.006759826266172893,-0.011576941872738673,0.3611547414217804,1,1,1,810687.0,1664214.0,13.605638548843304,14.32486409874759,13.605638548843304,14.32486409874759,chain,Ethereum,0,8077964.379999998,1476845.08,209446.25999999998,15.904650589382026,14.20541934484415,12.252227244408495,15.904650589382026,0.0,1,1,1,1
crypto_eth,2026-07-30,1914.41,230545220291.0,26.163712863616706,0.005242482828899166,-0.004287257622298185,0.358888099961636,1,1,1,907574.0,1734060.0,13.718531486334363,14.365976614481259,13.718531486334363,14.365976614481259,chain,Ethereum,0,7854049.329999998,1411096.1200000003,277540.23000000004,15.876539922299203,14.159878059082818,12.533724777708796,15.876539922299203,0.0,1,1,1,1
crypto_eth,2026-07-31,1882.46,226698251852.0,26.14688568314653,-0.01683004904093691,0.014581399897052216,0.36763608722093827,1,1,1,856299.0,1766208.0,13.660376061014283,14.38434599968951,13.660376061014283,14.38434599968951,chain,Ethereum,0,13633396.0,2807650.7300000004,1357572.17,16.428033002260666,14.84785900865798,14.12120922989013,16.428033002260666,0.0,1,1,1,1
crypto_eth,2026-08-01,1860.43,224044273962.0,26.135109520887013,-0.01177178832400485,0.030344980055084406,0.35040459072298774,1,1,1,844560.0,1756645.0,13.646572244711374,14.378916867074349,13.646572244711374,14.378916867074349,chain,Ethereum,0,8094362.6499999985,1486396.2700000005,192898.43000000008,15.906678531750682,14.21186581038771,12.169924243990543,15.906678531750682,0.0,1,1,1,1
crypto_eth,2026-08-02,1868.26,224987159439.0,26.139309168362324,0.004199872614456171,0.02640579565899719,0.3232901194743098,1,1,1,994452.0,1570150.0,13.809948116229766,14.266682351043599,13.809948116229766,14.266682351043599,chain,Ethereum,0,6885147.0699999975,1293899.1000000003,132849.54999999996,15.744877196086478,14.073171548589766,11.796980091186917,15.744877196086478,0.0,1,1,1,1
crypto_eth,2026-08-03,1857.45,223685669231.0,26.13350764094517,-0.0058029370695601035,0.022944000241049384,0.3165904921920647,1,1,1,799847.0,2565587.0,13.592176988597778,14.757698250081669,13.592176988597778,14.757698250081669,chain,Ethereum,0,6607811.949999999,1172216.7099999997,121260.17,15.703763287184248,13.974407991253623,11.705701928267942,15.703763287184248,0.0,1,1,1,1
crypto_eth,2026-08-04,1865.69,224677793748.0,26.137933185032434,0.004426378515842445,0.005617496846790957,0.3167273022439009,1,1,1,736093.0,2565611.0,13.509113106947146,14.757707604618618,13.509113106947146,14.757707604618618,chain,Ethereum,0,9398514.879999995,1625457.8100000005,229591.27000000005,16.056062349668682,14.30130067850962,12.344060275613407,16.056062349668682,0.0,1,1,1,1
crypto_eth,2026-08-05,1882.48,226700598792.0,26.146896035797386,0.008959098602565382,0.0036745545589114506,0.31758053445390544,1,1,1,896612.0,2442310.0,13.706379609817636,14.70845528017123,13.706379609817636,14.70845528017123,chain,Ethereum,0,7619529.349999999,1349480.5900000003,174949.62,15.846225291905117,14.11523106925748,12.072259041659231,15.846225291905117,0.0,1,1,1,1
crypto_eth,2026-08-06,1906.22,229559608989.0,26.1594285668788,0.012532167079339749,-0.011438464255704484,0.31973609480566867,1,1,1,838339.0,2638964.0,13.63917902510253,14.785897352798042,13.63917902510253,14.785897352798042,chain,Ethereum,0,7926510.78,1587988.2200000004,500991.1700000001,15.885723620418355,14.277979132353078,13.124345751202357,15.885723620418355,0.0,1,1,1,1
crypto_eth,2026-08-07,1910.11,230027610546.0,26.161465184516853,0.002038608478413446,-0.017235706189822394,0.3078453340850864,1,1,1,815729.0,2926155.0,13.611838696839659,14.889200174246954,13.611838696839659,14.889200174246954,chain,Ethereum,0,13396411.260000002,2665786.329999999,1578630.19,16.410497487280864,14.796010005346101,14.272068694074681,16.410497487280864,0.0,1,1,1,1
crypto_eth,2026-08-08,1917.75,230947985689.0,26.165458351936106,0.003991791834027466,-0.0194500887412492,0.30770844778789197,1,1,1,939606.0,2634626.0,13.753216981717857,14.784252173960377,13.753216981717857,14.784252173960377,chain,Ethereum,0,8796872.62,1341046.27,249814.12,15.98990694587039,14.108961411456127,12.42847640326458,15.98990694587039,0.0,1,1,1,1
crypto_eth,2026-08-09,1918.25,231008035638.0,26.165718333174862,0.0002606882183688862,-0.020098982947651785,0.30016125317622533,1,1,1,899387.0,1364930.0,13.709469811001584,14.12661443587298,13.709469811001584,14.12661443587298,chain,Ethereum,0,6491763.48,1160484.5599999996,181403.26,15.686044928461927,13.964349061706677,12.108483300400659,15.686044928461927,0.0,1,1,1,1
crypto_eth,2026-08-10,1900.56,228877034227.0,26.15645072784042,-0.009264732487507856,-6.840323181620012e-05,0.3006103513475212,1,1,1,1190128.0,2913661.0,13.989572262573837,14.884921267245824,13.989572262573837,14.884921267245824,chain,Ethereum,0,6578204.7799999975,1224002.9700000002,194629.78000000003,15.699272588306595,14.0176379855132,12.178859606832763,15.699272588306595,0.0,1,1,1,1
crypto_eth,2026-08-11,1876.2,225944106490.0,26.14355348921502,-0.01290012487841607,0.014766253099901762,0.30490664178849103,1,1,1,866768.0,2315258.0,13.672527784276147,14.655032118294153,13.672527784276147,14.655032118294153,chain,Ethereum,0,8987681.419999996,1474207.72,281425.65,16.01136557788473,14.203631942792413,12.547627124224384,16.01136557788473,0.0,1,1,1,1
crypto_eth,2026-08-12,1889.41,227535185816.0,26.150570726305812,0.007016156314685806,0.058356482791546385,0.29960087374691846,1,1,1,868095.0,2400554.0,13.674057586605201,14.691210518584015,13.674057586605201,14.691210518584015,chain,Ethereum,0,7716137.0299999975,1328965.1800000006,240465.11000000002,15.858824541650241,14.099911889666544,12.39033444383762,15.858824541650241,0.0,1,1,1,1
crypto_eth,2026-08-13,1884.54,226948432611.0,26.147988659506463,-0.002580851735276169,0.19368832336205372,0.28675693463883395,1,1,1,797917.0,2642783.0,13.589761114259865,14.787343464934585,13.589761114259865,14.787343464934585,chain,Ethereum,0,8775450.839999998,1544443.0099999993,403832.6900000001,15.987468817728441,14.250174539469697,12.90875841377286,15.987468817728441,0.0,1,1,1,1
crypto_eth,2026-08-14,1877.47,226096306675.0,26.144226881178742,-0.0037586334557043336,0.2446765690811301,0.2527339445584227,1,1,1,826477.0,2716949.0,13.624928577619132,14.815020485589173,13.624928577619132,14.815020485589173,chain,Ethereum,0,12491233.520000001,2398157.0199999977,1356971.9999999998,16.34053771788988,14.690211508978996,14.120767041787817,16.34053771788988,0.0,1,1,1,1
crypto_eth,2026-08-15,1880.81,226499155868.0,26.146007055010458,0.0017774092826005003,,0.2525160867914964,1,1,1,866481.0,2901172.0,13.67219661469641,14.880625695934224,13.67219661469641,14.880625695934224,chain,Ethereum,0,8052606.899999999,1366010.230000001,211850.61000000002,15.90150655966307,14.127405540162535,12.263641355742608,15.90150655966307,0.0,1,0,1,0
crypto_eth,2026-08-16,1880.08,226411372764.0,26.14561941507034,-0.00038820598803358466,,0.23032622252213564,1,1,1,850256.0,2884106.0,13.653293935708236,14.874725877947009,13.653293935708236,14.874725877947009,chain,Ethereum,0,7181370.889999998,1198759.6899999997,164577.95,15.787000993803304,13.996798822762546,12.011145673263304,15.787000993803304,0.0,1,0,1,0
crypto_eth,2026-08-17,1900.43,228861517702.0,26.156382931387878,0.010765847228327657,,0.23252734748594683,1,1,1,964938.0,1875663.0,13.7798201658879,14.444473288029572,13.7798201658879,14.444473288029572,chain,Ethereum,0,5892605.899999999,1068825.75,152966.58000000002,15.589209055333422,13.882072109520184,11.937981282496729,15.589209055333422,0.0,1,0,1,0
crypto_eth,2026-08-18,1904.11,229305331337.0,26.158320277028423,0.0019345314533019925,,0.22995967017159752,1,1,1,859252.0,2718405.0,13.66381868612292,14.815556237078063,13.66381868612292,14.815556237078063,chain,Ethereum,0,8836409.790000001,1392076.75,267644.05,15.994391332934931,14.146307973201733,12.497416941348245,15.994391332934931,0.0,1,0,1,0
crypto_eth,2026-08-19,2002.95,241208416435.0,26.20892719519978,0.05060638600633019,,0.2880682634974882,1,1,1,814843.0,2856958.0,13.610751962858624,14.865268330392402,13.610751962858624,14.865268330392402,chain,Ethereum,0,7112211.339999996,1273948.6900000009,371906.4299999999,15.777323912310605,14.057632624538586,12.826400258202435,15.777323912310605,0.0,1,0,1,0
crypto_eth,2026-08-20,2287.3,275451143547.0,26.341676112415787,0.1327509888352312,,0.5352051422272586,1,1,1,775498.0,2467880.0,13.561261972107248,14.718870445665027,13.561261972107248,14.718870445665027,chain,Ethereum,0,10523185.459999997,1957846.5900000008,705378.3,16.169091614847538,14.487356259410653,13.466490951301061,16.169091614847538,0.0,1,0,1,0
crypto_eth,2026-08-21,2397.92,288773120630.0,26.388907167022754,0.04722961226337188,,0.5541031846432355,1,1,1,942079.0,1975006.0,13.75584547564254,14.496082500614875,13.75584547564254,14.496082500614875,chain,Ethereum,0,14468414.939999998,3021680.68,1598877.0999999999,16.48747862060411,14.921324082051033,14.284812753763077,16.48747862060411,0.0,1,0,1,0
crypto_uni,2026-05-25,3.37,2021719606.0,21.42721427631663,,-0.12298944384695727,,1,1,1,,,,,,,,,,,,,,,,,,0,0,0,0
crypto_uni,2026-05-26,3.29,1975466535.0,21.40407042765705,-0.024025179586989878,-0.13309727062942595,,1,1,1,1075.0,2692.0,6.98100574072173,7.898411092811599,6.98100574072173,7.898411092811599,application_protocol,Uniswap,1,4843778.0,114788.0,114788.0,15.393205759162646,11.650850939461357,11.650850939461357,15.393205759162646,15.393205759162646,1,1,1,1
crypto_uni,2026-05-27,3.26,1957421002.0,21.394893628437618,-0.009160369398664278,-0.13440820109805704,,1,1,1,1285.0,2675.0,7.1592919047975645,7.892078421248119,7.1592919047975645,7.892078421248119,application_protocol,Uniswap,1,2176955.0,168812.0,168812.0,14.59343812871248,12.03654687239656,12.03654687239656,14.59343812871248,14.59343812871248,1,1,1,1
crypto_uni,2026-05-28,3.04,1825149986.0,21.324928004713527,-0.06986967996048589,-0.12604072089536494,,1,1,1,1235.0,3204.0,7.119635638017636,8.07246736935477,7.119635638017636,8.07246736935477,application_protocol,Uniswap,1,1725864.0,154592.0,154592.0,14.361238932039285,11.948551135973245,11.948551135973245,14.361238932039285,14.361238932039285,1,1,1,1
crypto_uni,2026-05-29,3.03,1816738145.0,21.320308502050985,-0.0032948958968526494,-0.1882798663775852,,1,1,1,1489.0,3778.0,7.306531398939505,8.237214703349489,7.306531398939505,8.237214703349489,application_protocol,Uniswap,1,1360364.0,140266.0,140266.0,14.123263604057074,11.85130302816056,11.85130302816056,14.123263604057074,14.123263604057074,1,1,1,1
crypto_uni,2026-05-30,3.05,1828776510.0,21.32691300643414,0.0065789710980425605,-0.22725033326686306,,1,1,1,1335.0,2964.0,7.197435354096591,7.994632311431825,7.197435354096591,7.994632311431825,application_protocol,Uniswap,1,1239177.0,145477.0,145477.0,14.029958814537919,11.887780151412255,11.887780151412255,14.029958814537919,14.029958814537919,1,1,1,1
crypto_uni,2026-05-31,3.02,1815724650.0,21.319750481180023,-0.009884759232541973,-0.17703752864734945,,1,1,1,843.0,1932.0,6.738152494595957,7.566828479208331,6.738152494595957,7.566828479208331,application_protocol,Uniswap,1,836222.0,48766.0,48766.0,13.636650602907823,10.794809133586739,10.794809133586739,13.636650602907823,13.636650602907823,1,1,1,1
crypto_uni,2026-06-01,2.98,1786587152.0,21.303573017893047,-0.013333530869465144,-0.1558299413469784,,1,1,1,999.0,1980.0,6.907755278982137,7.591357046698551,6.907755278982137,7.591357046698551,application_protocol,Uniswap,1,1065601.0,72458.0,72458.0,13.879050455643377,11.1907761636362,11.1907761636362,13.879050455643377,13.879050455643377,1,1,1,1
crypto_uni,2026-06-02,2.88,1731445127.0,21.272222230285234,-0.03413300636945858,-0.14149956227369948,,1,1,1,1133.0,2387.0,7.033506484287697,7.778211474512493,7.033506484287697,7.778211474512493,application_protocol,Uniswap,1,1800330.0,173055.0,173055.0,14.403481094849793,12.061370520522527,12.061370520522527,14.403481094849793,14.403481094849793,1,1,1,1
crypto_uni,2026-06-03,2.85,1710928791.0,21.26030221263856,-0.010471299867295366,-0.15532095497544865,,1,1,1,1350.0,3107.0,7.208600337960199,8.041734711487537,7.208600337960199,8.041734711487537,application_protocol,Uniswap,1,2376355.0,273853.0,273853.0,14.681078779890864,12.520350396641618,12.520350396641618,14.681078779890864,14.681078779890864,1,1,1,1
crypto_uni,2026-06-04,2.68,1606289950.0,21.19719297789384,-0.06150219975779381,-0.07353408404614899,,1,1,1,1362.0,3416.0,7.217443431696533,8.136518252115291,7.217443431696533,8.136518252115291,application_protocol,Uniswap,1,2280025.0,274421.0,274421.0,14.639697404374376,12.522422346547144,12.522422346547144,14.639697404374376,14.639697404374376,1,1,1,1
crypto_uni,2026-06-05,2.51,1507449745.0,21.133685149359852,-0.06553404137907293,0.003976148379639417,,1,1,1,1561.0,3870.0,7.3537223303996315,8.261268150577648,7.3537223303996315,8.261268150577648,application_protocol,Uniswap,1,2475504.0,355061.0,355061.0,14.721954973575556,12.78004770109571,12.78004770109571,14.721954973575556,14.721954973575556,1,1,1,1
crypto_uni,2026-06-06,2.43,1460176149.0,21.10182291538903,-0.032391495791235285,0.0403280453869716,,1,1,1,1577.0,4493.0,7.363913501405819,8.410498452745275,7.363913501405819,8.410498452745275,application_protocol,Uniswap,1,3196756.0,456977.0,456977.0,14.977647416394955,13.032390528673808,13.032390528673808,14.977647416394955,14.977647416394955,1,1,1,1
crypto_uni,2026-06-07,2.53,1518915198.0,21.14126223148353,0.0403280453869716,0.0,,1,1,1,1194.0,2634.0,7.085901464365611,7.876638460975463,7.085901464365611,7.876638460975463,application_protocol,Uniswap,1,1839835.0,211881.0,211881.0,14.425186995178032,12.26378479491918,12.26378479491918,14.425186995178032,14.425186995178032,1,1,1,1
crypto_uni,2026-06-08,2.55,1532637282.0,21.1502558021867,0.007874056430905866,0.042232763623272995,,1,1,1,1011.0,2995.0,6.919683849847411,8.005033344637111,6.919683849847411,8.005033344637111,application_protocol,Uniswap,1,1409754.0,169251.0,169251.0,14.158926488391282,12.0391440075437,12.0391440075437,14.158926488391282,14.158926488391282,1,1,1,1
crypto_uni,2026-06-09,2.5,1498978265.0,21.128049556295306,-0.019802627296179643,0.19556678354397525,,1,1,1,1187.0,3480.0,7.080026499922591,8.15507488781144,7.080026499922591,8.15507488781144,application_protocol,Uniswap,1,2460532.0,181012.0,181012.0,14.71588855110638,12.10632413087322,12.10632413087322,14.71588855110638,14.71588855110638,1,1,1,1
crypto_uni,2026-06-10,2.44,1467803251.0,21.107032732952195,-0.024292692569044587,0.32883188208724845,,1,1,1,1053.0,2568.0,6.960347729101308,7.851271997109883,6.960347729101308,7.851271997109883,application_protocol,Uniswap,1,1602119.0,148697.0,148697.0,14.286838310172142,11.90967268245867,11.90967268245867,14.286838310172142,14.286838310172142,1,1,1,1
crypto_uni,2026-06-11,2.49,1496524312.0,21.12641113103218,0.02028467117150593,0.21911940101448427,,1,1,1,1200.0,2879.0,7.0909098220799835,7.965545573129992,7.0909098220799835,7.965545573129992,application_protocol,Uniswap,1,1364952.0,158109.0,158109.0,14.126630553773962,11.971046272304191,11.971046272304191,14.126630553773962,14.126630553773962,1,1,1,1
crypto_uni,2026-06-12,2.52,1511187801.0,21.136161801726193,0.01197619104671562,0.1941560144409574,,1,1,1,1019.0,3601.0,6.927557906278317,8.189244525735901,6.927557906278317,8.189244525735901,application_protocol,Uniswap,1,1193852.0,149571.0,149571.0,13.99269644977745,11.915533161229414,11.915533161229414,13.99269644977745,13.99269644977745,1,1,1,1
crypto_uni,2026-06-13,2.53,1518748770.0,21.14115265517626,0.003960401216096914,0.1770375286473494,,1,1,1,954.0,2090.0,6.86171134048073,7.645397699428633,6.86171134048073,7.645397699428633,application_protocol,Uniswap,1,994793.0,104935.0,104935.0,13.81029095953011,11.561105919494981,11.561105919494981,13.81029095953011,13.81029095953011,1,1,1,1
crypto_uni,2026-06-14,2.53,1516118299.0,21.139419154763285,0.0,0.1737207760213555,,1,1,1,715.0,1757.0,6.573680166960646,7.471932078245122,6.573680166960646,7.471932078245122,application_protocol,Uniswap,1,660461.0,66480.0,66480.0,13.400694869116881,11.104671471534129,11.104671471534129,13.400694869116881,13.400694869116881,1,1,1,1
crypto_uni,2026-06-15,2.66,1597622718.0,21.191782560044896,0.05010682005417898,0.1302364967276699,,1,1,1,747.0,2026.0,6.617402977974478,7.614312146452,6.617402977974478,7.614312146452,application_protocol,Uniswap,1,872170.0,98373.0,98373.0,13.678740784583276,11.496531820483794,11.496531820483794,13.678740784583276,13.678740784583276,1,1,1,1
crypto_uni,2026-06-16,3.04,1822378655.0,21.32340843801178,0.13353139262452257,-0.04370443423472918,,1,1,1,1287.0,4773.0,7.160845906664299,8.470939806898775,7.160845906664299,8.470939806898775,application_protocol,Uniswap,1,1331293.0,164835.0,164835.0,14.101661959536871,12.012706319203465,12.012706319203465,14.101661959536871,14.101661959536871,1,1,1,1
crypto_uni,2026-06-17,3.39,2035934781.0,21.434220902213962,0.10897240597422851,-0.16303962724450435,,1,1,1,2310.0,15533.0,7.745435610274381,9.650786448979593,7.745435610274381,9.650786448979593,application_protocol,Uniswap,1,1318654.0,184224.0,184224.0,14.092122835696966,12.123913115635201,12.123913115635201,14.092122835696966,14.092122835696966,1,1,1,1
crypto_uni,2026-06-18,3.1,1860247163.0,21.343975199176647,-0.08942780990125831,-0.06669137449867228,,1,1,1,3017.0,17548.0,8.012349639327795,9.772752247213607,8.012349639327795,9.772752247213607,application_protocol,Uniswap,1,1761558.0,186942.0,186942.0,14.381709770383608,12.138559036537625,12.138559036537625,14.381709770383608,14.381709770383608,1,1,1,1
crypto_uni,2026-06-19,3.06,1837686384.0,21.33177321737663,-0.01298719552681119,-0.0537041789718611,,1,1,1,1812.0,7751.0,7.502738210754851,8.955706153570603,7.502738210754851,8.955706153570603,application_protocol,Uniswap,1,1340536.0,172810.0,172810.0,14.108580837918412,12.059953790733452,12.059953790733452,14.108580837918412,14.108580837918412,1,1,1,1
crypto_uni,2026-06-20,3.02,1811604969.0,21.317479012521794,-0.013158084577511199,-0.026847250036188052,,1,1,1,1239.0,5125.0,7.122866658599083,8.542080906924017,7.122866658599083,8.542080906924017,application_protocol,Uniswap,1,960110.0,90735.0,90735.0,13.774804181759963,11.415709470253809,11.415709470253809,13.774804181759963,13.774804181759963,1,1,1,1
crypto_uni,2026-06-21,3.01,1808264567.0,21.315633419516324,-0.003316752625994038,-0.0337869975773831,,1,1,1,1077.0,3651.0,6.982862751468942,8.20303024171486,6.982862751468942,8.20303024171486,application_protocol,Uniswap,1,873447.0,101252.0,101252.0,13.680203876160304,11.525377614159467,11.525377614159467,13.680203876160304,13.680203876160304,1,1,1,1
crypto_uni,2026-06-22,3.03,1816932800.0,21.32041564163689,0.006622540760493457,-0.030153038170687443,,1,1,1,1001.0,3715.0,6.90975328164481,8.22040309993373,6.90975328164481,8.22040309993373,application_protocol,Uniswap,1,917638.0,79004.0,79004.0,13.729559346073705,11.2772664205856,11.2772664205856,13.729559346073705,13.729559346073705,1,1,1,1
crypto_uni,2026-06-23,2.91,1747560680.0,21.281486755360653,-0.04040953833787655,-0.03141619623337904,,1,1,1,1233.0,4162.0,7.1180162044653335,8.333991247194975,7.1180162044653335,8.333991247194975,application_protocol,Uniswap,1,1182817.0,119927.0,119927.0,13.983410284971145,11.694646841692151,11.694646841692151,13.983410284971145,13.983410284971145,1,1,1,1
crypto_uni,2026-06-24,2.88,1729507402.0,21.271102466182008,-0.01036278703554666,-0.0317486983145803,0.8765242423338894,1,1,1,1216.0,3666.0,7.104144092987527,8.207129168071326,7.104144092987527,8.207129168071326,application_protocol,Uniswap,1,1066467.0,129274.0,129274.0,13.87986281175516,11.769697197264422,11.769697197264422,13.87986281175516,13.87986281175516,1,1,1,1
crypto_uni,2026-06-25,2.9,1739741286.0,21.277002252911064,0.006920442844573757,0.04054609439435001,0.8748203891569973,1,1,1,1404.0,4927.0,7.247792581767846,8.502688505213357,7.247792581767846,8.502688505213357,application_protocol,Uniswap,1,1420340.0,220789.0,220789.0,14.166407541593317,12.304967302504389,12.304967302504389,14.166407541593317,14.166407541593317,1,1,1,1
crypto_uni,2026-06-26,2.9,1743734582.0,21.27929496163106,0.0,0.10777140024213694,0.874750936872294,1,1,1,1998.0,5460.0,7.6004023345004,8.605387202152153,7.6004023345004,8.605387202152153,application_protocol,Uniswap,1,1510154.0,201252.0,201252.0,14.22772285252968,12.212318102002003,12.212318102002003,14.22772285252968,14.22772285252968,1,1,1,1
crypto_uni,2026-06-27,2.94,1767949730.0,21.29308636749971,0.013698844358161927,0.08786135579133425,0.8434355037647937,1,1,1,1983.0,5514.0,7.592870287844818,8.615226931687603,7.592870287844818,8.615226931687603,application_protocol,Uniswap,1,1524630.0,222994.0,222994.0,14.237262971531745,12.314904628666225,12.314904628666225,14.237262971531745,14.237262971531745,1,1,1,1
crypto_uni,2026-06-28,2.91,1747925584.0,21.28169554119116,-0.010256500167188997,0.08241894641541953,0.8440113218446643,1,1,1,1576.0,4535.0,7.3632795869630385,8.419800845407588,7.3632795869630385,8.419800845407588,application_protocol,Uniswap,1,572467.0,70005.0,70005.0,13.257712117651831,11.156336231643952,11.156336231643952,13.257712117651831,13.257712117651831,1,1,1,1
crypto_uni,2026-06-29,2.94,1767483720.0,21.292822744942935,0.010256500167189061,0.07216244624823058,0.8445432966390514,1,1,1,1452.0,4198.0,7.2813856635702825,8.342601680684194,7.2813856635702825,8.342601680684194,application_protocol,Uniswap,1,942007.0,87580.0,87580.0,13.75576904609144,11.380319358422197,11.380319358422197,13.75576904609144,13.75576904609144,1,1,1,1
crypto_uni,2026-06-30,2.82,1690704744.0,21.248411287241627,-0.041672696400568074,0.12014431184206341,0.8558488801929934,1,1,1,2039.0,6640.0,7.620705086838262,8.801017833540714,7.620705086838262,8.801017833540714,application_protocol,Uniswap,1,1667948.0,166912.0,166912.0,14.32710528589382,12.02522799756925,12.02522799756925,14.32710528589382,14.32710528589382,1,1,1,1
crypto_uni,2026-07-01,2.79,1676230685.0,21.239813469749553,-0.010695289116747919,0.1587483890758878,0.8554695669996834,1,1,1,2440.0,5530.0,7.80016307039296,8.618123909994678,7.80016307039296,8.618123909994678,application_protocol,Uniswap,1,1233149.0,89248.0,89248.0,14.025082429248389,11.399185495097322,11.399185495097322,14.025082429248389,14.025082429248389,1,1,1,1
crypto_uni,2026-07-02,3.02,1811867048.0,21.31762366880683,0.07921523555350402,0.1037035144501968,0.892759377941518,1,1,1,1661.0,4562.0,7.415776975415394,8.425735580927402,7.415776975415394,8.425735580927402,application_protocol,Uniswap,1,1106754.0,158872.0,158872.0,13.916942868316282,11.975860419899536,11.975860419899536,13.916942868316282,13.916942868316282,1,1,1,1
crypto_uni,2026-07-03,3.23,1937175282.0,21.384496708758835,0.06722530584778692,0.0888157337106402,0.9202674505252529,1,1,1,1999.0,8059.0,7.600902459542082,8.994668835500674,7.600902459542082,8.994668835500674,application_protocol,Uniswap,1,1509465.0,147244.0,147244.0,14.227266503860786,11.899853145079934,11.899853145079934,14.227266503860786,14.227266503860786,1,1,1,1
crypto_uni,2026-07-04,3.21,1926011878.0,21.378717317489205,-0.006211200092640636,0.1202030886957553,0.8903262405721208,1,1,1,1484.0,6029.0,7.3031700512368,8.704502289721232,7.3031700512368,8.704502289721232,application_protocol,Uniswap,1,944281.0,108146.0,108146.0,13.75818012933063,11.591246691745425,11.591246691745425,13.75818012933063,13.75818012933063,1,1,1,1
crypto_uni,2026-07-05,3.16,1899734889.0,21.364980181278032,-0.015698909543103642,0.14415513999557933,0.8562364645315035,1,1,1,1073.0,3277.0,6.97914527506881,8.094988759303774,6.97914527506881,8.094988759303774,application_protocol,Uniswap,1,808501.0,70309.0,70309.0,13.602938431712998,11.160669315193207,11.160669315193207,13.602938431712998,13.602938431712998,1,1,1,1
crypto_uni,2026-07-06,3.16,1895867397.0,21.362942300042306,0.0,0.11072584334638462,0.8445330589617204,1,1,1,1042.0,2503.0,6.949856455000773,7.825644732219989,6.949856455000773,7.825644732219989,application_protocol,Uniswap,1,1137032.0,107285.0,107285.0,13.943932796058194,11.583253444803258,11.583253444803258,13.943932796058194,13.943932796058194,1,1,1,1
crypto_uni,2026-07-07,3.18,1912035863.0,21.371434408198876,0.006309169193264756,0.1351024848565638,0.8368273894492374,1,1,1,1182.0,3572.0,7.075808863978387,8.181160858023409,7.075808863978387,8.181160858023409,application_protocol,Uniswap,1,1445436.0,146564.0,146564.0,14.18392225595364,11.895224295046553,11.895224295046553,14.18392225595364,14.18392225595364,1,1,1,1
crypto_uni,2026-07-08,3.27,1964303496.0,21.398403564471796,0.027908788117076443,0.10444266336759739,0.8398159022861253,1,1,1,1337.0,4178.0,7.198931240688173,8.337827262447915,7.198931240688173,8.337827262447915,application_protocol,Uniswap,1,1546744.0,168018.0,168018.0,14.251663280803559,12.031832347228708,12.031832347228708,14.251663280803559,14.251663280803559,1,1,1,1
crypto_uni,2026-07-09,3.35,2010621839.0,21.421709883808365,0.02417036092781297,0.08850280157629978,0.8352967881455702,1,1,1,1693.0,11418.0,7.434847875211999,9.343033913701648,7.434847875211999,9.343033913701648,application_protocol,Uniswap,1,3642888.0,145447.0,145447.0,15.108287606133143,11.887573913399109,11.887573913399109,15.108287606133143,15.108287606133143,1,1,1,1
crypto_uni,2026-07-10,3.53,2121251296.0,21.475271985473043,0.052337525108230226,0.0,0.8387416470983485,1,1,1,1564.0,8050.0,7.355641102974253,8.993551586299981,7.355641102974253,8.993551586299981,application_protocol,Uniswap,1,2586918.0,93614.0,93614.0,14.76597815027984,11.446945906036254,11.446945906036254,14.76597815027984,14.76597815027984,1,1,1,1
crypto_uni,2026-07-11,3.62,2173092903.0,21.49941729064321,0.025176154892474403,-0.025176154892474396,0.8395001984878763,1,1,1,1739.0,8823.0,7.461640392208575,9.085230560933338,7.461640392208575,9.085230560933338,application_protocol,Uniswap,1,3617100.0,99697.0,99697.0,15.101183434238045,11.50990089556818,11.50990089556818,15.101183434238045,15.101183434238045,1,1,1,1
crypto_uni,2026-07-12,3.65,2188901005.0,21.506665430618003,0.008253141756720482,-0.036266177984394375,0.8396283646440511,1,1,1,1469.0,7777.0,7.293017679772782,8.959054514715692,7.293017679772782,8.959054514715692,application_protocol,Uniswap,1,5236579.0,73454.0,73454.0,15.47117917145857,11.204428252804528,11.204428252804528,15.47117917145857,15.47117917145857,1,1,1,1
crypto_uni,2026-07-13,3.53,2119714414.0,21.474547206178716,-0.03342929664919471,-0.002836881335199615,0.8543300680035657,1,1,1,1218.0,5180.0,7.105786129481271,8.552753366814787,7.105786129481271,8.552753366814787,application_protocol,Uniswap,1,5113405.0,80440.0,80440.0,15.447376276346812,11.295279275435373,11.295279275435373,15.447376276346812,15.447376276346812,1,1,1,1
crypto_uni,2026-07-14,3.64,2184155051.0,21.50449488635673,0.030685810703443887,0.013642776403786479,0.8560141164765549,1,1,1,1422.0,5889.0,7.260522598089852,8.681011276645632,7.260522598089852,8.681011276645632,application_protocol,Uniswap,1,4760097.0,134151.0,134151.0,15.375778814230962,11.806728764426946,11.806728764426946,15.375778814230962,15.375778814230962,1,1,1,1
crypto_uni,2026-07-15,3.63,2181357113.0,21.503213048955757,-0.002751033371889982,0.032523191705560145,0.8462959380852937,1,1,1,1413.0,5607.0,7.254177846456518,8.631949428714426,7.254177846456518,8.631949428714426,application_protocol,Uniswap,1,5294961.0,125138.0,125138.0,15.482266360410211,11.737180398470402,11.737180398470402,15.482266360410211,15.482266360410211,1,1,1,1
crypto_uni,2026-07-16,3.66,2200030502.0,21.511737061760023,0.008230499136515444,0.037537919319065034,0.7202433033725534,1,1,1,1538.0,5072.0,7.338888133838879,8.53168763756669,7.338888133838879,8.53168763756669,application_protocol,Uniswap,1,5107279.0,166845.0,166845.0,15.44617753083529,12.02482651026314,12.02482651026314,15.44617753083529,15.44617753083529,1,1,1,1
crypto_uni,2026-07-17,3.53,2119784480.0,21.474580260085208,-0.036165276468069524,0.07633131819340426,0.6320736551673657,1,1,1,1363.0,6471.0,7.218176838403408,8.775240458738327,7.218176838403408,8.775240458738327,application_protocol,Uniswap,1,4109263.0,131717.0,131717.0,15.228754495010708,11.788418552651978,11.788418552651978,15.228754495010708,15.228754495010708,1,1,1,1
crypto_uni,2026-07-18,3.53,2120172024.0,21.47476306573461,0.0,0.044328587107230547,0.5408042286990334,1,1,1,1341.0,5392.0,7.201916317531627,8.592857095337227,7.201916317531627,8.592857095337227,application_protocol,Uniswap,1,4586050.0,141790.0,141790.0,15.338529863140593,11.86210942139028,11.86210942139028,15.338529863140593,15.338529863140593,1,1,1,1
crypto_uni,2026-07-19,3.52,2113815367.0,21.47176038235887,-0.002836881335199615,0.07126302002149049,0.537864376488182,1,1,1,991.0,3652.0,6.899723107284872,8.203304026795282,6.899723107284872,8.203304026795282,application_protocol,Uniswap,1,2874143.0,28136.0,28136.0,14.871265448750059,10.244840715177048,10.244840715177048,14.871265448750059,14.871265448750059,1,1,1,1
crypto_uni,2026-07-20,3.52,2112122385.0,21.47095914855472,0.0,0.08961215868968714,0.5343221214600455,1,1,1,983.0,3221.0,6.891625897052253,8.07775756373692,6.891625897052253,8.07775756373692,application_protocol,Uniswap,1,2518155.0,63550.0,63550.0,14.739037445599056,11.059598012135023,11.059598012135023,14.739037445599056,14.739037445599056,1,1,1,1
crypto_uni,2026-07-21,3.69,2255411961.0,21.536598481020548,0.047165468442430136,0.029374608679904317,0.5529936822619514,1,1,1,1348.0,4826.0,7.207118856207756,8.481980435660493,7.207118856207756,8.481980435660493,application_protocol,Uniswap,1,3403576.0,147263.0,147263.0,15.040337495383879,11.899982173395038,11.899982173395038,15.040337495383879,15.040337495383879,1,1,1,1
crypto_uni,2026-07-22,3.75,2347505352.0,21.576619048916296,0.016129381929883717,0.04433581382005162,0.5539509637743059,1,1,1,1542.0,5414.0,7.341483852363161,8.596928159435091,7.341483852363161,8.596928159435091,application_protocol,Uniswap,1,3608009.0,81112.0,81112.0,15.098666931779436,11.303598523188434,11.303598523188434,15.098666931779436,15.098666931779436,1,1,1,1
crypto_uni,2026-07-23,3.8,2376917252.0,21.589070212770686,0.013245226750020505,0.09531017980432474,0.5269833513052183,1,1,1,1662.0,5760.0,7.416378479192928,8.658866349732383,7.416378479192928,8.658866349732383,application_protocol,Uniswap,1,4081168.0,120070.0,120070.0,15.221894024949284,11.695838513465139,11.695838513465139,15.221894024949284,15.221894024949284,1,1,1,1
crypto_uni,2026-07-24,3.81,2380616029.0,21.590625126851897,0.00262812240626963,0.13484286822233338,0.5229409417219886,1,1,1,1310.0,4624.0,7.1785454837637,8.439231649946526,7.1785454837637,8.439231649946526,application_protocol,Uniswap,1,4334676.0,90660.0,90660.0,15.282157655616864,11.414882554656819,11.414882554656819,15.282157655616864,15.282157655616864,1,1,1,1
crypto_uni,2026-07-25,3.69,2308036434.0,21.55966297142954,-0.03200273108617383,0.11265094892050555,0.5424562261737592,1,1,1,1273.0,5327.0,7.149916836132109,8.580731212220226,7.149916836132109,8.580731212220226,application_protocol,Uniswap,1,3112308.0,83626.0,83626.0,14.950875452410315,11.334121713437515,11.334121713437515,14.950875452410315,14.950875452410315,1,1,1,1
crypto_uni,2026-07-26,3.78,2363769442.0,21.583523402969217,0.024097551579060524,0.10297672430255016,0.5444745900572369,1,1,1,1084.0,4139.0,6.98933526597456,8.32845106681936,6.98933526597456,8.32845106681936,application_protocol,Uniswap,1,2084838.5,58702.0,58702.0,14.550202431834782,10.980246111835637,10.980246111835637,14.550202431834782,14.550202431834782,1,1,1,1
crypto_uni,2026-07-27,3.85,2408716243.0,21.602359763271867,0.018349138668196617,0.04569322765889877,0.5452386514006081,1,1,1,1279.0,6320.0,7.154615356913663,8.751632702472298,7.154615356913663,8.751632702472298,application_protocol,Uniswap,1,1958261.05,69739.0,69739.0,14.487567928663891,11.152529320229641,11.152529320229641,14.487567928663891,14.487567928663891,1,1,1,1
crypto_uni,2026-07-28,3.8,2378203037.0,21.589611012983166,-0.013072081567352888,0.018253440309350517,0.5465762960988549,1,1,1,1402.0,5463.0,7.246368080102461,8.605936401250625,7.246368080102461,8.605936401250625,application_protocol,Uniswap,1,3858122.58,245056.0,245056.0,15.165691504075799,12.409246115528562,12.409246115528562,15.165691504075799,15.165691504075799,1,1,1,1
crypto_uni,2026-07-29,3.92,2451142347.0,21.61982001691736,0.03109058707003118,0.02020270731751947,0.5520333023801498,1,1,1,1411.0,6101.0,7.252762418053187,8.716371865276615,7.252762418053187,8.716371865276615,application_protocol,Uniswap,1,3322086.63,339743.0,339743.0,15.016103947495003,12.7359476718133,12.7359476718133,15.016103947495003,15.016103947495003,1,1,1,1
crypto_uni,2026-07-30,4.18,2613963424.0,21.684133459701656,0.0642195927342938,-0.034066554563606195,0.5518381290999251,1,1,1,1567.0,7323.0,7.357556200910353,8.898911905794401,7.357556200910353,8.898911905794401,application_protocol,Uniswap,1,3609157.27,423524.0,423524.0,15.098985136916612,12.956367823209147,12.956367823209147,15.098985136916612,15.098985136916612,1,1,1,1
crypto_uni,2026-07-31,4.36,2726885309.0,21.726425882352995,0.04216081082427812,-0.08119015473001348,0.5539229902747962,1,1,1,2341.0,8153.0,7.758760544157663,9.006263883379198,7.758760544157663,9.006263883379198,application_protocol,Uniswap,1,2366418.0,264250.0,264250.0,14.676888399980138,12.484654688020498,12.484654688020498,14.676888399980138,14.676888399980138,1,1,1,1
crypto_uni,2026-08-01,4.13,2582846396.0,21.672157882005763,-0.05419465038800164,-0.031983045853050764,0.5543690975723737,1,1,1,2457.0,10455.0,7.80710329012598,9.254931255304058,7.80710329012598,9.254931255304058,application_protocol,Uniswap,1,2808178.4299999997,262550.0,262550.0,14.848046941658998,12.478200627857076,12.478200627857076,14.848046941658998,14.848046941658998,1,1,1,1
crypto_uni,2026-08-02,4.19,2617852293.0,21.685620083056367,0.014423326961105125,-0.04390949261556867,0.5155211295049321,1,1,1,1550.0,7095.0,7.346655163176539,8.867286523989415,7.346655163176539,8.867286523989415,application_protocol,Uniswap,1,1652870.77,147864.0,147864.0,14.318024799686452,11.904054974311027,11.904054974311027,14.318024799686452,14.318024799686452,1,1,1,1
crypto_uni,2026-08-03,4.03,2520956550.0,21.647904249779547,-0.03893435797545477,-0.007472014838701066,0.5394917744231909,1,1,1,1371.0,6467.0,7.22402480828583,8.774622220696997,7.22402480828583,8.774622220696997,application_protocol,Uniswap,1,1750317.62,158962.0,158962.0,14.375308397898655,11.976426749719982,11.976426749719982,14.375308397898655,14.375308397898655,1,1,1,1
crypto_uni,2026-08-04,3.87,2420135985.0,21.607089567685048,-0.04051186891690122,-0.0025873235649510238,0.5595392982734008,1,1,1,1649.0,5821.0,7.408530566894626,8.669399124305569,7.408530566894626,8.669399124305569,application_protocol,Uniswap,1,2424663.56,247362.0,247362.0,14.701203747012633,12.418612172380096,12.418612172380096,14.701203747012633,14.701203747012633,1,1,1,1
crypto_uni,2026-08-05,4.0,2500872785.0,21.639905621894453,0.03303985407820009,-0.10536051565782628,0.566345091474151,1,1,1,1662.0,5867.0,7.416378479192928,8.677269139262872,7.416378479192928,8.677269139262872,application_protocol,Uniswap,1,2262011.17,231593.0,231593.0,14.631765315838248,12.352741117609641,12.352741117609641,14.631765315838248,14.631765315838248,1,1,1,1
crypto_uni,2026-08-06,4.04,2527845112.0,21.65063304236666,0.009950330853168092,-0.13778370236305298,0.5663622180798379,1,1,1,1837.0,9390.0,7.516433302915632,9.147507062804614,7.516433302915632,9.147507062804614,application_protocol,Uniswap,1,2818964.0,278792.0,278792.0,14.851880354268907,12.538224849949287,12.538224849949287,14.851880354268907,14.851880354268907,1,1,1,1
crypto_uni,2026-08-07,4.02,2511066534.0,21.64397341378396,-0.004962789342129125,-0.18830959863857716,0.5634017379485922,1,1,1,1587.0,7080.0,7.370230641807081,8.865170419651774,7.370230641807081,8.865170419651774,application_protocol,Uniswap,1,3186254.0,332490.0,332490.0,14.974356803914072,12.714368071042538,12.714368071042538,14.974356803914072,14.974356803914072,1,1,1,1
crypto_uni,2026-08-08,4.0,2499258173.0,21.63925979398727,-0.004987541511038939,-0.2076393647782445,0.5613171783589179,1,1,1,1399.0,6621.0,7.24422751560335,8.798152718107191,7.24422751560335,8.798152718107191,application_protocol,Uniswap,1,2487981.0,240698.0,240698.0,14.726982498088349,12.391302469213302,12.391302469213302,14.726982498088349,14.726982498088349,1,1,1,1
crypto_uni,2026-08-09,4.01,2505383362.0,21.641707598496563,0.002496880198587146,-0.2040012564093157,0.5357733516508816,1,1,1,1113.0,3815.0,7.01571242048723,8.246958032568177,7.01571242048723,8.246958032568177,application_protocol,Uniswap,1,1935215.83,135666.0,135666.0,14.475729935015664,11.817958632756062,11.817958632756062,14.475729935015664,14.475729935015664,1,1,1,1
crypto_uni,2026-08-10,4.0,2499397294.0,21.639315457355533,-0.0024968801985871545,-0.19845093872383832,0.5308418098246808,1,1,1,1091.0,4549.0,6.9957661563048505,8.422882511944996,6.9957661563048505,8.422882511944996,application_protocol,Uniswap,1,2446217.63,168301.0,168301.0,14.710053973900438,12.033515263649583,12.033515263649583,14.710053973900438,14.710053973900438,1,1,1,1
crypto_uni,2026-08-11,3.86,2413211034.0,21.60422407687249,-0.03562717764315116,-0.16587719856757746,0.5475206156629722,1,1,1,1529.0,4989.0,7.333023014386481,8.515191188745565,7.333023014386481,8.515191188745565,application_protocol,Uniswap,1,4492654.84,230424.0,230424.0,15.317954585964191,12.347680708861866,12.347680708861866,15.317954585964191,15.317954585964191,1,1,1,1
crypto_uni,2026-08-12,3.6,2252560848.0,21.53533356062242,-0.06973333801467507,-0.05129329438755058,0.5899729177871547,1,1,1,1672.0,6342.0,7.422373700986824,8.755107121633896,7.422373700986824,8.755107121633896,application_protocol,Uniswap,1,2131895.55,182036.0,182036.0,14.572522540576546,12.111965242100254,12.111965242100254,14.572522540576546,14.572522540576546,1,1,1,1
crypto_uni,2026-08-13,3.52,2204087530.0,21.513579441604573,-0.02247285585205863,0.044451762570833796,0.5850327603918953,1,1,1,2039.0,8979.0,7.620705086838262,9.102755161296246,7.620705086838262,9.102755161296246,application_protocol,Uniswap,1,2263439.37,262458.0,262458.0,14.632396501353858,12.477850158338622,12.477850158338622,14.632396501353858,14.632396501353858,1,1,1,1
crypto_uni,2026-08-14,3.33,2084635782.0,21.457859992045908,-0.055488685617653244,0.16566712188881735,0.6150371264086243,1,1,1,1563.0,5168.0,7.355001921105257,8.550434525196039,7.355001921105257,8.550434525196039,application_protocol,Uniswap,1,2515521.24,224882.0,224882.0,14.737990990059082,12.323335545939669,12.323335545939669,14.737990990059082,14.737990990059082,1,1,1,1
crypto_uni,2026-08-15,3.25,2032728549.0,21.432644840296994,-0.024317307650706357,,0.6181103860951201,1,1,1,2051.0,8573.0,7.62657020629066,9.056489647157923,7.62657020629066,9.056489647157923,application_protocol,Uniswap,1,2390980.4699999997,236139.0,236139.0,14.68721449651499,12.372180128461101,12.372180128461101,14.68721449651499,14.68721449651499,1,0,1,0
crypto_uni,2026-08-16,3.27,2045223470.0,21.43877289675458,0.006134988567515929,,0.607896813095104,1,1,1,1412.0,5177.0,7.253470382684528,8.552174160311482,7.253470382684528,8.552174160311482,application_protocol,Uniswap,1,1589085.2,123393.0,123393.0,14.278669692002174,11.72313776690503,11.72313776690503,14.278669692002174,14.278669692002174,1,0,1,0
crypto_uni,2026-08-17,3.28,2052599837.0,21.44237303976441,0.003053437486890248,,0.608151289034613,1,1,1,1236.0,4167.0,7.1204443723924875,8.335191583433202,7.1204443723924875,8.335191583433202,application_protocol,Uniswap,1,1852742.48,118020.0,118020.0,14.432178060714174,11.678617853715409,11.678617853715409,14.432178060714174,14.432178060714174,1,0,1,0
crypto_uni,2026-08-18,3.27,2047173739.0,21.439726014962826,-0.0030534374868902317,,0.6081534988716601,1,1,1,1522.0,4411.0,7.328437352895162,8.392083380373393,7.328437352895162,8.392083380373393,application_protocol,Uniswap,1,1933043.74,176941.0,176941.0,14.474606903292509,12.08357727424014,12.08357727424014,14.474606903292509,14.474606903292509,1,0,1,0
crypto_uni,2026-08-19,3.42,2136294465.0,21.482338606688867,0.04485056616535171,,0.6301565662306238,1,1,1,1358.0,4405.0,7.214504414151143,8.39072252736229,7.214504414151143,8.39072252736229,application_protocol,Uniswap,1,1646171.81,137716.0,137716.0,14.313963642557646,11.832956133886707,11.832956133886707,14.313963642557646,14.313963642557646,1,0,1,0
crypto_uni,2026-08-20,3.68,2302469226.0,21.557247960532106,0.07327220110632593,,0.661072360710471,1,1,1,1801.0,6733.0,7.496652438168283,8.814924599721019,7.496652438168283,8.814924599721019,application_protocol,Uniswap,1,2400741.0,183642.0,183642.0,14.691288414202676,12.120748934539895,12.120748934539895,14.691288414202676,14.691288414202676,1,0,1,0
crypto_uni,2026-08-21,3.93,2458410186.0,21.62278071211723,0.06572667370033022,,0.6979939441988205,1,1,1,2084.0,7788.0,7.642524134232902,8.960467760919949,7.642524134232902,8.960467760919949,application_protocol,Uniswap,1,3487514.0,346406.0,346406.0,15.064700006177777,12.755369663318435,12.755369663318435,15.064700006177777,15.064700006177777,1,0,1,0
