asset_id,date,volume_24h_usd_reported,log1p_volume_24h_usd,reported_market_cap_usd,circulating_peg_usd,volume_to_reported_market_cap,cross_provider_volume_to_supply,market_cap_to_supply_ratio,pilot_observed_supply_share,absolute_peg_error_bps,breach_50bps,provider
stable_dai,2025-08-25,1001471494.0,20.724736250358546,3330869274.0,4936310361.0,0.30066370416193045,0.20287855113654593,0.6747690137791966,0.018763173701305074,0.16000000000016001,0,coinpaprika
stable_dai,2025-08-26,1189879113.0,20.897117554035805,3330135297.0,5126136160.0,0.3573065376868981,0.23212007560095713,0.6496384787796975,0.019344969131652876,0.7699999999999374,0,coinpaprika
stable_dai,2025-08-27,907225688.0,20.62590180733579,3329245491.0,5092347130.0,0.2725018898283461,0.1781547221428324,0.6537742628319213,0.01920764031104224,2.6300000000001322,0,coinpaprika
stable_dai,2025-08-28,953091669.0,20.675221647968286,3330321212.0,5193203689.0,0.286186108885163,0.1835267257124526,0.6412845348342738,0.019541657464995903,1.3700000000005375,0,coinpaprika
stable_dai,2025-08-29,896800369.0,20.614343842300194,3330584728.0,5262936383.0,0.2692621393056481,0.17039924174207902,0.6328377327072091,0.019624567333501586,1.3300000000004975,0,coinpaprika
stable_dai,2025-08-30,860216595.0,20.57269477131543,3330322923.0,5224490613.0,0.25829825361953346,0.164650806886233,0.6374445222876315,0.01947753406690812,0.700000000000145,0,coinpaprika
stable_dai,2025-08-31,638527436.0,20.27467520353948,3329386028.0,5177986392.0,0.1917853413902775,0.12331578101219544,0.642988562724674,0.019279032509185536,4.859999999999864,0,coinpaprika
stable_dai,2025-09-01,703360561.0,20.371380208760996,3329676910.0,5130735111.0,0.21123988303117375,0.13708767764916094,0.6489668318407951,0.01905190628890304,2.7200000000005,0,coinpaprika
stable_dai,2025-09-02,761515047.0,20.450820491102274,3329440268.0,5187889523.0,0.22872164258932426,0.14678705928950445,0.6417716208564682,0.019266141753365648,1.7800000000001148,0,coinpaprika
stable_dai,2025-09-03,779886180.0,20.47465854520542,3328925791.0,5164743083.0,0.2342756279243234,0.15100193126102107,0.6445481871029208,0.019240754312710703,3.049999999999997,0,coinpaprika
stable_dai,2025-09-04,910483811.0,20.62948667773171,3329928902.0,5146855964.0,0.2734243996780686,0.17690096971207955,0.6469831146026608,0.019043561146351185,0.0,0,coinpaprika
stable_dai,2025-09-05,736787724.0,20.417810382886028,3330275549.0,5123561395.0,0.22123926779009,0.14380382456605656,0.6499923182827402,0.01879735125143667,1.5900000000002024,0,coinpaprika
stable_dai,2025-09-06,726582695.0,20.403862862438892,3330273287.0,5085637970.0,0.21817509627101062,0.1428695277340003,0.6548388435522082,0.01876763958436042,6.500000000000394,0,coinpaprika
stable_dai,2025-09-07,500076678.0,20.03027200262833,3330477464.0,5018025089.0,0.1501516474455868,0.09965607368050368,0.6637028322757356,0.018516446221329974,0.940000000000385,0,coinpaprika
stable_dai,2025-09-08,579522002.0,20.177714188962018,3329709117.0,5011855231.0,0.17404583452687228,0.1156302357688751,0.6643665795461601,0.01850810668863533,1.9100000000005224,0,coinpaprika
stable_dai,2025-09-09,816623643.0,20.52068889063093,3329364529.0,4967114532.0,0.24527913236502197,0.16440604253012622,0.6702814093677516,0.018330035093922142,0.980000000000425,0,coinpaprika
stable_dai,2025-09-10,901957782.0,20.620078273162164,3329786033.0,4972505107.0,0.27087559772943526,0.18138901068804875,0.6696395401007278,0.01832480656170444,11.400000000000299,0,coinpaprika
stable_dai,2025-09-11,683308159.0,20.342456501725653,3328885922.0,4968561188.0,0.20526631882580926,0.1375263649062663,0.6699899218389177,0.01830377946297589,0.700000000000145,0,coinpaprika
stable_dai,2025-09-12,934677226.0,20.655711815888957,3328375846.0,4978883845.0,0.2808208174936984,0.18772826502844434,0.6684983923339549,0.01830940713661051,4.220000000000335,0,coinpaprika
stable_dai,2025-09-13,883952008.0,20.599913330666705,3326973687.0,5037819649.0,0.26569251552965467,0.17546321019559785,0.6603995217773228,0.018438980611177755,1.5299999999995872,0,coinpaprika
stable_dai,2025-09-14,773366347.0,20.46626342442458,3327218874.0,5102380119.0,0.23243627073750484,0.15156972412152817,0.6520915330495,0.0186333798450773,4.889999999999617,0,coinpaprika
stable_dai,2025-09-15,780179228.0,20.475034232021585,3330258017.0,5105901707.0,0.23426990461922517,0.1527995000237477,0.6522370010441723,0.01863253985903012,0.0,0,coinpaprika
stable_dai,2025-09-16,949422270.0,20.671364221779815,3330315657.0,5096960642.0,0.28508476906818325,0.18627223882730543,0.6533924609025851,0.018580708242673594,6.530000000000147,0,coinpaprika
stable_dai,2025-09-17,1005129527.0,20.728382253734765,3329719127.0,5105908208.0,0.30186616007627,0.19685616859017377,0.652130628157975,0.018557892794408743,4.699999999999704,0,coinpaprika
stable_dai,2025-09-18,805663565.0,20.507176801419632,3328636616.0,5094999735.0,0.2420401076907459,0.1581282839850825,0.6533143845197864,0.018507480161951455,0.0,0,coinpaprika
stable_dai,2025-09-19,1090545118.0,20.80994351734886,3329016379.0,5095916129.0,0.32758778985869325,0.21400374150467105,0.6532714225917355,0.01842354479160504,3.4999999999996145,0,coinpaprika
stable_dai,2025-09-20,978937910.0,20.70197877764601,3330106626.0,5111325155.0,0.29396593561205686,0.19152330957508806,0.6515153164815631,0.018432648560045437,9.999999999998899,0,coinpaprika
stable_dai,2025-09-21,806901733.0,20.5087124517816,3330098324.0,5146392690.0,0.24230567823918703,0.1567897713223279,0.6470742760207053,0.01854853461969733,0.0,0,coinpaprika
stable_dai,2025-09-22,947554422.0,20.669394931793754,3330526300.0,5201818098.0,0.28450591187344776,0.18215831544826927,0.6402619694219073,0.01876189320202235,0.0,0,coinpaprika
stable_dai,2025-09-23,1060112928.0,20.7816412761882,3329847579.0,5192582332.0,0.3183668029388801,0.20415909854079903,0.6412700591147796,0.018663697570004557,8.690000000000087,0,coinpaprika
stable_dai,2025-09-24,1268355329.0,20.96098688241134,3330343858.0,5179254605.0,0.3808481595536193,0.2448914806728255,0.6430160538516333,0.01858014610606702,4.089999999999927,0,coinpaprika
stable_dai,2025-09-25,1506975684.0,21.133370621755894,3331695443.0,5183706922.0,0.4523149578891446,0.29071390544945624,0.6427245006580254,0.018547135657879524,6.389999999999452,0,coinpaprika
stable_dai,2025-09-26,1719421665.0,21.26525383053252,3330041409.0,5375093495.0,0.5163364216291642,0.3198868385451219,0.6195318113252651,0.01923797448704149,0.0,0,coinpaprika
stable_dai,2025-09-27,1097101978.0,20.815937975632597,3330621984.0,5101815464.0,0.3293985277435796,0.2150414858674316,0.6528307437816806,0.018201115906297458,7.350000000000412,0,coinpaprika
stable_dai,2025-09-28,922438811.0,20.642531603223844,3331773959.0,5079336792.0,0.276861162357143,0.18160615229390759,0.6559466511942215,0.018110135809647616,14.490000000000336,0,coinpaprika
stable_dai,2025-09-29,794419070.0,20.493121677204662,3330153491.0,5091287970.0,0.23855328955466457,0.15603499049377087,0.6540886138483344,0.018145602772766115,10.740000000000194,0,coinpaprika
stable_dai,2025-09-30,811142318.0,20.513954082503826,3329613052.0,5079987913.0,0.24361458984333656,0.15967406456307448,0.6554371996593371,0.018105765932500125,6.920000000000259,0,coinpaprika
stable_dai,2025-10-01,1388584269.0,21.05155055426307,3329347537.0,5076538968.0,0.41707399229676756,0.2735297173434403,0.6558301941512842,0.018029249209152873,1.56000000000045,0,coinpaprika
stable_dai,2025-10-02,1068945392.0,20.78993838536465,3329194094.0,5070219665.0,0.32108232858111035,0.21082822098990853,0.6566173290245404,0.01796475937471086,5.619999999999514,0,coinpaprika
stable_dai,2025-10-03,1203461640.0,20.908467941808656,3328991453.0,5017462739.0,0.3615093811416884,0.23985462425972187,0.663481051313892,0.017701555535654112,1.171969263116246,0,coinpaprika
stable_dai,2025-10-04,1092587030.0,20.811814144003716,3329188877.0,5050620483.0,0.32818415246675714,0.21632728764268944,0.6591643320272813,0.017724665888835336,0.7898948340723244,0,coinpaprika
stable_dai,2025-10-05,919380729.0,20.639210881795456,3329114429.0,5044867482.0,0.27616375123403725,0.18224080856044972,0.6599012641815117,0.017685422989698298,9.127607247285674,0,coinpaprika
stable_dai,2025-10-06,944797710.0,20.66648140010952,3328831823.0,5029577197.0,0.2838226021128734,0.18784833654875505,0.6618512237938318,0.01764939165215742,8.40667259202399,0,coinpaprika
stable_dai,2025-10-07,1134765338.0,20.849691716724358,3328487023.0,5012917849.0,0.34092527029810205,0.22636822947863952,0.6639819608581821,0.017549989889294938,2.9664244655336347,0,coinpaprika
stable_dai,2025-10-08,1041752006.0,20.764169754830856,3329428144.0,5014506975.0,0.31289217275265513,0.20774764322668032,0.6639592208364612,0.017509956953238346,10.406712279793506,0,coinpaprika
stable_dai,2025-10-09,966458423.0,20.68914883861549,3329387998.0,5024809477.0,0.2902811037886129,0.19233732690239472,0.6625898978338517,0.017546688927973807,9.2471428026486,0,coinpaprika
stable_dai,2025-10-10,997705639.0,20.720968840869663,3330970680.0,5080312544.0,0.29952399310821914,0.19638666526104187,0.6556625505125615,0.017754495867685897,5.053490018644968,0,coinpaprika
stable_dai,2025-10-11,1625248476.0,21.20892654996181,3331155321.0,5100931368.0,0.48789333410971264,0.3186179853733723,0.6530484495238557,0.01778254958148658,14.802655650252294,0,coinpaprika
stable_dai,2025-10-12,1381837468.0,21.04667994973181,3331427673.0,5110335539.0,0.41478837412538955,0.2704005358267337,0.651899987305315,0.017833491949352305,2.959986802918424,0,coinpaprika
stable_dai,2025-10-13,1101146571.0,20.819617812075307,3329666556.0,5063436451.0,0.3307077608163957,0.2174702065792748,0.657590272579092,0.017663505243749128,0.35495028885224045,0,coinpaprika
stable_dai,2025-10-14,1291139059.0,20.978790657959728,3330285170.0,5000049633.0,0.3876962461445907,0.25822524850124823,0.6660504223838771,0.017420202388204225,1.7800889688901478,0,coinpaprika
stable_dai,2025-10-15,1425509143.0,21.077794880887797,3329927110.0,5009512081.0,0.4280901941424177,0.28456047614031094,0.6647208462935335,0.017405435142831608,4.28558777320176,0,coinpaprika
stable_dai,2025-10-16,1311619642.0,20.994528579187367,3330139169.0,5039577535.0,0.3938633118428691,0.26026380840274144,0.6607972882393603,0.01745605597984339,12.2754988848639,0,coinpaprika
stable_dai,2025-10-17,1293453079.0,20.98058128525638,3330164078.0,5057867285.0,0.3884052102852573,0.25573092493667515,0.6584127044764877,0.01752334608262741,3.0686466806129076,0,coinpaprika
stable_dai,2025-10-18,1177002967.0,20.88623718688662,3330487184.0,5044730829.0,0.3534026411074158,0.23331333363395987,0.6601912563608853,0.01746548601884531,3.038037630143098,0,coinpaprika
stable_dai,2025-10-19,1006361192.0,20.72960688295236,3331264924.0,5076024023.0,0.30209581494095544,0.19825776778046583,0.6562744598736506,0.017576488085771814,9.126193793854709,0,coinpaprika
stable_dai,2025-10-20,985794638.0,20.708958613998,3330655344.0,5099540731.0,0.2959761777140517,0.19331047441338695,0.6531284913076616,0.01763957217368029,10.951460705732607,0,coinpaprika
stable_dai,2025-10-21,1635621555.0,21.21528872562935,3330155708.0,5140933909.0,0.4911546781643761,0.3181565030697227,0.6477725189522564,0.01778708720305972,1.914046269926306,0,coinpaprika
stable_dai,2025-10-22,1725038840.0,21.26851540369798,3329547798.0,5107494578.0,0.5181000377997877,0.3377465827238319,0.651894534032729,0.017599960839236116,1.039855640523335,0,coinpaprika
stable_dai,2025-10-23,1155741731.0,20.868008167010785,3329679547.0,5139490607.0,0.3471029913498159,0.2248747627684885,0.647861782734843,0.017746443189722863,15.382431170780642,0,coinpaprika
stable_dai,2025-10-24,1200645446.0,20.9061251216388,3329812812.0,5144626176.0,0.36057445682024725,0.2333785594765049,0.6472409652490949,0.017766238275535945,2.7251916491055628,0,coinpaprika
stable_dai,2025-10-25,1118576499.0,20.83532273172772,3330197632.0,5148451944.0,0.33588892390396125,0.21726462850713557,0.6468347511490339,0.017752336931034066,8.910841400231462,0,coinpaprika
stable_dai,2025-10-26,847663521.0,20.557994324919818,3329540005.0,5158121747.0,0.254588777947421,0.1643356947697109,0.645494652571255,0.01779704437118894,0.8708535327817124,0,coinpaprika
stable_dai,2025-10-27,982568247.0,20.70568036290844,3329334564.0,5130091937.0,0.2951245145574982,0.19153033884507556,0.6489814617137143,0.017708376722659697,2.3235264192789096,0,coinpaprika
stable_dai,2025-10-28,1007531729.0,20.73076934508572,3330105893.0,5126983665.0,0.3025524597034188,0.1965154942618683,0.6495253565431439,0.01772075118075814,5.089105588338416,0,coinpaprika
stable_dai,2025-10-29,1068607411.0,20.789622153642068,3330854573.0,5129602337.0,0.320820794657972,0.20832168671089718,0.649339725415834,0.01771515782396619,11.206017391200973,0,coinpaprika
stable_dai,2025-10-30,1139058838.0,20.853468178549548,3330852844.0,4873486485.0,0.34197212886538436,0.23372565852103722,0.683464056841434,0.016859716515958783,1.1970753688861357,0,coinpaprika
stable_dai,2025-10-31,1302839298.0,20.987811795940566,3330285719.0,5127567751.0,0.3912094660728418,0.254085242997699,0.6494864389359875,0.017749304905816336,2.866882672445392,0,coinpaprika
stable_dai,2025-11-01,1672132352.0,21.237365506968874,3331691931.0,5101028008.0,0.5018868450715709,0.327803013309783,0.6531412738324255,0.017670530189112535,2.13147678156389,0,coinpaprika
stable_dai,2025-11-02,971369551.0,20.694217542933362,3331273295.0,5089596629.0,0.2915910719357536,0.1908539363346077,0.6545259944606899,0.017623943363002558,5.649046094430288,0,coinpaprika
stable_dai,2025-11-03,1697167173.0,21.252226329837427,3330675733.0,5118341097.0,0.5095564110863866,0.3315853986352641,0.6507334446608493,0.01772656363711581,1.3456061530470187,0,coinpaprika
stable_dai,2025-11-04,1883226327.0,21.356252274831355,3330748054.0,5146694738.0,0.5654064181583396,0.3659098553282023,0.6471625428661668,0.017828583056441315,5.505716888384304,0,coinpaprika
stable_dai,2025-11-05,2086914292.0,21.458952397116263,3330060291.0,5106481200.0,0.6266896421185547,0.4086795212327424,0.6521242633772939,0.017742059103809518,5.759981075071918,0,coinpaprika
stable_dai,2025-11-06,1606367382.0,21.197241182848177,3330674905.0,5049193762.0,0.48229485849505327,0.3181433428222634,0.6596448981749337,0.01753340862847569,6.935269557926116,0,coinpaprika
stable_dai,2025-11-07,1325443645.0,21.0050130675123,3330582432.0,5000361402.0,0.3979615193622687,0.26506956966547673,0.6660683427137614,0.017374872769374248,4.49158490499868,0,coinpaprika
stable_dai,2025-11-08,1085565951.0,20.805367302691696,3330850500.0,4875206464.0,0.32591254125635477,0.22267076461605217,0.6832224490585185,0.0169090770867396,1.9254937111579107,0,coinpaprika
stable_dai,2025-11-09,974296431.0,20.69722616027247,3330800994.0,4884119515.0,0.2925111505475911,0.1994825122537977,0.6819654973164595,0.016967899536756,1.4746870655191202,0,coinpaprika
stable_dai,2025-11-10,1120424777.0,20.836973716421646,3330284236.0,4873538347.0,0.3364351801832208,0.2298996534396203,0.6833401112048334,0.016933413062413572,4.556755066258411,0,coinpaprika
stable_dai,2025-11-11,1224374865.0,20.92569623721948,3330522431.0,4915144153.0,0.36762246475318816,0.24910253430770538,0.6776042222418212,0.017051046866452695,6.417356175590916,0,coinpaprika
stable_dai,2025-11-12,1117218692.0,20.83410812390391,3330609224.0,4895918504.0,0.3354397399579171,0.22819389070451734,0.6802828154265371,0.016981506588308087,8.736709458752046,0,coinpaprika
stable_dai,2025-11-13,1083594622.0,20.803549705999743,3330527992.0,4889384532.0,0.3253522037955596,0.22162188613067751,0.6811753033950163,0.01691834068440274,5.85383942306672,0,coinpaprika
stable_dai,2025-11-14,1056910615.0,20.778615976398807,3330441888.0,4872675534.0,0.3173484632199053,0.21690560096300474,0.6834934657071299,0.016890518287870724,5.144221358892587,0,coinpaprika
stable_dai,2025-11-15,984338310.0,20.707480207918596,3331301961.0,4855191255.0,0.2954815629215787,0.20273934811245659,0.6861319742181814,0.016867115978516665,2.5484257144969824,0,coinpaprika
stable_dai,2025-11-16,872496271.0,20.58686893925236,3332679131.0,4855792149.0,0.26180026240275933,0.17968155230443328,0.6863306807080551,0.01687871359447422,4.4524830418424255,0,coinpaprika
stable_dai,2025-11-17,1008810579.0,20.732037830268155,3331561262.0,4847490408.0,0.3028041508666095,0.20810986594942427,0.687275472789342,0.01685685016404963,13.84882917290331,0,coinpaprika
stable_dai,2025-11-18,1111958523.0,20.82938873351804,3331230146.0,4840097393.0,0.33379816892423136,0.22973887356237338,0.6882568418597935,0.01683765126288786,2.377485061396678,0,coinpaprika
stable_dai,2025-11-19,1236130465.0,20.935251745427554,3330927705.0,4859123525.0,0.3711069631275591,0.25439371084932444,0.6854996971907603,0.016908194805025246,1.2898589249588088,0,coinpaprika
stable_dai,2025-11-20,1249745330.0,20.946205632303787,3330595433.0,4822393421.0,0.3752318031837042,0.25915457759164856,0.6906519527204705,0.016806863819185093,1.0418392936861753,0,coinpaprika
stable_dai,2025-11-21,1231771643.0,20.93171933098148,3330245043.0,4818210103.0,0.36987417655319965,0.2556492175866412,0.691178875932883,0.016793427415791828,1.2896375303039775,0,coinpaprika
stable_dai,2025-11-22,1305635794.0,20.98995595831177,3330076741.0,4731933893.0,0.39207378554523226,0.27592012558151774,0.703745406487233,0.016512828030002428,6.028958692380071,0,coinpaprika
stable_dai,2025-11-23,1086168440.0,20.805922148640995,3330845206.0,4721875767.0,0.3260939409743318,0.23002901677146137,0.7054072089906384,0.016468109465138162,1.9318174648086384,0,coinpaprika
stable_dai,2025-11-24,1071155493.0,20.79200380368124,3330191219.0,4738365856.0,0.32164984607750235,0.2260601071239865,0.702814286656045,0.016538888263372863,0.31780265886904857,0,coinpaprika
stable_dai,2025-11-25,1281231657.0,20.971087685041205,3329905285.0,4754092446.0,0.384765195205845,0.2695007872802312,0.7004292244677987,0.016533431888855574,0.7583908615382828,0,coinpaprika
stable_dai,2025-11-26,1323686505.0,21.003686488479286,3330315788.0,4774136149.0,0.39746576278729756,0.27726199330893864,0.6975745316139705,0.016570682333286076,7.298300570193206,0,coinpaprika
stable_dai,2025-11-27,1170728023.0,20.88089163497838,3330121541.0,4785256607.0,0.3515571454633583,0.24465313339464975,0.695912845327586,0.01655548355085593,0.05404690951227309,0,coinpaprika
stable_dai,2025-11-28,966073833.0,20.688750821968178,3330594333.0,4773799311.0,0.2900604926358049,0.20237001391615475,0.6976821009893518,0.016500469842855005,4.922922268016938,0,coinpaprika
stable_dai,2025-11-29,1194142802.0,20.900694445267764,3330832799.0,4770145614.0,0.358511781905868,0.25033676089368956,0.6982664825208416,0.01645847071170021,3.7623665384822758,0,coinpaprika
stable_dai,2025-11-30,1120984536.0,20.83747318700731,3331177075.0,4753692442.0,0.33651304351630723,0.23581343338408597,0.7007557000466124,0.0164002961700567,7.369641451929754,0,coinpaprika
stable_dai,2025-12-01,1036205564.0,20.75883138291537,3330745928.0,4753889610.0,0.31110315418810897,0.2179700516857395,0.7006359426171025,0.01640878554395383,1.5309939906549275,0,coinpaprika
stable_dai,2025-12-02,1453447724.0,21.09720431240417,3330063034.0,4690055650.0,0.4364625261324708,0.3098998887145401,0.7100263371075352,0.016140384749890147,4.610267813971447,0,coinpaprika
stable_dai,2025-12-03,1248933630.0,20.945555928967824,3329450079.0,4674743567.0,0.3751170915213473,0.2671662332061347,0.712220901805885,0.01606295057454678,2.6511258827033313,0,coinpaprika
stable_dai,2025-12-04,1078745569.0,20.799064693748612,3329636857.0,4649699916.0,0.3239829492913377,0.23200326655230968,0.7160971497413081,0.015936096348262555,9.605484754781068,0,coinpaprika
stable_dai,2025-12-05,1093125115.0,20.812306509854917,3330095552.0,4646410788.0,0.3282563812150937,0.23526226260991542,0.7167027849970634,0.015909201158370374,6.596308458849398,0,coinpaprika
stable_dai,2025-12-06,1054454378.0,20.776289293789333,3330221155.0,4637547341.0,0.316631937917048,0.22737328602075826,0.7180996570229945,0.01586453362677839,7.754303680596042,0,coinpaprika
stable_dai,2025-12-07,861897867.0,20.574647339009744,3331039527.0,4632712503.0,0.2587474150378042,0.18604605108602398,0.7190257381270525,0.015853971733883216,4.252196194587388,0,coinpaprika
stable_dai,2025-12-08,937520210.0,20.65874887397646,3330278279.0,4636709523.0,0.28151407523863564,0.2021951570072508,0.7182417320904922,0.01586718600776446,3.043136246814182,0,coinpaprika
stable_dai,2025-12-09,1016932518.0,20.74005659881236,3329938900.0,4627042261.0,0.305390743956293,0.21978025283482494,0.7196690049855587,0.015812188399359214,1.2770538826600841,0,coinpaprika
stable_dai,2025-12-10,1115789893.0,20.83282841615598,3329986635.0,4650454463.0,0.3350733847614977,0.23993136625193529,0.7160561750457033,0.015865054446954636,15.591691737706359,0,coinpaprika
stable_dai,2025-12-11,1163568999.0,20.874757842772887,3330026523.0,4640766266.0,0.3494173367579511,0.25072777474805064,0.7175596296234584,0.015840584121623934,1.2879232623475012,0,coinpaprika
stable_dai,2025-12-12,1280148090.0,20.97024160427941,3329871846.0,4626690637.0,0.3844436510485455,0.2766876349506832,0.7197092062673824,0.015747012249819458,5.937496991383906,0,coinpaprika
stable_dai,2025-12-13,1096575875.0,20.815458321786533,3330254591.0,4639211192.0,0.32927689011029126,0.23637119105311902,0.7178493181648627,0.01579229598049796,1.2969162194131911,0,coinpaprika
stable_dai,2025-12-14,919641802.0,20.63949480762787,3330459777.0,4639172159.0,0.2761305836362305,0.19823403195242362,0.7178995870068982,0.015794581490244278,5.367928023150004,0,coinpaprika
stable_dai,2025-12-15,972677760.0,20.695563404413914,3329920052.0,4649815779.0,0.29210243633801214,0.20918630032460905,0.7161402107668318,0.015835231700565357,4.128469525706002,0,coinpaprika
stable_dai,2025-12-16,1114215394.0,20.83141631254403,3330015408.0,4638898299.0,0.33459766922495876,0.24018965758317867,0.7178461766919628,0.01580498965536311,4.452222991174759,0,coinpaprika
stable_dai,2025-12-17,1126622395.0,20.842489963510094,3330136824.0,4623598588.0,0.3383111429177722,0.24366786466368737,0.7202478244203495,0.015756910522732554,2.5615055016292576,0,coinpaprika
stable_dai,2025-12-18,1006476103.0,20.729721061083197,3330037189.0,4612195081.0,0.30224170058059974,0.2182206271252905,0.7220070119579576,0.015713598683396078,3.284029485149942,0,coinpaprika
stable_dai,2025-12-19,1068350343.0,20.789381561145078,3329978041.0,4593439716.0,0.3208280444633719,0.232581770754211,0.7249421450772339,0.01568536333693527,5.759626290551267,0,coinpaprika
stable_dai,2025-12-20,1000263497.0,20.723529300236912,3330618448.0,4577336198.0,0.30032365238373293,0.21852524126085615,0.7276324709238672,0.015632048336858755,2.5620779107937697,0,coinpaprika
stable_dai,2025-12-21,873299406.0,20.58778901835018,3331232465.0,4553390270.0,0.26215504777148596,0.19179102914892468,0.7315938822437024,0.01553017609910791,4.681530967818315,0,coinpaprika
stable_dai,2025-12-22,862030205.0,20.57480086977736,3329958587.0,4560912913.0,0.25887114883810414,0.189003873005983,0.7301079083331316,0.015558068517742257,2.7431428633073462,0,coinpaprika
stable_dai,2025-12-23,969825077.0,20.69262628124118,3329688562.0,4549595234.0,0.2912660024928782,0.21316733184356945,0.7318647903260925,0.01551446862680377,4.5343709708189905,0,coinpaprika
stable_dai,2025-12-24,1241598304.0,20.939665342218326,3329728431.0,4543225932.0,0.3728827529718744,0.27328561744087176,0.7328995917960437,0.015506776836327282,6.271157288303408,0,coinpaprika
stable_dai,2025-12-25,871977681.0,20.586274387509025,3330152354.0,4526943030.0,0.2618431796228864,0.19261953932740347,0.73562939315364,0.015475507553520956,0.1901875072829462,0,coinpaprika
stable_dai,2025-12-26,911553336.0,20.63066066600459,3330126832.0,4540482721.0,0.27372931482388657,0.20076132693645374,0.7334301299282491,0.015519133467501865,4.295457171876738,0,coinpaprika
stable_dai,2025-12-27,1076543199.0,20.797021004014596,3330499119.0,4527874174.0,0.3232377972594203,0.23775908022836326,0.7355546976381151,0.015482257547952396,2.862627605845214,0,coinpaprika
stable_dai,2025-12-28,797928519.0,20.49752957746726,3330986552.0,4536100832.0,0.23954720517286557,0.17590625705914642,0.7343281543702687,0.015516198550953701,6.287378938349963,0,coinpaprika
stable_dai,2025-12-29,819461608.0,20.52415810819297,3329812557.0,4530154371.0,0.24609841964746967,0.18089043791660228,0.7350329115307758,0.015498180084428399,7.50686747979179,0,coinpaprika
stable_dai,2025-12-30,916994080.0,20.63661157545618,3329919976.0,4516421273.0,0.27538021532322854,0.20303555062101045,0.7372917127786277,0.01545112416642261,7.0824216478015956,0,coinpaprika
stable_dai,2025-12-31,1208747233.0,20.912850316414787,3329900622.0,4498019202.0,0.3629979900943722,0.26872878454199184,0.7403037809441526,0.015397359261081964,3.875176433302263,0,coinpaprika
stable_dai,2026-01-01,1326240233.0,21.005613884246127,3330070565.0,4496983667.0,0.3982619007954866,0.2949177340207582,0.7405120435364037,0.015439908810183853,15.276371883893303,0,coinpaprika
stable_dai,2026-01-02,991616171.0,20.71484666698788,3329723721.0,4494234866.0,0.2978073420164099,0.22064182237155025,0.7408877863037788,0.015447259058460974,8.725346332748574,0,coinpaprika
stable_dai,2026-01-03,1400670449.0,21.06021685179218,3329464054.0,4495381119.0,0.42068946421489134,0.31157991100687366,0.7406411082539407,0.015410421943619036,0.750286298012437,0,coinpaprika
stable_dai,2026-01-04,801616328.0,20.50214065859638,3329716334.0,4496697668.0,0.2407461319796619,0.17826778386827496,0.7404803657793967,0.015414648140848992,3.5668144124700873,0,coinpaprika
stable_dai,2026-01-05,837827243.0,20.54632248444933,3329474610.0,4498239157.0,0.2516394750341706,0.1862567137401316,0.7401728751613372,0.015412930742775478,5.1511283067717795,0,coinpaprika
stable_dai,2026-01-06,1023018342.0,20.746023254351435,3328804409.0,4498374555.0,0.30732305545921906,0.2274195555509939,0.7400016090923314,0.015384067883148179,3.4882809590441877,0,coinpaprika
stable_dai,2026-01-07,1011314560.0,20.734516867067963,3329632161.0,4520350744.0,0.30373161691718775,0.22372479864363376,0.736587125549831,0.015475785664963083,1.6084434383623059,0,coinpaprika
stable_dai,2026-01-08,1067634479.0,20.788711271713467,3330120354.0,4516851380.0,0.3205993674425618,0.23636697096728473,0.7372658681543779,0.015481255248801139,9.385397815566687,0,coinpaprika
stable_dai,2026-01-09,1056270916.0,20.7780105395165,3329817951.0,4510672480.0,0.3172158152618476,0.234171494535112,0.7382087628317452,0.015495117187697482,5.842909043503042,0,coinpaprika
stable_dai,2026-01-10,1185147692.0,20.893133239210194,3330425699.0,4509941993.0,0.35585471621716547,0.2627855732600328,0.7384630898067518,0.015477735001149021,4.755927558529605,0,coinpaprika
stable_dai,2026-01-11,850653876.0,20.56151587877321,3331309587.0,4509772160.0,0.2553511926119282,0.18862457920712342,0.7386868934416412,0.015470244104237661,10.35894490827416,0,coinpaprika
stable_dai,2026-01-12,996996359.0,20.72025767696659,3330244612.0,4535297983.0,0.2993763147029753,0.21983039763585915,0.7342945545106424,0.015561761431356081,5.3793394458745425,0,coinpaprika
stable_dai,2026-01-13,2080128773.0,21.45569563932018,3329175204.0,4529360339.0,0.6248180541837293,0.4592544238728541,0.7350210526051943,0.01557745081986911,7.646160937854196,0,coinpaprika
stable_dai,2026-01-14,2031818525.0,21.432197054603577,3328426065.0,4623354540.0,0.6104442416088338,0.4394684654662024,0.7199158178771209,0.01585727127571959,0.10606094771548058,0,coinpaprika
stable_dai,2026-01-15,1311903751.0,20.994745165021254,3328645920.0,4689198725.0,0.39412535383156644,0.27977141254554105,0.7098538823389278,0.01603359637864912,4.336582579296255,0,coinpaprika
stable_dai,2026-01-16,988218670.0,20.71141455814603,3328836977.0,4688701870.0,0.2968660456573629,0.21076594277042401,0.7099698529136808,0.015982849419864754,4.53190052372876,0,coinpaprika
stable_dai,2026-01-17,831087889.0,20.538246111366682,3329362917.0,4681878893.0,0.24962369970434797,0.17751161616815447,0.7111168385790196,0.01593067088002022,4.256938863548276,0,coinpaprika
stable_dai,2026-01-18,766276832.0,20.457054063198623,3329992523.0,4684630653.0,0.23011367944744182,0.16357251804030323,0.7108335255560648,0.01593630806674522,3.659450521531493,0,coinpaprika
stable_dai,2026-01-19,823547950.0,20.529132334180634,3330394284.0,4691200241.0,0.24728241756734892,0.1755516515373576,0.7099237109712623,0.015955301573891224,4.746718048039833,0,coinpaprika
stable_dai,2026-01-20,1012030881.0,20.735224923156363,3329946999.0,4654528495.0,0.3039180147023115,0.21742930182662895,0.7154209073114719,0.01583282914774279,4.979479610102144,0,coinpaprika
stable_dai,2026-01-21,1462654371.0,21.10351868500418,3330034810.0,4645075157.0,0.4392309553664996,0.3148828213889759,0.7168957869242932,0.015913633349499367,2.5017417032691114,0,coinpaprika
stable_dai,2026-01-22,1352915171.0,21.025527487938973,3329824505.0,4643461409.0,0.40630224474848115,0.2913591934623958,0.7170996400543145,0.015943757074027468,1.8790021515546762,0,coinpaprika
stable_dai,2026-01-23,1049832106.0,20.771896090235543,3330117864.0,4651309544.0,0.31525373841843096,0.22570678129866473,0.715952751047437,0.016003549521027564,9.501464611186838,0,coinpaprika
stable_dai,2026-01-24,1013434649.0,20.73661104225104,3330525908.0,4628978707.0,0.3042866733345946,0.21893266596095406,0.7194947565784947,0.0159069613540004,6.015239977910092,0,coinpaprika
stable_dai,2026-01-25,929744815.0,20.650420715061518,3331007783.0,4625169969.0,0.27911817550982887,0.20101851850452504,0.7201914319529735,0.01589272074846496,5.617074024185653,0,coinpaprika
stable_dai,2026-01-26,1037588610.0,20.760165214614826,3330132239.0,4620835552.0,0.31157579805646873,0.2245456689214808,0.7206775055127519,0.015877446067897812,2.612815610989472,0,coinpaprika
stable_dai,2026-01-27,1078312340.0,20.79866300865373,3329920218.0,4628264254.0,0.323825277906403,0.23298417739826832,0.7194749554591876,0.015940288110809032,9.495294856377567,0,coinpaprika
stable_dai,2026-01-28,1092602305.0,20.811828124485626,3330069436.0,4599790050.0,0.3281019588325485,0.2375330815370584,0.7239611807934582,0.015874198869844234,11.976679101168841,0,coinpaprika
stable_dai,2026-01-29,1074825975.0,20.795424602630906,3330006252.0,4612903599.0,0.32276995706973827,0.23300421349212766,0.7218894088144155,0.015936067030213125,11.182422127726799,0,coinpaprika
stable_dai,2026-01-30,1372061581.0,21.039580250082462,3330305894.0,4599751178.0,0.4119926591343924,0.298290391785188,0.7240187056048621,0.015968707558613127,6.058065848213445,0,coinpaprika
stable_dai,2026-01-31,1229494796.0,20.929869187810024,3330390469.0,4712926702.0,0.369174367823955,0.26087713086610187,0.7066501729353651,0.016398578126328944,15.314239615764613,0,coinpaprika
stable_dai,2026-02-01,1223616049.0,20.925076287186705,3330645442.0,4712926702.0,0.36738105880920124,0.25962976434170737,0.7067042737131031,0.016410944576357743,7.824993172087513,0,coinpaprika
stable_dai,2026-02-02,1023840707.0,20.746826792869484,3330351002.0,4712926702.0,0.30742726709141033,0.2172409569971708,0.7066417987334105,0.01640106531946346,12.592372778286176,0,coinpaprika
stable_dai,2026-02-03,966851566.0,20.689555543186664,3329858055.0,4712926702.0,0.29035819246054917,0.20514886547879096,0.7065372040661964,0.01638534566552341,1.686069956616798,0,coinpaprika
stable_dai,2026-02-04,1200933439.0,20.906364958025556,3330325127.0,4712926702.0,0.3606054643925461,0.2548169141884524,0.7066363085143521,0.016369094584151436,0.40657317616488164,0,coinpaprika
stable_dai,2026-02-05,1268759729.0,20.961305669690482,3330327507.0,4712926702.0,0.38097145891303474,0.2692084577639587,0.7066368135084143,0.01634627906916915,7.868732774157783,0,coinpaprika
stable_dai,2026-02-06,1735206764.0,21.27439241615537,3329936992.0,4712926702.0,0.5210929720798754,0.3681802993591306,0.7065539531066528,0.01638945980917099,5.798769418186023,0,coinpaprika
stable_dai,2026-02-07,1299236093.0,20.985042308697604,3329981208.0,4712926702.0,0.3901631906746784,0.27567500518279864,0.7065633349627257,0.016349599837717384,2.7709123093155874,0,coinpaprika
stable_dai,2026-02-08,843093062.0,20.552587904890842,3330386559.0,4712926702.0,0.253151712890996,0.17888949167026533,0.7066493433022629,0.016336143121069163,0.9703730181798154,0,coinpaprika
stable_dai,2026-02-09,909945525.0,20.628895294144936,3330061155.0,4712924027.0,0.273251896180267,0.1930745159028637,0.7065806993540149,0.016267881854675186,10.740360877263821,0,coinpaprika
stable_dai,2026-02-10,990109646.0,20.71332624950553,3330129734.0,4425929216.0,0.2973186407397785,0.22370661564597422,0.7524136902057496,0.015277577697853307,2.7734164922266213,0,coinpaprika
stable_dai,2026-02-11,1073868616.0,20.794533495010057,3330083458.0,4427740024.0,0.3224749858506399,0.24253199378898313,0.7520955250194699,0.0152789731915983,2.089457143241713,0,coinpaprika
stable_dai,2026-02-12,1024546311.0,20.74751572911153,3330259579.0,4408524025.0,0.30764758322762564,0.23240120847475704,0.7554137303357443,0.0152226438180343,0.5588394535982477,0,coinpaprika
stable_dai,2026-02-13,999150083.0,20.72241555956303,3330298811.0,4406334208.0,0.3000181484315462,0.2267531321582405,0.7557980520301015,0.015226699548808375,3.024438762416759,0,coinpaprika
stable_dai,2026-02-14,997391379.0,20.720653808568528,3330300643.0,4386583708.0,0.29948989172987406,0.22737315537396785,0.7592014343477337,0.01514690106607391,0.5054742281784819,0,coinpaprika
stable_dai,2026-02-15,898363732.0,20.616085592140912,3329919442.0,4392025886.0,0.26978542503731834,0.2045442707575153,0.758173910726354,0.015162130833467643,0.4917203758592059,0,coinpaprika
stable_dai,2026-02-16,870553012.0,20.584639214801275,3330364260.0,4387811842.0,0.2613987372060016,0.1984025394314071,0.7590034349517579,0.015141481454493016,1.0044644406981273,0,coinpaprika
stable_dai,2026-02-17,847922763.0,20.558300109419445,3330332047.0,4385921989.0,0.25460607261783946,0.19332828197277815,0.759323137837963,0.015131438137216707,3.3508884751254353,0,coinpaprika
stable_dai,2026-02-18,985953023.0,20.709119268429916,3330275250.0,4391878869.0,0.29605751746796305,0.22449458475718265,0.7582803053851711,0.015163864702798081,2.0174375272918876,0,coinpaprika
stable_dai,2026-02-19,1089071704.0,20.808591523541313,3330387804.0,4436281851.0,0.32701047688559215,0.2454919999626507,0.7507160085532627,0.015311821259577266,2.7198418817875325,0,coinpaprika
stable_dai,2026-02-20,1042562268.0,20.764947240309073,3330270518.0,4429542322.0,0.313056330518793,0.23536568616174067,0.751831741500629,0.015281018020486694,6.888159600567656,0,coinpaprika
stable_dai,2026-02-21,917992102.0,20.63769934615125,3330214955.0,4422130493.0,0.2756555100510021,0.20759045972368595,0.7530793042565241,0.015274401978773002,5.678565171544081,0,coinpaprika
stable_dai,2026-02-22,774696012.0,20.46798126908056,3330654644.0,4406003653.0,0.23259571910152088,0.1758273648893863,0.7559355157892784,0.015221880567202303,0.4725714352016297,0,coinpaprika
stable_dai,2026-02-23,885672094.0,20.601857344130156,3330781126.0,4409493910.0,0.26590522177709736,0.20085572450648878,0.7553658524045903,0.01518273893963942,2.306081526298742,0,coinpaprika
stable_dai,2026-02-24,1112625463.0,20.829988342275076,3330619399.0,4412332200.0,0.3340596236646131,0.25216266875825893,0.7548433001032878,0.015191434948313034,5.528224475315202,0,coinpaprika
stable_dai,2026-02-25,1095491999.0,20.81446941437158,3330273309.0,4417086909.0,0.32894957781376494,0.248012326125594,0.7539524074598641,0.015199778563590451,2.421418042357626,0,coinpaprika
stable_dai,2026-02-26,1103896569.0,20.822112093818248,3330360961.0,4436583529.0,0.3314645415097994,0.248816811806723,0.7506589111262961,0.01523452544022967,1.6760875206967008,0,coinpaprika
stable_dai,2026-02-27,994136391.0,20.71738497049944,3330504350.0,4435314208.0,0.2984942478757009,0.22414114183993342,0.7509060674873387,0.0152416358481062,1.5343792814126456,0,coinpaprika
stable_dai,2026-02-28,927744037.0,20.648266431584144,3330865536.0,4408202520.0,0.27852941734601444,0.2104585787043196,0.7556062864371303,0.015144392596397072,1.770928463096233,0,coinpaprika
stable_dai,2026-03-01,892753698.0,20.609821287807453,3330527945.0,4405917188.0,0.2680517061387395,0.20262607305273755,0.7559215942757751,0.015126755013202405,1.1542754398741195,0,coinpaprika
stable_dai,2026-03-02,975142376.0,20.69809404599342,3329821946.0,4427391497.0,0.2928512070056493,0.22025212287206955,0.7520956636105678,0.015210163100236289,3.8108586915253095,0,coinpaprika
stable_dai,2026-03-03,1692173462.0,21.249279612379222,3329001341.0,4455132583.0,0.5083126405385248,0.3798256124760541,0.7472283437092044,0.01526427202659697,1.7227706274391963,0,coinpaprika
stable_dai,2026-03-04,1508347208.0,21.134280324724894,3328372418.0,4449091035.0,0.4531786166243852,0.33902367835006547,0.7481016665688434,0.015244043940875002,2.811049594285686,0,coinpaprika
stable_dai,2026-03-05,1909308361.0,21.370006899289667,3328417535.0,4494843320.0,0.5736384756187147,0.4247775117109088,0.7404968978985457,0.015356358447641268,1.5780666258891074,0,coinpaprika
stable_dai,2026-03-06,1386957306.0,21.05037819698345,3328497297.0,4506989684.0,0.4166917327077523,0.307734741644463,0.738518951755382,0.015337043169967927,1.9017067753024364,0,coinpaprika
stable_dai,2026-03-07,1132707875.0,20.8478769534442,3328835509.0,4500251887.0,0.34027150693915525,0.25169877230029813,0.7396998196070086,0.015309196603443546,7.2901824138837945,0,coinpaprika
stable_dai,2026-03-08,990832862.0,20.71405642317638,3329194685.0,4516080248.0,0.2976193811867749,0.21940107517770574,0.737186786367309,0.015359609310871299,1.5971674092984944,0,coinpaprika
stable_dai,2026-03-09,927485719.0,20.647987956100927,3329016045.0,4536428203.0,0.27860656315941545,0.20445285971607385,0.7338407875161514,0.015427869283742322,0.6150748837496778,0,coinpaprika
stable_dai,2026-03-10,1039896681.0,20.762387200933958,3328984397.0,4519797111.0,0.31237655602625525,0.23007596479699596,0.7365340335516667,0.015307774686209537,3.6780541442893444,0,coinpaprika
stable_dai,2026-03-11,1266153377.0,20.959249304988894,3328533675.0,4528146840.0,0.38039374109682095,0.27961844474990566,0.7350763552093642,0.015321862356075536,0.9269706786496634,0,coinpaprika
stable_dai,2026-03-12,1328481936.0,21.00730272653426,3328380782.0,4509178613.0,0.39913760564430517,0.2946172795572957,0.7381346066896197,0.01524720090753327,0.0676348805506155,0,coinpaprika
stable_dai,2026-03-13,1194958113.0,20.901376970669556,3328142139.0,4522591789.0,0.35904659809963724,0.2642197591006151,0.7358926682471806,0.015278915379972299,1.8759717256200403,0,coinpaprika
stable_dai,2026-03-14,1069301496.0,20.7902714657072,3328570363.0,4538839141.0,0.3212494793218827,0.23558920304992584,0.733352793434016,0.015311018178162685,0.71742733740221,0,coinpaprika
stable_dai,2026-03-15,925058347.0,20.645367372406227,3328356291.0,4236640988.0,0.27793248862851383,0.21834711735551005,0.7856120687184364,0.01429236578657656,1.2514282195896786,0,coinpaprika
stable_dai,2026-03-16,1070456655.0,20.7913511756834,3328251834.0,4537774282.0,0.3216273011749507,0.23589905281234083,0.73345469103701,0.015310043701976589,0.24607663013265224,0,coinpaprika
stable_dai,2026-03-17,1295565465.0,20.982213090074463,3328547249.0,4540905498.0,0.3892285036329974,0.28530993775814534,0.7330139881717486,0.015318793059886308,0.5558436812314049,0,coinpaprika
stable_dai,2026-03-18,1480775562.0,21.11583181652121,3328699585.0,4550566712.0,0.444851066967042,0.3254046486331349,0.7314912176151831,0.015335377232192773,0.7258051828828993,0,coinpaprika
stable_dai,2026-03-19,1477145530.0,21.11337736712448,3328882162.0,4552362342.0,0.4437362027595857,0.324478901068987,0.731242794820571,0.015375489444845493,1.5351687001641245,0,coinpaprika
stable_dai,2026-03-20,1282093985.0,20.971760504770177,3329360629.0,4564953231.0,0.38508714671293726,0.28085588616625196,0.7293307204969259,0.015388486614928861,1.4589382999230516,0,coinpaprika
stable_dai,2026-03-21,1079268506.0,20.799549340272293,3329581978.0,4569425093.0,0.32414534711300025,0.2361935000648888,0.7286654032474803,0.015410297309167337,0.20507357432864026,0,coinpaprika
stable_dai,2026-03-22,1170835269.0,20.880983237029323,3329837211.0,4574276146.0,0.35161937200178645,0.25596077535105594,0.727948445769238,0.015414117496085225,0.4041073657468086,0,coinpaprika
stable_dai,2026-03-23,1263461017.0,20.957120631922436,3329197899.0,4569898160.0,0.37950913563279287,0.27647465496255175,0.7285059277994939,0.015407459826011027,1.162502919548336,0,coinpaprika
stable_dai,2026-03-24,1223041976.0,20.924607016038713,3329125912.0,4560867392.0,0.3673763048707423,0.26815995092189693,0.7299326259385355,0.015401018882192578,0.7923157539113657,0,coinpaprika
stable_dai,2026-03-25,1193886582.0,20.900479858292844,3328870376.0,4553651574.0,0.358646161354767,0.2621822426680026,0.731033176760133,0.015378819069315876,2.7645514240892677,0,coinpaprika
stable_dai,2026-03-26,1189120872.0,20.89648010886572,3329155839.0,4565969545.0,0.357183901717615,0.2604311877862076,0.729123531418561,0.015421923358640496,0.8698329090606194,0,coinpaprika
stable_dai,2026-03-27,1508473128.0,21.134363803345405,3329477512.0,4562968875.0,0.45306602088862524,0.3305902734214903,0.7296735093333285,0.015454260597163556,1.161565505815032,0,coinpaprika
stable_dai,2026-03-28,1101566590.0,20.81999917721367,3329946459.0,4555333498.0,0.33080609660336885,0.24181908755607864,0.7309994889423571,0.015453166150573435,2.2181386218977917,0,coinpaprika
stable_dai,2026-03-29,1068363625.0,20.78939399331914,3330056208.0,4557506012.0,0.3208245021310463,0.23441847848076958,0.7306751102975835,0.015464047622482671,1.777658619840361,0,coinpaprika
stable_dai,2026-03-30,1213595433.0,20.9168532236316,3329125084.0,4580431389.0,0.3645388510130249,0.2649522129977701,0.7268147476228903,0.015525889548027891,2.4895320311135727,0,coinpaprika
stable_dai,2026-03-31,1689971610.0,21.24797756751545,3328782796.0,4609363234.0,0.5076845542553087,0.3666388445011839,0.7221784500396785,0.015622281210179298,2.1941009196857486,0,coinpaprika
stable_dai,2026-04-01,1820872792.0,21.322581779678007,3329038080.0,4654260704.0,0.5469666456924398,0.39122707295598885,0.7152667827865622,0.015761825693745877,1.0517865471415533,0,coinpaprika
stable_dai,2026-04-02,1728150322.0,21.2703174960215,3329674174.0,4690847518.0,0.5190148440031718,0.3684089741499033,0.7098235790490259,0.015884962147823936,1.393869283411453,0,coinpaprika
stable_dai,2026-04-03,1571682253.0,21.17541238202398,3329435827.0,4685438369.0,0.472056629010378,0.33543974527519815,0.7105921719146616,0.015859860464023722,0.5270453581829315,0,coinpaprika
stable_dai,2026-04-04,1023298014.0,20.746296596252503,3329469227.0,4691428474.0,0.3073456891271637,0.21812077487083947,0.709691993697014,0.01585969735409759,1.3302243594448537,0,coinpaprika
stable_dai,2026-04-05,942517640.0,20.664065194352652,3330299678.0,4701713095.0,0.28301286104259116,0.20046260181258466,0.7083162265986798,0.015896578415381446,0.01605745003963044,0,coinpaprika
stable_dai,2026-04-06,1168795500.0,20.879239569146264,3329076169.0,4701924546.0,0.35108704056810064,0.2485781063829092,0.7080241582847382,0.015894702478036506,0.9443680803122856,0,coinpaprika
stable_dai,2026-04-07,1634154095.0,21.214391134935244,3329221058.0,4720476441.0,0.490851783804859,0.3461841437882096,0.7052722536826659,0.015970323681304268,1.0240604318501045,0,coinpaprika
stable_dai,2026-04-08,1342802812.0,21.018024917944338,3329385734.0,4699168394.0,0.40331848553538613,0.2857532864143621,0.708505304523888,0.01586248002727232,2.408661292169212,0,coinpaprika
stable_dai,2026-04-09,1057937305.0,20.7795869115379,3329448644.0,4664171018.0,0.31775150126027896,0.2268221514428183,0.7138350268785105,0.015746511277087857,8.054407704433109,0,coinpaprika
stable_dai,2026-04-10,1018971040.0,20.7420591717449,3329143470.0,4664957748.0,0.3060760370294285,0.21843092586141039,0.7136492225309647,0.015737207089727697,2.881853799272527,0,coinpaprika
stable_dai,2026-04-11,982708121.0,20.705822708282728,3328997498.0,4668742668.0,0.29519641321160284,0.2104866750818317,0.7130394058377346,0.015718761233006664,18.20206031601712,0,coinpaprika
stable_dai,2026-04-12,855975855.0,20.567752728100754,3329714343.0,4671517547.0,0.2570718586714512,0.18323293156625275,0.7127693109358666,0.015723823841553675,0.5219692528579678,0,coinpaprika
stable_dai,2026-04-13,1136049238.0,20.85082250049618,3329194674.0,4654557535.0,0.34123845231166555,0.24407244500845987,0.7152548118625844,0.015663762370224064,2.385666293431843,0,coinpaprika
stable_dai,2026-04-14,1248907323.0,20.945534865176757,3328734370.0,4623981430.0,0.37518984219819257,0.27009349884002454,0.7198848914927412,0.015555789637398548,6.442070530880972,0,coinpaprika
stable_dai,2026-04-15,1112629383.0,20.82999186546704,3328956296.0,4609996538.0,0.334227693027064,0.2413514573880142,0.7221168754812631,0.015454577625090856,6.577597106596222,0,coinpaprika
stable_dai,2026-04-16,1049862549.0,20.771925087785164,3328864394.0,4581943229.0,0.3153815910591881,0.2291304140032155,0.7265180356079004,0.015372461763851718,4.572921371575056,0,coinpaprika
stable_dai,2026-04-17,1058824523.0,20.780425190119253,3328855294.0,4592471753.0,0.31807466215441926,0.23055656734487923,0.7248504668157074,0.015375625489063377,0.5287679584109473,0,coinpaprika
stable_dai,2026-04-18,1095327037.0,20.814318820463594,3329286373.0,4603309443.0,0.3289975431020094,0.23794338628822873,0.7232375781434079,0.015375001788556464,6.09670422512365,0,coinpaprika
stable_dai,2026-04-19,1704734442.0,21.256675183645147,3329426235.0,4597274399.0,0.5120204869173202,0.3708141594443034,0.7242174266831272,0.015357084702431458,4.316368999828235,0,coinpaprika
stable_dai,2026-04-20,1904543410.0,21.36750813753232,3329291385.0,4616828089.0,0.5720566900755069,0.4125220548145907,0.7211209342908674,0.015456936983899517,3.436895514662419,0,coinpaprika
stable_dai,2026-04-21,1380692854.0,21.045851278961713,3328814994.0,4651632293.0,0.41477007778702646,0.2968190018109843,0.7156229865824435,0.015567575683377053,4.316874928509407,0,coinpaprika
stable_dai,2026-04-22,1113989967.0,20.83121397302496,3328573509.0,4678927484.0,0.33467488820298724,0.23808660655874359,0.711396686608704,0.01563010960187451,2.9315694611431464,0,coinpaprika
stable_dai,2026-04-23,1387428127.0,21.050717602603576,3329067533.0,4669928082.0,0.41676178486824345,0.2970983926600007,0.7128734050170326,0.015620824783172874,4.574492908450134,0,coinpaprika
stable_dai,2026-04-24,1111651505.0,20.829112589771782,3329310024.0,4663218362.0,0.333898464542634,0.23838718642444734,0.7139511310750839,0.015579611311744667,2.7567131161598812,0,coinpaprika
stable_dai,2026-04-25,924842660.0,20.645134184792482,3330130395.0,4660922594.0,0.27771965367740503,0.19842480567914791,0.71447880282047,0.015583868181148364,2.3258331032960378,0,coinpaprika
stable_dai,2026-04-26,820403513.0,20.525306867429777,3330088481.0,4668271518.0,0.24636087529831613,0.17574031626838205,0.7133450717593843,0.015603688840020502,2.9118855287713075,0,coinpaprika
stable_dai,2026-04-27,767391764.0,20.458508004679672,3329793245.0,4672450352.0,0.23046228625525367,0.16423754265714668,0.7126439007692639,0.015614497352331285,3.65726810477085,0,coinpaprika
stable_dai,2026-04-28,1004297818.0,20.727554446699354,3329668894.0,4656699447.0,0.30162092687646075,0.21566730458565495,0.7150276567977955,0.01557244164107641,2.5177896806749533,0,coinpaprika
stable_dai,2026-04-29,978731486.0,20.701767890147867,3329437278.0,4658484411.0,0.2939630346747142,0.21009654635506303,0.7147039646925203,0.01557876866471682,1.2342882004279243,0,coinpaprika
stable_dai,2026-04-30,984344434.0,20.707486429337475,3329488135.0,4651874388.0,0.29564437357575984,0.2116016796453533,0.715730446976119,0.015604285639126997,3.121956507716739,0,coinpaprika
stable_dai,2026-05-01,942931419.0,20.66450411260847,3329660340.0,4643597451.0,0.2831914738186178,0.20306054281189673,0.7170432784355493,0.015551015003242633,3.1436628225178787,0,coinpaprika
stable_dai,2026-05-02,1199865470.0,20.90547527995585,3329607865.0,4632188490.0,0.36036239660912744,0.2590277732847611,0.718798009232133,0.01549915390308616,2.372319905967757,0,coinpaprika
stable_dai,2026-05-03,1236122226.0,20.935245080251274,3329666615.0,4619561723.0,0.37124504310171,0.2675843078025261,0.7207754359947536,0.015439781933178605,2.5174510103587178,0,coinpaprika
stable_dai,2026-05-04,805835807.0,20.507390567559952,3329322233.0,4628469774.0,0.24204199852228603,0.17410415241916627,0.7193138111654437,0.015466331903127219,1.7046273747589602,0,coinpaprika
stable_dai,2026-05-05,902630722.0,20.620824083111586,3329334249.0,4614776797.0,0.2711144795002528,0.19559574854991627,0.7214507646749789,0.015396728323354153,2.375646311557622,0,coinpaprika
stable_dai,2026-05-06,1056372139.0,20.778106365453347,3329496916.0,4627250932.0,0.31727680356860255,0.2282936790167575,0.7195410330947662,0.01541700008793529,1.6517035856022932,0,coinpaprika
stable_dai,2026-05-07,1021567883.0,20.74460442522682,3329710703.0,4640686862.0,0.30680379592124585,0.22013290561900448,0.7175038527734217,0.015450686463504887,0.9949896118854884,0,coinpaprika
stable_dai,2026-05-08,1068280247.0,20.78931594755676,3330093106.0,4641854756.0,0.3207959096024146,0.23014081722810373,0.7174057097964054,0.015441457948628346,1.74828230882218,0,coinpaprika
stable_dai,2026-05-09,1158659817.0,20.870529844846946,3330053954.0,4662421561.0,0.3479402535229914,0.2485103077533576,0.7142327029917405,0.015574125384685115,4.305456682272002,0,coinpaprika
stable_dai,2026-05-10,909576447.0,20.628489607365292,3329818936.0,4657096322.0,0.27316093291626353,0.19530977761898222,0.7149989404921739,0.01551851488222713,2.199299599447979,0,coinpaprika
stable_dai,2026-05-11,924324094.0,20.6445733202713,3328810098.0,4658758600.0,0.27767402368652633,0.19840566411833402,0.7145272772879883,0.015515680496602895,3.58381716616063,0,coinpaprika
stable_dai,2026-05-12,1173917782.0,20.88361252438381,3328299146.0,4641581033.0,0.3527080140650314,0.2529133443225185,0.71706151898178,0.015435522177355625,3.0775106137215236,0,coinpaprika
stable_dai,2026-05-13,1056499267.0,20.778226702166382,3328540532.0,4623108096.0,0.317406159499337,0.2285257547653067,0.7199789541758532,0.015393773779978462,3.6433910811850545,0,coinpaprika
stable_dai,2026-05-14,977950536.0,20.700969651055477,3328567578.0,4614173638.0,0.293805221941028,0.21194489256886523,0.7213789161698644,0.01538342832303924,3.0576147428951206,0,coinpaprika
stable_dai,2026-05-15,968119225.0,20.690865805011747,3328422323.0,4626293016.0,0.2908642987730617,0.2092645713645389,0.7194577411090642,0.015419948221275601,2.9110707846502493,0,coinpaprika
stable_dai,2026-05-16,883496802.0,20.599398231154943,3328969452.0,4614758692.0,0.26539648823428136,0.19145027096034342,0.7213745450593108,0.015376798294018789,3.3630633180858904,0,coinpaprika
stable_dai,2026-05-17,765636007.0,20.456217429389923,3329386666.0,4613576651.0,0.22996307843085476,0.16595280948329907,0.7216497996794635,0.015368186817946192,4.531622921123413,0,coinpaprika
stable_dai,2026-05-18,2799793113.0,21.752811363540584,3328931853.0,4607505569.0,0.8410484914183072,0.6076591923919604,0.7225019705667989,0.01534804251567225,3.7520141354252523,0,coinpaprika
stable_dai,2026-05-19,1734990102.0,21.274267546006197,3328914403.0,4598396954.0,0.5211879585838664,0.37730324705673507,0.7239293250018972,0.015309942250305466,2.948531246949049,0,coinpaprika
stable_dai,2026-05-20,954447816.0,20.67664352912747,3329077340.0,4592875317.0,0.28670040330153457,0.207810521759043,0.7248351218413883,0.015311584091048469,4.746742411854132,0,coinpaprika
stable_dai,2026-05-21,923412548.0,20.64358665793832,3328994856.0,4591885069.0,0.27738479269071,0.2010966159048699,0.7249734708026945,0.01534224592417216,2.9652356089782117,0,coinpaprika
stable_dai,2026-05-22,997397144.0,20.72065958862985,3328883000.0,4575447236.0,0.2996191647468535,0.21798899485768214,0.7275535763603765,0.015247524148900914,3.621003414616686,0,coinpaprika
stable_dai,2026-05-23,1020128400.0,20.743194339653282,3329562653.0,4575882520.0,0.3063851040859209,0.22293588079267385,0.7276328967029512,0.015243957860275036,4.095750784374186,0,coinpaprika
stable_dai,2026-05-24,832099937.0,20.53946310936038,3329584282.0,4579419937.0,0.24991105991771978,0.1817042220297256,0.7270755527568469,0.015260751266086635,3.0062228071248143,0,coinpaprika
stable_dai,2026-05-25,800034358.0,20.50016523345993,3329298445.0,4586670174.0,0.2403011839330613,0.17442596211410077,0.7258639315014326,0.015290869755740675,4.37244730021491,0,coinpaprika
stable_dai,2026-05-26,1002185295.0,20.725448748660057,3329098446.0,4592552324.0,0.30103804716383564,0.21821967923211844,0.7248906950069187,0.01530678842854492,3.084775335669976,0,coinpaprika
stable_dai,2026-05-27,1322190217.0,21.002555454560785,3329222268.0,4611815271.0,0.3971468741239358,0.2866962658530995,0.7218897705931119,0.01538114070963306,3.1144745151834297,0,coinpaprika
stable_dai,2026-05-28,1479812510.0,21.115181234940867,3329454695.0,4610489878.0,0.4444609239531941,0.32096643722422247,0.7221477073157128,0.01540735950279381,9.278764187097277,0,coinpaprika
stable_dai,2026-05-29,1222332401.0,20.924026675436465,3329441328.0,4595703111.0,0.3671283799838746,0.26597288194581115,0.7244683234717335,0.015403566421521417,5.7937850267753,0,coinpaprika
stable_dai,2026-05-30,980650669.0,20.703726858291873,3329272398.0,4593766698.0,0.2945540501849918,0.21347419959898015,0.724736935258265,0.015436367626051934,2.665479344693411,0,coinpaprika
stable_dai,2026-05-31,794356248.0,20.493042594908705,3329642932.0,4583566147.0,0.23857100122230163,0.17330528730776928,0.7264306492400665,0.015412178442065896,6.031613378337797,0,coinpaprika
stable_dai,2026-06-01,902305980.0,20.62046424555852,3329314000.0,4585451211.0,0.27101858821366803,0.1967758326237265,0.7260602821404657,0.01543206419907362,4.747484011333736,0,coinpaprika
stable_dai,2026-06-02,1183552281.0,20.891786161692487,3329118434.0,4600990186.0,0.3555152225623704,0.2572386015082885,0.7235656455277647,0.015474717374147788,6.3791220790643255,0,coinpaprika
stable_dai,2026-06-03,1189454546.0,20.896760675123474,3328709136.0,4590512284.0,0.35733207600989986,0.25911150486314655,0.7251280314839911,0.015453606261510043,3.185904941043205,0,coinpaprika
stable_dai,2026-06-04,1243861092.0,20.941486163453217,3328366207.0,4579545894.0,0.37371521480538816,0.2716123215687551,0.726789573472937,0.015450226345629575,2.5868562006370333,0,coinpaprika
stable_dai,2026-06-05,1571833430.0,21.175508565415612,3328670703.0,4560078594.0,0.4722105519730048,0.34469437260756125,0.7299590641660769,0.015431600984722597,4.260330225414055,0,coinpaprika
stable_dai,2026-06-06,1354880814.0,21.026979327999825,3328703321.0,4516803161.0,0.4070296098340691,0.29996454698283453,0.7369600140518499,0.015302872546295743,3.735596029841304,0,coinpaprika
stable_dai,2026-06-07,896791308.0,20.61433373855127,3329330933.0,4499700546.0,0.26936081934994593,0.19930021983289553,0.7399005553735353,0.01527023980638728,2.3328926268140204,0,coinpaprika
stable_dai,2026-06-08,1015465293.0,20.738612762132842,3328968674.0,4483871104.0,0.3050390053024572,0.2264706699740136,0.7424318399853806,0.015220293220944167,3.672685629121375,0,coinpaprika
stable_dai,2026-06-09,1026471249.0,20.749392786237564,3329048410.0,4444460411.0,0.3083377357675613,0.23095520132421313,0.74903320136695,0.015061263270513754,2.8587415162573127,0,coinpaprika
stable_dai,2026-06-10,983384596.0,20.706510849813547,3329037096.0,4421278869.0,0.2953961063340461,0.2224208481611613,0.7529579550708047,0.01503997880763848,3.8441584801995887,0,coinpaprika
stable_dai,2026-06-11,892530894.0,20.60957168726544,3329026151.0,4434261285.0,0.2681057022432504,0.20128062751268389,0.7507510128600823,0.015095345183868876,2.8170084533996054,0,coinpaprika
stable_dai,2026-06-12,1087528418.0,20.80717345299946,3328752431.0,4422512556.0,0.3267075099584058,0.24590736696146986,0.752683545574992,0.015070863666362844,2.634351107067001,0,coinpaprika
stable_dai,2026-06-13,1152915855.0,20.865560097252853,3328312880.0,4414572858.0,0.34639647670383683,0.2611613608122265,0.7539376938741646,0.015056462670387013,1.3736697089128391,0,coinpaprika
stable_dai,2026-06-14,871414973.0,20.58562885534207,3328024130.0,4417915166.0,0.2618415428977073,0.19724574607189277,0.7533019546441875,0.015068080092003862,2.7759595614507138,0,coinpaprika
stable_dai,2026-06-15,1024487628.0,20.74745845041171,3328301228.0,4418459219.0,0.3078109695664842,0.2318653578592642,0.7532719129075207,0.01507148339143701,2.5131566781810832,0,coinpaprika
stable_dai,2026-06-16,1071217067.0,20.792061285746787,3328604315.0,4416951792.0,0.3218216903020508,0.24252405673527894,0.7535976102407956,0.015047771200314475,0.7473219541054288,0,coinpaprika
stable_dai,2026-06-17,863709020.0,20.57674648879479,3328756136.0,4401503597.0,0.25946899824205083,0.19623044738363757,0.7562770454780114,0.01500299329306275,3.081057743699045,0,coinpaprika
stable_dai,2026-06-18,912080783.0,20.63123912306309,3328907112.0,4387981506.0,0.27398805443148094,0.20785884848257608,0.7586420105572796,0.014963516231210028,3.162923111765803,0,coinpaprika
stable_dai,2026-06-19,923012919.0,20.64315379020231,3328868165.0,4385439436.0,0.2772752999667081,0.21047216190537307,0.7590728850735861,0.014955057056933249,1.0985189411183427,0,coinpaprika
stable_dai,2026-06-20,808641809.0,20.510866620487676,3328928977.0,4389507770.0,0.24291350599156986,0.18422152354454085,0.7583832063703124,0.014961560046610197,2.6714911657899076,0,coinpaprika
stable_dai,2026-06-21,775731477.0,20.46931698475893,3328792870.0,4470316976.0,0.2330368717113961,0.17352941215683493,0.7446435874394246,0.015233837673763044,1.9141002343880942,0,coinpaprika
stable_dai,2026-06-22,790433007.0,20.488091464659565,3328655005.0,4473918812.0,0.23746318131878613,0.17667576015905584,0.74401327893386,0.015244629774048534,2.1063017931155503,0,coinpaprika
stable_dai,2026-06-23,901286145.0,20.619333352277913,3328870195.0,4877439345.0,0.2707483597148792,0.18478674592313152,0.6825036580747064,0.01662454967753386,2.744953946335338,0,coinpaprika
stable_dai,2026-06-24,873014176.0,20.587462353076372,3329267699.0,4868870365.0,0.2622240849728678,0.1793052824482009,0.683786473949384,0.016616508406458477,1.7773961104583513,0,coinpaprika
stable_dai,2026-06-25,965884495.0,20.68855481566963,3328969918.0,4872959643.0,0.2901451556463118,0.19821311189956023,0.6831515468801513,0.01665470647656224,4.090411330224253,0,coinpaprika
stable_dai,2026-06-26,956316064.0,20.678599028300283,3328671596.0,4850385120.0,0.2872966095992126,0.1971629139419758,0.6862695463654235,0.016582262999375028,1.5744370472692282,0,coinpaprika
stable_dai,2026-06-27,842478998.0,20.55185929287714,3328566223.0,4848528926.0,0.25310567420247476,0.17375971369011484,0.6865105424349901,0.01663406850016607,1.9409788016910845,0,coinpaprika
stable_dai,2026-06-28,702129011.0,20.369627722882797,3328657273.0,4846503662.0,0.21093460618347054,0.14487330660764494,0.6868162091981929,0.016627390578352032,2.5721142752710424,0,coinpaprika
stable_dai,2026-06-29,809345202.0,20.51173608734824,3328433004.0,4843582687.0,0.24316103134038025,0.16709639419850375,0.6871840988558724,0.016623200566333193,3.6366057772996285,0,coinpaprika
stable_dai,2026-06-30,598156052.0,20.209362236065218,3328330751.0,4848895933.0,0.17971652962082674,0.12335922656725741,0.686410019309441,0.01667882866691384,2.655007534904108,0,coinpaprika
stable_dai,2026-07-01,350841541.0,19.675845232203685,3328550780.0,4845672099.0,0.10540369193346061,0.07240307099450725,0.6869120964018411,0.016712946084051872,7.012295521960921,0,coinpaprika
stable_dai,2026-07-02,358833961.0,19.698370338073037,3328771029.0,4841274806.0,0.10779773011536865,0.07411972577042758,0.687581507431578,0.01668985587607934,3.570730647559639,0,coinpaprika
stable_dai,2026-07-03,1155095211.0,20.867448612154654,3328825288.0,4842859613.0,0.34699784790868243,0.23851511365295486,0.6873677029712404,0.016712145685818573,2.2318413002386794,0,coinpaprika
stable_dai,2026-07-04,840140449.0,20.549079638205825,3328773972.0,4852163687.0,0.2523873522404482,0.1731475900639788,0.6860390923988217,0.016755008383040965,0.05894633189562626,0,coinpaprika
stable_dai,2026-07-05,739999445.0,20.42215999551356,3328796131.0,4850468972.0,0.22230242282145934,0.15256245308891753,0.6862833573858392,0.01675151880387955,2.3872751796549796,0,coinpaprika
stable_dai,2026-07-06,811954794.0,20.514955225393987,3328815625.0,4848055478.0,0.24391702198886428,0.1674805079447979,0.6866290289180557,0.01674128161564913,1.4636316675753491,0,coinpaprika
stable_dai,2026-07-07,978587975.0,20.701621249803285,3328984162.0,4851282082.0,0.29395993713952673,0.20171739314663087,0.6862070903590058,0.016770143251422974,3.6491663212778747,0,coinpaprika
stable_dai,2026-07-08,1063399385.0,20.784736581641077,3328848194.0,4855906529.0,0.3194496483548568,0.21899090904020982,0.6855255911784458,0.016922310708635823,2.1244726614266796,0,coinpaprika
stable_dai,2026-07-09,1060179600.0,20.781704165623577,3328953054.0,4861353541.0,0.3184723793945098,0.21808321305138337,0.6847790488644899,0.01694012019347555,2.2290174273709162,0,coinpaprika
stable_dai,2026-07-10,1009740310.0,20.73295901691734,3328793721.0,4873547225.0,0.303335200264877,0.20718796051063196,0.6830330285760183,0.016937709734331015,1.6071500257208715,0,coinpaprika
stable_dai,2026-07-11,917483733.0,20.63714540912549,3328939032.0,4876044398.0,0.27560845187626737,0.18816148051816817,0.6827130272573864,0.016957845646574227,2.949251980167711,0,coinpaprika
stable_dai,2026-07-12,781753798.0,20.477050413900265,3328824074.0,4865154242.0,0.2348438309209368,0.16068427826013415,0.6842175825101005,0.016919084991462833,0.7810208396263896,0,coinpaprika
stable_dai,2026-07-13,901741494.0,20.619838446042785,3328736225.0,4863340748.0,0.27089604974632675,0.1854160628927414,0.6844546572988761,0.016910203252124705,3.8108483444776464,0,coinpaprika
stable_dai,2026-07-14,1154276797.0,20.866739835889316,3329155222.0,4860239204.0,0.34671762655349087,0.23749382459407034,0.68497764868447,0.01698361550162128,1.4005702650765617,0,coinpaprika
stable_dai,2026-07-15,1150784791.0,20.863709974399672,3329122051.0,4871259995.0,0.345672154210846,0.23623965712797065,0.6834211383537536,0.017016913015442222,0.15879160989662466,0,coinpaprika
stable_dai,2026-07-16,968338156.0,20.69109191998113,3329078937.0,4856245061.0,0.2908726931157175,0.19940059528227339,0.6855253174382585,0.016974624899462012,1.049276980137348,0,coinpaprika
stable_dai,2026-07-17,961300633.0,20.68379775255939,3329312837.0,4852323483.0,0.288738451465623,0.19811140711617722,0.6861275528443577,0.01694844892090641,0.7029509664013833,0,coinpaprika
stable_dai,2026-07-18,908505663.0,20.62731168023346,3329208667.0,4856717782.0,0.2728893721818489,0.18706165434753277,0.6854853043631103,0.01694912069329466,1.528516865971774,0,coinpaprika
stable_dai,2026-07-19,721824355.0,20.397292393022894,3329055360.0,4851309730.0,0.21682557871311578,0.14878958367393294,0.6862178556469946,0.016924637765033997,2.944037465035798,0,coinpaprika
stable_dai,2026-07-20,833003405.0,20.54054828895829,3329193835.0,4846756333.0,0.2502117468326983,0.1718682243892371,0.6868911094895762,0.016910902024939417,1.4439752392314542,0,coinpaprika
stable_dai,2026-07-21,1096859800.0,20.815717207884322,3926130559.0,4843597860.0,0.27937425501187974,0.22645558770644927,0.810581446371355,0.016899491839803615,1.2276081573259212,0,coinpaprika
stable_dai,2026-07-22,1022310007.0,20.745330617369238,4633039575.0,4849439243.0,0.2206564374102071,0.21080994229913688,0.9553763523664379,0.016922208435770296,0.43836147530784686,0,coinpaprika
stable_dai,2026-07-23,989572889.0,20.71278398376027,4633044318.0,4852549488.0,0.21359020572183526,0.20392844863244391,0.9547649806472206,0.016952392730571527,1.3748393701129569,0,coinpaprika
stable_dai,2026-07-24,1024372963.0,20.74734651990701,4633313400.0,4858182160.0,0.2210886410144412,0.21085519835674502,0.9537133947237582,0.016931779145890846,0.594937242327509,0,coinpaprika
stable_dai,2026-07-25,1008646772.0,20.731875440713683,4634139643.0,4853982218.0,0.2176556706752654,0.20779778884637026,0.9547088215146815,0.01691897253306782,2.351427071878298,0,coinpaprika
stable_dai,2026-07-26,818677768.0,20.523201119953328,4633406848.0,4854258520.0,0.17669024000199346,0.1686514561651323,0.9545035207560392,0.01692630222951807,0.07272522263068737,0,coinpaprika
stable_dai,2026-07-27,948505610.0,20.670398262978146,4632510437.0,4861367692.0,0.2047498052943944,0.1951108556468351,0.952923278077358,0.01697695832611156,1.4361820931840796,0,coinpaprika
stable_dai,2026-07-28,1098754670.0,20.817443258149165,4632584901.0,4805035368.0,0.2371796078174024,0.22866734287063836,0.9641104687494154,0.016846529300408624,1.5610653338515856,0,coinpaprika
stable_dai,2026-07-29,1215662441.0,20.918554984913722,4632077027.0,4803509611.0,0.2624443492441949,0.25307796578904357,0.9643109730419982,0.016851797796265354,2.394987037227514,0,coinpaprika
stable_dai,2026-07-30,1250018098.0,20.946423867355797,4632026987.0,4796209306.0,0.2698641656251646,0.26062626091739627,0.9657683164922327,0.016845241722013432,1.309658910199074,0,coinpaprika
stable_dai,2026-07-31,1049540467.0,20.77161825579553,4632073169.0,4809183157.0,0.22658115032033943,0.2182367426518873,0.9631725425673988,0.016935790549466184,4.957641787192157,0,coinpaprika
stable_dai,2026-08-01,997599584.0,20.72086253633162,4632655254.0,4789019647.0,0.2153407774383032,0.2083097705863306,0.967349394129558,0.01686496212580431,2.4251818567200267,0,coinpaprika
stable_dai,2026-08-02,969423202.0,20.692211816513076,4632373236.0,4801249521.0,0.20927139343311757,0.20191060634526017,0.9648265968553897,0.01691096042984754,2.7656719476853997,0,coinpaprika
stable_dai,2026-08-03,955630287.0,20.67788166818363,4632843523.0,4803102973.0,0.20627294711244232,0.19896102423203244,0.9645521965785263,0.016925733156621842,3.2481580283583167,0,coinpaprika
stable_dai,2026-08-04,979455600.0,20.702507466092825,4632265978.0,4801325018.0,0.21144200368712074,0.2039969375803669,0.964789086477961,0.016906561895652955,1.879684338664811,0,coinpaprika
stable_dai,2026-08-05,872752413.0,20.58716246991523,4632885422.0,4800062140.0,0.1883820413204253,0.1818210655497889,0.9651719679612314,0.016886498141565485,0.16617431704002428,0,coinpaprika
stable_dai,2026-08-06,1028106060.0,20.75098417083649,4633081682.0,4811964853.0,0.2219054466478107,0.2136561864866971,0.9628253371617052,0.016931764568078225,1.3631350526610575,0,coinpaprika
stable_dai,2026-08-07,955358140.0,20.677596844897725,4632815422.0,4794493047.0,0.2062154549614172,0.1992615550037735,0.9662784733620242,0.01686534379814715,0.6076968435442254,0,coinpaprika
stable_dai,2026-08-08,939193104.0,20.660531665656816,4632886781.0,4805330658.0,0.20272308571229036,0.1954481742971037,0.964114045572928,0.016896070809715145,1.536555604728651,0,coinpaprika
stable_dai,2026-08-09,725599703.0,20.40250904882686,4632782494.0,4795302970.0,0.15662287274218836,0.1513146734501324,0.9661084029483126,0.016860407183913708,0.2919866604589316,0,coinpaprika
stable_dai,2026-08-10,816146101.0,20.520103943470083,4632496746.0,4792035416.0,0.17617845100586715,0.17031303614221868,0.9667075352850439,0.016845111000374842,0.405778388790079,0,coinpaprika
stable_dai,2026-08-11,1003206202.0,20.72646691103753,4632617057.0,4791536270.0,0.21655280150646822,0.20937047023542618,0.9668333486287061,0.016912807171401617,0.07409347926090604,0,coinpaprika
stable_dai,2026-08-12,972098373.0,20.69496756512248,4632684349.0,4782888733.0,0.2098347955024898,0.2032450318764294,0.9685954676378628,0.016824960312565532,1.1688151489130938,0,coinpaprika
stable_dai,2026-08-13,1034357336.0,20.75704614037182,4632812542.0,4788903806.0,0.22326768601637928,0.21599041824645915,0.9674056380492684,0.01684996480382015,0.9537867843500969,0,coinpaprika
stable_dai,2026-08-14,1046194464.0,20.768425098311376,4633071425.0,4790144577.0,0.22581013069531947,0.2184056132717432,0.9672090999603247,0.016858110489805775,1.8670547461496767,0,coinpaprika
stable_dai,2026-08-15,895044725.0,20.61238424817487,4633099499.0,4780174149.0,0.19318487012704666,0.1872410286949987,0.969232365722331,0.016815768481157255,1.1930477687260854,0,coinpaprika
stable_dai,2026-08-16,750880820.0,20.436757503393547,4633276475.0,4775477538.0,0.16206259739766554,0.1572368028171008,0.9702226506420645,0.016808356138081553,0.40101344920606685,0,coinpaprika
stable_dai,2026-08-17,850763960.0,20.561645281436913,4633191343.0,4766890510.0,0.18362374808572632,0.17847356850661125,0.9719525408188996,0.016776865887777038,0.3099088165858799,0,coinpaprika
stable_dai,2026-08-18,913081422.0,20.63233561640096,4632794680.0,4766335410.0,0.19709084582181396,0.19156885604070403,0.9719825151793083,0.016772541316982904,1.0361811318659875,0,coinpaprika
stable_dai,2026-08-19,963449579.0,20.686030714402726,4631966294.0,4767005665.0,0.20800012734289555,0.2021079156825378,0.9716720766682789,0.016774597688574387,0.00880167617456351,0,coinpaprika
stable_dai,2026-08-20,1313056405.0,20.995623390978757,4619324991.0,4768010752.0,0.2842528740797142,0.275388725675424,0.9688159761515571,0.01674197558205507,0.8291930438630857,0,coinpaprika
stable_dai,2026-08-21,1423889897.0,21.076658328126715,4554391155.0,4779843579.0,0.3126411080077728,0.2978946640128116,0.9528326774142749,0.01675005656721001,1.947350793635172,0,coinpaprika
stable_fdusd,2025-08-25,7431131562.0,22.728943980580816,1449728681.0,945519396.0,5.125877455134655,7.859311605279856,1.5332617047657053,0.003593968646150339,34.229999999999535,0,coinpaprika
stable_fdusd,2025-08-26,8290184243.0,22.838338030695862,1449279855.0,938606561.0,5.720209395306885,8.832437985696117,1.5440759901101948,0.003542105473318497,9.999999999998899,0,coinpaprika
stable_fdusd,2025-08-27,6053340432.0,22.523876094303183,1449379652.0,928992879.0,4.1765043573276275,6.516024577622193,1.5601622840857103,0.0035040347045924157,12.23150987418209,0,coinpaprika
stable_fdusd,2025-08-28,6956643443.0,22.662962931173052,1449768612.0,922881775.0,4.798450859963852,7.537957332617171,1.5709147707462312,0.0034727387192490726,16.180000000000085,0,coinpaprika
stable_fdusd,2025-08-29,6315313342.0,22.566243210361915,1449864170.0,912906775.0,4.355796544720461,6.917807507781942,1.5881842590115514,0.003404069358137496,22.010000000000083,0,coinpaprika
stable_fdusd,2025-08-30,5292924409.0,22.38963674859427,1449818905.0,909549387.0,3.650748649190776,5.8192820364134885,1.593996901896653,0.003390910326596446,22.330000000000403,0,coinpaprika
stable_fdusd,2025-08-31,3282714404.0,21.911936479601422,1449869157.0,909549387.0,2.2641452769382555,3.6091656494074464,1.5940521512329928,0.0033864963855012725,24.18999999999949,0,coinpaprika
stable_fdusd,2025-09-01,5112119442.0,22.354879918967775,1449799700.0,909549386.0,3.5260867014940063,5.620496831383711,1.593975788797905,0.003377420446058436,24.359999999999935,0,coinpaprika
stable_fdusd,2025-09-02,6273540958.0,22.559606778434084,1449664078.0,902301547.0,4.327582543574622,6.952820793512394,1.6066292724642752,0.003350855763545741,42.11999999999993,0,coinpaprika
stable_fdusd,2025-09-03,5950039367.0,22.506663672952648,1449813519.0,899635093.0,4.104003231466626,6.613836446907035,1.6115573194964283,0.003351504134345272,16.85999999999965,0,coinpaprika
stable_fdusd,2025-09-04,5257257462.0,22.38287533285554,1449817276.0,892121791.0,3.6261517565196955,5.892981782349491,1.625133799696638,0.003300884267158954,15.50999999999969,0,coinpaprika
stable_fdusd,2025-09-05,6414861219.0,22.581883201108916,1449713323.0,904969557.0,4.424917062723304,7.0884828880492385,1.601947061960671,0.0033201574692530915,24.58999999999989,0,coinpaprika
stable_fdusd,2025-09-06,4849152830.0,22.3020698526179,1449620011.0,868179304.0,3.3451199577845783,5.585427811580268,1.669724219779374,0.003203860826938273,23.98000000000011,0,coinpaprika
stable_fdusd,2025-09-07,2686737315.0,21.71159340072901,1449748986.0,868179304.0,1.8532431068725714,3.094680214814243,1.6698727778012086,0.003203570151178989,21.809999999999885,0,coinpaprika
stable_fdusd,2025-09-08,4348770020.0,22.19315888827151,1449790546.0,868179304.0,2.9995850310917946,5.009068979142585,1.669920648096905,0.003206069298232921,27.369999999999894,0,coinpaprika
stable_fdusd,2025-09-09,5932595873.0,22.50372770695271,1449465948.0,863916213.0,4.09295291219908,6.867096350002173,1.677785329397447,0.0031880912752221425,17.439999999999678,0,coinpaprika
stable_fdusd,2025-09-10,5903613986.0,22.49883054050142,1449930775.0,870792056.0,4.071652307676551,6.7795910003111,1.665071201568242,0.0032090657803861156,22.940000000000182,0,coinpaprika
stable_fdusd,2025-09-11,6003202662.0,22.515558940932774,1449853816.0,864653206.0,4.1405572035960345,6.942902218302768,1.67680383989694,0.0031853128090286614,24.680000000000256,0,coinpaprika
stable_fdusd,2025-09-12,6420155045.0,22.582708104823954,1449924241.0,870877310.0,4.427924482848894,7.372054560704997,1.6649006976654381,0.0032025746595472472,18.839999999999968,0,coinpaprika
stable_fdusd,2025-09-13,5797416674.0,22.48067825441629,1449868129.0,875396071.0,3.998582048974745,6.622621309434686,1.6562424450269209,0.0032040470490987565,13.119999999999798,0,coinpaprika
stable_fdusd,2025-09-14,4131872179.0,22.14199645355302,1449911015.0,875396071.0,2.8497419057127447,4.720003111597242,1.6562914354227207,0.0031968585494230317,12.130000000000196,0,coinpaprika
stable_fdusd,2025-09-15,5474772747.0,22.423416604572914,1450262739.0,875396068.0,3.77502131150044,6.2540522480391125,1.6566932295153969,0.003194509621500679,18.25999999999994,0,coinpaprika
stable_fdusd,2025-09-16,5703950331.0,22.46442481244686,1450092575.0,884309609.0,3.933507714843654,6.450173415451375,1.6398018977084303,0.0032237052618429387,14.450000000000296,0,coinpaprika
stable_fdusd,2025-09-17,6049181714.0,22.523188846122544,1449861934.0,897698262.0,4.172246730632491,6.738546759044522,1.6150882711634347,0.0032627668632626253,12.269999999999781,0,coinpaprika
stable_fdusd,2025-09-18,7256411229.0,22.705151222629606,1449690391.0,901695060.0,5.005490326796268,8.047522439570646,1.6077390853178235,0.0032753884795009955,18.19000000000015,0,coinpaprika
stable_fdusd,2025-09-19,5601569305.0,22.446312628643806,1449708740.0,904001057.0,3.8639273879248326,6.196418977195952,1.603658235545625,0.0032682845525101064,23.849999999999703,0,coinpaprika
stable_fdusd,2025-09-20,3989788522.0,22.107004064689153,1449990327.0,895499157.0,2.7515966470305977,4.455379428123795,1.6191978693286475,0.003229381959911324,17.0300000000001,0,coinpaprika
stable_fdusd,2025-09-21,2918027563.0,21.794173733198416,1449980433.0,895499157.0,2.012459959175187,3.258548643167511,1.6191868207420324,0.003227541720203297,16.800000000000146,0,coinpaprika
stable_fdusd,2025-09-22,6638523968.0,22.616155481898517,1449990491.0,895499157.0,4.578322416046796,7.413210739627754,1.6191980524667318,0.0032298821738105006,16.890000000000516,0,coinpaprika
stable_fdusd,2025-09-23,6803405848.0,22.640689183886956,1449711957.0,893498357.0,4.692936286515018,7.614346232088259,1.6225121687604849,0.0032115009542700813,20.12000000000014,0,coinpaprika
stable_fdusd,2025-09-24,7052268085.0,22.676615116357873,1449875943.0,908548243.0,4.864049313355633,7.762128361740721,1.5958161321324573,0.0032593414278289726,27.639999999999887,0,coinpaprika
stable_fdusd,2025-09-25,8249472297.0,22.833415071368435,1450741395.0,870547450.0,5.686383752081466,9.476189146266524,1.6664702136569352,0.003114790611183225,22.790000000000312,0,coinpaprika
stable_fdusd,2025-09-26,9564558950.0,22.981330328059343,1450342306.0,822454678.0,6.594690722618968,11.629283905659785,1.763431280525831,0.002943644073694745,32.02999999999956,0,coinpaprika
stable_fdusd,2025-09-27,5896750541.0,22.497667280543293,1450497536.0,834550004.0,4.06532958150437,7.065784569812308,1.738059468033985,0.002977320810520991,11.860000000000204,0,coinpaprika
stable_fdusd,2025-09-28,3495858309.0,21.97484476474217,1450715251.0,834550004.0,2.4097480925979458,4.1889141360545725,1.7383203451521403,0.002975548685053992,18.43000000000039,0,coinpaprika
stable_fdusd,2025-09-29,5341216712.0,22.398719312841305,1450317611.0,834550004.0,3.682791046243456,6.400115854531827,1.7378438728040555,0.002974377594790493,27.67999999999993,0,coinpaprika
stable_fdusd,2025-09-30,7062498818.0,22.678064766197718,1450031554.0,815712675.0,4.870582849399152,8.658071689274658,1.7776253801622,0.0029073106107060822,14.440000000000008,0,coinpaprika
stable_fdusd,2025-10-01,7745734309.0,22.770408117166685,1449905905.0,826605868.0,5.34223240438489,9.37052906210436,1.754047437998589,0.002935677887210522,22.980000000000224,0,coinpaprika
stable_fdusd,2025-10-02,7047169396.0,22.675891869174656,1450270742.0,831850333.0,4.859209519928383,8.471679479390195,1.7434274946668802,0.002947405054514162,25.58999999999978,0,coinpaprika
stable_fdusd,2025-10-03,7059043513.0,22.677575399669973,1450280983.0,847018795.0,4.867362666783309,8.333986866253658,1.7122181840132602,0.0029882733603366226,15.025592178967706,0,coinpaprika
stable_fdusd,2025-10-04,6042842133.0,22.52214029020502,1449915322.0,826327505.0,4.167720722245047,7.31288998179965,1.7546497160348062,0.0028999167508583345,13.851717860199342,0,coinpaprika
stable_fdusd,2025-10-05,5162957551.0,22.364775421233524,1449752249.0,826327505.0,3.5612688682230145,6.248076603719006,1.7544523693423468,0.0028967959031806806,20.18542277611557,0,coinpaprika
stable_fdusd,2025-10-06,5829252398.0,22.486154595638517,1449819960.0,826327505.0,4.020673296565733,7.054409253870837,1.7545343114289775,0.00289968265670405,18.221322557213647,0,coinpaprika
stable_fdusd,2025-10-07,7201783868.0,22.697594591864416,1450026634.0,822069078.0,4.966656266260003,8.760558036705524,1.7638744392718784,0.0028780252223921917,20.83839999473369,0,coinpaprika
stable_fdusd,2025-10-08,7848791105.0,22.78362535764596,1449608607.0,836387263.0,5.41442087684845,9.384159051929513,1.7331787213024548,0.0029205473328445895,20.539659384415376,0,coinpaprika
stable_fdusd,2025-10-09,7428612967.0,22.728604998303044,1449632347.0,836387263.0,5.1244806880678695,8.881786339445965,1.7332071052832376,0.0029206733497769226,22.714210322802852,0,coinpaprika
stable_fdusd,2025-10-10,7981538549.0,22.80039703057633,1450490598.0,832194363.0,5.502647559388041,9.590954834429706,1.7429709482422917,0.0029083233070856906,19.72869499118235,0,coinpaprika
stable_fdusd,2025-10-11,12389291275.0,23.240098329660043,1450415849.0,831984352.0,8.541889061362566,14.891255160289361,1.7433210678943154,0.002900412086168061,49.35502141095949,0,coinpaprika
stable_fdusd,2025-10-12,7348525157.0,22.717765471260982,1450380651.0,831984352.0,5.066618305982903,8.832528087018636,1.743278761810174,0.0029033683072564867,22.80128550937288,0,coinpaprika
stable_fdusd,2025-10-13,9577062393.0,22.982636742448488,1450047864.0,831984352.0,6.604652598557257,11.511108796671214,1.7428787699122494,0.002902329298784206,21.803780025539954,0,coinpaprika
stable_fdusd,2025-10-14,9116698392.0,22.9333735571768,1449761088.0,839503800.0,6.288414323891689,10.859627308417187,1.7269261771060476,0.002924836186654414,18.214375641172342,0,coinpaprika
stable_fdusd,2025-10-15,8261325144.0,22.83485084078867,1449855240.0,805286370.0,5.6980344768764635,10.258866226681572,1.8004219294063055,0.0027979490732445438,21.981995340506487,0,coinpaprika
stable_fdusd,2025-10-16,7379015571.0,22.721906075333465,1449526010.0,795286360.0,5.090640333525302,9.278438487238734,1.822646637621196,0.002754707735668538,25.539046751725802,0,coinpaprika
stable_fdusd,2025-10-17,8996441917.0,22.92009499366976,1449130895.0,773286460.0,6.208163767704366,11.634035228031795,1.8739897437231734,0.0026791067254327565,28.37868560890189,0,coinpaprika
stable_fdusd,2025-10-18,6742625258.0,22.631715190336188,1449628901.0,758291256.0,4.651276787699751,8.89186734602146,1.9117046247464575,0.0026252987084557588,26.337256021780053,0,coinpaprika
stable_fdusd,2025-10-19,4289760181.0,22.17949666669208,1450032266.0,758291256.0,2.958389465934822,5.6571405077628905,1.9122365641520729,0.0026256962469519314,22.91983975293177,0,coinpaprika
stable_fdusd,2025-10-20,5991899153.0,22.513674252912892,1450090343.0,758291256.0,4.132086791643436,7.901843922884428,1.9123131534566977,0.0026229682327215593,19.594456316077704,0,coinpaprika
stable_fdusd,2025-10-21,7369529012.0,22.720619635135435,1449780493.0,758889747.0,5.083203317731494,9.710935008850502,1.910396732504544,0.0026256782028973033,25.121095113419535,0,coinpaprika
stable_fdusd,2025-10-22,8166978236.0,22.82336481657062,1449448774.0,748889747.0,5.634540787158581,10.905448056561521,1.9354635042159283,0.0025806058173568646,28.525671118254657,0,coinpaprika
stable_fdusd,2025-10-23,6857961675.0,22.648676102753384,1449559516.0,748889747.0,4.731065954383345,9.157505096674798,1.9356113791206704,0.0025858845490251965,16.848408889992285,0,coinpaprika
stable_fdusd,2025-10-24,5974399212.0,22.51074937958296,1449797770.0,748889747.0,4.120850049314119,7.977675266530254,1.9359295220795698,0.00258618473571049,16.989533743884124,0,coinpaprika
stable_fdusd,2025-10-25,3965491768.0,22.10089571183299,1450014207.0,750942427.0,2.7347951136316007,5.280686808231172,1.9309259336867912,0.002589318716560687,18.92346367079467,0,coinpaprika
stable_fdusd,2025-10-26,2949982082.0,21.805064933720374,1449784991.0,750942427.0,2.0347721215993744,3.928373169412094,1.9306206959058927,0.0025909732939708584,25.046462776096014,0,coinpaprika
stable_fdusd,2025-10-27,5281233039.0,22.387425437703655,1449826649.0,750942427.0,3.6426651714828564,7.032806842594339,1.9306761701985977,0.0025921506978139716,19.318406818122913,0,coinpaprika
stable_fdusd,2025-10-28,5591062052.0,22.44443509765943,1449970817.0,763911334.0,3.8559824697492515,7.318993452713977,1.8980878440533782,0.0026403600164337615,20.93992430790781,0,coinpaprika
stable_fdusd,2025-10-29,5877282133.0,22.494360269890535,1450228207.0,763899967.0,4.052660198326979,7.693785033243757,1.8984530300418248,0.0026381398767534843,14.784041694826389,0,coinpaprika
stable_fdusd,2025-10-30,6731248751.0,22.630026513465054,1449885459.0,768334659.0,4.642607255088003,8.760829245632143,1.8870494022579294,0.002658036413971067,19.088778699366536,0,coinpaprika
stable_fdusd,2025-10-31,6758972245.0,22.634136680827467,1450555227.0,768334659.0,4.659575946638535,8.796911821987715,1.8879211161551934,0.0026596247567158516,16.576822421929815,0,coinpaprika
stable_fdusd,2025-11-01,4288692843.0,22.17924782508806,1453057700.0,773157919.0,2.951495211098637,5.546981719526306,1.8793802201229217,0.0026783052998757273,8.060832615672808,0,coinpaprika
stable_fdusd,2025-11-02,2485576977.0,21.633770653850235,1450947410.0,773157919.0,1.7130717211866417,3.214837377873381,1.8766507777307007,0.00267724386987229,6.262617953476379,0,coinpaprika
stable_fdusd,2025-11-03,4694010757.0,22.269553226234567,1449691590.0,773157919.0,3.237937496071147,6.071218623837183,1.8750265041261254,0.0026777099831675265,11.497363337967803,0,coinpaprika
stable_fdusd,2025-11-04,7212960983.0,22.6991453813309,1449220732.0,751280150.0,4.97713069081322,9.600893864958365,1.9290017605283463,0.0026024975707293813,35.55584165889192,0,coinpaprika
stable_fdusd,2025-11-05,8534728025.0,22.86740932695574,1448885401.0,737280150.0,5.8905473263168036,11.575963390578195,1.9651761965922994,0.0025616207100430622,29.759033330150064,0,coinpaprika
stable_fdusd,2025-11-06,5421650477.0,22.41366612227847,1448928323.0,737280150.0,3.7418348381612803,7.353582592722725,1.9652344132688233,0.002560217482819161,88.29112150200214,1,coinpaprika
stable_fdusd,2025-11-07,5526033224.0,22.43273607591599,1448494553.0,732219950.0,3.8150182978285594,7.5469580199228385,1.9782232824986536,0.002544261793829352,40.09057905864033,0,coinpaprika
stable_fdusd,2025-11-08,4800469204.0,22.2919795011246,1448996214.0,732302629.0,3.3129618680977453,6.55530789307053,1.9786849816157086,0.0025399050678201326,27.370378471577304,0,coinpaprika
stable_fdusd,2025-11-09,2863510984.0,21.77531432600525,1448981336.0,732302629.0,1.976223511549772,3.9102836322058323,1.9786646648785962,0.0025440895541587296,29.673026188051786,0,coinpaprika
stable_fdusd,2025-11-10,4261169645.0,22.172809524330408,1449193513.0,732302629.0,2.940373115650291,5.818864327742294,1.9789544043819076,0.0025444311751813124,36.29983967097794,0,coinpaprika
stable_fdusd,2025-11-11,4668998129.0,22.264210352421102,1449117634.0,729302629.0,3.2219593630312553,6.402003699619188,1.9869908270960037,0.0025300119222985817,31.535427453741605,0,coinpaprika
stable_fdusd,2025-11-12,4540193164.0,22.236235395451384,1449216010.0,732301428.0,3.1328615835537175,6.199896641468792,1.978988370892539,0.002539989485946194,25.673152379037667,0,coinpaprika
stable_fdusd,2025-11-13,5487132831.0,22.42567170322303,1449006999.0,728269626.0,3.786822861992263,7.534479861720884,1.9896573291936248,0.0025199723118792257,32.49564991418153,0,coinpaprika
stable_fdusd,2025-11-14,7208652427.0,22.698547867584676,1448406445.0,729019226.0,4.976954122155953,9.888151327026868,1.9867877188193663,0.00252705366549497,32.92600221875941,0,coinpaprika
stable_fdusd,2025-11-15,5022845569.0,22.33726245666674,1448360104.0,718214469.0,3.467953553213863,6.993517654961083,2.016612260703425,0.0024951039227540713,51.998615990384025,1,coinpaprika
stable_fdusd,2025-11-16,2993024900.0,21.819550385528437,1449032732.0,718214469.0,2.0655329820389454,4.167313566054042,2.0175487887588073,0.0024965105485733967,37.171428599870325,0,coinpaprika
stable_fdusd,2025-11-17,4848995584.0,22.3020374245722,1448372338.0,718214469.0,3.347892980817202,6.751459060343715,2.016629294612554,0.0024975467036727076,34.80555132198915,0,coinpaprika
stable_fdusd,2025-11-18,7250498332.0,22.70433603903702,1448280665.0,715121168.0,5.006279864959739,10.138838921909803,2.025224157537454,0.0024877517660920013,38.017745978713435,0,coinpaprika
stable_fdusd,2025-11-19,5654755025.0,22.45576262568226,1448205398.0,709407513.0,3.90466368431531,7.971095486551465,2.041429462560541,0.002468511114039333,42.3912016808159,0,coinpaprika
stable_fdusd,2025-11-20,5822320174.0,22.48496467474605,1447678955.0,713534144.0,4.0218310516229065,8.159834007887365,2.028885326894742,0.0024867882276722285,36.857848563028874,0,coinpaprika
stable_fdusd,2025-11-21,7615286150.0,22.75342339986921,1447305038.0,690768312.0,5.261700850930086,11.024371005020855,2.095210525522775,0.0024076093114906334,36.71029106384949,0,coinpaprika
stable_fdusd,2025-11-22,5823644533.0,22.485192111294037,1447680958.0,690363198.0,4.022740301181747,8.435624248035307,2.0969845469659583,0.002409131028580182,40.467355902793486,0,coinpaprika
stable_fdusd,2025-11-23,2925319354.0,21.79666949286698,1448423345.0,690363198.0,2.019657694760505,4.237362829413163,2.0980599041144137,0.0024077246578196243,33.309331274657964,0,coinpaprika
stable_fdusd,2025-11-24,4046701825.0,22.121168022339784,1448441632.0,690363198.0,2.793831477635959,5.861699807758293,2.0980863930698694,0.002409657704756759,33.52362713957668,0,coinpaprika
stable_fdusd,2025-11-25,5070590951.0,22.34672320633696,1448296034.0,670525906.0,3.5010735595233977,7.56211043544677,2.159940460227349,0.002331905515613563,27.771770446435305,0,coinpaprika
stable_fdusd,2025-11-26,4392951742.0,22.20326721690362,1448259247.0,671846536.0,3.0332633822982937,6.538623787739526,2.155639970435153,0.0023319308828481104,40.234774849057246,0,coinpaprika
stable_fdusd,2025-11-27,4915896700.0,22.31574001561413,1448700883.0,675774279.0,3.393313801134751,7.274465532003475,2.143764461032409,0.002337966566664421,28.386068508767792,0,coinpaprika
stable_fdusd,2025-11-28,3627047554.0,22.011684808548043,1448723375.0,675364287.0,2.5036163677555074,5.370505405477562,2.145099175195208,0.0023343729647173623,28.0002090774234,0,coinpaprika
stable_fdusd,2025-11-29,3298329218.0,21.916681879934377,1448676619.0,672811228.0,2.2767877763339537,4.902310010200959,2.1531695053697884,0.0023214058409540728,32.936466048886224,0,coinpaprika
stable_fdusd,2025-11-30,1847205958.0,21.336940041962976,1448698586.0,672811228.0,1.2750795616501003,2.7455040598698215,2.1532021549438234,0.002321206838761561,33.990700000000594,0,coinpaprika
stable_fdusd,2025-12-01,3702018694.0,22.032144101057952,1448557843.0,672811228.0,2.5556581753981087,5.502314081476655,2.152992968482387,0.0023223120554993755,34.6172940470979,0,coinpaprika
stable_fdusd,2025-12-02,4103306732.0,22.135059005837892,1449056509.0,657160067.0,2.8317092580686927,6.243998894716772,2.2050282446635636,0.002261554470818185,33.00224443392064,0,coinpaprika
stable_fdusd,2025-12-03,4328456129.0,22.188476763417995,1449511011.0,612490823.0,2.986149188348594,7.066973032835138,2.3665840475784568,0.0021045881289968264,23.928660742666974,0,coinpaprika
stable_fdusd,2025-12-04,4161341638.0,22.149103368599615,1449830601.0,608072062.0,2.870226104435769,6.843500792180779,2.384307208970242,0.0020840688951503255,18.96100714822491,0,coinpaprika
stable_fdusd,2025-12-05,3870142267.0,22.07655710506951,1449813570.0,600790407.0,2.6694068444951857,6.441751103059806,2.413176963393159,0.002057092210543957,22.860710524833515,0,coinpaprika
stable_fdusd,2025-12-06,3364814739.0,21.93663874354981,1449785372.0,590881382.0,2.3209054277863137,5.694568895724658,2.4535979913477797,0.0020213394850552508,22.91651741520684,0,coinpaprika
stable_fdusd,2025-12-07,2051461909.0,21.44181850277188,1450409356.0,590881382.0,1.414402010379751,3.4718675718911043,2.454654013789861,0.0020221018943522924,22.81925878741431,0,coinpaprika
stable_fdusd,2025-12-08,3695190681.0,22.030297995427784,1450081863.0,590881382.0,2.5482634982794763,6.253692862165693,2.4540997688771315,0.0020220427331520217,21.872085037315525,0,coinpaprika
stable_fdusd,2025-12-09,3961722124.0,22.099944647730382,1450804287.0,581471934.0,2.730707483772413,6.813264565921423,2.4950547088657937,0.001987088781713586,19.94403029062841,0,coinpaprika
stable_fdusd,2025-12-10,4639719652.0,22.25791978174717,1450662027.0,575067785.0,3.1983463864391894,8.068126528770865,2.5225931009159206,0.001961847340362744,17.009352335488614,0,coinpaprika
stable_fdusd,2025-12-11,4834886402.0,22.299123470849707,1450702188.0,501063809.0,3.3327904527845105,9.64924290111721,2.8952444018961265,0.0017103088071718474,14.949834128294981,0,coinpaprika
stable_fdusd,2025-12-12,4245474325.0,22.16911938804116,1451222095.0,445657333.0,2.9254476896591077,9.526319911356648,3.256363101288855,0.001516801539712038,11.96044004242558,0,coinpaprika
stable_fdusd,2025-12-13,2793484523.0,21.750555586844552,1451206607.0,443157337.0,1.9249392261070377,6.3035953368408295,3.274698365199356,0.0015085477987942565,13.998699999999697,0,coinpaprika
stable_fdusd,2025-12-14,1587502542.0,21.1854278906196,1451274702.0,443157337.0,1.0938677149214167,3.5822549001371944,3.274852023943812,0.0015087788149157465,11.916071309733267,0,coinpaprika
stable_fdusd,2025-12-15,3309266508.0,21.919992403289385,1451036308.0,443157337.0,2.280622814022652,7.467475390123124,3.2743140795613184,0.0015091993843914663,13.020472454031706,0,coinpaprika
stable_fdusd,2025-12-16,4685008221.0,22.267633507597903,1451013135.0,315657337.0,3.2287841563887705,14.842069775808822,4.5967983788699325,0.0010754624534450193,14.973242714654278,0,coinpaprika
stable_fdusd,2025-12-17,4115950412.0,22.13813560746955,1451216914.0,265339188.0,2.8362062020454095,15.51203364653396,5.469289798233648,0.0009042579635571322,11.951613628319313,0,coinpaprika
stable_fdusd,2025-12-18,4692082099.0,22.26914226545327,1451051806.0,518827555.0,3.233573108553782,9.043625485543073,2.7967901704835243,0.0017676286111015882,11.987808678707301,0,coinpaprika
stable_fdusd,2025-12-19,5230485403.0,22.3777699221888,1451478894.0,518424376.0,3.6035559487784052,10.08919650606861,2.799789055443643,0.0017702800522143489,14.977338729599277,0,coinpaprika
stable_fdusd,2025-12-20,2903774215.0,21.78927718157503,1451757532.0,518424376.0,2.0001785084590833,5.601152934598893,2.8003265263128756,0.0017704696692759376,11.934721151179994,0,coinpaprika
stable_fdusd,2025-12-21,1289909050.0,20.977837549733756,1452064291.0,518424376.0,0.8883277813489044,2.4881334862232634,2.800918240387678,0.0017681818109015579,10.005937837711532,0,coinpaprika
stable_fdusd,2025-12-22,2402096446.0,21.599607712587442,1452099257.0,518424376.0,1.6542233145705687,4.633455827316268,2.8009856870619063,0.0017684358629357093,7.963737726797149,0,coinpaprika
stable_fdusd,2025-12-23,2979006225.0,21.81485560063845,1451135574.0,518424376.0,2.052879330074228,5.746269587061238,2.7991268180645887,0.0017678668767530897,10.96858844185089,0,coinpaprika
stable_fdusd,2025-12-24,2585972916.0,21.67336764431007,1450979730.0,519314247.0,1.7822253905642087,4.979591703749271,2.794030278164119,0.0017725048801632752,2.4510534997990163,0,coinpaprika
stable_fdusd,2025-12-25,1758331369.0,21.287631111052132,1451257933.0,516314247.0,1.2115912196016227,3.4055449355051404,2.810803578309936,0.0017650376813862808,8.272539979606863,0,coinpaprika
stable_fdusd,2025-12-26,2605386230.0,21.68084676642065,1450719183.0,516314247.0,1.7959273307548178,5.046125000691681,2.8097601246320054,0.0017647352060842089,16.415304942816178,0,coinpaprika
stable_fdusd,2025-12-27,1816451247.0,21.32015057083983,1450498017.0,516314246.0,1.2522948847299251,3.518111810922219,2.8093317746649973,0.0017654444061520978,13.468488908011667,0,coinpaprika
stable_fdusd,2025-12-28,1117241940.0,20.834128932505006,1450848310.0,516314246.0,0.77006116511243,2.163879746986489,2.8100102238898903,0.001766105880871643,18.914477655188612,0,coinpaprika
stable_fdusd,2025-12-29,2944727470.0,21.803282110209338,1450221593.0,516314246.0,2.030536218888033,5.703362812111909,2.808796395286757,0.0017663705272139532,10.960542066897894,0,coinpaprika
stable_fdusd,2025-12-30,2984752204.0,21.816782566944838,1450340419.0,516314246.0,2.0579666434849595,5.780882916021651,2.8090265380746438,0.0017663621353328233,21.854113598991365,0,coinpaprika
stable_fdusd,2025-12-31,3062995884.0,21.842659321342015,1450252735.0,516314246.0,2.112042825418288,5.932425664660045,2.8088567112672695,0.0017674170741071576,20.420953003501552,0,coinpaprika
stable_fdusd,2026-01-01,2921895891.0,21.79549852061897,1449975069.0,516314246.0,2.015135262301534,5.659142496331585,2.8083189263772512,0.001772709323838163,19.151200885463293,0,coinpaprika
stable_fdusd,2026-01-02,3088847805.0,21.851063980002507,1450926681.0,516314246.0,2.1288793192989743,5.982495793850321,2.8101620132325382,0.0017746379865177138,14.642390012883366,0,coinpaprika
stable_fdusd,2026-01-03,4080007618.0,22.1293646927627,1451535379.0,506314246.0,2.8108220281966685,8.058251669260754,2.8668665566245988,0.0017356740085835037,10.317936854258303,0,coinpaprika
stable_fdusd,2026-01-04,2370671751.0,21.586439191594465,1451554179.0,506314246.0,1.6331954985195216,4.682214197465027,2.8669036877149217,0.0017356416924201494,4.188150486033049,0,coinpaprika
stable_fdusd,2026-01-05,3594786932.0,22.002750558769147,1451944037.0,506314246.0,2.475843999764297,7.099912673600734,2.867673679875087,0.0017348536027780139,15.68741004071006,0,coinpaprika
stable_fdusd,2026-01-06,4529638176.0,22.233907900624434,1451748489.0,506314246.0,3.1201259793424176,8.946298098039296,2.867287461234105,0.0017315527276427487,1.0323272205003953,0,coinpaprika
stable_fdusd,2026-01-07,4369539658.0,22.197923499315205,1451640799.0,506314246.0,3.010069475182889,8.630094239931775,2.8670747672385266,0.0017334076920057229,4.2538067690500725,0,coinpaprika
stable_fdusd,2026-01-08,3777541817.0,22.052339322334472,1451443389.0,506314246.0,2.6026105087037603,7.460864170509632,2.866684871039556,0.0017353637343786791,4.19539850633921,0,coinpaprika
stable_fdusd,2026-01-09,3913793114.0,22.087772846832937,1451415500.0,496314246.0,2.696535288482175,7.885715845440391,2.924388150647604,0.0017049447588563813,8.470383276520943,0,coinpaprika
stable_fdusd,2026-01-10,2684874064.0,21.710899660641516,1451489995.0,496314246.0,1.8497365281529206,5.409625223612864,2.9245382470846906,0.0017033080223218483,11.743138900809358,0,coinpaprika
stable_fdusd,2026-01-11,1228916133.0,20.92939842598303,1451648911.0,496314246.0,0.8465656700375536,2.47608474450278,2.9248584393847925,0.001702547770845847,9.826050263289643,0,coinpaprika
stable_fdusd,2026-01-12,2857474206.0,21.773203927170805,1451606641.0,496314246.0,1.968490722825234,5.75738905145189,2.924773271569561,0.0017029804701225902,16.906779300698282,0,coinpaprika
stable_fdusd,2026-01-13,3330607066.0,21.926420426726104,1452056007.0,494523227.0,2.293718045270963,6.734986112189226,2.9362746332640914,0.0017007724427542986,7.425865311969648,0,coinpaprika
stable_fdusd,2026-01-14,4772370393.0,22.286108956359385,1453592070.0,494523227.0,3.283156596334486,9.650447405577575,2.939380782613877,0.0016961253771127095,0.7751284410151271,0,coinpaprika
stable_fdusd,2026-01-15,4155343242.0,22.14766087146879,1452492786.0,494645501.0,2.8608357177754686,8.400649017527403,2.936431814427844,0.0016913222873804906,40.96425481154631,0,coinpaprika
stable_fdusd,2026-01-16,3225618534.0,21.894390562602517,1451557018.0,506642193.0,2.222178318867802,6.36665990035299,2.8650535586166628,0.001727042176061635,16.428488537835186,0,coinpaprika
stable_fdusd,2026-01-17,2145716782.0,21.486739498074613,1451735699.0,503642193.0,1.478035418897555,4.260399171917672,2.882474342255912,0.001713704732937573,2.443842888765202,0,coinpaprika
stable_fdusd,2026-01-18,1354536456.0,21.02672513459417,1451904523.0,503642193.0,0.9329376929008988,2.6894816892356754,2.8828095484843543,0.0017133041508660327,7.9987999999997506,0,coinpaprika
stable_fdusd,2026-01-19,2846875522.0,21.76948792212279,1451524640.0,503642193.0,1.9613001691793535,5.652575502148209,2.882055276889798,0.001712943950765569,12.05533983920537,0,coinpaprika
stable_fdusd,2026-01-20,3275840583.0,21.90984033997055,1450947979.0,499642593.0,2.2577243501574222,6.55636774945646,2.9039717576679855,0.0016995826362223587,12.998964003525515,0,coinpaprika
stable_fdusd,2026-01-21,4322057170.0,22.186997322847365,1450882261.0,499642593.0,2.9789165435250986,8.650297693895764,2.9038402276484865,0.0017117331285400209,18.036982619492605,0,coinpaprika
stable_fdusd,2026-01-22,3829046549.0,22.065881666588876,1450912705.0,508095470.0,2.6390605966883447,7.5360769286134355,2.8555907121155792,0.0017445931021182759,12.01792362446219,0,coinpaprika
stable_fdusd,2026-01-23,2853811108.0,21.771921169157636,1450411048.0,506593217.0,1.9675878172157995,5.633338568763348,2.863068433069841,0.0017430122761307588,15.98327695570223,0,coinpaprika
stable_fdusd,2026-01-24,2239020426.0,21.52930429779073,1449616162.0,504590414.0,1.5445608876979395,4.437302738771411,2.8728571169407906,0.0017339678411048397,22.88186344891807,0,coinpaprika
stable_fdusd,2026-01-25,1339786454.0,21.015776076269468,1449253776.0,504590414.0,0.9244664227806021,2.6551960101247585,2.8721389384143157,0.0017338421281387344,28.970277488866714,0,coinpaprika
stable_fdusd,2026-01-26,3484225296.0,21.971511560034187,1449345872.0,504590414.0,2.4039984956744678,6.905056456344016,2.87232145476311,0.0017338005203832948,26.92294377677151,0,coinpaprika
stable_fdusd,2026-01-27,3078918011.0,21.847844077408226,1449929460.0,496560455.0,2.1234950360964455,6.200489749027638,2.9199454878057094,0.0017102127887995099,25.862112278414173,0,coinpaprika
stable_fdusd,2026-01-28,3126964599.0,21.863328594603317,1451312124.0,491560455.0,2.154577604148782,6.361302190185335,2.952459070370093,0.0016964096913990928,15.995199999999654,0,coinpaprika
stable_fdusd,2026-01-29,4639857148.0,22.2579494158572,1449837635.0,468155443.0,3.2002598332329812,9.910932826642368,3.0969150453730814,0.0016173233105986529,15.994500000000578,0,coinpaprika
stable_fdusd,2026-01-30,9129377974.0,22.934763399440453,1448734430.0,465149030.0,6.3016228405643675,19.626780634155036,3.114559714334995,0.0016148327472079109,31.9913000000005,0,coinpaprika
stable_fdusd,2026-01-31,1704132599.0,21.256322079227367,1448903656.0,456143819.0,1.1761531499648588,3.735954600318721,3.1764184795409887,0.0015871475466697274,28.885116045420656,0,coinpaprika
stable_fdusd,2026-02-01,1599960957.0,21.193245064644433,1449485657.0,456143819.0,1.1038128934034703,3.507580044617463,3.1776943951091883,0.0015883444419537587,29.979100682521185,0,coinpaprika
stable_fdusd,2026-02-02,1713579909.0,21.261850533732826,1450015454.0,456143819.0,1.1817666523987267,3.7566658532316977,3.178855864316776,0.001587388271350314,25.999944785179974,0,coinpaprika
stable_fdusd,2026-02-03,1213641912.0,20.91689152149321,1450028192.0,450041173.0,0.8369781489048456,2.6967352873733623,3.2219900733393563,0.0015646498767301687,19.918500860574007,0,coinpaprika
stable_fdusd,2026-02-04,1173909996.0,20.883605891870076,1449396650.0,444037768.0,0.8099301154035371,2.6437165498048354,3.264129212540317,0.0015422468209070593,26.9866401001706,0,coinpaprika
stable_fdusd,2026-02-05,1214152621.0,20.917312239968492,1449555581.0,435828620.0,0.8376033571354309,2.7858487609189133,3.325976116483585,0.001511624665375684,29.01523795373229,0,coinpaprika
stable_fdusd,2026-02-06,1776816378.0,21.298089048759547,1451167754.0,429823608.0,1.2244045342810175,4.133826865089271,3.3761936919946938,0.0014947350539866015,30.946779116269862,0,coinpaprika
stable_fdusd,2026-02-07,995349091.0,20.718604079821876,1451932075.0,412715236.0,0.6855341982854122,2.4117091015268457,3.5179996965268323,0.0014317491830852353,9.977223264010515,0,coinpaprika
stable_fdusd,2026-02-08,583341049.0,20.184282564697657,1451992721.0,412715236.0,0.4017520477638813,1.41342261713837,3.518146640459864,0.0014305707662885347,6.685518022148118,0,coinpaprika
stable_fdusd,2026-02-09,550976665.0,20.12720301776312,1451314349.0,412715236.0,0.3796397833313229,1.3350044217897494,3.5165029599246487,0.0014245938742929766,7.8957990465189365,0,coinpaprika
stable_fdusd,2026-02-10,585610165.0,20.18816488043337,1451107425.0,397715236.0,0.403560863180064,1.472435833461507,3.6486090892429375,0.0013728474006417695,10.830890505550972,0,coinpaprika
stable_fdusd,2026-02-11,448183203.0,19.920712644287107,1451216501.0,397715236.0,0.30883276388544867,1.1268947287702098,3.648883345771546,0.0013724112969136218,12.747752649375776,0,coinpaprika
stable_fdusd,2026-02-12,441928210.0,19.906658008298614,1450991039.0,395412031.0,0.30456990989039456,1.1176397665047273,3.6695672494598424,0.0013653586722323775,12.9987999999992,0,coinpaprika
stable_fdusd,2026-02-13,369416522.0,19.727435354019832,1451199610.0,395412031.0,0.25455941378043784,0.934257162246032,3.6700947270873505,0.0013664011647345983,17.91421805257487,0,coinpaprika
stable_fdusd,2026-02-14,1036905318.0,20.75950645922892,1451723915.0,395411931.0,0.7142579296835514,2.6223420102111183,3.6714216268805506,0.0013653598786407207,8.831523578370915,0,coinpaprika
stable_fdusd,2026-02-15,3221490311.0,21.89310991924371,1451388217.0,395411931.0,2.219592437961759,8.147175283388199,3.6705726438993063,0.0013650391838642456,10.907808820366238,0,coinpaprika
stable_fdusd,2026-02-16,2569416886.0,21.666944817891707,1451132977.0,395411931.0,1.7706281414070573,6.498076270743586,3.6699271398565867,0.0013644893253656003,10.994206061880618,0,coinpaprika
stable_fdusd,2026-02-17,2591666090.0,21.675566784221388,1451248552.0,395411931.0,1.7858182090368762,6.554344689209694,3.670219429974661,0.001364171817841218,11.010230424344236,0,coinpaprika
stable_fdusd,2026-02-18,2460381175.0,21.62358212448073,1450815231.0,395411931.0,1.6958611423621042,6.2223240679098275,3.669123557629828,0.0013652409828236842,12.002710258879334,0,coinpaprika
stable_fdusd,2026-02-19,1857312534.0,21.34239640617911,1450782972.0,395411931.0,1.2802139050747006,4.697158553872772,3.6690419743555993,0.0013647637852431615,16.52421398712245,0,coinpaprika
stable_fdusd,2026-02-20,1821061402.0,21.322685356508348,1451144367.0,395411931.0,1.2549140136654646,4.605479145241068,3.6699559452595274,0.0013640905547095575,15.971020320509899,0,coinpaprika
stable_fdusd,2026-02-21,1464840496.0,21.10501219772013,1451541723.0,394590429.0,1.0091618262081468,3.71230619990532,3.6786034741861413,0.001362947755400507,12.131965285305801,0,coinpaprika
stable_fdusd,2026-02-22,492844746.0,20.01570476760358,1451459568.0,394590429.0,0.33955113657013697,1.2490032950089622,3.678395270960817,0.0013632327288492878,11.082667418373937,0,coinpaprika
stable_fdusd,2026-02-23,461825794.0,19.95069831083877,1451643698.0,394590429.0,0.3181399090123009,1.1703927922691708,3.678861906708842,0.0013586510365737922,11.970643201283382,0,coinpaprika
stable_fdusd,2026-02-24,383638443.0,19.76521111493007,1452443478.0,394590529.0,0.2641331306938472,0.9722444275898979,3.680887834994134,0.0013585550862475694,15.939005998957256,0,coinpaprika
stable_fdusd,2026-02-25,322406817.0,19.59132471601582,1453540752.0,385690529.0,0.2218078967214261,0.8359210111690349,3.768671104703222,0.001327211973785065,0.6114631568232554,0,coinpaprika
stable_fdusd,2026-02-26,342170671.0,19.650820211483037,1453488669.0,386002473.0,0.23541337355963934,0.8864468363134036,3.7654905620254926,0.001325471380505156,5.003936025460565,0,coinpaprika
stable_fdusd,2026-02-27,284121258.0,19.464911673310308,1452998606.0,380002473.0,0.19554131492401444,0.7476826552126149,3.82365565815673,0.0013058509596454294,1.9613822909980705,0,coinpaprika
stable_fdusd,2026-02-28,290286640.0,19.4863794100235,1453129208.0,380414903.0,0.19976657161790393,0.7630790426735726,3.819853524508213,0.001306916507218981,4.414657997923177,0,coinpaprika
stable_fdusd,2026-03-01,379691412.0,19.75486940972376,1453632204.0,380414903.0,0.2612018438743945,0.9980981528476028,3.82117575451559,0.0013060715386855237,3.2593372788181085,0,coinpaprika
stable_fdusd,2026-03-02,346286039.0,19.66277569669178,1453137169.0,380414903.0,0.23830237529351916,0.9102851551533458,3.8198744516589036,0.0013069033367189861,7.037320901732702,0,coinpaprika
stable_fdusd,2026-03-03,393158279.0,19.789722836843897,1451449755.0,375515692.0,0.27087281364417604,1.0469822896242642,3.8652173156055487,0.0012866000205731258,6.951429256183417,0,coinpaprika
stable_fdusd,2026-03-04,442403265.0,19.907732390604462,1453086987.0,375515692.0,0.30445752316134395,1.17812191188005,3.8695772718866834,0.0012866398246976045,6.727333308633732,0,coinpaprika
stable_fdusd,2026-03-05,441785598.0,19.90633525222165,1452908301.0,369115192.0,0.3040698423265461,1.196877309780303,3.9361920952849863,0.0012610595727777067,5.498220526309883,0,coinpaprika
stable_fdusd,2026-03-06,280345569.0,19.451533578732633,1452260029.0,373318544.0,0.19304089033769034,0.7509553798109745,3.8901363255075805,0.0012703829000993052,1.7585787523932694,0,coinpaprika
stable_fdusd,2026-03-07,205741409.0,19.142130646953678,1451629683.0,373318544.0,0.14173133231528168,0.5511148918442155,3.8884478318333953,0.0012699749101415777,2.046551473579017,0,coinpaprika
stable_fdusd,2026-03-08,141045148.0,18.764590602761306,1451397934.0,373318544.0,0.09717882649266607,0.3778144704218068,3.8878270509916057,0.0012696911191697046,7.3152643337670575,0,coinpaprika
stable_fdusd,2026-03-09,247719292.0,19.32780678000132,1451939518.0,373318544.0,0.17061267974937783,0.6635601043167039,3.8892777798897664,0.0012696133257923418,9.012288248579914,0,coinpaprika
stable_fdusd,2026-03-10,283349839.0,19.46219287590708,1453016359.0,373318544.0,0.19500801711207713,0.7590028503914876,3.892162289693276,0.0012643656379680802,1.2538198202172168,0,coinpaprika
stable_fdusd,2026-03-11,256862686.0,19.36405220824596,1452593560.0,374421054.0,0.17683039018842958,0.6860262884682762,3.879572327682193,0.0012669261963697107,2.007062556025341,0,coinpaprika
stable_fdusd,2026-03-12,234737571.0,19.27397873322415,1452492530.0,374421054.0,0.1616101743394164,0.6269347529799967,3.879302497770331,0.00126605608788475,5.381478199910639,0,coinpaprika
stable_fdusd,2026-03-13,312657444.0,19.56061872426403,1452721460.0,374833677.0,0.21522188018066452,0.8341231409684675,3.8756428494550663,0.0012663207956058289,0.9586431404196016,0,coinpaprika
stable_fdusd,2026-03-14,244573661.0,19.315027097578298,1452243543.0,374833677.0,0.16841091301722524,0.6524858250663533,3.874367838618727,0.00126443900390577,1.705645959134694,0,coinpaprika
stable_fdusd,2026-03-15,129626537.0,18.680168089438755,1452344363.0,374833677.0,0.0892533067930529,0.34582414802605904,3.874636811248953,0.001264506488981617,0.9067599137990712,0,coinpaprika
stable_fdusd,2026-03-16,293862759.0,19.49862341359556,1453243777.0,374833677.0,0.20221160664911625,0.783981741854001,3.8770363128284226,0.0012646552294604805,7.339866538600415,0,coinpaprika
stable_fdusd,2026-03-17,319671070.0,19.582803121978326,1452842550.0,377447654.0,0.2200314617712704,0.8469282206745415,3.849123274720367,0.0012733236807311264,6.4223185481981915,0,coinpaprika
stable_fdusd,2026-03-18,231613941.0,19.260582500469557,1452533420.0,381165431.0,0.15945515456711487,0.6076467647980386,3.81076903062597,0.0012845247728908243,1.0442232002261242,0,coinpaprika
stable_fdusd,2026-03-19,238351557.0,19.289257276199578,1451892578.0,384721409.0,0.16416611022857644,0.6195432627977301,3.7738803821026763,0.0012993868938575772,5.350615700268069,0,coinpaprika
stable_fdusd,2026-03-20,251895485.0,19.344524821352827,1452018805.0,384731409.0,0.1734794922301299,0.6547307526950574,3.7741103820301816,0.0012969320468683727,6.838830234195958,0,coinpaprika
stable_fdusd,2026-03-21,167279724.0,18.935177969133036,1451931288.0,385831189.0,0.1152118735800671,0.43355676982349917,3.7631257643093234,0.0013012081854122067,4.450744797086514,0,coinpaprika
stable_fdusd,2026-03-22,131805612.0,18.696838766379283,1451956953.0,385831189.0,0.09077790614085789,0.3416147158595828,3.7631922830375437,0.0013001504699494076,0.27877886767502247,0,coinpaprika
stable_fdusd,2026-03-23,214284102.0,19.18281327663766,1451621584.0,385831189.0,0.14761705417022788,0.5553830486212974,3.762323071295307,0.0013008339214586715,14.867865306129602,0,coinpaprika
stable_fdusd,2026-03-24,227101017.0,19.24090548967252,1451479454.0,385831189.0,0.1564617510596881,0.5886020194183939,3.7619546977577283,0.0013028647659326232,9.075520126032854,0,coinpaprika
stable_fdusd,2026-03-25,180725121.0,19.0124877719092,1451715506.0,385831189.0,0.12449072855738995,0.4684046447059001,3.762566498998089,0.0013030483229787,4.976976030580671,0,coinpaprika
stable_fdusd,2026-03-26,167713165.0,18.937765732954443,1451265405.0,385831189.0,0.11556340034164875,0.43468016526782133,3.761399924048131,0.0013031753645065401,7.182470840118027,0,coinpaprika
stable_fdusd,2026-03-27,190502328.0,19.06517497817808,1451030901.0,395831189.0,0.13128757483297732,0.48127164633305336,3.6657821347170296,0.0013406355631323697,10.517187282261808,0,coinpaprika
stable_fdusd,2026-03-28,145434098.0,18.795233614137974,1451108850.0,398629868.0,0.10022273518626808,0.3648349250136972,3.640241152225954,0.0013522815805889338,13.57417988336107,0,coinpaprika
stable_fdusd,2026-03-29,85843257.0,18.268033609900115,1451062135.0,398629868.0,0.05915891189594028,0.21534577283606857,3.6401239633152627,0.0013525887286302894,16.885855815780282,0,coinpaprika
stable_fdusd,2026-03-30,156917704.0,18.871232053911903,1450725453.0,398629868.0,0.10816498991970191,0.3936426158613885,3.639279365288303,0.0013512009624194238,5.730941853290261,0,coinpaprika
stable_fdusd,2026-03-31,158566156.0,18.881682458518597,1450623205.0,396427998.0,0.10930898902861547,0.3999872783960128,3.6592349993402835,0.0013435933229696943,11.412488030583257,0,coinpaprika
stable_fdusd,2026-04-01,188002047.0,19.05196341435191,1451369206.0,394265797.0,0.12953426751979744,0.4768408734171785,3.6811948108194636,0.0013351956765075522,12.23956127248238,0,coinpaprika
stable_fdusd,2026-04-02,196099580.0,19.094133154499325,1451295817.0,394265797.0,0.13512033708287055,0.49737913228116004,3.6810086698948425,0.0013351312822457505,4.650471048859295,0,coinpaprika
stable_fdusd,2026-04-03,123471931.0,18.63152441694722,1451309105.0,394265797.0,0.0850762463865339,0.31316926788858634,3.6810423730466275,0.0013345604047485665,10.789127397672349,0,coinpaprika
stable_fdusd,2026-04-04,84350603.0,18.250492527570803,1451455092.0,394265797.0,0.05811451106197917,0.21394349609281477,3.6814126486351033,0.0013328427049769571,7.207556417400118,0,coinpaprika
stable_fdusd,2026-04-05,77739091.0,18.168868803361303,1451656192.0,394265797.0,0.05355199903972855,0.19717432146415684,3.6819227106326955,0.0013330199082497106,6.812167421160753,0,coinpaprika
stable_fdusd,2026-04-06,156519855.0,18.86869343529584,1451877055.0,394265797.0,0.10780517156116914,0.3969907006668397,3.6824828987131237,0.0013328026596922207,5.293135223273238,0,coinpaprika
stable_fdusd,2026-04-07,178606099.0,19.000693380358694,1451414332.0,394265797.0,0.12305659043195943,0.4530093666735185,3.681309266601181,0.0013338806947257044,16.271773877197802,0,coinpaprika
stable_fdusd,2026-04-08,255006166.0,19.35679828714399,1451837160.0,395985178.0,0.17564377949934826,0.6439790683276534,3.6663926850312563,0.0013366848026006013,14.488928174913873,0,coinpaprika
stable_fdusd,2026-04-09,173951567.0,18.974287473606104,1451866531.0,396985179.0,0.11981236793177374,0.4381815145799184,3.6572310700798227,0.0013402449382400072,6.362004221743822,0,coinpaprika
stable_fdusd,2026-04-10,166951219.0,18.933212231904356,1452067763.0,396985179.0,0.11497481264584758,0.4205477378791514,3.6577379706157744,0.0013392271293676931,1.1558116658416662,0,coinpaprika
stable_fdusd,2026-04-11,119910361.0,18.602255038281925,1452348974.0,398985181.0,0.08256305002904901,0.3005383826523622,3.6401075607868254,0.001343306590580106,0.04672972116814833,0,coinpaprika
stable_fdusd,2026-04-12,115458177.0,18.564418927115717,1452268943.0,398985181.0,0.07950192528492293,0.2893796123219925,3.6399069743896075,0.0013429410546607562,10.172323255375204,0,coinpaprika
stable_fdusd,2026-04-13,157745816.0,18.87649554239377,1452139585.0,398985181.0,0.10862992623398528,0.3953676063973915,3.6395827568342694,0.0013426859626142396,4.246997901466987,0,coinpaprika
stable_fdusd,2026-04-14,275827380.0,19.43528579685835,1452490962.0,400985183.0,0.18989954995671773,0.6878742449692961,3.622305819714042,0.0013489762553959392,12.024188406566383,0,coinpaprika
stable_fdusd,2026-04-15,178722913.0,19.00134719798662,1451876464.0,404985187.0,0.12309787880134683,0.44130728416000065,3.585011280918776,0.001357674557434437,5.938855358432749,0,coinpaprika
stable_fdusd,2026-04-16,170955426.0,18.956913419670286,1451735767.0,407985190.0,0.11775932637747018,0.4190236072049576,3.5583050624950383,0.001368794072741397,6.629086876390744,0,coinpaprika
stable_fdusd,2026-04-17,246435701.0,19.322611673607966,1451891908.0,410985193.0,0.1697341927743563,0.5996218481769001,3.5327109899066365,0.0013759811162671796,7.438524237862731,0,coinpaprika
stable_fdusd,2026-04-18,214885119.0,19.185614117707757,1452041719.0,413985196.0,0.14798825418596667,0.5190647421121793,3.5074725691398876,0.0013827059005591814,8.975971380236203,0,coinpaprika
stable_fdusd,2026-04-19,135025755.0,18.72097610339071,1451790027.0,413985196.0,0.09300639382336796,0.32616082967372584,3.5068645957088767,0.0013829076032328192,5.859440012313533,0,coinpaprika
stable_fdusd,2026-04-20,178616670.0,19.00075256471569,1451704074.0,413985196.0,0.1230393116607042,0.43145666010723727,3.5066569723425567,0.0013860041923773026,2.6943173822313593,0,coinpaprika
stable_fdusd,2026-04-21,167984616.0,18.93938296769897,1451388823.0,415985197.0,0.11574060192414752,0.4038235427882305,3.48903959435845,0.0013921738928520274,6.435096996232348,0,coinpaprika
stable_fdusd,2026-04-22,193039659.0,19.078406217986505,1451474050.0,418985200.0,0.13299559782002304,0.46073145065744564,3.4642609094545582,0.0013996337023724885,8.082803093533153,0,coinpaprika
stable_fdusd,2026-04-23,173811484.0,18.973481850315373,1451172685.0,412483200.0,0.1197731226590721,0.42137833492370114,3.5181376720312487,0.001379748826976144,9.207467414787951,0,coinpaprika
stable_fdusd,2026-04-24,132442491.0,18.701659086533954,1451159149.0,415483203.0,0.09126668917827978,0.31876737746242895,3.4927023247194904,0.0013881114515346185,8.442669337735964,0,coinpaprika
stable_fdusd,2026-04-25,108500024.0,18.502260961359507,1451039953.0,415483103.0,0.07477397419394144,0.2611418447984394,3.492416280043042,0.0013891743057440032,15.781172699967927,0,coinpaprika
stable_fdusd,2026-04-26,105004271.0,18.46951159300844,1450827663.0,415483103.0,0.07237542657745698,0.25272813802009175,3.4919053326700507,0.0013887514966729466,18.07620964913159,0,coinpaprika
stable_fdusd,2026-04-27,308870245.0,19.548431830815062,1450552674.0,415483103.0,0.21293280177704185,0.7434002556777862,3.4912434790398685,0.0013884705717536294,8.305255776456244,0,coinpaprika
stable_fdusd,2026-04-28,195362121.0,19.09036543026604,1450135723.0,413100491.0,0.13471988718120834,0.4729167000675388,3.5103703689376635,0.0013814469585624325,18.559886279936322,0,coinpaprika
stable_fdusd,2026-04-29,199084543.0,19.109240136689117,1450773580.0,410149003.0,0.1372264740304962,0.48539565266235696,3.537186655065452,0.0013716084185477902,19.675565468104672,0,coinpaprika
stable_fdusd,2026-04-30,253193947.0,19.349666345894924,1450768154.0,406727444.0,0.17452405906616006,0.6225150299914357,3.566929587372521,0.0013643298773973753,17.341857246369052,0,coinpaprika
stable_fdusd,2026-05-01,248267201.0,19.330016151540264,1451026804.0,402874164.0,0.1710975981392002,0.6162400649747299,3.601687409272539,0.0013491914910569265,10.92141852831574,0,coinpaprika
stable_fdusd,2026-05-02,160383813.0,18.89308033808047,1451062364.0,402874164.0,0.11052854582892345,0.39809902776490774,3.6017756750467624,0.001348004012551133,12.411009492708791,0,coinpaprika
stable_fdusd,2026-05-03,148904550.0,18.818816061324167,1451146666.0,402874164.0,0.10261164738809385,0.36960560717415475,3.601984926489354,0.0013465106890339594,11.724657391475324,0,coinpaprika
stable_fdusd,2026-05-04,245450654.0,19.31860648703271,1451229627.0,402874164.0,0.16913288526737058,0.6092489316341467,3.602190849349178,0.001346230145138009,3.454914814466914,0,coinpaprika
stable_fdusd,2026-05-05,205297656.0,19.139971469357064,1451449192.0,402874164.0,0.141443225936909,0.509582580232174,3.602735845826043,0.001344148227415651,9.585485260610316,0,coinpaprika
stable_fdusd,2026-05-06,263741693.0,19.39048075031554,1451551973.0,403229232.0,0.18169634839523585,0.6540738420472453,3.599818311287511,0.0013434726572122886,10.881011373995442,0,coinpaprika
stable_fdusd,2026-05-07,224247237.0,19.228259742216405,1451339018.0,404742557.0,0.15451058244752572,0.5540490692704696,3.5858325073535573,0.0013475484411264841,9.048796093735767,0,coinpaprika
stable_fdusd,2026-05-08,180129673.0,19.00918756059407,1451541200.0,404742557.0,0.12409546005308013,0.44504752436991696,3.586332039701968,0.001346404724503149,5.605893636100312,0,coinpaprika
stable_fdusd,2026-05-09,135003105.0,18.720808343545446,1451888391.0,399732758.0,0.09298449235964722,0.3377334038757964,3.632147633494676,0.001335247791733947,8.919110451515166,0,coinpaprika
stable_fdusd,2026-05-10,163588436.0,18.91286430115097,1451935320.0,399732758.0,0.11266923102332134,0.40924450830221926,3.6322650344308283,0.0013320013856343632,6.122539911909142,0,coinpaprika
stable_fdusd,2026-05-11,282988415.0,19.46091652190755,1451120258.0,399732758.0,0.1950137581223127,0.7079440184384388,3.63022601715319,0.001331282920981114,6.466018637213411,0,coinpaprika
stable_fdusd,2026-05-12,209841851.0,19.161864719255963,1450190500.0,405519932.0,0.1446995074095438,0.5174637161854723,3.5761263147972713,0.001348551680826757,8.861113747494764,0,coinpaprika
stable_fdusd,2026-05-13,265892068.0,19.398601028765782,1449726579.0,410528343.0,0.18340842463094553,0.6476826083601248,3.5313678183725306,0.0013669549383626188,17.35535165822477,0,coinpaprika
stable_fdusd,2026-05-14,216738577.0,19.194202475581275,1449701623.0,409673718.0,0.14950564554896686,0.529051700114187,3.5386737281496785,0.0013658320581575805,21.737074563485947,0,coinpaprika
stable_fdusd,2026-05-15,176546674.0,18.989095846969594,1449547898.0,398776853.0,0.12179430168784944,0.442720465523108,3.6349850476401646,0.0013291675222119636,17.87538602244232,0,coinpaprika
stable_fdusd,2026-05-16,119599105.0,18.59965592453648,1449290760.0,394464716.0,0.08252250569789046,0.3031934166705039,3.6740694445279614,0.001314392534230348,24.57402310508727,0,coinpaprika
stable_fdusd,2026-05-17,161913893.0,18.902575233372097,1449614101.0,394464716.0,0.11169447985384905,0.41046483102939935,3.6748891401480885,0.0013139930052450946,19.86259054072348,0,coinpaprika
stable_fdusd,2026-05-18,172194981.0,18.964138008999047,1449092191.0,394464716.0,0.1188295555448204,0.4365282217028506,3.673566056032246,0.0013139997643919462,24.870192901572665,0,coinpaprika
stable_fdusd,2026-05-19,145563733.0,18.796124583031038,1449289628.0,392457342.0,0.10043798712675256,0.37090332482555516,3.6928590012210805,0.0013066508398109863,25.31492892620779,0,coinpaprika
stable_fdusd,2026-05-20,158285112.0,18.87990847747251,1449592164.0,377148542.0,0.10919285846801804,0.4196890465507885,3.8435576505556264,0.0012573260141146838,24.414205195789627,0,coinpaprika
stable_fdusd,2026-05-21,158553048.0,18.881599789290373,1449781370.0,377148542.0,0.10936341939612591,0.4203994722058345,3.8440593255693933,0.001260115528668292,21.089045598204905,0,coinpaprika
stable_fdusd,2026-05-22,174771395.0,18.97898936935154,1449339421.0,377148542.0,0.12058693254849376,0.46340201681066023,3.8428875087630594,0.001256834841547667,16.498202298376174,0,coinpaprika
stable_fdusd,2026-05-23,121994915.0,18.619489929698076,1448638687.0,374148543.0,0.08421348683752224,0.32606010976768657,3.8718276847599538,0.001246427240657241,27.28448014188367,0,coinpaprika
stable_fdusd,2026-05-24,134575055.0,18.717632638536045,1448989673.0,374148543.0,0.09287509601181264,0.35968349340865935,3.872765777414774,0.0012468364836250919,27.78581369299871,0,coinpaprika
stable_fdusd,2026-05-25,137345316.0,18.73800887454752,1449186781.0,374148543.0,0.09477406073579138,0.36708766763793066,3.873292594914635,0.001247322441614294,24.964559924774974,0,coinpaprika
stable_fdusd,2026-05-26,176616108.0,18.98948905941462,1449002684.0,374148543.0,0.12188804751723979,0.472048097752448,3.8728005523731253,0.0012470217396589735,21.976266363707975,0,coinpaprika
stable_fdusd,2026-05-27,159239265.0,18.885918446691143,1448222156.0,374148543.0,0.10995499850645843,0.4256043969146233,3.870714407673104,0.0012478451646523454,31.220412691107533,0,coinpaprika
stable_fdusd,2026-05-28,178489786.0,19.000041941860815,1449038425.0,374148543.0,0.12317809032565855,0.4770559429921394,3.8728960786037328,0.001250331583408263,33.212802501095815,0,coinpaprika
stable_fdusd,2026-05-29,121856067.0,18.618351135728677,1449960296.0,366705122.0,0.0840409681121365,0.3322998771748817,3.9540224802204973,0.001229097391064937,19.989547796809283,0,coinpaprika
stable_fdusd,2026-05-30,102220260.0,18.442640464617526,1450132756.0,354689860.0,0.0704902772363829,0.28819617228414707,4.0884528133959055,0.0011918591935843436,17.997320607616718,0,coinpaprika
stable_fdusd,2026-05-31,76436863.0,18.151975650853746,1450087549.0,354689860.0,0.052711895259504774,0.21550337807796366,4.088325358384928,0.0011926398002326834,18.56463079737192,0,coinpaprika
stable_fdusd,2026-06-01,134962824.0,18.72050992811095,1449701030.0,354689860.0,0.09309700497350133,0.38050939488374436,4.087235620437528,0.0011936876958040397,22.95934643869679,0,coinpaprika
stable_fdusd,2026-06-02,220790043.0,19.212722780770893,1449473894.0,339689860.0,0.15232426324747592,0.6499753716522477,4.26705081511706,0.001142494194914553,21.480773584827695,0,coinpaprika
stable_fdusd,2026-06-03,223546514.0,19.225130071169136,1448962310.0,339689860.0,0.1542804201718677,0.658090041310035,4.265544782526037,0.0011435397669589309,24.720379253561077,0,coinpaprika
stable_fdusd,2026-06-04,208099537.0,19.1535270712749,1448568230.0,339689860.0,0.14365877470611102,0.6126162759170969,4.264384665471027,0.0011460274328053762,27.998819039550817,0,coinpaprika
stable_fdusd,2026-06-05,208081612.0,19.153440930900846,1448607920.0,339689860.0,0.14364246469120506,0.6125635071944744,4.264501507345553,0.0011495324630969028,26.89721280869861,0,coinpaprika
stable_fdusd,2026-06-06,251459698.0,19.34279329211913,1448778270.0,339689860.0,0.17356672391283173,0.7402625971820295,4.265002994201828,0.001150864991800568,28.02880659430351,0,coinpaprika
stable_fdusd,2026-06-07,123189717.0,18.629236147788692,1449142681.0,339689860.0,0.08500868728467187,0.3626535010494573,4.266075769821331,0.0011527757389565012,25.994123307849783,0,coinpaprika
stable_fdusd,2026-06-08,135224574.0,18.72244747280686,1449458375.0,339689860.0,0.09329317511446301,0.3980824567445139,4.267005129325909,0.0011530615295272933,24.63038966382669,0,coinpaprika
stable_fdusd,2026-06-09,129582306.0,18.67982681250101,1449055927.0,339689860.0,0.08942533106246355,0.3814723995588211,4.265820378035423,0.0011511315072402293,21.745560265086226,0,coinpaprika
stable_fdusd,2026-06-10,160442779.0,18.893447926065797,1448881853.0,339689860.0,0.11073558459428093,0.47232136690803783,4.265307928237834,0.001155531792258382,25.183195739507667,0,coinpaprika
stable_fdusd,2026-06-11,127114557.0,18.660599269333,1448670969.0,339689860.0,0.08774563701497079,0.37420768756535744,4.26468711488768,0.0011563900642269196,27.12707986928575,0,coinpaprika
stable_fdusd,2026-06-12,105148899.0,18.470887998812426,1448746200.0,337517620.0,0.07257924058748179,0.31153602884495335,4.292357240490141,0.0011501792186240796,26.220233036238216,0,coinpaprika
stable_fdusd,2026-06-13,73176732.0,18.108388073213614,1449142679.0,337517620.0,0.05049656811605091,0.21680862765031347,4.293531931755148,0.0011511468061782455,21.9881713045178,0,coinpaprika
stable_fdusd,2026-06-14,57061018.0,17.85963176198484,1449077863.0,337517620.0,0.03937746856602142,0.1690608567339388,4.293339894373514,0.0011511634650122036,20.952748614722072,0,coinpaprika
stable_fdusd,2026-06-15,145690300.0,18.796993700658657,1449494267.0,337517620.0,0.10051112537446139,0.4316524275088216,4.294573619593549,0.0011512816916523741,25.95191472314462,0,coinpaprika
stable_fdusd,2026-06-16,157501876.0,18.874947933619268,1449864149.0,352517620.0,0.10863216123292115,0.4467914993866122,4.11288419852602,0.0012009649956893625,17.47780998589743,0,coinpaprika
stable_fdusd,2026-06-17,145515350.0,18.795792144165183,1449724595.0,352517620.0,0.10037447836773439,0.4127888699577627,4.112488320441968,0.0012015938126578437,22.848246266947704,0,coinpaprika
stable_fdusd,2026-06-18,189595441.0,19.06040310741184,1449057527.0,352517620.0,0.1308405204536783,0.537832523094874,4.1105960235406105,0.0012021251961624674,17.46930548647829,0,coinpaprika
stable_fdusd,2026-06-19,142963700.0,18.77810131684073,1449579161.0,352517620.0,0.09862427927107874,0.405550508368915,4.112075762340617,0.0012021420424592345,26.16377848289053,0,coinpaprika
stable_fdusd,2026-06-20,83313306.0,18.238118842277895,1450190228.0,352517620.0,0.05744991546033228,0.23633799070809566,4.113809199097623,0.0012015501089130355,19.93494395502338,0,coinpaprika
stable_fdusd,2026-06-21,71430623.0,18.08423724291828,1449857526.0,352517620.0,0.04926733952753921,0.20262993662557918,4.112865410812657,0.0012013009880624816,18.56049915061608,0,coinpaprika
stable_fdusd,2026-06-22,95563684.0,18.37530344183828,1450212149.0,352517620.0,0.06589634769360907,0.27108909903567374,4.113871383223341,0.0012011842037263879,20.689208914994595,0,coinpaprika
stable_fdusd,2026-06-23,112705015.0,18.54028448556172,1449050728.0,352517619.0,0.07777851583950897,0.3197145587211061,4.110576748222051,0.0012015416809394385,15.405658231908426,0,coinpaprika
stable_fdusd,2026-06-24,153604432.0,18.84989123893847,1448357419.0,352517619.0,0.10605423080309433,0.43573547454375605,4.108610012482809,0.0012030741302224478,21.75150558506589,0,coinpaprika
stable_fdusd,2026-06-25,191608497.0,19.07096477533585,1447580573.0,350117619.0,0.13236465076545345,0.5472689364998795,4.134555059338502,0.0011966251731828372,37.77734293845314,0,coinpaprika
stable_fdusd,2026-06-26,188604789.0,19.055164325508137,1447803100.0,350117619.0,0.13026964025702115,0.5386897966994343,4.135190637178416,0.0011969652502506816,32.79958094958735,0,coinpaprika
stable_fdusd,2026-06-27,131933359.0,18.697807504586894,1448278153.0,350117619.0,0.09109669901925255,0.37682582035381657,4.1365474754928,0.0012011644246011962,27.478243652334644,0,coinpaprika
stable_fdusd,2026-06-28,93982706.0,18.35862135522497,1448380937.0,350117619.0,0.06488811306413929,0.2684318094828584,4.1368410454088,0.0012011839473310701,29.877049598203698,0,coinpaprika
stable_fdusd,2026-06-29,132197218.0,18.699805448851972,1447722016.0,350117619.0,0.09131395153142438,0.37757944995050363,4.13495904643405,0.0012016054599552723,29.780009516104933,0,coinpaprika
stable_fdusd,2026-06-30,119771556.0,18.601096794755698,1446952515.0,350117619.0,0.08277504255210476,0.3420894850767279,4.13276121074044,0.0012043054462824697,32.606231716926224,0,coinpaprika
stable_fdusd,2026-07-01,100334918.0,18.424024337906868,1447549521.0,350117619.0,0.0693136342103767,0.28657488956589755,4.134466369143222,0.0012075717815555839,40.144923281394405,0,coinpaprika
stable_fdusd,2026-07-02,119532978.0,18.59910286615717,1447973911.0,350117619.0,0.08255188653050255,0.34140806264308565,4.13567850465703,0.0012069987420553086,30.982720922675398,0,coinpaprika
stable_fdusd,2026-07-03,113965807.0,18.551409031546264,1447920584.0,350117619.0,0.07870998469070732,0.3255072033378589,4.135526192984878,0.0012082152123908615,31.455483720947974,0,coinpaprika
stable_fdusd,2026-07-04,102762695.0,18.447932965751253,1448932391.0,350117619.0,0.07092304350313886,0.29350906502080376,4.138416098962446,0.0012089912912691364,21.31779468234285,0,coinpaprika
stable_fdusd,2026-07-05,77581107.0,18.16683450190556,1448656326.0,350117619.0,0.05355383855204316,0.22158584084281688,4.1376276067957605,0.0012091618175695106,23.794516958106637,0,coinpaprika
stable_fdusd,2026-07-06,114851972.0,18.559154665880865,1448663298.0,350117619.0,0.07928134312408044,0.3280382527678506,4.137647520103808,0.001209024460400275,23.907855169357227,0,coinpaprika
stable_fdusd,2026-07-07,128796320.0,18.673742807561982,1448751931.0,348117619.0,0.08890156916726139,0.36997932012168566,4.161673675586067,0.0012033895865662598,19.836946990865467,0,coinpaprika
stable_fdusd,2026-07-08,94594217.0,18.365106911646773,1448035515.0,348117619.0,0.06532589568426435,0.27173062159775374,4.1596157044840645,0.0012131523695291676,26.93818003463577,0,coinpaprika
stable_fdusd,2026-07-09,81950005.0,18.221619936369486,1447991418.0,348117619.0,0.0565956427512473,0.23540895527037373,4.159489031780376,0.0012130683887914598,30.82788096119171,0,coinpaprika
stable_fdusd,2026-07-10,106742668.0,18.48593153324174,1448476416.0,348106619.0,0.0736930659145782,0.3066378579833898,4.161013715168685,0.0012098228655661293,28.9170285373308,0,coinpaprika
stable_fdusd,2026-07-11,89657997.0,18.311512967644596,1448575260.0,348156619.0,0.06189391706165132,0.25752202344313324,4.160700044022429,0.0012108146940287873,28.818078338032073,0,coinpaprika
stable_fdusd,2026-07-12,68327902.0,18.039828776984116,1448324975.0,348156619.0,0.04717718963591027,0.19625621996288975,4.159981157790368,0.0012107512186047037,26.674845897280974,0,coinpaprika
stable_fdusd,2026-07-13,82927570.0,18.23347814623598,1447955827.0,348156619.0,0.0572721684278287,0.2381904162505668,4.158920864865132,0.001210566870783972,29.319252940779307,0,coinpaprika
stable_fdusd,2026-07-14,100244358.0,18.42312135324109,1447929036.0,348156619.0,0.069232921992456,0.28792891626742273,4.158843913865098,0.0012165981761914232,31.873854344082186,0,coinpaprika
stable_fdusd,2026-07-15,117377960.0,18.58090972201157,1448689181.0,348156619.0,0.08102356360456592,0.3371412565331696,4.161027255954597,0.001216225557115528,25.188008149453765,0,coinpaprika
stable_fdusd,2026-07-16,121822371.0,18.618074574534223,1448590941.0,348156619.0,0.08409715092923531,0.3499068073153594,4.160745084096764,0.001216954239243634,22.282276163066996,0,coinpaprika
stable_fdusd,2026-07-17,143036239.0,18.77860858269052,1448493929.0,347156619.0,0.09874824887857711,0.41202221467654054,4.172450847033972,0.0012125667724523527,24.740220254532154,0,coinpaprika
stable_fdusd,2026-07-18,99635730.0,18.41703140320115,1448292003.0,347156619.0,0.06879533256664679,0.28700512836829994,4.171869190257323,0.0012115176749026735,33.39325305172558,0,coinpaprika
stable_fdusd,2026-07-19,91784041.0,18.334949006057105,1448782786.0,347156619.0,0.06335252039638743,0.2643879908278517,4.17328291240214,0.0012111162451606484,25.36967274122337,0,coinpaprika
stable_fdusd,2026-07-20,126681937.0,18.657190077907337,1448561715.0,347156619.0,0.08745360013881079,0.3649129242153381,4.172646107605973,0.001211270212048067,25.18414978805339,0,coinpaprika
stable_fdusd,2026-07-21,149549857.0,18.823140393524568,996574710.0,347156619.0,0.1500638692707745,0.430784979502292,2.870677542806695,0.001211242266492436,22.897711075366978,0,coinpaprika
stable_fdusd,2026-07-22,85698643.0,18.266347560805723,346355298.0,347156619.0,0.2474298603048942,0.24685873265749256,0.9976917594073008,0.001211409478952677,20.880066680151188,0,coinpaprika
stable_fdusd,2026-07-23,97442851.0,18.394776630791448,346317847.0,347156619.0,0.28136826283746214,0.2806884433910217,0.9975838801448864,0.001212792442170636,18.45945027067031,0,coinpaprika
stable_fdusd,2026-07-24,99717294.0,18.417849690299047,346184215.0,347156619.0,0.28804691167100155,0.2872400770788703,0.9971989472567135,0.0012099132985046764,24.651420067773877,0,coinpaprika
stable_fdusd,2026-07-25,95430931.0,18.37391331866661,346256036.0,347156619.0,0.27560799257807017,0.2748930188192667,0.9974058308247322,0.0012100442559828286,28.889449023160594,0,coinpaprika
stable_fdusd,2026-07-26,191271907.0,19.069206575744367,346327377.0,347156619.0,0.5522864194475737,0.5509671904023239,0.9976113317315145,0.001210499570626835,28.165324307094508,0,coinpaprika
stable_fdusd,2026-07-27,145452632.0,18.79536104518234,346249694.0,347156619.0,0.4200801748578585,0.41898274161956855,0.9973875624131482,0.001212346777038808,21.944630468565542,0,coinpaprika
stable_fdusd,2026-07-28,308623052.0,19.547631196982742,346176908.0,347156619.0,0.8915183100543494,0.8890023554469517,0.9971778991199358,0.0012171365465408774,26.44793209835128,0,coinpaprika
stable_fdusd,2026-07-29,128563244.0,18.671931520207526,347281482.0,347156619.0,0.3701989615443993,0.3703321122619874,1.000359673395713,0.0012179039120950622,37.02699967500056,0,coinpaprika
stable_fdusd,2026-07-30,115246066.0,18.562580113445286,349000912.0,350156619.0,0.330217091237859,0.329127195507905,0.9966994569364402,0.0012298197412358635,33.836954986264935,0,coinpaprika
stable_fdusd,2026-07-31,95358944.0,18.373158697881188,349049323.0,350156619.0,0.27319618666041645,0.27233226169572994,0.9968377122124314,0.0012330948864489736,27.28643263621433,0,coinpaprika
stable_fdusd,2026-08-01,127135043.0,18.66076041806152,349132364.0,350156619.0,0.3641456825812917,0.36308050769704286,0.9970748660901366,0.0012331079329010507,27.919680159046443,0,coinpaprika
stable_fdusd,2026-08-02,62064517.0,17.94368501485031,349090560.0,350156619.0,0.1777891587787421,0.17724787604257738,0.996955479513583,0.0012333215972755525,29.87513695833166,0,coinpaprika
stable_fdusd,2026-08-03,72472866.0,18.098722801500678,349036606.0,350156619.0,0.20763686316615168,0.20697271468685274,0.9968013941784147,0.0012339226390803639,27.338206636725594,0,coinpaprika
stable_fdusd,2026-08-04,70301766.0,18.068307491600144,349104455.0,350156619.0,0.20137745306057467,0.2007723463882315,0.9969951617564596,0.001232981422857733,30.331067053029905,0,coinpaprika
stable_fdusd,2026-08-05,76984273.0,18.159111725193167,350113750.0,350156619.0,0.2198836035431342,0.21985668361733868,0.9998775719273209,0.0012318421977762883,27.60401613741137,0,coinpaprika
stable_fdusd,2026-08-06,78867674.0,18.18328200605035,350792394.0,351747721.0,0.22482720648726495,0.22421658845658876,0.9972840563194438,0.0012376876767121443,26.990472016782398,0,coinpaprika
stable_fdusd,2026-08-07,76161602.0,18.14836799602,350800225.0,351747721.0,0.21710819028123485,0.21652337016847367,0.9973063194345473,0.0012373250282616886,25.128327450593126,0,coinpaprika
stable_fdusd,2026-08-08,68073024.0,18.036091583984252,350863247.0,351747721.0,0.19401582976287055,0.1935279745565146,0.9974854876174166,0.001236783652187942,25.19881239708144,0,coinpaprika
stable_fdusd,2026-08-09,50777222.0,17.742958445860825,350796048.0,351747721.0,0.14474855771465248,0.14435693245045927,0.9972944444464503,0.0012367539317486907,25.301474739173322,0,coinpaprika
stable_fdusd,2026-08-10,77788964.0,18.16951014104238,350723794.0,351747721.0,0.2217955135373564,0.22114987349129123,0.997089030180241,0.0012364744602242064,26.388377374619854,0,coinpaprika
stable_fdusd,2026-08-11,83439522.0,18.239632651957805,350663094.0,351747721.0,0.23794782920611543,0.2372141083467034,0.9969164633194596,0.001241572857436176,28.16618938009441,0,coinpaprika
stable_fdusd,2026-08-12,73330519.0,18.11048745127626,350670906.0,351747721.0,0.2091149215555396,0.20847475227849452,0.9969386724185769,0.0012373571237456536,29.113784175605062,0,coinpaprika
stable_fdusd,2026-08-13,62326387.0,17.947895457482915,350629897.0,351747721.0,0.17775548386850765,0.17719059223129976,0.9968220860199972,0.0012376395431555993,28.52150843584478,0,coinpaprika
stable_fdusd,2026-08-14,57285396.0,17.863556297546825,350603467.0,351747721.0,0.163390842909149,0.16285932382771573,0.9967469469404181,0.001237917112904581,29.185380746106215,0,coinpaprika
stable_fdusd,2026-08-15,43182769.0,17.580952131062883,350563600.0,351747721.0,0.12318098342212369,0.12276630784482041,0.9966336071868963,0.0012373834207166027,30.25651677979191,0,coinpaprika
stable_fdusd,2026-08-16,25000718.0,17.034415142418915,350527443.0,351747721.0,0.07132314031115675,0.07107570712590346,0.9965308147653926,0.0012380543973415183,30.110308127357932,0,coinpaprika
stable_fdusd,2026-08-17,46513212.0,17.6552469807321,350635464.0,351747721.0,0.13265404323163388,0.13223457956675716,0.9968379127039178,0.0012379609578127724,29.07950215890964,0,coinpaprika
stable_fdusd,2026-08-18,65243585.0,17.993638300484854,350782721.0,351747721.0,0.1859942953119404,0.1854840304708044,0.9972565564966376,0.0012377859877945674,29.02644981825575,0,coinpaprika
stable_fdusd,2026-08-19,109443348.0,18.510917612612996,350927702.0,351923721.0,0.3118686480897994,0.3109859934676015,0.997169787256256,0.001238383012670722,27.088986956986805,0,coinpaprika
stable_fdusd,2026-08-20,287197605.0,19.475681059449006,351296259.0,351923721.0,0.8175367589098067,0.8160791326709119,0.9982170511319411,0.0012357141479298328,20.082542833382846,0,coinpaprika
stable_fdusd,2026-08-21,292522925.0,19.494053601051853,351371893.0,351923721.0,0.8325165752515099,0.831211161807419,0.9984319670227628,0.0012332500293506013,12.96991244191581,0,coinpaprika
stable_frax,2025-08-25,5927637.0,15.595136377966593,648744983.0,181038573.0,0.009137083376874454,0.032742397941901584,3.583462751885478,0.0006881370787932511,16.979999999999773,0,coinpaprika
stable_frax,2025-08-26,4686934.0,15.360289408662744,648789718.0,181007252.0,0.007224118801463497,0.025893625521700093,3.58432996927659,0.0006830836312676706,16.66999999999974,0,coinpaprika
stable_frax,2025-08-27,6473690.0,15.683256982950189,648506160.0,181435567.0,0.009982464931404814,0.035680380131862456,3.574305582543251,0.0006843502655259885,12.739999999999974,0,coinpaprika
stable_frax,2025-08-28,5161794.0,15.45679494518268,648699411.0,181155034.0,0.007957143034927158,0.028493792780828822,3.5809074507970893,0.0006816735553789457,16.95000000000002,0,coinpaprika
stable_frax,2025-08-29,4054130.0,15.215246919236188,648676533.0,180996650.0,0.006249848412506084,0.02239892285299203,3.583914580739478,0.0006749047844349024,15.169999999999906,0,coinpaprika
stable_frax,2025-08-30,4862297.0,15.397021723629477,648830398.0,180822965.0,0.0074939414290512325,0.026889820106644088,3.5882079358669956,0.0006741299241888091,14.809999999999546,0,coinpaprika
stable_frax,2025-08-31,1388058.0,14.143416926350092,648584808.0,180402222.0,0.0021401333840677934,0.007694240041012355,3.595215185320722,0.0006716858715659803,16.69999999999949,0,coinpaprika
stable_frax,2025-09-01,1342993.0,14.110412007885566,648219521.0,180076164.0,0.0020718181981440203,0.007457916529141525,3.5996964095703414,0.000668674980713331,22.46999999999999,0,coinpaprika
stable_frax,2025-09-02,5795010.0,15.572507932942282,648428083.0,180075169.0,0.00893701268024815,0.03218106101013849,3.6008744936954633,0.0006687408659791685,24.009999999999863,0,coinpaprika
stable_frax,2025-09-03,5166346.0,15.457676420339537,648449556.0,141937521.0,0.007967228834065237,0.036398733496268404,4.568556301613863,0.0005287746022266595,22.26999999999979,0,coinpaprika
stable_frax,2025-09-04,3087550.0,14.942888778000569,648296982.0,142839060.0,0.004762554948929255,0.02161558610088865,4.538653376744429,0.0005285099082281847,25.950000000000138,0,coinpaprika
stable_frax,2025-09-05,2330953.0,14.661788183803441,648632367.0,142501901.0,0.0035936427452440095,0.01635734669953631,4.551745362330289,0.0005228117866819188,17.329999999999846,0,coinpaprika
stable_frax,2025-09-06,1911580.0,14.463441206318896,648649325.0,142233295.0,0.0029470160937884273,0.013439750516923622,4.560460509615558,0.0005248865989287108,19.719999999999736,0,coinpaprika
stable_frax,2025-09-07,1159317.0,13.963342459148842,648820940.0,142260344.0,0.0017868057710961054,0.008149263297156093,4.560799740509554,0.0005249387881456052,15.849999999999476,0,coinpaprika
stable_frax,2025-09-08,3367003.0,15.029533886143694,648548224.0,141989290.0,0.005191600062110416,0.023713077232796923,4.567585512963689,0.0005243473338393364,22.14999999999967,0,coinpaprika
stable_frax,2025-09-09,2779528.0,14.837792046852442,648316287.0,142465494.0,0.004287302441315962,0.019510183988833113,4.550689916535157,0.0005257373245310451,3.950000000000342,0,coinpaprika
stable_frax,2025-09-10,3133279.0,14.957590937150663,648495321.0,141208133.0,0.004831613889161738,0.02218908311747171,4.592478543711077,0.0005203839244974823,22.26999999999979,0,coinpaprika
stable_frax,2025-09-11,3021917.0,14.921402287098566,648510577.0,140915310.0,0.004659780591365744,0.021444916098896566,4.602130009861952,0.0005191206587988348,21.06000000000052,0,coinpaprika
stable_frax,2025-09-12,3655706.0,15.11180006611267,648583721.0,140522896.0,0.005636444273321501,0.026015020356540332,4.615502095829281,0.0005167605822866062,19.160000000000288,0,coinpaprika
stable_frax,2025-09-13,5318116.0,15.486629851295252,648208626.0,140271898.0,0.008204327722105938,0.037912911109251546,4.621086869445511,0.0005134107585666578,0.0,0,coinpaprika
stable_frax,2025-09-14,4104179.0,15.227516524520059,648136382.0,140288478.0,0.006332276838611414,0.0292552821052061,4.620025758637142,0.000512319434753146,7.629999999999582,0,coinpaprika
stable_frax,2025-09-15,3608365.0,15.098765596261522,648445789.0,139988884.0,0.005564636336932092,0.02577608233522313,4.632123426314335,0.0005108497207016727,15.640000000000098,0,coinpaprika
stable_frax,2025-09-16,7342709.0,15.809218542258792,648653317.0,140024358.0,0.011319928238338139,0.05243879782687524,4.632432001580754,0.000510451605497345,16.450000000000074,0,coinpaprika
stable_frax,2025-09-17,2758348.0,14.830142870301469,648370947.0,140025568.0,0.004254274521032788,0.019698888134486982,4.630375411153483,0.0005089358001674815,14.9100000000002,0,coinpaprika
stable_frax,2025-09-18,3768463.0,15.142178049347537,648354671.0,139934127.0,0.005812348038131123,0.026930264123490047,4.633284852664997,0.0005083077947269992,20.210000000000505,0,coinpaprika
stable_frax,2025-09-19,2804820.0,14.846850280285938,648183051.0,143496792.0,0.0043272035510228115,0.019546220935726562,4.51705603983119,0.0005187918144528849,19.240000000000368,0,coinpaprika
stable_frax,2025-09-20,2836847.0,14.858204134632704,648344786.0,143272850.0,0.004375522193217731,0.019800311084758906,4.525245264542445,0.0005166758154023378,18.909999999999762,0,coinpaprika
stable_frax,2025-09-21,1802880.0,14.404896498898022,648128060.0,143531532.0,0.002781672498487413,0.012560863629603005,4.515579614937852,0.0005173137284088975,22.18999999999971,0,coinpaprika
stable_frax,2025-09-22,9734070.0,16.09114276336989,648337162.0,142399944.0,0.015013901054155523,0.06835726002813597,4.552931298905567,0.0005136074524269078,25.9100000000001,0,coinpaprika
stable_frax,2025-09-23,5347087.0,15.492062671622259,648364041.0,141784786.0,0.00824704434834627,0.037712699301884194,4.572874560744479,0.0005096170261228351,21.95999999999976,0,coinpaprika
stable_frax,2025-09-24,3962886.0,15.19248335801384,648268776.0,140465859.0,0.006113029266120323,0.028212449830958566,4.615134101732151,0.0005039096129034979,25.65999999999957,0,coinpaprika
stable_frax,2025-09-25,9786345.0,16.096498706838098,648089959.0,140413904.0,0.015100287952463093,0.06969640983702013,4.615568263097364,0.0005023964056856207,20.019999999999484,0,coinpaprika
stable_frax,2025-09-26,9175544.0,16.032052350685724,648123714.0,138579566.0,0.014157087299539853,0.06621137780154399,4.6769067959124655,0.000495989540947191,36.82999999999992,0,coinpaprika
stable_frax,2025-09-27,4249173.0,15.262235169070443,648289397.0,137991786.0,0.006554438526471844,0.03079294154508588,4.698028888473115,0.0004922962245156962,23.54999999999996,0,coinpaprika
stable_frax,2025-09-28,3460123.0,15.056814984542024,648452450.0,137932914.0,0.005335970278159948,0.02508554992175399,4.701216201377432,0.0004917933004747375,24.619999999999642,0,coinpaprika
stable_frax,2025-09-29,3239813.0,14.991026478713236,648535804.0,136005512.0,0.004995580783694095,0.023821188952988907,4.76845235507808,0.000484730388499057,26.639999999999997,0,coinpaprika
stable_frax,2025-09-30,7221184.0,15.7925296248254,648453044.0,135849357.0,0.01113601681234455,0.053155820236970276,4.773324352208748,0.0004841855339120464,20.59000000000033,0,coinpaprika
stable_frax,2025-10-01,4725918.0,15.368572597352319,648372352.0,136189006.0,0.007288895008280674,0.03470117110627858,4.760827404820033,0.0004836731371901912,24.809999999999555,0,coinpaprika
stable_frax,2025-10-02,2773592.0,14.835654149553976,648637353.0,135935532.0,0.004276028796633301,0.020403730792034565,4.771654205906959,0.00048164562567395357,22.680000000000476,0,coinpaprika
stable_frax,2025-10-03,4719214.0,15.367153030170783,648191706.0,136242008.0,0.007280583747549525,0.03463846481182221,4.757649388138789,0.0004806603648802965,21.761039626122525,0,coinpaprika
stable_frax,2025-10-04,4384369.0,15.293556501858912,647925071.0,136177687.0,0.006766783994379498,0.0321959426436726,4.757938582111473,0.00047790246994675945,23.48116806556444,0,coinpaprika
stable_frax,2025-10-05,2523528.0,14.741168876671853,647945552.0,135829369.0,0.003894660580986595,0.018578662468792004,4.770290525313417,0.00047616708541102834,18.99300378069291,0,coinpaprika
stable_frax,2025-10-06,3455236.0,15.05540160906863,648031161.0,135772916.0,0.0053318979208779125,0.025448639550468225,4.772904494442765,0.0004764435013879101,27.264369266163378,0,coinpaprika
stable_frax,2025-10-07,3328591.0,15.018059949719028,648102490.0,135602546.0,0.005135902193494119,0.024546670384787615,4.779427150283742,0.00047473814312304954,26.79785328221662,0,coinpaprika
stable_frax,2025-10-08,2699778.0,14.80868047577266,648219436.0,135486703.0,0.004164913685186076,0.01992651633127422,4.784376781240296,0.000473100615692371,22.794563851165073,0,coinpaprika
stable_frax,2025-10-09,3086621.0,14.942587847007216,648138570.0,135107441.0,0.004762285632839286,0.022845677315433723,4.797208541608008,0.0004717966422275107,25.98713723381718,0,coinpaprika
stable_frax,2025-10-10,7302303.0,15.803700472760585,648354570.0,135119449.0,0.011262823365307659,0.054043315407539885,4.798380801567656,0.0004722106520292259,26.65883062366481,0,coinpaprika
stable_frax,2025-10-11,57510088.0,17.867470951245686,648126158.0,134814431.0,0.08873286055521308,0.4265870320663223,4.807542880924966,0.0004699816818937842,18.00279813789607,0,coinpaprika
stable_frax,2025-10-12,19023439.0,16.761182460978176,648102717.0,132595853.0,0.02935250617071553,0.14346933610359594,4.887805329779054,0.0004627185551608066,32.57923590371581,0,coinpaprika
stable_frax,2025-10-13,11765214.0,16.28065785451976,648028546.0,132541232.0,0.01815539465448178,0.08876644514666952,4.889260015328664,0.0004623624230501811,25.272520910433194,0,coinpaprika
stable_frax,2025-10-14,9511905.0,16.06805483504993,648029946.0,128679976.0,0.01467818741820922,0.0739190765780062,5.035981246996813,0.00044832179473472487,23.193632641130833,0,coinpaprika
stable_frax,2025-10-15,13465806.0,16.41566421559196,647954734.0,128600367.0,0.020782016541297466,0.10471047878113754,5.038513879202227,0.00044681903366445685,30.010892558994804,0,coinpaprika
stable_frax,2025-10-16,6243166.0,15.646998143646062,647842133.0,128891641.0,0.009636863183148355,0.04843732263444454,5.0262540532011695,0.00044645403012534015,30.068864881166448,0,coinpaprika
stable_frax,2025-10-17,5640424.0,15.545469975245155,647615048.0,129257086.0,0.008709532024339248,0.04363725173256652,5.010286615930673,0.0004478204990327132,30.780633728672015,0,coinpaprika
stable_frax,2025-10-18,4323104.0,15.279484452043214,647865847.0,137140895.0,0.0066728382426987235,0.03152308434329527,4.724089389966428,0.0004747988476343011,34.9950304210811,0,coinpaprika
stable_frax,2025-10-19,5122601.0,15.449173071049216,647851236.0,137380677.0,0.007907063713620823,0.03728763834814994,4.715737687040224,0.00047570102536249675,28.126580050855665,0,coinpaprika
stable_frax,2025-10-20,5861976.0,15.583997476669706,647513424.0,137734248.0,0.00905305709924556,0.04256004650346659,4.70117950620386,0.000476429807416628,31.445783944519246,0,coinpaprika
stable_frax,2025-10-21,4453265.0,15.30914831752988,647247595.0,143916479.0,0.006880311389955802,0.03094339877506314,4.497383478927385,0.0004979357850621053,37.427609045543875,0,coinpaprika
stable_frax,2025-10-22,5705470.0,15.556936097029126,647182620.0,145236740.0,0.008815857879496208,0.0392839304985777,4.456053062055785,0.000500472569746567,39.181226161408844,0,coinpaprika
stable_frax,2025-10-23,6812987.0,15.734341348415636,647228560.0,145229420.0,0.010526400441908806,0.04691189292086961,4.45659398763694,0.0005014710306107193,36.48794447907777,0,coinpaprika
stable_frax,2025-10-24,7011910.0,15.763120832415614,647185746.0,156400287.0,0.010834462970388103,0.04483310187276063,4.138008685367693,0.0005401062526499509,37.37908870401485,0,coinpaprika
stable_frax,2025-10-25,2605083.0,14.772975478331105,647450866.0,197761642.0,0.00402359952979042,0.01317284268907921,3.27389507617458,0.0006819003729674393,38.742974774211845,0,coinpaprika
stable_frax,2025-10-26,1694050.0,14.342633259998331,647417109.0,198319908.0,0.002616628409182186,0.00854200678632828,3.2645089216156755,0.0006842622907105468,33.932347871951094,0,coinpaprika
stable_frax,2025-10-27,5990652.0,15.605710979174967,647083665.0,198435720.0,0.009257924939273502,0.030189383242089682,3.260923310581381,0.0006849730040212761,38.64907628717496,0,coinpaprika
stable_frax,2025-10-28,3582564.0,15.09158958227423,647161482.0,196285091.0,0.005535811539537824,0.018251839616285476,3.2970485873529745,0.0006784338483168289,35.006399490390415,0,coinpaprika
stable_frax,2025-10-29,4103826.0,15.227430510948137,647350055.0,195291651.0,0.006339423266133808,0.021013832281032842,3.3147861246766763,0.0006744426159925786,40.81489823046458,0,coinpaprika
stable_frax,2025-10-30,10592389.0,16.17564637672277,647217895.0,195379352.0,0.016366032339078015,0.05421447502804697,3.3126217708000176,0.0006759104591610917,38.07877668725479,0,coinpaprika
stable_frax,2025-10-31,4479464.0,15.315014177617217,646989019.0,199395413.0,0.00692355491121558,0.022465230932870055,3.24475377475208,0.0006902161324865884,40.016456537769194,0,coinpaprika
stable_frax,2025-11-01,1936965.0,14.476633389318197,646996975.0,200149082.0,0.002993777521139106,0.009677611211826592,3.2325752810597455,0.0006933387525529071,47.364303947999844,0,coinpaprika
stable_frax,2025-11-02,881006.0,13.688820850403209,647093286.0,200115416.0,0.0013614822144824418,0.004402489411410463,3.2336003838904643,0.0006929474012836737,43.48565941735272,0,coinpaprika
stable_frax,2025-11-03,4207836.0,15.25245929690799,646847661.0,199665593.0,0.006505142174426136,0.021074417163101305,3.2396551217514977,0.0006915101540480558,37.8113593551066,0,coinpaprika
stable_frax,2025-11-04,6859136.0,15.741092190039094,646774786.0,198630447.0,0.01060513821576217,0.034532148034686745,3.2561714267299613,0.0006880725596042849,49.146841831808615,0,coinpaprika
stable_frax,2025-11-05,10420080.0,16.159245367771756,646739773.0,188347557.0,0.016111704328411545,0.05532368014733528,3.433757163093971,0.0006543984707810404,49.80355954490312,0,coinpaprika
stable_frax,2025-11-06,3356048.0,15.026274947177782,646781808.0,188376191.0,0.005188841056580862,0.01781566970955475,3.433458360987881,0.0006541394306425874,20.07871035491826,0,coinpaprika
stable_frax,2025-11-07,5847725.0,15.581563425688914,646524889.0,185922154.0,0.009044856740232934,0.03145254545620206,3.4773956469975063,0.0006460280589850864,53.0444248350026,1,coinpaprika
stable_frax,2025-11-08,3918745.0,15.181282262629194,646537380.0,184264359.0,0.00606112673639999,0.021266972198351174,3.5087489708196906,0.0006390991384010562,48.050308790099635,0,coinpaprika
stable_frax,2025-11-09,2290188.0,14.644144904875875,646495925.0,184733254.0,0.0035424631640176233,0.012397269849422996,3.4996185635316097,0.0006417810385972975,49.8735500677816,0,coinpaprika
stable_frax,2025-11-10,3124182.0,14.954683366971244,646367131.0,187922379.0,0.0048334481290324156,0.016624853392261493,3.4395431477588945,0.0006529480309182912,55.120246239710454,1,coinpaprika
stable_frax,2025-11-11,3361632.0,15.027937425778616,646257410.0,190078977.0,0.005201692000715318,0.017685448717456007,3.3999415411416067,0.0006593998963745925,56.68918990723859,1,coinpaprika
stable_frax,2025-11-12,1926149.0,14.47103374992753,646409263.0,189384167.0,0.00297976701487955,0.010170591504621398,3.413217024631209,0.0006568794960545649,62.13418198319221,1,coinpaprika
stable_frax,2025-11-13,4261480.0,15.265127310410556,646208075.0,189632771.0,0.006594594163807068,0.022472276165811024,3.407681444469321,0.0006561708950703016,54.807780046353116,1,coinpaprika
stable_frax,2025-11-14,7138374.0,15.780995717376582,646028071.0,188428941.0,0.011049634405127885,0.03788363911677453,3.4284970640470775,0.000653165278852859,60.11684072681267,1,coinpaprika
stable_frax,2025-11-15,4236617.0,15.259275867413455,646199892.0,185581542.0,0.006556201962348827,0.02282887055653412,3.4820267416465374,0.0006447172166827364,61.99870809437735,1,coinpaprika
stable_frax,2025-11-16,2444759.0,14.709457516563948,646410207.0,185570545.0,0.0037820550689416947,0.013174283666623925,3.4833664308093724,0.0006450424533246408,60.8906962736544,1,coinpaprika
stable_frax,2025-11-17,6661277.0,15.71182191599957,646007542.0,186784286.0,0.01031145391797918,0.035662941153411586,3.458575428556126,0.0006495308823932372,58.338242589984766,1,coinpaprika
stable_frax,2025-11-18,4239551.0,15.25996816124833,645961546.0,186751803.0,0.006563163126741294,0.022701526474686835,3.45893070708399,0.0006496691029765679,63.98789342027867,1,coinpaprika
stable_frax,2025-11-19,3667155.0,15.114926987735723,645821326.0,186739782.0,0.005678281054472332,0.01963778130575305,3.458402484372612,0.0006497946791554238,63.60653921031911,1,coinpaprika
stable_frax,2025-11-20,8594136.0,15.966590784544449,645764972.0,186372011.0,0.013308457988024783,0.04611280392311697,3.464924633989167,0.0006495382552042234,62.18694840322448,1,coinpaprika
stable_frax,2025-11-21,17675367.0,16.68768258989792,645353324.0,185840851.0,0.02738866655314539,0.09511023493967966,3.47261283257899,0.0006477311647772045,68.14273715365916,1,coinpaprika
stable_frax,2025-11-22,8691977.0,15.977911089292208,645215617.0,182569521.0,0.01347142997005294,0.04760913515241134,3.534081775895112,0.0006371050762675811,70.16106817032575,1,coinpaprika
stable_frax,2025-11-23,2163007.0,14.587010403495162,645647944.0,182509149.0,0.0033501337998530045,0.011851499017180777,3.5376196072230877,0.0006365226008541896,71.53272349513907,1,coinpaprika
stable_frax,2025-11-24,4571725.0,15.335401372092214,645648271.0,187018421.0,0.0070808289983014605,0.024445319212699372,3.4523244691494854,0.0006527728888208976,64.71540035519641,1,coinpaprika
stable_frax,2025-11-25,2278466.0,14.639013406368552,645561762.0,187276081.0,0.0035294314721199364,0.012166348141383843,3.4471127255167198,0.0006512949347946482,65.56054838340764,1,coinpaprika
stable_frax,2025-11-26,1262616.0,14.048697109105076,645606504.0,186922970.0,0.0019557052046055593,0.0067547396662914145,3.453863931222578,0.0006487961507576945,70.91083867855397,1,coinpaprika
stable_frax,2025-11-27,1165685.0,13.968820312884702,645735179.0,187654932.0,0.0018052059697370151,0.006211853787035025,3.4410775784992422,0.0006492270728843254,64.4704970547183,1,coinpaprika
stable_frax,2025-11-28,2826078.0,14.854400796542183,645779249.0,190151607.0,0.004376229190356038,0.014862235689651573,3.3961282746350916,0.0006572523586494599,59.944069672202005,1,coinpaprika
stable_frax,2025-11-29,1160412.0,13.964286534200069,645726536.0,190252863.0,0.001797064136760209,0.006099314258414077,3.394043725901775,0.0006564309408737081,62.229837679931286,1,coinpaprika
stable_frax,2025-11-30,439625.0,12.993679644439604,646176309.0,189876933.0,0.000680348372227308,0.002315315468045821,3.403132222490659,0.0006550777053956518,60.819067602072565,1,coinpaprika
stable_frax,2025-12-01,2086968.0,14.551223332091807,645542779.0,189735235.0,0.0032328887687859955,0.010999369726977702,3.4023347271264615,0.000654900520764655,63.40735684799426,1,coinpaprika
stable_frax,2025-12-02,1314783.0,14.089182951546954,645672443.0,188561700.0,0.0020363003164438906,0.006972693818522001,3.4241971885064677,0.0006489173293910406,71.40121515777476,1,coinpaprika
stable_frax,2025-12-03,2686333.0,14.803687996808256,645647082.0,191409054.0,0.004160683250791801,0.01403451374875924,3.3731271771501468,0.0006577032793043374,61.18998353089155,1,coinpaprika
stable_frax,2025-12-04,3421711.0,15.045651568583338,645672376.0,218711709.0,0.005299453913760127,0.01564484597393,2.95216190734443,0.0007495990988845489,65.17017526050827,1,coinpaprika
stable_frax,2025-12-05,1163944.0,13.967325655298056,645712529.0,220717037.0,0.0018025730456284828,0.005273466950355989,2.9255219160993,0.0007557299388554356,61.853669584081004,1,coinpaprika
stable_frax,2025-12-06,1114822.0,13.924206205880512,646032778.0,220609798.0,0.0017256430911312057,0.0050533657621136124,2.928395673523077,0.00075468158089209,61.435459378660354,1,coinpaprika
stable_frax,2025-12-07,2600052.0,14.771042387399332,645884571.0,220609798.0,0.0040255675963499675,0.011785750331905022,2.9277238674594135,0.0007549662318662743,64.25533169397201,1,coinpaprika
stable_frax,2025-12-08,4849629.0,15.394412971343744,645778117.0,220991419.0,0.007509745022840407,0.021944874701220866,2.9221863904136476,0.000756250080795241,62.03161587196582,1,coinpaprika
stable_frax,2025-12-09,2260266.0,14.63099350586322,645552373.0,222992699.0,0.003501289894569096,0.01013605382658739,2.8949484709362614,0.0007620424386414743,66.25901915769728,1,coinpaprika
stable_frax,2025-12-10,3343362.0,15.022487744610501,645388138.0,217819615.0,0.0051803896030081665,0.015349223714310578,2.962947749219004,0.0007430929770593685,63.27379084224316,1,coinpaprika
stable_frax,2025-12-11,4611865.0,15.344143105308923,645415189.0,217188392.0,0.007145578657895515,0.021234399120188707,2.9716836293902853,0.0007413411485344207,66.448080928041,1,coinpaprika
stable_frax,2025-12-12,1890997.0,14.452615289998576,645366508.0,217946810.0,0.0029301133178730124,0.008676415130829397,2.9611193116338796,0.0007417852966941464,62.5677688345716,1,coinpaprika
stable_frax,2025-12-13,1647520.0,14.314782291863299,645716072.0,216969453.0,0.0025514619682565375,0.007593326974004954,2.97606904138713,0.000738583711474789,68.82610959605739,1,coinpaprika
stable_frax,2025-12-14,1000108.0,13.815619552024206,645421482.0,216934272.0,0.0015495424740139033,0.00461018902536525,2.9751937121304652,0.0007385770391132444,61.37140095831661,1,coinpaprika
stable_frax,2025-12-15,3094873.0,14.945257752448216,645098292.0,216750028.0,0.004797521615512198,0.014278535641065753,2.9762316432088305,0.0007381554619830949,69.01366439872159,1,coinpaprika
stable_frax,2025-12-16,1805152.0,14.406155910699743,644982597.0,216955419.0,0.002798760785789078,0.00832038217031122,2.9728807880111074,0.000739179419757736,67.79144634330825,1,coinpaprika
stable_frax,2025-12-17,3095564.0,14.945480999944191,644728618.0,218774929.0,0.004801344183546076,0.014149537216853582,2.9469949822266885,0.0007455701257927125,74.10681412218345,1,coinpaprika
stable_frax,2025-12-18,3482311.0,15.06320699897215,644517645.0,207277737.0,0.005402972326692468,0.01680021718878569,3.1094397996056857,0.0007061885106807603,77.61078412847012,1,coinpaprika
stable_frax,2025-12-19,4371969.0,15.2907242664069,644460328.0,207771286.0,0.0067839226249470546,0.02104221947204004,3.1017776344706265,0.0007094831571513961,83.21733296723366,1,coinpaprika
stable_frax,2025-12-20,1169875.0,13.972408318251372,644653273.0,215150130.0,0.0018147352212388441,0.005437482189762098,2.9962950661475314,0.0007347586208133373,80.50167511354012,1,coinpaprika
stable_frax,2025-12-21,734606.0,13.507090941317674,644542823.0,214824050.0,0.001139731874727585,0.0034195705741512645,3.000328980856659,0.0007326969859808575,80.41818424069702,1,coinpaprika
stable_frax,2025-12-22,2909038.0,14.883333344056428,644397498.0,215105555.0,0.004514353344059694,0.013523769760385778,2.9957269025432653,0.0007337625223446084,81.00724978368223,1,coinpaprika
stable_frax,2025-12-23,1634927.0,14.3071093246466,644340592.0,222925720.0,0.002537364586833294,0.007333954108121755,2.890382464616465,0.0007601937999233543,79.76519417121852,1,coinpaprika
stable_frax,2025-12-24,1009109.0,13.82457931222415,644406145.0,229072211.0,0.0015659518578923545,0.0044052004195305906,2.8131135688038564,0.0007818611067438931,82.33341251518867,1,coinpaprika
stable_frax,2025-12-25,620629.0,13.338490370143885,644616805.0,230773057.0,0.00096278749667409,0.0026893477430513044,2.7932931746014007,0.0007889054850227753,83.81739393685139,1,coinpaprika
stable_frax,2025-12-26,1656468.0,14.320198786390621,644557314.0,230739801.0,0.002569931275343499,0.007178943523488607,2.7934379383468393,0.0007886566226586507,85.30269460920059,1,coinpaprika
stable_frax,2025-12-27,536889.0,13.193548510794852,644642200.0,230245772.0,0.0008328480512135259,0.0023318082904905633,2.799800380264963,0.0007872843202888717,86.27381228713205,1,coinpaprika
stable_frax,2025-12-28,169026.0,12.03781374445802,644614005.0,215288177.0,0.0002622127330292801,0.0007851151064370804,2.9941913856235587,0.0007364153099154177,80.44895478428683,1,coinpaprika
stable_frax,2025-12-29,1175779.0,13.977442315110098,644306713.0,215339077.0,0.0018248746695892334,0.005460128353759035,2.9920566298331446,0.0007366997945864466,72.75830406906269,1,coinpaprika
stable_frax,2025-12-30,1276402.0,14.059556523743852,644340572.0,212809745.0,0.0019809430842421018,0.005997855032437542,3.0277775672349967,0.000728043199485597,83.80009601551053,1,coinpaprika
stable_frax,2025-12-31,1194514.0,13.993250803224619,644338748.0,212315390.0,0.0018538602617143862,0.005626130069986919,3.0348188513324446,0.0007267857671735055,77.52959757654443,1,coinpaprika
stable_frax,2026-01-01,748213.0,13.52544431229557,644537411.0,210060572.0,0.001160852709603229,0.0035618916623725086,3.068340740307991,0.0007212203371107017,84.41256654259655,1,coinpaprika
stable_frax,2026-01-02,698272.0,13.456365422756516,644598083.0,211778260.0,0.0010832672612834935,0.003297184517428748,3.043740575637934,0.0007279089194734807,82.557867219204,1,coinpaprika
stable_frax,2026-01-03,1237518.0,14.028619126842472,644936791.0,214448274.0,0.0019188205995833783,0.005770706272972848,3.007423557067193,0.0007351408701373841,71.61287685135353,1,coinpaprika
stable_frax,2026-01-04,655365.0,13.392949137184699,645114720.0,214480147.0,0.0010158890809374183,0.0030555974954642306,3.007806219006368,0.000735236443119166,68.59982571054802,1,coinpaprika
stable_frax,2026-01-05,905986.0,13.7167802361363,644911346.0,214798386.0,0.0014048225475009708,0.004217843610798826,3.002403127926669,0.000735993025610033,70.18318705349746,1,coinpaprika
stable_frax,2026-01-06,1234746.0,14.026376648758292,645004722.0,218384179.0,0.0019143208691114048,0.005654008480165589,2.953532279460592,0.0007468557794075427,72.33784861526482,1,coinpaprika
stable_frax,2026-01-07,1677936.0,14.333075620608403,644906758.0,218759825.0,0.002601827286170259,0.007670220068972902,2.948012771540661,0.0007489419196726016,69.02992339461123,1,coinpaprika
stable_frax,2026-01-08,7241866.0,15.795389604046568,645174634.0,215057542.0,0.011224660143721645,0.033674085236220175,3.0000093370359453,0.0007370976861500746,63.04169481601285,1,coinpaprika
stable_frax,2026-01-09,4239962.0,15.260065100754971,644952876.0,212829399.0,0.00657406480035605,0.019921881187100473,3.030374934244869,0.0007311141505206835,69.76170117340752,1,coinpaprika
stable_frax,2026-01-10,1346693.0,14.113163258092944,645083919.0,213530835.0,0.0020876245095174974,0.006306784685218882,3.0210340300500396,0.0007328195537401176,74.00717350924957,1,coinpaprika
stable_frax,2026-01-11,1011413.0,13.82685990973115,645159194.0,213447279.0,0.0015676952439121561,0.004738467525744378,3.022569306212613,0.0007322058393112528,74.45125513057094,1,coinpaprika
stable_frax,2026-01-12,2787906.0,14.840801693060849,644726668.0,213666642.0,0.004324167338460397,0.013047923503192418,3.017441852247577,0.0007331446183043377,74.10371011042582,1,coinpaprika
stable_frax,2026-01-13,2361180.0,14.67467247556041,644585887.0,213782860.0,0.0036630960243161513,0.011044758218689749,3.0151429679629134,0.0007352455398848237,71.3715335061682,1,coinpaprika
stable_frax,2026-01-14,5289209.0,15.481179454308105,644605173.0,218284301.0,0.008205346810023195,0.024230826384532344,2.953053288976563,0.000748675738847367,64.8490126290191,1,coinpaprika
stable_frax,2026-01-15,6050674.0,15.615680394031461,645262195.0,219017786.0,0.009377078103886126,0.027626404734088582,2.9461634453742493,0.0007488790700524956,60.79979262004542,1,coinpaprika
stable_frax,2026-01-16,3540917.0,15.079896573525708,645233069.0,210250461.0,0.005487810792909004,0.0168414232394953,3.068878260390592,0.0007167018829073359,89.3423721055897,1,coinpaprika
stable_frax,2026-01-17,2449988.0,14.711594092714913,645488864.0,210196203.0,0.0037955542483224,0.011655719585001258,3.070887365172814,0.0007152185280207587,56.158535559228675,1,coinpaprika
stable_frax,2026-01-18,2498856.0,14.731343985290641,645605505.0,210193784.0,0.003870561791445691,0.011888343948363383,3.0714776275210878,0.0007150431151693406,43.89655092914779,0,coinpaprika
stable_frax,2026-01-19,6739547.0,15.723503418325173,645511348.0,210136485.0,0.01044063287327367,0.03207223628966669,3.071867067729814,0.0007146979062095572,60.297276699436964,1,coinpaprika
stable_frax,2026-01-20,4577595.0,15.336684527457258,645381385.0,208982926.0,0.007092852546405564,0.021904157854503385,3.088201497379743,0.0007108756484588617,64.45671801736053,1,coinpaprika
stable_frax,2026-01-21,5892967.0,15.589270333633918,645479712.0,204198667.0,0.009129592906554436,0.02885898858487651,3.1610378338072107,0.0006995673067200095,72.23154740097159,1,coinpaprika
stable_frax,2026-01-22,4941189.0,15.41311675084286,645507087.0,205833286.0,0.007654740125262172,0.0240057820385766,3.1360675406017666,0.0007067477514450942,66.97880523969025,1,coinpaprika
stable_frax,2026-01-23,2923601.0,14.88832697567625,645241945.0,204969614.0,0.004531015106279243,0.014263582503502202,3.1479882915718425,0.0007052296427328261,65.68188239042927,1,coinpaprika
stable_frax,2026-01-24,2454109.0,14.71327472802427,645215907.0,211575846.0,0.003803546957499298,0.011599192660205645,3.0495726199294033,0.0007270564456631751,72.25786382169419,1,coinpaprika
stable_frax,2026-01-25,1507379.0,14.225883602425021,644917424.0,210959375.0,0.0023373209404867934,0.007145352037566475,3.0570692769638703,0.000724885454722129,93.83277270997414,1,coinpaprika
stable_frax,2026-01-26,2518721.0,14.73926218799003,645156649.0,210900307.0,0.0039040456358995067,0.011942709026023372,3.0590597907474835,0.0007246650984249507,68.8229847667321,1,coinpaprika
stable_frax,2026-01-27,1858645.0,14.435358823610791,645216369.0,211068545.0,0.0028806538229658586,0.008805883415740607,3.056904424105449,0.0007269449698170283,74.92584479548813,1,coinpaprika
stable_frax,2026-01-28,2420079.0,14.69931115543771,645077684.0,208741888.0,0.0037516086202107712,0.011593643341963066,3.090312587380641,0.0007203829319511555,74.07397000994465,1,coinpaprika
stable_frax,2026-01-29,2638574.0,14.785749556665484,644556037.0,208326312.0,0.004093630108998576,0.012665582060512836,3.0939732519241256,0.0007196989923892605,80.80444666650143,1,coinpaprika
stable_frax,2026-01-30,7147251.0,15.782238505129975,644783387.0,204217210.0,0.011084731933392695,0.03499827952795947,3.1573410830556345,0.0007089698504830481,152.9971255630813,1,coinpaprika
stable_frax,2026-01-31,20467247.0,16.834336507954674,644560369.0,203412221.0,0.0317538092386192,0.10061955422039269,3.168739645195654,0.0007077706505605206,92.15854412976343,1,coinpaprika
stable_frax,2026-02-01,51185489.0,17.75096665140731,644695024.0,197579074.0,0.07939488765156034,0.25906331052042486,3.2629721910732306,0.0006879927140572969,28.376757534925858,0,coinpaprika
stable_frax,2026-02-02,31460012.0,17.26422786881746,644602027.0,197394222.0,0.04880532589451507,0.1593765596644465,3.2655567142183117,0.0006869352598530336,62.90526447695122,1,coinpaprika
stable_frax,2026-02-03,8260728.0,15.927023398261367,644415202.0,198713921.0,0.012818952709933122,0.0415709576784004,3.2429293265266503,0.0006908650378022602,34.02597413738384,0,coinpaprika
stable_frax,2026-02-04,12364013.0,16.33030071455314,644339794.0,198322745.0,0.01918865343275694,0.062342889616619615,3.248945520595734,0.0006888211882684073,94.1793597186924,1,coinpaprika
stable_frax,2026-02-05,27686395.0,17.136451731385492,643967127.0,197026539.0,0.04299349118794382,0.14052114573255534,3.268428356242912,0.0006833653468787896,148.52301549366342,1,coinpaprika
stable_frax,2026-02-06,56923697.0,17.857222297452243,644701368.0,192734018.0,0.08829467382175618,0.2953484682709204,3.345031534599149,0.0006702430658491998,128.92530925759814,1,coinpaprika
stable_frax,2026-02-07,12478677.0,16.33953198580745,644789928.0,192717802.0,0.019353089212646633,0.06475103426096568,3.3457725301370966,0.0006685567469078901,34.43944800534005,0,coinpaprika
stable_frax,2026-02-08,11133863.0,16.225501832813553,644838670.0,191625080.0,0.017266121772752864,0.05810232668917868,3.365105809740562,0.000664218845401922,86.61650306604373,1,coinpaprika
stable_frax,2026-02-09,7134965.0,15.780518043639955,585042530.0,193013021.0,0.012195634734452553,0.036966236593954975,3.0311039481631656,0.000666234593227815,95.04149374311433,1,coinpaprika
stable_frax,2026-02-10,6174954.0,15.636012153002369,274041372.0,192338253.0,0.022532926159777072,0.03210465886887306,1.4247887132467612,0.0006639199275610075,79.59060623106362,1,coinpaprika
stable_frax,2026-02-11,4852889.0,15.395084961738544,273998727.0,193067625.0,0.017711356009329198,0.02513569532955098,1.419185256979258,0.0006662258964056453,79.71068310245744,1,coinpaprika
stable_frax,2026-02-12,3182192.0,14.973081139717442,273950731.0,192356225.0,0.011615928121031368,0.016543223386713896,1.4241843797880729,0.000664206496948072,80.75533733354234,1,coinpaprika
stable_frax,2026-02-13,1749066.0,14.374593060871367,274043917.0,197677877.0,0.006382429572410469,0.008848061434815997,1.3863155612501847,0.0006831033458743258,64.98673178366721,1,coinpaprika
stable_frax,2026-02-14,3082602.0,14.941284927898721,273909319.0,199637662.0,0.011254096834872567,0.015440984276804444,1.3720322921834258,0.000689350099454731,71.7845106806092,1,coinpaprika
stable_frax,2026-02-15,1213223.0,14.008791836994563,273751858.0,200980095.0,0.0044318347603690056,0.006036533120357019,1.3620844293062953,0.000693822526189172,76.97495902951879,1,coinpaprika
stable_frax,2026-02-16,2269713.0,14.635164390330601,273910238.0,200948247.0,0.008286338680045979,0.011295012690506328,1.3630884672509733,0.0006934331427202939,87.66294845857558,1,coinpaprika
stable_frax,2026-02-17,5997570.0,15.606865111891858,273809826.0,199299724.0,0.021904144521095455,0.030093217790908733,1.3738595342961941,0.0006875843783892627,84.42010755260742,1,coinpaprika
stable_frax,2026-02-18,2475114.0,14.721797417551944,273748984.0,199254720.0,0.009041545885700894,0.01242185881468705,1.3738644886304325,0.0006879678847248997,87.3006619721739,1,coinpaprika
stable_frax,2026-02-19,3517258.0,15.073192551053443,273835285.0,199236628.0,0.012844429453275168,0.01765367159295629,1.374422402892705,0.0006876649723256926,90.08051411441342,1,coinpaprika
stable_frax,2026-02-20,2629598.0,14.782341921046099,273939528.0,199290058.0,0.0095991915412806,0.013194827812233363,1.3745769896860585,0.0006875100735524338,78.86880804854668,1,coinpaprika
stable_frax,2026-02-21,1567030.0,14.264693304167364,274024533.0,200123774.0,0.005718575570020221,0.007830304059726557,1.369275261618842,0.0006912439545653003,81.56688056272455,1,coinpaprika
stable_frax,2026-02-22,628542.0,13.351159721537664,273925229.0,200943349.0,0.002294575064496889,0.003127956228100886,1.3631962956882937,0.0006942199553486504,74.47495407331361,1,coinpaprika
stable_frax,2026-02-23,2332599.0,14.662494083239087,273859582.0,200864472.0,0.008517500037665288,0.011612800296510375,1.3634047836991303,0.0006916151610297863,63.395038786323575,1,coinpaprika
stable_frax,2026-02-24,2070611.0,14.543354773718974,273833739.0,199919028.0,0.007561562748117024,0.010357248235520634,1.3697232411514126,0.0006883110271688002,87.42182825222433,1,coinpaprika
stable_frax,2026-02-25,2065214.0,14.540744895180312,273969895.0,198739861.0,0.0075381056009821805,0.010391543949001755,1.3785352048726651,0.0006838900708074671,83.06554602921845,1,coinpaprika
stable_frax,2026-02-26,3004992.0,14.915785796497817,273862698.0,200556778.0,0.010972622492749998,0.01498324828493206,1.365512054646191,0.0006886802235728838,54.85360657778604,1,coinpaprika
stable_frax,2026-02-27,2006952.0,14.512128209467397,273878942.0,200614947.0,0.007327879921487356,0.010004000349983892,1.3651970907232551,0.0006893987267792517,93.16051694704952,1,coinpaprika
stable_frax,2026-02-28,2684779.0,14.80310934588282,273922140.0,199966335.0,0.009801248632184314,0.013426154957533227,1.369841278533209,0.0006869849262965932,102.3869373177555,1,coinpaprika
stable_frax,2026-03-01,4919943.0,15.408807706289894,273877813.0,200170347.0,0.017964007183013397,0.02457878039248241,1.3682237009860407,0.0006872411965035588,6.17833409524593,0,coinpaprika
stable_frax,2026-03-02,5388898.0,15.499851654858391,273806332.0,200271132.0,0.019681422122845574,0.02690801188460851,1.3671782311591467,0.0006880251236090205,81.18112683821677,1,coinpaprika
stable_frax,2026-03-03,3131200.0,14.956927194990275,273831829.0,200322998.0,0.011434755453501352,0.01563075648458496,1.3669515319454235,0.0006863510069988507,71.52312997487198,1,coinpaprika
stable_frax,2026-03-04,3939864.0,15.186657016727702,273875900.0,200181231.0,0.014385581206670613,0.019681485523485465,1.3681397533218287,0.000685886500747326,76.65454557964301,1,coinpaprika
stable_frax,2026-03-05,5029482.0,15.430827753493158,273800188.0,203826399.0,0.018369169271717226,0.02467532186544688,1.3433009136368053,0.0006963604782860262,73.32585525413826,1,coinpaprika
stable_frax,2026-03-06,1868194.0,14.440483282044324,273727895.0,203385261.0,0.006825004079324835,0.009185493534853541,1.3458590541622384,0.0006921090898357145,121.51225349836147,1,coinpaprika
stable_frax,2026-03-07,1079485.0,13.891995559885787,273718663.0,203039141.0,0.003943775656978129,0.005316634983202574,1.3481078655666692,0.0006907093660118264,112.65181719861128,1,coinpaprika
stable_frax,2026-03-08,1261849.0,14.04808945606497,273757137.0,202778041.0,0.0046093738918667896,0.006222808908583943,1.3500334437100119,0.0006896669933983516,113.18162092601392,1,coinpaprika
stable_frax,2026-03-09,3079137.0,14.940160245648933,273766106.0,200802874.0,0.011247327307931976,0.015334128136034547,1.3633575085185285,0.0006829074225892206,100.11161413069014,1,coinpaprika
stable_frax,2026-03-10,1393197.0,14.147112381928881,273787611.0,201682491.0,0.005088604977089339,0.006907872830666297,1.3575179959474022,0.0006830638753380721,77.31583890050797,1,coinpaprika
stable_frax,2026-03-11,775993.0,13.561900067176701,273694138.0,204178653.0,0.002835256193905037,0.0038005589154317715,1.340464020007028,0.0006908780408090541,73.4964504647928,1,coinpaprika
stable_frax,2026-03-12,2400960.0,14.691379631839482,273750396.0,204326173.0,0.008770617449627361,0.011750623842007748,1.33977156220706,0.0006909023744184072,79.49170085952306,1,coinpaprika
stable_frax,2026-03-13,5606582.0,15.539452001018564,273895462.0,206309219.0,0.020469787849205036,0.02717562514741525,1.3275968147598871,0.0006969855441908364,76.16703937174508,1,coinpaprika
stable_frax,2026-03-14,1003064.0,13.818570870427532,273916197.0,209704605.0,0.0036619375231761123,0.0047832235253012206,1.3062002000385255,0.0007074035715863731,72.31042692441237,1,coinpaprika
stable_frax,2026-03-15,411291.0,12.927058703506619,273867028.0,209854494.0,0.0015017908618046565,0.0019598865488198694,1.30503294344509,0.0007079469793877508,69.06532203516447,1,coinpaprika
stable_frax,2026-03-16,1441739.0,14.181361275438345,273943390.0,210739239.0,0.00526290851551483,0.006841341018603565,1.2999163862407228,0.0007110153036059031,60.512269121066886,1,coinpaprika
stable_frax,2026-03-17,1088207.0,13.90004286459672,273875344.0,213595244.0,0.00397336607270496,0.005094715498440592,1.2822164898016175,0.0007205658305051832,66.40708425010078,1,coinpaprika
stable_frax,2026-03-18,4303233.0,15.274877391006815,273856629.0,213386273.0,0.01571345201945066,0.02016640030073537,1.2833844705652646,0.0007191102119209347,67.43087503652822,1,coinpaprika
stable_frax,2026-03-19,3631435.0,15.105138720301536,273633706.0,214845717.0,0.013271153810269266,0.01690252452181767,1.2736288617752618,0.0007256360117750402,73.49069467283087,1,coinpaprika
stable_frax,2026-03-20,2167255.0,14.588972409212463,273680309.0,213611028.0,0.007918929235058705,0.010145801086636782,1.28120870707106,0.0007200841451904886,78.46613720311035,1,coinpaprika
stable_frax,2026-03-21,1148249.0,13.95374960218804,273740030.0,213519254.0,0.004194669665229451,0.005377730478582508,1.2820390895520832,0.0007200895338917458,74.83392660608934,1,coinpaprika
stable_frax,2026-03-22,2460490.0,14.71587148148835,273769779.0,214197963.0,0.008987441963051736,0.011486990658263169,1.2781156980470445,0.0007217912657046909,105.20434503257792,1,coinpaprika
stable_frax,2026-03-23,4155457.0,15.239933208837147,273557455.0,212267254.0,0.01519043595430437,0.01957653345814706,1.288740725877577,0.0007156612847544678,98.02875834705182,1,coinpaprika
stable_frax,2026-03-24,4139443.0,15.2360720372656,273408175.0,211874892.0,0.015140158117071664,0.019537204059082186,1.2904227226697536,0.0007154536477158145,88.09335572174336,1,coinpaprika
stable_frax,2026-03-25,1920519.0,14.468106540668572,273330894.0,211253074.0,0.007026351730295076,0.009091081912493259,1.293855226930331,0.000713454411275692,89.26676113007015,1,coinpaprika
stable_frax,2026-03-26,4225806.0,15.256720806451263,273517725.0,212049519.0,0.015449843332822398,0.019928392292179638,1.2898766584799468,0.000716214025964245,75.93140857516167,1,coinpaprika
stable_frax,2026-03-27,5857403.0,15.583217059985225,273543025.0,211157573.0,0.02141309580092565,0.027739488178337796,1.2954450134734217,0.0007151668682391762,85.19443581212039,1,coinpaprika
stable_frax,2026-03-28,4883006.0,15.401271776587722,273904918.0,199399174.0,0.017827376140796422,0.02448859692869139,1.3736512168300155,0.0006764265596496844,103.46390233468728,1,coinpaprika
stable_frax,2026-03-29,2221512.0,14.613699053242845,273762583.0,199119263.0,0.008114739332365227,0.011156690550828324,1.3748673979372854,0.0006756304341624754,29.165949958264157,0,coinpaprika
stable_frax,2026-03-30,4265840.0,15.266149905870172,273792229.0,198895333.0,0.01558057369115469,0.021447662625648435,1.376564371171042,0.0006741781962267108,206.8402535383773,1,coinpaprika
stable_frax,2026-03-31,2538978.0,14.747272589679786,273666462.0,198880276.0,0.009277636658305614,0.012766364020934886,1.3760362138676838,0.0006740548403545653,78.4825564051339,1,coinpaprika
stable_frax,2026-04-01,2063407.0,14.539869542736952,273546073.0,198819821.0,0.007543179024178497,0.010378276117651268,1.375849106111005,0.0006733106635755306,77.64554260755618,1,coinpaprika
stable_frax,2026-04-02,1943040.0,14.47976482952655,273421617.0,199992848.0,0.007106387641617963,0.009715547427976024,1.3671569745334093,0.0006772504985772821,89.63598435887232,1,coinpaprika
stable_frax,2026-04-03,1706463.0,14.349933951296242,273463595.0,198625449.0,0.006240183451109827,0.008591361321479002,1.3767802483356502,0.0006723323748288664,91.94781971621823,1,coinpaprika
stable_frax,2026-04-04,3261206.0,14.997607930217749,274179160.0,185409451.0,0.011894434281584348,0.01758921124252722,1.4787766131727558,0.0006267894300735719,66.72984192901521,1,coinpaprika
stable_frax,2026-04-05,765562.0,13.548366789844367,274259640.0,185489997.0,0.0027913768135916753,0.004127241427471693,1.4785683564381102,0.0006271450900981378,65.38950255230658,1,coinpaprika
stable_frax,2026-04-06,869485.0,13.675657511439258,274266221.0,185707103.0,0.0031702227012490904,0.004682023390349264,1.4768752329306434,0.0006277768010450503,57.551014209854536,1,coinpaprika
stable_frax,2026-04-07,1057652.0,13.87156286028837,274314233.0,188228994.0,0.003855622030374195,0.005618964313223711,1.4573431391765288,0.0006368166429720518,63.392336360790225,1,coinpaprika
stable_frax,2026-04-08,1941212.0,14.478823593379296,274419844.0,197887689.0,0.0070738761880500154,0.009809665319806732,1.3867454078964963,0.0006679883015925768,61.112114343297996,1,coinpaprika
stable_frax,2026-04-09,779069.0,13.56585617960915,274283263.0,200188461.0,0.0028403811135935043,0.003891677852501199,1.3701252391365355,0.0006758478294458119,64.17733894727884,1,coinpaprika
stable_frax,2026-04-10,764367.0,13.546804627572973,274281425.0,199839881.0,0.0027867982675093654,0.0038248971935686852,1.3725059463981566,0.0006741586445090218,63.23505773223492,1,coinpaprika
stable_frax,2026-04-11,614938.0,13.32927835487743,274244973.0,199525576.0,0.002242294519651961,0.003082000875917782,1.374485309091402,0.0006717643511428856,63.570967833631585,1,coinpaprika
stable_frax,2026-04-12,1338431.0,14.10700933751418,274241312.0,199278453.0,0.0048804864235772035,0.006716385940631524,1.3761714218044436,0.0006707497636183734,64.13172178278859,1,coinpaprika
stable_frax,2026-04-13,1113621.0,13.923128324114277,274326723.0,198963647.0,0.0040594696273902565,0.005597107897806075,1.3787781192008408,0.0006695629527589767,65.892345497508,1,coinpaprika
stable_frax,2026-04-14,1864623.0,14.438569982155222,274397056.0,200644659.0,0.006795346229953721,0.009293160402540294,1.367577175328649,0.0006749997063183632,58.376872502358125,1,coinpaprika
stable_frax,2026-04-15,491346.0,13.10490587814458,274405293.0,200264945.0,0.001790584994291637,0.0024534798139534604,1.3702113118199493,0.0006713692976936138,59.832195258372465,1,coinpaprika
stable_frax,2026-04-16,764284.0,13.546696035237,274457404.0,200544198.0,0.002784708988940229,0.003811050170596309,1.3685631732911065,0.0006728276326527371,49.38731436431976,0,coinpaprika
stable_frax,2026-04-17,1000394.0,13.815905479972312,274364158.0,197273684.0,0.0036462269973325015,0.005071097065333863,1.3907793094186855,0.0006604735852867061,68.42898175947742,1,coinpaprika
stable_frax,2026-04-18,701016.0,13.460287416792575,274380282.0,200115432.0,0.002554906624084598,0.0035030581749437495,1.3711100601177024,0.0006683832931536751,54.18187654474771,1,coinpaprika
stable_frax,2026-04-19,1220299.0,14.014607288119931,274423694.0,200513276.0,0.0044467698186440125,0.006085876328707531,1.36860610665999,0.0006698097821099882,65.9122107309218,1,coinpaprika
stable_frax,2026-04-20,1221153.0,14.015306871265738,274399298.0,200417625.0,0.004450277420170368,0.006093041966743195,1.3691375596332906,0.0006709893763358197,64.02562944672229,1,coinpaprika
stable_frax,2026-04-21,808873.0,13.603398436073839,274090071.0,195285894.0,0.0029511211298128342,0.004141993993688044,1.4035323565152125,0.0006535615335106946,66.48959822623146,1,coinpaprika
stable_frax,2026-04-22,1016037.0,13.831421307995946,274157509.0,195123333.0,0.003706033818683405,0.005207152749896907,1.4050472836070302,0.0006518158469226358,63.38846158032485,1,coinpaprika
stable_frax,2026-04-23,928417.0,13.741237341389214,274177709.0,194851862.0,0.0033861870222279813,0.004764732502273958,1.4071084883961744,0.0006517759463382205,66.90009467177349,1,coinpaprika
stable_frax,2026-04-24,994642.0,13.810139157788925,274239104.0,191969351.0,0.003626915292138644,0.005181254168015602,1.4285567074714962,0.0006413613174797073,66.6296042623693,1,coinpaprika
stable_frax,2026-04-25,245707.0,12.411899118011764,274396213.0,191171739.0,0.0008954460315383434,0.0012852684255804149,1.4353387924142909,0.0006391857235243542,67.61387756438975,1,coinpaprika
stable_frax,2026-04-26,743071.0,13.518548223446418,274345875.0,190943015.0,0.002708518945291231,0.003891585141252745,1.4367945064657117,0.0006382266714237352,66.95518424351899,1,coinpaprika
stable_frax,2026-04-27,764247.0,13.54664762280494,273965816.0,190821702.0,0.0027895706521283664,0.0040050318804933415,1.4357162373491459,0.000637692160682021,79.11139755044539,1,coinpaprika
stable_frax,2026-04-28,356078.0,12.78290789532812,274131347.0,189714233.0,0.0012989320772571113,0.0018769176901977619,1.4449698510496047,0.0006344222674231938,71.60417432207299,1,coinpaprika
stable_frax,2026-04-29,280932.0,12.545871485722238,273952278.0,189893190.0,0.0010254778753838287,0.0014794211419588033,1.442665100312444,0.0006350353069830456,108.84097379026846,1,coinpaprika
stable_frax,2026-04-30,860245.0,13.664973673837816,274104480.0,191516554.0,0.003138383582785659,0.004491752707705883,1.431231265783949,0.0006424247010939046,74.44240859760143,1,coinpaprika
stable_frax,2026-05-01,480135.0,13.081824676086098,274184565.0,193345890.0,0.0017511379606652913,0.002483295610783348,1.4181039224573122,0.0006474990280558882,69.25458487198166,1,coinpaprika
stable_frax,2026-05-02,402890.0,12.906421332880797,274251239.0,194177945.0,0.0014690544388023712,0.0020748494377154933,1.4123706943134042,0.0006497131670347895,70.14221966939571,1,coinpaprika
stable_frax,2026-05-03,353657.0,12.776085623443965,274134261.0,193959796.0,0.0012900868308467288,0.0018233520930285986,1.4133561008694813,0.000648264301596779,69.409227113848,1,coinpaprika
stable_frax,2026-05-04,596322.0,13.298537745556347,274030301.0,194824061.0,0.0021761170126948846,0.0030608231700908852,1.40655265881148,0.0006510172340473198,69.49724242320544,1,coinpaprika
stable_frax,2026-05-05,666148.0,13.40926864822383,274186190.0,195383618.0,0.002429546141620043,0.003409436301870508,1.4033223092429377,0.0006518773534476554,69.2872728474414,1,coinpaprika
stable_frax,2026-05-06,595894.0,13.297819756030293,274185473.0,194905382.0,0.002173324478062337,0.003057350155677076,1.4067619384671481,0.0006493826108830229,60.79213224016166,1,coinpaprika
stable_frax,2026-05-07,749017.0,13.526518294253314,274107764.0,194864704.0,0.0027325639707162764,0.003843779733450343,1.4066568155924226,0.0006487818579101721,110.7910506848564,1,coinpaprika
stable_frax,2026-05-08,870917.0,13.677303106741444,274201697.0,194755050.0,0.0031761911378688514,0.004471858367729104,1.4079311268180208,0.000647866439804221,71.76236503389721,1,coinpaprika
stable_frax,2026-05-09,1657588.0,14.320874694924896,274198567.0,195942018.0,0.0060452102946256464,0.00845958420209799,1.399386256193401,0.0006545151519515778,67.5414573151678,1,coinpaprika
stable_frax,2026-05-10,361587.0,12.798260721108788,274301974.0,195529099.0,0.001318207793867353,0.0018492746187103333,1.4028703420762962,0.00065154787939556,57.80654870406021,1,coinpaprika
stable_frax,2026-05-11,690093.0,13.44458309917878,274057463.0,195484895.0,0.0025180595063743986,0.0035301602203075587,1.4019367736826929,0.000651049224300217,45.009964473299306,0,coinpaprika
stable_frax,2026-05-12,934304.0,13.747558216366855,273938165.0,195399271.0,0.0034106383095615757,0.004781512209428867,1.4019405681406047,0.0006497979372796231,62.41426670846928,1,coinpaprika
stable_frax,2026-05-13,597381.0,13.300312053744427,274101285.0,198300383.0,0.0021794169990848457,0.003012505528040256,1.38225292787256,0.0006602898251559911,65.98385856227739,1,coinpaprika
stable_frax,2026-05-14,458875.0,13.036535300039475,274171119.0,198257936.0,0.001673681026921001,0.002314535343493135,1.382901106163034,0.0006609822228648651,59.28973711482821,1,coinpaprika
stable_frax,2026-05-15,654806.0,13.392095814709087,273924813.0,198225296.0,0.0023904588738370334,0.0033033422737328137,1.3818862603691104,0.0006607069180217766,62.918508137328466,1,coinpaprika
stable_frax,2026-05-16,891797.0,13.700994928517694,273979976.0,197157560.0,0.0032549714509063246,0.004523270626802239,1.3896498617653819,0.0006569470333338302,65.84882510691781,1,coinpaprika
stable_frax,2026-05-17,845019.0,13.647115574698267,273976035.0,192780657.0,0.003084280710902324,0.004383318394853277,1.421180108334209,0.0006421675363343619,67.38336883695406,1,coinpaprika
stable_frax,2026-05-18,5286228.0,15.480615695190597,273951707.0,192001870.0,0.01929620391085937,0.027532169348142288,1.426817910679724,0.0006395766255119585,72.01479010424228,1,coinpaprika
stable_frax,2026-05-19,810421.0,13.605310378635993,273918739.0,190093683.0,0.0029586183222024835,0.004263271599614386,1.4409670783221133,0.0006328995382502321,68.80612892052883,1,coinpaprika
stable_frax,2026-05-20,268030.0,12.498857924445335,273949889.0,193167851.0,0.0009783906136205808,0.001387549732589819,1.4181960796364608,0.0006439769403985371,76.9332629354158,1,coinpaprika
stable_frax,2026-05-21,780301.0,13.567436303218317,273889673.0,193161869.0,0.002848961012122571,0.004039622333536232,1.4179282609861266,0.0006453856864531917,88.29588151282208,1,coinpaprika
stable_frax,2026-05-22,926684.0,13.739368980975668,273692589.0,199338742.0,0.0033858571157730543,0.0046487902487114124,1.3730024894006805,0.0006642896586244294,77.82108161236367,1,coinpaprika
stable_frax,2026-05-23,959437.0,13.77410297535411,273727487.0,197306532.0,0.0035050809493604126,0.004862672260642643,1.3873209580309283,0.0006573010662356358,81.82025785219426,1,coinpaprika
stable_frax,2026-05-24,1248756.0,14.037659214534795,273742391.0,197975942.0,0.0045617925504274565,0.006307614891914493,1.3827053339642652,0.0006597476643538477,79.30408468366457,1,coinpaprika
stable_frax,2026-05-25,803681.0,13.596958947533434,273761661.0,198556565.0,0.002935695951961659,0.004047617362840659,1.378759050349204,0.0006619404621184033,80.51540890723352,1,coinpaprika
stable_frax,2026-05-26,318438.0,12.671186212888577,273599342.0,198397904.0,0.001163884378055266,0.0016050471984825,1.379043510459667,0.0006612520722572319,81.19785706726557,1,coinpaprika
stable_frax,2026-05-27,356358.0,12.78369392867956,273534515.0,197403188.0,0.001302789887411466,0.0018052292043024148,1.3856641210880545,0.0006583711689951921,84.32063516060629,1,coinpaprika
stable_frax,2026-05-28,2767530.0,14.833466144947542,273536693.0,197219442.0,0.010117582287214388,0.014032744297086085,1.3869661643196414,0.0006590689762348054,83.26014355224399,1,coinpaprika
stable_frax,2026-05-29,1089828.0,13.901531361164311,273359601.0,206749754.0,0.003986792474137391,0.005271242063968792,1.3221761850318816,0.0006929698223432983,90.60383805203132,1,coinpaprika
stable_frax,2026-05-30,426940.0,12.964401109361845,273578072.0,206266987.0,0.0015605782907922533,0.002069841646545213,1.3263298988315566,0.0006931159655618356,52.76491444066278,1,coinpaprika
stable_frax,2026-05-31,225493.0,12.32604883003208,273505865.0,206080405.0,0.0008244539838295606,0.0010941991306742628,1.3271803546775833,0.0006929425415518519,16.943650651819464,0,coinpaprika
stable_frax,2026-06-01,485803.0,13.093560529357399,273484678.0,206012661.0,0.0017763444868381256,0.00235812205736229,1.3275139337188602,0.0006933233969968828,90.44663194304748,1,coinpaprika
stable_frax,2026-06-02,1041230.0,13.855914224997786,273430927.0,205507551.0,0.003808018395812263,0.005066626481281946,1.3305152325035492,0.0006911927957714323,91.66196071793698,1,coinpaprika
stable_frax,2026-06-03,3612690.0,15.09996348197747,273616599.0,200322269.0,0.013203475276001074,0.018034390375240808,1.365882087727351,0.0006743694993101775,80.67910241278065,1,coinpaprika
stable_frax,2026-06-04,3153962.0,14.964170315301244,273520657.0,202574529.0,0.011530982831764696,0.015569390759881762,1.3502223519917451,0.0006834350822883798,85.62371329567941,1,coinpaprika
stable_frax,2026-06-05,5815572.0,15.576049877343438,273801619.0,201432213.0,0.021240093543785803,0.02887111208970335,1.3592742437874126,0.0006816596408175091,50.02882940528308,1,coinpaprika
stable_frax,2026-06-06,11753103.0,16.279627933880402,273825177.0,201771606.0,0.04292192240598826,0.05824953883749134,1.3571046116369814,0.0006835996743758481,113.62678184052899,1,coinpaprika
stable_frax,2026-06-07,2701114.0,14.809175208691784,273961813.0,201429226.0,0.009859454390455505,0.01340974223869579,1.3600896872830162,0.0006835727296940394,30.279859215153195,0,coinpaprika
stable_frax,2026-06-08,3766132.0,15.14155930356077,273988960.0,201955292.0,0.013745561135017995,0.018648345199094855,1.3566812599295492,0.0006855279044527591,59.577609438938865,1,coinpaprika
stable_frax,2026-06-09,591050.0,13.28965758708133,273795789.0,202027289.0,0.002158725677114048,0.002925594868522935,1.3552416129288356,0.0006846244326817038,15.691995175304285,0,coinpaprika
stable_frax,2026-06-10,559790.0,13.235318778763833,266484420.0,200977258.0,0.0021006481354519714,0.0027853400209092312,1.3259431572103546,0.0006836695423876215,67.16960030993091,1,coinpaprika
stable_frax,2026-06-11,813817.0,13.609492032761741,240187798.0,199191943.0,0.003388252887018016,0.0040855919558955255,1.2058108093257567,0.0006780996752721877,74.51654098038385,1,coinpaprika
stable_frax,2026-06-12,1017272.0,13.832636075586215,240124422.0,197954526.0,0.0042364370584513054,0.005138917611815554,1.21302819820346,0.0006745816175101615,71.64725381856974,1,coinpaprika
stable_frax,2026-06-13,625586.0,13.34644568794618,240182138.0,197818017.0,0.0026046316566638275,0.003162431862816621,1.2141570401041883,0.000674683527556469,68.68716014633236,1,coinpaprika
stable_frax,2026-06-14,335501.0,12.723383196627967,239940700.0,197764324.0,0.0013982663216369712,0.0016964687725982367,1.2132658466751567,0.0006745101617854384,68.7347722775411,1,coinpaprika
stable_frax,2026-06-15,1132065.0,13.939554839932585,239986901.0,197695225.0,0.004717194960569952,0.005726314330556036,1.213923608928845,0.0006743437366902407,76.7800647897876,1,coinpaprika
stable_frax,2026-06-16,1281709.0,14.063705681825265,239830476.0,196143772.0,0.0053442290628652215,0.006534538348737374,1.222727969155197,0.0006682270358414291,78.72635559258434,1,coinpaprika
stable_frax,2026-06-17,1589450.0,14.27889923155364,239580857.0,195157718.0,0.006634294659026117,0.008144438335766972,1.2276268622899147,0.0006652158449306003,91.20478954377064,1,coinpaprika
stable_frax,2026-06-18,666522.0,13.409829926632648,239374622.0,193528406.0,0.0027844305065889566,0.0034440525490609373,1.2368965721755596,0.0006599538854987153,90.05351270159001,1,coinpaprika
stable_frax,2026-06-19,298514.0,12.606575461808523,239388187.0,188843721.0,0.0012469871790290136,0.0015807462298415523,1.2676523515441638,0.0006439876011546369,95.57963621030008,1,coinpaprika
stable_frax,2026-06-20,587299.0,13.28329104151061,239551584.0,188372989.0,0.0024516598479265325,0.0031177452941514878,1.2716875453943135,0.0006420660205558634,93.14798804535118,1,coinpaprika
stable_frax,2026-06-21,571436.0,13.25590951992007,239508507.0,188247374.0,0.0023858693253012513,0.003035558944901935,1.2723072939121052,0.0006415048314077677,92.04996389164388,1,coinpaprika
stable_frax,2026-06-22,310453.0,12.645791021232501,239309079.0,188030794.0,0.0012972888504576962,0.0016510753020593,1.2727121654339235,0.000640704483273575,98.76503796297342,1,coinpaprika
stable_frax,2026-06-23,870344.0,13.67664496374905,239345074.0,188023773.0,0.003636356434893663,0.004628904026939189,1.2729511283660924,0.000640871230515702,89.5310832664853,1,coinpaprika
stable_frax,2026-06-24,1018512.0,13.833854278435973,239239105.0,182879268.0,0.004257297317677225,0.00556931363045482,1.3081805697078797,0.0006241314034428955,99.36889673968552,1,coinpaprika
stable_frax,2026-06-25,2355894.0,14.672431255697655,238910872.0,183890177.0,0.009860974430665508,0.012811418415242484,1.299204100499615,0.0006284962622782133,114.659675126213,1,coinpaprika
stable_frax,2026-06-26,3917327.0,15.180920346696427,237260127.0,184365023.0,0.01651068407292895,0.021247669087427718,1.2869042247780371,0.0006302982595476513,151.5380030879987,1,coinpaprika
stable_frax,2026-06-27,1050790.0,13.865053771853912,237204368.0,183829605.0,0.0044298931291180945,0.005716108675748936,1.2903491143333523,0.0006306725789612152,56.445316178960205,1,coinpaprika
stable_frax,2026-06-28,274623.0,12.523158168351197,237134032.0,184720171.0,0.0011580918929426376,0.0014866974110802442,1.2837473607579108,0.0006337381842912917,94.57858582079592,1,coinpaprika
stable_frax,2026-06-29,514014.0,13.150007726890868,237172231.0,184168495.0,0.00216726046650883,0.0027909985364217697,1.2878002342365886,0.0006320672172277776,120.15824192812997,1,coinpaprika
stable_frax,2026-06-30,470965.0,13.062541183556442,237015913.0,184148878.0,0.0019870606746982427,0.002557523049366611,1.2870885534257777,0.0006334199842202345,106.54550123866512,1,coinpaprika
stable_frax,2026-07-01,614543.0,13.32863580835407,237181095.0,183580262.0,0.0025910285977893814,0.003347543975070697,1.2919749237529685,0.0006331767726370287,106.28445797401076,1,coinpaprika
stable_frax,2026-07-02,533977.0,13.188109918591778,237240582.0,183897547.0,0.002250782709679915,0.002903665702512062,1.2900693123437912,0.0006339701170424588,97.37810414797599,1,coinpaprika
stable_frax,2026-07-03,1088726.0,13.900519681782198,236751629.0,184079164.0,0.004598599826318407,0.005914444504973958,1.286140287990443,0.0006352358012265365,93.7536074078793,1,coinpaprika
stable_frax,2026-07-04,568978.0,13.251598805573263,237191926.0,183240357.0,0.002398808465343799,0.0031050910908234043,1.2944306040617461,0.0006327473506040481,105.75674594020424,1,coinpaprika
stable_frax,2026-07-05,475273.0,13.071646758812587,237091187.0,183022672.0,0.00200460002758348,0.002596798499368428,1.2954197663555038,0.0006320848044266758,99.17083878623222,1,coinpaprika
stable_frax,2026-07-06,380126.0,12.848260686392987,237012755.0,182870989.0,0.0016038208576580615,0.002078656664343845,1.2960653644192848,0.0006314892104832622,102.12613478930544,1,coinpaprika
stable_frax,2026-07-07,1433017.0,14.175293267792132,237070188.0,182753455.0,0.006044695084141073,0.007841258048992836,1.2972131662298805,0.0006317508584821315,99.5074938088658,1,coinpaprika
stable_frax,2026-07-08,2203984.0,14.60577764342416,236963980.0,180535056.0,0.00930092413201365,0.01220806667044211,1.3125649126006862,0.0006291452055734099,183.44433269654402,1,coinpaprika
stable_frax,2026-07-09,2024285.0,14.5207276037548,237386397.0,171615456.0,0.008527384153355678,0.01179547021685506,1.3832460230155494,0.0005980199603216052,93.4996163676538,1,coinpaprika
stable_frax,2026-07-10,611024.0,13.322893153846952,237434363.0,172019375.0,0.0025734438447732183,0.003552064992678877,1.3802768612547278,0.0005978426201525188,89.80788785601712,1,coinpaprika
stable_frax,2026-07-11,1065075.0,13.8785567160819,237467447.0,172257189.0,0.004485141072830922,0.00618305108879955,1.3785633469265541,0.0005990738771314124,87.95895881705262,1,coinpaprika
stable_frax,2026-07-12,3705224.0,15.125254543613348,237447917.0,172065152.0,0.015604365145894288,0.02153384318051804,1.3799884185729834,0.0005983746426013046,56.59199485703703,1,coinpaprika
stable_frax,2026-07-13,10627312.0,16.178937943200477,237447252.0,172436977.0,0.04475651712322196,0.061630122406982346,1.3770088998950614,0.000599576398271313,14.616328090278907,0,coinpaprika
stable_frax,2026-07-14,3708140.0,15.126041230834884,237554682.0,171076021.0,0.015609627092089896,0.021675393069844662,1.38859134442927,0.0005978078938625194,108.78736222725394,1,coinpaprika
stable_frax,2026-07-15,516686.0,13.155192554291649,237442521.0,172105865.0,0.002176046639936071,0.0030021405720252474,1.3796306186311547,0.0006012223813055665,97.689393239202,1,coinpaprika
stable_frax,2026-07-16,292103.0,12.584865182222503,237254861.0,172874300.0,0.0012311781464405906,0.0016896843544702712,1.3724125621911412,0.0006042685985564323,91.56137888530647,1,coinpaprika
stable_frax,2026-07-17,188988.0,12.149444091289832,237182146.0,172007362.0,0.0007968053379532201,0.0010987204140715792,1.378906944692286,0.0006007962987402624,94.76445318314819,1,coinpaprika
stable_frax,2026-07-18,370089.0,12.821501498284809,237326955.0,166494332.0,0.0015594056730724077,0.0022228324265116724,1.4254356418571654,0.0005810369583911456,119.74309153023111,1,coinpaprika
stable_frax,2026-07-19,240876.0,12.392041708743951,237179926.0,167490288.0,0.0010155834183032842,0.0014381490585292922,1.4160816655829023,0.0005843190007085408,74.65685460031568,1,coinpaprika
stable_frax,2026-07-20,168418.0,12.034210201029246,237180975.0,167352201.0,0.00071008224837595,0.0010063685986418547,1.4172563825437827,0.0005839114823041319,87.15714425078235,1,coinpaprika
stable_frax,2026-07-21,220863.0,12.305302406457676,237241877.0,168165413.0,0.0009309612737552232,0.0013133675710117632,1.410764988874377,0.0005867353374234716,77.11600409690766,1,coinpaprika
stable_frax,2026-07-22,103707.0,11.549334536854392,237153002.0,168059633.0,0.0004372999672169446,0.0006170845321315202,1.4111241216384187,0.000586447215184764,87.36655482204925,1,coinpaprika
stable_frax,2026-07-23,1281702.0,14.063700220356512,237115173.0,167663544.0,0.00540539849805394,0.007644488297348647,1.4142321422002149,0.0005857329742883108,97.74927736975525,1,coinpaprika
stable_frax,2026-07-24,2141260.0,14.576905465793494,233612124.0,167203899.0,0.009165877024430462,0.012806280312877154,1.3971691174498269,0.0005827404977749618,128.19816261421036,1,coinpaprika
stable_frax,2026-07-25,2308392.0,14.652062169410954,220270276.0,156850866.0,0.010479816169113984,0.01471711351596873,1.4043293583090577,0.0005467171848716282,107.20538879465447,1,coinpaprika
stable_frax,2026-07-26,113968.0,11.643681760572452,220206874.0,156982209.0,0.0005175496928401972,0.0007259930964533695,1.4027505116837795,0.000547380882835917,74.56316488016923,1,coinpaprika
stable_frax,2026-07-27,350782.0,12.767923077644564,220086674.0,156852236.0,0.0015938357085627092,0.0022363850777364757,1.4031465512547745,0.0005477622847396452,65.38178425559593,1,coinpaprika
stable_frax,2026-07-28,605835.0,13.314364601362634,220144095.0,157082649.0,0.0027519929617008353,0.003856791337915367,1.4014539250608131,0.0005507342290522561,88.19308110319946,1,coinpaprika
stable_frax,2026-07-29,245477.0,12.410962609166601,219413374.0,158150468.0,0.0011187877727088778,0.0015521737185121703,1.38737100670483,0.0005548275998069475,75.30527443443292,1,coinpaprika
stable_frax,2026-07-30,1471962.0,14.202107442085483,217494952.0,158093872.0,0.006767798454467118,0.009310683465327487,1.3757329695865756,0.0005552571455289718,85.37909074268435,1,coinpaprika
stable_frax,2026-07-31,2722728.0,14.817145244117812,217279066.0,159442895.0,0.01253101851975008,0.0170765088027284,1.362739092262468,0.0005614865115690433,98.15390568918336,1,coinpaprika
stable_frax,2026-08-01,382955.0,12.855675379056756,217304777.0,158293384.0,0.0017622944386537808,0.002419273568628743,1.372797595886888,0.000557444346171712,98.59575346657823,1,coinpaprika
stable_frax,2026-08-02,261887.0,12.475672210431188,217338130.0,157807308.0,0.0012049749392800979,0.0016595365786228355,1.3772374217295438,0.0005558288794315639,92.80725300077842,1,coinpaprika
stable_frax,2026-08-03,224387.0,12.32113197526496,217271630.0,157455252.0,0.0010327487302414953,0.001425084251873669,1.3798944604273982,0.0005548591388612413,80.88781617543894,1,coinpaprika
stable_frax,2026-08-04,143069.0,11.87108929996038,217317846.0,157488909.0,0.0006583398585682651,0.0009084385745538436,1.3798930183712175,0.0005545544152719044,113.7906569863556,1,coinpaprika
stable_frax,2026-08-05,146144.0,11.89235455852755,217333536.0,156911357.0,0.0006724410907297804,0.0009313793647199164,1.3850720569576107,0.0005520102159283751,98.12319073093767,1,coinpaprika
stable_frax,2026-08-06,227154.0,12.33338788283171,217232239.0,156580918.0,0.0010456735199419456,0.0014507131705537707,1.387348099466373,0.0005509581471229341,94.90055107476914,1,coinpaprika
stable_frax,2026-08-07,858978.0,13.663499753636128,217134926.0,157212449.0,0.003955964228435549,0.005463803951047159,1.381156055904962,0.0005530182181393984,91.90843867769027,1,coinpaprika
stable_frax,2026-08-08,2466906.0,14.71847569719249,217328462.0,159730852.0,0.01135104890219119,0.015444142249989376,1.3605916407432672,0.0005616312337206348,96.00952710931753,1,coinpaprika
stable_frax,2026-08-09,114098.0,11.644821771569868,217332766.0,159635360.0,0.0005249921680010275,0.000714741395640665,1.361432492149609,0.0005612819851819813,93.4278888629836,1,coinpaprika
stable_frax,2026-08-10,132212.0,11.792169537419836,217142745.0,159622944.0,0.0006088713670815942,0.0008282769173835059,1.3603479522342352,0.0005611115061689304,93.15043697890601,1,coinpaprika
stable_frax,2026-08-11,114963.0,11.652374314858788,217199306.0,162075945.0,0.0005292972713273771,0.0007093156236108942,1.3401082190204106,0.0005720835762154618,97.62239849394838,1,coinpaprika
stable_frax,2026-08-12,181011.0,12.106318606392866,217224650.0,158825499.0,0.0008332894079930616,0.0011396847555316038,1.3676937983365,0.0005587068540526754,91.46253448224617,1,coinpaprika
stable_frax,2026-08-13,113229.0,11.637176427308086,217145496.0,158405079.0,0.0005214430052005315,0.0007148066256133113,1.3708240756598467,0.0005573551096499829,92.04335998736157,1,coinpaprika
stable_frax,2026-08-14,758741.0,13.539417077642929,217484159.0,159721307.0,0.0034887184588004868,0.00475040565502009,1.3616477543600367,0.000562112353332877,85.45016592453214,1,coinpaprika
stable_frax,2026-08-15,565459.0,13.245394838172718,217441698.0,161290287.0,0.0026005085740270478,0.003505846573389754,1.3481388249994248,0.0005673893962668279,85.96122555599273,1,coinpaprika
stable_frax,2026-08-16,137748.0,11.83318846746068,217251265.0,160657117.0,0.0006340492424750669,0.0008574036592477879,1.352266672381529,0.0005654684829246152,86.8587366079221,1,coinpaprika
stable_frax,2026-08-17,70036.0,11.156778952815396,217328146.0,160494492.0,0.0003222592254571573,0.00043637634617392355,1.3541159157038236,0.0005648534537058005,89.42555600029989,1,coinpaprika
stable_frax,2026-08-18,159381.0,11.97905911549893,217212150.0,159922395.0,0.0007337572967258047,0.000996614639244241,1.3582347237858712,0.0005627604326839348,88.47131718882406,1,coinpaprika
stable_frax,2026-08-19,470814.0,13.062220514523421,217410450.0,159242394.0,0.00216555367968743,0.002956587050556399,1.365279964329097,0.0005603574407154501,78.50776464211063,1,coinpaprika
stable_frax,2026-08-20,1147694.0,13.953266141120105,217459554.0,161900384.0,0.0052777354633956435,0.007088889918877524,1.343168858697704,0.0005684828362680126,88.55327489719622,1,coinpaprika
stable_frax,2026-08-21,721848.0,13.48957125472764,217577171.0,162368116.0,0.0033176642415301927,0.004445749681544621,1.3400239921488033,0.0005689883115966538,80.48130341616667,1,coinpaprika
stable_gho,2025-08-25,4739783.0,15.371502123012679,305391846.0,349431155.0,0.015520332523874917,0.013564282784115228,0.8739685675709139,0.0013282060847941602,9.719999999999729,0,coinpaprika
stable_gho,2025-08-26,5943033.0,15.597730335348755,305362361.0,349431155.0,0.019462231627165077,0.01700773647386994,0.8738841875733719,0.0013186803268824625,7.960000000000189,0,coinpaprika
stable_gho,2025-08-27,7966321.0,15.890733463699407,305321135.0,349469786.0,0.026091613343439197,0.02279544990478805,0.8736696196105491,0.001318152470305948,6.690000000000307,0,coinpaprika
stable_gho,2025-08-28,5457617.0,15.512522988794114,305398937.0,350471349.0,0.017870451854257764,0.01557222014173832,0.8713948739929666,0.0013187988501124695,6.150000000000322,0,coinpaprika
stable_gho,2025-08-29,3431985.0,15.048649660327591,305421311.0,350471349.0,0.011236887788750274,0.009792483778752482,0.871458713733544,0.0013068462330515756,5.159999999999609,0,coinpaprika
stable_gho,2025-08-30,3810229.0,15.153200112734911,305381192.0,350471349.0,0.012476960270690148,0.010871727491767095,0.8713442421794085,0.0013065996563640003,6.289999999999907,0,coinpaprika
stable_gho,2025-08-31,2935878.0,14.892517455333223,305341904.0,350489127.0,0.00961505106747484,0.00837651662729041,0.8711879498618512,0.0013049650505047247,5.800000000000249,0,coinpaprika
stable_gho,2025-09-01,2151120.0,14.581499659573357,305335972.0,350489127.0,0.007045091955297032,0.006137479979514457,0.8711710249430933,0.0013014676958409512,4.709999999999992,0,coinpaprika
stable_gho,2025-09-02,3651519.0,15.110654077228451,305305585.0,350489127.0,0.011960210292255217,0.010418351722505789,0.8710843261052147,0.0013016031227840346,4.549999999999832,0,coinpaprika
stable_gho,2025-09-03,5349736.0,15.492557958785348,305227615.0,350489127.0,0.01752703797787104,0.015263628991263972,0.8708618655665172,0.0013057135802322076,5.330000000000057,0,coinpaprika
stable_gho,2025-09-04,3239451.0,14.99091473766097,305310216.0,350489127.0,0.010610359006132962,0.009242657618876719,0.8710975390685943,0.0012968229862738289,5.640000000000089,0,coinpaprika
stable_gho,2025-09-05,4508875.0,15.321558456470628,305330692.0,350489135.0,0.014767185606090331,0.012864521463696727,0.8711559403974106,0.0012858765363554711,2.180000000000515,0,coinpaprika
stable_gho,2025-09-06,2677233.0,14.800294729963632,305413799.0,350489135.0,0.008765920232700423,0.007638562034169761,0.8713930575907867,0.0012934176208996338,5.070000000000352,0,coinpaprika
stable_gho,2025-09-07,1948568.0,14.482605814989189,305387117.0,350489145.0,0.0063806489911622565,0.005559567329824152,0.8713169048359544,0.0012933003102712115,5.399999999999849,0,coinpaprika
stable_gho,2025-09-08,2354713.0,14.671929834321038,305276920.0,351952799.0,0.007713367260125659,0.006690422712052362,0.8673802875481607,0.0012997143079801431,6.389999999999452,0,coinpaprika
stable_gho,2025-09-09,3159341.0,14.965874336032565,305266839.0,351989137.0,0.01034944054306534,0.00897567756473121,0.8672621024665316,0.0012989378828137253,1.64000000000053,0,coinpaprika
stable_gho,2025-09-10,3154346.0,14.964292059476934,305319488.0,351989137.0,0.01033129598330782,0.008961486785883394,0.867411678105282,0.0012971596224740252,4.2399999999997995,0,coinpaprika
stable_gho,2025-09-11,3155397.0,14.964625194971227,305294423.0,352139137.0,0.010335586772248375,0.008960654095088555,0.8669710092462685,0.0012972522346102289,0.13000000000040757,0,coinpaprika
stable_gho,2025-09-12,3202593.0,14.979471664390958,305254169.0,352239823.0,0.010491561869544851,0.009092080993919872,0.8666089098051812,0.0012953309476201737,0.48000000000048004,0,coinpaprika
stable_gho,2025-09-13,4875372.0,15.399707172307641,305143528.0,352589307.0,0.0159773075704886,0.013827339352636692,0.8654361375740757,0.0012905161058657819,0.9099999999995223,0,coinpaprika
stable_gho,2025-09-14,4654799.0,15.353409503216058,305165069.0,352589555.0,0.01525338078585921,0.013201749552677475,0.8654966225530986,0.0012876216499936887,2.6999999999999247,0,coinpaprika
stable_gho,2025-09-15,2896324.0,14.878953249948035,305393539.0,352589555.0,0.009483907254501543,0.008214435053244842,0.8661445997740914,0.0012866755598542885,2.6700000000001722,0,coinpaprika
stable_gho,2025-09-16,4544641.0,15.329459514614577,305417227.0,352781746.0,0.014880106943017985,0.01288230202250884,0.8657398815640535,0.0012860477363221088,2.389999999999892,0,coinpaprika
stable_gho,2025-09-17,4186371.0,15.24734504569367,305294090.0,352781746.0,0.01371258447878896,0.01186674494206965,0.8653908357265174,0.0012822176888794424,5.950000000000122,0,coinpaprika
stable_gho,2025-09-18,5393213.0,15.500652054600142,305177559.0,352781746.0,0.01767237741094849,0.01528767591053308,0.8650605153476393,0.0012814723268270388,8.08000000000031,0,coinpaprika
stable_gho,2025-09-19,3877200.0,15.170624059518643,305188438.0,352781746.0,0.012704282067199413,0.010990364563817313,0.8650913531109968,0.001275431175584725,5.640000000000089,0,coinpaprika
stable_gho,2025-09-20,6348690.0,15.663759207886464,305435940.0,352781746.0,0.020785667855590276,0.017996084185149423,0.8657929256917959,0.0012722144933503482,6.599999999999939,0,coinpaprika
stable_gho,2025-09-21,3627842.0,15.104148814749372,305332643.0,352781746.0,0.011881605465944236,0.010283530939834966,0.8655001185917369,0.0012714895312192491,8.299999999999974,0,coinpaprika
stable_gho,2025-09-22,9081159.0,16.021712495721683,305407550.0,352783922.0,0.029734559607318155,0.025741419701093976,0.8657071112214689,0.0012724194009205013,7.949999999999902,0,coinpaprika
stable_gho,2025-09-23,7680702.0,15.854221637392982,305318686.0,352783922.0,0.02515634434506901,0.021771689470587607,0.8654552176558659,0.001268011175709573,6.789999999999852,0,coinpaprika
stable_gho,2025-09-24,5919248.0,15.59372014070491,305313785.0,352783922.0,0.019387424645762392,0.016778678479570847,0.8654413252993995,0.001265583045155462,9.289999999999576,0,coinpaprika
stable_gho,2025-09-25,8027842.0,15.898426432155066,305319811.0,352783922.0,0.02629322340304999,0.02275569123016893,0.8654584065767034,0.0012622494592592227,8.510000000000462,0,coinpaprika
stable_gho,2025-09-26,8221853.0,15.922306289045617,305082172.0,352783922.0,0.026949634408660234,0.02330563409292785,0.8647847959465681,0.0012626474492374265,9.989999999999721,0,coinpaprika
stable_gho,2025-09-27,5429935.0,15.50743790546865,305187759.0,352821319.0,0.017792112690863202,0.01539004223268039,0.8649923986027613,0.0012587169737215231,9.980000000000544,0,coinpaprika
stable_gho,2025-09-28,4561246.0,15.333106609018136,305377605.0,352821319.0,0.014936412904279606,0.012927920605613971,0.8655304783325749,0.001257967775181348,8.500000000000174,0,coinpaprika
stable_gho,2025-09-29,3747897.0,15.13670570745572,305256129.0,352821319.0,0.012277876327259591,0.01062264891084997,0.8651861794099807,0.0012574726752958344,9.460000000000024,0,coinpaprika
stable_gho,2025-09-30,4811933.0,15.386609640271923,305290857.0,352821319.0,0.015761798591957178,0.013638441729197209,0.8652846088362365,0.0012575030348915633,7.629999999999582,0,coinpaprika
stable_gho,2025-10-01,4487815.0,15.31687672712675,305300450.0,352821323.0,0.014699667163936378,0.012719795282894509,0.8653117884261207,0.0012530394425744158,6.629999999999692,0,coinpaprika
stable_gho,2025-10-02,7662673.0,15.851871566962256,305311895.0,352821323.0,0.0250978528039335,0.021718282032517633,0.8653442269417486,0.0012501135234270248,0.980000000000425,0,coinpaprika
stable_gho,2025-10-03,8501211.0,15.955719299531102,305306344.0,352821323.0,0.027844855395471244,0.02409494677848595,0.8653284937656673,0.0012447499001242623,2.5451004012133627,0,coinpaprika
stable_gho,2025-10-04,6421532.0,15.67516743220826,305310769.0,352821323.0,0.021032772676289058,0.018200521287654713,0.8653410355246585,0.0012381924339160161,4.244510087522135,0,coinpaprika
stable_gho,2025-10-05,3006893.0,14.916418210268521,305293643.0,352821578.0,0.009849183135464108,0.008522418093147353,0.8652918699887454,0.0012368608033979736,4.494251356657042,0,coinpaprika
stable_gho,2025-10-06,3656379.0,15.111984144885776,305285201.0,352821578.0,0.011976928419795889,0.010363252215826776,0.8652679428807498,0.001238093376351493,5.598333203253869,0,coinpaprika
stable_gho,2025-10-07,4476130.0,15.314269615188536,305331638.0,352821578.0,0.014659895808111442,0.012686667367039552,0.8653995589804885,0.0012352117695007304,5.1997542055881585,0,coinpaprika
stable_gho,2025-10-08,3811309.0,15.153483520027198,305356003.0,353429169.0,0.012481526357940963,0.010783798662639529,0.8639807627196724,0.001234125222292427,3.7161013957864863,0,coinpaprika
stable_gho,2025-10-09,4108726.0,15.228623806135346,305356092.0,353975260.0,0.013455523264949304,0.011607381826628222,0.8626481184023991,0.0012360854284821374,3.142996699432299,0,coinpaprika
stable_gho,2025-10-10,4346435.0,15.28486675690188,305543004.0,354007588.0,0.014225280707130836,0.012277801796723069,0.8630973299928248,0.0012371731470927887,2.649139957418001,0,coinpaprika
stable_gho,2025-10-11,11443968.0,16.252973424305406,305580696.0,354741889.0,0.037449904885353096,0.032259984949226,0.8614170062109581,0.0012366791032215098,0.6911476233650848,0,coinpaprika
stable_gho,2025-10-12,7146007.0,15.782064437072282,305597269.0,359828267.0,0.023383739728380884,0.0198594931398205,0.8492864430798039,0.001255689465735078,0.7373687482314928,0,coinpaprika
stable_gho,2025-10-13,3725447.0,15.130697671020501,305405080.0,364526236.0,0.01219837928039704,0.010219969461951155,0.8378137150051389,0.0012716286939472704,0.6649801778668696,0,coinpaprika
stable_gho,2025-10-14,5562809.0,15.531613934240834,305446155.0,367007414.0,0.01821207734633294,0.015157211510718964,0.8322615384549152,0.0012786559932637085,1.2615997020182235,0,coinpaprika
stable_gho,2025-10-15,4295248.0,15.273020086108867,305394267.0,368421008.0,0.014064599320065168,0.011658531698062125,0.8289273965614903,0.0012800703653998524,8.354488456889797,0,coinpaprika
stable_gho,2025-10-16,4530513.0,15.326345956806126,305407338.0,368426339.0,0.014834329226234897,0.01229693026914669,0.8289508801920918,0.0012761527634742023,3.661577962337237,0,coinpaprika
stable_gho,2025-10-17,7410112.0,15.818356246818613,305423433.0,372426339.0,0.024261766450644276,0.01989685267668461,0.8200908502338767,0.0012902979182426132,4.072896190437936,0,coinpaprika
stable_gho,2025-10-18,4693848.0,15.361763486149648,305431190.0,380551590.0,0.01536793933848079,0.012334327653183633,0.8026012714859502,0.0013175169696639432,2.6342791712807845,0,coinpaprika
stable_gho,2025-10-19,2688339.0,14.80443446072147,305411674.0,384453227.0,0.008802345256782817,0.006992629561150751,0.7944052814518319,0.0013312264743594233,3.047770080648604,0,coinpaprika
stable_gho,2025-10-20,2863999.0,14.867729807062673,305369955.0,387273534.0,0.009378784497643195,0.007395287177047322,0.788512325760944,0.0013395989588673469,1.3435851863408121,0,coinpaprika
stable_gho,2025-10-21,4361680.0,15.288368091478453,305353290.0,405752727.0,0.014284044557044072,0.010749601197381478,0.752560043792386,0.0014038614901065994,2.939363654458349,0,coinpaprika
stable_gho,2025-10-22,5788330.0,15.571354552382417,305350770.0,422761812.0,0.018956330124859356,0.013691704964118187,0.7222761406841544,0.0014567986753376248,4.79827099930108,0,coinpaprika
stable_gho,2025-10-23,1969827.0,14.493456787257792,305346449.0,422761812.0,0.006451121362148213,0.00465942510436586,0.7222659197988299,0.0014597786148735923,3.293391334546758,0,coinpaprika
stable_gho,2025-10-24,2871889.0,14.8704809075811,305362841.0,422761812.0,0.009404841108352146,0.006793160873290987,0.7223046934049947,0.0014599480756887807,4.535632500450859,0,coinpaprika
stable_gho,2025-10-25,2668149.0,14.796895906326316,305377116.0,407761812.0,0.008737226400422224,0.006543400881296848,0.7489105330932755,0.0014060003187305597,2.5410167395834016,0,coinpaprika
stable_gho,2025-10-26,3171386.0,14.969679589593174,305313647.0,407761812.0,0.010387305091540832,0.007777545387207569,0.7487548809499601,0.001406898754427636,3.0166089795147233,0,coinpaprika
stable_gho,2025-10-27,6603955.0,15.703179421371251,305315557.0,407767497.0,0.02162993286319832,0.016195393327291117,0.7487491260246277,0.0014075577086742584,3.821692232971463,0,coinpaprika
stable_gho,2025-10-28,2531138.0,14.744179957023613,305373112.0,407899238.0,0.008288673431077979,0.006205302104535924,0.7486484002698726,0.001409850581885723,3.6718201156504815,0,coinpaprika
stable_gho,2025-10-29,3788420.0,15.14745986755597,305412309.0,427899238.0,0.012404280667024458,0.008853532943192575,0.7137481955506544,0.0014777563709467078,3.845431656466225,0,coinpaprika
stable_gho,2025-10-30,3884045.0,15.17238795178357,305440555.0,427899238.0,0.012716205940628939,0.00907700845216275,0.7138142064183811,0.001480307757552913,3.9562890663713546,0,coinpaprika
stable_gho,2025-10-31,4469878.0,15.31287189687214,305419064.0,427899238.0,0.01463522918791998,0.010446099462322483,0.7137639819774579,0.001481192333879407,4.050590410537014,0,coinpaprika
stable_gho,2025-11-01,3869887.0,15.168736124018702,305502651.0,427899238.0,0.012667277967417703,0.009043921223341838,0.7139593246950349,0.0014822907051517701,8.00762790180709,0,coinpaprika
stable_gho,2025-11-02,4004587.0,15.202951261782234,305451670.0,427899242.0,0.013110378476568813,0.009358714872413819,0.7138401754869199,0.001481703277448419,4.843928122202357,0,coinpaprika
stable_gho,2025-11-03,3747070.0,15.136485026088431,305407009.0,427899242.0,0.012269102835161192,0.008756897961506555,0.7137358027850865,0.0014819612448323347,5.444830966043757,0,coinpaprika
stable_gho,2025-11-04,6970170.0,15.757150316151685,305436919.0,427899242.0,0.022820325790413043,0.016289278680236597,0.7138057024181408,0.0014822789312641145,8.947619584924738,0,coinpaprika
stable_gho,2025-11-05,8365934.0,15.939678661410708,305303091.0,428115056.0,0.027402061251977302,0.019541321620793452,0.713133272752734,0.0014874514032838743,8.152226353786984,0,coinpaprika
stable_gho,2025-11-06,4233182.0,15.258464750319128,305322020.0,428118222.0,0.013864646906240173,0.00988788092276063,0.7131722134452853,0.0014866475880001037,6.479868094090291,0,coinpaprika
stable_gho,2025-11-07,7479062.0,15.827618074724368,305291840.0,428118222.0,0.024498073712025843,0.017469618473749525,0.713101718898571,0.0014875924037261656,9.13028300887464,0,coinpaprika
stable_gho,2025-11-08,7707843.0,15.857749069598563,305282879.0,438118222.0,0.025248199392144753,0.01759306646688619,0.6968047975872594,0.0015195612418894458,7.3688009195505,0,coinpaprika
stable_gho,2025-11-09,2814992.0,14.850470332874329,305283256.0,438118222.0,0.009220918424690807,0.006425188131070248,0.6968056580855931,0.0015220647146916024,8.658550007473176,0,coinpaprika
stable_gho,2025-11-10,2584294.0,14.764963301455094,305263984.0,438118371.0,0.008465767779536023,0.005898620489484108,0.6967614329963808,0.0015222696156564695,7.5989534238496415,0,coinpaprika
stable_gho,2025-11-11,5122204.0,15.44909556836904,305334888.0,438118371.0,0.016775691875734817,0.011691370047571002,0.6969232705377698,0.0015198693353510907,6.774013077054386,0,coinpaprika
stable_gho,2025-11-12,4625642.0,15.347125946292328,305362026.0,438119011.0,0.015148059045167587,0.01055795773263078,0.6969841945525619,0.0015196169759935864,8.639620834870465,0,coinpaprika
stable_gho,2025-11-13,6064273.0,15.617925389980117,305321474.0,438119011.0,0.019861927562946326,0.013841611178109775,0.6968916352273972,0.0015159876749108166,8.289007179085317,0,coinpaprika
stable_gho,2025-11-14,6960087.0,15.755702675908832,305341346.0,438119011.0,0.022794446579795978,0.01588629305109063,0.6969369927661049,0.0015186845739930885,16.22185196267445,0,coinpaprika
stable_gho,2025-11-15,5211699.0,15.466416656092136,305382241.0,446389402.0,0.017066149566961886,0.011675230139088293,0.6841162438708615,0.0015507734751665718,7.251359763276177,0,coinpaprika
stable_gho,2025-11-16,4426531.0,15.303126991194956,305497556.0,446669257.0,0.014489579091755484,0.009910086558744292,0.6839457858636553,0.0015526205053715528,11.215468728924538,0,coinpaprika
stable_gho,2025-11-17,4413640.0,15.300210530366126,305376084.0,446682990.0,0.014453129210996105,0.009880922485989449,0.6836528160608937,0.0015533126627405344,7.1698881655235525,0,coinpaprika
stable_gho,2025-11-18,8642039.0,15.972149224021507,305294756.0,452092262.0,0.028307197651308496,0.019115653432705732,0.6752930356503204,0.0015727311308270876,9.594317787530171,0,coinpaprika
stable_gho,2025-11-19,5734376.0,15.561989671432954,305266104.0,454321600.0,0.018784843534413502,0.012621843205341767,0.6719163341562453,0.0015808937717694178,12.87518091172224,0,coinpaprika
stable_gho,2025-11-20,11482031.0,16.256293936676748,305093356.0,454321600.0,0.03763448391842397,0.025272914604984664,0.6715361012991679,0.0015833882876629534,2.2267605666947965,0,coinpaprika
stable_gho,2025-11-21,22225325.0,16.916743007423143,305187824.0,419251723.0,0.07282507116011286,0.05301188708531557,0.7279345730917843,0.001461263255158253,9.826256840157477,0,coinpaprika
stable_gho,2025-11-22,19611312.0,16.79161715156598,305268339.0,419017158.0,0.06424286273592231,0.04680312399045005,0.7285342215031682,0.001462226317639378,6.1920757199518395,0,coinpaprika
stable_gho,2025-11-23,7341019.0,15.808988355513673,305358944.0,419017158.0,0.024040622173490355,0.01751961431612784,0.7287504536986049,0.0014613727184311779,5.847147681489195,0,coinpaprika
stable_gho,2025-11-24,10777249.0,16.192947988860247,305333101.0,419017158.0,0.035296693888423186,0.025720304751816393,0.7286887784199042,0.0014625459846716513,4.397822109317717,0,coinpaprika
stable_gho,2025-11-25,25795364.0,17.06570538258985,305320857.0,419017158.0,0.08448608540359233,0.061561593618560125,0.7286595576594503,0.0014572269514623642,6.932759593011317,0,coinpaprika
stable_gho,2025-11-26,18769554.0,16.7477467002369,305361023.0,419017158.0,0.061466764211095794,0.044794237280374086,0.72875541530927,0.00145437834211509,5.453906589699686,0,coinpaprika
stable_gho,2025-11-27,35620604.0,17.388434820521528,305323921.0,419017158.0,0.1166649631752895,0.08500989355667388,0.7286668700091752,0.0014496676430366822,10.864899983875631,0,coinpaprika
stable_gho,2025-11-28,43996476.0,17.59962012049509,305381613.0,419017158.0,0.14407048141434764,0.10499922296738025,0.7288045541084979,0.0014483181065626934,9.293583996553556,0,coinpaprika
stable_gho,2025-11-29,8860186.0,15.99707842845334,305435022.0,419017158.0,0.029008415413475406,0.021145162747726907,0.7289320166693508,0.0014457381767136257,3.5608178351620445,0,coinpaprika
stable_gho,2025-11-30,9285673.0,16.04398334033365,305472605.0,419048251.0,0.030397727481978293,0.022158958969142672,0.7289676171444037,0.0014457215122341436,7.4870059085174745,0,coinpaprika
stable_gho,2025-12-01,17737106.0,16.691169443756774,305450823.0,419048251.0,0.05806861420700772,0.04232712094054295,0.7289156374500654,0.0014464098764018073,2.1154857114669134,0,coinpaprika
stable_gho,2025-12-02,12272423.0,16.322865352187897,305427748.0,419048251.0,0.040181100375988106,0.02928641981135485,0.7288605721921985,0.0014421150844784836,0.8517391326567925,0,coinpaprika
stable_gho,2025-12-03,17600617.0,16.683444573028275,305390625.0,425479841.0,0.05763312806344333,0.041366512121076025,0.7177558031474398,0.0014619971252957976,5.766377499696329,0,coinpaprika
stable_gho,2025-12-04,8614341.0,15.968939046617438,305391638.0,428410790.0,0.028207520862113453,0.020107665822329077,0.712847680610472,0.0014683088692632258,5.110845497547922,0,coinpaprika
stable_gho,2025-12-05,8670760.0,15.975467118837921,305436624.0,429408701.0,0.028388082236005856,0.0201923248872407,0.7112958430714239,0.0014702852836445154,0.4477342396147499,0,coinpaprika
stable_gho,2025-12-06,10961333.0,16.209884547405903,305444926.0,429833663.0,0.035886446514420085,0.025501336781060816,0.7106119233848839,0.0014704131514298284,3.334191807863318,0,coinpaprika
stable_gho,2025-12-07,6770234.0,15.72804635625056,305555488.0,431644058.0,0.02215713435328643,0.015684761262252798,0.7078876271708112,0.0014771632580694695,1.6574107945988015,0,coinpaprika
stable_gho,2025-12-08,6237718.0,15.646125128646002,305496053.0,437568316.0,0.02041832599388772,0.014255415147562924,0.698167673090846,0.0014973933188258206,1.4792531353746696,0,coinpaprika
stable_gho,2025-12-09,7011986.0,15.763131671056911,305459717.0,441908946.0,0.022955517895670675,0.015867490494297438,0.6912277286190083,0.0015101542444101437,2.241646876350867,0,coinpaprika
stable_gho,2025-12-10,7275696.0,15.800050173992716,305447640.0,450376532.0,0.02381978135434276,0.016154696088827292,0.6782050535439533,0.001536462351939948,1.48352269516705,0,coinpaprika
stable_gho,2025-12-11,5047431.0,15.434390157062532,305437632.0,451731572.0,0.016525242704867486,0.011173518330040478,0.6761485159155535,0.0015419203546372744,1.8296130499395602,0,coinpaprika
stable_gho,2025-12-12,5170806.0,15.458539327146719,305443113.0,454887414.0,0.016928867536784173,0.011367221516487154,0.6714696946968068,0.001548216261373236,4.169623484806539,0,coinpaprika
stable_gho,2025-12-13,5046350.0,15.434175965811514,305487702.0,457796894.0,0.016518995583003862,0.01102311978551781,0.6672996387782395,0.0015583821795971925,1.7248106708267485,0,coinpaprika
stable_gho,2025-12-14,5736531.0,15.56236540452008,305482857.0,459187292.0,0.0187785692995532,0.012492791285696121,0.6652685349140717,0.001563354593062127,0.15539101845263303,0,coinpaprika
stable_gho,2025-12-15,5806094.0,15.57441878581659,305433979.0,462665301.0,0.019009325743682238,0.012549231566427758,0.6601618455929982,0.0015756349475682773,3.227162824276375,0,coinpaprika
stable_gho,2025-12-16,7475031.0,15.827078958168316,305466050.0,466832260.0,0.024470906013941647,0.01601224174181964,0.6543379200057854,0.001590523991802171,1.7956719713474456,0,coinpaprika
stable_gho,2025-12-17,5016377.0,15.428218717307233,305433398.0,469780871.0,0.016423799862253438,0.010678121034008642,0.650161419620681,0.0016009813587300034,1.5745262508348734,0,coinpaprika
stable_gho,2025-12-18,9362449.0,16.05221756633941,305394305.0,476805142.0,0.03065692073072548,0.019635797048514213,0.6405012825973256,0.0016244596162968937,4.006645843787071,0,coinpaprika
stable_gho,2025-12-19,12126160.0,16.310875742781157,305387891.0,483750770.0,0.03970740280596129,0.025066957516160646,0.6312917930859314,0.0016518789972451672,4.524799802192447,0,coinpaprika
stable_gho,2025-12-20,10572303.0,16.173748309495316,305415356.0,495256818.0,0.034616147460509485,0.021347112479327846,0.6166807702584722,0.0016913502052826183,2.7669233835581064,0,coinpaprika
stable_gho,2025-12-21,1772929.0,14.388144103171475,305480367.0,495256818.0,0.005803741227009852,0.003579817451397509,0.6168120375073767,0.0016891645876477522,1.899255748603057,0,coinpaprika
stable_gho,2025-12-22,3559315.0,15.085078949536491,305365920.0,495256818.0,0.01165590122172114,0.007186806664012448,0.6165809513398763,0.0016894072865019439,0.9604320788847431,0,coinpaprika
stable_gho,2025-12-23,7000850.0,15.761542271058952,305338778.0,495256818.0,0.022928139183160025,0.014135797318796326,0.6165261474502306,0.0016888637274037695,4.736262063588237,0,coinpaprika
stable_gho,2025-12-24,7489140.0,15.8289646626681,305321358.0,495256818.0,0.024528713120685126,0.015121730237341225,0.6164909737799914,0.0016903929208765477,1.0824548425425462,0,coinpaprika
stable_gho,2025-12-25,5683551.0,15.553086947358857,305328835.0,495256818.0,0.018614524239088,0.01147596720213148,0.616506070997694,0.0016930521495632238,2.809674232417958,0,coinpaprika
stable_gho,2025-12-26,8236176.0,15.924046837913945,305327838.0,495256818.0,0.02697486103445307,0.016630111289048424,0.6165040579007234,0.001692762010454148,11.18838457043636,0,coinpaprika
stable_gho,2025-12-27,4331207.0,15.281357044903638,305359228.0,495256818.0,0.014183972851804564,0.008745375818329472,0.6165674391584045,0.0016934422896919012,2.400839361289542,0,coinpaprika
stable_gho,2025-12-28,4145655.0,15.2375715969967,305387066.0,495256818.0,0.013575083759441208,0.008370717674804429,0.6166236483795363,0.001694076786739634,6.526392303801698,0,coinpaprika
stable_gho,2025-12-29,7014828.0,15.763536894885169,305235902.0,495256818.0,0.022981660918773572,0.014164021059473834,0.6163184249186853,0.001694330639710772,7.487126877842032,0,coinpaprika
stable_gho,2025-12-30,5801475.0,15.573622925900024,305238738.0,495256818.0,0.019006352332645277,0.011714073969598537,0.61632415124066,0.001694322590085224,2.9276673716327473,0,coinpaprika
stable_gho,2025-12-31,4995921.0,15.424132537615737,305218766.0,495256818.0,0.016368328413987495,0.010087536038726478,0.6162838246883054,0.001695334504098074,6.3577361963673695,0,coinpaprika
stable_gho,2026-01-01,4465826.0,15.311964973506994,305223609.0,495235347.0,0.014631325586612797,0.009017583310748617,0.6163203229514229,0.0017003371956564764,7.345042337598695,0,coinpaprika
stable_gho,2026-01-02,5623418.0,15.542450399881453,305222278.0,495043411.0,0.018424009010246625,0.011359444192258929,0.6165565912359957,0.0017015274107619743,6.142717148849286,0,coinpaprika
stable_gho,2026-01-03,9504292.0,16.067254149233936,305273450.0,495043411.0,0.03113369996637441,0.019198906174311248,0.6166599599484418,0.0016970369456940403,0.24892515825158945,0,coinpaprika
stable_gho,2026-01-04,2141814.0,14.577164158379425,305285957.0,495043411.0,0.0070157632570043175,0.0043265175384790645,0.6166852243994416,0.0016970053489063462,7.009756233641307,0,coinpaprika
stable_gho,2026-01-05,4715113.0,15.366283651912234,305260993.0,495043411.0,0.0154461693702215,0.009524645506290761,0.6166347964986852,0.0016962348025752905,8.735143489371211,0,coinpaprika
stable_gho,2026-01-06,6198758.0,15.639859668690052,305201913.0,495135688.0,0.020310351069129765,0.012519311676034954,0.6164005552352753,0.0016933229864317684,6.067289726964242,0,coinpaprika
stable_gho,2026-01-07,7020918.0,15.764404679114719,305254522.0,495135688.0,0.023000209641448,0.014179785804492445,0.6165068069179452,0.0016951369963343786,8.148085208112832,0,coinpaprika
stable_gho,2026-01-08,8408894.0,15.9448006321156,305275535.0,495125435.0,0.027545260054986063,0.016983360994169083,0.616562013219943,0.0016970147110327762,8.130392342786674,0,coinpaprika
stable_gho,2026-01-09,5392238.0,15.500471255517775,305229426.0,495094813.0,0.017666180062206716,0.01089132396141666,0.6165070164045527,0.0017007557477230469,8.147175508335103,0,coinpaprika
stable_gho,2026-01-10,3657301.0,15.1122362750727,305297025.0,495092395.0,0.011979484569166698,0.00738710801647438,0.6166465655365198,0.0016991147342444758,7.145743751821865,0,coinpaprika
stable_gho,2026-01-11,4269772.0,15.267071222199174,305337939.0,495085778.0,0.013983758500446287,0.00862430752353383,0.6167374474651138,0.0016983336555513296,22.073918638594314,0,coinpaprika
stable_gho,2026-01-12,6833712.0,15.737378714872683,305292237.0,495059193.0,0.022384165634712815,0.013803828101016598,0.616678250432974,0.0016986740639188705,8.263899333271763,0,coinpaprika
stable_gho,2026-01-13,12542423.0,16.34462737592414,305248095.0,495024221.0,0.04108927526640256,0.02533698851070966,0.6166326455367525,0.001702495469586333,1.522047583766284,0,coinpaprika
stable_gho,2026-01-14,25764616.0,17.064512674506865,305224177.0,495001942.0,0.0844121073672352,0.052049525090550046,0.6166120798774564,0.001697767283125558,12.83203823286505,0,coinpaprika
stable_gho,2026-01-15,19979806.0,16.810232671478367,305251418.0,495001942.0,0.06545360585351974,0.04036308609068043,0.6166671119847849,0.0016925410523469513,6.605790484375262,0,coinpaprika
stable_gho,2026-01-16,14524218.0,16.491328089893457,305274891.0,495001942.0,0.047577506136919724,0.02934173943099399,0.6167145320007653,0.0016873628822825168,5.98204529811297,0,coinpaprika
stable_gho,2026-01-17,10269645.0,16.14470311198252,305298555.0,495002230.0,0.033638039983517116,0.020746664110987946,0.6167619790318924,0.0016843061922845156,4.917941630392386,0,coinpaprika
stable_gho,2026-01-18,5606057.0,15.539358356711146,305351269.0,495002230.0,0.018359370237298736,0.011325316655644157,0.6168684714814315,0.0016839124821834428,3.823181523316954,0,coinpaprika
stable_gho,2026-01-19,15133923.0,16.532449404418788,305384499.0,495002230.0,0.04955694558681579,0.03057344408327211,0.6169356024921342,0.001683558461302242,9.380963732815717,0,coinpaprika
stable_gho,2026-01-20,29480361.0,17.19923490472155,305315010.0,495100331.0,0.09655719514084814,0.059544215897524816,0.616673007233356,0.0016841316924226723,2.5064824522069706,0,coinpaprika
stable_gho,2026-01-21,39671664.0,17.496147762872663,305343421.0,495100331.0,0.12992473808695554,0.08012853459393061,0.6167303915617863,0.001696171724342624,6.953685946190502,0,coinpaprika
stable_gho,2026-01-22,19069232.0,16.76358675652653,305333509.0,495100331.0,0.062453780662508285,0.03851589426628761,0.6167103713772311,0.0016999730824584507,5.791897914788624,0,coinpaprika
stable_gho,2026-01-23,20722071.0,16.84670997035589,305359581.0,495100331.0,0.06786121114044888,0.04185428629818468,0.616763031410698,0.0017034692251898078,7.060929175358721,0,coinpaprika
stable_gho,2026-01-24,10542321.0,16.170908380419526,305376255.0,495100331.0,0.034522399261199925,0.021293302266041102,0.616796709433022,0.001701356245095773,6.344295984598292,0,coinpaprika
stable_gho,2026-01-25,5104235.0,15.445581341182322,305424780.0,495100331.0,0.01671192167184339,0.010309496238248323,0.6168947198704257,0.001701232896475976,6.506789949319858,0,coinpaprika
stable_gho,2026-01-26,10574590.0,16.173964606025745,305360946.0,495105050.0,0.034629804952202366,0.021358275380144072,0.6167599098413559,0.0017012082860028276,4.018766141016261,0,coinpaprika
stable_gho,2026-01-27,17748453.0,16.691808971500848,305343279.0,495105050.0,0.058126227825044084,0.03584785289505732,0.6167242265050619,0.0017052002022779297,5.772039669329487,0,coinpaprika
stable_gho,2026-01-28,24329740.0,17.00721006940917,305244714.0,512415313.0,0.07970568820398967,0.047480509232947145,0.5956978768118899,0.0017683812726442764,12.475564457490318,0,coinpaprika
stable_gho,2026-01-29,12712612.0,16.358105208188334,305218725.0,512376369.0,0.04165082597733805,0.024811081792884167,0.5956924313189783,0.0017700920875197363,12.056262900441705,0,coinpaprika
stable_gho,2026-01-30,11374660.0,16.246898720159393,305244139.0,509951609.0,0.03726413891930616,0.022305371331811995,0.5985747149588855,0.0017703714392451049,11.03932689110243,0,coinpaprika
stable_gho,2026-01-31,14266797.0,16.47344557744902,305252385.0,508827682.0,0.04673770853583994,0.028038562964819196,0.5999130860966012,0.0017704604853232577,10.709959328857321,0,coinpaprika
stable_gho,2026-02-01,29213244.0,17.190132760285405,305232307.0,507824915.0,0.09570823051833763,0.05752621255300166,0.6010581560378935,0.0017683038717792863,10.802630817396963,0,coinpaprika
stable_gho,2026-02-02,38540820.0,17.46722852326641,305361432.0,507729093.0,0.12621377803860967,0.07590823636336316,0.6014259104116376,0.0017669059048491301,10.42979977142422,0,coinpaprika
stable_gho,2026-02-03,27189166.0,17.11832917987602,305373780.0,508496503.0,0.08903569258631176,0.05346972071507048,0.6005425370644093,0.0017678804484332635,5.79262029271832,0,coinpaprika
stable_gho,2026-02-04,28486762.0,17.164950081205365,305453596.0,516956503.0,0.0932605226228864,0.05510475607654751,0.59086904648146,0.001795510609131295,6.6624070516330125,0,coinpaprika
stable_gho,2026-02-05,49370221.0,17.714858006882825,305470611.0,524609558.0,0.1616201992014217,0.09410850459571687,0.5822818252960614,0.0018195517943833876,5.099915040023273,0,coinpaprika
stable_gho,2026-02-06,63519503.0,17.966857566308434,305471042.0,525284975.0,0.20793952377325509,0.12092389088418148,0.581533941647579,0.001826707167431752,6.542540069494063,0,coinpaprika
stable_gho,2026-02-07,22270017.0,16.91875184749546,305473540.0,527437858.0,0.07290326029547436,0.04222301577752881,0.5791649866741269,0.0018297330857921766,2.4080109037083464,0,coinpaprika
stable_gho,2026-02-08,13656348.0,16.429715099661777,305496679.0,527437858.0,0.04470211605802759,0.025891861558409408,0.5792088572451316,0.001828227103999241,1.5918761287803118,0,coinpaprika
stable_gho,2026-02-09,6634347.0,15.707770954152807,305439327.0,527437881.0,0.02172067056708778,0.012578442389123735,0.579100095011947,0.0018205888922953838,3.143940825236502,0,coinpaprika
stable_gho,2026-02-10,13776731.0,16.43849164012649,305511012.0,527437881.0,0.04509405703516834,0.026120101525282748,0.5792360067516652,0.0018206285763989513,1.5796100823028958,0,coinpaprika
stable_gho,2026-02-11,13942492.0,16.45045178518368,305556120.0,527437881.0,0.045629889527331345,0.02643437739732615,0.579321529619144,0.0018200502288642079,1.9462301835848628,0,coinpaprika
stable_gho,2026-02-12,25268133.0,17.045054634136896,305544844.0,527437881.0,0.08269860708236988,0.047907315553620614,0.579300150798232,0.001821244242533477,2.523637512155119,0,coinpaprika
stable_gho,2026-02-13,27378695.0,17.12527575068604,305564832.0,527437881.0,0.08960028161879571,0.051908852181969084,0.5793380472040839,0.0018226348174103697,0.039584159639005634,0,coinpaprika
stable_gho,2026-02-14,11361843.0,16.245771282027835,305663425.0,527437881.0,0.037171091045649314,0.021541575623006872,0.5795249753780958,0.0018212463123493331,4.228916016051354,0,coinpaprika
stable_gho,2026-02-15,5207465.0,15.465603923051303,305582068.0,527437881.0,0.017041134102148952,0.00987313423549872,0.579370725933885,0.001820818539285116,3.2808386271332424,0,coinpaprika
stable_gho,2026-02-16,2822930.0,14.853286264854024,305578567.0,527437881.0,0.009237984285723809,0.005352156342369349,0.5793640881853914,0.0018200850859453502,2.615490441320034,0,coinpaprika
stable_gho,2026-02-17,12218903.0,16.31849481865105,305624214.0,527437875.0,0.039980153535871345,0.023166525536301313,0.5794506395658446,0.0018196615436398128,3.6420960633409827,0,coinpaprika
stable_gho,2026-02-18,9253544.0,16.040517279312915,305659603.0,527437882.0,0.0302740169429586,0.017544329514048822,0.5795177279283857,0.0018210877213012632,3.369374239523548,0,coinpaprika
stable_gho,2026-02-19,12760958.0,16.361900989796602,305527737.0,527437882.0,0.04176693784106417,0.024194238668658996,0.5792677155487288,0.0018204511899742246,0.38299506684325024,0,coinpaprika
stable_gho,2026-02-20,10098318.0,16.127879532315976,305448040.0,527437882.0,0.03306067375649226,0.019145985422412266,0.5791166133948642,0.0018195531713285963,1.410478891752387,0,coinpaprika
stable_gho,2026-02-21,13162321.0,16.39286891206607,305361887.0,527437882.0,0.04310400727907475,0.024955206004713935,0.5789532709370314,0.001821813770817785,5.012961503785274,0,coinpaprika
stable_gho,2026-02-22,4169733.0,15.243362802771557,305439702.0,527437882.0,0.013651575000554446,0.007905638070949178,0.5791008048981965,0.0018221946867782457,4.9868030387012485,0,coinpaprika
stable_gho,2026-02-23,7649276.0,15.850121691532465,305473925.0,527437882.0,0.02504068391434719,0.0145027049839397,0.5791656902641665,0.001816070468114637,4.297909505085462,0,coinpaprika
stable_gho,2026-02-24,9512901.0,16.068159540443112,305461818.0,527437882.0,0.03114268441890829,0.018036059457708805,0.5791427359023105,0.0018159417538142315,3.671695227905891,0,coinpaprika
stable_gho,2026-02-25,7585507.0,15.841750142813456,305486925.0,527437882.0,0.024830872876146826,0.014381801646928349,0.5791903377163948,0.0018149833085951512,0.49571823639738,0,coinpaprika
stable_gho,2026-02-26,4936083.0,15.41208286225076,305530567.0,527437882.0,0.016155774685548893,0.009358605379808498,0.5792730811094832,0.0018111381830065517,0.6910311470798014,0,coinpaprika
stable_gho,2026-02-27,2596881.0,14.76982205256985,305569819.0,527437882.0,0.00849848656028428,0.004923576953086582,0.5793475012475497,0.0018125020580143773,1.1912473953978875,0,coinpaprika
stable_gho,2026-02-28,3270652.0,15.000500217126808,305641177.0,527437882.0,0.010700953425526169,0.006201018378880871,0.5794827930087888,0.0018120143797794826,1.70960892484473,0,coinpaprika
stable_gho,2026-03-01,1769337.0,14.386116023290906,305595237.0,527437882.0,0.005789805552499498,0.003354588398714979,0.5793956927045297,0.001810842847302367,3.152263979451231,0,coinpaprika
stable_gho,2026-03-02,6712881.0,15.719538924932344,305571410.0,527437882.0,0.021968288852677677,0.012727339520144668,0.5793505177165109,0.0018119961191367807,0.038423536405929326,0,coinpaprika
stable_gho,2026-03-03,7623198.0,15.846706655837599,305576904.0,527437882.0,0.024946905018711753,0.014453262194769697,0.5793609341090142,0.0018071191278798701,7.236841642603853,0,coinpaprika
stable_gho,2026-03-04,6792657.0,15.731352880961685,305471482.0,527437882.0,0.02223663222349509,0.012878591454680535,0.5791610584391055,0.001807175035538477,4.003655945166162,0,coinpaprika
stable_gho,2026-03-05,4831982.0,15.39076750037868,305387275.0,544000000.0,0.015822473284127506,0.008882319852941176,0.5613736672794117,0.0018585428680786252,1.3043031972315156,0,coinpaprika
stable_gho,2026-03-06,4643941.0,15.351074132488508,305372932.0,544000000.0,0.015207441503034068,0.00853665625,0.5613473014705882,0.0018512027027889138,1.0330279352999128,0,coinpaprika
stable_gho,2026-03-07,5226818.0,15.46931342920187,305405659.0,564000000.0,0.017114345612043814,0.00926740780141844,0.541499395390071,0.0019186452450105178,0.9430555830225451,0,coinpaprika
stable_gho,2026-03-08,2172474.0,14.59137762857561,305408604.0,564000000.0,0.007113335942559104,0.003851904255319149,0.5415046170212766,0.0019182165009507628,0.7866178338011842,0,coinpaprika
stable_gho,2026-03-09,4379040.0,15.292340308607939,305487618.0,564000000.0,0.014334590804920938,0.007764255319148936,0.5416447127659575,0.0019180989727284501,2.772462026348066,0,coinpaprika
stable_gho,2026-03-10,3056388.0,14.932744711743707,305379544.0,564000000.0,0.010008489632167373,0.005419127659574468,0.5414530921985815,0.0019101709017004987,3.3426089170895956,0,coinpaprika
stable_gho,2026-03-11,4026413.0,15.208386711489704,305416559.0,574000000.0,0.013183348712929479,0.0070146567944250875,0.5320845975609756,0.0019422402371534746,0.5130796318530972,0,coinpaprika
stable_gho,2026-03-12,3571530.0,15.088504913365899,305386606.0,574000000.0,0.01169511016472019,0.006222177700348432,0.5320324146341463,0.0019409063317412875,3.5616120468406898,0,coinpaprika
stable_gho,2026-03-13,6098813.0,15.623604884010803,305343880.0,584000000.0,0.01997358846687872,0.010443172945205479,0.5228491095890411,0.0019729586480934157,2.06351421850548,0,coinpaprika
stable_gho,2026-03-14,4904223.0,15.40560743255339,305349034.0,584000000.0,0.0160610398394121,0.008397642123287672,0.5228579349315069,0.001970026770782844,0.3574558167529496,0,coinpaprika
stable_gho,2026-03-15,2084503.0,14.55004149522655,305340388.0,584000000.0,0.00682681715856076,0.0035693544520547945,0.5228431301369864,0.0019701319141750017,0.2893385732316567,0,coinpaprika
stable_gho,2026-03-16,5616043.0,15.541138059414926,305228920.0,584000000.0,0.018399445897852668,0.00961651198630137,0.5226522602739726,0.0019703636554645023,1.8747210077063592,0,coinpaprika
stable_gho,2026-03-17,4015620.0,15.205702563390377,305329313.0,584000000.0,0.01315176705618173,0.006876061643835616,0.5228241660958904,0.0019701302198237474,1.1301618304782046,0,coinpaprika
stable_gho,2026-03-18,5226195.0,15.46919422914318,305322337.0,584000000.0,0.017116975624354665,0.00894896404109589,0.5228122208904109,0.001968075817893993,0.8330042100190838,0,coinpaprika
stable_gho,2026-03-19,4270576.0,15.267259504881354,305323025.0,584000000.0,0.013987074836560394,0.007312630136986301,0.5228133989726027,0.001972445328647736,1.3156738615571761,0,coinpaprika
stable_gho,2026-03-20,3917791.0,15.181038787767026,305337836.0,584000000.0,0.01283100401615475,0.006708546232876712,0.5228387602739726,0.0019686677449595224,0.19904219435984416,0,coinpaprika
stable_gho,2026-03-21,4900247.0,15.404796374044997,305382945.0,584000000.0,0.01604623663577545,0.00839083390410959,0.5229160017123288,0.001969528648656573,1.7242022471153362,0,coinpaprika
stable_gho,2026-03-22,12302416.0,16.325306305103293,305429890.0,584000000.0,0.04027901787870205,0.021065780821917807,0.5229963869863014,0.0019679276743240527,3.8449787576566585,0,coinpaprika
stable_gho,2026-03-23,11215290.0,16.232788672991703,305190952.0,584000000.0,0.03674843545165127,0.019204263698630136,0.5225872465753425,0.0019689621570014243,6.589982346835166,0,coinpaprika
stable_gho,2026-03-24,5507955.0,15.521704150418238,305168908.0,584000000.0,0.018048873445521522,0.009431429794520548,0.5225495,0.0019720360743170815,7.214038636400577,0,coinpaprika
stable_gho,2026-03-25,3354689.0,15.025869924714957,305143993.0,584000000.0,0.010993790069464025,0.005744330479452055,0.5225068373287671,0.0019723139090747814,9.499233263504658,0,coinpaprika
stable_gho,2026-03-26,3451133.0,15.054213430651135,305184257.0,584000000.0,0.011308358543540469,0.0059094743150684935,0.5225757825342465,0.001972506201078056,2.248686805126354,0,coinpaprika
stable_gho,2026-03-27,9941773.0,16.112256033533683,305264621.0,584000000.0,0.032567720974124935,0.017023583904109588,0.5227133921232877,0.001977942089018417,8.417278016236152,0,coinpaprika
stable_gho,2026-03-28,12772151.0,16.362777733779502,305281843.0,584000000.0,0.04183724414949893,0.021870121575342467,0.522742881849315,0.0019811170874530085,8.132965461964403,0,coinpaprika
stable_gho,2026-03-29,1121714.0,13.930369322103411,305250264.0,584000000.0,0.003674735560589065,0.0019207431506849315,0.5226888082191781,0.001981567064914687,9.614797548082032,0,coinpaprika
stable_gho,2026-03-30,2712703.0,14.81345648137619,305140067.0,584000000.0,0.008890025576352777,0.0046450393835616435,0.5225001147260274,0.001979533962199098,9.628844326085018,0,coinpaprika
stable_gho,2026-03-31,3850482.0,15.163709152940658,305150712.0,584000000.0,0.012618295971729537,0.006593291095890411,0.5225183424657535,0.0019793216033502795,9.172992054691242,0,coinpaprika
stable_gho,2026-04-01,4061405.0,15.217039777046754,305162095.0,584000000.0,0.013309008774500647,0.006954460616438356,0.5225378339041096,0.001977737559315627,9.273319281158932,0,coinpaprika
stable_gho,2026-04-02,4562619.0,15.333407577896873,305297265.0,584000000.0,0.014944840727610187,0.007812703767123287,0.5227692893835616,0.001977642176329889,4.006683776688336,0,coinpaprika
stable_gho,2026-04-03,3201072.0,14.978996624065282,305226856.0,584000000.0,0.010487517520411114,0.005481287671232877,0.5226487260273973,0.0019767965730315756,4.401782420333511,0,coinpaprika
stable_gho,2026-04-04,2876868.0,14.872213107955117,305224089.0,584000000.0,0.009425429065659362,0.004926143835616438,0.5226439880136986,0.0019742522573078865,10.481747884573123,0,coinpaprika
stable_gho,2026-04-05,1208337.0,14.00475641966431,305338168.0,584000000.0,0.003957372928234769,0.002069070205479452,0.5228393287671232,0.001974514736863748,5.052961694365088,0,coinpaprika
stable_gho,2026-04-06,1935612.0,14.475934630142437,305139256.0,584000000.0,0.006343372614109015,0.003314404109589041,0.5224987260273972,0.0019741929408607995,5.62485017654657,0,coinpaprika
stable_gho,2026-04-07,3003214.0,14.915193939474257,305318864.0,584000000.0,0.009836319841672148,0.005142489726027397,0.5228062739726027,0.001975789763269299,4.15496521676717,0,coinpaprika
stable_gho,2026-04-08,5273479.0,15.47820104414397,305289061.0,584000000.0,0.01727372406573061,0.009029929794520547,0.5227552414383562,0.001971346323267562,5.683837099385025,0,coinpaprika
stable_gho,2026-04-09,2815921.0,14.850800297012814,305310045.0,584000000.0,0.009223152156687148,0.004821782534246575,0.5227911729452055,0.001971617796673876,4.099481625601253,0,coinpaprika
stable_gho,2026-04-10,3497926.0,15.067681065274883,305276175.0,584000000.0,0.011458234498647003,0.005989599315068493,0.522733176369863,0.001970120510596525,5.5550723158248605,0,coinpaprika
stable_gho,2026-04-11,4860918.0,15.396738072650743,305245173.0,584000000.0,0.015924635112903162,0.008323489726027398,0.5226800907534247,0.0019662160056485452,5.130246406033212,0,coinpaprika
stable_gho,2026-04-12,3447274.0,15.053094621835207,305468755.0,584000000.0,0.011285193472569724,0.005902866438356164,0.5230629366438356,0.0019656809657847456,3.2848991593870114,0,coinpaprika
stable_gho,2026-04-13,2403634.0,14.69249273282699,305412153.0,584000000.0,0.007870132135835472,0.004115811643835616,0.5229660154109589,0.0019653075841097865,4.248567653367674,0,coinpaprika
stable_gho,2026-04-14,7552822.0,15.837431958624068,305259255.0,584000000.0,0.02474231944253418,0.012932914383561644,0.5227042037671232,0.0019646664429274646,4.0062668039198,0,coinpaprika
stable_gho,2026-04-15,5013156.0,15.427576414326937,305401135.0,584000000.0,0.016414988110636852,0.008584171232876713,0.5229471489726027,0.001957804796306565,3.8918806398047234,0,coinpaprika
stable_gho,2026-04-16,4295124.0,15.272991216585838,305299614.0,584000000.0,0.014068553653657747,0.007354664383561644,0.5227733116438357,0.0019593253825732643,5.112396569736388,0,coinpaprika
stable_gho,2026-04-17,3935105.0,15.185448377209072,305153475.0,584000000.0,0.012895494635936883,0.006738193493150685,0.522523073630137,0.00195523582257143,3.7722515569538206,0,coinpaprika
stable_gho,2026-04-18,7536162.0,15.8352237245161,305320492.0,584000000.0,0.024682791353552516,0.012904386986301369,0.5228090616438357,0.0019505534345884241,4.662822505104858,0,coinpaprika
stable_gho,2026-04-19,86038970.0,18.27031090273859,305169212.0,584000000.0,0.28193856593895195,0.14732700342465754,0.5225500205479452,0.0019508379722060554,10.455481936119115,0,coinpaprika
stable_gho,2026-04-20,75633981.0,18.141416237510587,305194439.0,584000000.0,0.24782227765296863,0.12951024143835616,0.5225932174657534,0.001955206263820952,10.714314322560758,0,coinpaprika
stable_gho,2026-04-21,45392363.0,17.630854455032807,304990611.0,584000000.0,0.14883200125790103,0.07772664897260274,0.5222441969178082,0.0019544675130004304,9.647057072902365,0,coinpaprika
stable_gho,2026-04-22,29837396.0,17.211273097591427,305016212.0,584000000.0,0.09782232821119685,0.05109143150684931,0.5222880342465753,0.001950871014502501,9.70294300901342,0,coinpaprika
stable_gho,2026-04-23,12139774.0,16.31199780965122,305151533.0,584000000.0,0.039782772449647175,0.020787284246575343,0.5225197482876712,0.0019534694139156893,11.300954114489281,0,coinpaprika
stable_gho,2026-04-24,4569273.0,15.33486488810604,305147830.0,584000000.0,0.01497396524169941,0.007824097602739727,0.5225134075342466,0.0019511187981676775,8.51184831936913,0,coinpaprika
stable_gho,2026-04-25,2890188.0,14.876832455874139,305264268.0,584000000.0,0.009467822811151943,0.004948952054794521,0.5227127876712329,0.0019526132078456577,9.899375077587758,0,coinpaprika
stable_gho,2026-04-26,3016228.0,14.919517933609534,305260179.0,584000000.0,0.009880843318250168,0.00516477397260274,0.5227057859589042,0.001952018910518729,7.549777085392728,0,coinpaprika
stable_gho,2026-04-27,2412607.0,14.696218878032651,305232914.0,584000000.0,0.007904150861004459,0.004131176369863014,0.5226590993150685,0.0019516240445140787,7.6221676879040245,0,coinpaprika
stable_gho,2026-04-28,3276315.0,15.002230178399676,305242179.0,584000000.0,0.01073349368273249,0.005610128424657535,0.5226749640410959,0.0019529510164645642,8.743971649354254,0,coinpaprika
stable_gho,2026-04-29,15455827.0,16.553496707008126,305263961.0,584000000.0,0.050631024210551996,0.02646545719178082,0.5227122619863014,0.0019529958882574916,7.87813540327531,0,coinpaprika
stable_gho,2026-04-30,8475293.0,15.952665900894582,305277717.0,584000000.0,0.027762566764740315,0.01451248801369863,0.5227358167808219,0.0019589743946564547,5.944932960110227,0,coinpaprika
stable_gho,2026-05-01,5831746.0,15.578827170385326,305338330.0,584000000.0,0.019099292250665024,0.009985866438356165,0.5228396061643835,0.0019557665921144675,4.796846584945724,0,coinpaprika
stable_gho,2026-05-02,2727042.0,14.8187284299469,305447749.0,584000000.0,0.008928014722413292,0.004669592465753425,0.5230269674657534,0.001954045242101605,2.485850235784959,0,coinpaprika
stable_gho,2026-05-03,1797264.0,14.401776622895586,305284291.0,584000000.0,0.005887181401024005,0.0030775068493150686,0.522747073630137,0.001951880544009847,2.4290589041142674,0,coinpaprika
stable_gho,2026-05-04,3405676.0,15.040954303059603,305326603.0,584000000.0,0.011154206566140586,0.00583163698630137,0.5228195256849315,0.0019514738720266937,2.1571830841260464,0,coinpaprika
stable_gho,2026-05-05,3338796.0,15.021121120431898,305317117.0,584000000.0,0.010935502184766143,0.005717116438356164,0.5228032825342466,0.0019484559571080866,3.647486446356485,0,coinpaprika
stable_gho,2026-05-06,3966711.0,15.193448097919772,305183898.0,584000000.0,0.012997772903470812,0.006792313356164384,0.5225751678082192,0.0019457617889468305,2.858870386435175,0,coinpaprika
stable_gho,2026-05-07,4931243.0,15.411101846845543,305455269.0,584000000.0,0.016143912056727362,0.008443909246575343,0.5230398441780822,0.0019443675393340629,2.852732050787621,0,coinpaprika
stable_gho,2026-05-08,5245015.0,15.47278885033219,305558281.0,584000000.0,0.017165350527678876,0.00898119006849315,0.5232162345890411,0.0019427172791959186,0.8378765657957032,0,coinpaprika
stable_gho,2026-05-09,1243892.0,14.033756535720206,305421496.0,584000000.0,0.0040727061332971794,0.0021299520547945205,0.5229820136986302,0.0019507650918432484,1.4949666073449386,0,coinpaprika
stable_gho,2026-05-10,1136313.0,13.94330024852016,305350204.0,584000000.0,0.0037213435102208085,0.0019457414383561645,0.5228599383561644,0.0019460221701681703,3.118992276185395,0,coinpaprika
stable_gho,2026-05-11,2929924.0,14.89048738339601,305319635.0,584000000.0,0.009596251482483267,0.0050169931506849315,0.5228075941780822,0.0019449725104915482,1.972018139096976,0,coinpaprika
stable_gho,2026-05-12,5875641.0,15.586325888619989,305129797.0,584000000.0,0.019256201976236363,0.010061029109589042,0.522482529109589,0.0019420850110095848,5.218718188286786,0,coinpaprika
stable_gho,2026-05-13,7736961.0,15.861519662055139,305257683.0,584000000.0,0.025345671643586445,0.013248220890410958,0.5227015119863013,0.0019445714226941195,6.109604377285693,0,coinpaprika
stable_gho,2026-05-14,6885471.0,15.744924242624457,305191509.0,584000000.0,0.02256114864584912,0.011790190068493151,0.5225882003424658,0.001947027321786913,6.15508182973068,0,coinpaprika
stable_gho,2026-05-15,13656151.0,16.429700674033015,305224987.0,584000000.0,0.04474126163203015,0.023383820205479453,0.5226455256849315,0.0019465368341521736,5.909107049609785,0,coinpaprika
stable_gho,2026-05-16,17501323.0,16.677787093174743,305264741.0,584000000.0,0.05733162284864075,0.02996801883561644,0.5227135976027397,0.0019459414463587237,6.183174298427518,0,coinpaprika
stable_gho,2026-05-17,3843383.0,15.161863786491104,305309995.0,584000000.0,0.012588461114743394,0.0065811352739726025,0.5227910873287671,0.0019453499487724402,6.670075359541672,0,coinpaprika
stable_gho,2026-05-18,7612292.0,15.84527499851235,305258470.0,584000000.0,0.02493720157871459,0.013034746575342466,0.5227028595890411,0.0019453599556034729,5.514005379193554,0,coinpaprika
stable_gho,2026-05-19,11720060.0,16.276812546877753,305227553.0,584000000.0,0.03839777859110904,0.02006859589041096,0.522649919520548,0.0019443746078513064,8.473786967818642,0,coinpaprika
stable_gho,2026-05-20,8577932.0,15.96470353334998,305135840.0,584000000.0,0.02811184684172138,0.014688239726027397,0.5224928767123288,0.001946920935579211,10.840881884141007,0,coinpaprika
stable_gho,2026-05-21,2774923.0,14.836133917400243,305083262.0,584000000.0,0.009095625180512197,0.0047515804794520545,0.522402845890411,0.0019512403914908483,10.916419061214322,0,coinpaprika
stable_gho,2026-05-22,1895878.0,14.455193141195211,305094778.0,584000000.0,0.006214062438000823,0.0032463664383561644,0.5224225650684932,0.001946160373765511,10.224839565911026,0,coinpaprika
stable_gho,2026-05-23,2793920.0,14.84295654352457,305218146.0,584000000.0,0.009153846311614776,0.004784109589041096,0.5226338116438356,0.0019455200939906606,12.04308368639051,0,coinpaprika
stable_gho,2026-05-24,3129104.0,14.956257579134974,305082305.0,584000000.0,0.010256589611121497,0.0053580547945205476,0.5224012071917808,0.0019461588720848064,11.7648970124129,0,coinpaprika
stable_gho,2026-05-25,2005251.0,14.511280296610547,305144118.0,584000000.0,0.00657148829590089,0.0034336489726027397,0.522507051369863,0.0019469173929209922,11.38028469664154,0,coinpaprika
stable_gho,2026-05-26,3613066.0,15.100067554103976,305111372.0,584000000.0,0.011841793953192934,0.006186756849315069,0.5224509794520548,0.0019464480340388242,10.422634562987643,0,coinpaprika
stable_gho,2026-05-27,5906408.0,15.591548590496757,305091480.0,584000000.0,0.019359465560952405,0.010113712328767123,0.5224169178082192,0.001947733299490544,11.513779276098868,0,coinpaprika
stable_gho,2026-05-28,1250545.0,14.039090813909134,305144165.0,584000000.0,0.004098210431125236,0.0021413441780821917,0.5225071318493151,0.001951614294300287,13.622371276740264,0,coinpaprika
stable_gho,2026-05-29,3498628.0,15.067881735433847,305131457.0,584000000.0,0.011465969567339626,0.005990801369863014,0.5224853715753425,0.0019574116458125805,12.538957279573104,0,coinpaprika
stable_gho,2026-05-30,4301339.0,15.274437160024876,305193417.0,584000000.0,0.014093813170288664,0.007365306506849315,0.5225914674657535,0.0019624067320482648,11.30029383072162,0,coinpaprika
stable_gho,2026-05-31,2365213.0,14.676379062072463,305225881.0,584000000.0,0.007749057819903549,0.004050022260273973,0.5226470565068493,0.001963692007817441,10.292568903098598,0,coinpaprika
stable_gho,2026-06-01,6357400.0,15.665130203998297,305296017.0,584000000.0,0.020823724012095448,0.010885958904109589,0.5227671523972602,0.001965417377168773,6.788314474791557,0,coinpaprika
stable_gho,2026-06-02,7930385.0,15.886212268340646,305260987.0,584000000.0,0.025979032165024087,0.013579426369863014,0.522707169520548,0.001964193484698363,4.17328781684323,0,coinpaprika
stable_gho,2026-06-03,6068389.0,15.618603888973892,305203145.0,584000000.0,0.019883114245103865,0.01039107705479452,0.522608125,0.0019659910481402525,7.369902867098155,0,coinpaprika
stable_gho,2026-06-04,9435439.0,16.05998337056758,305154634.0,584000000.0,0.03092018913925456,0.016156573630136985,0.522525058219178,0.001970267881291304,8.527189634339738,0,coinpaprika
stable_gho,2026-06-05,10007076.0,16.11880310065676,305106106.0,584000000.0,0.03279867496326016,0.017135404109589043,0.5224419623287672,0.0019762937829483377,9.440852938737976,0,coinpaprika
stable_gho,2026-06-06,11780828.0,16.281984107226048,305167083.0,584000000.0,0.03860451751278823,0.020172650684931508,0.522546375,0.0019785846866654535,10.744932982507116,0,coinpaprika
stable_gho,2026-06-07,9781646.0,16.09601843274046,305233439.0,584000000.0,0.03204644298490507,0.01674939383561644,0.5226599982876712,0.001981869672384677,6.633865502716496,0,coinpaprika
stable_gho,2026-06-08,6035575.0,15.613181851207074,305215216.0,584000000.0,0.01977481686234149,0.010334888698630137,0.5226287945205479,0.001982361007902736,7.9293395812163325,0,coinpaprika
stable_gho,2026-06-09,4961829.0,15.417285182268104,305221445.0,584000000.0,0.016256488792915583,0.008496282534246575,0.5226394606164384,0.0019790428840834222,7.172518487967849,0,coinpaprika
stable_gho,2026-06-10,5492881.0,15.518963630207981,305164355.0,584000000.0,0.017999746398952788,0.00940561815068493,0.5225417037671233,0.0019866079213518325,8.726411525503686,0,coinpaprika
stable_gho,2026-06-11,4209550.0,15.252866549139606,305053649.0,599000000.0,0.013799375991073623,0.00702762938230384,0.5092715342237062,0.0020391472635418817,9.299337977709543,0,coinpaprika
stable_gho,2026-06-12,2930588.0,14.89071398468144,304966951.0,599000000.0,0.009609526508988837,0.0048924674457429046,0.509126796327212,0.002041248548611547,10.151505101518854,0,coinpaprika
stable_gho,2026-06-13,3956901.0,15.190971953823825,305037076.0,599000000.0,0.012971869032733582,0.006605844741235392,0.5092438664440735,0.0020429657476867995,10.010940879811026,0,coinpaprika
stable_gho,2026-06-14,3571431.0,15.0884771937767,305022459.0,599000000.0,0.011708747649955834,0.005962322203672788,0.5092194641068447,0.002042995312488604,8.000894850211937,0,coinpaprika
stable_gho,2026-06-15,6027473.0,15.611838575465322,304999401.0,599000000.0,0.01976224536913107,0.010062559265442405,0.5091809699499166,0.0020432051319269557,9.990255586211916,0,coinpaprika
stable_gho,2026-06-16,10831249.0,16.197946032446055,304995860.0,599000000.0,0.035512773845520394,0.018082218697829715,0.5091750584307179,0.0020406867390569813,12.782044711400209,0,coinpaprika
stable_gho,2026-06-17,9246877.0,16.039796539004588,305052872.0,599000000.0,0.030312374833173183,0.015437190317195326,0.5092702370617697,0.002041755228524601,11.424206469269338,0,coinpaprika
stable_gho,2026-06-18,4162590.0,15.24164827489373,305011508.0,599000000.0,0.01364732113648643,0.00694923205342237,0.5092011819699499,0.002042658158481037,13.444411823678726,0,coinpaprika
stable_gho,2026-06-19,4397684.0,15.29658882406655,304970763.0,599000000.0,0.014420018354349595,0.0073417095158597664,0.5091331602671119,0.0020426867838069527,15.73262044791468,0,coinpaprika
stable_gho,2026-06-20,2643608.0,14.787655587021119,304821563.0,599000000.0,0.008672641049347287,0.004413368948247078,0.5088840784641069,0.00204168096686602,15.184959878259408,0,coinpaprika
stable_gho,2026-06-21,1685385.0,14.33750517565245,304835816.0,599000000.0,0.005528828672809234,0.002813664440734558,0.5089078731218698,0.0020412576592609088,17.985505492779108,0,coinpaprika
stable_gho,2026-06-22,1394877.0,14.148317514216041,304753500.0,599000000.0,0.004577066383158848,0.0023286761268781304,0.508770450751252,0.0020410592186345363,18.921316186555348,0,coinpaprika
stable_gho,2026-06-23,4845809.0,15.39362497199608,304912911.0,599000000.0,0.01589243625042824,0.008089831385642739,0.5090365792988314,0.0020416666517957044,15.149945071690762,0,coinpaprika
stable_gho,2026-06-24,3653276.0,15.111135130989119,304808610.0,599000000.0,0.011985475082216345,0.006098958263772955,0.5088624540901503,0.00204427059858034,21.66376387566671,0,coinpaprika
stable_gho,2026-06-25,6518427.0,15.690143800538044,304768359.0,599000000.0,0.02138813563648187,0.010882181969949917,0.5087952570951586,0.002047250523363463,22.145928052053065,0,coinpaprika
stable_gho,2026-06-26,7832902.0,15.873843752767018,304757896.0,599000000.0,0.0257020477658108,0.013076631051752921,0.5087777896494157,0.002047832345450054,21.206059395770804,0,coinpaprika
stable_gho,2026-06-27,2257117.0,14.629599336223015,304692400.0,599000000.0,0.007407854610092014,0.003768141903171953,0.508668447412354,0.0020550165181379134,20.935036064491097,0,coinpaprika
stable_gho,2026-06-28,1386562.0,14.142338581159313,304675938.0,599000000.0,0.004550940284624643,0.002314794657762938,0.5086409649415693,0.002055049918671219,23.325645901687288,0,coinpaprika
stable_gho,2026-06-29,3639413.0,15.107333237641813,419404529.0,599000000.0,0.00867757200590459,0.00607581469115192,0.7001745058430718,0.002055771065075157,23.343705564426998,0,coinpaprika
stable_gho,2026-06-30,9620090.0,16.07936428205661,597828341.0,599000000.0,0.016091726236846307,0.01606025041736227,0.9980439749582638,0.0020603903464886733,22.109831415063617,0,coinpaprika
stable_gho,2026-07-01,5426008.0,15.506714430880066,597888765.0,599000000.0,0.009075280081571695,0.00905844407345576,0.9981448497495826,0.0020659785680531397,21.85748359404771,0,coinpaprika
stable_gho,2026-07-02,1451331.0,14.187992313412646,597700969.0,599000000.0,0.0024281891368324016,0.002422923205342237,0.9978313338898164,0.002064998181342967,20.496519520664116,0,coinpaprika
stable_gho,2026-07-03,1479051.0,14.20691189996602,597815081.0,599000000.0,0.0024740944934442026,0.0024692003338898164,0.998021838063439,0.002067079384034444,20.152527489024628,0,coinpaprika
stable_gho,2026-07-04,2218322.0,14.612262062980625,597879508.0,599000000.0,0.00371031615955635,0.0037033756260434056,0.9981293956594324,0.0020684071414018516,19.234177541535004,0,coinpaprika
stable_gho,2026-07-05,2044512.0,14.530670177289485,597905752.0,599000000.0,0.0034194553124151914,0.0034132086811352255,0.9981732086811352,0.0020686988869421533,18.77042091928849,0,coinpaprika
stable_gho,2026-07-06,3613414.0,15.10016386652827,597991978.0,599000000.0,0.006042579387243887,0.006032410684474123,0.9983171585976628,0.0020684638889303217,18.125584028644283,0,coinpaprika
stable_gho,2026-07-07,2615293.0,14.776887077459852,598099189.0,599000000.0,0.004372674379265878,0.004366098497495826,0.9984961419031719,0.002070651765411476,15.56879656433141,0,coinpaprika
stable_gho,2026-07-08,4395269.0,15.296039520661557,598058824.0,599000000.0,0.007349225232733962,0.007337677796327212,0.998428754590985,0.0020874504181529847,13.55871170867995,0,coinpaprika
stable_gho,2026-07-09,3101973.0,14.947549240994261,598011963.0,599000000.0,0.005187142050534531,0.005178585976627713,0.9983505225375626,0.0020873059139419324,17.052375622748084,0,coinpaprika
stable_gho,2026-07-10,3776891.0,15.144412007163455,598112647.0,599000000.0,0.006314681722488306,0.006305327212020034,0.9985186093489149,0.0020817871793299956,17.270418892046948,0,coinpaprika
stable_gho,2026-07-11,3034492.0,14.925554917450311,598080574.0,599000000.0,0.005073717709480396,0.005065929883138564,0.9984650651085142,0.002083194637535366,14.591305812998723,0,coinpaprika
stable_gho,2026-07-12,488854.0,13.099821200967837,597999141.0,599000000.0,0.0008174827796282737,0.0008161168614357262,0.9983291168614358,0.0020830854286995977,14.379768127172898,0,coinpaprika
stable_gho,2026-07-13,1433605.0,14.175703506461902,597966833.0,599000000.0,0.0023974657470676136,0.002393330550918197,0.9982751803005009,0.0020827682601076707,15.203194712843926,0,coinpaprika
stable_gho,2026-07-14,4045096.0,15.213016088409706,597771828.0,599000000.0,0.006766956571931322,0.006753081803005008,0.9979496293823038,0.00209314506106995,20.052791833310437,0,coinpaprika
stable_gho,2026-07-15,2664828.0,14.795650448420224,598004067.0,599000000.0,0.004456203807055379,0.004448794657762939,0.9983373405676127,0.0020925039736561816,17.9939341264701,0,coinpaprika
stable_gho,2026-07-16,4580938.0,15.337414556910325,598141184.0,599000000.0,0.007658623285836141,0.007647642737896494,0.9985662504173622,0.002093757664009647,13.852208937408239,0,coinpaprika
stable_gho,2026-07-17,9605488.0,16.077845263872735,598280779.0,599000000.0,0.016055150586744824,0.016035873121869784,0.9987992971619366,0.0020922184885633975,18.576989409309075,0,coinpaprika
stable_gho,2026-07-18,8918539.0,16.003642814029583,598406656.0,599000000.0,0.014903809826607276,0.01488904674457429,0.9990094424040067,0.0020904083273915667,10.737759830955484,0,coinpaprika
stable_gho,2026-07-19,1175875.0,13.97752395970442,598408558.0,649000000.0,0.001965003648895008,0.0018118258859784284,0.9220470847457627,0.002264149378379736,9.953095275510027,0,coinpaprika
stable_gho,2026-07-20,2469824.0,14.719657855891736,598287797.0,649000000.0,0.004128153728664467,0.003805583975346687,0.9218610123266564,0.0022644372153514825,11.719884891244758,0,coinpaprika
stable_gho,2026-07-21,8843215.0,15.9951611693593,598369553.0,649000000.0,0.014778851891215795,0.013625909090909091,0.9219869845916795,0.0022643849718838025,14.171183056750358,0,coinpaprika
stable_gho,2026-07-22,3327616.0,15.017766990165933,598483026.0,649000000.0,0.005560084171877583,0.0051272973805855165,0.9221618274268105,0.002264697571099134,10.576147886055542,0,coinpaprika
stable_gho,2026-07-23,2967166.0,14.903118183499554,598557657.0,649000000.0,0.004957193288398614,0.004571904468412943,0.9222768212634823,0.002267282983789927,10.356699866281849,0,coinpaprika
stable_gho,2026-07-24,4355589.0,15.286970635556468,598583762.0,649000000.0,0.007276490403693911,0.006711231124807396,0.9223170446841295,0.002261900501829507,10.13277935276613,0,coinpaprika
stable_gho,2026-07-25,2943630.0,14.895154411301318,598619707.0,649000000.0,0.004917362334681708,0.0045356394453004625,0.9223724298921417,0.002262145323326979,10.22459901990902,0,coinpaprika
stable_gho,2026-07-26,518723.0,13.159127228789044,598486233.0,649000000.0,0.0008667250329215176,0.0007992650231124807,0.9221667688751926,0.0022629965218575188,9.651380120058173,0,coinpaprika
stable_gho,2026-07-27,1222581.0,14.016475573746314,598332554.0,649000000.0,0.002043313524939845,0.0018837919876733436,0.9219299753466872,0.0022664498247639245,9.31370713506019,0,coinpaprika
stable_gho,2026-07-28,2340089.0,14.665699948132719,598372358.0,649000000.0,0.003910757187750975,0.003605684129429892,0.9219913066255778,0.002275404170545368,12.263454677441388,0,coinpaprika
stable_gho,2026-07-29,1639600.0,14.30996347751699,598129633.0,649000000.0,0.0027412117867766637,0.0025263482280431433,0.9216173081664099,0.002276838739893637,12.616137815127937,0,coinpaprika
stable_gho,2026-07-30,906438.0,13.717279015131272,598001065.0,649000000.0,0.0015157799091879544,0.001396668721109399,0.9214192064714946,0.0022794171772091377,15.523743779954913,0,coinpaprika
stable_gho,2026-07-31,1539971.0,14.247274792406339,598029714.0,649000000.0,0.0025750743883605756,0.0023728366718027737,0.9214633497688752,0.002285487515817554,13.83972788551624,0,coinpaprika
stable_gho,2026-08-01,1409228.0,14.158553304289418,598116667.0,649000000.0,0.0023561088960592363,0.0021713836671802774,0.9215973297380585,0.0022855116968466672,15.91125093041934,0,coinpaprika
stable_gho,2026-08-02,971136.0,13.786222828979055,597939476.0,649000000.0,0.001624137624256807,0.0014963574730354392,0.9213243081664099,0.0022859077144328764,16.704411107770767,0,coinpaprika
stable_gho,2026-08-03,1265920.0,14.051310478475395,598036517.0,649000000.0,0.002116793814448625,0.0019505701078582434,0.9214738320493067,0.0022870217191672056,18.636628501115247,0,coinpaprika
stable_gho,2026-08-04,1066660.0,13.880043766587734,597871273.0,649000000.0,0.0017840964237129352,0.0016435439137134052,0.921219218798151,0.0022852772160067854,16.712778672450803,0,coinpaprika
stable_gho,2026-08-05,2163619.0,14.587293302789522,598115110.0,649000000.0,0.003617395654826376,0.003333773497688752,0.9215949306625578,0.002283165712074719,13.880182551725406,0,coinpaprika
stable_gho,2026-08-06,2226147.0,14.615783295579615,597984215.0,699000000.0,0.0037227521131138887,0.0031847596566523606,0.8554852861230329,0.002459557331493809,22.86670649986999,0,coinpaprika
stable_gho,2026-08-07,1771791.0,14.387502021767576,598127454.0,699000000.0,0.0029622298527698077,0.0025347510729613735,0.8556902060085837,0.002458836669349509,22.976773157363795,0,coinpaprika
stable_gho,2026-08-08,1275595.0,14.058924078333883,598118928.0,699000000.0,0.0021326778677032607,0.0018248855507868383,0.855678008583691,0.0024577608361515766,17.16000925511718,0,coinpaprika
stable_gho,2026-08-09,303113.0,12.62186425135564,597970512.0,699000000.0,0.0005069029223300563,0.00043363805436337624,0.8554656824034335,0.0024577017751092546,19.080547305118102,0,coinpaprika
stable_gho,2026-08-10,1515936.0,14.231544287592717,597938369.0,699000000.0,0.002535271323255725,0.0021687210300429184,0.8554196981402002,0.0024571464037906883,21.317427648682717,0,coinpaprika
stable_gho,2026-08-11,3075894.0,14.939106473784479,598075874.0,699000000.0,0.005142982911897229,0.0044004206008583695,0.8556164148783977,0.002467278039160023,19.94101717855412,0,coinpaprika
stable_gho,2026-08-12,11236166.0,16.234648330036368,598293722.0,699000000.0,0.018780350832429425,0.01607462947067239,0.8559280715307582,0.0024589004501274704,16.23166380399055,0,coinpaprika
stable_gho,2026-08-13,7296852.0,15.802953717279662,598252678.0,699000000.0,0.012196939969234872,0.01043898712446352,0.8558693533619456,0.002459461679542094,15.714946354501436,0,coinpaprika
stable_gho,2026-08-14,2660036.0,14.793850590435579,598240728.0,699000000.0,0.004446430802016542,0.0038054878397711014,0.8558522575107296,0.00246001327161492,16.94937467903945,0,coinpaprika
stable_gho,2026-08-15,1189420.0,13.988977192059755,598335048.0,699000000.0,0.001987882882635349,0.0017016022889842631,0.8559871931330472,0.0024589527079861458,13.980204799145524,0,coinpaprika
stable_gho,2026-08-16,616148.0,13.331244096383536,598258553.0,699000000.0,0.0010299025344648939,0.0008814706723891273,0.8558777582260372,0.002460286085952271,15.593402350837504,0,coinpaprika
stable_gho,2026-08-17,1385033.0,14.141235246038722,598311539.0,699000000.0,0.002314902704893345,0.0019814492131616595,0.8559535608011445,0.0024601004010801476,13.292484661536763,0,coinpaprika
stable_gho,2026-08-18,1598874.0,14.284810814901695,598282931.0,699000000.0,0.002672437933884495,0.00228737339055794,0.8559126337625179,0.0024597526972133603,13.586102446848658,0,coinpaprika
stable_gho,2026-08-19,4613026.0,15.344394815546892,598184386.0,699000000.0,0.007711712488597119,0.006599464949928469,0.8557716537911302,0.0024597083805465744,12.25093724926074,0,coinpaprika
stable_gho,2026-08-20,6106230.0,15.62482028320237,598150668.0,699000000.0,0.010208514888760435,0.008735665236051501,0.8557234163090128,0.002454407412346476,13.382634079106559,0,coinpaprika
stable_gho,2026-08-21,3391105.0,15.036666679834788,598198879.0,699000000.0,0.005668858834488053,0.0048513662374821175,0.8557923876967096,0.002449513116270075,12.61234249931853,0,coinpaprika
stable_pyusd,2025-08-25,95059786.0,18.37001658845754,294281262.0,1206246631.0,0.3230235773557339,0.07880626030946403,0.2439644218993885,0.004585006494502919,3.009999999999957,0,coinpaprika
stable_pyusd,2025-08-26,73190189.0,18.1085719535571,294220525.0,1163971699.0,0.24875963021274602,0.06287969807417113,0.2527729198680457,0.004392586518277843,2.4800000000002598,0,coinpaprika
stable_pyusd,2025-08-27,53418735.0,17.793672103816167,294151571.0,1175812928.0,0.18160275268426154,0.04543132136747522,0.2501686824453762,0.004435006337460229,2.389999999999892,0,coinpaprika
stable_pyusd,2025-08-28,58901679.0,17.89138017113525,294208219.0,1181622588.0,0.20020405684179748,0.04984813221935463,0.24898662397608126,0.004446362062883834,2.3200000000000998,0,coinpaprika
stable_pyusd,2025-08-29,54497115.0,17.813658340802103,294231606.0,1190626415.0,0.1852184261944993,0.045771800720547595,0.24712336488855743,0.0044396372195732664,4.309999999999592,0,coinpaprika
stable_pyusd,2025-08-30,59222859.0,17.896818173966683,294237827.0,1169215143.0,0.2012754770650206,0.05065180634596006,0.251654136333744,0.004358975729166909,0.0,0,coinpaprika
stable_pyusd,2025-08-31,29793104.0,17.209787548865187,294165807.0,1169215143.0,0.10127996963290842,0.02548128475616228,0.25159253945789856,0.004353301659300501,5.3000000000003045,0,coinpaprika
stable_pyusd,2025-09-01,52038293.0,17.7674904285962,294179277.0,1180820491.0,0.17689312969519602,0.04406960532665757,0.2491312432687112,0.004384728669838453,1.9400000000002748,0,coinpaprika
stable_pyusd,2025-09-02,60007493.0,17.90998001238702,294176048.0,1175007326.0,0.20398497229114995,0.051069888393189475,0.25036103306814617,0.00436359671955164,2.7999999999994696,0,coinpaprika
stable_pyusd,2025-09-03,57593961.0,17.86892829378256,294134358.0,1193745087.0,0.1958083421182642,0.048246448615540984,0.2463962877863555,0.004447182669468026,2.020000000000355,0,coinpaprika
stable_pyusd,2025-09-04,51120268.0,17.749691630148035,294207705.0,1182268169.0,0.17375570772356216,0.04323914771657868,0.24885022934251053,0.0043744368067060516,0.0,0,coinpaprika
stable_pyusd,2025-09-05,81183382.0,18.212221141332556,294231426.0,1174629055.0,0.27591676084253486,0.06911405916142607,0.25048880303748317,0.00430948577263572,1.8200000000001548,0,coinpaprika
stable_pyusd,2025-09-06,61735359.0,17.93836742034302,294201383.0,1174335092.0,0.2098404785541066,0.05257047960208618,0.25052592314085426,0.004333674140379822,1.1399999999994748,0,coinpaprika
stable_pyusd,2025-09-07,25157271.0,17.04065755784485,294182361.0,1185625719.0,0.0855159055576415,0.02121856045870746,0.2481241392503902,0.004374943224698808,0.10999999999983245,0,coinpaprika
stable_pyusd,2025-09-08,41724209.0,17.546592093839823,294187808.0,1185625719.0,0.14182847781373728,0.03519172056691864,0.2481287334489747,0.004378356175236853,2.8799999999995496,0,coinpaprika
stable_pyusd,2025-09-09,58937280.0,17.89198440255041,294168911.0,1174413691.0,0.20035183119673716,0.05018442858054181,0.2504815068611117,0.004333913388170819,0.0,0,coinpaprika
stable_pyusd,2025-09-10,74828854.0,18.130714130589748,294212858.0,1175258453.0,0.25433577073643737,0.0636701261828746,0.2503388571671052,0.00433109335190332,2.8700000000003723,0,coinpaprika
stable_pyusd,2025-09-11,65315301.0,17.99473690063857,294157491.0,1238653791.0,0.2220419435111377,0.05273087724316342,0.2374816055441274,0.004563100858292787,2.0100000000000673,0,coinpaprika
stable_pyusd,2025-09-12,94256915.0,18.361534760910608,294134562.0,1348160073.0,0.32045508137190626,0.06991522511882015,0.21817480571537443,0.004957740013691672,1.9599999999997397,0,coinpaprika
stable_pyusd,2025-09-13,62353107.0,17.94832407648229,294028684.0,1347258159.0,0.21206470794529692,0.04628148405223353,0.21824227378830074,0.004931114808165701,0.0,0,coinpaprika
stable_pyusd,2025-09-14,31419658.0,17.262944337772957,294011508.0,1347258159.0,0.10686540201684895,0.023321185913857213,0.21822952493249662,0.004920051513321316,2.6999999999999247,0,coinpaprika
stable_pyusd,2025-09-15,62518784.0,17.95097762954752,294226381.0,1347258145.0,0.2124853107580452,0.046404457996429484,0.21838901630837793,0.004916436415667858,1.1499999999997623,0,coinpaprika
stable_pyusd,2025-09-16,86984060.0,18.28123545293787,294246700.0,1254713515.0,0.29561609357046315,0.06932583331582269,0.23451305535670428,0.004573993677378382,0.14999999999987246,0,coinpaprika
stable_pyusd,2025-09-17,65526524.0,17.99796558046263,294203390.0,1291403809.0,0.22272525139836083,0.05074053796599883,0.22781672777302456,0.004693725869212318,0.0,0,coinpaprika
stable_pyusd,2025-09-18,94817205.0,18.367461448646797,294135450.0,1294411867.0,0.32235898461066154,0.07325118644018118,0.2272348218513358,0.004701924081630407,2.689999999999637,0,coinpaprika
stable_pyusd,2025-09-19,56570106.0,17.850991258779455,294160093.0,1309537210.0,0.1923106068639977,0.043198547981695,0.22462904509601525,0.004734441626189584,5.479999999999929,0,coinpaprika
stable_pyusd,2025-09-20,32101069.0,17.284399920878034,294199005.0,1384798158.0,0.10911345196425801,0.023181045421350133,0.2124490152593054,0.0049939099937797386,1.1799999999995148,0,coinpaprika
stable_pyusd,2025-09-21,7984706.0,15.893038645157139,294056797.0,1391085397.0,0.02715361821750374,0.00573991073245376,0.21138658894282103,0.0050137246027391474,2.229999999999732,0,coinpaprika
stable_pyusd,2025-09-22,40695318.0,17.521623631513393,294219165.0,1391085391.0,0.13831633979384042,0.02925436372439052,0.21150331022346278,0.005017360286179599,2.5900000000000922,0,coinpaprika
stable_pyusd,2025-09-23,83234166.0,18.237168482550956,294238283.0,1409572088.0,0.28288013766040093,0.05904924388656027,0.20874298342377506,0.005066424655691304,2.7100000000002122,0,coinpaprika
stable_pyusd,2025-09-24,86438797.0,18.274947183907017,294259667.0,1545168321.0,0.2937500673512283,0.055941346858611914,0.19043858393987875,0.0055431631290978525,2.769999999999717,0,coinpaprika
stable_pyusd,2025-09-25,159902586.0,18.890075356535096,294370624.0,1806430578.0,0.5432015729939139,0.08851853370254453,0.16295706438157959,0.00646335016443812,2.4100000000004673,0,coinpaprika
stable_pyusd,2025-09-26,173649474.0,18.97254931382701,294236024.0,1878696122.0,0.5901706787609392,0.0924308471000293,0.1566171455587856,0.006724033376825901,2.7399999999999647,0,coinpaprika
stable_pyusd,2025-09-27,132768378.0,18.704116656714177,294285909.0,2250316510.0,0.45115438401775465,0.05899986842295354,0.130775341020806,0.008028175835323545,1.36000000000025,0,coinpaprika
stable_pyusd,2025-09-28,112291883.0,18.536612146393544,294341774.0,2319660072.0,0.38150168585992145,0.04840876659276308,0.1268900463274431,0.00827063860035863,3.3600000000000296,0,coinpaprika
stable_pyusd,2025-09-29,123588469.0,18.632467813846922,294247764.0,2319654074.0,0.4200149809804502,0.053278836006303586,0.1268498468362572,0.008267362138039231,3.2200000000004447,0,coinpaprika
stable_pyusd,2025-09-30,170182623.0,18.952382677234965,294199554.0,2395013279.0,0.578459826625026,0.07105706865686234,0.12283838113951434,0.008536152167573792,2.0100000000000673,0,coinpaprika
stable_pyusd,2025-10-01,154858533.0,18.858022574263035,294187601.0,2439496251.0,0.5263938129057996,0.06347971755911504,0.12059358602392048,0.008663833003413507,1.6199999999999548,0,coinpaprika
stable_pyusd,2025-10-02,65779052.0,18.001812002148462,294176681.0,2445602444.0,0.22360389605456185,0.026896870405646357,0.12028802216882312,0.008665237866506676,0.0,0,coinpaprika
stable_pyusd,2025-10-03,99171851.0,18.412364781990455,294157820.0,2538642631.0,0.33713824436147916,0.03906491200808957,0.11587208707833285,0.008956304382398238,1.9248289733808654,0,coinpaprika
stable_pyusd,2025-10-04,150282676.0,18.828028591926344,294146655.0,2532040308.0,0.5109107088095223,0.05935240269484683,0.11616981533455115,0.008885951464265608,3.4955205551512325,0,coinpaprika
stable_pyusd,2025-10-05,60038863.0,17.910502643831016,294137850.0,2542532538.0,0.20411811332679558,0.023613803207107667,0.11568695605814111,0.008913170377624038,1.2900594875153715,0,coinpaprika
stable_pyusd,2025-10-06,88915338.0,18.30319522778267,294147466.0,2542532538.0,0.3022815025712307,0.03497117015066495,0.11569073811396785,0.008922052648537132,0.22046321441315797,0,coinpaprika
stable_pyusd,2025-10-07,103686417.0,18.456881690658562,294166227.0,2515063326.0,0.35247559877089496,0.041226165531547336,0.11696175756649715,0.008805118550075904,0.8121113697634463,0,coinpaprika
stable_pyusd,2025-10-08,99250913.0,18.41316168655718,294219901.0,2518933288.0,0.3373358248801804,0.03940196172436306,0.11680337165007126,0.008795762706254713,4.970238257846482,0,coinpaprika
stable_pyusd,2025-10-09,77260876.0,18.162698266419373,294200955.0,2527268084.0,0.262612594170539,0.03057090638271994,0.11641066369752011,0.008825247426897491,0.011761794573850182,0,coinpaprika
stable_pyusd,2025-10-10,113471114.0,18.547058869104724,294314923.0,2540618208.0,0.38554318905535073,0.044662796496812325,0.1158438218199214,0.008878862291371565,1.0464680697142015,0,coinpaprika
stable_pyusd,2025-10-11,329675206.0,19.613618506548946,294329576.0,2545397153.0,1.120088611142497,0.1295181797510245,0.11563208344642947,0.008873605193308941,0.13323441840462635,0,coinpaprika
stable_pyusd,2025-10-12,98795528.0,18.40856290865771,294324472.0,2524013908.0,0.3356687513228598,0.03914222805463242,0.11660968708101112,0.008808028624511665,1.3039434711270559,0,coinpaprika
stable_pyusd,2025-10-13,158546234.0,18.881556812214455,294216717.0,2524013908.0,0.538875681900835,0.06281511900448689,0.11656699516094743,0.008804876555811983,0.2170299685655408,0,coinpaprika
stable_pyusd,2025-10-14,176982016.0,18.991558686506533,294272017.0,2544441574.0,0.6014231927461863,0.06955632929773847,0.11565288824352467,0.008864849438993742,1.7176703535248805,0,coinpaprika
stable_pyusd,2025-10-15,254913732.0,19.356435743924898,294280659.0,2638965620.0,0.8662265908545488,0.09659607918651096,0.11151363881731813,0.009169025685611957,0.753012319040236,0,coinpaprika
stable_pyusd,2025-10-16,253907961.0,19.352482404985906,294293421.0,2645799078.0,0.862771448091597,0.09596645607418267,0.11123044960105621,0.009164501686148982,0.9074943862985574,0,coinpaprika
stable_pyusd,2025-10-17,271951705.0,19.421135057025555,294332849.0,2656093064.0,0.9239597480334246,0.10238786761125325,0.1108142079015647,0.009202226030360984,0.9346496840956231,0,coinpaprika
stable_pyusd,2025-10-18,169185325.0,18.94650527560718,294322695.0,2736390743.0,0.5748293552422112,0.06182791161415649,0.10755872338514193,0.00947372533520048,0.6624302346580624,0,coinpaprika
stable_pyusd,2025-10-19,49032659.0,17.707997164654273,294345735.0,2736390743.0,0.16658185653683755,0.017918734422498372,0.10756714323528904,0.009475159903583415,1.1288678586318657,0,coinpaprika
stable_pyusd,2025-10-20,78466987.0,18.178188559271135,294295023.0,2744154822.0,0.266626958893559,0.028594227399608433,0.10724432187303169,0.009492171862490375,0.1658583315600204,0,coinpaprika
stable_pyusd,2025-10-21,120047387.0,18.603397122793837,294275866.0,2730403623.0,0.4079416658653211,0.04396690144591124,0.10777742291327161,0.009446907546667547,1.898641910649257,0,coinpaprika
stable_pyusd,2025-10-22,186213005.0,19.04240176999193,294231768.0,2744743413.0,0.6328786529943973,0.06784350191643942,0.10719827820933002,0.009458135656302068,4.131861869903775,0,coinpaprika
stable_pyusd,2025-10-23,125168981.0,18.64517523833193,294233933.0,2761858987.0,0.42540634155884394,0.045320554593542686,0.10653474141328419,0.00953658199979293,1.519497844011397,0,coinpaprika
stable_pyusd,2025-10-24,77555338.0,18.166502291122917,294236272.0,2765756036.0,0.2635818401070552,0.028041279487602645,0.10638547585908623,0.009551146976782355,1.0159064049597433,0,coinpaprika
stable_pyusd,2025-10-25,54607789.0,17.81568710453084,294243466.0,2779644458.0,0.18558709133748444,0.019645602099518586,0.1058565116675796,0.009584470342469524,0.7614806880806846,0,coinpaprika
stable_pyusd,2025-10-26,26645618.0,17.09813530481867,294144045.0,2779644458.0,0.09058697074761449,0.009585980654220777,0.10582074414353032,0.009590594829198672,2.2748054983623422,0,coinpaprika
stable_pyusd,2025-10-27,69575141.0,18.057917906337135,294194610.0,2774380905.0,0.23649359517497617,0.025077717653913856,0.10603973285348141,0.009576783972145321,0.37424887263215467,0,coinpaprika
stable_pyusd,2025-10-28,147591758.0,18.809960635238575,294290688.0,2763501843.0,0.5015169151393605,0.05340751205715769,0.10649194562523764,0.009551684137727704,0.25991015724646793,0,coinpaprika
stable_pyusd,2025-10-29,161034209.0,18.89712738484916,294364123.0,2790190126.0,0.5470578661517117,0.0577144215010386,0.10549966479237695,0.009635963022792524,1.9245116626853687,0,coinpaprika
stable_pyusd,2025-10-30,150422232.0,18.82895678435273,294395919.0,2824926133.0,0.5109521643878494,0.05324820010081304,0.10421366971721806,0.009772768207626141,0.8633038504823887,0,coinpaprika
stable_pyusd,2025-10-31,153193753.0,18.847214044204648,294349337.0,2813265633.0,0.5204487788603377,0.05445406619375569,0.10462905939177625,0.009738244705091055,0.35097213489265755,0,coinpaprika
stable_pyusd,2025-11-01,79372444.0,18.189661825682677,294413055.0,2807267400.0,0.2695955313530509,0.028273916478351865,0.10487531576079999,0.00972468750667786,0.42959470285097723,0,coinpaprika
stable_pyusd,2025-11-02,40357213.0,17.51328072232576,294340954.0,2807267400.0,0.13711042398809375,0.014375977507522083,0.10484963206568779,0.009720833549067382,7.325200838792512,0,coinpaprika
stable_pyusd,2025-11-03,72438474.0,18.098248138852867,294338643.0,2807267400.0,0.24610589102974154,0.02580390952425836,0.10484880884521368,0.00972252596484205,5.783281714450972,0,coinpaprika
stable_pyusd,2025-11-04,200740708.0,19.117524628275543,294379975.0,2791745132.0,0.6819102012628406,0.07190509824805884,0.10544657949814597,0.009670839731524354,3.0659699289103948,0,coinpaprika
stable_pyusd,2025-11-05,378830410.0,19.752599198524692,294316848.0,2773426779.0,1.2871516278266204,0.13659290119661746,0.10612028780731694,0.00963604875958538,1.6007734833634046,0,coinpaprika
stable_pyusd,2025-11-06,217895685.0,19.199527001646352,294378496.0,2801260771.0,0.7401888655617019,0.07778486289308051,0.10508785866976324,0.009727424236024369,3.492117272227979,0,coinpaprika
stable_pyusd,2025-11-07,208665050.0,19.156240897554785,294349225.0,2784844752.0,0.7089030045857944,0.0749287908599366,0.10569681659582868,0.009676565223686923,0.249883326280953,0,coinpaprika
stable_pyusd,2025-11-08,131940971.0,18.697865198716855,294352523.0,2797093899.0,0.4482413456330388,0.047170733541398356,0.10523512389242103,0.009701389409102989,1.5620469994082065,0,coinpaprika
stable_pyusd,2025-11-09,52524378.0,17.77678798168399,294322438.0,2802240160.0,0.17845862638580073,0.018743710389190912,0.10503112552637173,0.009735251024614425,2.0908760154580985,0,coinpaprika
stable_pyusd,2025-11-10,106036575.0,18.479294649161776,294305644.0,2809342259.0,0.36029405878468307,0.037744270802285325,0.10475962587227076,0.009761234962811928,3.3075988266018097,0,coinpaprika
stable_pyusd,2025-11-11,114250054.0,18.55390006913891,294336599.0,3119301878.0,0.3881612221795088,0.036626802556620014,0.09435976718890687,0.01082111955555333,1.7534810538910595,0,coinpaprika
stable_pyusd,2025-11-12,144751205.0,18.79052700598889,294347549.0,3110679739.0,0.4917696970529216,0.046533625170469536,0.09462483241512508,0.01078940109783024,1.4738437975525542,0,coinpaprika
stable_pyusd,2025-11-13,164711022.0,18.919703120655726,294364733.0,3309484159.0,0.559547403390881,0.049769394288253485,0.08894580510364063,0.011451539580318712,4.517420884559975,0,coinpaprika
stable_pyusd,2025-11-14,202246570.0,19.124998159494627,294365377.0,3409484158.0,0.6870596401695707,0.05931881792893786,0.08633721799507478,0.011818548992452679,1.4933794599447658,0,coinpaprika
stable_pyusd,2025-11-15,174521191.0,18.97755673635909,294397538.0,3417450306.0,0.59280791607707,0.05106766020667339,0.08614537495486847,0.011872350157732204,1.3207250711810836,0,coinpaprika
stable_pyusd,2025-11-16,80087033.0,18.198624526276618,294515663.0,3423709150.0,0.27192792459394594,0.023391891510410573,0.08602239562317962,0.011900798963467078,2.2394763700051,0,coinpaprika
stable_pyusd,2025-11-17,126294791.0,18.654129351316133,294458355.0,3434735870.0,0.42890544233326305,0.03676986987648631,0.0857295483975599,0.011944083028637661,5.736207276918481,0,coinpaprika
stable_pyusd,2025-11-18,201603128.0,19.121811614874375,294445218.0,3424620400.0,0.6846880698874179,0.05886875170164845,0.08597893594279822,0.01191351316326116,1.9230583828988568,0,coinpaprika
stable_pyusd,2025-11-19,141903626.0,18.770658702057315,294417003.0,3519635425.0,0.4819817624459685,0.04031770591694167,0.08364985785424069,0.012247204892484768,0.9902046442145096,0,coinpaprika
stable_pyusd,2025-11-20,142091228.0,18.771979867024385,294391663.0,3518294787.0,0.4826605025156572,0.040386390738213034,0.08367453008422401,0.012261857587843997,4.227665882631237,0,coinpaprika
stable_pyusd,2025-11-21,171528291.0,18.960258778894584,294373934.0,3600674737.0,0.5826884489032239,0.04763781888916561,0.0817552140922525,0.012549820068252185,2.191014476750075,0,coinpaprika
stable_pyusd,2025-11-22,174996631.0,18.9802772859883,294353342.0,3598340235.0,0.5945121254984765,0.04863259713405061,0.08180253193872869,0.012556974555771446,1.684708638350907,0,coinpaprika
stable_pyusd,2025-11-23,96376271.0,18.38377058820425,294380789.0,3606245701.0,0.32738641447149597,0.02672482104402237,0.08163081869834027,0.012577215473837753,15.846527477955119,0,coinpaprika
stable_pyusd,2025-11-24,97844299.0,18.398887997682436,294344294.0,3623439845.0,0.3324144581515142,0.02700315258027969,0.0812333877727174,0.012647327907283503,2.284804200497481,0,coinpaprika
stable_pyusd,2025-11-25,115852784.0,18.56783084826023,294299314.0,3724292349.0,0.3936563168475479,0.031107328089081763,0.07902153924060809,0.012952069103785668,1.1845514529951195,0,coinpaprika
stable_pyusd,2025-11-26,120803158.0,18.609672993785317,294316793.0,3757974050.0,0.410452821154517,0.032145820166054634,0.07831794181761313,0.013043656958196757,3.4702331214619964,0,coinpaprika
stable_pyusd,2025-11-27,131862971.0,18.697273850452003,294288804.0,3811795410.0,0.4480733524609383,0.03459340201052396,0.07720477421950618,0.013187613829772439,2.8221098206160367,0,coinpaprika
stable_pyusd,2025-11-28,73523788.0,18.113119571680457,294308158.0,3852860883.0,0.24981906210020857,0.019082907541356976,0.07638691531754431,0.013317278475064325,3.1730521950312784,0,coinpaprika
stable_pyusd,2025-11-29,63454217.0,17.965829227456506,294312312.0,3862013034.0,0.21560163952638176,0.01643034770762506,0.07620697014975429,0.013325133769866812,2.8326434395731237,0,coinpaprika
stable_pyusd,2025-11-30,21908514.0,16.902385932004012,294302615.0,3861954682.0,0.07444213161340751,0.005672908100685993,0.076205610690281,0.01332379015952693,3.6110415776846594,0,coinpaprika
stable_pyusd,2025-12-01,63541847.0,17.96720927042426,294338462.0,3856935431.0,0.215880203247104,0.01647469814746816,0.07631407558297805,0.013312809412113406,1.6955109358163245,0,coinpaprika
stable_pyusd,2025-12-02,170131298.0,18.952081043966853,294296686.0,3845004611.0,0.5780945083425099,0.04424735864120398,0.07654000860182583,0.013232221196915158,2.1597363613445886,0,coinpaprika
stable_pyusd,2025-12-03,141881328.0,18.770501554896587,294224751.0,3837626051.0,0.4822209128150473,0.036971118632840444,0.0766684265454503,0.013186519580659202,5.144010748266981,0,coinpaprika
stable_pyusd,2025-12-04,106339582.0,18.482148144648537,294295725.0,3797820325.0,0.36133580261826775,0.028000161382042213,0.07749069198001093,0.013016416479766176,1.595974420001145,0,coinpaprika
stable_pyusd,2025-12-05,102142474.0,18.44187921033723,294282720.0,3820222687.0,0.34708960825154805,0.02673730888714551,0.07703287062333494,0.013080352549588902,0.27373327276869475,0,coinpaprika
stable_pyusd,2025-12-06,73039300.0,18.106508224106616,294281556.0,3834823506.0,0.24819530314023486,0.01904632635262667,0.07673926988805727,0.01311850467289865,3.628601159404443,0,coinpaprika
stable_pyusd,2025-12-07,37138693.0,17.430169949027153,294322272.0,3834823506.0,0.12618376702392403,0.009684589901436783,0.0767498873258445,0.01312345271354192,2.537605085559669,0,coinpaprika
stable_pyusd,2025-12-08,93939176.0,18.358158077613528,294269996.0,3834820006.0,0.31922784271897026,0.024496371629704073,0.07673632544411003,0.01312305677974178,3.9307593268977925,0,coinpaprika
stable_pyusd,2025-12-09,74512121.0,18.12647238152312,294252282.0,3816325063.0,0.25322529529269716,0.019524573973640044,0.0771035687847537,0.013041690022582748,5.295109271045151,0,coinpaprika
stable_pyusd,2025-12-10,61753697.0,17.938664418318904,294234450.0,3819857557.0,0.20987922046517665,0.01616649209519202,0.07702759739320825,0.013031467914282452,1.940705219227734,0,coinpaprika
stable_pyusd,2025-12-11,103671083.0,18.456733791500053,294253074.0,3814926849.0,0.352319456142708,0.02717511687731971,0.07713203572360294,0.01302170077216861,1.8517283510388616,0,coinpaprika
stable_pyusd,2025-12-12,102191047.0,18.4423546389424,294247241.0,3902885052.0,0.34729653420947454,0.02618346316595542,0.07539223858238293,0.013283528886066142,0.5034468464715225,0,coinpaprika
stable_pyusd,2025-12-13,64741703.0,17.985916126783273,294259744.0,3864157324.0,0.22001549420229224,0.01675441695861967,0.07615107753827054,0.013153942265238642,4.410581961299398,0,coinpaprika
stable_pyusd,2025-12-14,22950863.0,16.948866140821018,294225109.0,3864157323.0,0.07800443367326614,0.005939422513517574,0.07614211441359578,0.013155956631366669,2.8059204142183436,0,coinpaprika
stable_pyusd,2025-12-15,45887508.0,17.64170350291905,294241989.0,3864157320.0,0.15595159669750602,0.011875165579438676,0.0761464828248763,0.01315962382122487,1.2185189413516095,0,coinpaprika
stable_pyusd,2025-12-16,75686273.0,18.142107380963072,294282382.0,3854165496.0,0.25718927679469444,0.019637525445793676,0.07635437095408007,0.013131360480023627,1.9119942934631151,0,coinpaprika
stable_pyusd,2025-12-17,96222011.0,18.382168704430597,294301186.0,3855894774.0,0.3269508095016647,0.024954522008436945,0.07632500450594505,0.01314062797247962,2.0238951136164474,0,coinpaprika
stable_pyusd,2025-12-18,101860329.0,18.439113119156307,294311669.0,3855378930.0,0.3460968073270652,0.026420315836503262,0.07633793573696789,0.01313515066351136,5.302571469747441,0,coinpaprika
stable_pyusd,2025-12-19,121240285.0,18.613284969108534,294312321.0,3864932209.0,0.4119443066061784,0.03136931734990749,0.07614941351743643,0.013197705797602077,1.4581150496761897,0,coinpaprika
stable_pyusd,2025-12-20,57426053.0,17.866008660746267,294298281.0,3872574987.0,0.195128740830124,0.014828906655849348,0.07599550221440296,0.013225220251757912,0.5435353830218759,0,coinpaprika
stable_pyusd,2025-12-21,16322467.0,16.60805312155701,294233870.0,3866864721.0,0.05547446662071909,0.004221111463081876,0.07609106892260481,0.013188654279036307,2.6156683561895377,0,coinpaprika
stable_pyusd,2025-12-22,53603815.0,17.797130817536708,294250119.0,3866844713.0,0.18217092037947485,0.013862417288128632,0.07609566477049269,0.013190480971659674,3.233599223702033,0,coinpaprika
stable_pyusd,2025-12-23,93981699.0,18.358610640430438,294267608.0,3822586951.0,0.31937493779471643,0.02458588913861439,0.07698127257066546,0.013035314632237675,2.2711511594031286,0,coinpaprika
stable_pyusd,2025-12-24,79921825.0,18.19655953989141,294268042.0,3817125288.0,0.2715953266851859,0.020937700224630405,0.07709153349645043,0.013028475995526938,1.4850439241786972,0,coinpaprika
stable_pyusd,2025-12-25,55096745.0,17.82460121611791,294267687.0,3710008051.0,0.18723341853025133,0.014850842435543814,0.07931726372418053,0.012682787752439213,8.893637331438553,0,coinpaprika
stable_pyusd,2025-12-26,60491692.0,17.918016607788644,294268988.0,3703973402.0,0.2055659769353609,0.01633156759909152,0.07944684155699021,0.012659988181400886,12.903074982446583,0,coinpaprika
stable_pyusd,2025-12-27,51489996.0,17.75689811375858,294269171.0,3721701279.0,0.17497584210070039,0.013835069539443282,0.07906845524127301,0.012725693229041093,1.225245159003352,0,coinpaprika
stable_pyusd,2025-12-28,18650889.0,16.741404424095105,294198940.0,3726890261.0,0.06339550033728877,0.005004410565873648,0.07893952314041586,0.01274821072303969,4.206700096998084,0,coinpaprika
stable_pyusd,2025-12-29,52161039.0,17.769846414034205,294228008.0,3729361896.0,0.17728101194227575,0.01398658549494656,0.07889500032581445,0.012758576757165728,13.536007250763982,0,coinpaprika
stable_pyusd,2025-12-30,118828737.0,18.593193837996065,294272816.0,3563992726.0,0.40380466879414373,0.033341464513415506,0.08256829870982178,0.012192771845013183,14.146071824973072,0,coinpaprika
stable_pyusd,2025-12-31,163078795.0,18.909744053008506,294286291.0,3531300289.0,0.554150159172722,0.046180947994706206,0.08333652391916421,0.012088142972871098,2.553984971275236,0,coinpaprika
stable_pyusd,2026-01-01,168912564.0,18.944891772143027,294284716.0,3600566381.0,0.5739766791014727,0.04691277597084246,0.08173289556690998,0.01236215665971946,1.2960270697126575,0,coinpaprika
stable_pyusd,2026-01-02,161448734.0,18.899698219894752,294264837.0,3595166114.0,0.548651125448604,0.04490716948273951,0.0818501364524154,0.012357044964716457,24.698805740381857,0,coinpaprika
stable_pyusd,2026-01-03,115019335.0,18.56061081132416,294208886.0,3613025896.0,0.3909444631798103,0.031834627902152184,0.0814300518370821,0.012385658095874169,21.119026133479267,0,coinpaprika
stable_pyusd,2026-01-04,35376695.0,17.38156385624132,294198003.0,3619692188.0,0.12024791004444717,0.009773398720830679,0.08127707764083503,0.012408279492140368,2.757754548309288,0,coinpaprika
stable_pyusd,2026-01-05,63992331.0,17.974273821645856,294212614.0,3619694791.0,0.21750369615355786,0.017678930046563696,0.08128105572092141,0.012402654277918857,1.7919892304851803,0,coinpaprika
stable_pyusd,2026-01-06,105607977.0,18.47524447562516,294190604.0,3623230141.0,0.3589780759959281,0.02914746590478863,0.08119567141788138,0.012391146571700396,0.41985095940777484,0,coinpaprika
stable_pyusd,2026-01-07,122348858.0,18.622387022104526,294275331.0,3633488410.0,0.4157632159795277,0.03367256041419436,0.08098975359054468,0.01243954087499178,2.4807871453635943,0,coinpaprika
stable_pyusd,2026-01-08,82556436.0,18.22899270227401,294290898.0,3638720866.0,0.2805266372866211,0.022688312470297633,0.0808775690242792,0.01247151207035834,0.5296106236896136,0,coinpaprika
stable_pyusd,2026-01-09,65951637.0,18.00443227381689,294257129.0,3650783007.0,0.224129275046383,0.018065066281272957,0.08060110075997184,0.012541214369064453,0.56213216941714,0,coinpaprika
stable_pyusd,2026-01-10,54960617.0,17.822127450356632,294275767.0,3656779803.0,0.18676569110768812,0.015029785757105375,0.08047401890553485,0.012549755370742287,1.643960780779441,0,coinpaprika
stable_pyusd,2026-01-11,20365802.0,16.829367728682577,294251659.0,3652834232.0,0.06921219091580381,0.005575342516665289,0.08055434227544767,0.012530619116987832,3.4484645223908927,0,coinpaprika
stable_pyusd,2026-01-12,44575396.0,17.61269262801145,294276510.0,3672839746.0,0.1514745298562906,0.012136493580626809,0.08012233866737294,0.012602447759132053,2.2750409979821473,0,coinpaprika
stable_pyusd,2026-01-13,74418542.0,18.125215702620686,294221882.0,3643449913.0,0.2529334035053178,0.02042529574359487,0.08075365080502481,0.012530613063774145,1.9789909097522873,0,coinpaprika
stable_pyusd,2026-01-14,113375729.0,18.546217905188108,294184625.0,3623394947.0,0.38538971572698605,0.031289917510612456,0.08119032821513729,0.01242759042520901,6.5808353350904625,0,coinpaprika
stable_pyusd,2026-01-15,136920155.0,18.734908510977057,294194643.0,3649328820.0,0.4654066899511831,0.03751927046135568,0.0806160961401116,0.012478009311250052,0.3824440802357998,0,coinpaprika
stable_pyusd,2026-01-16,112701574.0,18.540253954067634,294217036.0,3686169781.0,0.3830559084280898,0.030574167956372817,0.0798164635596854,0.01256541750345471,0.16378693729945937,0,coinpaprika
stable_pyusd,2026-01-17,67161556.0,18.022611573347408,294216940.0,3695746610.0,0.22827222660938556,0.018172662546256112,0.0796096083004998,0.012575234055688004,1.5008632402158106,0,coinpaprika
stable_pyusd,2026-01-18,17208539.0,16.660916330190474,294184038.0,3709377669.0,0.05849582838345566,0.004639198414282577,0.07930819243846589,0.01261866508755248,1.8564863926728847,0,coinpaprika
stable_pyusd,2026-01-19,37881839.0,17.44998239954807,294244795.0,3709377669.0,0.12874259678918024,0.010212451354464656,0.07932457173586333,0.012616012175966433,0.6493583185440688,0,coinpaprika
stable_pyusd,2026-01-20,63287048.0,17.963191269025153,294256142.0,3717229650.0,0.2150746882285978,0.017025326374441246,0.07916006534597614,0.012644516413337316,2.154410380444949,0,coinpaprika
stable_pyusd,2026-01-21,87078368.0,18.282319064251677,294282642.0,3687045819.0,0.2959004561335969,0.02361738157721549,0.0798152929056399,0.012631506127075266,4.670004661099236,0,coinpaprika
stable_pyusd,2026-01-22,136299765.0,18.730367179864114,294255810.0,3733880245.0,0.4632016101908064,0.03650351807145331,0.07880697577112573,0.012820625461515526,2.6545860643412134,0,coinpaprika
stable_pyusd,2026-01-23,138722997.0,18.74798968264302,294293509.0,3685595722.0,0.4713763394625194,0.03763923323763832,0.07984964472454421,0.012680861829030388,8.088424690010365,0,coinpaprika
stable_pyusd,2026-01-24,164487921.0,18.918347702981738,294323422.0,3741829783.0,0.558867927949003,0.04395922063245815,0.07865761915124507,0.01285837449660766,17.713572450235304,0,coinpaprika
stable_pyusd,2026-01-25,121098939.0,18.612118455388398,294318716.0,3753363204.0,0.4114551077342971,0.03226411418722908,0.07841466439654476,0.012897072684581318,24.26909532040944,0,coinpaprika
stable_pyusd,2026-01-26,131187357.0,18.69213707312434,294284760.0,3734724303.0,0.44578372661907467,0.035126383196377,0.07879691675329535,0.012832718895110715,0.6379950323920358,0,coinpaprika
stable_pyusd,2026-01-27,105116142.0,18.470576420627125,294296691.0,3861513281.0,0.3571774512408636,0.027221489180733444,0.07621278747066415,0.013299507302258606,2.4148724811667854,0,coinpaprika
stable_pyusd,2026-01-28,124717031.0,18.64155798512467,294305082.0,3816484682.0,0.4237678471348993,0.03267850951641786,0.07711417875933191,0.01317095697134747,10.874170944120687,0,coinpaprika
stable_pyusd,2026-01-29,104267326.0,18.46246861106747,294281828.0,3796976619.0,0.3543111265436342,0.02746061839787168,0.07750425075767368,0.013117307269471946,15.068222843349632,0,coinpaprika
stable_pyusd,2026-01-30,163113053.0,18.909954101175718,294320158.0,3821078007.0,0.5542027909620788,0.04268770559019891,0.07702542514463773,0.01326542999635953,9.095170495641014,0,coinpaprika
stable_pyusd,2026-01-31,161592043.0,18.900585470166035,294335064.0,3595395671.0,0.549007110481407,0.044944161307024055,0.08186444300805858,0.012510140839011584,11.843813292625738,0,coinpaprika
stable_pyusd,2026-02-01,137639216.0,18.740146450124104,294336118.0,3602134363.0,0.4676259812599689,0.038210461390276576,0.08171158772513562,0.012543039840339682,1.1657066186954168,0,coinpaprika
stable_pyusd,2026-02-02,214215175.0,19.182491563141404,294336962.0,3590593523.0,0.7277889040656742,0.05966010177086815,0.08197445912899565,0.01249532671097447,10.031591667910567,0,coinpaprika
stable_pyusd,2026-02-03,183339705.0,19.026851306918566,294299407.0,3567623950.0,0.6229700116249299,0.05138986271240835,0.08249171188572159,0.012403492632410985,2.1529808497267044,0,coinpaprika
stable_pyusd,2026-02-04,203369742.0,19.130536274367916,294324347.0,3596200619.0,0.6909715219719829,0.05655127829229707,0.0818431389630991,0.012490444218242148,3.9817235556660613,0,coinpaprika
stable_pyusd,2026-02-05,367362616.0,19.721859975432313,294366867.0,3566406343.0,1.247975425169029,0.10300638252313696,0.08253879078523162,0.012369696590442115,4.917351843412021,0,coinpaprika
stable_pyusd,2026-02-06,677690637.0,20.33420145563878,294345952.0,3563190283.0,2.302360988473862,0.19019209842181756,0.08260741880789418,0.012391188666455331,12.983693135263374,0,coinpaprika
stable_pyusd,2026-02-07,328909183.0,19.6112922341504,294321051.0,3829265405.0,1.1175183762169971,0.08589354568386205,0.07686096936913674,0.013284093091792964,0.253949452480029,0,coinpaprika
stable_pyusd,2026-02-08,107562769.0,18.493585142101388,294335246.0,3850440203.0,0.3654430465320487,0.027935187492639006,0.07644197299069184,0.013346556442015848,1.481340551482413,0,coinpaprika
stable_pyusd,2026-02-09,189843725.0,19.061711796953535,294308691.0,3850440203.0,0.6450496733716912,0.04930442105089354,0.07643507637664254,0.013290794833959571,2.3670257158880936,0,coinpaprika
stable_pyusd,2026-02-10,304029455.0,19.532635149413345,294307240.0,3831917561.0,1.0330342366025382,0.07934133502617907,0.07680416796941629,0.013227147433427466,4.485346215628017,0,coinpaprika
stable_pyusd,2026-02-11,325103846.0,19.599655218486188,294312031.0,3893989786.0,1.1046230250777618,0.083488623203081,0.07558109989351677,0.013437140669090828,3.163777678295565,0,coinpaprika
stable_pyusd,2026-02-12,284554011.0,19.466433642369292,294312475.0,3909309090.0,0.9668431859709651,0.07278882391977862,0.07528503585271637,0.013498853474360683,2.3614891753420686,0,coinpaprika
stable_pyusd,2026-02-13,246337455.0,19.322212926234226,294317550.0,3933598773.0,0.8369784778379679,0.06262394037003631,0.07482144646276052,0.01359309662741594,2.627216368468188,0,coinpaprika
stable_pyusd,2026-02-14,186678649.0,19.044899247393428,294302283.0,4022055345.0,0.6343092112540629,0.04641374446328013,0.07317211170797551,0.013888182341507196,2.163599817668338,0,coinpaprika
stable_pyusd,2026-02-15,123759982.0,18.633854626866437,294275060.0,4027189781.0,0.42055885401909354,0.030731102513194424,0.07307206166155099,0.013902645370411623,0.4703692231367018,0,coinpaprika
stable_pyusd,2026-02-16,132492615.0,18.702037473535785,294323339.0,4031793756.0,0.4501600703843605,0.03286195252493466,0.07300059398177211,0.013912932592157114,1.2188712651040046,0,coinpaprika
stable_pyusd,2026-02-17,158333527.0,18.880214302803733,294335675.0,4042396548.0,0.5379352231087856,0.039168232289911405,0.07281217255779232,0.013946274795942425,1.9292481563870645,0,coinpaprika
stable_pyusd,2026-02-18,232259305.0,19.263365003746767,294320187.0,4042536316.0,0.7891382081787003,0.05745385739164254,0.07280582386733468,0.013957687718725601,2.106447807745937,0,coinpaprika
stable_pyusd,2026-02-19,220309061.0,19.21054194574272,294338137.0,4031016166.0,0.7484896902775463,0.05465347989874571,0.07301834695743069,0.01391304725472873,5.504896764740863,0,coinpaprika
stable_pyusd,2026-02-20,220812650.0,19.2128251669215,294313991.0,4010920864.0,0.7502621579413804,0.0550528563108544,0.0733781595248148,0.013836859329037032,4.581358407523828,0,coinpaprika
stable_pyusd,2026-02-21,179870320.0,19.00774671032479,294300964.0,4048205662.0,0.6111781543467864,0.04443211017869477,0.07269911377343456,0.013982834896440238,5.287553764683484,0,coinpaprika
stable_pyusd,2026-02-22,47707598.0,17.68060125134647,294280655.0,4073357620.0,0.16211598414445558,0.011712106436655077,0.07224522923180018,0.014072653606840626,5.3825441604760105,0,coinpaprika
stable_pyusd,2026-02-23,101791981.0,18.438441896699807,294316184.0,4073357620.0,0.3458592715377147,0.024989699038504752,0.07225395152022031,0.014025356790265064,2.2043761724765965,0,coinpaprika
stable_pyusd,2026-02-24,246941887.0,19.324663595656567,294321094.0,4085070611.0,0.8390220478047014,0.060449845428632666,0.07204798203670512,0.014064689971954487,0.29485202546974953,0,coinpaprika
stable_pyusd,2026-02-25,245475262.0,19.318706738411255,294302552.0,4106124205.0,0.834091516814302,0.05978271716697864,0.07167405010341132,0.014129714890470334,2.361993651120997,0,coinpaprika
stable_pyusd,2026-02-26,301584145.0,19.52455962640342,294302190.0,4140761861.0,1.0247431220270566,0.07283300878528837,0.07107440608258636,0.014218720666700931,0.6659089096627824,0,coinpaprika
stable_pyusd,2026-02-27,187408823.0,19.04880301310617,294290679.0,4194034244.0,0.6368153542504824,0.04468461917498831,0.07016887843035934,0.014412494737404495,0.6343095888072803,0,coinpaprika
stable_pyusd,2026-02-28,94303453.0,18.362028374716573,294291057.0,4195939442.0,0.32044280910649625,0.022474931848647017,0.07013710780814458,0.014415162173709582,1.2315756097835973,0,coinpaprika
stable_pyusd,2026-03-01,101162678.0,18.4322404622149,294250799.0,4195939442.0,0.3437974623817419,0.024109661113645788,0.07012751329407771,0.014405842252831556,1.4973681731222932,0,coinpaprika
stable_pyusd,2026-03-02,104073231.0,18.4606053631518,294254082.0,4195939442.0,0.3536849184644446,0.02480332055278504,0.07012829571719066,0.014415016904373489,0.7544694098493565,0,coinpaprika
stable_pyusd,2026-03-03,153312709.0,18.847990249733368,294208872.0,4199968489.0,0.5211015832316572,0.0365032998227335,0.0700502569889638,0.014390023265269778,0.3565074601930007,0,coinpaprika
stable_pyusd,2026-03-04,191827783.0,19.07210856915089,294171091.0,4190024472.0,0.6520959702325066,0.045782019718953085,0.07020748756142349,0.01435639699480988,1.6339424502720412,0,coinpaprika
stable_pyusd,2026-03-05,138308653.0,18.744998368791553,294162928.0,4213771619.0,0.470177034000695,0.032823006443055164,0.06980988876416845,0.014396094099640757,1.642426369087291,0,coinpaprika
stable_pyusd,2026-03-06,107916652.0,18.49686975566898,294155738.0,4201539909.0,0.3668691038758523,0.02568502366687861,0.0700114111423522,0.014297614035691703,1.3849534873922043,0,coinpaprika
stable_pyusd,2026-03-07,162230338.0,18.904527729010237,294184825.0,4180193464.0,0.5514571936196913,0.03880928942574893,0.07037588751179388,0.014220404810155398,2.4103445597600803,0,coinpaprika
stable_pyusd,2026-03-08,83177803.0,18.236491091353475,294177944.0,4128516957.0,0.2827465644399228,0.020147138516403578,0.07125511341335639,0.014041470481156792,2.0664917936275007,0,coinpaprika
stable_pyusd,2026-03-09,85926576.0,18.269003733746768,294186190.0,4128516957.0,0.29208228979069345,0.020812940069026342,0.0712571107407468,0.01404061016686824,0.6913893712257035,0,coinpaprika
stable_pyusd,2026-03-10,101980317.0,18.440290391844904,294192546.0,4068317151.0,0.3466448024825211,0.025066953537516867,0.0723130805885394,0.01377868978852708,1.274902740301398,0,coinpaprika
stable_pyusd,2026-03-11,110555214.0,18.521025637379893,294184640.0,4071507809.0,0.375802128894289,0.027153383755182673,0.07225447028486837,0.013776735701261993,2.004610091907999,0,coinpaprika
stable_pyusd,2026-03-12,146044022.0,18.799418661619622,294152035.0,4086223890.0,0.4964916254956387,0.03574058248678097,0.07198627459446429,0.01381703453138243,1.5817607797130595,0,coinpaprika
stable_pyusd,2026-03-13,123253887.0,18.629756916028466,294149120.0,4102420830.0,0.4190183774814625,0.030044184179905307,0.07170135200390935,0.013859429203197035,0.21687701342587573,0,coinpaprika
stable_pyusd,2026-03-14,89354019.0,18.308116790163663,294167294.0,4104997947.0,0.3037523913178465,0.0217671287912096,0.07166076519355687,0.013847527139723656,0.43156182616077565,0,coinpaprika
stable_pyusd,2026-03-15,25822249.0,17.06674708133673,294123313.0,4123491159.0,0.08779395531968594,0.006262229747635067,0.07132871192364305,0.01391065330507597,0.881056733108565,0,coinpaprika
stable_pyusd,2026-03-16,78562159.0,18.179400716540858,294133923.0,4123491158.0,0.26709655995714576,0.019052340841711587,0.07133128500332775,0.01391228957423362,2.124757968920976,0,coinpaprika
stable_pyusd,2026-03-17,162452030.0,18.905893322309634,294149966.0,4092966800.0,0.55227621545943,0.0396905320609979,0.07186717615202742,0.013807667091464556,1.9969521760820896,0,coinpaprika
stable_pyusd,2026-03-18,145711100.0,18.79713645906608,294160029.0,4072635234.0,0.49534636128282405,0.03577808755951061,0.07222842511016787,0.013724751573867199,3.128783361179277,0,coinpaprika
stable_pyusd,2026-03-19,133029820.0,18.70608387909803,294176328.0,4096311683.0,0.452211164998973,0.03247551219114593,0.07181492785835945,0.013835189801059068,0.523476798860445,0,coinpaprika
stable_pyusd,2026-03-20,125359201.0,18.6466937903249,294214053.0,4076013364.0,0.4260816222806325,0.03075534592383638,0.0721818175569652,0.01374026718789513,0.42408687986994487,0,coinpaprika
stable_pyusd,2026-03-21,113771090.0,18.54969901399264,294226665.0,4065495967.0,0.38667837940521127,0.027984553649417012,0.07237165339438646,0.013710806126719618,2.8253891880669624,0,coinpaprika
stable_pyusd,2026-03-22,97649666.0,18.396896805142898,294258434.0,4060041403.0,0.33185001589453167,0.024051396600991756,0.0724767076962737,0.01368128054086499,4.253724695848504,0,coinpaprika
stable_pyusd,2026-03-23,131023831.0,18.690889788283446,294222410.0,4100724246.0,0.4453224042315472,0.03195138788661675,0.07174888930583312,0.013825635028548286,0.08542303378655802,0,coinpaprika
stable_pyusd,2026-03-24,121666064.0,18.616790677660948,294199238.0,4036318858.0,0.4135498950544529,0.030142827729989018,0.07288800720411272,0.013629736978462887,0.7326336334345651,0,coinpaprika
stable_pyusd,2026-03-25,91574057.0,18.33265857992596,294188502.0,3995531802.0,0.3112768051009689,0.022919116037109697,0.0736293731544675,0.013493909156224702,1.787161990212116,0,coinpaprika
stable_pyusd,2026-03-26,80822365.0,18.207764292118046,294228220.0,3947264055.0,0.27469277080220245,0.020475540494338678,0.07453978652056506,0.013332196619486324,2.688905565506605,0,coinpaprika
stable_pyusd,2026-03-27,94494375.0,18.364050877465477,294278477.0,3884278302.0,0.3211052876286294,0.024327395632631473,0.07576142956813293,0.013155612224292448,1.7873285636660352,0,coinpaprika
stable_pyusd,2026-03-28,61354557.0,17.932180021389982,294311931.0,3871713789.0,0.2084677871927659,0.01584687307577218,0.07601593171379951,0.013134106755334473,0.3315896377920069,0,coinpaprika
stable_pyusd,2026-03-29,35740819.0,17.391804010913052,294305990.0,3861528438.0,0.12144101790113072,0.009255614602831004,0.07621489643940828,0.013102530090705916,2.7572091607008797,0,coinpaprika
stable_pyusd,2026-03-30,72377168.0,18.097401462320292,294238672.0,3861528438.0,0.2459811536941684,0.018743139967003917,0.07619746344594963,0.013089086796264787,0.1509273678235168,0,coinpaprika
stable_pyusd,2026-03-31,133768658.0,18.711622440552315,294204746.0,3894869208.0,0.4546787902598961,0.03434483954563642,0.07553648923453143,0.013200682817839373,3.092173019619837,0,coinpaprika
stable_pyusd,2026-04-01,168439994.0,18.942090131573842,294228483.0,3920143728.0,0.572480244885061,0.04296781079655353,0.07505553454544155,0.013275711453392437,2.1373736097896057,0,coinpaprika
stable_pyusd,2026-04-02,187152561.0,19.047434681774845,294277663.0,3995780174.0,0.6359727037794235,0.04683755182974688,0.07364711024766199,0.013531204451104766,2.7197785880117564,0,coinpaprika
stable_pyusd,2026-04-03,94894019.0,18.36827124789608,294227472.0,4057238101.0,0.322519234369794,0.023388821813689262,0.07251915334411378,0.013733449270599208,2.615208334153518,0,coinpaprika
stable_pyusd,2026-04-04,46167600.0,17.647788832985913,294243847.0,3936109721.0,0.15690251629968663,0.011729246203093839,0.07475499105884807,0.013306290242629736,0.3288096596587575,0,coinpaprika
stable_pyusd,2026-04-05,22402538.0,16.924684858616132,294301629.0,3944577164.0,0.0761210125683674,0.005679325582588603,0.07460917020103704,0.013336687912695567,2.2721742393327915,0,coinpaprika
stable_pyusd,2026-04-06,152288295.0,18.84128596658673,294202796.0,3958405603.0,0.517630345702085,0.038472130012291716,0.07432355991438304,0.013381260956346636,1.8180523306998708,0,coinpaprika
stable_pyusd,2026-04-07,162969429.0,18.909073195169814,294218132.0,3934576303.0,0.5539068170006599,0.0414198166333032,0.07477758959094712,0.013311465038132471,1.3820822056631599,0,coinpaprika
stable_pyusd,2026-04-08,142129062.0,18.77224609713735,294229931.0,3926060768.0,0.4830543973447759,0.03620144220854811,0.07494278575567886,0.01325278332178394,0.18372564478008613,0,coinpaprika
stable_pyusd,2026-04-09,122291760.0,18.621920231258127,294235445.0,3948282425.0,0.4156255205758776,0.030973407379792494,0.07452239058101322,0.013329629957918985,1.2632315704763641,0,coinpaprika
stable_pyusd,2026-04-10,167218286.0,18.934810624643763,294221845.0,3978147563.0,0.5683408245910496,0.042034208975872525,0.07395951013393819,0.013420257034325138,2.822103125417197,0,coinpaprika
stable_pyusd,2026-04-11,80892029.0,18.208625860488365,294184133.0,4000796293.0,0.2749707408590932,0.020218982191503445,0.07353139511619719,0.01346991388122597,1.3054895764463836,0,coinpaprika
stable_pyusd,2026-04-12,56988420.0,17.85835866481215,294247938.0,4007999679.0,0.1936748321410497,0.01421866880344129,0.07341516007142375,0.013490494314865875,1.1539788356429437,0,coinpaprika
stable_pyusd,2026-04-13,65961417.0,18.004580553302098,294211282.0,4013986638.0,0.22419744257121996,0.016432894015029852,0.07329652750079732,0.013508079421535521,1.4914281571587473,0,coinpaprika
stable_pyusd,2026-04-14,106563697.0,18.484253467607655,294155074.0,4009028074.0,0.3622704703030212,0.026580930597893338,0.07337316391164787,0.013486991311201926,1.496511212210061,0,coinpaprika
stable_pyusd,2026-04-15,74213310.0,18.12245408557951,294209724.0,4073235205.0,0.25224628537430666,0.018219745795406382,0.07222998653229012,0.013655135994578347,3.6359989576451035,0,coinpaprika
stable_pyusd,2026-04-16,98775967.0,18.408364894264327,294172855.0,4086865308.0,0.3357752604331899,0.024169127082961844,0.07198007099087886,0.013711470775894696,2.156469429627217,0,coinpaprika
stable_pyusd,2026-04-17,88471055.0,18.29818600563791,294165414.0,4120384321.0,0.3007527424689022,0.021471554133699947,0.07139271268962777,0.013795073676679552,2.41056137322615,0,coinpaprika
stable_pyusd,2026-04-18,73299351.0,18.110062326435813,294198690.0,4104919005.0,0.24914914135069738,0.017856467060791616,0.07166979169178515,0.013710383328613093,0.9571596535395965,0,coinpaprika
stable_pyusd,2026-04-19,188397921.0,19.054066890321717,294201503.0,4104919201.0,0.640370355279932,0.04589564660714987,0.0716704735450894,0.013712383989980379,1.1803811791188945,0,coinpaprika
stable_pyusd,2026-04-20,351871085.0,19.67877543352816,294189840.0,4176950692.0,1.1960681069067511,0.08424113927749473,0.07043172440686307,0.013984246843612434,1.7049669983570936,0,coinpaprika
stable_pyusd,2026-04-21,227074856.0,19.240790287604472,294139662.0,3746647824.0,0.7719967258274745,0.06060747277751078,0.07850742205227347,0.012538872353872866,2.1168512410651985,0,coinpaprika
stable_pyusd,2026-04-22,239674217.0,19.294791134170367,294139048.0,3735573960.0,0.8148330479399661,0.0641599442458904,0.07873998779025647,0.012478806440230009,0.9986111513216045,0,coinpaprika
stable_pyusd,2026-04-23,141763154.0,18.769668300498893,294183733.0,3602876644.0,0.4818864474739669,0.03934721279899585,0.08165245776313623,0.012051557065351378,1.6604096211925157,0,coinpaprika
stable_pyusd,2026-04-24,85514595.0,18.264197632787397,294192434.0,3503588362.0,0.2906757112591142,0.024407717506854762,0.08396889234786195,0.011705337524211818,1.2081081150383532,0,coinpaprika
stable_pyusd,2026-04-25,53696034.0,17.798849720626443,294233217.0,3446638485.0,0.18249480649222552,0.015579247499756274,0.08536816909592419,0.011523890117260528,1.492916295073865,0,coinpaprika
stable_pyusd,2026-04-26,27501665.0,17.129757142619976,294235798.0,3446638485.0,0.09346811362497774,0.007979271722198042,0.08536891794150554,0.011520382706235656,1.8621531784790424,0,coinpaprika
stable_pyusd,2026-04-27,39139142.0,17.482633623933673,294231067.0,3441258239.0,0.1330217859013508,0.011373497506357877,0.08550101345649114,0.011500072470230438,0.1500121563724477,0,coinpaprika
stable_pyusd,2026-04-28,47314155.0,17.672320089870414,294220459.0,3421641022.0,0.16081191349103294,0.013827913184283771,0.08598811421427949,0.01144228991762286,2.4404346736794924,0,coinpaprika
stable_pyusd,2026-04-29,55545105.0,17.832705969358727,294212834.0,3444689414.0,0.1887922571045966,0.01612485142325229,0.08541055481061724,0.01151963058538717,2.3556162942639514,0,coinpaprika
stable_pyusd,2026-04-30,94262800.0,18.36159719469839,294213466.0,3366445955.0,0.32038914221553677,0.028000687151978947,0.0873958679072274,0.011292433950068143,0.6699594370063178,0,coinpaprika
stable_pyusd,2026-05-01,51101814.0,17.74933057313416,294214918.0,3375882747.0,0.17368872505642288,0.015137318985800664,0.08715199550738426,0.011305545711435303,2.092465415354239,0,coinpaprika
stable_pyusd,2026-05-02,42549122.0,17.56616980172542,294211047.0,3375781630.0,0.14462108895591538,0.012604228194701089,0.08715345933083948,0.011295256904923803,1.0508085314298032,0,coinpaprika
stable_pyusd,2026-05-03,29836269.0,17.211235325486683,294183042.0,3383652282.0,0.10142076442326,0.008817770418881357,0.08694245669537742,0.011309049755017671,0.15302898017321986,0,coinpaprika
stable_pyusd,2026-05-04,68569221.0,18.04335433312647,294187386.0,3393652282.0,0.2330800852216009,0.020205140451098225,0.08668754532112079,0.011340109176484186,1.7263034930314891,0,coinpaprika
stable_pyusd,2026-05-05,100340534.0,18.4240803088778,294189965.0,3413409496.0,0.34107395199560936,0.02939598489943382,0.08618654320401527,0.011388489839949506,1.4883785323327459,0,coinpaprika
stable_pyusd,2026-05-06,91466636.0,18.331484840803817,294195969.0,3408162113.0,0.31090377040482153,0.026837525025911232,0.08632100212540565,0.0113552596061844,1.4347931830316352,0,coinpaprika
stable_pyusd,2026-05-07,73846904.0,18.117504656787887,294205287.0,3427739569.0,0.25100468027958994,0.02154390743913602,0.0858307001094108,0.011412304026120774,0.6370247054054978,0,coinpaprika
stable_pyusd,2026-05-08,128093546.0,18.668271390890855,294258967.0,3430421952.0,0.4353088957863432,0.03734046359087665,0.08577923390107783,0.011411541097745535,0.39651813870777985,0,coinpaprika
stable_pyusd,2026-05-09,75395306.0,18.1382555896618,294225319.0,3414251179.0,0.2562502311366344,0.0220825305600634,0.0861756512847352,0.011404797970510024,1.299810227748388,0,coinpaprika
stable_pyusd,2026-05-10,21624058.0,16.88931709538457,294197969.0,3414251179.0,0.07350172427600954,0.006333470171439897,0.08616764074345802,0.01137706933023427,2.4684667686203365,0,coinpaprika
stable_pyusd,2026-05-11,52885670.0,17.783642990571522,294152207.0,3414251179.0,0.1797901519739405,0.015489683455418674,0.08615423751165087,0.01137093268333623,2.016040561757526,0,coinpaprika
stable_pyusd,2026-05-12,68855485.0,18.047520460429396,294146216.0,3443497492.0,0.2340859112054666,0.01999579937547984,0.0854207725382017,0.011451309699764208,0.25569599128694165,0,coinpaprika
stable_pyusd,2026-05-13,139044784.0,18.75030663344615,294162490.0,3456898447.0,0.47268019794094074,0.04022240922948351,0.08509433948089595,0.011510592347931304,1.6483263859146113,0,coinpaprika
stable_pyusd,2026-05-14,102820934.0,18.44849953811185,294148468.0,3451133884.0,0.3495545453597263,0.029793377323520838,0.08523241284950393,0.01150591089604895,2.2143574650623776,0,coinpaprika
stable_pyusd,2026-05-15,90046973.0,18.315842025468047,294151662.0,3485572506.0,0.3061243046792644,0.02583419878513352,0.08439120445598328,0.011617800121638867,1.8645129687167028,0,coinpaprika
stable_pyusd,2026-05-16,81022615.0,18.210238883541432,294191828.0,3459407722.0,0.2754074290601981,0.023420949917160414,0.0850410971014188,0.01152706312687195,2.9380753124608194,0,coinpaprika
stable_pyusd,2026-05-17,40743441.0,17.52280545218478,294228716.0,3458524353.0,0.13847540632301844,0.011780585255864468,0.08507348393969802,0.0115206167344808,0.7149348581814152,0,coinpaprika
stable_pyusd,2026-05-18,70726809.0,18.07433526690644,294203916.0,3458524353.0,0.24040063763121358,0.020449995946580514,0.08506631325143078,0.011520675996242482,3.0598073306531415,0,coinpaprika
stable_pyusd,2026-05-19,98003609.0,18.400514872691083,294200588.0,3499107895.0,0.33311833149701253,0.028008170065301746,0.08407874144732538,0.011649959830770608,1.915951676397798,0,coinpaprika
stable_pyusd,2026-05-20,62074005.0,17.94383787634266,294209463.0,3510181216.0,0.21098575269144215,0.01768398871176684,0.08381603253385993,0.011702132358060433,3.974897365202068,0,coinpaprika
stable_pyusd,2026-05-21,64675389.0,17.98489131616894,294202311.0,3628371099.0,0.21983304203208656,0.017824910196706425,0.08108385360060989,0.012122986718641848,2.7244322510477925,0,coinpaprika
stable_pyusd,2026-05-22,109593097.0,18.51228495604266,294189208.0,3609544614.0,0.372525891568395,0.030362028654509935,0.08150313667240906,0.01202868612175604,2.527547094169913,0,coinpaprika
stable_pyusd,2026-05-23,61984336.0,17.942392282061018,294240837.0,3607822316.0,0.21065850896828436,0.01718054010728615,0.08155635483906686,0.012018991115284115,1.756859783006437,0,coinpaprika
stable_pyusd,2026-05-24,37485996.0,17.439478007871188,294261081.0,3607822316.0,0.12739026130336278,0.01039020015862666,0.08156196598014502,0.012022937344501633,3.3459425943027643,0,coinpaprika
stable_pyusd,2026-05-25,36079540.0,17.401236531348285,294254339.0,3607822316.0,0.12261345107981568,0.010000364995802083,0.08156009726283871,0.012027623317789206,0.9257689766350996,0,coinpaprika
stable_pyusd,2026-05-26,55741531.0,17.836236064391006,294233410.0,3570633490.0,0.1894466403390424,0.015611104067698642,0.082403699742367,0.011900774891924119,2.478464345638809,0,coinpaprika
stable_pyusd,2026-05-27,68468010.0,18.04187720145667,294270987.0,3486861068.0,0.2326699301824138,0.019636001740462806,0.0843942391914079,0.011629238720617744,1.4402251990397463,0,coinpaprika
stable_pyusd,2026-05-28,93188302.0,18.35013276748765,294285871.0,3292796614.0,0.3166591100121147,0.02830065531645375,0.08937262318261117,0.011003885171414356,4.399005319173366,0,coinpaprika
stable_pyusd,2026-05-29,84851453.0,18.25641268562026,294288836.0,3120210154.0,0.28832712159016455,0.027194146808099902,0.09431699195733083,0.010458109063051824,2.341685774449598,0,coinpaprika
stable_pyusd,2026-05-30,102049943.0,18.440972898469365,294267149.0,3040050603.0,0.34679352876049374,0.0335685014253692,0.0967967930236456,0.010215437960778404,2.229140561801346,0,coinpaprika
stable_pyusd,2026-05-31,20631981.0,16.842352954111764,294290986.0,3052960920.0,0.0701074174252826,0.006758023289731465,0.09639526797480263,0.010265539312984559,1.6264610799332502,0,coinpaprika
stable_pyusd,2026-06-01,56455924.0,17.848970803193733,294242122.0,3052960900.0,0.19186893982500575,0.018492187043731872,0.09637926316055996,0.010274558912117836,1.7930492484641292,0,coinpaprika
stable_pyusd,2026-06-02,99918547.0,18.419865892050712,294259766.0,3027793385.0,0.3395589834051591,0.03300045092079491,0.09718621074271222,0.010183513766831851,2.517415194905892,0,coinpaprika
stable_pyusd,2026-06-03,148193614.0,18.814030186227416,294235700.0,3000076682.0,0.5036561301024994,0.049396608723083296,0.09807605977719472,0.010099527226962862,1.6635787610708164,0,coinpaprika
stable_pyusd,2026-06-04,208607579.0,19.15596543735877,294208595.0,2940466462.0,0.7090465151094583,0.07094370287703013,0.10005507588748005,0.009920388058378214,3.9846537575494168,0,coinpaprika
stable_pyusd,2026-06-05,241965884.0,19.304307303109226,294205669.0,2909193296.0,0.8224378708351809,0.08317284531512271,0.10112963941052612,0.009844898329246204,2.4479761938545064,0,coinpaprika
stable_pyusd,2026-06-06,219398632.0,19.206400875157005,294223635.0,2860903735.0,0.7456866339102908,0.07668857547211388,0.10284289939591414,0.009692706027559932,3.1874285543675995,0,coinpaprika
stable_pyusd,2026-06-07,89475516.0,18.30947559274999,294291648.0,2842916891.0,0.3040368852057942,0.03147313812910192,0.10351749955535369,0.009647758163327113,0.7734687271621077,0,coinpaprika
stable_pyusd,2026-06-08,138690994.0,18.747758958880343,294264572.0,2855803281.0,0.47131393717351744,0.048564617501046986,0.1030409111011873,0.00969389224399846,2.5369962434806936,0,coinpaprika
stable_pyusd,2026-06-09,131844001.0,18.69712997864046,294246421.0,2786792173.0,0.4480734227859988,0.047310309781037264,0.10558606553112349,0.009443803457868197,0.3293128496095754,0,coinpaprika
stable_pyusd,2026-06-10,109466127.0,18.511125726034074,294197542.0,2825071819.0,0.37208375792616244,0.03874808642519682,0.10413807536550986,0.009610119955502107,2.9047582853114484,0,coinpaprika
stable_pyusd,2026-06-11,80211673.0,18.20017962334101,294248302.0,2851352288.0,0.272598592599525,0.02813109882548473,0.10319605305817617,0.009706723231167084,0.9182800020934856,0,coinpaprika
stable_pyusd,2026-06-12,94984811.0,18.369227563099443,294227932.0,2787166667.0,0.322827307232,0.03407934377395451,0.10556524497930213,0.009497996517115581,4.730029520657597,0,coinpaprika
stable_pyusd,2026-06-13,68080424.0,18.036200284865608,294184600.0,2771487432.0,0.23142076097797099,0.02456457973214435,0.10614682809068571,0.00945251067399073,3.7541335643287432,0,coinpaprika
stable_pyusd,2026-06-14,28213478.0,17.155310400436303,294225704.0,2766491084.0,0.09589059560887311,0.010198289870938909,0.10635338957051199,0.009435606538653617,1.5994103983607566,0,coinpaprika
stable_pyusd,2026-06-15,64192942.0,17.97740384049993,294182301.0,2766491084.0,0.21820803556771418,0.023203740786030307,0.10633770074351702,0.009436575593086756,0.8676960521469823,0,coinpaprika
stable_pyusd,2026-06-16,77977725.0,18.17193377977011,294233505.0,2749285282.0,0.26501986916819686,0.028362907811179998,0.10702181651587513,0.009366327240170173,1.1898869920945465,0,coinpaprika
stable_pyusd,2026-06-17,86412914.0,18.274647701770053,294208070.0,2768934696.0,0.2937136088755145,0.031208000002611834,0.10625316314791124,0.009438208502506137,2.905479303230152,0,coinpaprika
stable_pyusd,2026-06-18,98198999.0,18.402506589973456,294220578.0,2747797000.0,0.33375979228754016,0.035737355779921154,0.10707507796245501,0.009370300433889344,0.43336923378767267,0,coinpaprika
stable_pyusd,2026-06-19,88790160.0,18.301786402274125,294215408.0,2758909582.0,0.30178623411864275,0.032183062677840234,0.10664191748782001,0.009408327447194931,0.776935921504851,0,coinpaprika
stable_pyusd,2026-06-20,48868198.0,17.70463741569228,294255189.0,2767642797.0,0.16607420982472462,0.01765697439458984,0.10631978567427826,0.009433461805874352,0.14208886146560573,0,coinpaprika
stable_pyusd,2026-06-21,26818134.0,17.104588895741486,294279978.0,2770622442.0,0.09113135790706087,0.009679461767674515,0.10621439194998046,0.009441659900922642,1.239478196447541,0,coinpaprika
stable_pyusd,2026-06-22,49703564.0,17.72158721887665,294235925.0,2770622442.0,0.16892418558338856,0.017939493756544113,0.10619849191274254,0.009440742031051469,0.020909789126832834,0,coinpaprika
stable_pyusd,2026-06-23,70878755.0,18.076481313317014,294219599.0,2751307368.0,0.2409042607661225,0.025761845377357345,0.10693810601535088,0.009377717031862123,1.9642397082419993,0,coinpaprika
stable_pyusd,2026-06-24,67583803.0,18.028878926509112,294259525.0,2755108425.0,0.22967413884053542,0.024530360542888617,0.10680506158301192,0.009402649664655238,2.4846454318194766,0,coinpaprika
stable_pyusd,2026-06-25,110617337.0,18.521587397876765,294211003.0,2744540303.0,0.37597960603805153,0.040304504502661695,0.10719864549935888,0.009380236346759377,1.331582762085226,0,coinpaprika
stable_pyusd,2026-06-26,136957489.0,18.73518114367108,294229018.0,2734202916.0,0.46547920368615714,0.05009046263485149,0.10761052746971761,0.009347561219380062,3.365447488588025,0,coinpaprika
stable_pyusd,2026-06-27,82596057.0,18.229472513381438,294207015.0,2720661990.0,0.28074129027820766,0.030358808739780276,0.10813802526053595,0.009333898714056705,1.8859003929172502,0,coinpaprika
stable_pyusd,2026-06-28,32780119.0,17.30533279204202,294239614.0,2725616916.0,0.11140620582788013,0.01202667873374763,0.1079534003009541,0.009351049785567112,2.9915807654012916,0,coinpaprika
stable_pyusd,2026-06-29,89327824.0,18.307823587458177,1244346947.0,2725616916.0,0.07178691137175265,0.03277343322740076,0.4565377253477539,0.009354331202658073,2.0971522165336154,0,coinpaprika
stable_pyusd,2026-06-30,120911641.0,18.610570605407236,2737714047.0,2685898882.0,0.04416518267585161,0.04501719770997693,1.0192915546252497,0.009238731432583507,1.4014511812632247,0,coinpaprika
stable_pyusd,2026-07-01,133789007.0,18.711774549817335,2737360009.0,2704507098.0,0.04887519601372243,0.04946890584940147,1.0121474671019703,0.009327969451778951,3.4282824109510557,0,coinpaprika
stable_pyusd,2026-07-02,137753187.0,18.740974149105174,2737478735.0,2755333899.0,0.050321189800950177,0.049995097527016634,0.9935197821191544,0.009498763756974334,2.557137285291722,0,coinpaprika
stable_pyusd,2026-07-03,82020353.0,18.222477993939357,2737545523.0,2754303369.0,0.02996127454717764,0.02977898292655358,0.993915758812696,0.009504780820428235,0.3611624312971351,0,coinpaprika
stable_pyusd,2026-07-04,53092950.0,17.78755472787098,2737512208.0,2835925590.0,0.019394598440453787,0.01872155961609698,0.9652976148785343,0.009792735797729983,1.419219198361965,0,coinpaprika
stable_pyusd,2026-07-05,27374844.0,17.125135083984453,2736866638.0,2839279340.0,0.010002257187074528,0.009641476135983155,0.963930036556389,0.00980569951648723,0.3972325964718415,0,coinpaprika
stable_pyusd,2026-07-06,59125653.0,17.89517546602598,2736895169.0,2839279340.0,0.02160318512367545,0.02082417610942078,0.9639400852330366,0.009804585618323734,3.0045110825116517,0,coinpaprika
stable_pyusd,2026-07-07,90514146.0,18.321016716895375,2737163128.0,2828969385.0,0.033068597583417396,0.03199544911299915,0.9675478082276949,0.009779316279374404,0.14837578516280203,0,coinpaprika
stable_pyusd,2026-07-08,89191974.0,18.30630162713531,2737361890.0,2821094405.0,0.032583186872671775,0.03161608978484362,0.9703191375476142,0.00983120984201385,0.6727114951743385,0,coinpaprika
stable_pyusd,2026-07-09,67833580.0,18.0325679252778,2736878435.0,2825328809.0,0.024785017534036,0.024009092245800973,0.968693776908994,0.00984528469425078,1.661628526824499,0,coinpaprika
stable_pyusd,2026-07-10,58711466.0,17.888145614953537,2736601619.0,2841568378.0,0.021454151598965344,0.02066164110445348,0.9630602733994811,0.009875693853939783,1.5806645275973086,0,coinpaprika
stable_pyusd,2026-07-11,54781474.0,17.81886264732207,2736571272.0,2831684833.0,0.020018288783673236,0.019345893780828117,0.9664109649875008,0.009847997761762652,1.224274872050346,0,coinpaprika
stable_pyusd,2026-07-12,25053155.0,17.036510365583275,2736804921.0,2851444956.0,0.009154161777393267,0.0087861261173158,0.959795809924798,0.009916199396631995,3.098693245576767,0,coinpaprika
stable_pyusd,2026-07-13,36081042.0,17.40127816072313,2736512564.0,2846401773.0,0.013185045256017323,0.012676018664073535,0.9613936408969487,0.009897154037259765,3.149145614044224,0,coinpaprika
stable_pyusd,2026-07-14,133986082.0,18.713246494312592,2737417463.0,2825927938.0,0.04894616323999099,0.04741312763085751,0.9686791464814769,0.009874920044013838,2.732362445152514,0,coinpaprika
stable_pyusd,2026-07-15,89802139.0,18.313119363723448,2737064878.0,2839502150.0,0.032809649388223235,0.03162601549711804,0.9639242139682831,0.009919314744708299,1.7986171028705478,0,coinpaprika
stable_pyusd,2026-07-16,37498434.0,17.439809756736445,2736532093.0,2840551920.0,0.013702903063304217,0.01320110846627299,0.9633804169296789,0.009928927132750114,2.0914218683965036,0,coinpaprika
stable_pyusd,2026-07-17,44430767.0,17.60944276038052,2737043347.0,2802132412.0,0.016233125079549573,0.015856055484647098,0.9767715955458567,0.00978743445707704,1.7394867469366915,0,coinpaprika
stable_pyusd,2026-07-18,22387889.0,16.92403074563488,2736454190.0,2876913830.0,0.00818134982190219,0.0077819115631975674,0.9511769735557217,0.010039940947278742,1.6389260837612607,0,coinpaprika
stable_pyusd,2026-07-19,10214179.0,16.139287508905014,2735879987.0,2883206355.0,0.0037334163225486543,0.003542645840207299,0.9489018995312252,0.010058566835768496,1.4649434846636389,0,coinpaprika
stable_pyusd,2026-07-20,33902743.0,17.339006513027694,2736781879.0,2883206355.0,0.01238781331466131,0.011758694600962754,0.9492147082202169,0.010059845562095373,2.9989944771346977,0,coinpaprika
stable_pyusd,2026-07-21,30786559.0,17.24258878907312,2783785470.0,2831953905.0,0.011059242650619912,0.010871137042747876,0.9829910949768795,0.00988079177742627,3.5718986545907327,0,coinpaprika
stable_pyusd,2026-07-22,39946691.0,17.503056423243777,2844353013.0,2761486993.0,0.01404420998990817,0.014465645176406593,1.030007753145336,0.009636260224451389,0.9357032345269634,0,coinpaprika
stable_pyusd,2026-07-23,61156488.0,17.92894653057547,2844173844.0,2749159726.0,0.02150237339711644,0.02224552012079054,1.03456114866714,0.009604195788105358,1.5392430764704645,0,coinpaprika
stable_pyusd,2026-07-24,75130798.0,18.1347411391883,2844519438.0,2687067710.0,0.026412474809040135,0.027960143214999223,1.05859611479608,0.009364991990291009,1.7191011166572956,0,coinpaprika
stable_pyusd,2026-07-25,110471616.0,18.520269186199464,2845031369.0,2661053468.0,0.038829665361064074,0.04151424138163916,1.069137243280675,0.009275330751555066,1.705279931013548,0,coinpaprika
stable_pyusd,2026-07-26,11005197.0,16.213878264602748,2844027358.0,2668246798.0,0.0038695819746752238,0.004124504902713276,1.0658786736413428,0.009303903271697167,3.9807307994543795,0,coinpaprika
stable_pyusd,2026-07-27,35165832.0,17.37558551577015,2842554257.0,2668246798.0,0.012371208716034721,0.013179377569705605,1.0653265879043323,0.009318100905630204,1.5914549225259922,0,coinpaprika
stable_pyusd,2026-07-28,126298399.0,18.65415791899028,2843881958.0,2707119893.0,0.044410563049115136,0.046654157921331485,1.0505193971473652,0.009491204768410678,1.2865777925030741,0,coinpaprika
stable_pyusd,2026-07-29,188557015.0,19.0549109912654,2843894405.0,2705657941.0,0.06630239669535128,0.06968989395988101,1.0510916261458048,0.009492059810430897,2.0409040747659812,0,coinpaprika
stable_pyusd,2026-07-30,135030341.0,18.721010066704512,2843844185.0,2694917703.0,0.04748162424376988,0.050105552703773974,1.0552619776975802,0.009465087370390127,2.97126133436465,0,coinpaprika
stable_pyusd,2026-07-31,162493077.0,18.906145961903714,2844011354.0,2681881109.0,0.05713517169031668,0.06058921719337112,1.0604539270797333,0.009444384889871245,2.840390837987039,0,coinpaprika
stable_pyusd,2026-08-01,47556142.0,17.677421528937295,2843984653.0,2693235094.0,0.016721659151653658,0.017657627477803837,1.0559734125460642,0.009484468890130868,2.5499443358223406,0,coinpaprika
stable_pyusd,2026-08-02,24483673.0,17.013517086046615,2843258638.0,2693235094.0,0.00861113114114102,0.009090804235599345,1.0557038426887513,0.009486112292998387,4.023298990281088,0,coinpaprika
stable_pyusd,2026-08-03,32885771.0,17.30855066019086,2844037446.0,2698968082.0,0.011563058371911464,0.012184572029333098,1.0537499368619803,0.009510937785628745,2.853636922469649,0,coinpaprika
stable_pyusd,2026-08-04,58293085.0,17.880994050805967,2843769467.0,2706318287.0,0.020498526929292753,0.0215396264659686,1.0507889928026046,0.009529564746600327,3.536656722903375,0,coinpaprika
stable_pyusd,2026-08-05,112405051.0,18.537619441033012,2844550784.0,2731608727.0,0.03951592343938972,0.041149762734668555,1.0413463523833588,0.009609730946518446,2.730967628350456,0,coinpaprika
stable_pyusd,2026-08-06,76236914.0,18.14935635216833,2844607764.0,2726749508.0,0.026800501272905897,0.027958898966087206,1.0432229860697568,0.009594559003645977,3.7150858906753736,0,coinpaprika
stable_pyusd,2026-08-07,87897333.0,18.29168003227508,2844410420.0,2738901130.0,0.03090177577116315,0.03209218910359134,1.0385224894919811,0.0096344928929425,3.3795070172926156,0,coinpaprika
stable_pyusd,2026-08-08,129085220.0,18.675983372114366,2844477880.0,2767869789.0,0.04538098921690331,0.046637027692923744,1.0276776354525252,0.009732134430574146,1.9270470650145644,0,coinpaprika
stable_pyusd,2026-08-09,21889234.0,16.901505521423772,2843692996.0,2773222520.0,0.007697467353469545,0.007893068025424804,1.0254110427460397,0.009750720901540716,3.629163601001073,0,coinpaprika
stable_pyusd,2026-08-10,45084512.0,17.624049353039016,2844233666.0,2780798451.0,0.015851198352280525,0.016212793841203128,1.0228118708053753,0.009775148660288077,4.434972395563896,0,coinpaprika
stable_pyusd,2026-08-11,123957043.0,18.635445644197425,2844184720.0,2778379111.0,0.04358262743215919,0.04461487725315683,1.0236848919355412,0.009806915257555435,3.3047100793348605,0,coinpaprika
stable_pyusd,2026-08-12,118588599.0,18.591170918491414,2844388927.0,2787543980.0,0.041692118076509445,0.04254232394209615,1.0203924843546326,0.009805855718415052,1.902592440352624,0,coinpaprika
stable_pyusd,2026-08-13,136120560.0,18.729051528951988,2844590246.0,2781686831.0,0.047852431537867265,0.048934538023126584,1.022613406476597,0.009787485215066359,2.194167355366039,0,coinpaprika
stable_pyusd,2026-08-14,177633190.0,18.995231257322544,2844690514.0,2777686831.0,0.062443766422318095,0.06395004217809895,1.0241221156583293,0.009775602959442044,1.0742041022848703,0,coinpaprika
stable_pyusd,2026-08-15,100226892.0,18.422947103817595,2844677427.0,2754957943.0,0.035233130845946,0.03638055247074238,1.032566553049554,0.009691432466849488,1.9416951062067866,0,coinpaprika
stable_pyusd,2026-08-16,22891338.0,16.94626918737819,2844765568.0,2755951477.0,0.008046827569026594,0.008306146966316853,1.032226289809964,0.009700184652965248,2.7740444982471413,0,coinpaprika
stable_pyusd,2026-08-17,31088497.0,17.252348469513773,2844698433.0,2760951287.0,0.010928573883036972,0.011260067190022828,1.0303327140881933,0.009717049168113662,0.7234260995903075,0,coinpaprika
stable_pyusd,2026-08-18,60237536.0,17.913806254165856,2844824635.0,2754879720.0,0.02117442856016325,0.02186575898856303,1.0326493074623235,0.009694310188509853,1.4560530844653918,0,coinpaprika
stable_pyusd,2026-08-19,73134312.0,18.107808212672005,2844233039.0,2757569782.0,0.025713192624227863,0.02652129149274236,1.0314274030581903,0.009703601577578528,1.109083685530976,0,coinpaprika
stable_pyusd,2026-08-20,141530745.0,18.768027537663418,2844669953.0,2763434389.0,0.0497529581070525,0.051215525710822295,1.02939659588929,0.00970328161358334,1.5923673911544256,0,coinpaprika
stable_pyusd,2026-08-21,164959038.0,18.92120775256125,2844688787.0,2813881556.0,0.057988430493293185,0.058623305465100396,1.0109483041083624,0.009860714991491342,0.10433876389104313,0,coinpaprika
stable_rlusd,2025-08-25,339058572.0,19.6416834321306,176756643.0,686743149.0,1.918222513424856,0.49371962791870533,0.2573839189475482,0.0026103466051631903,3.5600000000002296,0,coinpaprika
stable_rlusd,2025-08-26,354033576.0,19.684902316882532,176779329.0,687950756.0,2.0026865018816764,0.5146205203094507,0.25696509155373326,0.002596182723893401,2.6999999999999247,0,coinpaprika
stable_rlusd,2025-08-27,245796980.0,19.320016472677413,176708894.0,687950756.0,1.3909711867700332,0.3572886254666751,0.25686270777206616,0.002594856622226691,1.6499999999997073,0,coinpaprika
stable_rlusd,2025-08-28,235078691.0,19.275430875629947,176764039.0,687950756.0,1.3299011061859702,0.3417086018871967,0.25694286612572603,0.0025887099431537385,0.32999999999949736,0,coinpaprika
stable_rlusd,2025-08-29,230207648.0,19.25449228132818,176750785.0,687950756.0,1.3024420117851245,0.3346280907350293,0.2569236002118733,0.0025652477914923184,5.0600000000000644,0,coinpaprika
stable_rlusd,2025-08-30,180912419.0,19.013523604725176,176755938.0,701950756.0,1.0235153684058975,0.2577280777228766,0.2518067492472364,0.00261695747510034,0.8500000000000174,0,coinpaprika
stable_rlusd,2025-08-31,67729501.0,18.031032418440002,176716756.0,701950756.0,0.3832658686876303,0.09648753907745632,0.251750930516841,0.002613550986862339,4.629999999999912,0,coinpaprika
stable_rlusd,2025-09-01,96952914.0,18.389736006245798,176711908.0,701950756.0,0.5486495794046885,0.1381192529123795,0.2517440240494591,0.002606546573426609,4.229999999999512,0,coinpaprika
stable_rlusd,2025-09-02,132258642.0,18.7002699800644,176700583.0,701950756.0,0.7484901280716204,0.18841584095394862,0.2517278904390837,0.0026068178030818454,3.8599999999999746,0,coinpaprika
stable_rlusd,2025-09-03,159751046.0,18.889127205191052,176683483.0,711950756.0,0.9041651391941373,0.2243849657489513,0.248168123302056,0.0026523041628215382,4.150000000000542,0,coinpaprika
stable_rlusd,2025-09-04,137196225.0,18.736922765589096,176691999.0,709950756.0,0.7764710670345634,0.19324752293101297,0.2488792321252208,0.0026268445682860867,4.979999999999984,0,coinpaprika
stable_rlusd,2025-09-05,166974093.0,18.933349232599284,176733377.0,709950756.0,0.9447796213388714,0.2351910911973168,0.24893751504083192,0.002604671380492945,1.9700000000000273,0,coinpaprika
stable_rlusd,2025-09-06,119705073.0,18.6005415589364,176723235.0,731229756.0,0.6773589958332304,0.16370377712036105,0.24167949067980762,0.002698472953623911,6.819999999999604,0,coinpaprika
stable_rlusd,2025-09-07,53462445.0,17.794490021463016,176738840.0,731229756.0,0.3024940358327575,0.0731130599668868,0.24170083144154764,0.0026982281300447757,2.1999999999999797,0,coinpaprika
stable_rlusd,2025-09-08,100170336.0,18.42238266486301,176699955.0,731229756.0,0.5668950849478145,0.13698886728564694,0.24164765390099907,0.002700333053166112,0.8699999999994823,0,coinpaprika
stable_rlusd,2025-09-09,187835653.0,19.05107795762425,176690876.0,731229756.0,1.0630749999790594,0.25687638045189176,0.2416352378307756,0.002698441318968991,4.100000000000215,0,coinpaprika
stable_rlusd,2025-09-10,201042887.0,19.11902881639687,176702878.0,728515508.0,1.1377454021999573,0.2759623985931676,0.24255197872877676,0.0026847445048389456,2.060000000000395,0,coinpaprika
stable_rlusd,2025-09-11,202302373.0,19.12527403711608,176661334.0,728515508.0,1.1451423377115448,0.2776912375625091,0.2424949531753825,0.002683792488255022,0.0,0,coinpaprika
stable_rlusd,2025-09-12,204105294.0,19.13414657060867,176640138.0,728827508.0,1.1554864953740016,0.2800460901374211,0.24236206243741285,0.00268019901483226,2.0500000000001073,0,coinpaprika
stable_rlusd,2025-09-13,215450335.0,19.188240981551477,176568345.0,729950821.0,1.2202092906290762,0.29515732951001095,0.24189074102020908,0.0026717012464318735,1.7299999999997873,0,coinpaprika
stable_rlusd,2025-09-14,138158194.0,18.74390992715453,176565355.0,729950821.0,0.7824762338002266,0.18927055087181002,0.24188664485384556,0.0026657071011370933,3.2600000000004847,0,coinpaprika
stable_rlusd,2025-09-15,185461732.0,19.038359127625707,176710593.0,729950821.0,1.04952243581685,0.25407428372493057,0.24208561442250914,0.002663748451868555,3.2799999999999496,0,coinpaprika
stable_rlusd,2025-09-16,217791598.0,19.199049195634732,176736598.0,729950821.0,1.2322948413887655,0.2983647551784862,0.24212124011022929,0.0026609982279908405,3.410000000000357,0,coinpaprika
stable_rlusd,2025-09-17,218474525.0,19.202179979890907,176712111.0,729950821.0,1.2363302309257118,0.2993003346454213,0.24208769401466293,0.0026530733670621144,0.0,0,coinpaprika
stable_rlusd,2025-09-18,281501892.0,19.455649730210574,176653917.0,729950821.0,1.5935219370199416,0.3856450104602321,0.24200797083561332,0.0026515311170781986,2.029999999999532,0,coinpaprika
stable_rlusd,2025-09-19,198091713.0,19.10424068343407,176673889.0,729550821.0,1.1212280100994436,0.27152558437049584,0.24216803533691042,0.0026375850559933202,3.4199999999995345,0,coinpaprika
stable_rlusd,2025-09-20,154501550.0,18.855714693086636,176728776.0,729950821.0,0.8742297292886814,0.21166021813406521,0.2421105243198295,0.0026323754685118705,2.2100000000002673,0,coinpaprika
stable_rlusd,2025-09-21,98790067.0,18.4085076313492,176707473.0,729950821.0,0.5590599272505017,0.13533797641964704,0.24208134016195593,0.002630875428589766,2.8399999999995096,0,coinpaprika
stable_rlusd,2025-09-22,288299422.0,19.479510161219185,176696319.0,729950821.0,1.6316096658470853,0.3949573227481855,0.24206605968047812,0.0026327832093160078,0.1399999999995849,0,coinpaprika
stable_rlusd,2025-09-23,306445146.0,19.54054933158201,176697754.0,741696777.0,1.7342899898999282,0.41316769265130565,0.23823449080458928,0.0026658805676063975,1.0699999999996823,0,coinpaprika
stable_rlusd,2025-09-24,240519293.0,19.298310868824498,176718908.0,741696777.0,1.3610274968426128,0.3242825106681029,0.23826301189387533,0.0026607756393661605,2.8399999999995096,0,coinpaprika
stable_rlusd,2025-09-25,304833572.0,19.535276523348756,176785389.0,741696777.0,1.7243142870817225,0.4109948720998689,0.23835264555828048,0.002653767071909128,0.8300000000005525,0,coinpaprika
stable_rlusd,2025-09-26,354214498.0,19.685413216975494,176738710.0,741696777.0,2.0041704389491133,0.4775731929599581,0.2382897101358174,0.0026546038103932366,6.960000000000299,0,coinpaprika
stable_rlusd,2025-09-27,227102467.0,19.240911874476005,176753759.0,789696777.0,1.2848522616144191,0.28758185877716963,0.22382484536846475,0.0028173035011613925,3.389999999999782,0,coinpaprika
stable_rlusd,2025-09-28,103795423.0,18.45793244294588,176806771.0,789696777.0,0.5870557016167667,0.13143706043009468,0.22389197493204407,0.002815626619293295,5.810000000000537,0,coinpaprika
stable_rlusd,2025-09-29,131544683.0,18.694857154143744,176736965.0,789696777.0,0.7442963785193437,0.16657619333300128,0.2238035789780107,0.0028145184697489552,1.8799999999996597,0,coinpaprika
stable_rlusd,2025-09-30,171057475.0,18.95751017495135,176704121.0,789696777.0,0.9680446275500275,0.21661159065361107,0.22376198833087044,0.0028145864216373674,2.1199999999998997,0,coinpaprika
stable_rlusd,2025-10-01,234352499.0,19.272336950080653,176711866.0,789696777.0,1.3261842812525109,0.2967626383005993,0.22377179589274176,0.0028045958244278016,2.2500000000003073,0,coinpaprika
stable_rlusd,2025-10-02,232540038.0,19.264572978917805,176684036.0,789696777.0,1.316134967620957,0.2944675029362568,0.2237365545180641,0.002798046931915267,9.460000000000024,0,coinpaprika
stable_rlusd,2025-10-03,257413545.0,19.366194478004214,176677140.0,789696777.0,1.456971428222123,0.3259650444286922,0.2237278220523876,0.0027860418864173973,1.018665361695037,0,coinpaprika
stable_rlusd,2025-10-04,189550468.0,19.06016587420475,176670645.0,789697139.0,1.0729030167971594,0.2400293209115957,0.22371949482268544,0.002771366011217311,0.3443928093682658,0,coinpaprika
stable_rlusd,2025-10-05,143055411.0,18.778742609670296,176684469.0,789697139.0,0.809666021069458,0.1811522467729239,0.22373700026789636,0.0027683835079514926,4.360333589064069,0,coinpaprika
stable_rlusd,2025-10-06,191261463.0,19.0691519713581,176665353.0,789697139.0,1.082620104916667,0.24219596799121745,0.22371279351944062,0.00277114229424943,4.9905239734338025,0,coinpaprika
stable_rlusd,2025-10-07,238104425.0,19.288219900112544,176652286.0,789697139.0,1.3478706128943048,0.30151359710067277,0.2236962466695729,0.0027646925847428024,1.76209614526468,0,coinpaprika
stable_rlusd,2025-10-08,229678375.0,19.252190523045016,176708728.0,791697139.0,1.299756823556559,0.2901088859435679,0.2232024334750059,0.0027644956708614324,4.6959742383723135,0,coinpaprika
stable_rlusd,2025-10-09,200250275.0,19.115078522188945,176684894.0,789697139.0,1.1333751882602936,0.2535785747604184,0.22373753844890149,0.00275763093282828,0.6479113203072817,0,coinpaprika
stable_rlusd,2025-10-10,201353535.0,19.12057280656768,176369134.0,788756939.0,1.1416597135414863,0.2552795735214445,0.22360390797145177,0.002756519740231966,3.756863047718051,0,coinpaprika
stable_rlusd,2025-10-11,474649660.0,19.978087534081357,176750126.0,788756812.0,2.685427562297749,0.6017693321677455,0.2240869724495007,0.002749714925614598,0.23177190841883188,0,coinpaprika
stable_rlusd,2025-10-12,226970106.0,19.240328879549484,176829872.0,839697012.0,1.2835507000762858,0.2703000043544278,0.21058771136844298,0.0029302831074625424,4.492593011584667,0,coinpaprika
stable_rlusd,2025-10-13,233630020.0,19.269249315215852,176712151.0,839697012.0,1.3220936912255683,0.27823133423273394,0.21044751675262602,0.0029292344671755957,3.0207899323686505,0,coinpaprika
stable_rlusd,2025-10-14,271180693.0,19.418295924180942,176732395.0,839697012.0,1.5344141802638955,0.32295064663157336,0.21047162544863265,0.0029255093384010717,0.6167761794828586,0,coinpaprika
stable_rlusd,2025-10-15,312376028.0,19.55971824123161,176737566.0,840997012.0,1.7674568857647388,0.37143536010565514,0.21015243036321277,0.0029220248820637936,0.9152292472869306,0,coinpaprika
stable_rlusd,2025-10-16,301371116.0,19.523853010102226,176738623.0,840997012.0,1.7051797218087412,0.3583498058849227,0.2101536872047769,0.0029130399955941987,2.7285407206045775,0,coinpaprika
stable_rlusd,2025-10-17,314080512.0,19.565159921832915,176753593.0,840997012.0,1.7769399007351439,0.37346210214597053,0.21017148750583195,0.0029136948174652544,4.369798965295768,0,coinpaprika
stable_rlusd,2025-10-18,214229186.0,19.182556967199506,176773817.0,873997012.0,1.2118830131953309,0.2451143231139559,0.20225906332961238,0.0030258864369626754,0.1759594704664469,0,coinpaprika
stable_rlusd,2025-10-19,101020186.0,18.430830926121057,176800087.0,873997012.0,0.571380861368015,0.11558413199700962,0.20228912064060925,0.003026344634858353,3.205884536735537,0,coinpaprika
stable_rlusd,2025-10-20,144516368.0,18.788903339377853,176765672.0,873997012.0,0.8175590111184031,0.16535110076554815,0.20224974407578408,0.0030232003597962676,3.357741185073815,0,coinpaprika
stable_rlusd,2025-10-21,186673532.0,19.04487183627742,176735240.0,873997012.0,1.0562326562602908,0.2135860070880883,0.202214924734777,0.0030239371567181983,0.5172611106085689,0,coinpaprika
stable_rlusd,2025-10-22,212039486.0,19.172283074726113,176700982.0,873997012.0,1.1999904222377213,0.2426089369742605,0.20217572780443327,0.0030117140507729735,1.939802460106943,0,coinpaprika
stable_rlusd,2025-10-23,200960563.0,19.118619247768834,176708814.0,898497012.0,1.1372413093101288,0.22366302872023353,0.19667156555886242,0.0031024720928327872,0.6762274096283605,0,coinpaprika
stable_rlusd,2025-10-24,171033857.0,18.95737209486752,176719832.0,898497012.0,0.9678249184845309,0.19035551005260326,0.19668382825963143,0.0031028322484376127,0.9243028147232213,0,coinpaprika
stable_rlusd,2025-10-25,134874535.0,18.719855541314228,176739226.0,903497057.0,0.7631273376743203,0.14928054713076946,0.19561682534622798,0.003115341144584973,0.7344305362444459,0,coinpaprika
stable_rlusd,2025-10-26,91940535.0,18.33665257821442,176746559.0,903497057.0,0.5201828851445985,0.10176074652116991,0.19562494158738583,0.003117331850885376,0.08907248657541444,0,coinpaprika
stable_rlusd,2025-10-27,160211318.0,18.89200424553327,176695346.0,903497057.0,0.9067093255529209,0.1773235637667384,0.19556825850291618,0.0031187484453790485,1.8950056040689667,0,coinpaprika
stable_rlusd,2025-10-28,197519644.0,19.101348605713234,176727230.0,908497082.0,1.1176525767987198,0.21741362511057574,0.19452701995579993,0.0031401018201931068,1.1967304090065856,0,coinpaprika
stable_rlusd,2025-10-29,198389120.0,19.105740917642272,176735378.0,908497082.0,1.1225206987137573,0.2183706738642007,0.1945359886142155,0.0031375081600682675,0.4560087574367877,0,coinpaprika
stable_rlusd,2025-10-30,237141190.0,19.284166264331255,176777311.0,908497082.0,1.3414684761213502,0.2610258136195092,0.19458214506406088,0.0031429251533249634,1.3807458190173705,0,coinpaprika
stable_rlusd,2025-10-31,219117590.0,19.20511908888276,176793090.0,908497082.0,1.23940132501785,0.24118689464321252,0.19459951330916878,0.0031448032473715484,0.6007184503620255,0,coinpaprika
stable_rlusd,2025-11-01,132594364.0,18.702805138583784,176833909.0,963198083.0,0.7498243111280202,0.13766053560553027,0.18359038719141638,0.0033366256325301127,1.1570458927645522,0,coinpaprika
stable_rlusd,2025-11-02,66534036.0,18.013224209269904,176779461.0,977698083.0,0.376367455945575,0.06805171980683938,0.18081191328264065,0.0033855130174223038,0.1266794076237865,0,coinpaprika
stable_rlusd,2025-11-03,151501939.0,18.83610898811224,176730424.0,977698083.0,0.8572487722883526,0.15495779487991487,0.18076175771738728,0.003386102441735261,3.21986197526547,0,coinpaprika
stable_rlusd,2025-11-04,314041503.0,19.565035713481688,176746010.0,1027698083.0,1.776795430912415,0.3055775895613887,0.1719824264769014,0.0035600325184296988,8.373700268902162,0,coinpaprika
stable_rlusd,2025-11-05,448627222.0,19.921702862560476,176724519.0,1025198083.0,2.5385680749822837,0.4376005275850677,0.17238085198409409,0.003561968461119218,2.9527670552953467,0,coinpaprika
stable_rlusd,2025-11-06,251701877.0,19.343755921341117,176719231.0,1025198083.0,1.424303826899292,0.24551536056666623,0.17237569395650149,0.0035600172545663805,33.36715625128272,0,coinpaprika
stable_rlusd,2025-11-07,242627980.0,19.307039885828253,176793035.0,1025198083.0,1.372384268418719,0.2366644885737657,0.17244768394675197,0.003562279768099726,2.8595726344871064,0,coinpaprika
stable_rlusd,2025-11-08,222528189.0,19.22056434817444,176788629.0,1050198083.0,1.2587245585800657,0.21189163511356363,0.16833836574428407,0.0036424878562421334,2.160456037098024,0,coinpaprika
stable_rlusd,2025-11-09,110989512.0,18.524946277335854,176817037.0,1050198083.0,0.6277082451053628,0.10568435973806667,0.16836541587935844,0.0036484888445727846,1.2896023194208794,0,coinpaprika
stable_rlusd,2025-11-10,147969404.0,18.812516087385276,176745677.0,1050198083.0,0.8371882498715938,0.14089666168244186,0.168297466793224,0.003648978764626081,2.760414674551903,0,coinpaprika
stable_rlusd,2025-11-11,189161131.0,19.058109760073915,176764313.0,1050198083.0,1.070131904962061,0.18011947846985357,0.16831521201700766,0.0036432251374279843,4.65763562741639,0,coinpaprika
stable_rlusd,2025-11-12,179176564.0,19.003882274283576,176741429.0,1050198083.0,1.0137779524233677,0.17061216060132534,0.16829342184202026,0.003642614894615293,5.023796544456616,0,coinpaprika
stable_rlusd,2025-11-13,226477466.0,19.238156014494848,176754155.0,1050198083.0,1.2813133926045472,0.2156521418826471,0.16830553955600774,0.0036339152378004587,0.19800369502109838,0,coinpaprika
stable_rlusd,2025-11-14,306699908.0,19.541380332377557,176752914.0,1075198083.0,1.7351901083792034,0.28524967896543396,0.16439102412350562,0.003727039232814849,1.7797364946658956,0,coinpaprika
stable_rlusd,2025-11-15,247688388.0,19.327682018108586,176817597.0,1089198083.0,1.4008129971362522,0.22740435542981027,0.1623374111281832,0.003783914870628309,2.0191763259780338,0,coinpaprika
stable_rlusd,2025-11-16,125550225.0,18.648216443645897,176897489.0,1089198083.0,0.7097343535498121,0.11526849611614676,0.1624107605044325,0.003786048069292547,2.137419893353254,0,coinpaprika
stable_rlusd,2025-11-17,182165399.0,19.02042562354915,176800498.0,1089198083.0,1.030344377197399,0.16724726369170445,0.1623217124226246,0.0037876194357806545,6.3640562813815915,0,coinpaprika
stable_rlusd,2025-11-18,281324525.0,19.455019457714883,176822517.0,1120198083.0,1.5909994370230574,0.2511381953507592,0.15784933011709143,0.0038969266804812636,0.9632104989754087,0,coinpaprika
stable_rlusd,2025-11-19,258029959.0,19.368586260175025,176792374.0,1120198083.0,1.4595084231404687,0.2303431535152877,0.15782242148329048,0.0038979308326144765,3.5085579121674204,0,coinpaprika
stable_rlusd,2025-11-20,235926990.0,19.279032954958666,176756229.0,1126638083.0,1.3347591274986976,0.20940796655104726,0.15688820719546012,0.003926525934618214,4.538600952495031,0,coinpaprika
stable_rlusd,2025-11-21,298689895.0,19.514916456032353,176768922.0,1141638083.0,1.6897195028433787,0.2616327358448851,0.15483796890822535,0.003979074360004975,2.118453958922517,0,coinpaprika
stable_rlusd,2025-11-22,291674357.0,19.491148525591804,176763486.0,1156638083.0,1.6500826250959997,0.2521742637450405,0.15282523426993194,0.004036270621993382,1.44289435357714,0,coinpaprika
stable_rlusd,2025-11-23,127245402.0,18.661628087005617,176803330.0,1156638083.0,0.7197002567768379,0.11001315266220575,0.15285968238346515,0.004033914381125978,5.052281919573076,0,coinpaprika
stable_rlusd,2025-11-24,179970777.0,19.008305051230753,176791298.0,1156638083.0,1.0179843636874029,0.15559817685857746,0.15284927982092045,0.004037153017991607,0.4226557414543919,0,coinpaprika
stable_rlusd,2025-11-25,196609263.0,19.096728885625165,176743486.0,1236148084.0,1.1123989203200395,0.15904992738717863,0.14297921769055624,0.004298984587173785,1.6996538559266305,0,coinpaprika
stable_rlusd,2025-11-26,156955021.0,18.871469838191747,176762232.0,1236148084.0,0.8879443262517753,0.1269710506625677,0.14299438254033647,0.004290580866897735,9.437546589490253,0,coinpaprika
stable_rlusd,2025-11-27,120296429.0,18.6054695046941,176728783.0,1261148084.0,0.6806838532917414,0.09538644234264246,0.14013325258320736,0.0043631759118859465,0.7766970526146277,0,coinpaprika
stable_rlusd,2025-11-28,102812251.0,18.448415086763003,176774239.0,1261148084.0,0.5816020002778799,0.08152274289146841,0.1401692959317853,0.004359114108434788,2.576203665404231,0,coinpaprika
stable_rlusd,2025-11-29,106550347.0,18.484128182575834,176781142.0,1260898084.0,0.6027246220640434,0.08450353629056669,0.14020256216044819,0.0043504865187020915,4.452243839145886,0,coinpaprika
stable_rlusd,2025-11-30,49612692.0,17.719757266214543,176810609.0,1260898084.0,0.28059793629238616,0.03934710713701108,0.14022593201117117,0.004350113573850984,0.5753776713435244,0,coinpaprika
stable_rlusd,2025-12-01,128213480.0,18.66920725292858,176753215.0,1260898084.0,0.725381317675042,0.10168425317394646,0.14018041366141057,0.004352184831893537,2.846320487883691,0,coinpaprika
stable_rlusd,2025-12-02,165627438.0,18.92525148063407,176780990.0,1260728084.0,0.9369075147729402,0.1313744336324311,0.14022134688958035,0.004338676949547885,2.2924466299534263,0,coinpaprika
stable_rlusd,2025-12-03,164032803.0,18.915576990176504,176712469.0,1260728084.0,0.9282469082586357,0.13010958118705634,0.14016699654959064,0.004332005084555061,0.28599624498859555,0,coinpaprika
stable_rlusd,2025-12-04,139963822.0,18.75689454003784,176686543.0,1280728084.0,0.7921589251989609,0.10928457316471246,0.1379578891158289,0.004389488894179574,4.21577498289083,0,coinpaprika
stable_rlusd,2025-12-05,127150399.0,18.660881195718133,176682092.0,1280728084.0,0.7196564041136665,0.09927977733015808,0.1379544137489219,0.0043851828103861285,3.7877598271596202,0,coinpaprika
stable_rlusd,2025-12-06,83693476.0,18.24267159932838,176716387.0,1293131648.0,0.47360336763788635,0.06472154333972344,0.13665769241153086,0.004423659534896241,4.484447131605229,0,coinpaprika
stable_rlusd,2025-12-07,50082983.0,17.729191867645557,176753253.0,1293131648.0,0.2833497101182064,0.03872999557118565,0.13668620149647748,0.004425328051828348,5.52472381160185,0,coinpaprika
stable_rlusd,2025-12-08,90116892.0,18.316618196680114,176721968.0,1293131648.0,0.5099359916589431,0.06968887671984346,0.13666200829074443,0.004425198578768722,5.1447431266227195,0,coinpaprika
stable_rlusd,2025-12-09,116294890.0,18.571639687031272,176746563.0,1293131648.0,0.6579753972358716,0.08993275369902631,0.1366810280092998,0.0044190738035167175,2.6992834302108637,0,coinpaprika
stable_rlusd,2025-12-10,139661661.0,18.754733355640727,176724330.0,1297131526.0,0.7902797594422907,0.1076696219316159,0.13624241370878531,0.00442517230274648,2.014640801759615,0,coinpaprika
stable_rlusd,2025-12-11,156011646.0,18.865441222683284,176677364.0,1297131526.0,0.8830313202997527,0.1202743460264954,0.13620620612377282,0.004427570766696619,4.591855327300554,0,coinpaprika
stable_rlusd,2025-12-12,123661938.0,18.633062102062336,176673267.0,1317131526.0,0.6999470836750871,0.09388731160019322,0.1341348707494228,0.004482877266242731,6.573741780840914,0,coinpaprika
stable_rlusd,2025-12-13,88734820.0,18.301162940706416,176739486.0,1317131526.0,0.5020656221666278,0.06736974876721613,0.13418514591078126,0.004483635265345545,2.316936607866804,0,coinpaprika
stable_rlusd,2025-12-14,36374873.0,17.409388819532406,176717300.0,1317131526.0,0.20583651402550854,0.02761673552106595,0.13416830173116667,0.004484321880665261,3.810105600607905,0,coinpaprika
stable_rlusd,2025-12-15,86436210.0,18.27491725476902,176697219.0,1317131526.0,0.4891769688803082,0.06562458516386617,0.13415305572148306,0.00448557187760561,2.233198537742176,0,coinpaprika
stable_rlusd,2025-12-16,161953285.0,18.902818493588796,176717699.0,1317131405.0,0.916451979153486,0.122959094578722,0.13416861698776364,0.004487541413715929,3.1773391635858683,0,coinpaprika
stable_rlusd,2025-12-17,125272507.0,18.64600198637513,176705757.0,1317131405.0,0.7089327995125818,0.09511010558585838,0.1341595503145717,0.004488694530950492,3.1997811941852916,0,coinpaprika
stable_rlusd,2025-12-18,182511425.0,19.022323337246185,176725884.0,1336131274.0,1.0327373719630113,0.13659692617897662,0.1322668568866984,0.004552155808513323,1.882187647215261,0,coinpaprika
stable_rlusd,2025-12-19,209039841.0,19.15803542334014,176755472.0,1336131274.0,1.1826498983861726,0.15645157408388002,0.13228900141738617,0.004562529562656878,1.2582849279108022,0,coinpaprika
stable_rlusd,2025-12-20,128952673.0,18.674956026796284,176757671.0,1359131174.0,0.7295449881776277,0.09487875450644324,0.1300519584727,0.004641565156909977,2.4790456233425573,0,coinpaprika
stable_rlusd,2025-12-21,50859184.0,17.7445712934492,176769971.0,1359131174.0,0.2877139353040908,0.037420364548271336,0.13006100837180856,0.0046355671757534805,2.6539944730397114,0,coinpaprika
stable_rlusd,2025-12-22,99895525.0,18.419635457831127,176723494.0,1359131174.0,0.5652645425853792,0.07349954655664458,0.13002681226116883,0.004636233213184238,1.7275268019734114,0,coinpaprika
stable_rlusd,2025-12-23,133391690.0,18.7088004031491,176729729.0,1359131174.0,0.7547778789385231,0.09814482409922266,0.13003139975067632,0.0046347415262687035,2.23530627073365,0,coinpaprika
stable_rlusd,2025-12-24,115440548.0,18.564266228135835,176728504.0,1358931174.0,0.6532084264120744,0.08494951783334392,0.13004963561164135,0.004638255452523737,2.9922402447413177,0,coinpaprika
stable_rlusd,2025-12-25,74305770.0,18.12369917827332,176748195.0,1358931174.0,0.4204046892812682,0.054679568341405936,0.13006412567587475,0.004645552088591691,1.4499657929489818,0,coinpaprika
stable_rlusd,2025-12-26,96784485.0,18.387997270807382,176734901.0,1358931174.0,0.5476251971307015,0.07122103521631332,0.13005434298764568,0.004644755978238861,1.2146855382211275,0,coinpaprika
stable_rlusd,2025-12-27,73916286.0,18.11844375405778,176780352.0,1358231174.0,0.41812500746689313,0.05442099063469147,0.13015483327435393,0.0046442290658772496,1.6877863830266904,0,coinpaprika
stable_rlusd,2025-12-28,38273422.0,17.460266296830333,176787051.0,1358231174.0,0.2164944874837015,0.02817887170656267,0.13015976542443872,0.004645969160387249,2.96350587042582,0,coinpaprika
stable_rlusd,2025-12-29,176422798.0,18.98839393921716,176787573.0,1358231174.0,0.9979366479565845,0.12989158353686853,0.13016014974782195,0.004646665346702068,2.023588104584917,0,coinpaprika
stable_rlusd,2025-12-30,141548667.0,18.76815415937547,176770691.0,1358011174.0,0.8007473761586416,0.10423232865092757,0.1301688044873186,0.0046458906290036284,2.3113587400513946,0,coinpaprika
stable_rlusd,2025-12-31,132506105.0,18.70213928534763,176744219.0,1336206103.0,0.7497054542983383,0.09916591811884577,0.13227317148393536,0.004574023473619953,5.902818333787252,0,coinpaprika
stable_rlusd,2026-01-01,117980134.0,18.58602682080029,176809214.0,1278206224.0,0.6672736750020279,0.09230132961705872,0.1383260468304526,0.004388583326195442,4.241927858642525,0,coinpaprika
stable_rlusd,2026-01-02,122801504.0,18.62607982930254,176743716.0,1278206224.0,0.694799830959761,0.09607331093703077,0.13827480470788256,0.004393357993290331,0.2895993520035667,0,coinpaprika
stable_rlusd,2026-01-03,162433631.0,18.905780057846993,176711832.0,1345806224.0,0.9192006509218918,0.12069615083010643,0.13130555413451558,0.004613500216596135,1.466978870811042,0,coinpaprika
stable_rlusd,2026-01-04,87628897.0,18.288621387350997,176723901.0,1345806224.0,0.4958519843900458,0.0651125663095462,0.13131452199317514,0.004613414318768607,0.8204351422558265,0,coinpaprika
stable_rlusd,2026-01-05,166922163.0,18.933038177897863,176702943.0,1345806224.0,0.9446484600995015,0.1240313501477758,0.13129894917174942,0.004611319540764956,4.032644487488302,0,coinpaprika
stable_rlusd,2026-01-06,227913713.0,19.244477667921014,176680587.0,1345806224.0,1.2899759779494053,0.1693510617914931,0.1312823375677894,0.00460254566498172,5.127756976752718,0,coinpaprika
stable_rlusd,2026-01-07,191701751.0,19.071451347254236,176705097.0,1345456224.0,1.0848682593462484,0.14248085339415695,0.13133470554297277,0.004606277991116558,2.5063140416015095,0,coinpaprika
stable_rlusd,2026-01-08,175784968.0,18.98477203899114,176725807.0,1345456224.0,0.9946762783773849,0.1306508267339956,0.13135009809133708,0.004611475888283967,1.90554128948639,0,coinpaprika
stable_rlusd,2026-01-09,152127771.0,18.840231330962975,176708827.0,1385456224.0,0.8608951436251682,0.10980337621984655,0.12754558674529437,0.004759336139897449,2.3731785763381197,0,coinpaprika
stable_rlusd,2026-01-10,90921187.0,18.32550362329528,176764382.0,1385456104.0,0.5143637308108825,0.06562545485021011,0.12758569650070992,0.004754766794499736,2.2672615914287597,0,coinpaprika
stable_rlusd,2026-01-11,42791719.0,17.571855183892698,176803183.0,1385456104.0,0.24203025236259462,0.03088637660655902,0.12761370244033368,0.004752644560337629,0.01585211087506977,0,coinpaprika
stable_rlusd,2026-01-12,111594553.0,18.530382807437608,176742039.0,1385456104.0,0.6313979041511454,0.08054715893041386,0.1275695696815812,0.0047538524359103974,2.571737320952172,0,coinpaprika
stable_rlusd,2026-01-13,125092895.0,18.644567187253976,176721837.0,1385456104.0,0.7078519390900175,0.09029004573933437,0.1275549882019214,0.004764883495207261,3.5899559688679084,0,coinpaprika
stable_rlusd,2026-01-14,227549214.0,19.24287710262972,176624957.0,1385456204.0,1.2883185811617777,0.16424136204597053,0.12748505256973103,0.004751864620673607,3.952058023881655,0,coinpaprika
stable_rlusd,2026-01-15,154182416.0,18.85364698535455,176657895.0,1385456204.0,0.8727739906557813,0.1112863875125424,0.12750882668825236,0.0047372369733021625,1.7079043307177688,0,coinpaprika
stable_rlusd,2026-01-16,111256874.0,18.52735227485403,176698286.0,1385456204.0,0.6296431986895448,0.08030342184674356,0.1275379802622761,0.004722743842604227,7.831802534802312,0,coinpaprika
stable_rlusd,2026-01-17,51688202.0,17.760740131623045,176698794.0,1405456101.0,0.2925215324333227,0.03677681712237272,0.1257234529589907,0.004782237877793705,0.253002417083259,0,coinpaprika
stable_rlusd,2026-01-18,30694930.0,17.239608084918093,176714379.0,1405456101.0,0.17369797621279023,0.02183983546562583,0.1257345418859155,0.004781120019670969,3.1980093406702714,0,coinpaprika
stable_rlusd,2026-01-19,78062073.0,18.173014888669446,176719114.0,1405456101.0,0.4417296535336862,0.05554216381746668,0.1257379108990043,0.004780114850851093,2.209180514330944,0,coinpaprika
stable_rlusd,2026-01-20,84719384.0,18.25485500002428,176698992.0,1405456101.0,0.4794559552439326,0.06027892578054987,0.1257235938385243,0.004780794949625878,4.01499698975627,0,coinpaprika
stable_rlusd,2026-01-21,141598026.0,18.768502805511,176741847.0,1405456101.0,0.801157328631968,0.10074880737950562,0.12575408571939453,0.004814973347939513,2.2705650004595235,0,coinpaprika
stable_rlusd,2026-01-22,242742936.0,19.30751356893487,176724905.0,1400456101.0,1.3735638222581021,0.1733313424295618,0.12619096369661928,0.004808596411269039,0.011676510118796557,0,coinpaprika
stable_rlusd,2026-01-23,177834547.0,18.996364170380158,176760961.0,1410456101.0,1.006073660122271,0.12608300738599165,0.12532184509300087,0.004852892254549325,3.217871618083068,0,coinpaprika
stable_rlusd,2026-01-24,106301084.0,18.481786050221515,176790793.0,1415456101.0,0.6012817873383259,0.07510023371611438,0.12490023030392802,0.004864054669951863,2.848498073454442,0,coinpaprika
stable_rlusd,2026-01-25,50995484.0,17.747247657357875,176778122.0,1415456101.0,0.28847169221539753,0.03602759842850117,0.12489127841909665,0.0048637020251534055,2.784439259193583,0,coinpaprika
stable_rlusd,2026-01-26,341009026.0,19.647419507038173,176830902.0,1415456101.0,1.9284470199671322,0.2409181222639698,0.12492856675319809,0.004863585308803566,2.8884444088472794,0,coinpaprika
stable_rlusd,2026-01-27,192075670.0,19.07339997213892,176758200.0,1415456111.0,1.0866577618464095,0.13569878183245201,0.12487720292162419,0.004874997834889245,3.5205625947853925,0,coinpaprika
stable_rlusd,2026-01-28,122230793.0,18.621421569682603,176724339.0,1415455995.0,0.6916466271236131,0.08635435748746113,0.12485329082943337,0.004884838158242298,1.9700059117988555,0,coinpaprika
stable_rlusd,2026-01-29,129014586.0,18.675436033452545,176712694.0,1415455995.0,0.730081031982909,0.09114701301611287,0.12484506379868066,0.004889935618755821,4.975485853421224,0,coinpaprika
stable_rlusd,2026-01-30,244669418.0,19.315418547166207,176748351.0,1450455995.0,1.3842811919642746,0.16868448187564627,0.12185709294820764,0.0050354696840065084,1.426441977796511,0,coinpaprika
stable_rlusd,2026-01-31,234768883.0,19.274112115841774,176737492.0,1357255995.0,1.328347937629442,0.1729731781365239,0.13021677019743058,0.004722557739332273,1.7991842718101392,0,coinpaprika
stable_rlusd,2026-02-01,274874121.0,19.431823812654926,176760378.0,1357255995.0,1.555066379185951,0.20252194281153277,0.13023363216015857,0.004726119101411453,0.7218170049327899,0,coinpaprika
stable_rlusd,2026-02-02,373726520.0,19.73903486062902,176784630.0,1357255995.0,2.114021563978724,0.2753544809356322,0.1302515005653005,0.004723274015651849,6.788866783882241,0,coinpaprika
stable_rlusd,2026-02-03,315758518.0,19.570488299036775,176731000.0,1459455995.0,1.7866617514754062,0.21635357220893803,0.1210937504148592,0.005074063840531888,0.060021995939019135,0,coinpaprika
stable_rlusd,2026-02-04,383182186.0,19.764021118116226,176764613.0,1494455995.0,2.167753938397161,0.256402454995003,0.11828023949276606,0.005190594524550097,2.670583761865686,0,coinpaprika
stable_rlusd,2026-02-05,551544497.0,20.128233078806385,176724057.0,1494455885.0,3.1209361439682204,0.3690604068918368,0.1182531105627116,0.00518335940646084,0.7204443347208489,0,coinpaprika
stable_rlusd,2026-02-06,799260154.0,20.499197051485066,176834078.0,1494441190.0,4.519831036187493,0.5348220855716644,0.1183278935185131,0.005197000795764692,0.5519460498426554,0,coinpaprika
stable_rlusd,2026-02-07,382482088.0,19.762192383990694,176754915.0,1494441190.0,2.1639120360528588,0.2559365270171655,0.11827492187899344,0.005184361434505963,1.499401359890129,0,coinpaprika
stable_rlusd,2026-02-08,204211057.0,19.13466461502001,176775741.0,1491941190.0,1.1551984217110423,0.13687607686466516,0.11848707052588313,0.005171428784944901,2.3643169486142757,0,coinpaprika
stable_rlusd,2026-02-09,194064165.0,19.083699414918346,176746883.0,1491941190.0,1.0979778636322544,0.13007494283336998,0.11846772794040226,0.005149822673567045,1.5452224657852565,0,coinpaprika
stable_rlusd,2026-02-10,201830952.0,19.122941038660723,176756401.0,1521941230.0,1.1418593661001277,0.1326141561983967,0.11613878217886245,0.005253490116569327,0.410205645342554,0,coinpaprika
stable_rlusd,2026-02-11,207100182.0,19.14871320999652,176750636.0,1521941230.0,1.1717082704019237,0.13607633324974053,0.11613499425335892,0.005251821273677865,0.8564878985151125,0,coinpaprika
stable_rlusd,2026-02-12,237244365.0,19.284601248070132,176755809.0,1521941230.0,1.3422153780530064,0.15588273733802455,0.11613839320195038,0.005255266643640673,0.20798938104138465,0,coinpaprika
stable_rlusd,2026-02-13,155168519.0,18.860022310088034,176812503.0,1521941118.0,0.877587932794549,0.1019543510355438,0.11617565286122981,0.005259278811100911,2.5647820440188873,0,coinpaprika
stable_rlusd,2026-02-14,120192093.0,18.604601804191713,176782967.0,1521941118.0,0.6798850310052778,0.07897289295787328,0.11615624606575614,0.005255272229433064,0.5639956195846452,0,coinpaprika
stable_rlusd,2026-02-15,138612316.0,18.747191508015483,176749243.0,1521941118.0,0.78423145495452,0.09107600442660489,0.11613408752124929,0.005254037874755371,0.43704300808355967,0,coinpaprika
stable_rlusd,2026-02-16,153879519.0,18.851680516529754,176789899.0,1521941118.0,0.8704089988761179,0.10110740631162841,0.11616080077547389,0.005251921468565873,1.2106754772855943,0,coinpaprika
stable_rlusd,2026-02-17,139082583.0,18.750578444166315,176748417.0,1521941118.0,0.7868957774032002,0.09138499601270382,0.11613354479328812,0.005250699381626286,3.834910168990513,0,coinpaprika
stable_rlusd,2026-02-18,124322336.0,18.638388242669475,176756181.0,1521941118.0,0.7033549565092719,0.08168669242826777,0.1161386461733009,0.005254814599254205,2.6205996881289995,0,coinpaprika
stable_rlusd,2026-02-19,119479797.0,18.59865786065123,176762064.0,1521740776.0,0.6759357426376283,0.07851521026732348,0.1161578021617001,0.005252286384885604,2.335597991099947,0,coinpaprika
stable_rlusd,2026-02-20,124549264.0,18.64021189841057,176742914.0,1538640717.0,0.7046916970034793,0.08094759395347524,0.11486951570124086,0.005307996811940511,0.9336522816338899,0,coinpaprika
stable_rlusd,2026-02-21,105516869.0,18.47438140331019,176758256.0,1558570717.0,0.5969558163099323,0.06770104676616993,0.11341048184212742,0.005383431285324229,1.0960527888437266,0,coinpaprika
stable_rlusd,2026-02-22,49040552.0,17.708158126037624,176762285.0,1558570717.0,0.27743787086708005,0.031465079810042394,0.113413066902886,0.0053845568860477885,1.1031898990965239,0,coinpaprika
stable_rlusd,2026-02-23,106192013.0,18.480759466204507,176747884.0,1558570717.0,0.6008106609072615,0.06813422826549871,0.11340382702699014,0.005366459915391431,2.024385599143086,0,coinpaprika
stable_rlusd,2026-02-24,145109131.0,18.792996651780307,176760407.0,1558420717.0,0.8209368458854024,0.09311293761503557,0.11342277799044428,0.005365563124283538,2.852825166497208,0,coinpaprika
stable_rlusd,2026-02-25,161305620.0,18.89881139059737,176785396.0,1558420615.0,0.9124374730591435,0.10350583048466669,0.11343882023788553,0.005362730855186451,3.268460903553816,0,coinpaprika
stable_rlusd,2026-02-26,202022179.0,19.12388805131788,176744553.0,1563678851.0,1.1430178501738608,0.12919672020300285,0.11303123584933618,0.005369425613243897,1.0216209614333227,0,coinpaprika
stable_rlusd,2026-02-27,150368700.0,18.828600842769962,176731133.0,1563678851.0,0.850833112692148,0.09616341610288877,0.11302265352439687,0.00537346905149118,0.47136061294361653,0,coinpaprika
stable_rlusd,2026-02-28,135034890.0,18.72104375486163,176734640.0,1495023851.0,0.764054460404593,0.09032290013947075,0.11821526451352915,0.005136158794383484,0.248143820750224,0,coinpaprika
stable_rlusd,2026-03-01,151166738.0,18.833894017351792,176691714.0,1495023851.0,0.8555394850038073,0.10111326177096555,0.11818655192812706,0.005132838082968393,1.076385364976451,0,coinpaprika
stable_rlusd,2026-03-02,154967329.0,18.85872487847397,176672401.0,1495023851.0,0.8771450895717435,0.1036554225515162,0.11817363373957303,0.005136107034551084,5.740801634199766,0,coinpaprika
stable_rlusd,2026-03-03,190444827.0,19.064873093786087,176692269.0,1583678814.0,1.077833388397995,0.12025470399454369,0.11157077270846158,0.005426034751894266,0.007221294251458232,0,coinpaprika
stable_rlusd,2026-03-04,219310770.0,19.206000327549074,176682102.0,1583678814.0,1.241273267169982,0.1384818487569917,0.11156435284610684,0.0054262026195759355,1.5236545233743293,0,coinpaprika
stable_rlusd,2026-03-05,222597946.0,19.220877773941986,176661301.0,1583678814.0,1.2600266427337135,0.14055750700975153,0.11155121823837191,0.005410542215233301,0.07929533060613281,0,coinpaprika
stable_rlusd,2026-03-06,144932195.0,18.79177657722632,176657816.0,1588678814.0,0.8204120161884034,0.09122812850703754,0.11119794287128952,0.005406188445478467,2.3365159431565363,0,coinpaprika
stable_rlusd,2026-03-07,119845027.0,18.601710032794312,176697179.0,1588678714.0,0.6782509357435752,0.0754369187072774,0.11122272706424642,0.005404451880258022,2.041835403385761,0,coinpaprika
stable_rlusd,2026-03-08,63658451.0,17.96904266284019,176702308.0,1588678714.0,0.36025817500923646,0.040070059754070575,0.11122595553325958,0.0054032441913192154,0.2704296824684871,0,coinpaprika
stable_rlusd,2026-03-09,126603962.0,18.656574370501946,176706732.0,1579578714.0,0.7164637168435666,0.08015046092853338,0.11186953232138833,0.005371965086289231,0.10880173051841524,0,coinpaprika
stable_rlusd,2026-03-10,168955079.0,18.945143438740015,176700571.0,1586579679.0,0.9561660046927636,0.10649013171937896,0.11137201196940327,0.005373472227048081,1.3668400048216789,0,coinpaprika
stable_rlusd,2026-03-11,184445367.0,19.032863869195022,176679096.0,1575577714.0,1.043956931950795,0.11706522970024695,0.11213607201351923,0.00533127253117263,0.010023066103759248,0,coinpaprika
stable_rlusd,2026-03-12,139161517.0,18.751145816495505,176661852.0,1578567714.0,0.7877281678219925,0.08815682454785086,0.11191274877423472,0.005337721378371028,0.1217266474051737,0,coinpaprika
stable_rlusd,2026-03-13,165407645.0,18.923923566813105,176667812.0,1562628408.0,0.9362636188645388,0.10585219374816332,0.11305810843802348,0.005279111697465833,1.4437741647244096,0,coinpaprika
stable_rlusd,2026-03-14,132054823.0,18.698727727656962,176702293.0,1552628407.0,0.7473294248649054,0.08505243263915112,0.11380848901343076,0.005237533436417674,0.6820436896215476,0,coinpaprika
stable_rlusd,2026-03-15,59615320.0,17.90342316275874,176690776.0,1552628407.0,0.33739916338360526,0.0383963862384749,0.11380107126946312,0.005237812971721565,0.38149706928836125,0,coinpaprika
stable_rlusd,2026-03-16,156424361.0,18.86808314120845,176667842.0,1552628407.0,0.8854150208049748,0.10074809934866791,0.1137863001884391,0.005238429081497512,1.5942161896176366,0,coinpaprika
stable_rlusd,2026-03-17,235040355.0,19.2752677850245,176658058.0,1549571407.0,1.3304819358990123,0.15168088023451765,0.11400446420343635,0.005227495645043671,0.6193110116448075,0,coinpaprika
stable_rlusd,2026-03-18,185169719.0,19.036783367888862,176645828.0,1525616304.0,1.0482541314250569,0.12137371534015803,0.1157865365864627,0.0051413160193274155,2.7255214771526592,0,coinpaprika
stable_rlusd,2026-03-19,195173122.0,19.08939753291401,176659839.0,1525616304.0,1.104796218001761,0.1279306739763316,0.11579572041595067,0.0051527307399548365,1.586839611215085,0,coinpaprika
stable_rlusd,2026-03-20,161220099.0,18.898281070089975,176686569.0,1535616168.0,0.9124638047615267,0.1049872372794658,0.11505907054242477,0.00517657194962319,1.6010619267203818,0,coinpaprika
stable_rlusd,2026-03-21,157192745.0,18.872983291856496,176694629.0,1527016168.0,0.8896294465181508,0.10294111371845016,0.1157123498118718,0.005149832345612634,1.2445670170102563,0,coinpaprika
stable_rlusd,2026-03-22,80640751.0,18.205514687640676,176717855.0,1527016168.0,0.45632486315545195,0.052809362919594184,0.11572755986693653,0.005145646192033334,0.8892173653385349,0,coinpaprika
stable_rlusd,2026-03-23,169538623.0,18.948591329032798,176686331.0,1527016168.0,0.9595457783318847,0.11102608246908882,0.11570691568473294,0.005148351109454331,1.2397261238417112,0,coinpaprika
stable_rlusd,2026-03-24,232338006.0,19.2637037960667,176684805.0,1481758168.0,1.3149857793373911,0.15679886975996746,0.11923997371209362,0.005003562603955463,1.2982581245957192,0,coinpaprika
stable_rlusd,2026-03-25,217842235.0,19.19928167069135,176680158.0,1432158163.0,1.2329750972941738,0.15210766563916167,0.12336637290807384,0.0048367559330135075,0.36210260115909776,0,coinpaprika
stable_rlusd,2026-03-26,187281429.0,19.048123016743578,176689515.0,1437074727.0,1.0599464772994593,0.1303212877391309,0.12295081924434957,0.004853833579486395,2.255286730437067,0,coinpaprika
stable_rlusd,2026-03-27,185486111.0,19.03849056928449,176712686.0,1411355495.0,1.0496479635876284,0.13142408957709129,0.12520777835636654,0.0047801017741916476,0.1984199286919619,0,coinpaprika
stable_rlusd,2026-03-28,137495844.0,18.739104256432505,176742934.0,1410355493.0,0.7779425230091518,0.09749020348588099,0.1253180030688901,0.00478438247699574,1.18998246338764,0,coinpaprika
stable_rlusd,2026-03-29,81511998.0,18.216260794368125,176766147.0,1410355493.0,0.46112900792027783,0.057795356138624264,0.12533446203977738,0.0047854691690930075,0.23605058460329786,0,coinpaprika
stable_rlusd,2026-03-30,154825723.0,18.85781068102484,176707391.0,1410355493.0,0.8761700465601917,0.10977779983021628,0.12529280162132853,0.0047805592417252615,0.8704124543057468,0,coinpaprika
stable_rlusd,2026-03-31,196674714.0,19.09706172908739,176703268.0,1416355949.0,1.1130225050506706,0.1388596659892308,0.12475908201237061,0.004800383438166758,1.8195535044807087,0,coinpaprika
stable_rlusd,2026-04-01,193205145.0,19.079263114998735,176691547.0,1247271090.0,1.0934600340558454,0.15490228752115148,0.14166250498117455,0.0042239295913382565,0.3303151105771285,0,coinpaprika
stable_rlusd,2026-04-02,201859146.0,19.12308072006508,176709686.0,1308475249.0,1.1423207780472204,0.15427051153949645,0.1350500791933589,0.004430986025866702,0.7231925831563402,0,coinpaprika
stable_rlusd,2026-04-03,130009988.0,18.68312184392947,176707147.0,1370825422.0,0.7357370101165178,0.094840660169782,0.12890565360408088,0.004640142117181787,0.5905947650719501,0,coinpaprika
stable_rlusd,2026-04-04,60792296.0,17.922973644831075,176723722.0,1370825222.0,0.343996240640518,0.04434722605359241,0.12891776366805133,0.004634169159089186,0.10396219298325349,0,coinpaprika
stable_rlusd,2026-04-05,47906883.0,17.684769768130135,176758093.0,1370825222.0,0.2710307753772836,0.03494747706064603,0.12894283688632044,0.004634785278259451,0.06594505274515328,0,coinpaprika
stable_rlusd,2026-04-06,114207719.0,18.553529453601886,176682838.0,1370825222.0,0.6463996180545843,0.08331311473345505,0.1288879392970492,0.004634029925387566,1.4206373407077422,0,coinpaprika
stable_rlusd,2026-04-07,152258397.0,18.841089622310566,176705145.0,1359862889.0,0.8616523135192243,0.11196599174198069,0.12994335416414177,0.004600690369068518,1.7067721162156158,0,coinpaprika
stable_rlusd,2026-04-08,252691114.0,19.347678411471193,176699976.0,1344862870.0,1.4300574324922375,0.1878935909651517,0.13138884264088577,0.004539709715879386,1.7416021672622684,0,coinpaprika
stable_rlusd,2026-04-09,169529608.0,18.948538153895022,176719530.0,1374271615.0,0.9593145024774568,0.12335960820961873,0.12859141385962483,0.004639620502735872,1.7787025274729196,0,coinpaprika
stable_rlusd,2026-04-10,152569248.0,18.843129142746537,176710157.0,1378771390.0,0.8633869755432337,0.11065594275204681,0.12816494328330963,0.00465127704599774,0.23909610905037404,0,coinpaprika
stable_rlusd,2026-04-11,121563692.0,18.615948905610633,176701226.0,1391771362.0,0.6879617915044913,0.08734458497932507,0.12696138951018307,0.004685827274259718,3.2131998801521178,0,coinpaprika
stable_rlusd,2026-04-12,108213375.0,18.49961553965649,176709067.0,1391771362.0,0.612381565004811,0.07775226445563262,0.1269670233378462,0.004684552183232382,0.9075443315054166,0,coinpaprika
stable_rlusd,2026-04-13,137989326.0,18.742686899550833,176718190.0,1420661362.0,0.7808439301013664,0.0971303434378896,0.12439149450169955,0.004780884502038251,1.0517576024371422,0,coinpaprika
stable_rlusd,2026-04-14,266297522.0,19.400124749201286,176699638.0,1441761011.0,1.5070632006614524,0.18470295698681508,0.12255820253971343,0.004850307323686431,1.0192225679461764,0,coinpaprika
stable_rlusd,2026-04-15,238226030.0,19.28873049103049,176724805.0,1463761355.0,1.348005618113428,0.16274922765671732,0.1207333452248437,0.004907121577854789,0.6515458924960527,0,coinpaprika
stable_rlusd,2026-04-16,195318404.0,19.09014163103797,176693251.0,1469961329.0,1.1054095325915985,0.13287315805298985,0.1202026526236596,0.004931733807039091,0.5925780483639898,0,coinpaprika
stable_rlusd,2026-04-17,260084642.0,19.3765176859999,176695061.0,1467701529.0,1.4719406446793666,0.17720540372892124,0.12038896022707625,0.004913874325930926,0.06480436936850964,0,coinpaprika
stable_rlusd,2026-04-18,211707944.0,19.17071826492379,176722610.0,1416956483.0,1.1979675039883124,0.14941033584303803,0.12471985704588502,0.004732618723592439,1.0516462591170228,0,coinpaprika
stable_rlusd,2026-04-19,215123722.0,19.186723876394687,176707504.0,1416956483.0,1.2174000375218927,0.1518209800942772,0.12470919616802374,0.0047333090958903146,0.16052300349733706,0,coinpaprika
stable_rlusd,2026-04-20,355748940.0,19.689735818120248,176706938.0,1416956483.0,2.013214331176968,0.25106553678120264,0.12470879672032949,0.004743907861512512,0.5215853624485067,0,coinpaprika
stable_rlusd,2026-04-21,310908148.0,19.555008085685802,176721010.0,1426996980.0,1.759316269186103,0.21787582759985938,0.12384119411380955,0.004775717874246104,2.420482802738544,0,coinpaprika
stable_rlusd,2026-04-22,306841085.0,19.54184053635298,176690019.0,1437896975.0,1.7366067802618776,0.21339573720154742,0.12288086147479377,0.004803341661589602,3.4201346134232757,0,coinpaprika
stable_rlusd,2026-04-23,302271362.0,19.526835724862213,176714144.0,1461896835.0,1.7105102916945913,0.2067665479281238,0.12088003733861288,0.004890018413480567,1.7616034248268964,0,coinpaprika
stable_rlusd,2026-04-24,181967280.0,19.019337454154382,176727295.0,1493711840.0,1.0296501171480048,0.12182221170584014,0.11831418233921209,0.004990426798064435,0.6145882307595496,0,coinpaprika
stable_rlusd,2026-04-25,96796198.0,18.38811828494693,176754586.0,1565386640.0,0.5476304756245476,0.061835329066051055,0.11291433150342972,0.0052338949120704385,0.5671714449140275,0,coinpaprika
stable_rlusd,2026-04-26,41172808.0,17.53328862071175,176735962.0,1590386434.0,0.23296225360178818,0.02588855583761852,0.1111276845813437,0.005315863688699395,0.5420471199724108,0,coinpaprika
stable_rlusd,2026-04-27,108686711.0,18.503980099908734,176723589.0,1590386434.0,0.6150096408465312,0.06833981268731068,0.11111990471115903,0.005314788364149663,0.7138245369719964,0,coinpaprika
stable_rlusd,2026-04-28,139945693.0,18.75676500532091,176730981.0,1586636444.0,0.7918571617049984,0.08820274709383898,0.11138719375085777,0.005305861739845071,0.12441019345166282,0,coinpaprika
stable_rlusd,2026-04-29,138508343.0,18.746441127264344,176717813.0,1570846442.0,0.7837825777076587,0.0881743366484959,0.11249846469716229,0.005253179182037517,0.5245382862317793,0,coinpaprika
stable_rlusd,2026-04-30,159407140.0,18.88697212256411,176710371.0,1557432352.0,0.902081406416152,0.10235252901693928,0.11346263018941063,0.005224263868112292,0.3090081899004282,0,coinpaprika
stable_rlusd,2026-05-01,139032577.0,18.750218837734366,176742955.0,1444434832.0,0.7866371646892517,0.09625396308637342,0.12236132159405029,0.004837290049506975,2.646108769751576,0,coinpaprika
stable_rlusd,2026-05-02,97098881.0,18.391240419292075,176718635.0,1559982732.0,0.5494546797512329,0.06224356142424274,0.11328243023141361,0.005219652115111752,0.7595037326224574,0,coinpaprika
stable_rlusd,2026-05-03,48943765.0,17.70618256438722,176710293.0,1559982732.0,0.2769717834150159,0.031374555625529835,0.11327708273632352,0.005213869766407752,1.8497590825083954,0,coinpaprika
stable_rlusd,2026-05-04,168289940.0,18.941198889103894,176752390.0,1555078403.0,0.9521225710158714,0.10821958537610789,0.1136614010322668,0.005196395329464892,0.3000954149579016,0,coinpaprika
stable_rlusd,2026-05-05,187517334.0,19.04938185243453,176750093.0,1537873243.0,1.0609178802525439,0.12193289326901957,0.11493150934546821,0.005130955961644661,1.0480033341542239,0,coinpaprika
stable_rlusd,2026-05-06,209312905.0,19.159340848200305,176727164.0,1526340094.0,1.1843844503723264,0.1371338575346367,0.1157849189015669,0.005085435328497797,1.7205913632223346,0,coinpaprika
stable_rlusd,2026-05-07,185119607.0,19.036512703862023,176734948.0,1534259436.0,1.0474419977196587,0.12065730387986351,0.11519234873390735,0.005108157952526348,0.10398252185517265,0,coinpaprika
stable_rlusd,2026-05-08,169504809.0,18.948391861963263,176757326.0,1535640838.0,0.95896907265954,0.11038050356928578,0.11510329865296276,0.005108417792160104,1.1980329038263626,0,coinpaprika
stable_rlusd,2026-05-09,144147753.0,18.78634940093528,176743628.0,1535832461.0,0.8155753880982911,0.09385643073733678,0.11508001848386508,0.005130219780545389,0.2601130062318546,0,coinpaprika
stable_rlusd,2026-05-10,85252028.0,18.261122474431183,176730593.0,1531832461.0,0.48238409973535257,0.055653624120451384,0.11537201195268312,0.005104417688509022,1.5875807202181402,0,coinpaprika
stable_rlusd,2026-05-11,252641256.0,19.347481083918378,176670493.0,1526332461.0,1.430013873341034,0.16552177356856987,0.11574836905732296,0.005083347052253276,0.08823346906439156,0,coinpaprika
stable_rlusd,2026-05-12,208453562.0,19.155226854973016,176629478.0,1533388079.0,1.180174251548204,0.13594312154555363,0.11518902515219046,0.005099263705970344,1.7227358104054957,0,coinpaprika
stable_rlusd,2026-05-13,383506791.0,19.76486788917538,176641520.0,1553782771.0,2.171102190470281,0.24682136921442283,0.11368482344949364,0.0051737013245908925,0.12625125267784476,0,coinpaprika
stable_rlusd,2026-05-14,179890139.0,19.00785688919194,176671416.0,1553521632.0,1.0182186970188771,0.11579506541431925,0.11372317730301164,0.005179364833032525,0.8696523930185052,0,coinpaprika
stable_rlusd,2026-05-15,204859045.0,19.137832720123004,176644249.0,1562589503.0,1.1597266605605712,0.13110227900974195,0.1130458438770147,0.005208284288097669,2.9457483091899217,0,coinpaprika
stable_rlusd,2026-05-16,174315459.0,18.976377204204578,176666370.0,1541783955.0,0.9866929342579462,0.11306088536898803,0.11458568460715367,0.005137365238639338,0.0008051377808904192,0,coinpaprika
stable_rlusd,2026-05-17,69612404.0,18.058453342181696,176711350.0,1545683955.0,0.39393284019390945,0.045036634930974616,0.11432566756507477,0.005148794867598686,1.1911711015655246,0,coinpaprika
stable_rlusd,2026-05-18,146652981.0,18.803579687309877,176670983.0,1551683955.0,0.8300909323632393,0.09451214632170377,0.11385758190687742,0.005168807927755858,4.612239542512997,0,coinpaprika
stable_rlusd,2026-05-19,201618279.0,19.12188676465397,176699750.0,1600129571.0,1.1410218690179246,0.12600122055990676,0.11042840105102963,0.005327485114939048,1.272685480038227,0,coinpaprika
stable_rlusd,2026-05-20,198310895.0,19.105346539030414,176710746.0,1748290634.0,1.122234496140942,0.11343130892732335,0.10107629850747116,0.005828396638376117,1.1789309342413734,0,coinpaprika
stable_rlusd,2026-05-21,180085637.0,19.008943062380077,176732918.0,1748290634.0,1.0189705406210743,0.10300669322238101,0.10108898060938763,0.005841327570421136,0.7248472729137756,0,coinpaprika
stable_rlusd,2026-05-22,151475833.0,18.835936658639223,176707528.0,1753190114.0,0.8572121103974699,0.08640011815626746,0.10079199431305942,0.005842447136205888,1.194690112011898,0,coinpaprika
stable_rlusd,2026-05-23,159104452.0,18.8850714816027,176733339.0,1762463228.0,0.900251491315965,0.09027391293749024,0.10027632701338833,0.005871417166085005,0.7909505379499748,0,coinpaprika
stable_rlusd,2026-05-24,129301481.0,18.67765730539334,176713366.0,1759463229.0,0.7317017604655892,0.07348916355216424,0.1004359529016335,0.0058633475568926905,0.9634349564935363,0,coinpaprika
stable_rlusd,2026-05-25,125003327.0,18.64385091891216,176734898.0,1744463224.0,0.7072928347179062,0.07165718673814817,0.10131190819532003,0.005815626356364091,0.0590325399851821,0,coinpaprika
stable_rlusd,2026-05-26,158423789.0,18.88078421546124,176730179.0,1741433224.0,0.8964161633084748,0.09097322068778906,0.10148547562108531,0.00580412547134365,2.3984473185234556,0,coinpaprika
stable_rlusd,2026-05-27,309553916.0,19.550642841701823,176742366.0,1779431868.0,1.7514415078046426,0.1739622188220808,0.09932516618276054,0.0059346895607504495,0.3778511582464006,0,coinpaprika
stable_rlusd,2026-05-28,341832448.0,19.649831259774537,176723148.0,1744781845.0,1.9342822480731274,0.19591701333870767,0.10128667289061573,0.005830721214276759,1.348547148476431,0,coinpaprika
stable_rlusd,2026-05-29,241623432.0,19.30289101021566,176728301.0,1728194002.0,1.3672028228234934,0.13981267827591962,0.10226184143416556,0.0057924436057161825,2.1613275224818818,0,coinpaprika
stable_rlusd,2026-05-30,177961987.0,18.997080534889392,176721051.0,1694326525.0,1.0070220044130453,0.10503405593558773,0.10430164929395767,0.005693420854362916,1.3260739640219565,0,coinpaprika
stable_rlusd,2026-05-31,77925659.0,18.171265853264195,176688266.0,1698326525.0,0.4410347147783996,0.04588379080989741,0.10403668752685824,0.0057105996982994315,1.4198779678054052,0,coinpaprika
stable_rlusd,2026-06-01,146881827.0,18.805138930292777,176726915.0,1698326525.0,0.8311231314143632,0.08648621147809017,0.1040594446347707,0.0057156172334617405,3.4383672524607167,0,coinpaprika
stable_rlusd,2026-06-02,283156802.0,19.461511376370023,176755667.0,1813709639.0,1.6019673191015709,0.15612024985218706,0.09745532757793322,0.006100131260374006,1.767499030046471,0,coinpaprika
stable_rlusd,2026-06-03,309035917.0,19.548968067588934,176681085.0,1806903172.0,1.7491171564856531,0.17103070147247493,0.09778115824791966,0.006082800446931896,0.9945705538816352,0,coinpaprika
stable_rlusd,2026-06-04,328544685.0,19.61018341707904,176633738.0,1748638599.0,1.8600335854297552,0.18788598466709244,0.10101214630685389,0.005899463129445076,2.5754865273763805,0,coinpaprika
stable_rlusd,2026-06-05,371742910.0,19.733713073855736,176642828.0,1697399098.0,2.1044891219698996,0.21900736864890216,0.10406676202911473,0.005744108363971774,0.5957976593906622,0,coinpaprika
stable_rlusd,2026-06-06,384299792.0,19.766933516893243,176698403.0,1685999098.0,2.1748911448848807,0.22793594163595454,0.10480337931948289,0.0057121438305386425,3.073339245994733,0,coinpaprika
stable_rlusd,2026-06-07,144346878.0,18.787729842779555,176793800.0,1685999098.0,0.8164702495223248,0.08561503868610018,0.10485996120028766,0.005721627534236507,1.4110384201937443,0,coinpaprika
stable_rlusd,2026-06-08,178352692.0,18.999273569178587,176762131.0,1685999098.0,1.0089983131058768,0.10578457142211353,0.10484117767896932,0.005723046012387643,1.2490218265148734,0,coinpaprika
stable_rlusd,2026-06-09,189987531.0,19.062469006918974,176747866.0,1672287356.0,1.074907071296691,0.11360938077917274,0.10569228151241251,0.005667000671291919,1.6708090569239609,0,coinpaprika
stable_rlusd,2026-06-10,138838565.0,18.748822420468912,176742087.0,1651324394.0,0.78554331544133,0.08407709926920634,0.10703050693260696,0.005617352948359443,0.16507860701175936,0,coinpaprika
stable_rlusd,2026-06-11,121632748.0,18.616516808671122,176714095.0,1650724393.0,0.6883024695907817,0.07368446756817267,0.10705245269856505,0.005619482685889455,0.17200280301832294,0,coinpaprika
stable_rlusd,2026-06-12,185003841.0,19.035887150394522,176695530.0,1650204403.0,1.0470204933876934,0.1121096517883912,0.10707493549209735,0.005623501406571176,0.2851343098564385,0,coinpaprika
stable_rlusd,2026-06-13,132075496.0,18.698884264021014,176657916.0,1638894199.0,0.7476341790423928,0.08058817712613064,0.1077909215297674,0.0055896572832046625,0.2458400276028616,0,coinpaprika
stable_rlusd,2026-06-14,81376086.0,18.214592016314697,176613472.0,1638894199.0,0.460758089847189,0.049653044137719836,0.10776380324475113,0.005589738173992931,0.1887649868537178,0,coinpaprika
stable_rlusd,2026-06-15,158404728.0,18.880663891696933,176659300.0,1638894199.0,0.8966679252097116,0.09665341917535215,0.10779176600160753,0.005590312250554453,0.6475603168454303,0,coinpaprika
stable_rlusd,2026-06-16,168592499.0,18.942995118556823,176636433.0,1646676206.0,0.9544605047589474,0.10238351558472693,0.10726846744757057,0.005609933718038167,1.6737508787090238,0,coinpaprika
stable_rlusd,2026-06-17,148119109.0,18.813527305349993,176700095.0,1637396610.0,0.8382514395365775,0.09046012926581055,0.10791526861656321,0.005581240550310445,1.2894061364598919,0,coinpaprika
stable_rlusd,2026-06-18,195271963.0,19.089903832034693,176720518.0,1647824947.0,1.1049761805247764,0.11850285635953538,0.10724471572161481,0.005619270570514411,0.38097340956166903,0,coinpaprika
stable_rlusd,2026-06-19,153991043.0,18.85240500284263,176694470.0,1630864029.0,0.8715102572253676,0.09442298086274119,0.10834408439822177,0.005561509846785407,2.6761743202552424,0,coinpaprika
stable_rlusd,2026-06-20,64198207.0,17.977485855498035,176707021.0,1628364029.0,0.36330309139216377,0.0394249724611179,0.10851813099096652,0.005550250158828996,2.534061348808958,0,coinpaprika
stable_rlusd,2026-06-21,64975314.0,17.989517986498544,176720386.0,1628364029.0,0.36767299727378366,0.0399022042017854,0.10852633861515987,0.005549099409451089,0.39580920098702954,0,coinpaprika
stable_rlusd,2026-06-22,117088592.0,18.578441411355065,176706840.0,1628364029.0,0.6626149389576543,0.0719056610897415,0.10851801983646005,0.0055485599543962025,0.7271010347431606,0,coinpaprika
stable_rlusd,2026-06-23,178003367.0,18.99731302942567,176677079.0,1619124632.0,1.0075068481294056,0.10993802668552077,0.10911888776700421,0.005518719142329535,0.504473727194199,0,coinpaprika
stable_rlusd,2026-06-24,192120145.0,19.073631494702312,176643065.0,1597101649.0,1.0876178184521426,0.12029299770637204,0.1106022682467345,0.005450597569273586,2.3243773225001263,0,coinpaprika
stable_rlusd,2026-06-25,218969743.0,19.20444412298532,176590054.0,1585649704.0,1.2399891049356608,0.1380946513265959,0.11136763280977474,0.005419402648389181,1.0217409971668978,0,coinpaprika
stable_rlusd,2026-06-26,194762954.0,19.087293761683696,176681590.0,1575854085.0,1.102338698672567,0.12359199741516677,0.11211798838596151,0.005387454035012685,2.7178989111653618,0,coinpaprika
stable_rlusd,2026-06-27,137860307.0,18.741751469569873,176671813.0,1570683312.0,0.7803186295484498,0.087770912154442,0.11248086208736648,0.005388614609221311,3.46475004703084,0,coinpaprika
stable_rlusd,2026-06-28,61869677.0,17.94054076303266,176669977.0,1570683312.0,0.35019915692862746,0.039390293719501875,0.11247969316936372,0.005388702191291889,0.8746073412879696,0,coinpaprika
stable_rlusd,2026-06-29,163687128.0,18.9134674137157,176677738.0,1566383312.0,0.926472853076713,0.1045000458993654,0.1127934246020619,0.005375835541946899,0.39598250864525397,0,coinpaprika
stable_rlusd,2026-06-30,234440200.0,19.27271110693436,176663942.0,1564145508.0,1.327040466469383,0.14988388151928894,0.11294597663480295,0.005380217537874495,0.9970568178085948,0,coinpaprika
stable_rlusd,2026-07-01,233738133.0,19.26971196120819,176682625.0,1411033454.0,1.322926535645483,0.16565031278131553,0.12521505035840205,0.004866719323489141,0.16102422307762154,0,coinpaprika
stable_rlusd,2026-07-02,200237379.0,19.11501412070335,176695893.0,1580665303.0,1.1332316535506572,0.12667917655936553,0.11178577315807633,0.005449200293834607,0.011155110980487493,0,coinpaprika
stable_rlusd,2026-07-03,189451416.0,19.059643174946967,176685122.0,1634364733.0,1.0722544935051181,0.1159174645504297,0.10810629869360991,0.0056400027472074425,0.7596914434337965,0,coinpaprika
stable_rlusd,2026-07-04,123134424.0,18.62878720275021,176662597.0,1585475268.0,0.69700336172461,0.07766404590803115,0.11142564035253055,0.005474805286890175,1.1500170404066257,0,coinpaprika
stable_rlusd,2026-07-05,92527182.0,18.343013029581513,176692989.0,1575475268.0,0.5236607435510642,0.05872969501924292,0.11215218200429408,0.0054410416249023215,1.8436660419451911,0,coinpaprika
stable_rlusd,2026-07-06,180954188.0,19.013754457747517,176706875.0,1575475268.0,1.0240359238993955,0.1148568890133793,0.11216099585258611,0.005440423538832756,2.3616236088574993,0,coinpaprika
stable_rlusd,2026-07-07,393538700.0,19.790689971684476,176688895.0,1596083817.0,2.2272973069416726,0.24656518398870528,0.11070151399198104,0.005517418653448643,1.4863369539952487,0,coinpaprika
stable_rlusd,2026-07-08,179076152.0,19.00332170908709,176673098.0,1582069473.0,1.0136016972997213,0.11319107982055096,0.11167214905233179,0.005513341540836264,0.013002862995215025,0,coinpaprika
stable_rlusd,2026-07-09,163370576.0,18.91153165685665,176678886.0,1565980215.0,0.9246751533174145,0.10432480208570195,0.11282319170296796,0.005456894430526809,1.497165170138981,0,coinpaprika
stable_rlusd,2026-07-10,170437053.0,18.953876601771643,176681302.0,1550308482.0,0.9646581221141329,0.10993750919825,0.1139652553355507,0.0053880005372857216,0.24223024829406192,0,coinpaprika
stable_rlusd,2026-07-11,107136809.0,18.48961717384652,176662601.0,1539279909.0,0.6064487242548863,0.06960190175521871,0.11476963999014944,0.005353288233881012,0.6511846925860709,0,coinpaprika
stable_rlusd,2026-07-12,67814214.0,18.032282391701838,176633800.0,1539279909.0,0.3839254661338883,0.04405580401816314,0.11475092929313352,0.005353007594537467,1.2162749500388426,0,coinpaprika
stable_rlusd,2026-07-13,89263471.0,18.307102914011416,176665256.0,1539279909.0,0.5052689647136956,0.05799040868271347,0.11477136482264058,0.005352192550728921,0.5762503074824288,0,coinpaprika
stable_rlusd,2026-07-14,170303562.0,18.953093067316583,176688998.0,1531099356.0,0.9638605907992075,0.11122959547505681,0.11540008641999586,0.005350272212051388,3.2481882407076057,0,coinpaprika
stable_rlusd,2026-07-15,147248468.0,18.807631983158387,176672631.0,1518273001.0,0.8334537566262881,0.09698418393992109,0.11636420517498224,0.005303826857574951,0.5399321920762645,0,coinpaprika
stable_rlusd,2026-07-16,141755020.0,18.769610921461563,176656813.0,1515675876.0,0.8024316616648122,0.09352594591272627,0.11655316007681843,0.005297926513404901,0.13531212391115766,0,coinpaprika
stable_rlusd,2026-07-17,145417127.0,18.795116915300607,176662677.0,1514175623.0,0.82313440206728,0.09603716028124169,0.11667251428205036,0.005288791708468449,0.7245644955200525,0,coinpaprika
stable_rlusd,2026-07-18,91121352.0,18.327702725544324,176705258.0,1531285285.0,0.5156685943097403,0.059506450491359615,0.11539669304665198,0.005343925728507794,0.8284740800146295,0,coinpaprika
stable_rlusd,2026-07-19,62058016.0,17.94358026352524,176699327.0,1531285285.0,0.3512068611330931,0.040526750049713955,0.1153928198297811,0.005342155048004294,0.006987359926213799,0,coinpaprika
stable_rlusd,2026-07-20,92404774.0,18.341689212765854,176710106.0,1531285284.0,0.5229173140782338,0.060344584360284365,0.1153998590898755,0.005342834182449405,0.24474164875609716,0,coinpaprika
stable_rlusd,2026-07-21,130866522.0,18.689688453328447,176712037.0,1642886965.0,0.740563711571046,0.07965643698439107,0.10756189607968555,0.005732093303620633,0.8129358775565976,0,coinpaprika
stable_rlusd,2026-07-22,142482024.0,18.77472640936574,176696815.0,1583234095.0,0.8063644157932331,0.08999428729457724,0.11160498346897968,0.005524724821922705,0.7973349495293824,0,coinpaprika
stable_rlusd,2026-07-23,117521043.0,18.58212797338472,176628466.0,1575057145.0,0.6653573212825162,0.07461382805891782,0.1121409890178937,0.00550246573706509,0.3975382116983006,0,coinpaprika
stable_rlusd,2026-07-24,146954585.0,18.805634158236085,176726528.0,1593950583.0,0.8315366496647294,0.09219519511289642,0.11087327918747654,0.005555250575622704,1.1399531160161125,0,coinpaprika
stable_rlusd,2026-07-25,139203851.0,18.75144997789551,176825846.0,1589347333.0,0.7872370139826731,0.08758554414738492,0.11125689289466345,0.005539806835883138,1.9612536035951145,0,coinpaprika
stable_rlusd,2026-07-26,88337355.0,18.29667363386813,176765452.0,1589347333.0,0.4997433265409804,0.05558089988628055,0.11121889364884346,0.005541891350697263,2.8045430583056863,0,coinpaprika
stable_rlusd,2026-07-27,103612098.0,18.456164666685023,176672224.0,1589347333.0,0.5864651253838294,0.06519160151382719,0.11116023560848672,0.005550348203955101,2.129651996449766,0,coinpaprika
stable_rlusd,2026-07-28,190925332.0,19.06739298287757,176677635.0,1585640241.0,1.0806423348376832,0.12040898500380579,0.11142353128511451,0.005559279533676367,2.8488326055764457,0,coinpaprika
stable_rlusd,2026-07-29,201786363.0,19.122720091747382,176668429.0,1595420285.0,1.1421755666373192,0.1264784990495467,0.11073472655514092,0.005597095086749071,0.9911758883496269,0,coinpaprika
stable_rlusd,2026-07-30,160963224.0,18.896686480708727,176694773.0,1569203753.0,0.9109676605996715,0.10257636950731917,0.11260154881875305,0.005511355915453381,0.8206155369583357,0,coinpaprika
stable_rlusd,2026-07-31,189624820.0,19.060558051664167,176646582.0,1583205896.0,1.0734700771057093,0.1197726843230503,0.11157524264298217,0.005575342542799299,0.1406842521300966,0,coinpaprika
stable_rlusd,2026-08-01,131502653.0,18.694537591887936,176663943.0,1463694085.0,0.7443661155009995,0.08984298997150077,0.12069731292246084,0.005154529972068999,0.24093572227545934,0,coinpaprika
stable_rlusd,2026-08-02,54565816.0,17.814918182385252,176673187.0,1468744590.0,0.30885171047488946,0.03715133071571008,0.12028857039058098,0.005173212001252006,2.89436386791575,0,coinpaprika
stable_rlusd,2026-08-03,102769205.0,18.447996313581335,176678869.0,1463694085.0,0.5816723051357092,0.07021221582650584,0.12070751040850179,0.0051579355356110475,0.03213486497788409,0,coinpaprika
stable_rlusd,2026-08-04,119466253.0,18.598544496149902,176590333.0,1551010867.0,0.6765163809957819,0.07702476851827242,0.11385499402822688,0.005461463476323622,0.45570060925759215,0,coinpaprika
stable_rlusd,2026-08-05,148997089.0,18.819437333517673,176641955.0,1550402557.0,0.8434977352917091,0.0961021950894525,0.11393296160566123,0.005454277285139245,1.034334380962676,0,coinpaprika
stable_rlusd,2026-08-06,161699043.0,18.9012474123468,176631631.0,1593830866.0,0.9154591512547376,0.1014530753854782,0.11082206698838018,0.005608180817784588,0.3296442516098619,0,coinpaprika
stable_rlusd,2026-08-07,125000390.0,18.643827423261683,176613369.0,1589608043.0,0.7077628987418274,0.07863598234196906,0.11110497948078135,0.005591683184579844,0.7555686612614743,0,coinpaprika
stable_rlusd,2026-08-08,124330236.0,18.63845178514463,176634461.0,1584167815.0,0.7038843682943613,0.07848299581821766,0.1114998419532971,0.005570108173961111,0.33630111294424836,0,coinpaprika
stable_rlusd,2026-08-09,54030325.0,17.805056039487035,176603612.0,1584167815.0,0.3059412227650248,0.03410644029527894,0.11148036863758655,0.005569974321883333,1.2575479540677392,0,coinpaprika
stable_rlusd,2026-08-10,83972681.0,18.246002089628238,176598175.0,1584167815.0,0.4755014087772991,0.05300744037651087,0.11147693655169987,0.005568715664704152,0.5975252405643339,0,coinpaprika
stable_rlusd,2026-08-11,144910059.0,18.791623832072123,176619834.0,1553992825.0,0.8204631140124388,0.093250146763065,0.1136555015947387,0.005485167911494628,0.7388556707599303,0,coinpaprika
stable_rlusd,2026-08-12,187763429.0,19.05069337734189,176658483.0,1573599486.0,1.0628610967977121,0.11932097758705038,0.1122639429992798,0.005535514283899508,1.7389467766637523,0,coinpaprika
stable_rlusd,2026-08-13,178434490.0,18.999732094625134,176631204.0,1575442827.0,1.0102093285849991,0.11325989553031238,0.11211527386007769,0.005543263607032854,1.15480637567833,0,coinpaprika
stable_rlusd,2026-08-14,205467858.0,19.140800175775254,176692430.0,1576784136.0,1.1628560318062295,0.1303081717458375,0.1120587314178813,0.0055492273262258435,0.8078903271369064,0,coinpaprika
stable_rlusd,2026-08-15,160524214.0,18.89395536142841,176706452.0,1716243529.0,0.908423049544337,0.09353230546106257,0.10296117597189787,0.006037427286406652,2.2294465156913468,0,coinpaprika
stable_rlusd,2026-08-16,69052675.0,18.050380191594343,176703416.0,1716243529.0,0.39078290936944876,0.040234776611355834,0.10295940699217634,0.006040701108017629,2.1620227569352224,0,coinpaprika
stable_rlusd,2026-08-17,115019302.0,18.560610524415836,176709860.0,1716243529.0,0.6508935155061523,0.06701805428919407,0.10296316170407539,0.0060402451989186095,1.0336371703223435,0,coinpaprika
stable_rlusd,2026-08-18,165557865.0,18.92483133517488,176665907.0,1763194781.0,0.9371240201993246,0.09389652622843148,0.10019647795225638,0.006204611041884508,1.4101530654930805,0,coinpaprika
stable_rlusd,2026-08-19,223171310.0,19.22345024526387,176660715.0,1760344344.0,1.2632763883017228,0.12677707674675268,0.100355771643278,0.0061944688634972276,1.5701340766161032,0,coinpaprika
stable_rlusd,2026-08-20,697715761.0,20.363322360025933,176675753.0,1815452421.0,3.949131384203015,0.38432059850716405,0.09731775449266925,0.006374620713683484,2.8432678773393505,0,coinpaprika
stable_rlusd,2026-08-21,961197315.0,20.683690269479786,176688492.0,1888452593.0,5.440067454987391,0.5089867326100254,0.09356257745359245,0.006617724457807916,2.106076074122054,0,coinpaprika
stable_tusd,2025-08-25,44332183.0,17.607221472369833,494768818.0,484484719.0,0.08960181278036806,0.0915037797095103,1.021226880016416,0.001841551740758745,21.609999999999687,0,coinpaprika
stable_tusd,2025-08-26,47805509.0,17.68265146278491,494769901.0,484484719.0,0.09662170011429212,0.09867289333433032,1.0212291153810364,0.0018283443204154994,19.970000000000265,0,coinpaprika
stable_tusd,2025-08-27,50406370.0,17.735628133782846,494636222.0,484484719.0,0.10190594169627958,0.10404119680810821,1.0209531954298852,0.0018274104221854908,20.890000000000075,0,coinpaprika
stable_tusd,2025-08-28,53374339.0,17.79284066409703,494587255.0,484484719.0,0.10791693166456544,0.11016722903080871,1.0208521251626927,0.0018230816645564453,24.44000000000002,0,coinpaprika
stable_tusd,2025-08-29,63195930.0,17.961750474133027,494305945.0,484484719.0,0.12784780486506186,0.13043947006303824,1.020271487654495,0.0018065586011602938,25.699999999999612,0,coinpaprika
stable_tusd,2025-08-30,60576630.0,17.9194197496036,494565407.0,484484719.0,0.12248456754679568,0.1250331075973523,1.0208070298291492,0.0018062177383835426,31.71000000000035,0,coinpaprika
stable_tusd,2025-08-31,50663184.0,17.740710070676048,494288447.0,484484719.0,0.10249720443091805,0.10457127338210227,1.020235370932308,0.0018038665884165998,32.720000000000525,0,coinpaprika
stable_tusd,2025-09-01,52103351.0,17.76873984246591,494306688.0,484484719.0,0.1054069310913309,0.10754384804446226,1.0202730212425957,0.0017990321591547708,18.449999999999854,0,coinpaprika
stable_tusd,2025-09-02,56664289.0,17.8526547642904,494307764.0,484484719.0,0.11463362125139512,0.11695784568181603,1.020275242158876,0.00179921936120873,23.71000000000012,0,coinpaprika
stable_tusd,2025-09-03,55736565.0,17.836146970657037,494328430.0,484484719.0,0.1127520927736242,0.11504297826986778,1.020317897786989,0.0018049012887446435,34.52000000000011,0,coinpaprika
stable_tusd,2025-09-04,47734467.0,17.681164294489907,494378231.0,484484719.0,0.09655454873780638,0.09852625919456502,1.0204206894707033,0.0017926117294292465,33.11999999999982,0,coinpaprika
stable_tusd,2025-09-05,47712091.0,17.680695424780826,494431070.0,484484719.0,0.09649897406326022,0.0984800740433673,1.0205297517340273,0.0017774802987398559,36.58999999999968,0,coinpaprika
stable_tusd,2025-09-06,51751111.0,17.761956477801597,494198822.0,484484719.0,0.10471718809560417,0.10681680756994112,1.020050380577638,0.0017879044170975732,36.8400000000002,0,coinpaprika
stable_tusd,2025-09-07,48106412.0,17.68892605259214,494227743.0,484484719.0,0.09733652689747933,0.09929397174650621,1.020110074926842,0.0017877422064080208,35.06000000000009,0,coinpaprika
stable_tusd,2025-09-08,51846331.0,17.76379474761092,494292255.0,484484719.0,0.10489003312422931,0.10701334627645913,1.0202432308293299,0.001789136847529487,24.100000000000232,0,coinpaprika
stable_tusd,2025-09-09,35443784.0,17.38345847822415,494268650.0,484484719.0,0.0717095530942535,0.07315769230690639,1.0201945089624178,0.0017878834571916425,17.559999999999796,0,coinpaprika
stable_tusd,2025-09-10,40049764.0,17.505633363796008,494371905.0,484484719.0,0.08101140779834566,0.082664658820746,1.0204076322993378,0.001785435824948411,35.640000000000114,0,coinpaprika
stable_tusd,2025-09-11,46469580.0,17.65430848445068,494474131.0,484484719.0,0.09397777777782272,0.09591547096865195,1.020618631730261,0.0017848027052933307,35.4500000000002,0,coinpaprika
stable_tusd,2025-09-12,46825889.0,17.661946813054534,494613494.0,484484719.0,0.094671677113605,0.09665091005687633,1.0209062837335845,0.001781649913473195,24.250000000000107,0,coinpaprika
stable_tusd,2025-09-13,51615222.0,17.759327206321977,494521676.0,484484719.0,0.10437403354590265,0.10653632607141114,1.0207167669203618,0.0017732679933919766,9.230000000000071,0,coinpaprika
stable_tusd,2025-09-14,50108434.0,17.729699915157042,494476478.0,484484719.0,0.10133633495100246,0.10342624242809194,1.0206234760522963,0.0017692895448236084,23.52000000000021,0,coinpaprika
stable_tusd,2025-09-15,50515531.0,17.737791411313804,494622290.0,484484719.0,0.10212950775024716,0.10426651041598693,1.0209244391049617,0.0017679895454083224,27.650000000000176,0,coinpaprika
stable_tusd,2025-09-16,51482783.0,17.75675801848405,494622164.0,484484719.0,0.10408507088250901,0.10626296554050861,1.0209241790348398,0.0017661641601847589,10.000000000000009,0,coinpaprika
stable_tusd,2025-09-17,51910721.0,17.7650359163948,494386412.0,484484719.0,0.10500029883507397,0.10714625036501925,1.020437575452199,0.0017609042523804113,27.000000000000355,0,coinpaprika
stable_tusd,2025-09-18,59285484.0,17.8978750616623,494040052.0,484484719.0,0.12000137187257846,0.1223681195195756,1.0197226715833736,0.0017598806265023534,15.239999999999698,0,coinpaprika
stable_tusd,2025-09-19,51826151.0,17.763405444693188,494124771.0,484484719.0,0.1048847458003679,0.10697169377595994,1.0198975357156723,0.001751584150011563,20.790000000000532,0,coinpaprika
stable_tusd,2025-09-20,49913957.0,17.725811241046436,494389141.0,484484719.0,0.10096086839415432,0.1030248324509075,1.0204432082407948,0.0017471665932470633,31.7400000000001,0,coinpaprika
stable_tusd,2025-09-21,46857822.0,17.66262853243166,494630309.0,484484719.0,0.0947330180690565,0.09671682132042642,1.0209409907105862,0.0017461709831330095,29.23000000000009,0,coinpaprika
stable_tusd,2025-09-22,53159759.0,17.788812277126443,494988621.0,484484719.0,0.10739592132967436,0.10972432548486633,1.0216805640881317,0.0017474372199567459,19.01999999999959,0,coinpaprika
stable_tusd,2025-09-23,51286042.0,17.75292920684745,494887215.0,484484719.0,0.10363177800016515,0.10585688255732169,1.0214712571770503,0.0017413833223173707,7.749999999999702,0,coinpaprika
stable_tusd,2025-09-24,45697808.0,17.637560911607906,495204034.0,484484719.0,0.09228076684044137,0.09432249606204814,1.0221251869865478,0.001738048725483891,11.640000000000539,0,coinpaprika
stable_tusd,2025-09-25,47353751.0,17.673156614161392,495322536.0,484484719.0,0.09560185042741524,0.09774044287246136,1.0223697808722838,0.0017334706499949463,6.720000000000059,0,coinpaprika
stable_tusd,2025-09-26,52184152.0,17.77028942438693,495305906.0,484484719.0,0.1053574192592002,0.10771062523439465,1.0223354557442708,0.001734017217031397,9.390000000000231,0,coinpaprika
stable_tusd,2025-09-27,51681617.0,17.76061272499807,495264270.0,484484719.0,0.10435159596713892,0.10667336857738954,1.0222495170172745,0.0017284361983636329,1.1099999999997223,0,coinpaprika
stable_tusd,2025-09-28,45225429.0,17.62717009721591,495299503.0,484484719.0,0.09130925576559684,0.09334748285425283,1.022322239641164,0.0017274074191355499,16.969999999999487,0,coinpaprika
stable_tusd,2025-09-29,46992495.0,17.665498487352917,495085106.0,484484719.0,0.0949180139545543,0.09699479293587379,1.021879713816113,0.0017267275613265325,11.470000000000091,0,coinpaprika
stable_tusd,2025-09-30,50144105.0,17.730411538047584,494961193.0,484484719.0,0.10130916465606628,0.10349986910526274,1.021623951363469,0.0017267692503045323,4.979999999999984,0,coinpaprika
stable_tusd,2025-10-01,47575643.0,17.67783150757615,495168994.0,484484719.0,0.09607960832862648,0.0981984387416768,1.0220528627240357,0.001720639946218847,10.240000000000249,0,coinpaprika
stable_tusd,2025-10-02,51021560.0,17.747758866054664,495380069.0,484484719.0,0.10299477753110814,0.10531097885875736,1.0224885317796784,0.0017166221530087113,12.830000000000341,0,coinpaprika
stable_tusd,2025-10-03,53106924.0,17.78781789202158,495489503.0,484484719.0,0.10718072467420163,0.10961527147773674,1.0227144088728215,0.0017092569702398096,0.2731860162108468,0,coinpaprika
stable_tusd,2025-10-04,51049047.0,17.748297454017127,495285736.0,484484719.0,0.10306989135661278,0.10536771336228666,1.0222938238842576,0.001700252434611859,2.4030993350154795,0,coinpaprika
stable_tusd,2025-10-05,46774824.0,17.660855688802624,495315406.0,484484719.0,0.09443442185200272,0.09654550941574692,1.0223550642058536,0.0016984226479945664,4.551559936519789,0,coinpaprika
stable_tusd,2025-10-06,49430028.0,17.716068671971215,495370400.0,484484719.0,0.09978397578862201,0.10202597948192459,1.0224685744938842,0.0017001151826870813,3.7467477602781685,0,coinpaprika
stable_tusd,2025-10-07,54221652.0,17.80859088847528,495336820.0,484484719.0,0.10946420659784589,0.11191612423177376,1.02239926374231,0.0016961582407866622,3.2192261937291633,0,coinpaprika
stable_tusd,2025-10-08,53986476.0,17.804244147240816,495332872.0,484484719.0,0.10899029531801395,0.11143070954111971,1.0223911148784859,0.0016917528715157041,3.7758435584267502,0,coinpaprika
stable_tusd,2025-10-09,50577815.0,17.739023619151666,495108210.0,484484719.0,0.1021550723224727,0.10439506761822141,1.0219274015946826,0.0016918258679382364,3.4666922532444744,0,coinpaprika
stable_tusd,2025-10-10,50738042.0,17.742186542215407,495300985.0,484484719.0,0.10243880698117327,0.10472578393127813,1.0223252985611708,0.0016931599910327217,3.3382003105431046,0,coinpaprika
stable_tusd,2025-10-11,82117272.0,18.223658942062407,495553258.0,484484719.0,0.16570826782860137,0.1694940392949731,1.0228460022905284,0.0016889804852379447,11.046738179880666,0,coinpaprika
stable_tusd,2025-10-12,49719776.0,17.72191333948007,495202987.0,484484719.0,0.10040281925843876,0.10262403343210501,1.0221230259276763,0.0016907019646622689,4.357184853940321,0,coinpaprika
stable_tusd,2025-10-13,55823321.0,17.837702297021092,495208255.0,484484719.0,0.11272695969092841,0.11522204686913974,1.0221338993356361,0.0016900969247639567,4.603050142828469,0,coinpaprika
stable_tusd,2025-10-14,55721459.0,17.835875908973378,494990152.0,484484719.0,0.11257084363165269,0.11501179875190243,1.0216837241465195,0.0016879476162136435,0.7116401452433863,0,coinpaprika
stable_tusd,2025-10-15,59027896.0,17.893520720629347,494894057.0,484484719.0,0.11927380247364741,0.12183644537197467,1.0214853793974872,0.0016833310745433246,3.320650130080871,0,coinpaprika
stable_tusd,2025-10-16,52029982.0,17.767330706531858,494734235.0,484484719.0,0.10516753909298393,0.10739241086363345,1.0211554990241085,0.0016781550273822097,7.164027545427665,0,coinpaprika
stable_tusd,2025-10-17,61053186.0,17.927255960270656,494396741.0,484484719.0,0.12349026791016003,0.12601674233609833,1.0204588950100613,0.0016785322596263993,13.788347947550905,0,coinpaprika
stable_tusd,2025-10-18,57068686.0,17.859766135414517,494656280.0,484484719.0,0.1153703860789961,0.1177925407385243,1.0209945961164566,0.0016773463982251843,4.762369295311375,0,coinpaprika
stable_tusd,2025-10-19,45214332.0,17.62692469630623,494540605.0,484484719.0,0.09142693550916815,0.09332457810707545,1.0207558372960779,0.0016776003920897923,29.765069651435105,0,coinpaprika
stable_tusd,2025-10-20,48917875.0,17.705653450015646,494625257.0,484484719.0,0.09889886193175129,0.10096887080560327,1.0209305631371213,0.0016758574190601392,12.051956377584494,0,coinpaprika
stable_tusd,2025-10-21,44683047.0,17.615104748280757,494555232.0,484484719.0,0.09034996317661037,0.0922279800531748,1.0207860281347698,0.001676265849346262,13.936038258416383,0,coinpaprika
stable_tusd,2025-10-22,54447813.0,17.81275325961355,494452690.0,484484719.0,0.11011733599831361,0.11238293152440995,1.0205743764644928,0.0016694901876816667,9.653331694531309,0,coinpaprika
stable_tusd,2025-10-23,49143757.0,17.71026039750969,494435851.0,484484719.0,0.0993935955505783,0.1014351022286835,1.020539619950325,0.0016729051961515426,8.902362684259923,0,coinpaprika
stable_tusd,2025-10-24,47272310.0,17.671435290933374,494513232.0,484484719.0,0.09559362003077806,0.09757234469143287,1.0206993380940876,0.0016730993981184604,35.15993464005107,0,coinpaprika
stable_tusd,2025-10-25,44376021.0,17.60820983648056,494576115.0,484484719.0,0.08972536209113131,0.09159426347149661,1.020829131661426,0.0016705479750371663,12.8286813280587,0,coinpaprika
stable_tusd,2025-10-26,43354281.0,17.58491603370597,494433934.0,484484719.0,0.08768467942574508,0.08948534246752993,1.0205356631691824,0.0016716154569676163,27.976337564358246,0,coinpaprika
stable_tusd,2025-10-27,55697934.0,17.835453630601652,494519411.0,484484719.0,0.11263043019356828,0.11496324200887748,1.0207120918503108,0.0016723750813403648,17.770183015234366,0,coinpaprika
stable_tusd,2025-10-28,48975500.0,17.70683075145159,494595370.0,484484719.0,0.09902134749057598,0.10108781160546779,1.0208688749169816,0.0016745583206921582,29.936870725286724,0,coinpaprika
stable_tusd,2025-10-29,51949869.0,17.76578977310022,494479589.0,484484719.0,0.10505968326227516,0.10722705373912939,1.0206298973074526,0.0016731751696378938,14.238418255809737,0,coinpaprika
stable_tusd,2025-10-30,52989002.0,17.785594959421214,494582555.0,484484719.0,0.10713884156306322,0.10937187474018144,1.0208424241343306,0.001676063952120296,32.591473957347404,0,coinpaprika
stable_tusd,2025-10-31,48256576.0,17.692042687340614,494349405.0,484484719.0,0.09761633272320819,0.0996039175386252,1.0203611912061152,0.0016770655049975075,11.01824814629726,0,coinpaprika
stable_tusd,2025-11-01,47172132.0,17.6693138736572,494430658.0,484484719.0,0.09540697211377212,0.0973655724320172,1.0205289013460093,0.0016783091251070825,20.21169983241311,0,coinpaprika
stable_tusd,2025-11-02,43669839.0,17.592168261612578,494428532.0,484484719.0,0.08832386517693926,0.09013666951175812,1.0205245131787117,0.00167764400016389,35.44321878561574,0,coinpaprika
stable_tusd,2025-11-03,45659827.0,17.63672943208555,494216036.0,484484719.0,0.0923883963166262,0.09424410143263982,1.0200859111100262,0.0016779360812036303,20.02582895310745,0,coinpaprika
stable_tusd,2025-11-04,43345564.0,17.58471494915205,494323088.0,484484719.0,0.08768670744345244,0.0894673501559912,1.0203068716394335,0.0016782957785494623,22.921583232239364,0,coinpaprika
stable_tusd,2025-11-05,43701653.0,17.592896508319814,494410912.0,484484719.0,0.08839136018098241,0.09020233515352628,1.020488144642597,0.0016833032733755188,18.407583443957876,0,coinpaprika
stable_tusd,2025-11-06,34635507.0,17.360389956575396,494176247.0,484484719.0,0.07008735691013494,0.07148936930660965,1.0200037846807712,0.001682381178636816,53.95088402649017,1,coinpaprika
stable_tusd,2025-11-07,47936679.0,17.68539153133919,494164040.0,484484719.0,0.0970055995980606,0.09894363458757509,1.0199785888396615,0.001683450389798652,26.17058679475481,0,coinpaprika
stable_tusd,2025-11-08,50855682.0,17.744502434292812,494078171.0,484484719.0,0.1029304368923435,0.10496859860713172,1.019801351051487,0.001680377953510683,43.94335778369673,0,coinpaprika
stable_tusd,2025-11-09,43516746.0,17.5886564104756,494194622.0,484484719.0,0.08805588742323464,0.08982067812132584,1.0200417115735698,0.001683146371385521,24.527126447594362,0,coinpaprika
stable_tusd,2025-11-10,47193828.0,17.669773700482942,494394049.0,484484719.0,0.09545792085373585,0.09741035403017531,1.020453338591263,0.0016833723847283332,18.95716134853953,0,coinpaprika
stable_tusd,2025-11-11,43685904.0,17.592536067992825,494175097.0,484484719.0,0.08840167030917788,0.09016982845231905,1.0200014110248956,0.0016807180812198582,19.38494799551771,0,coinpaprika
stable_tusd,2025-11-12,39344963.0,17.48787854496796,494288121.0,484484719.0,0.07959924855244498,0.08120991531210708,1.0202346980524684,0.0016804365597408017,14.177858666903909,0,coinpaprika
stable_tusd,2025-11-13,33066939.0,17.31404454968186,493511272.0,484484719.0,0.0670034118288589,0.06825176874154415,1.0186312439711849,0.0016764231732610897,34.07686915735786,0,coinpaprika
stable_tusd,2025-11-14,40785507.0,17.52383738019889,493441687.0,484484719.0,0.0826551709645075,0.08418326812078464,1.018487617150212,0.0016794054825451895,42.94680532477946,0,coinpaprika
stable_tusd,2025-11-15,33013071.0,17.31241416220758,493637280.0,484484719.0,0.06687718358710672,0.0681405825722235,1.0188913306056202,0.0016831180309892977,37.20561477837836,0,coinpaprika
stable_tusd,2025-11-16,17542661.0,16.680146300781633,493746265.0,484484719.0,0.03552970876650581,0.03620890466103638,1.0191162809409475,0.0016840668961879658,49.2526619368594,0,coinpaprika
stable_tusd,2025-11-17,32906124.0,17.309169368620843,493650973.0,484484719.0,0.0666586835634577,0.06791983876791788,1.0189195936229312,0.0016847658535799395,57.61600744908502,1,coinpaprika
stable_tusd,2025-11-18,41540451.0,17.54217825743152,493736596.0,484484719.0,0.08413484302468031,0.08574150921775513,1.0190963236551533,0.001685417477862768,55.110667001657674,1,coinpaprika
stable_tusd,2025-11-19,29500810.0,17.199928312457587,493657293.0,484484719.0,0.05975969649049629,0.06089110521564252,1.0189326384100053,0.0016858517728070962,44.330076762225666,0,coinpaprika
stable_tusd,2025-11-20,34681154.0,17.361707013820304,493700956.0,484484719.0,0.07024728953532754,0.07158358693249105,1.0190227609634888,0.0016885119034980444,38.423619157496034,0,coinpaprika
stable_tusd,2025-11-21,41023820.0,17.52966345595343,493845622.0,484484719.0,0.08307012996057299,0.0846751577318582,1.0193213586164727,0.0016886268528474753,33.828057995797245,0,coinpaprika
stable_tusd,2025-11-22,23893373.0,16.98911173997032,494158982.0,484484719.0,0.0483515910270351,0.04931708279533993,1.0199681488819052,0.0016906856750145748,26.51681326852451,0,coinpaprika
stable_tusd,2025-11-23,14983756.0,16.52247730567611,494144467.0,484484719.0,0.030322622230231307,0.03092720040980281,1.0199381892166552,0.001689698708813722,36.40524472278472,0,coinpaprika
stable_tusd,2025-11-24,17085693.0,16.65375206313382,493883267.0,484484719.0,0.03459459783641546,0.03526570050602566,1.0193990597255556,0.0016910552870682764,31.38319537024703,0,coinpaprika
stable_tusd,2025-11-25,18375485.0,16.726528051693,493851972.0,484484719.0,0.03720848764779257,0.037927893862014665,1.0193344653250045,0.0016849052040452965,37.2430179999228,0,coinpaprika
stable_tusd,2025-11-26,15491036.0,16.555772156569283,493848602.0,484484719.0,0.031367985931850424,0.03197425097735642,1.019327509481264,0.0016816115257965527,27.808102662957303,0,coinpaprika
stable_tusd,2025-11-27,16096734.0,16.594127014357944,493900010.0,484484719.0,0.032591078505951034,0.0332244410788114,1.019433618091059,0.0016761648234939802,41.58843243293519,0,coinpaprika
stable_tusd,2025-11-28,13559927.0,16.422629530727914,493995368.0,484484719.0,0.02744950232002985,0.027988348173268184,1.019630441636282,0.0016746044344099116,35.189683071479294,0,coinpaprika
stable_tusd,2025-11-29,14156801.0,16.465705773264844,494036989.0,484484719.0,0.028655346290275444,0.029220325109985564,1.0197163494025494,0.001671621414349513,40.12299318410295,0,coinpaprika
stable_tusd,2025-11-30,9770664.0,16.094895087209267,493968144.0,484484719.0,0.019779947591114296,0.020167125229805235,1.0195742499775313,0.001671478114836504,31.34261758720669,0,coinpaprika
stable_tusd,2025-12-01,18173753.0,16.715489023325418,493837889.0,484484719.0,0.03680105031390169,0.037511509212326676,1.0193053973287443,0.0016722739704916566,41.89571352999688,0,coinpaprika
stable_tusd,2025-12-02,18688477.0,16.74341774219394,493904468.0,484484719.0,0.03783824243517473,0.038573924557566905,1.0194428196196628,0.0016673085254547914,42.280875657425554,0,coinpaprika
stable_tusd,2025-12-03,23163062.0,16.958069455810303,494441701.0,484484719.0,0.046846902179070046,0.04780968540722953,1.020551694634563,0.0016647445969778442,36.41585613606391,0,coinpaprika
stable_tusd,2025-12-04,24182075.0,17.001122255544903,494786292.0,484484719.0,0.048873777206422685,0.04991297775069765,1.021262947201437,0.001660493214772209,13.177991562437485,0,coinpaprika
stable_tusd,2025-12-05,15161965.0,16.534300613147646,494533585.0,484484719.0,0.030659120957376433,0.031295032444563026,1.0207413476749925,0.0016588642727487452,19.436636720404632,0,coinpaprika
stable_tusd,2025-12-06,13817748.0,16.441464483153204,494468187.0,484484719.0,0.02794466532586049,0.02852050324419004,1.0206063630254558,0.0016573683352585273,21.638161140129508,0,coinpaprika
stable_tusd,2025-12-07,9468652.0,16.06349721639702,494562053.0,484484719.0,0.01914552874116284,0.019543757787745624,1.0208001070101862,0.0016579934618326459,23.394362320648952,0,coinpaprika
stable_tusd,2025-12-08,15197921.0,16.536669265944454,494371853.0,484484719.0,0.03074188165805629,0.03136924737558131,1.0204075249688112,0.0016579449534545486,22.71024942661959,0,coinpaprika
stable_tusd,2025-12-09,14710003.0,16.504038364501444,494337970.0,484484719.0,0.029756975779141544,0.030362160916782188,1.0203375888105153,0.0016556502450839855,25.539965240178873,0,coinpaprika
stable_tusd,2025-12-10,17355560.0,16.669423531733976,494442052.0,484484719.0,0.03510130242724581,0.0358227191062346,1.0205524191156172,0.0016528226449279218,27.941348866705738,0,coinpaprika
stable_tusd,2025-12-11,21445700.0,16.88103476367119,494429322.0,484484719.0,0.04337465244425775,0.044264966796610156,1.020526143777096,0.001653718482481495,14.322507535383666,0,coinpaprika
stable_tusd,2025-12-12,16767128.0,16.63493092057437,494020647.0,484484719.0,0.03394013610933148,0.034608166867694336,1.0196826187205297,0.001648951141001766,26.57158823552774,0,coinpaprika
stable_tusd,2025-12-13,14967534.0,16.521394080178776,493929534.0,484484719.0,0.03030297435099315,0.030893717413613617,1.0194945570615612,0.0016492299582459668,39.00408000854006,0,coinpaprika
stable_tusd,2025-12-14,9859099.0,16.103905444522272,493933029.0,484484719.0,0.01996039629089068,0.020349659366655896,1.0195017709113752,0.0016494825181639912,35.052699071970174,0,coinpaprika
stable_tusd,2025-12-15,12022807.0,16.302316070437534,493720330.0,484484719.0,0.024351452167262384,0.024815657808187754,1.0190627498408262,0.0016499423085527577,36.442547302913965,0,coinpaprika
stable_tusd,2025-12-16,15624535.0,16.564353057145805,493697188.0,484484719.0,0.03164801295161519,0.03224979939976187,1.0190149836284104,0.0016506669209857801,38.526037859251126,0,coinpaprika
stable_tusd,2025-12-17,16906567.0,16.64321274344596,493759927.0,484484719.0,0.03424045993914771,0.034895975738710554,1.0191444799727523,0.0016510910758402164,43.04007365074858,0,coinpaprika
stable_tusd,2025-12-18,16475680.0,16.617395972855164,493620569.0,484484719.0,0.03337721528374965,0.03400660403491488,1.0188568382896717,0.0016506236854476883,35.882708684511485,0,coinpaprika
stable_tusd,2025-12-19,18900811.0,16.75471544206995,493647849.0,484484719.0,0.03828804488521128,0.039012192250381376,1.0189131455351432,0.0016543852360221083,42.18493502552545,0,coinpaprika
stable_tusd,2025-12-20,11732808.0,16.2778996634017,493590714.0,484484719.0,0.023770317526678592,0.02421708578181183,1.0187952161190867,0.0016545624394350925,42.90890244719736,0,coinpaprika
stable_tusd,2025-12-21,8155045.0,15.914147434732563,493630671.0,484484719.0,0.01652053950270039,0.01683240911464124,1.0188776893085043,0.00165242436014535,41.06419220222701,0,coinpaprika
stable_tusd,2025-12-22,12833911.0,16.36760160048243,493666619.0,484484719.0,0.025997121348810503,0.026489815873841832,1.018951887727134,0.0016526617801704787,43.60192964469212,0,coinpaprika
stable_tusd,2025-12-23,14357541.0,16.479785937016675,494028222.0,484484719.0,0.02906218786828741,0.029634662223474585,1.0196982538885813,0.0016521300437715688,42.07972012792105,0,coinpaprika
stable_tusd,2025-12-24,16792043.0,16.63641576077455,494817272.0,484484719.0,0.03393584652396693,0.03465959263825615,1.0213268914266829,0.001653625976473611,16.352077947010546,0,coinpaprika
stable_tusd,2025-12-25,9884785.0,16.106507365389437,494796379.0,484484719.0,0.019977480473841545,0.020402676518678806,1.0212837672595407,0.0016562273655230818,16.853817157075348,0,coinpaprika
stable_tusd,2025-12-26,12979808.0,16.37890555418588,494827725.0,484484719.0,0.026230963513614765,0.026790954370637228,1.0213484669265698,0.0016559435370938254,14.968585446381022,0,coinpaprika
stable_tusd,2025-12-27,10557209.0,16.172319596788764,494938668.0,484484719.0,0.021330337842991084,0.021790592326194708,1.0215774586690318,0.0016566090198966172,16.60242036783277,0,coinpaprika
stable_tusd,2025-12-28,9316083.0,16.0472529266911,495043884.0,484484719.0,0.018818701333556925,0.019228847958773287,1.0217946296052323,0.001657229716296353,13.521043033378755,0,coinpaprika
stable_tusd,2025-12-29,14111602.0,16.462507924746827,494562598.0,484484719.0,0.028533500222352036,0.029127032177871433,1.0208012319166666,0.0016574780478304564,13.632216517690532,0,coinpaprika
stable_tusd,2025-12-30,13681076.0,16.431524195129963,494373399.0,484484719.0,0.02767356825361876,0.028238405595615905,1.0204107159879279,0.001657470173288542,24.057562760295692,0,coinpaprika
stable_tusd,2025-12-31,12215213.0,16.318192781963823,494100631.0,484484719.0,0.024722115766737402,0.02521279314074713,1.019847709582766,0.0016584600776338222,29.99400181287082,0,coinpaprika
stable_tusd,2026-01-01,10130803.0,16.131091241288605,493937224.0,484484719.0,0.02051030476698796,0.020910469624120385,1.0195104295952004,0.0016634260729432061,33.92328762822916,0,coinpaprika
stable_tusd,2026-01-02,11402712.0,16.24936186750753,494209268.0,484484719.0,0.023072638937236604,0.023535751599216073,1.0200719416291848,0.0016652358382239184,33.971749556132025,0,coinpaprika
stable_tusd,2026-01-03,14793548.0,16.50970176533337,494745452.0,484484719.0,0.02990133196818149,0.030534601856039137,1.0211786514571164,0.0016608411494788997,15.281690814384907,0,coinpaprika
stable_tusd,2026-01-04,10171064.0,16.135057482306024,494611687.0,484484719.0,0.020563735688679755,0.020993570284308597,1.0209025539977867,0.0016608102266134153,18.778599903657156,0,coinpaprika
stable_tusd,2026-01-05,13381578.0,16.409389617659638,494524673.0,484484719.0,0.027059474947572534,0.0276202271717057,1.0207229528739792,0.0016600561151266593,20.503635616437865,0,coinpaprika
stable_tusd,2026-01-06,14079383.0,16.46022215773711,494476367.0,484484719.0,0.02847331832139917,0.02906053059642527,1.020623246942903,0.0016568975558425836,19.61441370012973,0,coinpaprika
stable_tusd,2026-01-07,13644306.0,16.42883292300046,494364973.0,484484719.0,0.02759966167748701,0.028162510529047252,1.020393324314528,0.0016586725441927051,20.38536699690452,0,coinpaprika
stable_tusd,2026-01-08,12202064.0,16.31711575767532,494228485.0,484484719.0,0.02468911519739701,0.025185652965867847,1.0201116064508942,0.0016605442526166744,24.30883966442976,0,coinpaprika
stable_tusd,2026-01-09,12476572.0,16.339363283837272,494123196.0,484484719.0,0.025249921681474757,0.025752250815572163,1.0198942848391468,0.0016643078232436164,39.0499112488818,0,coinpaprika
stable_tusd,2026-01-10,11991532.0,16.299711375377868,494238672.0,484484719.0,0.0242626339850638,0.024751104688608354,1.0201326329138567,0.0016627100979185805,30.158278539307304,0,coinpaprika
stable_tusd,2026-01-11,7414853.0,15.818995843542385,494337726.0,484484719.0,0.01499956934300418,0.015304616862436067,1.0203370851826599,0.001661967966848017,25.358806125125312,0,coinpaprika
stable_tusd,2026-01-12,11263377.0,16.237067135684818,494547972.0,484484719.0,0.022775094910307304,0.023248157389252972,1.0207710431420232,0.00166239035284478,28.422035649946498,0,coinpaprika
stable_tusd,2026-01-13,13742398.0,16.435996429226602,495035441.0,484484719.0,0.02776043261112693,0.028364977183109052,1.0217772028430065,0.0016662478403886172,14.960886112023175,0,coinpaprika
stable_tusd,2026-01-14,18490068.0,16.732744335103234,495174580.0,484484719.0,0.03734050322211613,0.03816439874133574,1.0220643924994464,0.0016616951072334972,9.550446643138422,0,coinpaprika
stable_tusd,2026-01-15,17353343.0,16.66929578353777,495343266.0,484484719.0,0.035032964392817646,0.03581814311051573,1.0224125685995062,0.001656579917301167,0.7627173681679089,0,coinpaprika
stable_tusd,2026-01-16,12856214.0,16.36933790996842,495293788.0,484484719.0,0.025956743879049015,0.026535850349492653,1.0223104436034856,0.0016515117669450986,2.6634745400699877,0,coinpaprika
stable_tusd,2026-01-17,9625777.0,16.07995526604029,495264794.0,484484719.0,0.01943561730333693,0.019868071422083387,1.0222505985787345,0.0016485190627907342,4.412743436538191,0,coinpaprika
stable_tusd,2026-01-18,8606083.0,15.967979952965164,495319230.0,484484719.0,0.017374821082557203,0.01776337346152707,1.022362957127653,0.001648133718006155,5.628768870401535,0,coinpaprika
stable_tusd,2026-01-19,12787140.0,16.36395061455663,495334880.0,484484719.0,0.025815141465507133,0.026393278257347885,1.02239525948805,0.0016477872191486675,4.097165871130848,0,coinpaprika
stable_tusd,2026-01-20,12581304.0,16.347722539945384,494996241.0,484484719.0,0.025416968772496194,0.025968422752256092,1.0216962921383699,0.001648021660810388,7.337029829455055,0,coinpaprika
stable_tusd,2026-01-21,16082725.0,16.593256334710137,495039389.0,484484719.0,0.03248776836220602,0.03319552582214672,1.0217853517068307,0.001659803538373885,13.033359445494552,0,coinpaprika
stable_tusd,2026-01-22,14256535.0,16.472726026190198,495004011.0,484484719.0,0.028800847433941297,0.029426180931828316,1.021712329795896,0.0016635233902973219,11.829604215648493,0,coinpaprika
stable_tusd,2026-01-23,11300423.0,16.240350805102526,494995380.0,484484719.0,0.022829350447674885,0.02332462213323182,1.0216945149925358,0.0016669445710615607,13.296037255149384,0,coinpaprika
stable_tusd,2026-01-24,9773478.0,16.09518305070559,494947376.0,484484719.0,0.01974649927227819,0.02017293346253094,1.0215954324041332,0.0016648768960813333,14.23682414158356,0,coinpaprika
stable_tusd,2026-01-25,7502855.0,15.83079430602062,494951179.0,484484719.0,0.015158777912518115,0.015486257266248268,1.0216032819809122,0.0016647561922206013,17.851973405784705,0,coinpaprika
stable_tusd,2026-01-26,14590518.0,16.49588249217609,495119993.0,484484719.0,0.029468650440863938,0.03011553807128435,1.0219517222791912,0.0016647162423500863,10.1185054964259,0,coinpaprika
stable_tusd,2026-01-27,12033865.0,16.30323539958327,495011242.0,484484719.0,0.02431028627022576,0.024838482057470218,1.0217272549312335,0.0016686225293791003,13.143801196380256,0,coinpaprika
stable_tusd,2026-01-28,11677366.0,16.273163081869434,494769655.0,484484719.0,0.023601621243323826,0.02410265080001419,1.0212286076250838,0.0016719908289741618,15.738584215351237,0,coinpaprika
stable_tusd,2026-01-29,12426144.0,16.335313278618653,494528756.0,484484719.0,0.02512724255007731,0.025648164973393103,1.0207313803843625,0.0016737355965495803,21.049800440877675,0,coinpaprika
stable_tusd,2026-01-30,18943011.0,16.7569456615896,494532488.0,484484719.0,0.03830488685709967,0.039099295100781084,1.0207390834136918,0.0016819594136593659,25.36751250727609,0,coinpaprika
stable_tusd,2026-01-31,17352593.0,16.669252563268078,494498979.0,484484719.0,0.035091261533221486,0.035816595074074975,1.0206699192095674,0.0016857594055435885,21.028591512153305,0,coinpaprika
stable_tusd,2026-02-01,22073570.0,16.909891568497137,494886769.0,484484719.0,0.04460327368339888,0.045560920983350975,1.0214703366113802,0.0016870306657277726,16.682354408457112,0,coinpaprika
stable_tusd,2026-02-02,25525550.0,17.05519050846174,494970566.0,484484719.0,0.051569834154542436,0.052685975427018576,1.0216432976908814,0.0016860150868098305,25.68708344527049,0,coinpaprika
stable_tusd,2026-02-03,19119043.0,16.76619546433749,494751173.0,484484719.0,0.03864375476680275,0.039462633701765934,1.0211904598790864,0.0016843991202133864,11.355933282566344,0,coinpaprika
stable_tusd,2026-02-04,22466078.0,16.92751712960229,494551900.0,484484719.0,0.045427139194086606,0.04637107656640044,1.0207791507248756,0.0016827285233444375,20.273578904612677,0,coinpaprika
stable_tusd,2026-02-05,27357159.0,17.12448884416132,494583022.0,484484719.0,0.055313582923596595,0.05646650539663357,1.0208433880450212,0.0016803831084750867,44.64189901061788,0,coinpaprika
stable_tusd,2026-02-06,45196883.0,17.626538704373026,494949063.0,484484719.0,0.0913162310603263,0.09328856252326918,1.0215989144541007,0.001684822050561142,38.67274855732128,0,coinpaprika
stable_tusd,2026-02-07,28528554.0,17.16641607346677,494874405.0,484484719.0,0.057648069311646864,0.05888432159198813,1.0214448167146424,0.001680724480560562,13.728872601296294,0,coinpaprika
stable_tusd,2026-02-08,16741448.0,16.633398178419363,494990628.0,484484719.0,0.03382174742912506,0.03455516209996295,1.0216847066336472,0.0016793411419270099,9.861383270621804,0,coinpaprika
stable_tusd,2026-02-09,14294995.0,16.475420103920392,494782938.0,484484719.0,0.028891446939910446,0.029505564240510134,1.0212560243824738,0.0016723248929825167,16.64048430428,0,coinpaprika
stable_tusd,2026-02-10,15297622.0,16.543208014816006,494802741.0,484484719.0,0.030916607230354852,0.031575035083820674,1.0212968987366555,0.0016723613453164467,15.692792815760193,0,coinpaprika
stable_tusd,2026-02-11,14288512.0,16.474966485709196,494783376.0,484484719.0,0.028878318660407055,0.029492183013516263,1.0212569284357553,0.001671830096892797,9.228437685583346,0,coinpaprika
stable_tusd,2026-02-12,14647904.0,16.499807879788417,494731859.0,484484719.0,0.029607763748240843,0.03023398556353642,1.0211505948446642,0.0016729268732106851,21.98603411668998,0,coinpaprika
stable_tusd,2026-02-13,13063848.0,16.385359355084315,494778985.0,484484719.0,0.026403401106455643,0.02696441701394508,1.0212478651984067,0.0016742042033053733,18.574468234021644,0,coinpaprika
stable_tusd,2026-02-14,11572492.0,16.264141547005117,494870860.0,484484719.0,0.023384872570593466,0.02388618576843081,1.0214374996623992,0.0016729287744661496,13.731047941438757,0,coinpaprika
stable_tusd,2026-02-15,12021598.0,16.30221550651005,494780060.0,484484719.0,0.024296852221570932,0.02481316237344526,1.0212500840506384,0.0016725358381218356,18.597433662160824,0,coinpaprika
stable_tusd,2026-02-16,13123412.0,16.389908444845524,494798880.0,484484719.0,0.026522719695727687,0.027087360004021097,1.0212889294450584,0.0016718621153043874,15.973686699755074,0,coinpaprika
stable_tusd,2026-02-17,10943647.0,16.208269754584514,494721987.0,484484719.0,0.02212080175850361,0.022588219134317012,1.0211302185570068,0.001671473084191083,22.701552412813797,0,coinpaprika
stable_tusd,2026-02-18,11564122.0,16.26341801851978,494599767.0,484484719.0,0.02338076718099222,0.023868909681752006,1.0208779505386216,0.0016727830954868593,24.335909827212234,0,coinpaprika
stable_tusd,2026-02-19,11359954.0,16.245605009981826,494791637.0,484484719.0,0.02295906630289307,0.02344749700970445,1.021273979541138,0.0016721984016079409,17.88031722205652,0,coinpaprika
stable_tusd,2026-02-20,14313713.0,16.476728656642337,495009346.0,484484719.0,0.028916045960877677,0.029544199101974155,1.0217233414951112,0.001671373515254435,16.95486797605117,0,coinpaprika
stable_tusd,2026-02-21,14248129.0,16.472136227997602,495339113.0,484484719.0,0.02876439317240026,0.029408830539400355,1.0224039966057217,0.0016734500174278059,9.427277664036948,0,coinpaprika
stable_tusd,2026-02-22,6800354.0,15.732485374666009,495264708.0,484484719.0,0.013730746185128944,0.014036261069360992,1.022250421070556,0.0016737999125877186,6.460841545153917,0,coinpaprika
stable_tusd,2026-02-23,12298948.0,16.32502436953736,495316548.0,484484719.0,0.024830480729264873,0.025385626249235738,1.022357421349341,0.001668174434290479,2.373804336875951,0,coinpaprika
stable_tusd,2026-02-24,13589232.0,16.424788345976847,495203629.0,484484719.0,0.027441705198004516,0.028048835117129876,1.0221243510468696,0.0016680562021463886,11.59916744901568,0,coinpaprika
stable_tusd,2026-02-25,12581977.0,16.34777603058094,495318693.0,484484719.0,0.02540178107108104,0.025969811856955596,1.0223618487335615,0.0016671758102016878,10.644247359369308,0,coinpaprika
stable_tusd,2026-02-26,16391813.0,16.61229262183796,495305124.0,484484719.0,0.03309437396411833,0.033833498472012696,1.0223338416582752,0.001663643821594331,8.126319527888004,0,coinpaprika
stable_tusd,2026-02-27,15024438.0,16.52518869991809,495267501.0,484484719.0,0.0303360062383742,0.031011170034446433,1.0222561859582613,0.0016648966261851045,7.7395495829657435,0,coinpaprika
stable_tusd,2026-02-28,13527820.0,16.42025893765752,495213470.0,484484719.0,0.02731714870356818,0.027922077765263842,1.022144663349021,0.0016644486631914352,11.669881832246931,0,coinpaprika
stable_tusd,2026-03-01,14005456.0,16.4549575973471,495067233.0,484484719.0,0.02829000803614082,0.028907941676484538,1.0218428230757057,0.0016633725372582305,11.918294783507255,0,coinpaprika
stable_tusd,2026-03-02,16303661.0,16.60690030312082,495362423.0,484484719.0,0.032912591353341306,0.033651548460912346,1.0224521095783003,0.0016644318896477629,11.288017893004154,0,coinpaprika
stable_tusd,2026-03-03,19802270.0,16.801307186057265,495426945.0,484484719.0,0.03997011103221283,0.04087284742617445,1.0225852861212739,0.0016599520678160238,4.34076622226609,0,coinpaprika
stable_tusd,2026-03-04,16313669.0,16.607513964613066,495514943.0,484484719.0,0.03292265799540176,0.033672205459177755,1.0227669182688919,0.0016600034225009914,0.6765516831885865,0,coinpaprika
stable_tusd,2026-03-05,18033028.0,16.707715578850927,495695916.0,484484719.0,0.036379214389169995,0.037221045974826714,1.0231404553339483,0.0016552125352767037,0.841709435842608,0,coinpaprika
stable_tusd,2026-03-06,11834696.0,16.2865461985746,495432644.0,484484719.0,0.02388759833112652,0.024427387564312425,1.0225970491341752,0.001648675406751337,1.3242132556445796,0,coinpaprika
stable_tusd,2026-03-07,9106259.0,16.024472647071928,495303568.0,484484719.0,0.018385207756064458,0.018795761027913863,1.022330629998673,0.0016481459262227072,1.8087266816535497,0,coinpaprika
stable_tusd,2026-03-08,7545385.0,15.83644680858389,495249735.0,484484719.0,0.015235515471805352,0.015574041252681903,1.0222195160710528,0.001647777628447329,1.7882438160909953,0,coinpaprika
stable_tusd,2026-03-09,10637298.0,16.17987715626809,495317884.0,484484719.0,0.02147569943184204,0.02195589991353267,1.022360178918254,0.0016476766698874678,4.268300954656246,0,coinpaprika
stable_tusd,2026-03-10,11998788.0,16.30031628599318,495430055.0,484484719.0,0.024218934396299394,0.024766081425160492,1.0225917053123816,0.0016408663343126643,1.0225960297338688,0,coinpaprika
stable_tusd,2026-03-11,11910429.0,16.292925044793936,495353825.0,484484719.0,0.024044285920271233,0.024583704156002494,1.0224343628885435,0.0016393479364595724,0.8880931831134475,0,coinpaprika
stable_tusd,2026-03-12,11052992.0,16.21821180898067,495325383.0,484484719.0,0.022314608496451716,0.022813912527135865,1.022375657218613,0.0016382220535522622,2.2462898235164896,0,coinpaprika
stable_tusd,2026-03-13,13391818.0,16.410154556088397,495296733.0,484484719.0,0.027037969580146613,0.027641363029243447,1.0223165222265762,0.0016367608154454767,5.095179497331959,0,coinpaprika
stable_tusd,2026-03-14,11977510.0,16.298541366127637,495228227.0,484484719.0,0.024185838663836907,0.024722162599312033,1.0221751225140292,0.0016343285384678146,4.607004264981507,0,coinpaprika
stable_tusd,2026-03-15,8855823.0,15.99658587964106,495067918.0,484484719.0,0.017888097123675867,0.018278848955811958,1.0218442369489882,0.001634415765123301,4.834241939679629,0,coinpaprika
stable_tusd,2026-03-16,13418346.0,16.412133507554607,495263346.0,484484719.0,0.027093355703331212,0.027696118110177175,1.0222476098363795,0.001634608017030021,3.845420874284411,0,coinpaprika
stable_tusd,2026-03-17,15850322.0,16.57870043662882,495406037.0,484484719.0,0.031994608091544106,0.032715834738226285,1.0225421309934029,0.0016344143594943777,3.8301608161572798,0,coinpaprika
stable_tusd,2026-03-18,11803528.0,16.283909112520643,495336102.0,484484719.0,0.02382933113968745,0.024363055297931903,1.0223977817554242,0.0016327100335668946,0.4774508290594781,0,coinpaprika
stable_tusd,2026-03-19,12792398.0,16.364361724379094,495217608.0,484484719.0,0.02583187227866098,0.026404131024821857,1.0221532043820767,0.0016363349671108922,6.418246474393374,0,coinpaprika
stable_tusd,2026-03-20,11642835.0,16.27020161320321,495177455.0,484484719.0,0.023512449693413446,0.02403137713823333,1.022070326639136,0.00163320109455664,3.534749928022496,0,coinpaprika
stable_tusd,2026-03-21,9156028.0,16.029923127371553,495063370.0,484484719.0,0.018494658572699493,0.01889848666207365,1.0218348496560115,0.001633915297785667,8.421207974627087,0,coinpaprika
stable_tusd,2026-03-22,9798926.0,16.097783447850436,495143038.0,484484719.0,0.01979009144424242,0.020225459370989986,1.0219992882788942,0.0016325871340876921,0.7495257142298151,0,coinpaprika
stable_tusd,2026-03-23,12100425.0,16.3087512165588,495116546.0,484484719.0,0.024439548824934643,0.02497586513146558,1.0219446075037095,0.0016334453379391592,10.146038793659162,0,coinpaprika
stable_tusd,2026-03-24,13512806.0,16.41914846037549,494923554.0,484484719.0,0.0273028145271906,0.027891088139768552,1.0215462626386778,0.001635995450896189,7.148747948774181,0,coinpaprika
stable_tusd,2026-03-25,12729478.0,16.359431042751833,494768062.0,484484719.0,0.0257281724057605,0.026274261087685616,1.0212253195956837,0.0016362259418114505,14.182052876799967,0,coinpaprika
stable_tusd,2026-03-26,10974281.0,16.211065093373133,494654178.0,484484719.0,0.02218576429369611,0.022651449198751717,1.0209902574863254,0.001636385466703869,15.596203427802324,0,coinpaprika
stable_tusd,2026-03-27,12414225.0,16.334353631042156,494647285.0,484484719.0,0.025097125520460502,0.025623563578276654,1.0209760299994106,0.0016408950636923986,21.82542486399153,0,coinpaprika
stable_tusd,2026-03-28,11100792.0,16.222527105172187,494453695.0,484484719.0,0.022450619971603206,0.022912574049626527,1.0205764508333235,0.001643529033254742,22.2475118156662,0,coinpaprika
stable_tusd,2026-03-29,8437268.0,15.948169236010367,494573625.0,484484719.0,0.017059680446970864,0.017414931099199435,1.0208239921804427,0.001643902333261724,25.049819911490133,0,coinpaprika
stable_tusd,2026-03-30,10542786.0,16.170952487376724,494500427.0,484484719.0,0.02132007461340372,0.021760822553414733,1.0206729079519223,0.0016422156771010046,21.899191995914393,0,coinpaprika
stable_tusd,2026-03-31,12026237.0,16.302601320839837,494474216.0,484484719.0,0.024321262081742196,0.024822737494843466,1.020618807174391,0.0016420395048112836,22.235445027642964,0,coinpaprika
stable_tusd,2026-04-01,13921153.0,16.44892011173319,494581449.0,484484719.0,0.028147341612078942,0.028733936188398132,1.0208401412965926,0.0016407253864396873,24.866420122435784,0,coinpaprika
stable_tusd,2026-04-02,13537994.0,16.42101073471985,494927923.0,484484719.0,0.027353465769196457,0.027943077395594804,1.0215552804669572,0.001640646256989272,18.56688510322502,0,coinpaprika
stable_tusd,2026-04-03,13075589.0,16.386257691180173,495410296.0,484484719.0,0.026393454285415174,0.02698865100841292,1.0225509217763378,0.0016399447469269963,10.994016419517694,0,coinpaprika
stable_tusd,2026-04-04,10057974.0,16.123876410127345,495375632.0,484484719.0,0.02030373185574861,0.020760147029528914,1.0224793735960949,0.0016378339899262451,4.218466871706017,0,coinpaprika
stable_tusd,2026-04-05,8686905.0,15.97732739241685,495368280.0,484484719.0,0.017536256055797516,0.017930193996479795,1.0224641987108782,0.0016380517422102602,4.990091513991102,0,coinpaprika
stable_tusd,2026-04-06,11138956.0,16.225959161509255,495179935.0,484484719.0,0.02249476445365259,0.022991346399926393,1.0220754454796335,0.0016377847811724793,9.774825954871336,0,coinpaprika
stable_tusd,2026-04-07,12307355.0,16.32570769036323,495202333.0,484484719.0,0.02485318460727042,0.025402978705712283,1.0221216760399001,0.0016391095004462375,8.287177636465692,0,coinpaprika
stable_tusd,2026-04-08,17052480.0,16.651806264304263,495308140.0,484484719.0,0.034428022927303396,0.035197147260283355,1.0223400668288156,0.001635423235410904,11.578993209326871,0,coinpaprika
stable_tusd,2026-04-09,13687141.0,16.4319674099478,495363095.0,484484719.0,0.02763052221320605,0.02825092405030013,1.0224534966189511,0.001635648448967366,6.468797807601678,0,coinpaprika
stable_tusd,2026-04-10,14175948.0,16.467057354190732,495393317.0,484484719.0,0.028615541456729017,0.029259845448293697,1.0225158762953677,0.0016344063047474208,4.611732912473965,0,coinpaprika
stable_tusd,2026-04-11,10847173.0,16.199415143195438,495329195.0,484484719.0,0.021898917143375732,0.022389092110870066,1.0223835253718292,0.0016311671386814006,5.919740184888722,0,coinpaprika
stable_tusd,2026-04-12,10961419.0,16.2098923931355,495377933.0,484484719.0,0.02212738652611722,0.022624901405817095,1.022484122971895,0.0016307232711504642,6.114299696513559,0,coinpaprika
stable_tusd,2026-04-13,11653732.0,16.271137115834065,495392932.0,484484719.0,0.02352421935644411,0.02405386907569318,1.0225150816366615,0.0016304135147876691,7.897493161783675,0,coinpaprika
stable_tusd,2026-04-14,16741167.0,16.633381393590387,495468378.0,484484719.0,0.033788568036525635,0.034554582102309814,1.022670805846407,0.0016298816259082917,2.1885804887589178,0,coinpaprika
stable_tusd,2026-04-15,14522388.0,16.491202085507513,495353609.0,484484719.0,0.029317214483038118,0.029974914441006344,1.0224339170540484,0.0016241892236223262,2.681848367124262,0,coinpaprika
stable_tusd,2026-04-16,12864236.0,16.369961693738638,495251713.0,484484719.0,0.02597514690474175,0.026552408147262948,1.0222235987591592,0.0016254506976122868,8.355438391765002,0,coinpaprika
stable_tusd,2026-04-17,13728299.0,16.43496995361796,495299415.0,484484719.0,0.02771717184442869,0.02833587616207148,1.0223220580048882,0.0016220580104062553,5.107200678885482,0,coinpaprika
stable_tusd,2026-04-18,11638429.0,16.26982311144539,495283223.0,484484719.0,0.02349853267692857,0.024022282940156056,1.0222886369301567,0.0016181735148134548,8.374774052000156,0,coinpaprika
stable_tusd,2026-04-19,7832342.0,15.873772256921981,495245984.0,484484719.0,0.015815054039893032,0.016166334443254132,1.0222117738248004,0.0016184095664020215,6.962885085541881,0,coinpaprika
stable_tusd,2026-04-20,11711156.0,16.27605253513371,495083429.0,484484719.0,0.023654914129634504,0.024172395001791584,1.0218762524066316,0.0016220334885519417,8.306560155465492,0,coinpaprika
stable_tusd,2026-04-21,13162853.0,16.39290932964961,494737223.0,484484719.0,0.02660574621853347,0.027168768144367417,1.0211616664012886,0.001621420622997675,12.092471640102742,0,coinpaprika
stable_tusd,2026-04-22,14396017.0,16.482462198527596,494697842.0,484484719.0,0.02910062623640877,0.029714078556933806,1.0210803821038574,0.001618436978196043,15.156567076360927,0,coinpaprika
stable_tusd,2026-04-23,15889177.0,16.581148806526617,494832983.0,484484719.0,0.03211018170953249,0.032796033346100234,1.0213593196940438,0.001620592602869927,13.215305041245351,0,coinpaprika
stable_tusd,2026-04-24,15911194.0,16.58253350748707,495629322.0,484484719.0,0.032103011855299395,0.03284147750385498,1.0230030020823009,0.0016186425388114468,19.057275280973673,0,coinpaprika
stable_tusd,2026-04-25,10695644.0,16.185347207235555,495956627.0,484484719.0,0.02156568421052674,0.022076328892428908,1.0236785755052886,0.0016198822967787535,5.284533963281213,0,coinpaprika
stable_tusd,2026-04-26,7636577.0,15.848460155043794,495821693.0,484484719.0,0.015401861410690637,0.015762265971488772,1.0234000651731598,0.0016193892694269735,5.457883872301839,0,coinpaprika
stable_tusd,2026-04-27,12829903.0,16.367289254100847,495957189.0,484484719.0,0.025868972735064034,0.02648154316710245,1.0236797355005949,0.0016190616897261078,0.9848583104976605,0,coinpaprika
stable_tusd,2026-04-28,22531575.0,16.930428261138168,495930736.0,484484719.0,0.0454329069856239,0.046506265556747105,1.0236251352233052,0.0016201625418366416,15.16682735591246,0,coinpaprika
stable_tusd,2026-04-29,18118430.0,16.712440265426054,495617003.0,484484719.0,0.03655732125881081,0.03739731985231096,1.0229775750677494,0.001620199767346894,1.0583946964304314,0,coinpaprika
stable_tusd,2026-04-30,14936770.0,16.519336583117802,495454145.0,484484719.0,0.030147633541344174,0.030830219022862513,1.0226414282428586,0.001625159519046794,5.929547578999994,0,coinpaprika
stable_tusd,2026-05-01,12416756.0,16.334557489263055,495546630.0,484484719.0,0.025056685381958908,0.02562878768525205,1.0228323217764892,0.001622498335291379,2.768149275760301,0,coinpaprika
stable_tusd,2026-05-02,12868929.0,16.370326437032926,495088756.0,484484719.0,0.025993175655962583,0.026562094727284886,1.0218872475934582,0.0016210703082754846,10.904779078720894,0,coinpaprika
stable_tusd,2026-05-03,7622546.0,15.846621123781588,494957925.0,484484719.0,0.015400391861591064,0.015733305305755164,1.0216172060526847,0.0016192744809694825,13.830472347375888,0,coinpaprika
stable_tusd,2026-05-04,15215626.0,16.53783354979702,494855969.0,484484719.0,0.0307475850614626,0.031405791355826024,1.02140676391488,0.0016189371070628332,16.235594214196738,0,coinpaprika
stable_tusd,2026-05-05,15006036.0,16.523963144765165,494819532.0,484484719.0,0.030326280652963392,0.030973187412336116,1.021331556176491,0.0016164334535331976,21.811300250649257,0,coinpaprika
stable_tusd,2026-05-06,13044467.0,16.383874693812583,494763965.0,484484719.0,0.026365030444365528,0.02692441368826743,1.02121686318862,0.0016141983793815796,15.10505935591322,0,coinpaprika
stable_tusd,2026-05-07,16669686.0,16.62910247830595,494941222.0,484484719.0,0.03368013262795072,0.03440704184521452,1.0215827302491247,0.00161304171391607,22.29600668833043,0,coinpaprika
stable_tusd,2026-05-08,17067827.0,16.652705845901544,495429631.0,484484719.0,0.034450557520246505,0.035228824213958336,1.0225908301557805,0.001611672662855615,11.795879041575086,0,coinpaprika
stable_tusd,2026-05-09,13031114.0,16.382850517197458,495623769.0,484484719.0,0.026292350801278862,0.026896852447476263,1.0229915404204937,0.0016183491050628174,3.266151523706462,0,coinpaprika
stable_tusd,2026-05-10,6832297.0,15.737171631766273,495555298.0,484484719.0,0.013787153578166367,0.014102192973396958,1.0228502129496473,0.0016144143908933153,0.8962267606926755,0,coinpaprika
stable_tusd,2026-05-11,12685677.0,16.355984198542632,495385623.0,484484719.0,0.025607680988351977,0.02618385369549705,1.0224999955055343,0.001613543596246956,5.037435668524548,0,coinpaprika
stable_tusd,2026-05-12,11771975.0,16.28123234959744,495284582.0,484484719.0,0.023768103082199316,0.02429792837284513,1.0222914419721874,0.0016111481349881688,6.216038627949727,0,coinpaprika
stable_tusd,2026-05-13,11687974.0,16.274071093464457,495322999.0,484484719.0,0.023596671310633005,0.0241245462274322,1.02237073652678,0.00161321085496471,4.703265812369128,0,coinpaprika
stable_tusd,2026-05-14,12746514.0,16.36076845887301,495346980.0,484484719.0,0.025732495633666728,0.026309424219425174,1.0224202344759608,0.001615248261782971,4.71681881145436,0,coinpaprika
stable_tusd,2026-05-15,17871740.0,16.698731308243406,495290458.0,484484719.0,0.036083352124663785,0.03688813970621847,1.0223035703216885,0.001614841354653023,6.440099246346476,0,coinpaprika
stable_tusd,2026-05-16,16759398.0,16.63446979318671,495284280.0,484484719.0,0.0338379364675172,0.03459221177211164,1.0222908186295139,0.001614347422653356,4.230159615230544,0,coinpaprika
stable_tusd,2026-05-17,12750911.0,16.36111335642237,495321394.0,484484719.0,0.025742701919311807,0.026318499841065164,1.0223674237287967,0.0016138567179583563,6.231964661308487,0,coinpaprika
stable_tusd,2026-05-18,15844747.0,16.57834864691,495231538.0,484484719.0,0.031994624300361096,0.03270432766735002,1.022181956578903,0.001613865019596577,7.512806713506626,0,coinpaprika
stable_tusd,2026-05-19,16188623.0,16.59981933130688,495151262.0,484484719.0,0.03269429817185844,0.03341410443948388,1.0220162630144791,0.001613047577937629,11.920001617010678,0,coinpaprika
stable_tusd,2026-05-20,13687646.0,16.43200430520935,495103306.0,484484719.0,0.02764604040030385,0.028251966394836903,1.0219172795004088,0.0016151600040912864,10.386031043023713,0,coinpaprika
stable_tusd,2026-05-21,13323910.0,16.405070798597624,495107624.0,484484719.0,0.02691113881938526,0.027501197617751903,1.0219261920622102,0.001618743412282352,7.9464091710346185,0,coinpaprika
stable_tusd,2026-05-22,14123317.0,16.463337748260216,495055369.0,484484719.0,0.028528762405968373,0.029151212507076,1.0218183352032615,0.0016145290441998605,6.58783144202979,0,coinpaprika
stable_tusd,2026-05-23,15723376.0,16.57065914377737,495157843.0,484484719.0,0.031754270324664935,0.032453812026215834,1.0220298465182345,0.0016139978699416418,9.775909013102213,0,coinpaprika
stable_tusd,2026-05-24,14868942.0,16.514785233192963,495092829.0,484484719.0,0.03003263454660136,0.030690218735257985,1.0218956544633557,0.0016145277984098705,9.827718678416808,0,coinpaprika
stable_tusd,2026-05-25,13648245.0,16.429121573170146,495087011.0,484484719.0,0.027567366335126898,0.028170640816434087,1.0218836458286726,0.0016151570651122252,13.154788166210851,0,coinpaprika
stable_tusd,2026-05-26,13869288.0,16.445187529261155,494977014.0,484484719.0,0.028020064786281166,0.02862688430839859,1.0216566066761747,0.001614767686334593,13.35310078590668,0,coinpaprika
stable_tusd,2026-05-27,15486101.0,16.555453534501456,494812327.0,484484719.0,0.03129691835668435,0.031964064897576264,1.021316684706417,0.0016158339388537997,16.4323891548257,0,coinpaprika
stable_tusd,2026-05-28,18057774.0,16.709086897920347,494900044.0,484484719.0,0.03648771952826903,0.03727212292117721,1.0214977368563816,0.0016190536009768114,15.31316858581433,0,coinpaprika
stable_tusd,2026-05-29,14025493.0,16.456387231569124,495054075.0,484484719.0,0.028331234320210372,0.028949299018035696,1.0218156643243892,0.0016238630671041707,14.697267280904258,0,coinpaprika
stable_tusd,2026-05-30,14261398.0,16.473067074730153,494979604.0,484484719.0,0.028812092225117217,0.02943621840011016,1.0216619525620168,0.001628006976267315,20.079799250029005,0,coinpaprika
stable_tusd,2026-05-31,13402060.0,16.410919059064362,494939697.0,484484719.0,0.02707816746410624,0.02766250301487837,1.0215795825750285,0.001629073237345854,14.833480871394578,0,coinpaprika
stable_tusd,2026-06-01,17065887.0,16.652592175300775,494977934.0,484484719.0,0.03447807634996513,0.035224819959698256,1.0216585056008753,0.0016305045987933732,17.058433870590363,0,coinpaprika
stable_tusd,2026-06-02,23486846.0,16.97195112029502,494842029.0,484484719.0,0.047463320865172506,0.04847799131513991,1.021377991077568,0.0016294892611228033,14.036567736416261,0,coinpaprika
stable_tusd,2026-06-03,35541928.0,17.386223656088973,494766882.0,484484719.0,0.07183570544642881,0.07336026629149474,1.0212228840183502,0.0016309805145800441,19.280162955328528,0,coinpaprika
stable_tusd,2026-06-04,43610974.0,17.59081939682654,494754421.0,484484719.0,0.08814670905184291,0.09001516929164488,1.0211971639088993,0.0016345285630516143,7.927911263518883,0,coinpaprika
stable_tusd,2026-06-05,47626353.0,17.678896821453197,494996623.0,484484719.0,0.09621551094905147,0.09830310664555758,1.0216970806049304,0.0016395276337211856,15.49490876898485,0,coinpaprika
stable_tusd,2026-06-06,49127275.0,17.709924957869266,495272913.0,484484719.0,0.09919233156205334,0.10140108257986151,1.0222673565892177,0.0016414281608507111,18.237478732893166,0,coinpaprika
stable_tusd,2026-06-07,25177510.0,17.041461733402365,495305877.0,484484719.0,0.050832245626675654,0.051967603956565654,1.0223353958868617,0.0016441533755477949,14.409484273866235,0,coinpaprika
stable_tusd,2026-06-08,29919132.0,17.214008733377973,495188712.0,484484719.0,0.060419656738863625,0.06175454214893411,1.0220935616340874,0.0016445609860793044,16.43732352953231,0,coinpaprika
stable_tusd,2026-06-09,27711949.0,17.137374286070155,495129675.0,484484719.0,0.055969073152401946,0.05719880919505327,1.021971706397617,0.0016418082801097713,4.18013926859695,0,coinpaprika
stable_tusd,2026-06-10,29018466.0,17.1834429783875,495078888.0,484484719.0,0.058613822369254415,0.05989552376367107,1.021866879561995,0.0016480842132522546,18.722276135997305,0,coinpaprika
stable_tusd,2026-06-11,24255488.0,17.004153500249817,494853883.0,484484719.0,0.04901545452761457,0.05006450574966431,1.0214024583095263,0.0016493083288425833,12.778381638780534,0,coinpaprika
stable_tusd,2026-06-12,22350271.0,16.92234904897217,494731043.0,484484719.0,0.04517660922280149,0.046132045291608054,1.0211489105810168,0.0016510078956314244,18.04750123013843,0,coinpaprika
stable_tusd,2026-06-13,24380459.0,17.00929254976393,494854021.0,484484719.0,0.049267982001504236,0.05032245196571412,1.0214027431482313,0.0016523968049994388,15.631917294511855,0,coinpaprika
stable_tusd,2026-06-14,16116354.0,16.595345152849227,494729233.0,484484719.0,0.03257611017297617,0.033264937712101504,1.021145174653073,0.001652420717678395,15.53372303720435,0,coinpaprika
stable_tusd,2026-06-15,21606479.0,16.888503827663392,494749076.0,484484719.0,0.043671590404344686,0.04459682246448726,1.0211861315691981,0.0016525904243756078,12.783071895294817,0,coinpaprika
stable_tusd,2026-06-16,24064628.0,16.996253644020413,494677400.0,484484719.0,0.048647114260728305,0.04967056143622148,1.0210381888226283,0.0016505534913840534,13.235221912550887,0,coinpaprika
stable_tusd,2026-06-17,22755993.0,16.940339141185916,494562303.0,484484719.0,0.046012388857708794,0.046969475212695,1.0208006230223332,0.0016514177097805042,12.549556529238837,0,coinpaprika
stable_tusd,2026-06-18,22529052.0,16.93031627867993,494491509.0,484484719.0,0.0455600381198861,0.04650105796216041,1.0206545007666177,0.0016521480199077506,12.52657607382357,0,coinpaprika
stable_tusd,2026-06-19,17172557.0,16.658823202557556,494505556.0,484484719.0,0.03472672205931696,0.03544499202254509,1.0206834944571286,0.0016521711727174042,17.710481102426456,0,coinpaprika
stable_tusd,2026-06-20,17022269.0,16.65003304471912,494419782.0,484484719.0,0.034428778175384575,0.03513479028840123,1.0205064527535697,0.0016513576452750118,33.136223749891116,0,coinpaprika
stable_tusd,2026-06-21,16606759.0,16.625320399347242,494539151.0,484484719.0,0.03358027158500945,0.03427715745973817,1.0207528361694314,0.0016510152645302489,24.06422669826491,0,coinpaprika
stable_tusd,2026-06-22,18831623.0,16.751048142267578,494524608.0,484484719.0,0.038080254643263374,0.038869384856697616,1.0207228187108208,0.0016508547612729763,19.274611386069786,0,coinpaprika
stable_tusd,2026-06-23,20246370.0,16.82348612558027,494570361.0,484484719.0,0.04093728940622869,0.04178949140395902,1.0208172551258525,0.0016513460669230595,21.07838919966909,0,coinpaprika
stable_tusd,2026-06-24,20497660.0,16.835821340038038,494630297.0,484484719.0,0.041440364903486696,0.0423081661735548,1.0209409659420032,0.0016534521978516824,18.658654875346457,0,coinpaprika
stable_tusd,2026-06-25,28096790.0,17.151165928494482,494527604.0,484484719.0,0.0568154128763255,0.05799313971758106,1.0207290026003895,0.0016558624282710353,21.452154189202098,0,coinpaprika
stable_tusd,2026-06-26,31154432.0,17.254467104468898,494403070.0,484484719.0,0.06301423654185642,0.06430426136928377,1.0204719583735726,0.001656333019105977,29.413943306976222,0,coinpaprika
stable_tusd,2026-06-27,18099924.0,16.71141835258106,494306793.0,484484719.0,0.03661678183734772,0.03735912256914753,1.0202732379676973,0.001662143740117538,29.97810704417403,0,coinpaprika
stable_tusd,2026-06-28,10846502.0,16.199353281852133,494253169.0,484484719.0,0.021945235114921437,0.02238770713426774,1.0201625554262321,0.001662170755222702,26.480728391827803,0,coinpaprika
stable_tusd,2026-06-29,19226220.0,16.771785582392557,494175822.0,484484719.0,0.0389056265889107,0.03968385223724672,1.0200029074601216,0.0016627540347099636,30.265731355850754,0,coinpaprika
stable_tusd,2026-06-30,25193023.0,17.042077688761605,494203257.0,484484719.0,0.05097704768870028,0.051999623542306195,1.0200595346331243,0.0016664902137710812,19.460402229629636,0,coinpaprika
stable_tusd,2026-07-01,26240106.0,17.08279959977575,494416648.0,484484719.0,0.05307286092842084,0.05416085372963022,1.020499984025296,0.0016710100934945705,26.502516252249197,0,coinpaprika
stable_tusd,2026-07-02,25116932.0,17.039052798161155,494390395.0,484484719.0,0.05080384298323595,0.05184256802122174,1.0204457965577238,0.0016702171345967588,17.774716208897033,0,coinpaprika
stable_tusd,2026-07-03,17742463.0,16.69147142035287,494272385.0,484484719.0,0.03589612436065996,0.036621305696950164,1.0202022181838928,0.0016719004583048756,24.05622809758978,0,coinpaprika
stable_tusd,2026-07-04,15204724.0,16.537116792774174,494393182.0,484484719.0,0.03075431570170804,0.03138328909812324,1.0204515490611377,0.001672974378430166,33.504396920254194,0,coinpaprika
stable_tusd,2026-07-05,22997293.0,16.95088711479795,494585766.0,484484719.0,0.04649808906955078,0.047467530136899944,1.0208490517943456,0.001673210348807649,14.729800256726433,0,coinpaprika
stable_tusd,2026-07-06,26762135.0,17.102498610666608,494634579.0,484484719.0,0.054104860711729576,0.05523834694980338,1.0209498041980556,0.0016730202771119433,21.377820453291065,0,coinpaprika
stable_tusd,2026-07-07,28401987.0,17.16196970068155,494663581.0,484484719.0,0.05741677392660124,0.0586230811543924,1.0210096657351952,0.0016747898809887027,14.957232190495606,0,coinpaprika
stable_tusd,2026-07-08,20816484.0,16.851255778848085,494587225.0,484484719.0,0.042088600246397385,0.04296623440047033,1.020852063241235,0.0016883770104595681,14.331934660974932,0,coinpaprika
stable_tusd,2026-07-09,18637341.0,16.740677760487337,494597931.0,484484719.0,0.037681801382222116,0.03846837736898777,1.0208741609454146,0.0016882601321923127,16.561929606703217,0,coinpaprika
stable_tusd,2026-07-10,21723353.0,16.89389846099799,494594003.0,484484719.0,0.043921585923475094,0.044838056079122696,1.0208660533625622,0.0016837964550842997,20.35295912113377,0,coinpaprika
stable_tusd,2026-07-11,13015276.0,16.381634379319163,494569279.0,484484719.0,0.02631638589909261,0.026864162045944735,1.0208150218252807,0.0016849348390461246,15.57190238870576,0,coinpaprika
stable_tusd,2026-07-12,13876532.0,16.445709697980078,494481422.0,484484719.0,0.028062797473511553,0.028641836276367676,1.0206336807085137,0.0016848465084749902,20.036263150361442,0,coinpaprika
stable_tusd,2026-07-13,19041379.0,16.762125063692615,494353600.0,484484719.0,0.038517731033009574,0.039302331432253076,1.0203698498899405,0.0016845899753595722,18.616769624947295,0,coinpaprika
stable_tusd,2026-07-14,20915282.0,16.855990693725534,494327950.0,484484719.0,0.04231053898530318,0.04317015827283502,1.0203169070436668,0.0016929829661748127,24.11569850687245,0,coinpaprika
stable_tusd,2026-07-15,24890483.0,17.02999611971518,494293817.0,484484719.0,0.05035564302840551,0.05137516628259229,1.0202464548732237,0.0016924644402056736,24.22029419373417,0,coinpaprika
stable_tusd,2026-07-16,27057885.0,17.113489054964862,494037157.0,484484719.0,0.054768927026272236,0.055848789319607,1.0197166961627122,0.001693478453258448,21.259466660649153,0,coinpaprika
stable_tusd,2026-07-17,19908293.0,16.806646986784028,494083446.0,484484719.0,0.04029338194018344,0.04109168404958506,1.0198122389077868,0.0016922335334194362,21.03261332238815,0,coinpaprika
stable_tusd,2026-07-18,19427063.0,16.782177703399597,493990630.0,484484719.0,0.039326784396699996,0.040098401947740274,1.0196206621740735,0.0016907694342096216,27.115466317678695,0,coinpaprika
stable_tusd,2026-07-19,15018412.0,16.524787539596772,493659839.0,484484719.0,0.030422592266007686,0.03099873207765713,1.0189378934777094,0.0016902092070236224,41.71163788845633,0,coinpaprika
stable_tusd,2026-07-20,16088484.0,16.59361435667341,493604822.0,484484719.0,0.0325938550089772,0.03320741267796312,1.0188243357165616,0.0016904240800812102,36.59556862154134,0,coinpaprika
stable_tusd,2026-07-21,21758921.0,16.895534438283672,493718889.0,484484719.0,0.0440714776865667,0.044911470159288966,1.0190597755468114,0.0016903850798319674,35.88094211184334,0,coinpaprika
stable_tusd,2026-07-22,21757619.0,16.895474598970136,493747940.0,484484719.0,0.04406624764854715,0.044908782768027816,1.0191197382223318,0.001690618438141674,35.061937576589266,0,coinpaprika
stable_tusd,2026-07-23,23658457.0,16.979231241102394,493772695.0,484484719.0,0.04791365994832906,0.04883220475731867,1.0191708337451195,0.0016925484734898986,30.506609543864414,0,coinpaprika
stable_tusd,2026-07-24,23469005.0,16.97119121499169,493614489.0,484484719.0,0.047545210934843526,0.048441166624287275,1.0188442888742586,0.0016885303991291643,38.68581201480925,0,coinpaprika
stable_tusd,2026-07-25,15236061.0,16.539175675881882,493696879.0,484484719.0,0.030861165318405832,0.03144797018871508,1.0190143458373968,0.0016887131607230131,37.52997644601908,0,coinpaprika
stable_tusd,2026-07-26,18389015.0,16.72726408780799,493512609.0,484484719.0,0.037261489705929685,0.03795582043940585,1.0186340036041468,0.0016893485885826154,44.883700603790544,0,coinpaprika
stable_tusd,2026-07-27,25671085.0,17.060875858146442,493322441.0,484484719.0,0.05203713203875921,0.05298636673822524,1.0182414876123265,0.0016919265122932962,38.195592398565516,0,coinpaprika
stable_tusd,2026-07-28,23731748.0,16.98232432986786,493307777.0,484484719.0,0.048107386719751635,0.048983480942357646,1.018211220403837,0.001698611017223576,42.872282745387565,0,coinpaprika
stable_tusd,2026-07-29,27872157.0,17.143138827389826,493238490.0,484484719.0,0.056508479295685136,0.05752948629118682,1.0180682086693429,0.0016996819369887255,42.855159029795416,0,coinpaprika
stable_tusd,2026-07-30,22552637.0,16.931362601549747,493211425.0,484484719.0,0.045726104175303726,0.04654973854810063,1.0180123451943177,0.0017016067651524534,47.58292924463725,0,coinpaprika
stable_tusd,2026-07-31,21031751.0,16.86154385376661,493195151.0,484484719.0,0.042643872222498796,0.043410555947792445,1.017978754867602,0.0017061383310922585,50.4021758229678,1,coinpaprika
stable_tusd,2026-08-01,20126650.0,16.81755541517111,493266135.0,484484719.0,0.040802821381605694,0.041542383507043076,1.018125269292549,0.0017061563824622046,48.83689741397856,0,coinpaprika
stable_tusd,2026-08-02,19729248.0,16.79761281341221,493297975.0,484484719.0,0.039994585422735617,0.04072212647020555,1.0181909885995806,0.0017064520133851224,48.1829837742509,0,coinpaprika
stable_tusd,2026-08-03,16665548.0,16.628854212475687,493332647.0,484484719.0,0.033781563213674766,0.03439850081215874,1.0182625532922123,0.0017072836285941765,46.702832607363746,0,coinpaprika
stable_tusd,2026-08-04,15466265.0,16.554171823020415,493270922.0,484484719.0,0.03135450380348996,0.03192312242979123,1.0181351498931384,0.0017059813402683355,46.712185918746925,0,coinpaprika
stable_tusd,2026-08-05,21032396.0,16.861574521212184,493279017.0,484484719.0,0.042637929599993504,0.04341188725913149,1.0181518583664555,0.0017044050823496997,45.565975488570665,0,coinpaprika
stable_tusd,2026-08-06,14762045.0,16.507569985416207,493217970.0,484484719.0,0.029930063172677993,0.030469578133381747,1.018025854392324,0.0017047466990174078,47.951012962300645,0,coinpaprika
stable_tusd,2026-08-07,13844101.0,16.443369851523002,493293477.0,484484719.0,0.028064634229898806,0.028574897116620927,1.0181817045090333,0.0017042472000238808,45.22028586055215,0,coinpaprika
stable_tusd,2026-08-08,6996012.0,15.760850973323592,493413487.0,484484719.0,0.014178801723755881,0.014440108687927472,1.0184294109800396,0.0017035015280001454,44.345064087969455,0,coinpaprika
stable_tusd,2026-08-09,7537077.0,15.835345131717261,493430211.0,484484719.0,0.01527485920394931,0.015556893137015535,1.0184639301286198,0.0017034605921310564,43.994936178034514,0,coinpaprika
stable_tusd,2026-08-10,16236463.0,16.60277013500017,493539523.0,484484719.0,0.03289799953873198,0.033512848523918046,1.0186895554078352,0.0017030756580577854,39.542425927403535,0,coinpaprika
stable_tusd,2026-08-11,14658846.0,16.50055460194367,493583016.0,484484719.0,0.029698846039710573,0.030256570383182715,1.0187793270730587,0.0017100980078645419,33.82618018057393,0,coinpaprika
stable_tusd,2026-08-12,10462628.0,16.16332032345296,493588581.0,484484719.0,0.021197062498494065,0.021595372546724223,1.0187908135034491,0.0017042914071945367,39.03914528654462,0,coinpaprika
stable_tusd,2026-08-13,8284379.0,15.929882372005178,493716565.0,484484719.0,0.016779625370682064,0.017099360774679048,1.0190549786978937,0.0017046804015797131,42.18477115011776,0,coinpaprika
stable_tusd,2026-08-14,11023287.0,16.21552068379275,494561874.0,484484719.0,0.02228899472343879,0.022752599963839108,1.020799737545489,0.0017050627162154865,28.753695636350997,0,coinpaprika
stable_tusd,2026-08-15,6163200.0,15.63410684339925,494683036.0,484484719.0,0.012458886906321971,0.012721144255532236,1.0210498218004684,0.00170432762770094,18.287123346454326,0,coinpaprika
stable_tusd,2026-08-16,5863126.0,15.584193636977314,494711406.0,484484719.0,0.01185160869325095,0.01210177693963553,1.0211083788589006,0.0017052518068844,18.521115178127268,0,coinpaprika
stable_tusd,2026-08-17,5275599.0,15.478602974933867,494707291.0,484484719.0,0.01066408176304804,0.01088909266506711,1.0210998852989623,0.0017051231066224646,17.49774794827408,0,coinpaprika
stable_tusd,2026-08-18,8321213.0,15.934318715614596,494586703.0,484484719.0,0.016824578884806776,0.01717538794035731,1.0208509858078723,0.0017048821091829858,18.289506205083626,0,coinpaprika
stable_tusd,2026-08-19,12135116.0,16.311614038629116,494523835.0,484484719.0,0.02453899112870869,0.025047469041020468,1.0207212232012626,0.001704851392805511,20.386316530489612,0,coinpaprika
stable_tusd,2026-08-20,32379400.0,17.29303300696915,494592677.0,484484719.0,0.06546680026966918,0.0668326548396256,1.020863316434135,0.0017011772324494986,17.793312091668454,0,coinpaprika
stable_tusd,2026-08-21,41079343.0,17.531015974055844,494559921.0,484484719.0,0.08306241823425073,0.08478975990159145,1.0207957064585973,0.001697784941091447,17.78304263755026,0,coinpaprika
stable_usd1,2025-08-25,259101914.0,19.372732036473764,2128331031.0,2426295523.0,0.1217394804784012,0.10678909949091143,0.8771936521435851,0.009222476104505991,0.0,0,coinpaprika
stable_usd1,2025-08-26,275452968.0,19.43392746055063,2128635821.0,2426631063.0,0.1294035199833274,0.1135125038989085,0.8771979611801417,0.009157599709104295,0.40000000000040004,0,coinpaprika
stable_usd1,2025-08-27,275744724.0,19.43498608626849,2128917405.0,2426967762.0,0.1295234485623457,0.11361697024469994,0.8771922883910149,0.0091541920903949,0.0,0,coinpaprika
stable_usd1,2025-08-28,365735458.0,19.7174208404098,2130477042.0,2439273142.0,0.17166834037163026,0.14993624604915196,0.8734065100447042,0.009178811974099001,1.5900000000002024,0,coinpaprika
stable_usd1,2025-08-29,358933588.0,19.698647940482065,2130087345.0,2479873629.0,0.16850651164260122,0.14473866079407388,0.8589499561955299,0.009247014113278032,9.999999999998899,0,coinpaprika
stable_usd1,2025-08-30,276755380.0,19.438644572905098,2130257653.0,2402345379.0,0.1299163880999328,0.11520216136249409,0.8867407957330186,0.0089562346697534,0.0,0,coinpaprika
stable_usd1,2025-08-31,362425064.0,19.70832829364867,2132652500.0,2403850366.0,0.16994098382179,0.15076856243888184,0.8871818854302181,0.008950179827612715,9.999999999998899,0,coinpaprika
stable_usd1,2025-09-01,753671318.0,20.440466914487413,2127334213.0,2462046856.0,0.354279695872122,0.3061157492447008,0.8640510670281086,0.00914229344618379,9.999999999998899,0,coinpaprika
stable_usd1,2025-09-02,898211568.0,20.615916198739818,2126763566.0,2521042940.0,0.42233729332186615,0.3562857076920713,0.8436046575232075,0.009362337118596673,11.020000000000474,0,coinpaprika
stable_usd1,2025-09-03,373524553.0,19.738494300670858,2127516969.0,2491039613.0,0.17556830730030243,0.14994725537509948,0.8540678991603013,0.00928012882861979,2.969999999999917,0,coinpaprika
stable_usd1,2025-09-04,286249358.0,19.472373873528905,2127442588.0,2672626340.0,0.1345509202526127,0.10710414460706093,0.796011981233411,0.00988881823838402,2.2500000000003073,0,coinpaprika
stable_usd1,2025-09-05,324685175.0,19.598366581580617,2126813800.0,2670235503.0,0.15266271781761054,0.1215942094377883,0.7964892226212004,0.009796575234353696,10.919999999999819,0,coinpaprika
stable_usd1,2025-09-06,245848417.0,19.32022571698354,2126824161.0,2661235500.0,0.11559414337497739,0.09238130823070713,0.7991867540471334,0.00982081481374208,9.620000000000184,0,coinpaprika
stable_usd1,2025-09-07,226131533.0,19.236627396784655,2127404862.0,2661235500.0,0.10629454554663888,0.08497238707359796,0.7994049613422036,0.009819923803502568,7.479999999999709,0,coinpaprika
stable_usd1,2025-09-08,253801786.0,19.35206415419692,2126346810.0,2661235498.0,0.11936048475554183,0.09536990852209051,0.7990073826980043,0.009827584447354435,6.739999999999524,0,coinpaprika
stable_usd1,2025-09-09,268232719.0,19.407365519879214,2125751241.0,2645440392.0,0.12618255317297494,0.10139435377608766,0.8035528781629037,0.00976241133797942,9.700000000000264,0,coinpaprika
stable_usd1,2025-09-10,229925300.0,19.25326503587472,2126791625.0,2665038250.0,0.10810899257702315,0.08627467166747044,0.7980341839371349,0.009821269030381575,10.210000000000496,0,coinpaprika
stable_usd1,2025-09-11,242810042.0,19.307789979556127,2126984107.0,2661936641.0,0.1141569611173404,0.09121556022790402,0.7990363385211767,0.00980636030788051,7.359999999999589,0,coinpaprika
stable_usd1,2025-09-12,227162408.0,19.241175777777286,2126885623.0,2662938657.0,0.10680518291321395,0.08530515992280328,0.7986986922921071,0.009792722539569872,1.5299999999995872,0,coinpaprika
stable_usd1,2025-09-13,217529740.0,19.197846139374803,2126060496.0,2662933626.0,0.10231587502296548,0.08168800674418311,0.7983903448594629,0.009746633448542348,1.9700000000000273,0,coinpaprika
stable_usd1,2025-09-14,198278356.0,19.105182444820464,2126412381.0,2662933287.0,0.09324548604572859,0.07445862687133852,0.7985225883730522,0.00972476496880362,0.7100000000004325,0,coinpaprika
stable_usd1,2025-09-15,214901464.0,19.185690178713745,2127844261.0,2662937331.0,0.1009949214511616,0.08070090929225852,0.7990590827013345,0.009717634378651148,4.410000000000247,0,coinpaprika
stable_usd1,2025-09-16,228021802.0,19.24495180953971,2128474517.0,2662937433.0,0.10712921398814192,0.08562792320025192,0.7992957290784383,0.009707601644664055,3.109999999999502,0,coinpaprika
stable_usd1,2025-09-17,197630175.0,19.101908044169274,2128312636.0,2664935673.0,0.09285768061379869,0.07415945420458185,0.7986356509701763,0.009685953704777123,0.0,0,coinpaprika
stable_usd1,2025-09-18,267022745.0,19.40284440374721,2127769510.0,2659928093.0,0.1254942059020293,0.10038720433936181,0.7999349740316457,0.009662133262783154,0.0,0,coinpaprika
stable_usd1,2025-09-19,236130130.0,19.279893613565736,2128451269.0,2655427596.0,0.1109398807664222,0.08892358065258278,0.8015474691180395,0.009600312881399483,0.40000000000040004,0,coinpaprika
stable_usd1,2025-09-20,216015770.0,19.190861976871943,2129779721.0,2657948837.0,0.10142634370589915,0.08127160575589364,0.8012869515591808,0.00958519274694871,9.999999999998899,0,coinpaprika
stable_usd1,2025-09-21,219945542.0,19.208890541857397,2129989401.0,2657153635.0,0.10326133167457954,0.0827748682284982,0.80160566289574,0.00957686464237771,9.999999999998899,0,coinpaprika
stable_usd1,2025-09-22,345973612.0,19.661873067108047,2131309590.0,2657167069.0,0.16232912084818235,0.13020393637883068,0.8020984509649589,0.00958385776459128,9.999999999998899,0,coinpaprika
stable_usd1,2025-09-23,481951491.0,19.993354027946282,2130087631.0,2687581863.0,0.22625899704123487,0.17932532498266826,0.792566604323747,0.009659974917786517,9.999999999998899,0,coinpaprika
stable_usd1,2025-09-24,284772781.0,19.46720216411488,2129370288.0,2702081176.0,0.13373567885530674,0.10539016500664894,0.7880482299766408,0.009693491992470486,0.0,0,coinpaprika
stable_usd1,2025-09-25,238027066.0,19.287894952060093,2129673419.0,2701980547.0,0.11176693284351877,0.08809355280676638,0.7881897674520897,0.009667598979694115,9.999999999998899,0,coinpaprika
stable_usd1,2025-09-26,373513799.0,19.738465509645756,2128191207.0,2698176209.0,0.1755076319136394,0.13843195183254245,0.78875175012708,0.009657031104402088,5.889999999999507,0,coinpaprika
stable_usd1,2025-09-27,231909975.0,19.261859819842964,2128341930.0,2692396050.0,0.10896274312464445,0.08613516388125736,0.7905010594559445,0.009605328322339226,5.680000000000129,0,coinpaprika
stable_usd1,2025-09-28,173622236.0,18.972392445305246,2129684645.0,2692396036.0,0.08152485693486324,0.06448614307794948,0.7909997699164641,0.00959961110318847,7.270000000000332,0,coinpaprika
stable_usd1,2025-09-29,180799505.0,19.012899273617734,2128826510.0,2692396036.0,0.08492918711351448,0.06715189837695928,0.7906810445177761,0.00959583297273717,2.1599999999999397,0,coinpaprika
stable_usd1,2025-09-30,233440946.0,19.268439699447452,2128009789.0,2687396025.0,0.10969918804259786,0.08686510801845813,0.7918482312259876,0.009578243930869222,0.0,0,coinpaprika
stable_usd1,2025-10-01,282545927.0,19.459351672327713,2127893557.0,2687396004.0,0.1327819834176038,0.10513743660385379,0.7918049866237726,0.009544245121570706,7.110000000000172,0,coinpaprika
stable_usd1,2025-10-02,309729594.0,19.55121020059741,2128146819.0,2683396003.0,0.14553957989869307,0.11542448213149552,0.7930796709172858,0.009507785990758627,1.56000000000045,0,coinpaprika
stable_usd1,2025-10-03,316643836.0,19.573288157607667,2128336634.0,2683395996.0,0.14877525995730242,0.11800115840971837,0.793150409843572,0.009466992724855365,0.17594506662832465,0,coinpaprika
stable_usd1,2025-10-04,264697142.0,19.39409687378812,2128201314.0,2683395993.0,0.12437598842681666,0.09864259419425912,0.7930999820942194,0.009417119655585993,1.7474746022938525,0,coinpaprika
stable_usd1,2025-10-05,177688770.0,18.995544100357296,2127342613.0,2683395980.0,0.08352616495065715,0.06621787143021657,0.7927799806124775,0.00940698504459864,1.293231022198027,0,coinpaprika
stable_usd1,2025-10-06,195066108.0,19.08884907958637,2127434648.0,2683395969.0,0.09169076388944851,0.07269374712249185,0.7928142818194716,0.009416359379661286,2.725498290886419,0,coinpaprika
stable_usd1,2025-10-07,231780357.0,19.261300748437453,2127911746.0,2677590312.0,0.10892385806680913,0.08656303989495462,0.7947114748897404,0.009374117892765427,1.608957786780607,0,coinpaprika
stable_usd1,2025-10-08,255620371.0,19.35920397995197,2127807457.0,2649851472.0,0.12013322453545663,0.09646592410972686,0.8029912164827931,0.009252910692620039,5.804855195499226,0,coinpaprika
stable_usd1,2025-10-09,237478895.0,19.285589318543412,2127819441.0,2643293681.0,0.11160669482763692,0.0898420393870718,0.8049879044068278,0.009230410063920882,2.4610419004622575,0,coinpaprika
stable_usd1,2025-10-10,265233916.0,19.39612270025534,2128634467.0,2668137379.0,0.12460284755879601,0.09940789334446036,0.7977979259065731,0.009324511761746007,1.2681934737723832,0,coinpaprika
stable_usd1,2025-10-11,790138202.0,20.487718428631364,2128961540.0,2651662364.0,0.3711378468584266,0.29797843523641004,0.8028780620427436,0.009244060360623913,0.642958911821756,0,coinpaprika
stable_usd1,2025-10-12,294775139.0,19.50172338636541,2128792909.0,2751562359.0,0.13847055660217816,0.10713009575662683,0.773666968526807,0.00960210240656124,1.9496737147284282,0,coinpaprika
stable_usd1,2025-10-13,318408537.0,19.57884582690161,2128194344.0,2751562356.0,0.14961440805332768,0.11571917907136828,0.7734494329591708,0.009598666157666507,0.6551228355466954,0,coinpaprika
stable_usd1,2025-10-14,282237431.0,19.458259232101852,2128735417.0,2726562256.0,0.13258455172308528,0.10351402407148998,0.7807397070488897,0.009499358968375005,1.4999071358967608,0,coinpaprika
stable_usd1,2025-10-15,247365517.0,19.326377630682437,2128813235.0,2730066296.0,0.11619878763108123,0.09060787914287338,0.7797661317305974,0.009485552900627593,1.0900208630870711,0,coinpaprika
stable_usd1,2025-10-16,216330152.0,19.19231628481361,2128810243.0,2730066292.0,0.10162021378436217,0.07923988975429612,0.7797650369290007,0.00945638591545858,1.6090377293853653,0,coinpaprika
stable_usd1,2025-10-17,258693937.0,19.37115621433436,2128659219.0,2730066284.0,0.1215290520394002,0.09475738318740395,0.7797097204105833,0.009458511587467359,3.5794009779499536,0,coinpaprika
stable_usd1,2025-10-18,204185282.0,19.134538389599033,2129335971.0,2730066221.0,0.095891528993477,0.07479132939317812,0.7799576268959668,0.009451829052859332,0.7050940916775161,0,coinpaprika
stable_usd1,2025-10-19,148317501.0,18.81486581767667,2130270649.0,2730066212.0,0.06962378281352362,0.05432743731564852,0.7802999940574336,0.009453260274411863,2.4456602713396336,0,coinpaprika
stable_usd1,2025-10-20,169024971.0,18.945557025285034,2129090041.0,2730066208.0,0.07938836204438382,0.06191240729060004,0.779867548545548,0.009443438626187468,5.343119680585318,0,coinpaprika
stable_usd1,2025-10-21,174229796.0,18.975885658271853,2128679095.0,2730066203.0,0.08184878425745051,0.06381889047545562,0.779717023953796,0.00944574010918045,3.120119548017941,0,coinpaprika
stable_usd1,2025-10-22,188729960.0,19.055827773569888,2128399498.0,2710066192.0,0.08867224418035453,0.06964035068852666,0.7853680859467361,0.009338641113078779,1.02248466456345,0,coinpaprika
stable_usd1,2025-10-23,171945463.0,18.96268791473304,2129244103.0,2673551069.0,0.08075422764244707,0.06431351358637541,0.7964104848000567,0.009231658502539089,1.0249331288814112,0,coinpaprika
stable_usd1,2025-10-24,165079715.0,18.921939042469177,2129159806.0,2673551060.0,0.07753279699100238,0.06174548804016483,0.7963789575053039,0.009232730143806604,2.0075459128854334,0,coinpaprika
stable_usd1,2025-10-25,121199721.0,18.612950337867485,2129033355.0,2976715114.0,0.05692711235141734,0.040715928921104004,0.7152291279023619,0.010263988132007993,0.9897206756237509,0,coinpaprika
stable_usd1,2025-10-26,115829177.0,18.56762706027625,2129397128.0,2976715103.0,0.05439529126668382,0.03891174431952348,0.7153513367315354,0.010270546793373166,3.2070907718706465,0,coinpaprika
stable_usd1,2025-10-27,212640043.0,19.175111359851687,2130012656.0,2976715087.0,0.09983041293253236,0.0714344627501127,0.7155581215354656,0.010275213934556965,3.651004059936902,0,coinpaprika
stable_usd1,2025-10-28,283706539.0,19.463450952033643,2130102545.0,2982715074.0,0.13318914606526608,0.09511687571938693,0.7141488516847855,0.010309366115261577,8.19627138608059,0,coinpaprika
stable_usd1,2025-10-29,228891971.0,19.248760712223877,2129766117.0,2984715171.0,0.1074728202185968,0.07668804488413276,0.7135575741676022,0.010307758153583209,0.7606442130536628,0,coinpaprika
stable_usd1,2025-10-30,246270219.0,19.32193994632062,2129451978.0,2972159958.0,0.11564957629676118,0.08285900573323046,0.7164661418266776,0.010282120302620263,2.564526726416272,0,coinpaprika
stable_usd1,2025-10-31,242770727.0,19.307628049749866,2128113049.0,2981585750.0,0.11407792791556723,0.08142335902967071,0.7137520861172616,0.010320892311811226,1.5523076767098853,0,coinpaprika
stable_usd1,2025-11-01,193723670.0,19.081943325350725,2127638465.0,2984884630.0,0.09105102825822431,0.06490156036617067,0.7128042550173874,0.01033997340981332,6.909729427079236,0,coinpaprika
stable_usd1,2025-11-02,158616885.0,18.882002330602255,2127614091.0,2984884628.0,0.07455152965519629,0.05314003881827757,0.712796089685246,0.0103358756034277,11.16534450838813,0,coinpaprika
stable_usd1,2025-11-03,230140083.0,19.254198742354742,2127990903.0,2984884624.0,0.10814899757116114,0.07710183541084166,0.7129223306957542,0.0103376750853509,6.718342700796631,0,coinpaprika
stable_usd1,2025-11-04,318094859.0,19.57786019814808,2127582661.0,2992285226.0,0.14950998841590954,0.10630499266449274,0.7110226800952698,0.010365527468806965,11.120928005338149,0,coinpaprika
stable_usd1,2025-11-05,370474093.0,19.73029407852838,2127403783.0,2972828492.0,0.17414375961932752,0.12462006940425946,0.7156160500765276,0.010328854008226432,9.535687908915902,0,coinpaprika
stable_usd1,2025-11-06,235652581.0,19.277869168201633,2127040883.0,2965826290.0,0.11078892882756124,0.07945596200106514,0.7171832315910855,0.010298880715373512,9.639792120292867,0,coinpaprika
stable_usd1,2025-11-07,246127454.0,19.321360069480217,2126957117.0,2945206796.0,0.11571810829320073,0.08356881911799038,0.722175814577334,0.010233778970361786,10.736473693707671,0,coinpaprika
stable_usd1,2025-11-08,240719533.0,19.2991430544251,2127776647.0,2878192895.0,0.1131319555270972,0.08363564979198519,0.7392752065701976,0.009982671686099327,9.352870885122044,0,coinpaprika
stable_usd1,2025-11-09,170681450.0,18.9553095175369,2127952674.0,2871192890.0,0.08020923213445488,0.05944618022511194,0.7411388769495038,0.009974799420560069,5.805090957466952,0,coinpaprika
stable_usd1,2025-11-10,184886500.0,19.035252686661384,2127752587.0,2871192860.0,0.08689285640144777,0.06439361931263649,0.7410691969330128,0.009976138735044734,7.2249362488263635,0,coinpaprika
stable_usd1,2025-11-11,165281646.0,18.923161528193987,2127773509.0,2851717609.0,0.07767821401145192,0.05795863008257632,0.7461375215711269,0.00989284730769674,11.46566340974764,0,coinpaprika
stable_usd1,2025-11-12,164469370.0,18.91823491630447,2127505825.0,2872717899.0,0.07730619021924418,0.057252182700310454,0.7405898872773375,0.009964029811436393,6.283660219100762,0,coinpaprika
stable_usd1,2025-11-13,188580689.0,19.055036536919705,2127193412.0,2870079528.0,0.088652347236585,0.06570573643003247,0.7411618358472191,0.009931103378807394,7.776035667869108,0,coinpaprika
stable_usd1,2025-11-14,320991851.0,19.586926297594562,2126832770.0,2873423878.0,0.15092481906793265,0.1117105810450149,0.7401736953200053,0.009960363299692554,11.238204220002102,0,coinpaprika
stable_usd1,2025-11-15,396384910.0,19.797896294609842,2126915320.0,2849973238.0,0.1863660984867042,0.13908373058203433,0.7462930850159794,0.009900913602839047,17.482386393401494,0,coinpaprika
stable_usd1,2025-11-16,165508824.0,18.924535074622597,2128282964.0,2829687157.0,0.07776636227399694,0.058490149199203506,0.7521265941837825,0.009835980952109118,11.134325097859055,0,coinpaprika
stable_usd1,2025-11-17,219626359.0,19.207438296825725,2127497715.0,2829687154.0,0.10323224201441739,0.07761506733687494,0.7518490911592837,0.009840063280454052,11.667400002554063,0,coinpaprika
stable_usd1,2025-11-18,337911833.0,19.638295573267172,2127436727.0,2824687149.0,0.15883519764016935,0.11962805619717144,0.7531583551662202,0.009826475229694404,12.8453950397589,0,coinpaprika
stable_usd1,2025-11-19,220781107.0,19.21268230711241,2127216946.0,2789020652.0,0.10378871201414357,0.07916080034820767,0.7627110772645509,0.009704899300590332,8.590873307730007,0,coinpaprika
stable_usd1,2025-11-20,237798859.0,19.286935748264973,2126728987.0,2788668676.0,0.1118143686636082,0.08527325639168186,0.7626323647922669,0.009718986109731423,13.65845480638006,0,coinpaprika
stable_usd1,2025-11-21,290430378.0,19.48687444632512,2127229399.0,2753509139.0,0.13652988160869245,0.10547645325973984,0.772552147683284,0.009597102425177483,15.041004380718093,0,coinpaprika
stable_usd1,2025-11-22,205693872.0,19.141899568083314,2126964631.0,2732044685.0,0.09670770684291646,0.07528935127940632,0.7785248325834027,0.009533899896704908,7.744945168519646,0,coinpaprika
stable_usd1,2025-11-23,178995625.0,19.00287192775228,2127185128.0,2732044679.0,0.08414670761086668,0.06551709288499524,0.7786055419776684,0.009528334301350172,14.193872901523408,0,coinpaprika
stable_usd1,2025-11-24,181522728.0,19.016891432478864,2127038114.0,2725044658.0,0.08534060899296138,0.06661275347069927,0.7805516536235789,0.009511551129867655,11.050811153527906,0,coinpaprika
stable_usd1,2025-11-25,173602896.0,18.972281047839303,2126846354.0,2713321414.0,0.08162455913822912,0.0639816923657685,0.7838534509866953,0.009436188988854656,11.04171982316271,0,coinpaprika
stable_usd1,2025-11-26,180424241.0,19.010821535722155,2127076760.0,2730099808.0,0.08482262812179849,0.06608704944460404,0.7791205119193942,0.009475979579260487,13.447134487876156,0,coinpaprika
stable_usd1,2025-11-27,191957914.0,19.07278671325749,2127178092.0,2746036504.0,0.09024064074462083,0.0699036279089464,0.7746357664588424,0.009500423050567228,9.731368048147004,0,coinpaprika
stable_usd1,2025-11-28,157652660.0,18.875904822975595,2127811711.0,2756912241.0,0.07409145235219546,0.05718450433620458,0.7718097367612218,0.009529170442334565,10.366417876420675,0,coinpaprika
stable_usd1,2025-11-29,135239866.0,18.722560552366623,2128364164.0,2758949352.0,0.06354169473791234,0.04901861134274276,0.771440099999342,0.009519224522556947,6.632520595853952,0,coinpaprika
stable_usd1,2025-11-30,127090487.0,18.660409894649447,2128357020.0,2758949351.0,0.05971295501917249,0.046064813387725,0.7714375108874553,0.00951840848491008,5.501800653406885,0,coinpaprika
stable_usd1,2025-12-01,192677577.0,19.076528769582936,2128151120.0,2759009187.0,0.09053754462699999,0.06983578666858567,0.7713461520996377,0.009523147102122426,6.730453774701495,0,coinpaprika
stable_usd1,2025-12-02,209065306.0,19.15815723480356,2127960302.0,2752788800.0,0.09824680742563965,0.07594672936768705,0.7730198197551515,0.009473463362249955,5.647269009162459,0,coinpaprika
stable_usd1,2025-12-03,166449740.0,18.93020396596127,2127194682.0,2756013285.0,0.07824847504954414,0.06039511525794405,0.7718376009207082,0.009469975100293947,5.910882337485379,0,coinpaprika
stable_usd1,2025-12-04,150400255.0,18.828810671606224,2127064169.0,2756763385.0,0.07070790679093988,0.05455682407070275,0.771580245360811,0.009448361766648344,7.111559055110739,0,coinpaprika
stable_usd1,2025-12-05,123846809.0,18.634555956603858,2127281406.0,2764911243.0,0.05821834791141873,0.04479232717272436,0.7693850612332296,0.009466991008098285,8.272621853006035,0,coinpaprika
stable_usd1,2025-12-06,118185697.0,18.587767657307435,2127271656.0,2767910743.0,0.05555740690976423,0.04269852172758448,0.7685477797215227,0.009468714781631953,9.590646094864708,0,coinpaprika
stable_usd1,2025-12-07,89768458.0,18.31274423549441,2127764436.0,2767910739.0,0.04218909597378006,0.03243184714563153,0.7687258140299444,0.00947228617998655,9.131215065102394,0,coinpaprika
stable_usd1,2025-12-08,115664063.0,18.56620054754894,2127069478.0,2767905847.0,0.05437719087049022,0.041787571324133986,0.7684760954948768,0.009471992305852247,10.708294373962257,0,coinpaprika
stable_usd1,2025-12-09,132825453.0,18.704546448326685,2126752473.0,2768217925.0,0.06245458965548362,0.04798229640825695,0.7682749446108005,0.009459948902892295,11.793707078618931,0,coinpaprika
stable_usd1,2025-12-10,159911158.0,18.890128962736263,2126882217.0,2771216678.0,0.07518571396283388,0.05770431423478897,0.7674904073307544,0.009454023005832571,11.199237794325967,0,coinpaprika
stable_usd1,2025-12-11,216503561.0,19.193117557927366,2127018504.0,2781674894.0,0.10178734251387594,0.0778320865126951,0.764653881223835,0.009494844737223907,8.182524893123322,0,coinpaprika
stable_usd1,2025-12-12,193634339.0,19.08148209311054,2126967119.0,2781895573.0,0.09103776794210047,0.06960517888569931,0.764574752425475,0.009468224072607154,8.370552848473434,0,coinpaprika
stable_usd1,2025-12-13,130464653.0,18.68661289746567,2127303602.0,2785403063.0,0.06132864762572804,0.04683869804447041,0.7637327718412149,0.009481764846518675,8.371334990207036,0,coinpaprika
stable_usd1,2025-12-14,113191039.0,18.544587568657214,2127769803.0,2785402841.0,0.05319703232953532,0.04063722393539412,0.7639002056291793,0.009483216110008652,7.4093535856556425,0,coinpaprika
stable_usd1,2025-12-15,285286544.0,19.46900465418834,2127298452.0,2785402845.0,0.13410743740812914,0.10242200495777838,0.7637309826902255,0.009485859553660596,4.102976997510943,0,coinpaprika
stable_usd1,2025-12-16,378510711.0,19.75175493163021,2126932961.0,2787692728.0,0.17796080926877883,0.13577920808781477,0.7629725254999481,0.009497827261673055,7.375199879268157,0,coinpaprika
stable_usd1,2025-12-17,226854678.0,19.239820189825828,2127313050.0,2787723493.0,0.10663906659153903,0.08137631962769415,0.7631004492883542,0.009500372665422325,9.286777300302473,0,coinpaprika
stable_usd1,2025-12-18,247851371.0,19.32833981802175,2127099379.0,2789106586.0,0.1165208233554752,0.08886407290567418,0.7626454254839296,0.009502395455510208,9.750254711723416,0,coinpaprika
stable_usd1,2025-12-19,468206060.0,19.964419058259807,2126951498.0,2788038457.0,0.22013010660575016,0.16793386003140057,0.7628845623200814,0.009520402769860445,9.579219606574707,0,coinpaprika
stable_usd1,2025-12-20,276259543.0,19.436851358615744,2127146162.0,2791264953.0,0.1298733241444271,0.09897288421261527,0.7620724645697939,0.009532441310590353,8.370594069446735,0,coinpaprika
stable_usd1,2025-12-21,134146957.0,18.71444645846997,2127561129.0,2785870555.0,0.06305198716572341,0.04815261669614797,0.7636970516026004,0.009501724592666969,10.105561852969958,0,coinpaprika
stable_usd1,2025-12-22,188494240.0,19.054578012661487,2126619750.0,2785517176.0,0.0886356105740107,0.06766938707973703,0.7634559816478403,0.009501884361359196,9.429909840562578,0,coinpaprika
stable_usd1,2025-12-23,213055527.0,19.177063384534385,2126480426.0,2784889312.0,0.10019162386590433,0.07650412750049004,0.7635780771742213,0.009496686108965873,12.076598622575707,0,coinpaprika
stable_usd1,2025-12-24,1216206847.0,20.919002711287284,2129653580.0,2796358364.0,0.5710820099670858,0.43492524515359293,0.7615810646506965,0.009544430709360825,11.602779306134625,0,coinpaprika
stable_usd1,2025-12-25,1045858366.0,20.768103789023435,2130945624.0,3007473230.0,0.4907954263219623,0.34775317551205603,0.7085501552411159,0.010281148753019997,1.25780020174604,0,coinpaprika
stable_usd1,2025-12-26,678836504.0,20.335890868605485,2129859323.0,3148761131.0,0.3187236343120677,0.21558844121796295,0.6764118440205682,0.010762301555132628,10.387194151959545,0,coinpaprika
stable_usd1,2025-12-27,555988193.0,20.136257618176465,2130218590.0,3216231301.0,0.26100053563047726,0.17286946769877232,0.6623337660253683,0.010997328861698179,2.747151351050192,0,coinpaprika
stable_usd1,2025-12-28,385614670.0,19.770349167176057,2130351235.0,3247975344.0,0.1810099028106978,0.1187246297027309,0.6559012952285515,0.011110033086254408,4.140941659758202,0,coinpaprika
stable_usd1,2025-12-29,525063657.0,20.07903006653864,2128852405.0,3294068597.0,0.24664164399880037,0.15939669789457028,0.6462683888668272,0.011269388225173661,0.6811252342742158,0,coinpaprika
stable_usd1,2025-12-30,798453398.0,20.498187163240022,2127940939.0,3345671076.0,0.3752234770083532,0.23865268876180462,0.6360281362578274,0.01144587187300779,0.8411418134079973,0,coinpaprika
stable_usd1,2025-12-31,1406783124.0,21.064571463183654,2127293029.0,3359212969.0,0.6613019949871701,0.41878354751017277,0.6332712598550342,0.011499063608972737,4.988088855848449,0,coinpaprika
stable_usd1,2026-01-01,1233483102.0,20.933107795420728,2127822798.0,3361384470.0,0.579692586788423,0.36695686346167955,0.633019762241003,0.011540951343368128,5.911247586002366,0,coinpaprika
stable_usd1,2026-01-02,739655989.0,20.421695757694657,2128624336.0,3361881929.0,0.34748075387972077,0.2200124824788277,0.6331645134941323,0.011555217435140938,0.741911236874504,0,coinpaprika
stable_usd1,2026-01-03,715089165.0,20.38791780057523,2129470134.0,3367435745.0,0.33580614894878824,0.21235421227020324,0.6323714230217629,0.011543761101621319,4.442847030883268,0,coinpaprika
stable_usd1,2026-01-04,461294876.0,19.94954804289517,2129774912.0,3381441109.0,0.21659325283666409,0.1364196096073427,0.6298423788400214,0.011591556460459196,4.68410951059095,0,coinpaprika
stable_usd1,2026-01-05,727380785.0,20.40496067554085,2129370523.0,3387840901.0,0.3415942773431545,0.21470334831405355,0.6285332119260579,0.011608221651220461,4.356622520345077,0,coinpaprika
stable_usd1,2026-01-06,1640404712.0,21.218208824557788,2128572444.0,3412229559.0,0.7706595641712629,0.48074277642701824,0.623806929514967,0.011669542081637702,6.600909170955127,0,coinpaprika
stable_usd1,2026-01-07,3419927835.0,21.95288528721351,2127557181.0,3438464528.0,1.6074434405530555,0.9946090201457504,0.6187521097498435,0.011771860872198383,0.9413733967900129,0,coinpaprika
stable_usd1,2026-01-08,1687451073.0,21.246484987105465,2127381124.0,3465527008.0,0.7932058125189984,0.4869248080031122,0.6138694400848831,0.011877899817563204,2.9859857645275767,0,coinpaprika
stable_usd1,2026-01-09,654741797.0,20.299751514354963,2127574040.0,3478294771.0,0.30774101614813837,0.18823643196052747,0.6116715747436001,0.011948680674328272,2.65603802532155,0,coinpaprika
stable_usd1,2026-01-10,451489042.0,19.92806166253127,2128043477.0,3484260783.0,0.2121615685392315,0.12957957802781378,0.6107589556392857,0.011957684856673053,7.210236644927814,0,coinpaprika
stable_usd1,2026-01-11,289520861.0,19.483737914557135,2129008458.0,3484610845.0,0.13598859126749416,0.08308556503961635,0.6109745256216695,0.011953548531468133,3.399942487912755,0,coinpaprika
stable_usd1,2026-01-12,476480821.0,19.981938032609538,2127741974.0,3484540771.0,0.2239373132749977,0.1367413533988465,0.6106233543622382,0.011956346061359908,5.03066709772404,0,coinpaprika
stable_usd1,2026-01-13,701199460.0,20.3683029423288,2126821786.0,3494403805.0,0.3296935665299791,0.20066354638141198,0.6086365241924294,0.01201801122963182,7.923470137075617,0,coinpaprika
stable_usd1,2026-01-14,797370469.0,20.496829959369013,2126521300.0,3507918261.0,0.3749647224318891,0.2273058861903738,0.6062060577756433,0.012031526242788967,3.9797302427646564,0,coinpaprika
stable_usd1,2026-01-15,705259117.0,20.374075836511476,2126445297.0,3517643397.0,0.3316610674137647,0.2004919309334982,0.6045084896364212,0.012027742422351315,5.640792448374787,0,coinpaprika
stable_usd1,2026-01-16,684084816.0,20.343592469361266,2125677200.0,3514475895.0,0.32181970809114385,0.19464774732791273,0.6048347644165589,0.011980147293845623,10.93281251052347,0,coinpaprika
stable_usd1,2026-01-17,576375668.0,20.172270209193137,2125895910.0,3511067194.0,0.2711213024536088,0.16415968027754013,0.6054842566479234,0.011946839545311175,11.376025006198942,0,coinpaprika
stable_usd1,2026-01-18,576253234.0,20.172057766142238,2126225271.0,3494421262.0,0.27102172185592466,0.16490662996658473,0.6084627786928799,0.011887420347760896,11.849883688982432,0,coinpaprika
stable_usd1,2026-01-19,1023518455.0,20.746511995145344,2126672549.0,3493952797.0,0.48127693917019665,0.29293997786084003,0.6086723755472647,0.011883327868603712,12.738094170703373,0,coinpaprika
stable_usd1,2026-01-20,1330709109.0,21.008977802511428,2126226324.0,3451970071.0,0.6258548744221079,0.38549265539098587,0.6159457585865031,0.011742210283163076,11.376999817119815,0,coinpaprika
stable_usd1,2026-01-21,2555857948.0,21.661653796408718,2126458049.0,3389149782.0,1.2019319869498164,0.7541295346621538,0.6274311216027572,0.011610939581032856,15.989491750153517,0,coinpaprika
stable_usd1,2026-01-22,1588238131.0,21.185891145707743,2126418225.0,3266774090.0,0.7469076930997429,0.4861793583651204,0.6509229491899148,0.011216772988731248,8.391202811047771,0,coinpaprika
stable_usd1,2026-01-23,2591138016.0,21.675363004957955,2130341866.0,3170553486.0,1.2163015041643086,0.8172510028427258,0.6719148172099312,0.010908779396916347,12.373734250398227,0,coinpaprika
stable_usd1,2026-01-24,2680868916.0,21.709406801681528,2129027719.0,4292271378.0,1.2591986905925296,0.6245804796362062,0.4960142385013942,0.014749904731140523,6.7565882107034625,0,coinpaprika
stable_usd1,2026-01-25,1030550593.0,20.75335905364466,2128928112.0,4724636372.0,0.48407016995602525,0.21812273196460927,0.4506014737169703,0.01623450100245097,2.032845469833733,0,coinpaprika
stable_usd1,2026-01-26,1299897768.0,20.985551459090907,2127751158.0,4936085834.0,0.6109256541173035,0.2633458597997305,0.43106040485437797,0.016960663441469598,5.6116367931968725,0,coinpaprika
stable_usd1,2026-01-27,850848924.0,20.56174514433848,2128486999.0,4964515478.0,0.3997435382033076,0.17138609553550474,0.42874012749729207,0.017098376995543698,5.984534268274055,0,coinpaprika
stable_usd1,2026-01-28,749742457.0,20.43524031618968,2128196105.0,4975606711.0,0.3522901180199275,0.1506836252436271,0.42772594953998566,0.01717116859030242,0.041887009920582585,0,coinpaprika
stable_usd1,2026-01-29,1066333663.0,20.787492119342538,2127841212.0,5060513919.0,0.5011340399774153,0.2107164766401268,0.42047927267048785,0.01748241368798449,8.037008025557624,0,coinpaprika
stable_usd1,2026-01-30,1332788673.0,21.010539331441585,2127312015.0,5074414101.0,0.6265130190598769,0.2626487800310486,0.419223179791491,0.017616569173944944,7.013674109651591,0,coinpaprika
stable_usd1,2026-01-31,1283852725.0,20.973131336258756,2127105015.0,5069092847.0,0.6035680965192026,0.2532707061698055,0.4196224214474326,0.017637854424060743,7.8682932414109175,0,coinpaprika
stable_usd1,2026-02-01,1595475519.0,21.190437660412247,2126474647.0,5075504879.0,0.7502913431161167,0.31434814014292667,0.4189681022272937,0.017673482855346628,11.964247094689018,0,coinpaprika
stable_usd1,2026-02-02,1704798434.0,21.256712720752013,2128329594.0,5016212324.0,0.8010030207755501,0.33985771013786936,0.4242901728495494,0.017456504457688378,9.655717267359476,0,coinpaprika
stable_usd1,2026-02-03,1399205663.0,21.05917052968792,2128871193.0,5027298895.0,0.6572523822017822,0.27832155840019934,0.42346222841799025,0.0174783176923847,1.8132849294394404,0,coinpaprika
stable_usd1,2026-02-04,1574217807.0,21.177024356021292,2128511229.0,5135335512.0,0.7395863294268766,0.3065462428543267,0.4144833816653653,0.017836218985032654,1.2051108643573727,0,coinpaprika
stable_usd1,2026-02-05,2076778771.0,21.4540838629272,2127818070.0,5158593179.0,0.9760133163076297,0.402586267018363,0.4124803015407546,0.017892025282816814,3.870313008210724,0,coinpaprika
stable_usd1,2026-02-06,2962701247.0,21.809367272914745,2128341563.0,5189742130.0,1.3920233944141607,0.5708763889970001,0.4101054560489309,0.018047611481736225,7.1261019170199,0,coinpaprika
stable_usd1,2026-02-07,1643777621.0,21.220262858007715,2129085515.0,5216026237.0,0.7720580546996019,0.31513982988425676,0.4081815194673071,0.01809490092043974,3.7203255197937324,0,coinpaprika
stable_usd1,2026-02-08,916874820.0,20.636481511633143,2129161736.0,5312417855.0,0.4306271357865507,0.17259087011332244,0.4007895828442885,0.018414124361699705,3.305782472453611,0,coinpaprika
stable_usd1,2026-02-09,950652931.0,20.672659603320657,2128600931.0,5337444089.0,0.4466092808450435,0.17811014319741758,0.39880528873114723,0.0184235751198937,0.9495078777765897,0,coinpaprika
stable_usd1,2026-02-10,1069678371.0,20.790623853319037,2127900287.0,5381848837.0,0.5026919623701334,0.19875667329152819,0.39538462551582065,0.018577254572470992,1.6748893035445356,0,coinpaprika
stable_usd1,2026-02-11,1216665724.0,20.9193799418998,2127533830.0,5388851574.0,0.5718666875440472,0.22577458430477826,0.3948028259425206,0.01859551786833822,3.3301331273138945,0,coinpaprika
stable_usd1,2026-02-12,1287450287.0,20.975929578494597,2127075929.0,5385848372.0,0.6052676679037348,0.23904317353106502,0.3949379525903965,0.018597347084866094,3.367618806948691,0,coinpaprika
stable_usd1,2026-02-13,1110225329.0,20.827828831668942,2127000963.0,5344045563.0,0.5219674783005728,0.2077499744176489,0.39801325380279134,0.018467091310324753,6.446317842758731,0,coinpaprika
stable_usd1,2026-02-14,909682890.0,20.628606625316323,2127405973.0,5302565694.0,0.42760192532372854,0.17155523240934692,0.40120313368436317,0.018309792610795777,5.115968598276011,0,coinpaprika
stable_usd1,2026-02-15,857957013.0,20.570064555964077,2127257354.0,5296585710.0,0.40331604043428776,0.16198303208426698,0.40162804313422507,0.01828484794720427,2.7544875249818634,0,coinpaprika
stable_usd1,2026-02-16,1028990176.0,20.751843747591437,2126866283.0,5296585709.0,0.48380576824443455,0.19427424241460528,0.40155420866427444,0.018277482529515506,5.967924251203405,0,coinpaprika
stable_usd1,2026-02-17,1434369166.0,21.083990984625395,2127730192.0,5239573009.0,0.6741311334458895,0.2737568812451297,0.4060884710157113,0.018076535572213958,10.156950098482165,0,coinpaprika
stable_usd1,2026-02-18,1291067053.0,20.978734887043824,2128279439.0,5149235508.0,0.6066247830720127,0.2507298512554264,0.4133194987281984,0.01777879420065484,2.920021628383118,0,coinpaprika
stable_usd1,2026-02-19,1239631698.0,20.938080155509606,2127809696.0,5143714165.0,0.5825857924843294,0.24099933593413428,0.41367183862558193,0.017753523006452398,0.6711952192428594,0,coinpaprika
stable_usd1,2026-02-20,1191554534.0,20.898524623493422,2127016583.0,5113906777.0,0.5601999267534624,0.23300278748902192,0.41592791494877107,0.017641935878183947,5.17572791652432,0,coinpaprika
stable_usd1,2026-02-21,1160669161.0,20.87226253953583,2127117197.0,5047488222.0,0.5456536022730486,0.22994985029209247,0.4214209332334327,0.01743443894475554,7.759979008813422,0,coinpaprika
stable_usd1,2026-02-22,807070462.0,20.508921537168487,2127328735.0,5038488220.0,0.3793821089903155,0.16018107550522367,0.4222156809964716,0.017406990997811532,8.208281155033248,0,coinpaprika
stable_usd1,2026-02-23,1895916164.0,21.3629680230295,2126839176.0,5038488216.0,0.8914243189584731,0.37628671195050384,0.42211851746444573,0.017348487784616888,11.36871030668618,0,coinpaprika
stable_usd1,2026-02-24,2769115212.0,21.741793688431432,2127580722.0,4760527102.0,1.3015323852892102,0.5816824802523727,0.4469212497721434,0.016390252254740514,12.881177541909095,0,coinpaprika
stable_usd1,2026-02-25,2452991768.0,21.62057424673405,2128209552.0,4687951659.0,1.1526081939134158,0.5232544928851196,0.4539742955570438,0.016131859889020918,0.4232964463657396,0,coinpaprika
stable_usd1,2026-02-26,3178009037.0,21.87952074898389,2128091291.0,4712442157.0,1.4933612342855078,0.6743868531689651,0.451589901817441,0.016181780294939937,1.693514751823777,0,coinpaprika
stable_usd1,2026-02-27,2534432161.0,21.653235449686942,2128481348.0,4712462166.0,1.1907232184023817,0.5378148559548562,0.4516707557583816,0.016194034720831616,1.3061380377510368,0,coinpaprika
stable_usd1,2026-02-28,1266398729.0,20.95944306368787,2127963766.0,4718936400.0,0.5951223179802959,0.2683652886273271,0.4509413956077052,0.016211919746152825,2.3719027530211267,0,coinpaprika
stable_usd1,2026-03-01,1453676541.0,21.097361730511867,2127354161.0,4714926555.0,0.6833260618517201,0.308313719003413,0.4511956095570613,0.01618767122926855,3.910148444387085,0,coinpaprika
stable_usd1,2026-03-02,1469032798.0,21.107870061322526,2127510229.0,4689946564.0,0.6904938824620805,0.3132301782020901,0.45363208300298236,0.016112162707582842,6.024411929647089,0,coinpaprika
stable_usd1,2026-03-03,1793834886.0,21.30762156011554,2126955790.0,4659946636.0,0.8433813690128463,0.3849475168110058,0.4564335079651758,0.01596601038378782,1.2912824741206919,0,coinpaprika
stable_usd1,2026-03-04,1884226447.0,21.356783201206788,2126596637.0,4641946633.0,0.8860290730347844,0.4059129921065596,0.4581260417519324,0.015904830422209772,7.154116816676659,0,coinpaprika
stable_usd1,2026-03-05,1828529883.0,21.326778138871074,2126567323.0,4627658633.0,0.8598504562839085,0.39513067579373456,0.4595341816778299,0.01581011387548645,5.675641983113877,0,coinpaprika
stable_usd1,2026-03-06,1409006027.0,21.0661503480653,2126875975.0,4613584013.0,0.6624768174364281,0.3054037865203605,0.46100297924714523,0.01569977793089949,5.439242807834255,0,coinpaprika
stable_usd1,2026-03-07,908415484.0,20.627212414505696,2127207674.0,4608584013.0,0.42704597915059983,0.1971137949178144,0.46157511027237946,0.015677726600663015,3.3845609118943187,0,coinpaprika
stable_usd1,2026-03-08,588191670.0,20.192563423834304,2127641029.0,4606083913.0,0.27645249456223003,0.1276988611388331,0.46191972816540394,0.015665720153688754,2.0961427503973784,0,coinpaprika
stable_usd1,2026-03-09,1125868527.0,20.841820599633763,2126948295.0,4606068902.0,0.5293351651503122,0.2444315425918047,0.46177083761740045,0.015664709271706843,0.8151496812569548,0,coinpaprika
stable_usd1,2026-03-10,1120358070.0,20.83691417740826,2127224352.0,4607660071.0,0.5266760268829416,0.24315119881594233,0.4616712863408625,0.015605351405233073,1.5886349715621417,0,coinpaprika
stable_usd1,2026-03-11,958278580.0,20.680649088025906,2126949426.0,4612610718.0,0.45054130967381073,0.2077518868567135,0.46111617824151274,0.015607662255792647,3.7703869216121344,0,coinpaprika
stable_usd1,2026-03-12,876598920.0,20.591560115056144,2126719834.0,4616608668.0,0.41218354481194913,0.18987940781642185,0.4606671231939904,0.015610461663576502,5.102728783735744,0,coinpaprika
stable_usd1,2026-03-13,1086379060.0,20.806116040834805,2126428162.0,4619607764.0,0.5108938450938367,0.23516694825608575,0.46030491561880577,0.015606669672574121,5.2239451463731434,0,coinpaprika
stable_usd1,2026-03-14,748866899.0,20.43407182208553,2126581550.0,4601608252.0,0.3521458648035388,0.16274025470867048,0.4621387640018514,0.015522759323793234,7.582298619224215,0,coinpaprika
stable_usd1,2026-03-15,410706631.0,19.83338972683634,2126411325.0,4596608252.0,0.19314543060007452,0.08934993118486878,0.4626044266606342,0.015506720229837961,7.282087571639506,0,coinpaprika
stable_usd1,2026-03-16,1031854368.0,20.754623378738003,2125742097.0,4585113342.0,0.4854090105550561,0.22504446259771435,0.4636182223737055,0.015469761447366748,7.824714838494673,0,coinpaprika
stable_usd1,2026-03-17,1259054655.0,20.95362700329827,2126000433.0,4551604740.0,0.592217496975458,0.2766177484471114,0.46708810506247955,0.015354887066724334,7.111536745826319,0,coinpaprika
stable_usd1,2026-03-18,863644886.0,20.576672231863732,2126228528.0,4521583268.0,0.40618629400686884,0.19100497211057885,0.4702398257370763,0.015237703233467284,6.773917597427959,0,coinpaprika
stable_usd1,2026-03-19,1102728128.0,20.821053063608232,2125934939.0,4509577680.0,0.5187026694799525,0.24453024346173366,0.4714266146092864,0.01523098532378441,7.44807765630795,0,coinpaprika
stable_usd1,2026-03-20,1269587583.0,20.96195794767056,2126811892.0,4460937256.0,0.5969439929198966,0.28460108496087755,0.4767634624628309,0.01503784809619082,7.893531806590914,0,coinpaprika
stable_usd1,2026-03-21,642810489.0,20.281360510922852,2127543717.0,4428873674.0,0.30213738211988994,0.14514084986746453,0.48038031192668423,0.014936290380520361,5.42272462880522,0,coinpaprika
stable_usd1,2026-03-22,560569951.0,20.144464595543855,2127559219.0,4428873674.0,0.263480304563969,0.12657167313009254,0.4803838121394112,0.014924149091010004,3.667974747716407,0,coinpaprika
stable_usd1,2026-03-23,783100269.0,20.478771304504658,2126868649.0,4423865019.0,0.36819399701443434,0.17701721585913516,0.48077159675201203,0.014915107551529772,5.699509041833251,0,coinpaprika
stable_usd1,2026-03-24,843985679.0,20.553646085591648,2126383526.0,4440862644.0,0.39691131382476674,0.19004993999089337,0.47882217858571535,0.01499578995728619,5.595392852569825,0,coinpaprika
stable_usd1,2026-03-25,802627178.0,20.503400878916725,2126664233.0,4425861878.0,0.37741133063951804,0.18134935073091316,0.48050849566074055,0.014947241338395948,5.742175969545293,0,coinpaprika
stable_usd1,2026-03-26,719574588.0,20.394170746743438,2126792332.0,4426302879.0,0.3383379642540483,0.1625678602822064,0.48048956208809857,0.014950188144995123,6.166043418739386,0,coinpaprika
stable_usd1,2026-03-27,872302604.0,20.586646945756893,2127225633.0,4415841808.0,0.410065857832769,0.19753936891934964,0.4817259597357388,0.014955957826182165,6.014283515066721,0,coinpaprika
stable_usd1,2026-03-28,676277156.0,20.332113545544154,2127622695.0,4405545077.0,0.31785577282535993,0.15350589863003233,0.4829419873848677,0.014945035328063665,5.54882151761249,0,coinpaprika
stable_usd1,2026-03-29,370644742.0,19.73075459577473,2127753643.0,4400545076.0,0.17419532717961372,0.0842270072454088,0.4835204744531516,0.0149314643669077,4.242070372481033,0,coinpaprika
stable_usd1,2026-03-30,644372142.0,20.28378697897203,2127064393.0,4402545632.0,0.30293964965074754,0.14636353506852193,0.4831442012864979,0.014922925682663173,2.9694996331541823,0,coinpaprika
stable_usd1,2026-03-31,871296590.0,20.58549299464939,2126985320.0,4396038684.0,0.4096392118023645,0.1982003919053775,0.48384135647883664,0.014899271123980708,4.192116536414492,0,coinpaprika
stable_usd1,2026-04-01,763210220.0,20.453044070304273,2127553129.0,4397108886.0,0.3587267502733183,0.17357091666071606,0.4838527278171205,0.014890971568908725,4.847215386246662,0,coinpaprika
stable_usd1,2026-04-02,834858874.0,20.54277325655495,2127610596.0,4405715500.0,0.39239270361295003,0.18949450412764965,0.4829205598954358,0.014919398612517681,3.467182712187933,0,coinpaprika
stable_usd1,2026-04-03,558646445.0,20.141027355172415,2127914949.0,4413389793.0,0.2625323184380712,0.126579901436773,0.4821497870809074,0.014938996264135161,2.3508476682265744,0,coinpaprika
stable_usd1,2026-04-04,428728995.0,19.876335566323146,2128215497.0,4416880732.0,0.20144999207286574,0.09706601129025007,0.48183675904608964,0.014931569786662175,1.6709697508154875,0,coinpaprika
stable_usd1,2026-04-05,419930342.0,19.855599405487055,2128146449.0,4415838686.0,0.19732210731894043,0.09509639546647153,0.4819348260494858,0.014930031782739812,0.012121273123000265,0,coinpaprika
stable_usd1,2026-04-06,689441760.0,20.351392786075465,2127552845.0,4415908781.0,0.32405388266630814,0.15612681198633663,0.4817927521859288,0.01492783551872503,4.352148935504729,0,coinpaprika
stable_usd1,2026-04-07,729457511.0,20.407811681599007,2127781935.0,4417152674.0,0.3428253144747185,0.16514201904174436,0.48170894058619085,0.014944118212477413,0.1556990804596481,0,coinpaprika
stable_usd1,2026-04-08,1078335255.0,20.79868425922803,2126894037.0,4409274109.0,0.506999989769589,0.24456072095834402,0.48236829564727796,0.014883914902493162,4.34069671449433,0,coinpaprika
stable_usd1,2026-04-09,758826280.0,20.44728343037528,2126964908.0,4310435387.0,0.35676483290621364,0.17604399831362094,0.49344549147280836,0.014552279315791172,9.016302936374343,0,coinpaprika
stable_usd1,2026-04-10,732870597.0,20.41247970674929,2126824249.0,4247425961.0,0.3445844654745612,0.17254464320961474,0.5007325068237958,0.014328666101038107,3.791745522340184,0,coinpaprika
stable_usd1,2026-04-11,687910857.0,20.349169820642643,2126802737.0,4187427959.0,0.32344835984664244,0.16428004582657466,0.5079019287791884,0.014098266910078802,6.947498412531727,0,coinpaprika
stable_usd1,2026-04-12,769639991.0,20.46143342062262,2126945102.0,4182974161.0,0.36185230651994515,0.18399348439102156,0.508476748871794,0.014079439535354652,6.308824785775657,0,coinpaprika
stable_usd1,2026-04-13,726177091.0,20.403304471418036,2126548699.0,4166513380.0,0.341481524190573,0.17428891371998906,0.5103904644127172,0.014021370453782364,9.414941880033778,0,coinpaprika
stable_usd1,2026-04-14,999128303.0,20.72239376079852,2126747606.0,4100366048.0,0.469791666947808,0.24366807531423595,0.5186726212010621,0.013794266401069703,8.155600936754492,0,coinpaprika
stable_usd1,2026-04-15,693779059.0,20.357664110435916,2126746488.0,4093576599.0,0.32621615360109624,0.16947992598195913,0.5195325985886113,0.013723328595154995,5.675818799095733,0,coinpaprika
stable_usd1,2026-04-16,829182925.0,20.535951347382884,2128134952.0,4093319602.0,0.38962892095764046,0.20256979801793645,0.519904419620738,0.013733124991752213,7.345805226562918,0,coinpaprika
stable_usd1,2026-04-17,842144330.0,20.551461972006127,2128309389.0,4133222359.0,0.3956869872174397,0.20375006637768941,0.5149273869492295,0.013838055511934916,1.4669871405170731,0,coinpaprika
stable_usd1,2026-04-18,677510833.0,20.333936101734185,2128667066.0,4196496986.0,0.3182793795335583,0.16144675791743796,0.5072485630518692,0.014016252755620325,1.5166760630425102,0,coinpaprika
stable_usd1,2026-04-19,503928534.0,20.037945020346772,2128815944.0,4202553884.0,0.23671775637546616,0.11991007085443,0.5065529206192565,0.014038530303337743,1.1640292568992905,0,coinpaprika
stable_usd1,2026-04-20,666933961.0,20.31820159148208,2128370397.0,4224364420.0,0.3133542742090676,0.15787794202660196,0.5038321000251205,0.01414298591549035,4.783241680461625,0,coinpaprika
stable_usd1,2026-04-21,585813075.0,20.188511313720255,2128180120.0,4244370328.0,0.2752647999549963,0.13802119742836916,0.5014124488526488,0.014204595752087296,0.5708515621793975,0,coinpaprika
stable_usd1,2026-04-22,741031957.0,20.423554310535494,2127937917.0,4252476310.0,0.34823946275872486,0.17425892655942862,0.500399711103858,0.014205535570269781,1.6079055340334492,0,coinpaprika
stable_usd1,2026-04-23,834370684.0,20.542188328003935,2128454987.0,4275471409.0,0.3920076718070618,0.19515290927770534,0.49782931129408003,0.014301374362247458,2.8039489695030895,0,coinpaprika
stable_usd1,2026-04-24,726713905.0,20.404043431223236,2128420446.0,4312560062.0,0.34143343546888666,0.16851102235153056,0.4935398963493903,0.014408077063690693,0.7518602605194324,0,coinpaprika
stable_usd1,2026-04-25,495426251.0,20.020929065137533,2128573772.0,4372943291.0,0.2327503314740646,0.11329354579549246,0.4867599761425765,0.014621004841038798,0.44833671572819256,0,coinpaprika
stable_usd1,2026-04-26,291832135.0,19.491689318215254,2128701757.0,4390936490.0,0.13709395129700172,0.06646239034990005,0.48479447649674384,0.014676697026312897,2.139938667107266,0,coinpaprika
stable_usd1,2026-04-27,525581645.0,20.08001610443363,2128346404.0,4400730693.0,0.246943657297621,0.1194305404409349,0.4836347762396466,0.014706458619674494,1.8405864294335217,0,coinpaprika
stable_usd1,2026-04-28,679021481.0,20.336163322725014,2128325246.0,4431224092.0,0.3190402793352008,0.15323564480205032,0.48030187636919897,0.014818430812763125,1.3703316644508856,0,coinpaprika
stable_usd1,2026-04-29,746008139.0,20.430247069636653,2127963022.0,4465914181.0,0.35057382637168777,0.16704488907866902,0.47648990458735374,0.014934780878088737,3.6218544467936375,0,coinpaprika
stable_usd1,2026-04-30,678128723.0,20.334847686290924,2127672161.0,4476461407.0,0.31871861437585447,0.15148767326343668,0.47530224602693644,0.01501587889551508,3.2261771669994666,0,coinpaprika
stable_usd1,2026-05-01,540404520.0,20.10782853004049,2128037436.0,4502272947.0,0.25394502505359123,0.12002926663077763,0.47265846852265486,0.015077731195759163,3.623156929165594,0,coinpaprika
stable_usd1,2026-05-02,463254584.0,19.953787320544336,2127842546.0,4528260789.0,0.21771093207570444,0.10230298244423837,0.4699028269681223,0.015151415153665597,4.295834775481788,0,coinpaprika
stable_usd1,2026-05-03,349965717.0,19.67334575907903,2127980950.0,4531285054.0,0.16445904602670433,0.077233215926477,0.4696197490646767,0.015144738247029466,1.099572161854523,0,coinpaprika
stable_usd1,2026-05-04,636680917.0,20.27177917437951,2127798204.0,4527259801.0,0.29922053501272716,0.1406327325989481,0.46999692916452535,0.015128132214945666,1.9062165756489335,0,coinpaprika
stable_usd1,2026-05-05,621116577.0,20.247029348527374,2127841835.0,4538705585.0,0.2918997863391477,0.13684883616437526,0.46882129610528595,0.015142924545638686,1.406371339577328,0,coinpaprika
stable_usd1,2026-05-06,693294964.0,20.356966101517965,2127422822.0,4555701835.0,0.32588489548505933,0.15218181283806514,0.4669802588166967,0.015178613959551298,5.73264428972875,0,coinpaprika
stable_usd1,2026-05-07,729714667.0,20.408164149945357,2127482906.0,4566144071.0,0.34299437374656866,0.15980982107736916,0.46592548831558755,0.015202503958176525,5.519580352868481,0,coinpaprika
stable_usd1,2026-05-08,741229527.0,20.42382088968234,2127518081.0,4484338524.0,0.34840104703204167,0.16529294633600236,0.47443297815577673,0.014917469069073153,5.505900906864758,0,coinpaprika
stable_usd1,2026-05-09,511209103.0,20.052289269945703,2127473361.0,4434506068.0,0.24028930860958497,0.1152798294017353,0.47975430146598236,0.01481280759763949,4.023550049075952,0,coinpaprika
stable_usd1,2026-05-10,371330406.0,19.73260280914193,2126480131.0,4434439232.0,0.17462209055552186,0.0837378497196193,0.4795375513672165,0.014776570304341635,4.940002175732872,0,coinpaprika
stable_usd1,2026-05-11,718536257.0,20.39272672567567,2125779280.0,4434575281.0,0.3380107538728104,0.16203045646300757,0.47936479714482044,0.014769053111730022,7.010973906648177,0,coinpaprika
stable_usd1,2026-05-12,506934807.0,20.043892969461417,2125083230.0,4439071019.0,0.23854821300340318,0.11419839980712865,0.4787225121887603,0.014762077549326959,7.252923007643464,0,coinpaprika
stable_usd1,2026-05-13,600719057.0,20.213637925636416,2126448614.0,4438970532.0,0.2824987413497874,0.13532846245981792,0.47904093948601145,0.014780642538884439,8.43249549348557,0,coinpaprika
stable_usd1,2026-05-14,738446016.0,20.420058559091938,2126966909.0,4453361172.0,0.3471826537946388,0.16581767960858307,0.4776093442348808,0.014847287458337308,6.298227167986781,0,coinpaprika
stable_usd1,2026-05-15,821015486.0,20.526052530819786,2127158506.0,4494858360.0,0.38596817476656814,0.18265658675838675,0.47324261091955744,0.014981861921295943,1.5385675116519337,0,coinpaprika
stable_usd1,2026-05-16,626303287.0,20.25534529736211,2127922770.0,4520936605.0,0.2943261361877339,0.13853396800727755,0.47068184226396603,0.015064174513749655,4.078169860509684,0,coinpaprika
stable_usd1,2026-05-17,393934787.0,19.791695940873115,2127834521.0,4527083594.0,0.18513412726045345,0.0870173432454625,0.47002324494739606,0.015080071639856942,0.79765528716913,0,coinpaprika
stable_usd1,2026-05-18,656726037.0,20.30277750013914,2127640503.0,4532072077.0,0.30866400412758077,0.1449063531740473,0.46946307712043034,0.015096766326206266,1.4333126456167467,0,coinpaprika
stable_usd1,2026-05-19,836537728.0,20.544782180781077,2127088719.0,4617056849.0,0.39327824952843443,0.18118419490138707,0.4607023020434982,0.015372068664728704,4.529737128901035,0,coinpaprika
stable_usd1,2026-05-20,770244297.0,20.46221829262235,2127817171.0,4661946738.0,0.3619880070043856,0.1652194545084912,0.45642245409110893,0.015541852234190773,2.555058982136593,0,coinpaprika
stable_usd1,2026-05-21,1137916002.0,20.852464358854323,2128056230.0,4688144131.0,0.5347208339508961,0.2427220602019499,0.4539229534195394,0.015663863338249935,0.9479072939555522,0,coinpaprika
stable_usd1,2026-05-22,790246927.0,20.487856021675032,2127108745.0,4759941842.0,0.37151223643716436,0.1660202904218593,0.4468770450578123,0.015862346223165777,1.0305928404452658,0,coinpaprika
stable_usd1,2026-05-23,696037203.0,20.360913670893066,2126936393.0,4805021057.0,0.3272487157071274,0.1448562232596268,0.4426487142863732,0.01600730311377011,4.665880669916245,0,coinpaprika
stable_usd1,2026-05-24,605179095.0,20.221034998634213,2126404265.0,4804055057.0,0.284602088587327,0.12597255606348476,0.44262695572183575,0.01600933967665142,7.086590066640586,0,coinpaprika
stable_usd1,2026-05-25,517502189.0,20.0645243149789,2126180734.0,4804057850.0,0.2433952018869154,0.10772188952720459,0.44258016876295525,0.016015588672540458,10.513014377022678,0,coinpaprika
stable_usd1,2026-05-26,718538987.0,20.392730525059186,2125312698.0,4804061152.0,0.33808624381540303,0.149569075885069,0.44239917660398675,0.016011738672453237,10.835179790681382,0,coinpaprika
stable_usd1,2026-05-27,874575651.0,20.589249357543462,2124677651.0,4781980141.0,0.41162745350494584,0.1828898542470965,0.4443091749343172,0.01594866773652087,15.797888026798379,0,coinpaprika
stable_usd1,2026-05-28,1030307648.0,20.753123282938986,2124532423.0,4780576059.0,0.48495736607546236,0.2155195598363766,0.44440929226516884,0.015975754403654334,16.521613635669397,0,coinpaprika
stable_usd1,2026-05-29,1266333019.0,20.959391175050225,2125073883.0,4768485683.0,0.5959007021498461,0.26556292776857227,0.44564963056847245,0.01598268734382664,20.1274178877342,0,coinpaprika
stable_usd1,2026-05-30,727927370.0,20.4057118360742,2125233666.0,4754610254.0,0.34251639320680705,0.1530992723089349,0.446983780471189,0.015976847895060466,14.28716247119488,0,coinpaprika
stable_usd1,2026-05-31,502105409.0,20.034320635692954,2125517491.0,4752131151.0,0.2362273710407213,0.10565899657343022,0.44727668986002694,0.015978975961162666,16.99817362523781,0,coinpaprika
stable_usd1,2026-06-01,828366418.0,20.534966149483942,2125192869.0,4745174551.0,0.3897841132836965,0.17457027325273625,0.44786400292738143,0.01596960363053841,17.345699599252697,0,coinpaprika
stable_usd1,2026-06-02,1196705172.0,20.902837928255217,2124682892.0,4733822364.0,0.5632394257542692,0.2527989180795547,0.4488302958213833,0.015921477816931852,16.710716427139616,0,coinpaprika
stable_usd1,2026-06-03,1229845768.0,20.930154607411712,2124816873.0,4709908829.0,0.578800829204447,0.2611188056183921,0.4511375803958264,0.01585554554001839,16.069626816610505,0,coinpaprika
stable_usd1,2026-06-04,1141310217.0,20.855442753432143,2124970544.0,4668063454.0,0.5370946059570414,0.24449329539897896,0.455214579865906,0.01574886214254443,14.48799383556132,0,coinpaprika
stable_usd1,2026-06-05,1148797968.0,20.861981988324917,2125696596.0,4652840766.0,0.5404336489796966,0.2469024894199442,0.4568599492020527,0.01574551417618901,13.195611106291416,0,coinpaprika
stable_usd1,2026-06-06,1151731588.0,20.864532376412683,2126864553.0,4644023376.0,0.5415161893480482,0.24800296956989304,0.4579788646180148,0.01573389304155822,8.495655462928964,0,coinpaprika
stable_usd1,2026-06-07,494600400.0,20.019260723807427,2127603533.0,4644001676.0,0.23246831109675545,0.1065030623386881,0.458140130309462,0.015759941918095908,8.382913069572284,0,coinpaprika
stable_usd1,2026-06-08,598579971.0,20.21007069475431,2126358402.0,4643996905.0,0.28150474089268795,0.12889327517758112,0.45787248473629205,0.015763832851529085,7.185129342649477,0,coinpaprika
stable_usd1,2026-06-09,692561930.0,20.355908223073982,2125955435.0,4643497005.0,0.3257650271488405,0.14914663006227136,0.45783499649312254,0.01573575291953413,11.304784319603467,0,coinpaprika
stable_usd1,2026-06-10,663633102.0,20.313239999002644,2125968966.0,4551594380.0,0.3121555923972975,0.14580233794910344,0.46708225481199406,0.015483276455630964,9.787509716830955,0,coinpaprika
stable_usd1,2026-06-11,813746420.0,20.5171593533207,2125457923.0,4446345290.0,0.3828569886960778,0.183014670909645,0.47802358664772077,0.015136482188423762,8.009587371876625,0,coinpaprika
stable_usd1,2026-06-12,835682398.0,20.543759193364206,2126340479.0,4355405382.0,0.3930143861029323,0.1918724721822002,0.4882072488103474,0.014842178488518232,9.53148483611832,0,coinpaprika
stable_usd1,2026-06-13,732595954.0,20.412104886863222,2128220857.0,4338813848.0,0.34422928973296874,0.1688470581280398,0.49050752845296997,0.014798076923294089,0.2128866231654314,0,coinpaprika
stable_usd1,2026-06-14,506317856.0,20.04267520592118,2128454294.0,4379855787.0,0.23788053961378605,0.11560149023692044,0.485964469496356,0.014938271856789793,3.7189820607608226,0,coinpaprika
stable_usd1,2026-06-15,791202555.0,20.489064568803453,2128173196.0,4425177933.0,0.371775453467369,0.17879564776361728,0.48092375678941995,0.015094401105835589,1.076420379984011,0,coinpaprika
stable_usd1,2026-06-16,970424888.0,20.693244563451522,2128058081.0,4515831676.0,0.45601428676419664,0.21489394592749209,0.47124388898502423,0.01538463742408458,1.3543650756653314,0,coinpaprika
stable_usd1,2026-06-17,881418009.0,20.597042543564807,2128035786.0,4571885539.0,0.41419322682386506,0.19279091776929982,0.4654612999050412,0.015583758269564712,0.3799549311234163,0,coinpaprika
stable_usd1,2026-06-18,933406000.0,20.654350820642954,2127962962.0,4644629200.0,0.43863827362987723,0.20096458937992295,0.45815561810617733,0.015838714070950336,0.0684645742743406,0,coinpaprika
stable_usd1,2026-06-19,787156373.0,20.4839374829593,2128309533.0,4732024023.0,0.369850513186608,0.16634665613995764,0.44976727139493644,0.01613696649822889,3.0387719777869027,0,coinpaprika
stable_usd1,2026-06-20,581116806.0,20.180462339359828,2128403825.0,4775457940.0,0.27302939375238156,0.12168818431683225,0.4456962770359988,0.016277064414302527,0.9865275065523704,0,coinpaprika
stable_usd1,2026-06-21,455694710.0,19.93733364984681,2128198992.0,4808492364.0,0.21412222809661025,0.09476872905355413,0.44259173788718115,0.016386263551773944,0.9938592517677591,0,coinpaprika
stable_usd1,2026-06-22,764237332.0,20.454388944178497,2126706611.0,4834979114.0,0.3593524974470491,0.15806424681072573,0.43985848973824543,0.016474922692045313,2.124484860974718,0,coinpaprika
stable_usd1,2026-06-23,709674751.0,20.38031732726706,2126389733.0,4854570314.0,0.33374632128173465,0.1461869341872303,0.4380181139549563,0.016546601534042072,6.438017916978733,0,coinpaprika
stable_usd1,2026-06-24,629117454.0,20.259828530141675,2126359190.0,4804570314.0,0.2958660309879254,0.1309414605020598,0.4425701053440759,0.016397064827582825,11.292740677807389,0,coinpaprika
stable_usd1,2026-06-25,803663017.0,20.504690607442143,2125966753.0,4732817073.0,0.3780223824600892,0.1698064819755606,0.4491968990579239,0.016175729932692458,12.323180189174332,0,coinpaprika
stable_usd1,2026-06-26,950846354.0,20.672863045943,2126145524.0,4714809083.0,0.4472160269684344,0.20167229197645117,0.45095050225175787,0.01611876217494008,7.92489883635894,0,coinpaprika
stable_usd1,2026-06-27,644585493.0,20.28411802321402,2125845330.0,4694758617.0,0.3032137305116172,0.1372989637136865,0.4528124880163567,0.016106521713865285,5.881901074906715,0,coinpaprika
stable_usd1,2026-06-28,339666439.0,19.643474635197762,2126334564.0,4694759018.0,0.15974270688664777,0.07235013292433064,0.4529166578832907,0.016106784871655882,8.158308569787831,0,coinpaprika
stable_usd1,2026-06-29,569133828.0,20.159626164786832,2125758721.0,4694759017.0,0.2677320913129162,0.1212274849335467,0.4527940014178581,0.016112436969364423,8.251423744233266,0,coinpaprika
stable_usd1,2026-06-30,757129973.0,20.445045492832712,2125566143.0,4674759010.0,0.35620155857930413,0.1619612842887488,0.4546899933136874,0.01607984697222863,9.27907326058408,0,coinpaprika
stable_usd1,2026-07-01,748063769.0,20.43299878631553,2125716024.0,4655259010.0,0.3519114315148993,0.16069219078746813,0.45662679980506604,0.016056202576621496,11.069131044851854,0,coinpaprika
stable_usd1,2026-07-02,751141283.0,20.437104319864147,2124966410.0,4654829989.0,0.35348383836335556,0.1613681455123065,0.45650784561876295,0.016047104276704013,9.209847921662906,0,coinpaprika
stable_usd1,2026-07-03,649586851.0,20.291847106459123,2125278609.0,4634079778.0,0.30564785635594754,0.1401760181350076,0.4586193399366203,0.01599167073969067,13.589231653268197,0,coinpaprika
stable_usd1,2026-07-04,438226784.0,19.89824710831463,2125281869.0,4614345659.0,0.2061970180953913,0.09497051508164876,0.46058141848449674,0.015933798854711575,8.594856392007966,0,coinpaprika
stable_usd1,2026-07-05,327943437.0,19.608351706356096,2125349324.0,4614345658.0,0.15430095810452288,0.07107040982754223,0.46059603712505404,0.015936046288265372,10.480539130173216,0,coinpaprika
stable_usd1,2026-07-06,490179280.0,20.01028176174317,2125160944.0,4614350658.0,0.2306551329130769,0.10622930859191759,0.4605547132217969,0.01593425326700312,12.136527114491313,0,coinpaprika
stable_usd1,2026-07-07,582588833.0,20.182992236497498,2125365400.0,4556057165.0,0.27411231640451095,0.12787127375738272,0.4664922592120286,0.01574959567950393,9.458952071130788,0,coinpaprika
stable_usd1,2026-07-08,474106217.0,19.976941943162842,2125348886.0,4532969458.0,0.22307218364147674,0.10459064888762372,0.46886459432217953,0.015796909834018043,11.210941349638626,0,coinpaprika
stable_usd1,2026-07-09,453910648.0,19.93341092826627,2125523801.0,4477692595.0,0.2135523713196943,0.10137155205939277,0.4746917649892846,0.015603195716790481,10.876476240148092,0,coinpaprika
stable_usd1,2026-07-10,418400957.0,19.851950760387318,2125699163.0,4477866561.0,0.1968298074735611,0.09343756704231991,0.47471248507353636,0.015562546239466273,13.204031361722102,0,coinpaprika
stable_usd1,2026-07-11,374485311.0,19.74106313985869,2126072227.0,4477866561.0,0.17613950563119793,0.08363029712890098,0.4747957979625914,0.015573067792110403,7.482745954202619,0,coinpaprika
stable_usd1,2026-07-12,296821181.0,19.50864043463546,2125839243.0,4477866561.0,0.13962541240000997,0.06628629436731444,0.4747437678279668,0.015572251393790114,7.175398044551029,0,coinpaprika
stable_usd1,2026-07-13,393366981.0,19.790253530554526,2125304135.0,4477866561.0,0.18508738326997137,0.0878469636469366,0.474624267170073,0.015569880377709998,9.04256724346686,0,coinpaprika
stable_usd1,2026-07-14,654464429.0,20.299327795007745,2125258370.0,4438374582.0,0.30794581884178157,0.14745587982911715,0.47883709018591347,0.015509452146062946,11.616779364624907,0,coinpaprika
stable_usd1,2026-07-15,738049566.0,20.41952154426599,2125402129.0,4381300683.0,0.34725172988664116,0.1684544429611338,0.48510757028085943,0.01530532402163613,11.447884565962685,0,coinpaprika
stable_usd1,2026-07-16,622472841.0,20.2492105580422,2125517632.0,4353418406.0,0.29285705826598385,0.1429848415539593,0.48824106340675955,0.015217033643077063,10.424794026194784,0,coinpaprika
stable_usd1,2026-07-17,586143474.0,20.189075155457342,2125796975.0,4293263732.0,0.27572881177893294,0.13652631438203014,0.49514707404422736,0.014995735820315678,12.003351172379384,0,coinpaprika
stable_usd1,2026-07-18,398728140.0,19.803790391751946,2126278237.0,4272980168.0,0.18752397172750632,0.09331382883216789,0.4976101347072763,0.014911975502447774,8.094056937365535,0,coinpaprika
stable_usd1,2026-07-19,254943171.0,19.356551223384894,2125643532.0,4273182561.0,0.11993693540897994,0.05966119335194956,0.49743803398433833,0.014907740584270074,8.226560870558952,0,coinpaprika
stable_usd1,2026-07-20,409970534.0,19.831595849226495,2126050381.0,4273282942.0,0.1928319938529246,0.09593807373965363,0.49752155657751906,0.014909986017860508,10.415478133103395,0,coinpaprika
stable_usd1,2026-07-21,511662111.0,20.05317502764918,3057976219.0,4240133089.0,0.16732050034297535,0.12067123843998756,0.7211981687398398,0.014793980963819484,9.465001325497102,0,coinpaprika
stable_usd1,2026-07-22,426213056.0,19.870449913011235,4219037054.0,4210133891.0,0.10102140619881837,0.10123503599520085,1.0021146983042588,0.014691340519183122,9.29055431279302,0,coinpaprika
stable_usd1,2026-07-23,430792003.0,19.88113594225717,4218872693.0,4202925116.0,0.10211069030709906,0.10249813906034866,1.0037943995098293,0.014682928501772117,9.992048493993044,0,coinpaprika
stable_usd1,2026-07-24,510945270.0,20.051773040670923,4218100492.0,4187415113.0,0.12113160200167179,0.12201925441156997,1.0073280002512137,0.014594015940621204,9.766762007606955,0,coinpaprika
stable_usd1,2026-07-25,364426829.0,19.713836348521127,4219126049.0,4172490440.0,0.08637495651175792,0.08734036284574447,1.01117692411058,0.014543574322761986,12.400442270752432,0,coinpaprika
stable_usd1,2026-07-26,236883455.0,19.283078831316836,4218191972.0,4152286587.0,0.05615758044498976,0.057048917514902736,1.0158720703928137,0.014478598003292185,11.682647984567751,0,coinpaprika
stable_usd1,2026-07-27,420049039.0,19.85588202433031,4217152416.0,4144198335.0,0.09960489865301562,0.10135833399971673,1.0176039067396614,0.014472446209780736,11.099501570125403,0,coinpaprika
stable_usd1,2026-07-28,561481025.0,20.14608853994226,4216911243.0,4125196441.0,0.13314983234044797,0.136110130276339,1.022232832620637,0.014463003368521278,10.56168740758201,0,coinpaprika
stable_usd1,2026-07-29,606290959.0,20.222870560820297,4216555076.0,4090101526.0,0.14378822239294758,0.14823371868544663,1.0309169709348678,0.014349000931425087,14.317763106811432,0,coinpaprika
stable_usd1,2026-07-30,537645288.0,20.102709586556525,4217092500.0,4049044053.0,0.12749193620960414,0.13278326463295706,1.0415032399747517,0.014221048637418653,13.111555152963694,0,coinpaprika
stable_usd1,2026-07-31,459722724.0,19.946134093968364,4217696488.0,4019025605.0,0.10899853161743202,0.11438661237392142,1.0494325994720803,0.014153209315837585,9.98501228346993,0,coinpaprika
stable_usd1,2026-08-01,345311100.0,19.659956310699524,4217936541.0,4015159821.0,0.08186730564659768,0.08600183190565953,1.0505027767361692,0.01413974535532245,9.279802191513031,0,coinpaprika
stable_usd1,2026-08-02,250146369.0,19.337556784499974,4218235669.0,4015159821.0,0.059301183866595386,0.06230047623302316,1.0505772763858308,0.014142195392149195,9.785810113382976,0,coinpaprika
stable_usd1,2026-08-03,324369306.0,19.597393261056038,4218224802.0,4015151821.0,0.07689711222744833,0.08078631156697175,1.050576663113432,0.014149059199354014,10.266791882992399,0,coinpaprika
stable_usd1,2026-08-04,435764989.0,19.8926136422317,4218334255.0,4006922895.0,0.10330262199670093,0.10875302580535431,1.052761524376675,0.014109290598211786,9.54033544206534,0,coinpaprika
stable_usd1,2026-08-05,435303324.0,19.891553644903645,4219517222.0,4006929030.0,0.10316424868001167,0.10863764262877398,1.0530551428309176,0.01409627576581327,5.953545165457985,0,coinpaprika
stable_usd1,2026-08-06,458366228.0,19.94317904918496,4219760914.0,4006930896.0,0.10862374370056549,0.11439334490584137,1.0531154700502725,0.014099107671024118,6.114156408147942,0,coinpaprika
stable_usd1,2026-08-07,387020124.0,19.773987252225947,4220408552.0,4006930901.0,0.09170205188229844,0.09658767110344037,1.0532770981767425,0.014094976582158036,4.413932905821261,0,coinpaprika
stable_usd1,2026-08-08,352781555.0,19.681359601818755,4220792819.0,4024429299.0,0.08358182221405074,0.08766002053698894,1.04879288599971,0.014150335792479462,1.4595641088643863,0,coinpaprika
stable_usd1,2026-08-09,251292196.0,19.342126951494535,4220284150.0,4027429309.0,0.059543904407479295,0.06239518479900897,1.0478853447704302,0.014160543865316651,4.632681334756361,0,coinpaprika
stable_usd1,2026-08-10,392813449.0,19.78884537520256,4219294612.0,4027429309.0,0.0930993175690572,0.09753453601834529,1.0476396451133836,0.014157343981588792,1.1419025931314053,0,coinpaprika
stable_usd1,2026-08-11,430874308.0,19.881326979086644,4219076778.0,4031071793.0,0.10212525883547692,0.10688827441580621,1.046638957243697,0.014228576407934648,6.093238900908293,0,coinpaprika
stable_usd1,2026-08-12,459978352.0,19.94668998764447,4218791463.0,4039867708.0,0.10903083407514708,0.11385975612248934,1.044289508452389,0.014211205329980877,6.374203365644426,0,coinpaprika
stable_usd1,2026-08-13,400971801.0,19.809401663596336,4217637431.0,4039867581.0,0.09507023957365861,0.09925369902860685,1.0440038804331295,0.014214448506286004,7.6913041461601495,0,coinpaprika
stable_usd1,2026-08-14,406576081.0,19.823281633030856,4218023682.0,4039867253.0,0.09639018451580139,0.1006409506891785,1.0440995750213578,0.014217635276026479,8.921056341234523,0,coinpaprika
stable_usd1,2026-08-15,285930976.0,19.471261000496305,4218156259.0,4029313183.0,0.06778577142322029,0.07096270828645587,1.0468673114804639,0.014174378487356405,9.145288730930679,0,coinpaprika
stable_usd1,2026-08-16,171111658.0,18.957826877978654,4218842244.0,4026669504.0,0.040558913584254896,0.042494587109774384,1.0477249845831897,0.014172759590013635,8.856237775658471,0,coinpaprika
stable_usd1,2026-08-17,357363633.0,19.69426440397367,4217892362.0,4026669503.0,0.08472564075356079,0.0887491840921517,1.0474890871618674,0.014171689927535765,8.012851013325939,0,coinpaprika
stable_usd1,2026-08-18,478325451.0,19.985801920699092,4217991509.0,4020671336.0,0.11340123610476428,0.11896656329931862,1.0490764244352053,0.014148579632810366,9.892329793038668,0,coinpaprika
stable_usd1,2026-08-19,638358082.0,20.274409942483043,4218010868.0,4012884097.0,0.15134102352436138,0.15907712920919678,1.0511170435132555,0.014120922236842593,6.169901274098999,0,coinpaprika
stable_usd1,2026-08-20,2099008211.0,21.464730790116462,4218641255.0,4020562941.0,0.4975555123375856,0.5220682381552101,1.0492663134259337,0.014117452767090054,7.862635245732275,0,coinpaprika
stable_usd1,2026-08-21,1868903150.0,21.348617545457625,4220109056.0,4002871771.0,0.44285660043378744,0.4668905867881722,1.054270358239762,0.014027306016898031,4.327103337539162,0,coinpaprika
stable_usdc,2025-08-25,25305191194.0,23.95427539720533,67571945410.0,67093456087.0,0.37449256552342913,0.3771633281372,1.007131683936203,0.2550257335371919,2.149999999999652,0,coinpaprika
stable_usdc,2025-08-26,26446468949.0,23.998388487284107,68334797724.0,68727991544.0,0.387013203080159,0.3847990950247519,0.9942789857354077,0.25936511114819466,2.689999999999637,0,coinpaprika
stable_usdc,2025-08-27,21109122131.0,23.772971112532186,69133982838.0,68818681688.0,0.30533641003245104,0.3067353458861858,1.0045816214764105,0.2595747011738403,1.9299999999999873,0,coinpaprika
stable_usdc,2025-08-28,20968126589.0,23.766269340244218,69598888551.0,69123274261.0,0.3012709976486935,0.30334394331245407,1.0068806678370608,0.2601059826188978,0.940000000000385,0,coinpaprika
stable_usdc,2025-08-29,20070956818.0,23.72253967270897,70913430004.0,70391528233.0,0.28303463556716774,0.2851331306739638,1.0074142696443877,0.26247767120626936,2.0399999999998197,0,coinpaprika
stable_usdc,2025-08-30,17776507348.0,23.601143610671766,71598739778.0,71373163040.0,0.24827961222666872,0.24906430639815455,1.0031605260071432,0.26608780023749035,2.2599999999994846,0,coinpaprika
stable_usdc,2025-08-31,9430568450.0,22.967222212899017,71571606785.0,71341964049.0,0.1317641013471904,0.1321882369754045,1.0032189012324118,0.2656252720738739,1.9999999999997797,0,coinpaprika
stable_usdc,2025-09-01,14124422842.0,23.37117125247153,71581408159.0,72049974781.0,0.19731971199317797,0.19603647169803998,0.9934966441914208,0.26754243552789786,2.1300000000001873,0,coinpaprika
stable_usdc,2025-09-02,18514252974.0,23.641806703482093,71803068012.0,71861411606.0,0.2578476586948322,0.2576383146424885,0.9991881095473063,0.2668700126438971,2.229999999999732,0,coinpaprika
stable_usdc,2025-09-03,17003530145.0,23.556686815092238,72205359290.0,72106640210.0,0.23548847775562395,0.23581087810331636,1.0013690705836868,0.2686263626863231,2.0399999999998197,0,coinpaprika
stable_usdc,2025-09-04,14673744253.0,23.40932562857332,72653890914.0,72281330956.0,0.20196776894398166,0.20300877223653208,1.0051543040654134,0.2674436501484021,2.5200000000003,0,coinpaprika
stable_usdc,2025-09-05,16323776049.0,23.515888535331907,72604191637.0,72238076383.0,0.2248324191888833,0.2259719093633219,1.0050681755707183,0.265027466407351,1.9700000000000273,0,coinpaprika
stable_usdc,2025-09-06,13826579683.0,23.34985864068445,72588198170.0,72235878046.0,0.19047972027930005,0.19140875776709182,1.0048773564263405,0.2665736201090896,2.6999999999999247,0,coinpaprika
stable_usdc,2025-09-07,6997386201.0,22.668802516556408,72570348478.0,72206302689.0,0.09642211106539314,0.09690824679305994,1.0050417453247535,0.2664403020847356,1.5699999999996272,0,coinpaprika
stable_usdc,2025-09-08,11510924110.0,23.166562344120223,72545198494.0,72145141960.0,0.15867244626744023,0.15955231076240853,1.005545162475691,0.2664222973168359,1.9599999999997397,0,coinpaprika
stable_usdc,2025-09-09,16253293375.0,23.51156139447982,72632487263.0,72185877168.0,0.22377442914969062,0.22515890936911806,1.0061869455982448,0.2663859778651452,1.9599999999997397,0,coinpaprika
stable_usdc,2025-09-10,16291681043.0,23.513920449079606,72480108122.0,72287339631.0,0.22477451352000619,0.22537391922517797,1.002666697819895,0.26639520464916966,1.9800000000003148,0,coinpaprika
stable_usdc,2025-09-11,17190709780.0,23.56763494583197,72334508919.0,71921402310.0,0.23765571975127547,0.23902078140667443,1.005743861990057,0.2649526566623828,1.9400000000002748,0,coinpaprika
stable_usdc,2025-09-12,18790366568.0,23.65661015890954,72502165148.0,72029014385.0,0.25916973003003263,0.2608721878042674,1.0065688912591664,0.2648803609564304,1.9100000000005224,0,coinpaprika
stable_usdc,2025-09-13,19448297114.0,23.69102535124995,73083770812.0,72595950971.0,0.2661096560552221,0.2678978214882678,1.0067196563234617,0.2657092602888214,1.9000000000002348,0,coinpaprika
stable_usdc,2025-09-14,13642709655.0,23.336471124764373,73164095730.0,72785742036.0,0.1864672763174189,0.1874365675663825,1.0051981841967466,0.26580622122061814,1.9999999999997797,0,coinpaprika
stable_usdc,2025-09-15,15988725460.0,23.495149652110065,73163073699.0,72800537352.0,0.21853545308633657,0.21962372863667814,1.004979858119001,0.26566490931666326,1.9999999999997797,0,coinpaprika
stable_usdc,2025-09-16,16684999401.0,23.537775913309172,73323165760.0,72764259852.0,0.2275542692143575,0.2293021249022077,1.007681049860698,0.26525837214893283,1.9299999999999873,0,coinpaprika
stable_usdc,2025-09-17,18295608056.0,23.62992687110468,73615857752.0,73207475526.0,0.2485280836859222,0.24991447833086697,1.0055784224639048,0.26607930013942976,1.9800000000003148,0,coinpaprika
stable_usdc,2025-09-18,35193792884.0,24.284135565506684,73825877301.0,73172467819.0,0.4767135071149813,0.4809704241635754,1.0089297177131742,0.2657974616285576,2.809999999999757,0,coinpaprika
stable_usdc,2025-09-19,18530376510.0,23.642677196033475,74275603398.0,74010712386.0,0.24948133252726915,0.2503742487081538,1.0035790901541182,0.2675749836113656,2.9599999999996296,0,coinpaprika
stable_usdc,2025-09-20,12326551680.0,23.235021445989336,74106535860.0,73758281550.0,0.16633555376663373,0.16712091742056048,1.0047215621443664,0.2659898247471273,2.9100000000004123,0,coinpaprika
stable_usdc,2025-09-21,9463133699.0,22.970669423084523,74009211276.0,73574557395.0,0.12786426899902315,0.12861964834114106,1.0059076655897021,0.2651760771426997,2.929999999999877,0,coinpaprika
stable_usdc,2025-09-22,19208682006.0,23.678628201638606,74001581596.0,73642796157.0,0.25957123606988264,0.2608358591524522,1.004871969258678,0.26561449296490486,2.9800000000002047,0,coinpaprika
stable_usdc,2025-09-23,20348095235.0,23.736253144257685,74110614285.0,73760589980.0,0.2745638452914356,0.27586676354564593,1.0047454108636455,0.2651176728557702,3.349999999999742,0,coinpaprika
stable_usdc,2025-09-24,17709698409.0,23.59737825923421,74040502964.0,73622311311.0,0.2391893315150873,0.24054798190441995,1.0056802298862018,0.2641139324381081,3.929999999999767,0,coinpaprika
stable_usdc,2025-09-25,21530994889.0,23.79275935673021,74139193146.0,73729893288.0,0.2904131266521836,0.292025309258169,1.0055513420642184,0.26380317279316995,2.9900000000004923,0,coinpaprika
stable_usdc,2025-09-26,27035358396.0,24.02041141647076,73890564195.0,73707162652.0,0.36588377271897216,0.36679418150505094,1.0024882458692097,0.26380499537922797,2.9599999999996296,0,coinpaprika
stable_usdc,2025-09-27,16356627205.0,23.517898985864466,73802802778.0,73514538066.0,0.221626098052143,0.22249513681654806,1.003921193271203,0.2622687232768132,2.9500000000004523,0,coinpaprika
stable_usdc,2025-09-28,9703152268.0,22.995716645847992,73791115176.0,73436316750.0,0.13149485876256112,0.1321301598095196,1.0048313755605125,0.26183372439438746,3.929999999999767,0,coinpaprika
stable_usdc,2025-09-29,13167869845.0,23.301045596719277,73604961081.0,73347331002.0,0.1788992161888268,0.179527593780351,1.0035124669906936,0.2614135245633897,2.9500000000004523,0,coinpaprika
stable_usdc,2025-09-30,16767755350.0,23.542723554747212,73548014856.0,73214277372.0,0.22798379239507233,0.22902302599810465,1.0045583661545177,0.2609456147764209,3.9199999999994795,0,coinpaprika
stable_usdc,2025-10-01,19517725149.0,23.694588871693387,73908278800.0,73642961212.0,0.26408036374133503,0.2650317807402294,1.0036027555605243,0.26154183166138684,2.9800000000002047,0,coinpaprika
stable_usdc,2025-10-02,20586335266.0,23.747893356083516,74197921762.0,73777519907.0,0.27745164254106053,0.2790326279868181,1.0056982378308452,0.2614078836744434,1.9800000000003148,0,coinpaprika
stable_usdc,2025-10-03,21551828899.0,23.793726517644526,74605089271.0,74099214899.0,0.28887880317003367,0.2908509749850379,1.0068269869348754,0.26142124733435257,2.7997245170807705,0,coinpaprika
stable_usdc,2025-10-04,18218381041.0,23.625696868738082,75388468862.0,75183499356.0,0.24166004849294773,0.24231887577797465,1.0027262565291015,0.2638492460330377,1.8698347668388848,0,coinpaprika
stable_usdc,2025-10-05,13951297766.0,23.358838370779246,75287838686.0,75105831548.0,0.18530612658687312,0.18575518676048144,1.0024233422924513,0.26329302100772345,1.9999999999997797,0,coinpaprika
stable_usdc,2025-10-06,16905881920.0,23.55092744098536,75244029790.0,74912337284.0,0.22468070845199212,0.22567553667306023,1.0044277420519203,0.262876406607788,2.9706200505652536,0,coinpaprika
stable_usdc,2025-10-07,21844996789.0,23.80723775240542,75446417335.0,75148679444.0,0.28954319582867705,0.2906903614358075,1.0039619843382859,0.2630919963508196,2.8974681102889033,0,coinpaprika
stable_usdc,2025-10-08,22087339494.0,23.81827040778597,75647731647.0,75341515749.0,0.2919762299954691,0.2931629298192499,1.0040643713489938,0.26308203461153207,3.6503475697757803,0,coinpaprika
stable_usdc,2025-10-09,19364407581.0,23.68670255724275,75639072810.0,75310826205.0,0.25601064187608463,0.25712647911057396,1.0043585580127152,0.2629862179604055,3.0542412571932243,0,coinpaprika
stable_usdc,2025-10-10,21308749786.0,23.782383613433517,75464021447.0,75331286725.0,0.28236965612766335,0.28286719519060494,1.0017620132055431,0.2632651056963148,1.9906724519214158,0,coinpaprika
stable_usdc,2025-10-11,51272786391.0,24.660425968680897,75398610469.0,74782003364.0,0.6800229615913241,0.6856300190492447,1.0082453943096266,0.26070036757711307,0.25216120712157064,0,coinpaprika
stable_usdc,2025-10-12,25173795158.0,23.949069415776183,75566425245.0,75137167003.0,0.3331346570435482,0.33503785359640836,1.005712994768393,0.26220549563118234,1.9216076957762063,0,coinpaprika
stable_usdc,2025-10-13,28170412795.0,24.061538072472445,75820559601.0,75282039353.0,0.3715405550057225,0.3741983218986403,1.0071533695504031,0.26261704076669645,0.9569989147706348,0,coinpaprika
stable_usdc,2025-10-14,25510418331.0,23.962352767711263,75964779118.0,75351059407.0,0.33581902859709967,0.33855420921434476,1.0081448053395647,0.262523535040985,1.0022723316061022,0,coinpaprika
stable_usdc,2025-10-15,25204222273.0,23.950277367984317,76229793311.0,75860518084.0,0.3306347974757399,0.3322442676319648,1.0048678184163085,0.2635756349247272,1.9470237629015674,0,coinpaprika
stable_usdc,2025-10-16,21239106987.0,23.779109988556808,76076218532.0,75680208026.0,0.2791819493244946,0.2806428198466802,1.0052326825775102,0.26214061371079767,1.3359861970385634,0,coinpaprika
stable_usdc,2025-10-17,25755235475.0,23.97190376284587,75990708735.0,75681558830.0,0.33892611220163005,0.34031058388811464,1.0040848776079576,0.2622042202222031,1.962119337612922,0,coinpaprika
stable_usdc,2025-10-18,17873199844.0,23.606568212483065,76010184855.0,75728951658.0,0.23514217046170346,0.2360154135596287,1.0037136813707666,0.26218305619029314,1.5433401710329697,0,coinpaprika
stable_usdc,2025-10-19,9991329626.0,23.02498351654621,75999877660.0,75641628357.0,0.13146507512417488,0.13208771205776648,1.0047361394880236,0.2619203876067215,1.9470172344271397,0,coinpaprika
stable_usdc,2025-10-20,15291755758.0,23.4505796808377,76035345598.0,75613370819.0,0.20111377988399948,0.20223613353522804,1.0055806899550888,0.2615505164512043,1.7594647104757222,0,coinpaprika
stable_usdc,2025-10-21,19352858332.0,23.68610596298075,76369455747.0,75824634449.0,0.25341097619070346,0.25523180523892697,1.0071852809045383,0.26234520983111304,1.9927637028815948,0,coinpaprika
stable_usdc,2025-10-22,23614617371.0,23.885131737410738,76701081199.0,76306245382.0,0.30787854619326904,0.309471619954328,1.0051743578133532,0.2629443673414981,1.9541888216045855,0,coinpaprika
stable_usdc,2025-10-23,20952892593.0,23.765542545096242,76498890986.0,76054020114.0,0.2738979914994398,0.27550013216386177,1.0058494063999925,0.2626113073277849,1.969003182431539,0,coinpaprika
stable_usdc,2025-10-24,16643393904.0,23.53527921217935,76440813304.0,76037162295.0,0.217729157823195,0.2188849952004906,1.0053086016997053,0.262583576904105,1.3111426630529888,0,coinpaprika
stable_usdc,2025-10-25,11579775059.0,23.17252588403213,76336515804.0,75996678803.0,0.15169378556301918,0.15237211995825906,1.004471734901481,0.2620435545334539,1.1766095194476467,0,coinpaprika
stable_usdc,2025-10-26,8341391886.0,22.844495932317653,76267916654.0,75884447544.0,0.1093696045722854,0.10992228521085852,1.0050533294029407,0.2618237696326572,1.9356216734878195,0,coinpaprika
stable_usdc,2025-10-27,15461872872.0,23.461643015912045,76241305313.0,75832109356.0,0.202801785836733,0.20389612003818833,1.005396077736398,0.2617620847035465,2.0014667155843213,0,coinpaprika
stable_usdc,2025-10-28,16143016989.0,23.504753408589814,76219472739.0,75687574209.0,0.21179649253516727,0.21328490386577134,1.0070275541997322,0.26160424094755846,1.951722644746301,0,coinpaprika
stable_usdc,2025-10-29,17213371027.0,23.568952304107174,76290717409.0,75767724438.0,0.22562864279697206,0.22718606312488024,1.0069025825294247,0.2616649611803914,1.9259600378240815,0,coinpaprika
stable_usdc,2025-10-30,20165162915.0,23.727222344386142,76215483838.0,75839252919.0,0.2645809210876639,0.26589348047161504,1.0049608995938004,0.2623641840255231,1.2391009913947926,0,coinpaprika
stable_usdc,2025-10-31,20591984363.0,23.748167728475885,75903723064.0,75561827029.0,0.27129083438552004,0.27251834918042633,1.004524719007506,0.2615606408938652,2.4739201644308206,0,coinpaprika
stable_usdc,2025-11-01,15763079065.0,23.4809362745016,75967940516.0,75522646181.0,0.20749646440237585,0.2087198987601904,1.0058961696592674,0.2616188731389191,2.908102797661849,0,coinpaprika
stable_usdc,2025-11-02,9331701704.0,22.956683225849748,75900476167.0,75496535300.0,0.12294655020961827,0.12360437027896298,1.0053504556917063,0.2614247767001426,1.997894246663634,0,coinpaprika
stable_usdc,2025-11-03,17558430194.0,23.588800024517173,75757498752.0,75336932985.0,0.23177151415042538,0.23306537044049802,1.0055824646735185,0.2609175339186527,2.985879652497303,0,coinpaprika
stable_usdc,2025-11-04,25708618309.0,23.970092115434312,75494673474.0,74976036923.0,0.3405355255672961,0.34289113380856096,1.0069173641644014,0.2597232922432782,1.9571829558462372,0,coinpaprika
stable_usdc,2025-11-05,32254041770.0,24.196909198568076,75134488050.0,74650691250.0,0.4292841091635015,0.43206621706935633,1.0064808080394032,0.25936783558465587,1.9961502488374805,0,coinpaprika
stable_usdc,2025-11-06,19164629646.0,23.676332211146605,75280841957.0,74803089779.0,0.25457512360112455,0.2562010433341782,1.006386797382454,0.2597549631860929,2.9382682878453803,0,coinpaprika
stable_usdc,2025-11-07,21100003440.0,23.77253904050899,75509320432.0,74920844018.0,0.2794357480544621,0.2816306158394405,1.00785464207876,0.26032920981795943,2.9633283615704276,0,coinpaprika
stable_usdc,2025-11-08,19126327999.0,23.67433165215681,75786810127.0,75414201438.0,0.2523701415450656,0.2536170593110935,1.0049408292058404,0.2615652393322004,0.006534924377188389,0,coinpaprika
stable_usdc,2025-11-09,10894988657.0,23.11156876431446,75734449491.0,75262040367.0,0.14385776526037494,0.1447607399941964,1.0062768577850985,0.26146754516479737,2.202113734911526,0,coinpaprika
stable_usdc,2025-11-10,15125086356.0,23.439620550400736,75883077853.0,75278195173.0,0.19932093931798836,0.2009225423277006,1.0080352973209559,0.26155878597776355,2.478042891018717,0,coinpaprika
stable_usdc,2025-11-11,16674633352.0,23.537154440680276,76118272020.0,75548040755.0,0.2190621635186195,0.22071562922558546,1.0075479292288896,0.2620824829310318,1.9722525849930062,0,coinpaprika
stable_usdc,2025-11-12,15818235888.0,23.48442928162684,76018120551.0,75513232607.0,0.20808506936694998,0.20947634397171425,1.0066860856908038,0.26191785177235694,2.083778165649086,0,coinpaprika
stable_usdc,2025-11-13,17927841601.0,23.609620738176197,75985960584.0,75488730268.0,0.23593623694710494,0.23749030533899032,1.0065868152005568,0.2612075299351826,2.1962497753946764,0,coinpaprika
stable_usdc,2025-11-14,24189203398.0,23.90917223002156,75435248736.0,75039053895.0,0.32066181000681415,0.3223548558041158,1.0052798485646472,0.26011346400435587,2.9687961808300134,0,coinpaprika
stable_usdc,2025-11-15,19104580147.0,23.67319394157658,74979500364.0,74512961425.0,0.2547973786735542,0.2563927104981521,1.0062611783249225,0.25886081438376074,1.9816865100097392,0,coinpaprika
stable_usdc,2025-11-16,9460453844.0,22.97038619401799,74991210242.0,74386582866.0,0.12615416944826854,0.12717957297543916,1.0081281778609077,0.2585674569545578,2.3240986718675583,0,coinpaprika
stable_usdc,2025-11-17,16644713240.0,23.53535847988868,74967005627.0,74344757165.0,0.22202718517018194,0.22388550147603403,1.0083697692443732,0.2585293268337005,1.9774489062995837,0,coinpaprika
stable_usdc,2025-11-18,24104232104.0,23.905653268042688,74842583168.0,74353102162.0,0.3220657423046577,0.32418596404332767,1.0065831954789664,0.2586583497944148,1.9781548587682884,0,coinpaprika
stable_usdc,2025-11-19,19328655476.0,23.684854571461933,74655121508.0,74378487507.0,0.25890595428109714,0.2598688965566948,1.003719274353004,0.2588133332279287,2.977469950107281,0,coinpaprika
stable_usdc,2025-11-20,21557064858.0,23.793969435454247,74419329055.0,74127103178.0,0.28967023932812047,0.2908121852035069,1.0039422271270777,0.25834560137670864,2.967728484053467,0,coinpaprika
stable_usdc,2025-11-21,27663861531.0,24.043392760524906,73899980427.0,73329673348.0,0.37434193312577346,0.37725330371670757,1.0077773028701968,0.25558382064464374,2.9562360452517478,0,coinpaprika
stable_usdc,2025-11-22,21603305964.0,23.796112193860157,74071005236.0,73590490103.0,0.2916567136515701,0.2935611100532583,1.006529581911025,0.2568055968643336,2.891623222459616,0,coinpaprika
stable_usdc,2025-11-23,10908080222.0,23.11276965641316,74050527627.0,73583121468.0,0.1473059081623983,0.14824160764563013,1.0063520838702564,0.2566299832770636,3.928511785347144,0,coinpaprika
stable_usdc,2025-11-24,14862308082.0,23.422094186045626,74266040691.0,73519809773.0,0.20012253169436975,0.20215378858961836,1.0101500659523477,0.25661503478892095,2.9761621625412626,0,coinpaprika
stable_usdc,2025-11-25,17799354160.0,23.602428010496315,74911893908.0,74310233035.0,0.23760384675175286,0.2395276321044039,1.008096608615352,0.2584306448569128,2.95506926981548,0,coinpaprika
stable_usdc,2025-11-26,15941718675.0,23.49220532607708,75358630494.0,74764041712.0,0.21154469727617023,0.2132270849723374,1.0079528710377967,0.25950059790850377,3.9907005243211557,0,coinpaprika
stable_usdc,2025-11-27,15384135697.0,23.456602665916815,76000672551.0,75502521029.0,0.20242104682266499,0.20375658305622749,1.0065978130956537,0.2612149875338469,2.7704609563106164,0,coinpaprika
stable_usdc,2025-11-28,12394911397.0,23.240551854203094,76275127257.0,75731063225.0,0.16250266427267718,0.16367010932058654,1.007184159429844,0.2617617632211892,3.00000000000078,0,coinpaprika
stable_usdc,2025-11-29,12081435785.0,23.214935878847164,76573254349.0,76232241210.0,0.1577761829206855,0.15848197026923014,1.0044733453140988,0.26302469793787947,2.9598816540177264,0,coinpaprika
stable_usdc,2025-11-30,6958301926.0,22.663201305520005,76613873308.0,76261384667.0,0.09082300144291773,0.0912427955036989,1.0046221117350433,0.2631026954598719,2.96708771527876,0,coinpaprika
stable_usdc,2025-12-01,13898052951.0,23.3550145918759,76847917722.0,76112349840.0,0.1808513927635188,0.18259918370955397,1.0096642382418395,0.26271355210769154,2.4887534855555504,0,coinpaprika
stable_usdc,2025-12-02,17595671098.0,23.590918748453234,77543907911.0,77002074502.0,0.22691235935897375,0.22850905266900287,1.0070366079421136,0.26499538635580705,3.004051324932977,0,coinpaprika
stable_usdc,2025-12-03,17365099869.0,23.577728274349635,77855014694.0,77376936826.0,0.22304407670143647,0.22442216739659077,1.00617855768929,0.26587595534004754,2.009774424707178,0,coinpaprika
stable_usdc,2025-12-04,14948600153.0,23.427883497215113,77998229145.0,77574727817.0,0.19165307106152762,0.19269935678361622,1.0054592692738678,0.2658748648333105,0.9363160020103845,0,coinpaprika
stable_usdc,2025-12-05,13116374553.0,23.297127252550652,78109669904.0,77626613205.0,0.16792254491819725,0.16896749724687413,1.0062228233212278,0.2657916962294542,1.5625416514142287,0,coinpaprika
stable_usdc,2025-12-06,11215025571.0,23.140520285076484,78178865349.0,77822254378.0,0.14345341955187962,0.14411077731732272,1.004582377802471,0.2662212761854549,2.9223626432883787,0,coinpaprika
stable_usdc,2025-12-07,6659360640.0,22.61928931704058,78179788223.0,77781643287.0,0.08518008031698476,0.08561609601674498,1.005118751921079,0.2661827111629606,2.826039121799351,0,coinpaprika
stable_usdc,2025-12-08,11428664878.0,23.159390499444047,78255786871.0,77761395823.0,0.1460424249115209,0.14697093277509904,1.0063577954429384,0.266105634960851,2.1673954851408883,0,coinpaprika
stable_usdc,2025-12-09,13043163639.0,23.291529974449215,78351543965.0,78138457954.0,0.16646977173578661,0.16692373999341645,1.00272703117747,0.26702587716089515,1.8786658517089272,0,coinpaprika
stable_usdc,2025-12-10,14768123460.0,23.415736874707175,78385889354.0,78095651209.0,0.1884028309394488,0.18910301958399026,1.0037164443923166,0.26642380187976133,1.4274798571622949,0,coinpaprika
stable_usdc,2025-12-11,15632260643.0,23.472602605853993,78336180111.0,78185014861.0,0.19955352202327914,0.1999393447809861,1.0019334299580136,0.26687323471336577,12.04067988813562,0,coinpaprika
stable_usdc,2025-12-12,13172726899.0,23.3014143851793,78547479721.0,78567461160.0,0.16770400458155268,0.16766135375272193,0.999745677934542,0.26740555407567757,1.6649549861191826,0,coinpaprika
stable_usdc,2025-12-13,9093035528.0,22.930774630973875,78463434922.0,78423998790.0,0.11588882817887503,0.115947103798531,1.000502857959406,0.26696241011868416,0.9871893282975552,0,coinpaprika
stable_usdc,2025-12-14,5615492401.0,22.44879511532576,78442655451.0,78355359299.0,0.0715872297886164,0.07166698552898687,1.0011141056946327,0.26676960139202827,0.025300684896034653,0,coinpaprika
stable_usdc,2025-12-15,10439383898.0,23.06885140415379,78445630055.0,78310744099.0,0.13307795336312186,0.13330717282934498,1.0017224450814755,0.26669202316613894,1.160219264739748,0,coinpaprika
stable_usdc,2025-12-16,14097119279.0,23.369236307074164,78343977557.0,78208036258.0,0.1799387740907524,0.18025154387581221,1.0017382011555889,0.26645921603636197,0.5857887299254294,0,coinpaprika
stable_usdc,2025-12-17,12218037104.0,23.226179148082128,78201407711.0,78165831999.0,0.15623807117581312,0.15630918000279598,1.0004551312394456,0.26638385605960574,0.999721946637333,0,coinpaprika
stable_usdc,2025-12-18,14319950535.0,23.384919544283,77813529857.0,77983298164.0,0.1840290571744548,0.18362842906291213,0.9978230170947249,0.2656865613522635,0.7197837620309677,0,coinpaprika
stable_usdc,2025-12-19,15388139471.0,23.456862885481375,77239785632.0,77341285321.0,0.19922555901844427,0.19896410315826177,0.9986876389682595,0.2640997239998312,2.241348454183889,0,coinpaprika
stable_usdc,2025-12-20,9630160494.0,22.988165728765022,77128164452.0,77117379270.0,0.12485919459412574,0.12487665666494323,1.0001398541042512,0.26336335113143666,1.1051623948010736,0,coinpaprika
stable_usdc,2025-12-21,4971627078.0,22.327013003558267,77118956759.0,77073197863.0,0.0644669908273856,0.06450526533020236,1.00059370698594,0.2628723356352623,0.24688378204240635,0,coinpaprika
stable_usdc,2025-12-22,9161925309.0,22.938322180227548,77148634254.0,77028439292.0,0.11875680493365276,0.11894211272110686,1.001560397213091,0.26275742580040046,0.10901026288090421,0,coinpaprika
stable_usdc,2025-12-23,11695082079.0,23.18243425534185,77079280309.0,77064482833.0,0.15172796154966756,0.1517570954747524,1.0001920142127219,0.26279579603442066,0.9507597857849603,0,coinpaprika
stable_usdc,2025-12-24,11032265619.0,23.124090054377437,76742482122.0,76839734256.0,0.1437569559121329,0.1435750100624346,0.9987343509846612,0.2622666424924968,1.99098493954053,0,coinpaprika
stable_usdc,2025-12-25,7167779846.0,22.692861798838226,76567030624.0,76561361608.0,0.09361444198089684,0.09362137369891066,1.000074045391578,0.2617275989604078,0.2029281714710507,0,coinpaprika
stable_usdc,2025-12-26,9068449378.0,22.92806712493637,76566821932.0,76473668777.0,0.11843836728725411,0.11858263795926842,1.0012181075720539,0.2613830170547175,2.8788210417518556,0,coinpaprika
stable_usdc,2025-12-27,7612391230.0,22.75304318167017,76523258311.0,76452764619.0,0.09947813773248258,0.09956986209636914,1.0009220554985985,0.26141658239559123,1.4085313471212668,0,coinpaprika
stable_usdc,2025-12-28,4611394408.0,22.25179612305599,76460651186.0,76372786121.0,0.060310687085076115,0.06038007308904524,1.0011504760983945,0.26124095500330297,2.359664652269444,0,coinpaprika
stable_usdc,2025-12-29,10188540774.0,23.044529472258404,76220627666.0,76270278647.0,0.1336716986725214,0.13358468009741242,0.9993490127231631,0.26092941139659453,0.893856851271746,0,coinpaprika
stable_usdc,2025-12-30,11851893298.0,23.195753463832865,76048969036.0,76007865440.0,0.15584554857528127,0.1559298268592451,1.0005407808226432,0.2600304301901604,3.048830388319157,0,coinpaprika
stable_usdc,2025-12-31,11205330525.0,23.139655441845456,75773308739.0,76003970103.0,0.14787965197080927,0.1474308580172144,0.9969651405882165,0.26017239597911873,1.3188555942844626,0,coinpaprika
stable_usdc,2026-01-01,9528914002.0,22.977596592505236,75275091039.0,75312364733.0,0.12658787748344366,0.1265252264456472,0.9995050786928262,0.25857688839073706,1.7036730119246446,0,coinpaprika
stable_usdc,2026-01-02,9330589988.0,22.95656408549769,75270880311.0,75132503398.0,0.12396015496893874,0.1241884612651996,1.0018417716266816,0.2582400070988202,1.4100301922692626,0,coinpaprika
stable_usdc,2026-01-03,12787175978.0,23.27170862901749,75373583261.0,75288915416.0,0.16965063122607804,0.1698414156631952,1.001124572515518,0.25809468063435265,1.2401051608235125,0,coinpaprika
stable_usdc,2026-01-04,6908070351.0,22.65595618131332,75429891160.0,75306641558.0,0.09158266364652143,0.09173255118115328,1.0016366365495808,0.25815064031242896,0.3677089418674395,0,coinpaprika
stable_usdc,2026-01-05,10828242974.0,23.105423647955384,75504387125.0,75375012020.0,0.14341210340630256,0.14365825866968798,1.0017164190297665,0.2582676908568224,2.8642802551948066,0,coinpaprika
stable_usdc,2026-01-06,16154740727.0,23.505479387069016,75778538447.0,75666723343.0,0.21318358809861093,0.21349861621164662,1.0014777315451224,0.25877391803895816,2.6279555550423606,0,coinpaprika
stable_usdc,2026-01-07,14815962773.0,23.418971002293084,75545112362.0,75482167416.0,0.19612073249695222,0.19628427852827462,1.0008339048566677,0.25841929323900187,0.223407566007916,0,coinpaprika
stable_usdc,2026-01-08,13956955128.0,23.359243796521845,75074924808.0,75069992350.0,0.18590701440852783,0.18591922938966438,1.000065704788899,0.2572981963147742,0.12196187664459401,0,coinpaprika
stable_usdc,2026-01-09,13196973163.0,23.303253334486577,74900679284.0,74923084420.0,0.17619297033290174,0.17614028126526507,0.9997009581736598,0.25737669456143963,0.7789972113048105,0,coinpaprika
stable_usdc,2026-01-10,8785966217.0,22.896421537511955,74776693509.0,74632467209.0,0.1174960513056456,0.11772311094038831,1.0019324873663376,0.2561322411099237,2.257063242783186,0,coinpaprika
stable_usdc,2026-01-11,4568725138.0,22.24250003991541,74713193484.0,74596182890.0,0.06115017876967611,0.06124609813798477,1.0015685868829582,0.2558934504027487,3.281845152631746,0,coinpaprika
stable_usdc,2026-01-12,9811146423.0,23.006784966488826,74543366774.0,74558603100.0,0.1316166259668061,0.1315897296230326,0.9997956463055033,0.25582953941427183,1.7709257620435181,0,coinpaprika
stable_usdc,2026-01-13,14541262561.0,23.400256138982094,74470766760.0,73977140735.0,0.19526135144898835,0.1965642685906114,1.0066726832112673,0.25442340316169715,1.2693295976295982,0,coinpaprika
stable_usdc,2026-01-14,22601094576.0,23.84126417466245,75130399623.0,74878925568.0,0.30082489497475035,0.3018351879992617,1.0033584089661065,0.25682119450138285,2.6756727262200464,0,coinpaprika
stable_usdc,2026-01-15,18914854734.0,23.66321341511822,75675667640.0,75687822294.0,0.24994632124001437,0.24990618253657215,0.9998394107052944,0.25879645214671865,2.686448068222047,0,coinpaprika
stable_usdc,2026-01-16,12349368542.0,23.23687076859175,75671414530.0,76621049108.0,0.16319727361649994,0.16117462088770335,0.9876060875039513,0.26118587281499017,1.8321630414852574,0,coinpaprika
stable_usdc,2026-01-17,8420456122.0,22.853929835111103,76016902809.0,77119711944.0,0.11077083925870053,0.10918682020122769,0.9857000356043757,0.2624093398013122,14.413531307271299,0,coinpaprika
stable_usdc,2026-01-18,5348565107.0,22.400094157769022,76015947307.0,77031538927.0,0.0703610925928364,0.06943344481367095,0.9868158986027471,0.2620480516238787,82.79416619809687,1,coinpaprika
stable_usdc,2026-01-19,10735298399.0,23.096803064816772,75894898853.0,76768398593.0,0.14144953825939055,0.13984007216191793,0.9886216235324772,0.2610979894209129,2.058989280288026,0,coinpaprika
stable_usdc,2026-01-20,12518578783.0,23.250479680520023,75534104051.0,76437212516.0,0.16573412685940592,0.16377597208139405,0.988184963380095,0.26000857607716393,2.9968863301643722,0,coinpaprika
stable_usdc,2026-01-21,17166510479.0,23.566226257654176,74789284494.0,74497118677.0,0.22953168485489642,0.23043187151209826,1.003921840497842,0.25522080744665104,3.037629758279037,0,coinpaprika
stable_usdc,2026-01-22,15712407455.0,23.477716521012496,74145649037.0,74226424810.0,0.2119127374171238,0.21168212661757055,0.9989117652748767,0.2548633403844889,3.01613278752777,0,coinpaprika
stable_usdc,2026-01-23,13009152060.0,23.288918951405197,73398623423.0,73636751175.0,0.17723972812170596,0.17666656733786842,0.996766183350022,0.2533586257480646,3.1001149691956,0,coinpaprika
stable_usdc,2026-01-24,10663400838.0,23.090083232854262,72703259797.0,72936917936.0,0.14667018876146748,0.1462003213154252,0.9967964352537486,0.25063946246574315,3.889243489155758,0,coinpaprika
stable_usdc,2026-01-25,6061464903.0,22.525217341148174,72518809511.0,72559398810.0,0.08358472710560104,0.08353797030309215,0.9994406059081845,0.24932408337269277,2.934677148423992,0,coinpaprika
stable_usdc,2026-01-26,12466719711.0,23.246328507662998,72345090606.0,72382705488.0,0.17232295386697688,0.17223340336548765,0.999480333295828,0.2487109722259709,2.9350383530379887,0,coinpaprika
stable_usdc,2026-01-27,18025179851.0,23.6150354979872,71875259368.0,72032645906.0,0.25078420599098517,0.25023625918895454,0.9978150665435033,0.2480889305603441,3.7203270684749157,0,coinpaprika
stable_usdc,2026-01-28,17170789617.0,23.566475499033665,71485464643.0,71539998624.0,0.24019973434811265,0.24001663331371104,0.9992377134183826,0.24688956516738386,3.9999856495720465,0,coinpaprika
stable_usdc,2026-01-29,12840261949.0,23.27585153609047,70946623626.0,71294078029.0,0.18098482059820525,0.18010278418604445,0.9951264619361699,0.2462976262009218,4.832851048219844,0,coinpaprika
stable_usdc,2026-01-30,17583598547.0,23.590232403819304,70225451955.0,70250401831.0,0.25038783030214534,0.25029890347532124,0.9996448436542752,0.24388452316285253,2.994922779596676,0,coinpaprika
stable_usdc,2026-01-31,16537519413.0,23.528897540324817,70104766109.0,70020388978.0,0.23589721970239802,0.236181484484412,1.001205036593363,0.24363519564274247,2.892646890354511,0,coinpaprika
stable_usdc,2026-02-01,17567784647.0,23.58933264400168,70294047565.0,70086068463.0,0.24991852447755689,0.25066015304131983,1.0029674813634295,0.24404762854321754,4.012245632560862,0,coinpaprika
stable_usdc,2026-02-02,19540158984.0,23.695737619914848,70474730991.0,70338001812.0,0.2772647544620693,0.2778037260175104,1.0019438877346196,0.2447774461821348,3.023661863740257,0,coinpaprika
stable_usdc,2026-02-03,17322421759.0,23.57526755478654,70722658613.0,70715185226.0,0.24493453864326095,0.24496042403960258,1.0001056829162804,0.24585418509433124,2.961232386308188,0,coinpaprika
stable_usdc,2026-02-04,19761507797.0,23.70700183192181,70799411174.0,70860356564.0,0.27911966313438935,0.278879598625103,0.9991399226174518,0.2461145594245255,2.9939242674015265,0,coinpaprika
stable_usdc,2026-02-05,24641705315.0,23.92770618247013,70724277834.0,70786876510.0,0.34841932741734893,0.3481112111440443,0.9991156739909105,0.2455166632182591,2.3450703901040093,0,coinpaprika
stable_usdc,2026-02-06,37173771378.0,24.33886927908945,71177939659.0,70551319297.0,0.5222653473266082,0.5269039863239058,1.0088817667514072,0.2453460631185881,1.9548114148604245,0,coinpaprika
stable_usdc,2026-02-07,23479097264.0,23.879376384191055,72653922470.0,72568034111.0,0.32316351912995345,0.32354600137143574,1.0011835563695803,0.2517455487311492,0.9062758479838617,0,coinpaprika
stable_usdc,2026-02-08,10769931801.0,23.10002399587553,72801276308.0,72719099879.0,0.14793603006952383,0.1481032056078869,1.0011300528903238,0.2520619772750854,2.47052962492611,0,coinpaprika
stable_usdc,2026-02-09,11250441495.0,23.1436732089157,72932484864.0,72846879535.0,0.15425830500604948,0.15443958021008455,1.001175140644959,0.2514499327737913,1.880849389932493,0,coinpaprika
stable_usdc,2026-02-10,14671076679.0,23.409143819727845,73180180313.0,73035841605.0,0.20047882659280322,0.20087502733720294,1.001976272263427,0.252107679629121,0.9279326839850555,0,coinpaprika
stable_usdc,2026-02-11,13594559684.0,23.332935526496044,73353875723.0,73213052012.0,0.18532844447559907,0.18568491970218345,1.0019234782204807,0.2526391009641717,1.754172978014612,0,coinpaprika
stable_usdc,2026-02-12,14823404706.0,23.419473167743217,73312815861.0,73354762682.0,0.20219390746230445,0.20207828590845417,0.9994281649961593,0.2532941679192778,1.2238034776468343,0,coinpaprika
stable_usdc,2026-02-13,13671618679.0,23.338587891791466,73231630902.0,73257305055.0,0.18669007518480132,0.18662464676711277,0.9996495345688635,0.2531507872922303,0.9269335765249576,0,coinpaprika
stable_usdc,2026-02-14,12573075464.0,23.2548234966869,73541502989.0,73560911040.0,0.17096571259742438,0.1709206056075512,0.9997361635313428,0.2540062873577663,0.8317093257870223,0,coinpaprika
stable_usdc,2026-02-15,15088337289.0,23.437187917439186,73596383607.0,73577053407.0,0.20501465628488977,0.20506851783717286,1.0002627204964716,0.25400235314049563,0.9087371776206332,0,coinpaprika
stable_usdc,2026-02-16,14171515722.0,23.374499851971482,73690720748.0,73704128354.0,0.19231072213911846,0.19227573866601322,0.9998180888058861,0.25433854795445987,0.023517571963171946,0,coinpaprika
stable_usdc,2026-02-17,13704950067.0,23.34102292335268,73699844488.0,73740960376.0,0.18595629559613897,0.18585261158953476,0.9994424280916555,0.2544064356153309,0.01021762687569705,0,coinpaprika
stable_usdc,2026-02-18,14375585835.0,23.388797176608108,73589687678.0,73559763039.0,0.19534783049905038,0.1954272993970676,1.0004068071696226,0.25398020472893035,0.002715368555561426,0,coinpaprika
stable_usdc,2026-02-19,13160177868.0,23.3004612786337,73765559387.0,73634544689.0,0.1784054506922003,0.17872287964273856,1.0017792558988903,0.2541495388878804,1.4517796051438658,0,coinpaprika
stable_usdc,2026-02-20,13196616764.0,23.303226328005003,74126769615.0,73794951760.0,0.17802767923842705,0.17882817793443057,1.004496484476054,0.25457754000109684,0.9737438785195618,0,coinpaprika
stable_usdc,2026-02-21,11326322272.0,23.150395258497735,74503621768.0,74504560630.0,0.15202378090114219,0.1520218651882009,0.9999873985969173,0.25734487259385475,2.05864840848613,0,coinpaprika
stable_usdc,2026-02-22,5929759341.0,22.503249465995935,74480084497.0,74407823468.0,0.07961536806847803,0.07969268639540526,1.000971148269524,0.25706447186537745,1.0760311237656417,0,coinpaprika
stable_usdc,2026-02-23,10638465171.0,23.08774205970289,74594004524.0,74469491105.0,0.14261823371578292,0.1428566922258143,1.0016720057724637,0.2564128368225856,0.029392452518539613,0,coinpaprika
stable_usdc,2026-02-24,13717853849.0,23.34196402208138,74828286918.0,74776633616.0,0.18332444071628426,0.18345107536460137,1.0006907679511925,0.2574521395354823,1.9649260932874668,0,coinpaprika
stable_usdc,2026-02-25,12806120138.0,23.27318902946083,75091555109.0,74995415843.0,0.17054008429324882,0.17075870563621004,1.001281935234565,0.25806911604464045,0.9583323471629157,0,coinpaprika
stable_usdc,2026-02-26,14626019383.0,23.406067929105383,75392197411.0,75430875769.0,0.19399911244483783,0.19389963637424568,0.9994872344036089,0.2590176852008131,0.1569064284101529,0,coinpaprika
stable_usdc,2026-02-27,11604082237.0,23.17462279021941,75278952748.0,75341602829.0,0.15414776392872037,0.15401958282381314,0.9991684530372655,0.25890595810800016,0.040320930465576055,0,coinpaprika
stable_usdc,2026-02-28,10632604680.0,23.08719103042333,75239028523.0,75294578206.0,0.14131767632738232,0.14121341713224073,0.9992622352854144,0.2586747427229788,0.4783822802389981,0,coinpaprika
stable_usdc,2026-03-01,10443591595.0,23.06925438284406,75223360286.0,75226382817.0,0.1388344199899254,0.13882884174300494,0.9999598208648772,0.2582733662133774,0.740361362548958,0,coinpaprika
stable_usdc,2026-03-02,12542529182.0,23.252391041049098,75369558772.0,75229952120.0,0.16641372705845778,0.16672254638675424,1.0018557322989827,0.2584501150493506,0.9600058611136664,0,coinpaprika
stable_usdc,2026-03-03,17551796320.0,23.58842213609336,76115762670.0,75927178288.0,0.2305934500859676,0.23116618733576716,1.002483753331181,0.2601433474780068,0.707298403196388,0,coinpaprika
stable_usdc,2026-03-04,16011896865.0,23.496597837011777,76553606111.0,76379844350.0,0.20915927646547858,0.20963510728861548,1.002274968775843,0.2617023779259651,0.02178225867566219,0,coinpaprika
stable_usdc,2026-03-05,17582395888.0,23.590164004843547,77067435282.0,77051592582.0,0.22814300000595159,0.22818990884955984,1.0002056115839935,0.26324207328561766,0.8031236409233866,0,coinpaprika
stable_usdc,2026-03-06,13013158820.0,23.28922689946176,77232931027.0,77210083386.0,0.1684923600199856,0.16854221947854536,1.0002959152483462,0.2627417556005894,0.9580496928907056,0,coinpaprika
stable_usdc,2026-03-07,8544178555.0,22.86851601735412,77291979420.0,77392088634.0,0.11054418089840143,0.11040118836186003,0.9987064670851121,0.2632765298919444,0.9580528247155051,0,coinpaprika
stable_usdc,2026-03-08,5337245591.0,22.39797555010288,77255155512.0,77301689983.0,0.06908594715301516,0.06904435843736087,0.999398014829815,0.2629102433985299,0.34063884160606683,0,coinpaprika
stable_usdc,2026-03-09,10146795232.0,23.04042375198652,77495121269.0,77287342089.0,0.1309346326045298,0.13128663708367005,1.0026883985706319,0.26284533947840993,0.130449333192173,0,coinpaprika
stable_usdc,2026-03-10,12846420903.0,23.276331080619673,78339547169.0,78255879302.0,0.16398385448012265,0.16415917906211147,1.0010691575859383,0.26503919065543746,0.9360277433678732,0,coinpaprika
stable_usdc,2026-03-11,12565400481.0,23.25421288025537,78750011329.0,78732373891.0,0.15956061807413024,0.1595963624619779,1.0002240176070953,0.2664062448392193,0.35735655059876414,0,coinpaprika
stable_usdc,2026-03-12,11482502503.0,23.164090192235175,78837109208.0,78801464378.0,0.14564844675754313,0.14571432896119776,1.0004523371523786,0.2664569009786511,0.0451665273226709,0,coinpaprika
stable_usdc,2026-03-13,13747323387.0,23.344109979418842,78916630017.0,78940784292.0,0.17420058844426822,0.17414728660598294,0.9996940203316115,0.2666899024934559,0.6215905470030592,0,coinpaprika
stable_usdc,2026-03-14,9648245409.0,22.99004191296761,79199790067.0,79248572784.0,0.12182160332543751,0.12174661410366681,0.9993844341256093,0.26733186631988476,0.6543949713466723,0,coinpaprika
stable_usdc,2026-03-15,4911092436.0,22.3147622462658,79163473446.0,79215217975.0,0.06203735412582695,0.061996830426571836,0.9993467855000244,0.26723361133711776,0.006515752111191375,0,coinpaprika
stable_usdc,2026-03-16,11139956414.0,23.133804158960338,79228025981.0,79189828626.0,0.1406062599195835,0.1406740815996977,1.0004823517825805,0.2671793839163234,0.021637512701566664,0,coinpaprika
stable_usdc,2026-03-17,14067805266.0,23.367154709196207,79456116053.0,79300344318.0,0.1770512575346155,0.17739904393841097,1.0019643260863451,0.26752055613582226,0.002119079961504511,0,coinpaprika
stable_usdc,2026-03-18,11511653402.0,23.166625698625147,79556417827.0,79625059847.0,0.14469798561107605,0.14457324646436318,0.9991379344626943,0.26833588147815524,0.9724913370479094,0,coinpaprika
stable_usdc,2026-03-19,11951084344.0,23.204087851374656,79375379128.0,79412405972.0,0.1505641229722858,0.15049392091474761,0.9995337398036642,0.2682134061577893,0.5545755246805228,0,coinpaprika
stable_usdc,2026-03-20,10401291189.0,23.06519578827202,79182524195.0,79262014410.0,0.13135841897872702,0.13122668237015855,0.9989971209337575,0.2671927588518559,0.9501217249874294,0,coinpaprika
stable_usdc,2026-03-21,6813586475.0,22.642184466935355,79053043030.0,79097935711.0,0.0861900594062432,0.08614114153237563,0.999432441812843,0.26675625074042864,0.014269177540660039,0,coinpaprika
stable_usdc,2026-03-22,5990749530.0,22.51348237162959,79013724439.0,79043679832.0,0.07581910070097968,0.07579036733528578,0.9996210273476176,0.2663565839414431,0.04384905352594615,0,coinpaprika
stable_usdc,2026-03-23,10208695252.0,23.046505669869838,78843919896.0,79014808343.0,0.1294798034580967,0.12919977237285038,0.997837260501118,0.26639925936658804,0.023850203063613407,0,coinpaprika
stable_usdc,2026-03-24,12083712259.0,23.215124288535563,78659526787.0,78688051771.0,0.15362045454101392,0.1535647660227544,0.9996374928167873,0.2657117751885995,0.9199553713079567,0,coinpaprika
stable_usdc,2026-03-25,10956716370.0,23.117218472390746,78675715267.0,78702027979.0,0.1392642740242836,0.13921771333419225,0.9996656666584625,0.26579641173865465,1.421126886109736,0,coinpaprika
stable_usdc,2026-03-26,10300216543.0,23.055430755650328,78515204266.0,78702307580.0,0.131187540544429,0.130875661206375,0.9976226451326118,0.26582327010394263,1.506036148621881,0,coinpaprika
stable_usdc,2026-03-27,12440071321.0,23.244188657520752,78003449747.0,78105931879.0,0.15948104040717048,0.15927178668416486,0.9986879084656622,0.26453597613951957,2.4576098324213813,0,coinpaprika
stable_usdc,2026-03-28,11284558499.0,23.14670112372131,77790655802.0,77744257277.0,0.14506316192683227,0.14514973702550818,1.000596809676047,0.263733692710287,1.9019163992939347,0,coinpaprika
stable_usdc,2026-03-29,7762125757.0,22.772522071514004,77772425068.0,77691200701.0,0.09980562841152525,0.09990997290507946,1.0010454770458832,0.2636135694225658,2.517438195623889,0,coinpaprika
stable_usdc,2026-03-30,8842602431.0,22.9028470630311,77617581477.0,77613255450.0,0.11392525073227489,0.11393160072632928,1.0000557382495414,0.2630788956851186,2.003271277708496,0,coinpaprika
stable_usdc,2026-03-31,11634442706.0,23.17723573457329,77341383251.0,77385924342.0,0.15042972102324753,0.1503431380438469,0.9994244290369505,0.2622801915160118,2.7119445064949232,0,coinpaprika
stable_usdc,2026-04-01,13323688411.0,23.31280937153457,77233156012.0,77128465833.0,0.17251254641115338,0.1727467059937209,1.0013573481317088,0.2611983968669797,3.398683392864532,0,coinpaprika
stable_usdc,2026-04-02,12767291409.0,23.270152378776736,77253930112.0,77172711569.0,0.16526397285536717,0.16543790090341434,1.001052425674163,0.2613356322955411,2.3141711343799276,0,coinpaprika
stable_usdc,2026-04-03,9971525622.0,23.022999430577677,77323927084.0,77214991524.0,0.12895782713114845,0.12913976191916884,1.0014108084175097,0.26136700450565986,0.5463175499076378,0,coinpaprika
stable_usdc,2026-04-04,6637732284.0,22.616036218759003,77529186733.0,77489380882.0,0.08561591529212668,0.0856598956972939,1.0005136942707107,0.26195819370492995,1.92648606483381,0,coinpaprika
stable_usdc,2026-04-05,4415273118.0,22.208335530697138,77528613616.0,77457133206.0,0.056950239557602464,0.05700279542049955,1.000922838311223,0.2618839914220298,0.07165351959104171,0,coinpaprika
stable_usdc,2026-04-06,10590202215.0,23.083195091372698,77663535051.0,77502952975.0,0.1363600331615814,0.13664256403773498,1.0020719478398687,0.2619962031834101,0.19706933531482562,0,coinpaprika
stable_usdc,2026-04-07,14450255177.0,23.39397791072609,77903649387.0,77806327646.0,0.18548880945507226,0.1857208226398394,1.001250820388835,0.2632344960283285,0.5885007235983952,0,coinpaprika
stable_usdc,2026-04-08,16500836439.0,23.526676909901415,78061338604.0,77810765640.0,0.2113829551746179,0.21206366886740224,1.0032202865752446,0.2626574773202876,0.8458019999479927,0,coinpaprika
stable_usdc,2026-04-09,13032697036.0,23.290727193387315,78307304658.0,78194175338.0,0.16643015735146438,0.16667094421886566,1.0014467742579418,0.2639880611175313,0.1392640153063951,0,coinpaprika
stable_usdc,2026-04-10,14183375140.0,23.375336350954914,78465594912.0,78357752950.0,0.1807591614631458,0.1810079361138699,1.0013762768576175,0.2643394113887848,1.033619654329243,0,coinpaprika
stable_usdc,2026-04-11,9991189859.0,23.02496952761953,78651398443.0,78777246935.0,0.12703130594989717,0.12682837047153786,0.9984024766427312,0.26522788322692603,0.8699061783323803,0,coinpaprika
stable_usdc,2026-04-12,7471258930.0,22.734329353484323,78639139528.0,78747362210.0,0.09500687539109971,0.09487630722253243,0.9986256976873537,0.2650551215786883,2.0266205572927465,0,coinpaprika
stable_usdc,2026-04-13,10994135882.0,23.120627866050175,78663298276.0,78692174054.0,0.13976194900226155,0.13971066391501172,0.9996330540063592,0.2648190521890643,0.5949513953618091,0,coinpaprika
stable_usdc,2026-04-14,20910521841.0,23.763518306651346,78771859476.0,78728827816.0,0.2654567504194942,0.26560184396331593,1.0005465807277174,0.264855969351215,2.225844591771109,0,coinpaprika
stable_usdc,2026-04-15,19834342302.0,23.710680731956096,78615733670.0,78874522468.0,0.25229481906582835,0.2514670349991272,0.9967189811119935,0.26441938081205535,1.9028131947662619,0,coinpaprika
stable_usdc,2026-04-16,18358682082.0,23.63336843759063,78654493848.0,78639229846.0,0.23340919487039352,0.23345449997351186,1.0001941016211615,0.2638353409302754,0.6967692239334689,0,coinpaprika
stable_usdc,2026-04-17,20567779388.0,23.746991580918987,78690435545.0,78791772290.0,0.261375848863336,0.26103968460435806,0.9987138664094645,0.2637953693583886,1.1868339279108575,0,coinpaprika
stable_usdc,2026-04-18,17371443297.0,23.578093505169516,78527579305.0,78646776096.0,0.22121455227251513,0.2208792802364281,0.9984844033421726,0.26267934800232806,1.4830326691572804,0,coinpaprika
stable_usdc,2026-04-19,11848738937.0,23.1954872801305,78416612257.0,78596559390.0,0.15109985749151386,0.1507539137712883,0.9977104960522878,0.2625499187376034,2.0641968868506666,0,coinpaprika
stable_usdc,2026-04-20,17516446566.0,23.586406080365325,78232281824.0,78286249090.0,0.22390305073047642,0.2237487013314767,0.9993106418224488,0.2620989119722865,1.2848993365510708,0,coinpaprika
stable_usdc,2026-04-21,18000595441.0,23.613670674406553,78188599201.0,78359313309.0,0.23022020633373594,0.22971864709963624,0.9978213935167245,0.26224440445798414,0.31889063585088806,0,coinpaprika
stable_usdc,2026-04-22,16598900064.0,23.532602268968965,78074894067.0,78377024196.0,0.21260227455135128,0.21178272885802074,0.9961451696833443,0.26182100121050955,1.3870041602015437,0,coinpaprika
stable_usdc,2026-04-23,16444466563.0,23.52325487848151,78230435634.0,78424230440.0,0.2102054837063059,0.20968604308564,0.9975288911996623,0.26232762923701325,2.5297395312318116,0,coinpaprika
stable_usdc,2026-04-24,12802666305.0,23.272919291335725,77908332407.0,78130445111.0,0.16432987216460676,0.16386270789589436,0.9971571555277274,0.2610304454884932,2.80694796254366,0,coinpaprika
stable_usdc,2026-04-25,7873696148.0,22.7867934395692,77773736829.0,77893928009.0,0.10123849604027363,0.10108228393733411,0.9984569890995083,0.2604395764406716,1.894092252162638,0,coinpaprika
stable_usdc,2026-04-26,5018936801.0,22.336483955788587,77732243206.0,77827971883.0,0.06456698782896565,0.06448757020862686,0.9987699965104588,0.2601398508269451,2.570572936559934,0,coinpaprika
stable_usdc,2026-04-27,9801715535.0,23.00582326199653,77741847405.0,77888719762.0,0.1260803011785593,0.12584255544256637,0.9981143308370096,0.26029023678756524,0.39298798306330873,0,coinpaprika
stable_usdc,2026-04-28,11434312640.0,23.1598845525139,77607440869.0,77739956572.0,0.14733526208267736,0.1470841140670042,0.9982953977742801,0.2599697383684905,0.9197065650912162,0,coinpaprika
stable_usdc,2026-04-29,12380159640.0,23.239360999192417,77446507029.0,77610904554.0,0.15985433191149892,0.15951572412593323,0.9978817728520918,0.2595441395169634,1.7924608996366942,0,coinpaprika
stable_usdc,2026-04-30,12967514757.0,23.28571320226514,77282413407.0,77360195970.0,0.16779386389899467,0.16762515392319785,0.9989945402538772,0.2594976764911566,1.544351133252464,0,coinpaprika
stable_usdc,2026-05-01,9768455124.0,23.002424166137843,77215881080.0,77275650554.0,0.12650836832230575,0.1264105194064181,0.9992265419498703,0.2587896159887415,3.3351255549263215,0,coinpaprika
stable_usdc,2026-05-02,8515028823.0,22.865098536140476,77246792109.0,77361967992.0,0.11023148781356212,0.11006737605072998,0.998511207948951,0.25885066005887714,2.135330008995462,0,coinpaprika
stable_usdc,2026-05-03,6147239897.0,22.53926902095212,77235985177.0,77353205385.0,0.07959036041182754,0.0794697500433776,0.9984846108520445,0.258534617479074,0.9633123623598028,0,coinpaprika
stable_usdc,2026-05-04,14425426658.0,23.392258226650128,77501710843.0,77365561131.0,0.18613042862011753,0.18645798527298219,1.001759823234132,0.258522039626422,0.7289971426494013,0,coinpaprika
stable_usdc,2026-05-05,16699837884.0,23.538664848836973,77912176325.0,77927977273.0,0.21434182269968827,0.21429836200542646,0.9997972365182193,0.25999868414890487,1.8704883387432591,0,coinpaprika
stable_usdc,2026-05-06,18044837959.0,23.616125495228054,78170420855.0,78291368724.0,0.2308397186766048,0.23048310756468363,0.9984551570502442,0.26084992066353796,2.2309078955351502,0,coinpaprika
stable_usdc,2026-05-07,15890332087.0,23.488976716458527,78332279512.0,78382045908.0,0.20285803229517538,0.20272923349884348,0.9993650791399549,0.2609649070721019,2.430912118311923,0,coinpaprika
stable_usdc,2026-05-08,15068777397.0,23.43589071809202,78293988971.0,78468387934.0,0.1924640396414271,0.19203628102662687,0.9977774621399552,0.26103063888703826,2.7796167941429584,0,coinpaprika
stable_usdc,2026-05-09,11832702136.0,23.194132902801805,77934140289.0,78029221903.0,0.15182950748056337,0.1516444973744518,0.9987814614617303,0.2606450038220257,1.465456136544585,0,coinpaprika
stable_usdc,2026-05-10,7279851921.0,22.708376358563523,77908251450.0,77965736468.0,0.09344134652633126,0.09337245116626222,0.99926268870655,0.2597997460277689,1.046701089117974,0,coinpaprika
stable_usdc,2026-05-11,14208163343.0,23.377082519751763,77704207504.0,77965736468.0,0.1828493436763846,0.18223599220192774,0.9966455910525858,0.2596596133398774,1.0085493944012036,0,coinpaprika
stable_usdc,2026-05-12,14345249102.0,23.386684651373617,77279567421.0,77566151626.0,0.1856279684363478,0.18494212747808292,0.9963052929790585,0.25794530896327283,1.0748878064859024,0,coinpaprika
stable_usdc,2026-05-13,13194517263.0,23.303067221465504,76984759021.0,77203347488.0,0.17139129135158795,0.17090602535143792,0.9971686659437407,0.2570675055847408,1.6721849360068486,0,coinpaprika
stable_usdc,2026-05-14,14706699624.0,23.411568983708236,76712030867.0,76878764713.0,0.19171307887152458,0.19129729358818814,0.9978312106519603,0.25631002630383326,2.3649337030939854,0,coinpaprika
stable_usdc,2026-05-15,19143950915.0,23.675252623612714,76711383785.0,76742348014.0,0.24955814861396586,0.249457456155858,0.999596517049565,0.2557907656653697,3.328415565678755,0,coinpaprika
stable_usdc,2026-05-16,14610344043.0,23.404995610960164,76973549847.0,77081393402.0,0.18980992915151917,0.18954436859753124,0.9986009132653121,0.25684225713019465,1.2123030959920733,0,coinpaprika
stable_usdc,2026-05-17,8348886956.0,22.84539406836126,76976320572.0,77058251187.0,0.10846045763113407,0.10834513926016123,0.9989367703816535,0.2566870976012402,1.1809606211943269,0,coinpaprika
stable_usdc,2026-05-18,18685628538.0,23.65102053801223,76949155212.0,77011638317.0,0.24283084702515395,0.24263382712474024,0.9991886537364287,0.25653314605703736,0.5675296568496968,0,coinpaprika
stable_usdc,2026-05-19,20632008083.0,23.750109497343914,76908992387.0,77043325925.0,0.2682652241649632,0.2677974741522038,0.998256389682206,0.2565087099879833,2.685592855354857,0,coinpaprika
stable_usdc,2026-05-20,17750706325.0,23.5996911450902,76682368472.0,76393906484.0,0.23148354281051634,0.23235762041724783,1.0037759816361849,0.25467961624037677,2.4255070473511164,0,coinpaprika
stable_usdc,2026-05-21,17248479415.0,23.570989826741258,76311065215.0,76303288156.0,0.2260285499410061,0.22605158744582476,1.000101922986387,0.25494187988621997,2.9349884502183343,0,coinpaprika
stable_usdc,2026-05-22,16567779411.0,23.530725646851593,76818583352.0,77090457874.0,0.21567410759298586,0.21491349082501365,0.9964733051340237,0.2569013601195517,2.361307179344907,0,coinpaprika
stable_usdc,2026-05-23,16588200275.0,23.531957452804804,76505751764.0,76637508732.0,0.2168229171339981,0.21645015018701405,0.998280776995756,0.2553078993004978,2.1828651764865814,0,coinpaprika
stable_usdc,2026-05-24,12828927130.0,23.27496839017566,76451603778.0,76546057539.0,0.16780455210923514,0.16759749022297715,0.9987660532228995,0.25508696747027215,2.1595381238381783,0,coinpaprika
stable_usdc,2026-05-25,12824635482.0,23.274633805221153,76435477082.0,76508588654.0,0.16778380892738756,0.16762347479702863,0.9990444004616182,0.25506147595601075,2.5428202496713403,0,coinpaprika
stable_usdc,2026-05-26,16848378302.0,23.547520245967714,76439831961.0,76642526423.0,0.22041359680900569,0.21983067480071866,0.9973553264556898,0.25544639534215235,1.9412963972298414,0,coinpaprika
stable_usdc,2026-05-27,22513262186.0,23.837370403044172,76450889946.0,76618013304.0,0.29448005382150455,0.2938377179877183,0.9978187458693701,0.2555333148167985,2.92064094899791,0,coinpaprika
stable_usdc,2026-05-28,22108125396.0,23.81921104292052,76309728113.0,76484214097.0,0.28971568819197113,0.28905475014702625,0.9977186667071102,0.25559535191785737,2.7641593352778493,0,coinpaprika
stable_usdc,2026-05-29,15594289734.0,23.47017064156374,76162629162.0,76296656845.0,0.2047498872554743,0.20439021025102688,0.998243334786316,0.2557259668578239,3.494401364898536,0,coinpaprika
stable_usdc,2026-05-30,14668899973.0,23.408995441559064,75936839952.0,76112551212.0,0.193172378285326,0.19272642605477772,0.9976914285856667,0.25575990221198136,2.8656819228667363,0,coinpaprika
stable_usdc,2026-05-31,10803002797.0,23.103089969283353,75863324209.0,75916857660.0,0.14240086246732636,0.14230044722586058,0.9992948410583621,0.2552693949410211,4.16234479352906,0,coinpaprika
stable_usdc,2026-06-01,16331165143.0,23.516341091291647,75901180389.0,75898768745.0,0.2151635199782321,0.2151703566874509,1.0000317744811922,0.25543280650194716,4.3136076552674485,0,coinpaprika
stable_usdc,2026-06-02,23117502983.0,23.863855872495762,75908946638.0,76030858007.0,0.3045425342712816,0.3040542167874999,0.9983965540808605,0.25571800673523243,3.676742391712784,0,coinpaprika
stable_usdc,2026-06-03,28089922053.0,24.058676703192212,75949999590.0,76030849873.0,0.36984756029805793,0.3694542688911237,0.998936612136586,0.25595200382331074,3.303008923615236,0,coinpaprika
stable_usdc,2026-06-04,32889467518.0,24.216418307262597,75879691984.0,76139139321.0,0.43344229079020347,0.4319653178549751,0.9965924577121081,0.25687414505707207,3.0875957471232507,0,coinpaprika
stable_usdc,2026-06-05,33715571551.0,24.241225631443662,75544847348.0,75777945473.0,0.4462987580832354,0.4449259126854132,0.9969239318439551,0.2564374700734384,2.380823614780425,0,coinpaprika
stable_usdc,2026-06-06,32669789043.0,24.209716605360704,75485444419.0,75622610895.0,0.43279587600569097,0.4320108583444856,0.9981861711150062,0.2562084587029231,2.6892077789120172,0,coinpaprika
stable_usdc,2026-06-07,15952974324.0,23.49291112684882,75542698582.0,75506165266.0,0.2111782425495878,0.21128042018554918,1.0004838454697216,0.2562386627033402,2.149141398245513,0,coinpaprika
stable_usdc,2026-06-08,20369486769.0,23.737303871482347,75772980987.0,75775091915.0,0.2688225605443013,0.2688150717368879,0.9999721421914952,0.2572150472303799,3.4760247056131455,0,coinpaprika
stable_usdc,2026-06-09,19836007833.0,23.710764700511717,75716462740.0,76068885659.0,0.26197747643222774,0.26076374934582897,0.9953670555845943,0.2577801144924648,3.800227060090089,0,coinpaprika
stable_usdc,2026-06-10,18734395830.0,23.653627020526898,75027884045.0,75140122857.0,0.24969910945060825,0.24932612720974168,0.9985062732434761,0.25560610150525015,1.967537808015285,0,coinpaprika
stable_usdc,2026-06-11,18621581508.0,23.64758704122499,74951304034.0,75003922778.0,0.24844906633716116,0.2482747677493749,0.9992984534401521,0.2553322936355013,1.6719374175133694,0,coinpaprika
stable_usdc,2026-06-12,17926833093.0,23.60956448286172,74876725558.0,74927024813.0,0.23941796278355892,0.23925723913022176,0.9993286900804411,0.255333356679996,2.2308544090110516,0,coinpaprika
stable_usdc,2026-06-13,13188375003.0,23.302601596995782,74792543560.0,74929049485.0,0.17633275157195363,0.17601150813530836,0.9981781975623844,0.2555550611094895,1.465392469087723,0,coinpaprika
stable_usdc,2026-06-14,8097286104.0,22.814794793717994,74808751300.0,74921868034.0,0.10823982439605298,0.10807640434599684,0.9984902040356406,0.25553426577020333,1.6825359028116438,0,coinpaprika
stable_usdc,2026-06-15,15322276560.0,23.45257359080635,74903654506.0,74867993350.0,0.20455979966601817,0.20465723568107358,1.000476320446219,0.25537674161902035,2.9216904256601506,0,coinpaprika
stable_usdc,2026-06-16,17377305081.0,23.57843088618776,75003408524.0,75075476083.0,0.23168687160983512,0.231464467328698,0.9990400652415401,0.2557688288330011,1.72407304901534,0,coinpaprika
stable_usdc,2026-06-17,15445706562.0,23.460596909308467,74842277016.0,75008754473.0,0.20637675893663646,0.20591871802857098,0.9977805596404093,0.2556753199171382,1.7183089081496128,0,coinpaprika
stable_usdc,2026-06-18,17659742469.0,23.59455344934319,74783061945.0,74824037840.0,0.23614628780495836,0.23601696699077795,0.9994523699043398,0.2551584830456925,2.0465589913754023,0,coinpaprika
stable_usdc,2026-06-19,14424920141.0,23.39222311324206,74898641547.0,74860897043.0,0.19259254698161848,0.19268965121690093,1.0005041951872193,0.25528775461380476,0.09557054824860245,0,coinpaprika
stable_usdc,2026-06-20,10325758330.0,23.05790741919817,74841938842.0,74951105633.0,0.13796754185910218,0.13776659120360865,0.9985434932536614,0.2554695255700512,1.9336555766236163,0,coinpaprika
stable_usdc,2026-06-21,8678807808.0,22.884150006991856,74830250796.0,74917759609.0,0.11597993746753445,0.11584446536168708,0.9988319349983673,0.2553029225651733,1.2911801673587409,0,coinpaprika
stable_usdc,2026-06-22,11456312268.0,23.16180670491122,74705360999.0,74936058506.0,0.1533532816761752,0.15288116957849757,0.9969214085768665,0.25534045579600706,1.7586601823282866,0,coinpaprika
stable_usdc,2026-06-23,13535154381.0,23.328556166079878,74388010951.0,74550072819.0,0.1819534385711122,0.18155789617888074,0.9978261340080314,0.25410083065691763,1.8883161726268582,0,coinpaprika
stable_usdc,2026-06-24,13679564977.0,23.33916894878139,74013659121.0,74185498429.0,0.18482487069901773,0.18439675228565283,0.9976836536568604,0.2531806899489695,1.9553146451289916,0,coinpaprika
stable_usdc,2026-06-25,19596131967.0,23.698598035135664,73756928053.0,73838400814.0,0.2656853055609729,0.2653921503035113,0.9988966071840419,0.25236344692952023,2.045868145763574,0,coinpaprika
stable_usdc,2026-06-26,20962817280.0,23.766016099628185,73679950982.0,73773176387.0,0.2845118244598346,0.28415229364712535,0.9987363238298029,0.2522121816893001,3.1831769693768663,0,coinpaprika
stable_usdc,2026-06-27,13525022979.0,23.327807360753297,73775588242.0,73896519647.0,0.18332653525763803,0.18302652200141986,0.9983635033750211,0.2535201477587443,2.7072761762703124,0,coinpaprika
stable_usdc,2026-06-28,7220901181.0,22.700245599513618,73745174374.0,73884653755.0,0.09791693141003462,0.0977320839175123,0.9981122009252082,0.2534835587483538,2.282271446397699,0,coinpaprika
stable_usdc,2026-06-29,13985137319.0,23.361260982644012,73719724561.0,73817794577.0,0.189706857998742,0.18945482453301932,0.998671458331125,0.2533430487129523,3.161658915944443,0,coinpaprika
stable_usdc,2026-06-30,15778359013.0,23.48190515544841,73573715444.0,73775508473.0,0.21445646611403718,0.21386987822353656,0.9972647693905918,0.253766853864879,3.699906662260055,0,coinpaprika
stable_usdc,2026-07-01,15061818906.0,23.4354288293824,73348270517.0,73471642859.0,0.20534661280812486,0.2050017982435108,0.9983208168866352,0.2534070776399808,3.7007808770173067,0,coinpaprika
stable_usdc,2026-07-02,14871770141.0,23.42273063149033,73274082267.0,73400134757.0,0.20296085165296854,0.20261230023943128,0.9982826667768756,0.25304030848670067,2.6793783326661824,0,coinpaprika
stable_usdc,2026-07-03,12946186890.0,23.284067133162036,73108537304.0,73368628347.0,0.17708173856860454,0.17645398560227224,0.9964550101472541,0.2531866095007826,1.849021963105102,0,coinpaprika
stable_usdc,2026-07-04,9326520126.0,22.956127805490844,72970781956.0,73103725803.0,0.12781170594586358,0.1275792721034919,0.998181435411948,0.2524345050317329,0.2910596769456486,0,coinpaprika
stable_usdc,2026-07-05,7223116395.0,22.70055233051909,72939221854.0,73066241378.0,0.09902924944083268,0.09885709540787814,0.9982615839872907,0.25234065477748796,2.315776568830863,0,coinpaprika
stable_usdc,2026-07-06,10797566519.0,23.1025866234655,72973392549.0,73048217365.0,0.14796580153169767,0.14781423706820665,0.9989756790966421,0.25224974919905735,3.091928938434574,0,coinpaprika
stable_usdc,2026-07-07,14801106601.0,23.41796778532672,73135935616.0,73127249349.0,0.20237803039415758,0.2024020694442051,1.000118782903464,0.25278976287845084,0.2588497135669332,0,coinpaprika
stable_usdc,2026-07-08,14774366186.0,23.416159501653468,73277101366.0,73395532425.0,0.20162323441542668,0.20129789508778811,0.9983863996201537,0.2557755172806798,1.084443933760948,0,coinpaprika
stable_usdc,2026-07-09,12688390421.0,23.263953272330177,73263472332.0,73412395301.0,0.17318849376264095,0.17283716692495882,0.9979714192897616,0.25581657240136935,1.1413388121783719,0,coinpaprika
stable_usdc,2026-07-10,12758364795.0,23.269452955867344,73274911265.0,73440620275.0,0.17411641412787454,0.17372354355431674,0.9977436327555582,0.25523830005098086,1.9991235628236126,0,coinpaprika
stable_usdc,2026-07-11,10058936481.0,23.031727278534486,73329145404.0,73414108310.0,0.13717514946589435,0.13701639524823916,0.9988426896688408,0.25531865901641493,0.9973588604028638,0,coinpaprika
stable_usdc,2026-07-12,7285359436.0,22.70913261470382,73392684542.0,73475033615.0,0.09926547150391876,0.09915421712053067,0.9988792237451499,0.25551714840838,2.1249255073274576,0,coinpaprika
stable_usdc,2026-07-13,10634845909.0,23.08740179654207,73283035732.0,73540725820.0,0.1451201605224462,0.1446116528007909,0.9964959539747985,0.25570666037258205,1.9444761889331197,0,coinpaprika
stable_usdc,2026-07-14,13771824908.0,23.34589066879264,73030344849.0,73095920753.0,0.18857674760368567,0.1884075713956278,0.9991028787472068,0.25542631971369356,1.2577038881556035,0,coinpaprika
stable_usdc,2026-07-15,13784844750.0,23.34683561918973,73053387636.0,73175307529.0,0.18869548964224847,0.18838109760641522,0.9983338656560933,0.2556254119832147,1.3534059699871204,0,coinpaprika
stable_usdc,2026-07-16,12395153530.0,23.240571388883676,73140260069.0,73217500728.0,0.1694710070528393,0.16929222394584983,0.9989450519584526,0.255926048896297,1.6405046066580997,0,coinpaprika
stable_usdc,2026-07-17,12573399512.0,23.254849269523874,73240213790.0,73279825708.0,0.17167344087841446,0.17158064160935027,0.9994594430647551,0.2559556029799348,1.0603198467162844,0,coinpaprika
stable_usdc,2026-07-18,9437804828.0,22.96798925076152,73298067463.0,73389413034.0,0.12875925866345783,0.12859899592912175,0.9987553304049771,0.2561165945720414,1.0372579064077403,0,coinpaprika
stable_usdc,2026-07-19,6334505980.0,22.569277665200428,73295554006.0,73390197854.0,0.08642415035817118,0.08631269795186619,0.9987104020595736,0.2560344697231124,1.518070389541215,0,coinpaprika
stable_usdc,2026-07-20,11410702598.0,23.15781757640048,73213340496.0,73388153953.0,0.15585551104068832,0.15548425710922992,0.9976179608344972,0.2560598874840019,1.9936211584814512,0,coinpaprika
stable_usdc,2026-07-21,14115653402.0,23.370550188972587,73223840237.0,73367572001.0,0.1927740112552491,0.19239635464299681,0.9980409360691663,0.25598216866358586,1.6112044799798664,0,coinpaprika
stable_usdc,2026-07-22,13008876958.0,23.28889780437674,73235045293.0,73318948258.0,0.1776318551583312,0.17742858111143966,0.9988556441821185,0.2558478336447391,0.8577233978845911,0,coinpaprika
stable_usdc,2026-07-23,12088066459.0,23.215484559916295,73133090751.0,74077432416.0,0.16528860376155663,0.1631814989363629,0.9872519654879934,0.2587896795063869,0.3088549001561969,0,coinpaprika
stable_usdc,2026-07-24,12732050545.0,23.267388316355234,72874984426.0,73959248587.0,0.17471085099069356,0.17214953894539625,0.9853397082621175,0.25776342294895,1.310618285034204,0,coinpaprika
stable_usdc,2026-07-25,9666060709.0,22.991886691127565,72609785194.0,73651288002.0,0.13312338940507898,0.13124089165606334,0.9858590007554013,0.2567178994002045,0.03947231765888404,0,coinpaprika
stable_usdc,2026-07-26,6247206574.0,22.55540025278369,72564025641.0,73569632342.0,0.08609233733678379,0.0849155606073832,0.986331225683917,0.2565297721175384,0.602108778277044,0,coinpaprika
stable_usdc,2026-07-27,11013766101.0,23.122411791134837,72509980590.0,73491915939.0,0.15189310507854323,0.14986364092265173,0.9866388658336921,0.2566498305108037,0.4910153159820574,0,coinpaprika
stable_usdc,2026-07-28,13833881500.0,23.350386601308156,72422448421.0,72521892549.0,0.19101648455161388,0.1907545571932369,0.9986287709199976,0.2542628917747884,1.5752697290793982,0,coinpaprika
stable_usdc,2026-07-29,13685356647.0,23.339592240334394,72214780080.0,72502108384.0,0.18950908154590063,0.18875805065580864,0.996036966228924,0.25435378904878037,1.429552587800531,0,coinpaprika
stable_usdc,2026-07-30,13791685409.0,23.34733174100784,72013471733.0,72213419474.0,0.19151535229595096,0.190985076035149,0.9972311553384895,0.2536279025794213,1.9510796866806235,0,coinpaprika
stable_usdc,2026-07-31,12270677495.0,23.230478309792826,71905277230.0,72055427289.0,0.17065058320754908,0.17029497924958173,0.9979161866822637,0.25374696381496,3.037877384730603,0,coinpaprika
stable_usdc,2026-08-01,9093495440.0,22.930825208184103,71956158151.0,72048270635.0,0.12637549966074202,0.12621393074190615,0.998721517071983,0.2537244457224449,1.156149298633391,0,coinpaprika
stable_usdc,2026-08-02,6285102940.0,22.561448057692996,71965184384.0,72075054215.0,0.08733532740586385,0.08720219510694405,0.998475619169536,0.25386274645336876,1.4310188244792688,0,coinpaprika
stable_usdc,2026-08-03,8779565044.0,22.895692704072477,71964115122.0,71979940196.0,0.12199920792628516,0.12197238591881866,0.9997801460524014,0.25365128901788686,2.2995478756793197,0,coinpaprika
stable_usdc,2026-08-04,11326043895.0,23.15037068031478,72100623929.0,72255574271.0,0.15708662807347062,0.15674975957592996,0.9978555240400021,0.25442837844530414,2.116774387406206,0,coinpaprika
stable_usdc,2026-08-05,11297142378.0,23.147815643869283,72037779829.0,72298390550.0,0.1568224673888707,0.15625717657140847,0.9963953454701074,0.25434392348528023,2.667555880097039,0,coinpaprika
stable_usdc,2026-08-06,10751232405.0,23.098286227367748,71819496532.0,71846102476.0,0.14969796398126609,0.14964252804933184,0.9996296814568488,0.25280344504163277,4.133124003998789,0,coinpaprika
stable_usdc,2026-08-07,9843668748.0,23.01009431886841,71959581953.0,72008852187.0,0.13679441265277692,0.13670081453925897,0.999315775317845,0.2533018687770589,3.710764059089433,0,coinpaprika
stable_usdc,2026-08-08,7728411159.0,22.768169136375096,72165717948.0,72288929105.0,0.10709255556175319,0.10691002418606102,0.9982955736303545,0.2541758209465048,3.042950906869679,0,coinpaprika
stable_usdc,2026-08-09,4995382200.0,22.33177976283639,72175964444.0,72287963067.0,0.06921115967734418,0.06910392806849512,0.998450660134161,0.25416631637882425,3.295638697891068,0,coinpaprika
stable_usdc,2026-08-10,8059276389.0,22.810089611519036,72227019803.0,72353218703.0,0.11158256855927001,0.11138794560173225,0.9982557942512823,0.2543382705847748,3.5443357399600472,0,coinpaprika
stable_usdc,2026-08-11,9445269302.0,22.968779850251476,72183496705.0,72342478183.0,0.1308508140108672,0.13056325328124543,0.9978023772202297,0.25534908114353216,3.488689863946348,0,coinpaprika
stable_usdc,2026-08-12,10125080664.0,23.03828141682086,72110790330.0,72251750509.0,0.14041006370426226,0.1401361294732752,0.9980490413310825,0.2541628924879511,3.7680770421899545,0,coinpaprika
stable_usdc,2026-08-13,10105352976.0,23.03633111811721,72034806910.0,72180634447.0,0.1402843071214946,0.14000088878991562,0.9979796861288733,0.2539706787230795,4.539284717324232,0,coinpaprika
stable_usdc,2026-08-14,9303024230.0,22.953605370373104,71933448250.0,72125254565.0,0.12932821178915194,0.1289842827745727,0.9973406497327904,0.2538327374084472,4.321144918608688,0,coinpaprika
stable_usdc,2026-08-15,6770629250.0,22.635859866523226,71895408854.0,72046715526.0,0.09417331868505407,0.09397554351463303,0.9978998810577924,0.2534470189473036,3.659144251211277,0,coinpaprika
stable_usdc,2026-08-16,3927096165.0,22.091166100655993,71871284736.0,71970309163.0,0.05464068409831744,0.054565503617690775,0.9986240933497211,0.25331552251131917,3.573064085091726,0,coinpaprika
stable_usdc,2026-08-17,7076804215.0,22.68008826082765,71842093772.0,71985815879.0,0.09850498285112815,0.09830831433369187,0.9980034663045066,0.25335097927898365,4.540038434669436,0,coinpaprika
stable_usdc,2026-08-18,8991883874.0,22.91958821575724,71840865270.0,71989616973.0,0.12516391388391193,0.12490528845809032,0.9979337061474325,0.25332854723990483,3.312385461019529,0,coinpaprika
stable_usdc,2026-08-19,10807719491.0,23.10352648352953,71981555917.0,71980780550.0,0.15014567764361875,0.15014729499206578,1.0000107718615174,0.25329288863679383,2.422517450624273,0,coinpaprika
stable_usdc,2026-08-20,21966127965.0,23.81276746593522,72537359126.0,72489599879.0,0.30282503015920453,0.30302454423346203,1.0006588427454381,0.254533635566592,3.2375071887225104,0,coinpaprika
stable_usdc,2026-08-21,24069449935.0,23.904209235800582,72997363953.0,72923214292.0,0.32973039890176487,0.33006567481544113,1.001016818330348,0.25554559354624806,2.0621001120935123,0,coinpaprika
stable_usdd,2025-08-25,6148065.0,15.63164811878144,458098632.0,456357550.0,0.013420832481333408,0.013472035249553777,1.0038151708019294,0.0017346389011928694,13.429999999999831,0,coinpaprika
stable_usdd,2025-08-26,6156740.0,15.633058137067346,459797178.0,460413673.0,0.013390121328669834,0.013372191924456597,0.9986609976285391,0.0017375052113278086,0.0,0,coinpaprika
stable_usdd,2025-08-27,5585883.0,15.535753259070422,457965108.0,460829226.0,0.012197180314444393,0.012121373135305442,0.9937848603378293,0.0017381851220782732,0.0,0,coinpaprika
stable_usdd,2025-08-28,5517721.0,15.523475651917554,455873451.0,457121351.0,0.012103624345520397,0.01207058254428374,0.9972700903222523,0.0017201152498792663,0.660000000000105,0,coinpaprika
stable_usdd,2025-08-29,5446356.0,15.510457502766586,448932441.0,453598344.0,0.012131794235828015,0.01200700150704254,0.9897135801712715,0.0016913887222628082,0.0,0,coinpaprika
stable_usdd,2025-08-30,5208827.0,15.465865436408695,447145938.0,447480816.0,0.011649053602718852,0.011640335884253863,0.999251637191973,0.0016682627041649629,2.9500000000004523,0,coinpaprika
stable_usdd,2025-08-31,4176329.0,15.244943428410966,446304154.0,443685693.0,0.009357584872490343,0.009412809711671275,1.0059016124281475,0.0016519608688858665,4.549999999999832,0,coinpaprika
stable_usdd,2025-09-01,5113536.0,15.447401894950536,445065880.0,448215485.0,0.011489391188558422,0.011408655370306985,0.9929730116307784,0.0016643539829501884,7.890000000000397,0,coinpaprika
stable_usdd,2025-09-02,6717439.0,15.720217687537588,444019165.0,447675002.0,0.015128714095032362,0.015005168861316049,0.9918337253952813,0.0016625199919412875,3.849999999999687,0,coinpaprika
stable_usdd,2025-09-03,5041098.0,15.43313467183245,447292778.0,444792191.0,0.011270242328839926,0.011333602752032127,1.005621921990982,0.0016570305879130393,8.019999999999694,0,coinpaprika
stable_usdd,2025-09-04,4601433.0,15.341878552009211,468714354.0,472323880.0,0.009817136942215343,0.009742113822405083,0.9923579430284152,0.0017476161665638248,0.900000000000345,0,coinpaprika
stable_usdd,2025-09-05,6718685.0,15.720403157665446,467565509.0,464361930.0,0.014369505172375749,0.014468638718940633,1.0068988838081536,0.0017036536957522,2.349999999999852,0,coinpaprika
stable_usdd,2025-09-06,4592196.0,15.339869116758194,466587904.0,469015593.0,0.00984208111833092,0.009791137157352463,0.9948238629243186,0.0017308183674877423,0.28000000000028,0,coinpaprika
stable_usdd,2025-09-07,4218659.0,15.255028100042084,461009742.0,464617305.0,0.009150910741491446,0.009079857669098227,0.9922354097422178,0.0017144317114696208,0.0,0,coinpaprika
stable_usdd,2025-09-08,4603107.0,15.342242285483067,454900639.0,448724860.0,0.010118928410650133,0.010258194743210795,1.0137629526476424,0.001657080502116952,0.40000000000040004,0,coinpaprika
stable_usdd,2025-09-09,4975324.0,15.420001253074304,476836084.0,460051720.0,0.010434034182698304,0.010814705790035956,1.0364836457953033,0.0016977188905736395,12.370000000000436,0,coinpaprika
stable_usdd,2025-09-10,12014279.0,16.301606500263492,482731494.0,483563984.0,0.02488811927402441,0.02484527259581847,0.9982784284447453,0.0017820427081176532,0.8699999999994823,0,coinpaprika
stable_usdd,2025-09-11,11164790.0,16.228275723869366,484375282.0,493308647.0,0.02304987561276919,0.02263246360650151,0.9818909215268631,0.0018173093457467598,0.0,0,coinpaprika
stable_usdd,2025-09-12,24345886.0,17.007873481521372,482767989.0,492492645.0,0.05042978522753711,0.04943400931398681,0.9802542106999385,0.0018110983565416332,9.999999999998899,0,coinpaprika
stable_usdd,2025-09-13,142646319.0,18.775878837884786,484250199.0,492115311.0,0.29457152375894013,0.2898636067838174,0.9840177457921035,0.0018011968093764347,9.999999999998899,0,coinpaprika
stable_usdd,2025-09-14,191899559.0,19.072482668114436,489065795.0,493033512.0,0.39237984124406,0.3892221407456782,0.9919524395331569,0.0018005088784425933,0.0,0,coinpaprika
stable_usdd,2025-09-15,581287793.0,20.18075653468749,501116396.0,506631784.0,1.159985579478026,1.1473575313624618,0.9891136162906037,0.00184880897653981,0.0,0,coinpaprika
stable_usdd,2025-09-16,21920725.0,16.902943139933576,499578892.0,511295913.0,0.043878405094825344,0.04287287350172893,0.9770836795247374,0.0018639029909002032,0.0,0,coinpaprika
stable_usdd,2025-09-17,4862943.0,15.397154573794223,502110953.0,502224033.0,0.009684996853673494,0.00968281619450099,0.9997748415197805,0.0018253794199798899,0.6300000000003525,0,coinpaprika
stable_usdd,2025-09-18,5672157.0,15.551080202941527,508753652.0,516425097.0,0.011149122915780072,0.010983503770344454,0.9851450964630404,0.0018759033827234056,9.999999999998899,0,coinpaprika
stable_usdd,2025-09-19,4437041.0,15.305498496171554,514617481.0,519712064.0,0.008622017641876414,0.00853749856382014,0.9901972970171422,0.0018789435005321501,0.0,0,coinpaprika
stable_usdd,2025-09-20,3892412.0,15.174539831766136,522155656.0,524752767.0,0.007454505098763117,0.007417611196702847,0.9950507912233648,0.0018923827073612201,0.0,0,coinpaprika
stable_usdd,2025-09-21,3557193.0,15.084482589786308,521793516.0,531295313.0,0.006817242627445758,0.006695321628030247,0.9821157899053403,0.0019148848718078349,0.0,0,coinpaprika
stable_usdd,2025-09-22,8338960.0,15.936449186238423,511552290.0,527410831.0,0.016301285641786494,0.01581112770131943,0.9699313323354939,0.0019022629200771905,0.0,0,coinpaprika
stable_usdd,2025-09-23,11088579.0,16.221426307846073,503478048.0,516800270.0,0.022023957239144614,0.021456217505459122,0.9742217201241014,0.0018575351003941865,0.0,0,coinpaprika
stable_usdd,2025-09-24,4679203.0,15.35863856795757,498268944.0,508624841.0,0.009390918411322861,0.009199713861399861,0.9796394195382997,0.001824649409942477,7.979999999999654,0,coinpaprika
stable_usdd,2025-09-25,5753400.0,15.56530171618008,488045379.0,507212855.0,0.011788657873963807,0.011343166765755572,0.9622101927996285,0.0018147911852770787,0.0,0,coinpaprika
stable_usdd,2025-09-26,5512511.0,15.522530975605617,477437389.0,486006689.0,0.011546039600178862,0.01134245911582505,0.9823679381499212,0.0017394644934475706,0.0,0,coinpaprika
stable_usdd,2025-09-27,3835434.0,15.159793415294855,480631551.0,488776055.0,0.007979987980439512,0.007847016973857281,0.9833369414956303,0.0017437458669472996,9.999999999998899,0,coinpaprika
stable_usdd,2025-09-28,2829591.0,14.855643089614675,474705045.0,489103816.0,0.005960735049698071,0.005785256437255031,0.9705609105286556,0.0017438765916699818,0.0,0,coinpaprika
stable_usdd,2025-09-29,4187923.0,15.247715703720989,465629597.0,478347248.0,0.008994108250382545,0.008754985039654706,0.9734133497094981,0.0017048533103606474,0.0,0,coinpaprika
stable_usdd,2025-09-30,4308857.0,15.276183461773234,465313378.0,472923420.0,0.009260118457200256,0.009111109363118451,0.9839085110227783,0.0016855632125826769,0.0,0,coinpaprika
stable_usdd,2025-10-01,4142856.0,15.236896204412675,463055259.0,476286778.0,0.008946785333886036,0.008698238522170354,0.972219428270587,0.001691525086228092,9.019999999999584,0,coinpaprika
stable_usdd,2025-10-02,4383493.0,15.293356681240592,455358732.0,470040430.0,0.009626460836156755,0.00932577863568034,0.9687650315527113,0.0016654432705600782,0.0,0,coinpaprika
stable_usdd,2025-10-03,3975680.0,15.195706612151561,453417142.0,460675823.0,0.008768261346413762,0.008630103429586753,0.984243407972378,0.0016252594366835144,0.2995860431442843,0,coinpaprika
stable_usdd,2025-10-04,4288108.0,15.271356401185818,455415994.0,463144131.0,0.00941580457536588,0.009258690141967922,0.9833137537912577,0.001625359697482933,19.050489760702447,0,coinpaprika
stable_usdd,2025-10-05,3520646.0,15.074155337502058,458897375.0,464865656.0,0.0076719680516804,0.0075734697854297935,0.9871612778380857,0.0016296455336195054,2.405270588110575,0,coinpaprika
stable_usdd,2025-10-06,4347173.0,15.285036536775092,463470681.0,469843296.0,0.00937960733701729,0.009252389119967352,0.986436722510988,0.0016487366674063056,4.739654285710326,0,coinpaprika
stable_usdd,2025-10-07,5258046.0,15.475270222991998,467381355.0,471477616.0,0.011250012315959844,0.01115227069443738,0.9913118653760224,0.0016506209842396483,0.29671940081410497,0,coinpaprika
stable_usdd,2025-10-08,4942799.0,15.413442530212173,470693616.0,484746851.0,0.010501096322496118,0.010196660359532692,0.9710091257508757,0.0016926681997940273,8.012347405321751,0,coinpaprika
stable_usdd,2025-10-09,5255326.0,15.474752786808203,467259434.0,475652310.0,0.0112471265802201,0.011048671244758593,0.9823550189423026,0.0016609830003793723,3.924051831647457,0,coinpaprika
stable_usdd,2025-10-10,6883739.0,15.744672666861206,463401942.0,475816187.0,0.014854791005601786,0.01446722324307979,0.973909578238035,0.0016628655132343685,3.5634159977515623,0,coinpaprika
stable_usdd,2025-10-11,9642240.0,16.081664108449694,454848264.0,467273414.0,0.021198805762618015,0.020635113642480846,0.9734092511413457,0.001628979504545552,6.927244963044199,0,coinpaprika
stable_usdd,2025-10-12,4535915.0,15.327537605699737,451146572.0,461271629.0,0.010054193651281917,0.0098335009457085,0.9780496862077768,0.0016096954533529162,3.7441803913762506,0,coinpaprika
stable_usdd,2025-10-13,4203726.0,15.251482070716266,456861383.0,463072165.0,0.00920131610248179,0.009077906896001835,0.9865878744838831,0.0016154004684104134,7.339687825209662,0,coinpaprika
stable_usdd,2025-10-14,6187506.0,15.638042817171574,468568226.0,468969584.0,0.013205133546549954,0.013193832203838619,0.9991441705097872,0.001633892794438175,9.296571699415335,0,coinpaprika
stable_usdd,2025-10-15,11972750.0,16.29814387568994,479889734.0,487276942.0,0.02494896046265495,0.02457072963653593,0.98483981620456,0.0016930325894902896,5.269170725188399,0,coinpaprika
stable_usdd,2025-10-16,7409084.0,15.81821750786639,493518061.0,490790663.0,0.015012792003978958,0.01509622036147008,1.0055571513592547,0.0016999975153100708,4.060998642783087,0,coinpaprika
stable_usdd,2025-10-17,5591242.0,15.536712181772229,501699900.0,516585544.0,0.011144594607254256,0.010823458118293763,0.971184551769029,0.0017897478835873309,1.9701560367646476,0,coinpaprika
stable_usdd,2025-10-18,4982131.0,15.421368469836647,484666009.0,502019290.0,0.010279513948748983,0.009924182395461337,0.9654330394355962,0.0017380532654551366,6.604410686601447,0,coinpaprika
stable_usdd,2025-10-19,5586028.0,15.535779217024087,459985584.0,461044080.0,0.012143919710318574,0.012116038882876448,0.997704132758846,0.0015964336934611916,1.3552435504271543,0,coinpaprika
stable_usdd,2025-10-20,3678922.0,15.11813060426745,465065003.0,468612885.0,0.007910554387598157,0.007850663346570166,0.9924289704496708,0.0016209559335852363,4.386238125924091,0,coinpaprika
stable_usdd,2025-10-21,6417247.0,15.674499923328858,460649485.0,474862304.0,0.013930867631383546,0.013513911182135022,0.9700695993759066,0.0016429733118932136,4.700036516676054,0,coinpaprika
stable_usdd,2025-10-22,8928294.0,16.004736005172045,482334107.0,479546834.0,0.018510600578366315,0.018618189855466757,1.0058123061239936,0.0016524746859906824,3.08190451569601,0,coinpaprika
stable_usdd,2025-10-23,4928513.0,15.410548080704475,477714321.0,489104537.0,0.01031686257527959,0.010076604543948445,0.9767121031633367,0.001688857231859555,1.2340927827048098,0,coinpaprika
stable_usdd,2025-10-24,2779100.0,14.83763805207285,474137991.0,484757793.0,0.005861373804150615,0.00573296611241895,0.9780925605460045,0.001674042420523759,0.18401250962973847,0,coinpaprika
stable_usdd,2025-10-25,3019030.0,14.92044647693702,463652087.0,475886581.0,0.006511412510907128,0.0063440116207016985,0.9742911557323362,0.001640900802563621,2.1057212068131825,0,coinpaprika
stable_usdd,2025-10-26,1924883.0,14.47037626414807,452706928.0,464025757.0,0.004251940672752417,0.004148224470220519,0.9756073260390156,0.0016010259919720998,0.4698943668368649,0,coinpaprika
stable_usdd,2025-10-27,5390900.0,15.500223090325287,441496938.0,457630321.0,0.012210503711353033,0.011780032381202293,0.9647458171811129,0.0015796773670919272,2.3487307112624034,0,coinpaprika
stable_usdd,2025-10-28,5646213.0,15.546495790017408,434573640.0,440628770.0,0.012992534475860063,0.01281399078866321,0.9862579785700331,0.0015229759457900491,1.3143080777733296,0,coinpaprika
stable_usdd,2025-10-29,4750070.0,15.373670123267534,436206048.0,443958804.0,0.01088950972087393,0.010699348581901306,0.982537217574809,0.001533218320545083,1.413795180618127,0,coinpaprika
stable_usdd,2025-10-30,9782591.0,16.096115037571423,431914703.0,438305070.0,0.02264935861653221,0.02231913721645976,0.9854202758822753,0.0015163064985307885,0.962531585770865,0,coinpaprika
stable_usdd,2025-10-31,7382332.0,15.81460027128103,435203623.0,440128999.0,0.016962937829219312,0.01677310974003783,0.9888092445369636,0.0015235261980924987,1.6953374789774323,0,coinpaprika
stable_usdd,2025-11-01,3374495.0,15.031756537804101,430022135.0,442317593.0,0.007847258839361838,0.0076291222718785235,0.9722021954482828,0.0015322374956624806,3.7524867099625325,0,coinpaprika
stable_usdd,2025-11-02,2848530.0,14.862313980764204,427451109.0,435157956.0,0.006663990196829738,0.006545967873789719,0.9822895413177278,0.0015068383075400608,3.048177001614416,0,coinpaprika
stable_usdd,2025-11-03,3297642.0,15.008718528819825,419085261.0,432463897.0,0.007868666132832575,0.007625242298549606,0.969064155198139,0.0014977702043771383,3.414033320618959,0,coinpaprika
stable_usdd,2025-11-04,4643026.0,15.350877082190836,413274459.0,422077980.0,0.011234727670407525,0.011000398551945307,0.9791424300315311,0.0014621135905272678,5.025477461666483,0,coinpaprika
stable_usdd,2025-11-05,9037723.0,16.01691793075749,409072485.0,417187802.0,0.022093206782167224,0.02166344019809093,0.9805475688380745,0.001449485536238219,0.7194890606576632,0,coinpaprika
stable_usdd,2025-11-06,5762122.0,15.566816541153372,418180634.0,420752627.0,0.013779026409912612,0.013694797442108424,0.99388716116085,0.0014610704378620384,2.091873760664553,0,coinpaprika
stable_usdd,2025-11-07,6557908.0,15.696182360108693,406092635.0,424354331.0,0.016148798167689004,0.015453849580246183,0.9569659252517444,0.0014745139235953822,4.583877764183786,0,coinpaprika
stable_usdd,2025-11-08,7029904.0,15.765683750182026,404179794.0,414662547.0,0.017393011982187314,0.016953313123791718,0.9747197978794068,0.0014382080069802725,3.3937895261071382,0,coinpaprika
stable_usdd,2025-11-09,3698781.0,15.123514134230609,403491365.0,410425182.0,0.00916693966920457,0.009012071291473533,0.9831057710294199,0.001425856438226573,3.6193871581202686,0,coinpaprika
stable_usdd,2025-11-10,5997724.0,15.606890788623806,404477069.0,411793806.0,0.014828341232862325,0.014564871818397385,0.9822320372638145,0.0014308032720895302,1.9509971780939939,0,coinpaprika
stable_usdd,2025-11-11,11668877.0,16.272435855681742,401006121.0,409986358.0,0.029098999713273704,0.028461622618184773,0.978096254119753,0.0014222770253029958,3.84932747767186,0,coinpaprika
stable_usdd,2025-11-12,8329260.0,15.93528529472138,394680376.0,403330047.0,0.02110381084667863,0.020651226116064694,0.9785543599730867,0.0013989513601579164,4.539929210105598,0,coinpaprika
stable_usdd,2025-11-13,3022697.0,14.921660368010349,399804265.0,400403163.0,0.007560442107839945,0.007549133671553938,0.9985042625649788,0.001385482585468784,3.800878411254205,0,coinpaprika
stable_usdd,2025-11-14,7736925.0,15.861515009055195,417449261.0,419518055.0,0.018533809310061277,0.01844241244873239,0.9950686413246267,0.0014542066941716986,9.955062765740763,0,coinpaprika
stable_usdd,2025-11-15,6072977.0,15.619359652281352,426683558.0,425006784.0,0.014232976373558786,0.014289129558929583,1.003945287612162,0.00147648946063699,7.78708294187247,0,coinpaprika
stable_usdd,2025-11-16,5517400.0,15.523417474043127,436002403.0,444490982.0,0.01265451741099693,0.01241285025665605,0.980902696919057,0.0015450488304054868,5.880663976403078,0,coinpaprika
stable_usdd,2025-11-17,6160280.0,15.633632951352402,437473234.0,443355302.0,0.014081501498215089,0.013894679892651876,0.9867328348765297,0.0015417408321050099,5.507258024640693,0,coinpaprika
stable_usdd,2025-11-18,8158382.0,15.914556545538947,453414862.0,453412664.0,0.017993194938546148,0.01799328216381711,1.000004847681096,0.0015773245236036407,11.401841186081674,0,coinpaprika
stable_usdd,2025-11-19,7667691.0,15.85252621541347,449069700.0,456446897.0,0.017074612248388167,0.016798648540270394,0.983837775985582,0.001588289125172074,7.833457832662205,0,coinpaprika
stable_usdd,2025-11-20,6843080.0,15.738748626778213,451616667.0,452448015.0,0.015152408004463661,0.01512456629962229,0.998162555757925,0.0015768585242862153,9.284902897009895,0,coinpaprika
stable_usdd,2025-11-21,8255540.0,15.926395169227737,453383271.0,461563666.0,0.018208744186328833,0.017886026583383622,0.9822767786925412,0.0016087376343160232,10.557007753648762,0,coinpaprika
stable_usdd,2025-11-22,7160401.0,15.78407668261214,452897614.0,451986066.0,0.015810198108043023,0.015842083503521103,1.0020167612866189,0.0015772765107425239,5.354408147769663,0,coinpaprika
stable_usdd,2025-11-23,15293336.0,16.54292780131319,459167444.0,461235869.0,0.033306664485559655,0.03315729982830108,0.9955154723666992,0.001608615549147743,5.675748040789852,0,coinpaprika
stable_usdd,2025-11-24,13172693.0,16.393656608609433,462495920.0,472089349.0,0.02848174963359677,0.027902965885383702,0.9796787853394252,0.0016477902362800234,3.7500825168601537,0,coinpaprika
stable_usdd,2025-11-25,13593191.0,16.425079637134868,464344429.0,483180598.0,0.029273940099322264,0.028132733508475852,0.9610162968505619,0.001680369828266799,2.9037135021270366,0,coinpaprika
stable_usdd,2025-11-26,8839943.0,15.994791099752131,451012747.0,450091121.0,0.01960020655469412,0.019640340783349957,1.0020476431482415,0.0015622338270947424,11.080091071478115,0,coinpaprika
stable_usdd,2025-11-27,12121573.0,16.310497398160123,464769552.0,468061002.0,0.026080824244700093,0.025897421379275688,0.9929679037861822,0.001619343925688904,7.866694990175116,0,coinpaprika
stable_usdd,2025-11-28,9895203.0,16.10756075327925,469114513.0,473399497.0,0.02109336361546333,0.020902436658060075,0.990948482144247,0.001636288753461431,3.1508093815246774,0,coinpaprika
stable_usdd,2025-11-29,7145796.0,15.782034909661292,479116169.0,473793948.0,0.014914537355135682,0.015082075299112938,1.0112331975164865,0.0016347349635727098,0.5275199697551969,0,coinpaprika
stable_usdd,2025-11-30,5797735.0,15.572978054484688,499284253.0,492565386.0,0.011612092640942954,0.011770488070795945,1.0136405585755066,0.0016993565132959227,2.259284604788636,0,coinpaprika
stable_usdd,2025-12-01,10742835.0,16.18974967177771,506183478.0,516450444.0,0.02122320357520638,0.0208012891165217,0.9801201332687788,0.0017826086162896274,0.04595776349480829,0,coinpaprika
stable_usdd,2025-12-02,10647803.0,16.18086423167505,503327451.0,514290260.0,0.02115482272791833,0.020703878389608233,0.9786836153575998,0.0017698814873382237,0.4483603913840728,0,coinpaprika
stable_usdd,2025-12-03,10110292.0,16.129064571783434,506071752.0,594301484.0,0.019977981304121477,0.017012059152118827,0.8515404481137052,0.0020420874914424594,2.895575468009337,0,coinpaprika
stable_usdd,2025-12-04,8458251.0,15.950653090848338,507755509.0,601566147.0,0.016658117637478948,0.014060383953088371,0.8440559887423319,0.002061770921055946,1.2822472214901737,0,coinpaprika
stable_usdd,2025-12-05,7074428.0,15.771997291522833,499651666.0,603705328.0,0.014158719927094169,0.011718346139890288,0.8276416371133964,0.002067072831428689,1.123728833027915,0,coinpaprika
stable_usdd,2025-12-06,9804470.0,16.098349064091845,509129274.0,596114063.0,0.01925732913169711,0.016447305320491993,0.8540802936903704,0.0020392399047337276,1.7006738589486758,0,coinpaprika
stable_usdd,2025-12-07,7706089.0,15.857521483311043,523295524.0,616162058.0,0.014726074744717288,0.012506594490763013,0.8492822906015417,0.002108616894464627,2.5434758971631943,0,coinpaprika
stable_usdd,2025-12-08,6581547.0,15.699780533991254,519963447.0,633975200.0,0.012657710917898427,0.010381395045105865,0.8201637019870809,0.0021695131801573665,1.6990976789532652,0,coinpaprika
stable_usdd,2025-12-09,7235682.0,15.794535315803586,495151915.0,628235116.0,0.014613054662224218,0.01151747461375591,0.7881633840410793,0.0021468945933375582,0.22268289960436505,0,coinpaprika
stable_usdd,2025-12-10,13624453.0,16.427376824316127,473719766.0,563862723.0,0.0287605752975906,0.024162712738859313,0.8401331506356734,0.00192362120136367,0.35954419853823083,0,coinpaprika
stable_usdd,2025-12-11,18571384.0,16.737132513207946,494579100.0,525982524.0,0.03754987624830892,0.03530798677257954,0.9402956893678087,0.0017953652350407084,1.0208906385589245,0,coinpaprika
stable_usdd,2025-12-12,8731382.0,15.982434334512767,516253783.0,693784912.0,0.01691296468427041,0.012585142526132076,0.744112150712208,0.002361307544670382,1.3901624755119357,0,coinpaprika
stable_usdd,2025-12-13,4928928.0,15.410632281039236,520013700.0,736055918.0,0.009478457971395753,0.006696404280523698,0.7064866775515825,0.0025056011537689733,1.1270303089139233,0,coinpaprika
stable_usdd,2025-12-14,5031657.0,15.43126011002884,522135422.0,752482352.0,0.009636689617277105,0.006686744196228007,0.693883943739321,0.0025619104920642974,1.014736376667713,0,coinpaprika
stable_usdd,2025-12-15,7303685.0,15.80388971019045,517740617.0,774988392.0,0.014106841843548079,0.009424250834456369,0.6680624153142154,0.0026392703143193865,0.926560881679972,0,coinpaprika
stable_usdd,2025-12-16,6366473.0,15.666556342110747,519076567.0,779492633.0,0.012264997891919864,0.008167457562103733,0.6659159368860899,0.002655775618890487,0.844663236830856,0,coinpaprika
stable_usdd,2025-12-17,6721160.0,15.720771465433828,522057234.0,808984316.0,0.012874373846910432,0.00830814623605138,0.6453242957555682,0.0027569637023831532,1.6651903689335334,0,coinpaprika
stable_usdd,2025-12-18,8608085.0,15.968212552040116,524392932.0,824404522.0,0.01641533375968538,0.01044157906741807,0.6360869185043116,0.002808719402362368,3.6978224635297874,0,coinpaprika
stable_usdd,2025-12-19,10348304.0,16.15233329614825,517645551.0,835300642.0,0.01999110004907586,0.01238871788153133,0.6197116642465121,0.002852327422455998,5.36125673126886,0,coinpaprika
stable_usdd,2025-12-20,7517035.0,15.832682469292743,504133927.0,800960485.0,0.01491078976718026,0.009385026029093059,0.6294117330894295,0.002735357962761081,6.1750612115951675,0,coinpaprika
stable_usdd,2025-12-21,5178872.0,15.460098022996842,528952948.0,820127703.0,0.009790799010727888,0.006314714136659276,0.6449641270074253,0.00279719657136854,3.0437165620511575,0,coinpaprika
stable_usdd,2025-12-22,7120711.0,15.778518278388491,534299958.0,826345818.0,0.013327178663188291,0.008617107807520846,0.6465815477751955,0.002818809545595411,3.1921524619915598,0,coinpaprika
stable_usdd,2025-12-23,7495436.0,15.829804993356158,538663768.0,849682185.0,0.013914869432985514,0.00882145834327455,0.6339591173139637,0.0028974814074496586,6.477193444389684,0,coinpaprika
stable_usdd,2025-12-24,7960186.0,15.889963050006934,533760955.0,854162178.0,0.014913391332642531,0.009319291119443596,0.624894157980383,0.0029153959046994762,7.292805649404821,0,coinpaprika
stable_usdd,2025-12-25,8444697.0,15.949049346779395,527917846.0,829571894.0,0.01599623324724658,0.010179584266387888,0.6363738330797403,0.0028359195215641327,8.619668996521224,0,coinpaprika
stable_usdd,2025-12-26,6196986.0,15.639573764152791,523258511.0,829533561.0,0.011843067756617915,0.0074704463946335745,0.6307864269761594,0.002835302508561424,6.743423194898179,0,coinpaprika
stable_usdd,2025-12-27,5573544.0,15.533541854700456,517168684.0,819332957.0,0.010777033050206884,0.006802538519148083,0.6312069831703352,0.0028015628019524125,6.421330030464967,0,coinpaprika
stable_usdd,2025-12-28,4581110.0,15.33745210309268,513664319.0,820163195.0,0.008918489820197146,0.005585607874052431,0.6262952570067473,0.002805452402651652,9.69902029453129,0,coinpaprika
stable_usdd,2025-12-29,6630451.0,15.707183534800532,518288632.0,818621763.0,0.012792970153356557,0.008099529354926275,0.6331234465360774,0.0028005993758675523,7.562200330630819,0,coinpaprika
stable_usdd,2025-12-30,9930954.0,16.111167204609497,527698331.0,835051593.0,0.018819377315786888,0.01189262326214136,0.6319350030866895,0.0028567941449451225,18.858513876587324,0,coinpaprika
stable_usdd,2025-12-31,21986956.0,16.905959971873088,533440521.0,842388952.0,0.0412172587841335,0.026100717427262745,0.6332472900238131,0.002883617154356099,4.89380428729258,0,coinpaprika
stable_usdd,2026-01-01,6040394.0,15.613979965123677,532328665.0,844625806.0,0.011347113911290124,0.007151562214995832,0.6302538487676754,0.0028999316851127978,22.69235202283948,0,coinpaprika
stable_usdd,2026-01-02,4066369.0,15.218261267554663,532439380.0,856694993.0,0.0076372431355471865,0.004746577292065486,0.6215040175914743,0.0029445700737789193,12.800054640960123,0,coinpaprika
stable_usdd,2026-01-03,4871509.0,15.398914508601251,539246060.0,859474581.0,0.00903392599660348,0.005668008231647749,0.6274136221371275,0.0029463277066865256,5.647197964079309,0,coinpaprika
stable_usdd,2026-01-04,11976783.0,16.298480667200767,549587589.0,890018251.0,0.021792309796864792,0.013456783595778194,0.6175014820005079,0.003050976336641457,5.22005061811992,0,coinpaprika
stable_usdd,2026-01-05,69378367.0,18.055085676600218,535528559.0,896209872.0,0.1295511991546281,0.07741308053790329,0.5975481588982096,0.0030708061990505848,4.529109387045871,0,coinpaprika
stable_usdd,2026-01-06,17066315.0,16.652617254255535,530471204.0,874070217.0,0.03217199137542629,0.019525107557806193,0.6068976996158193,0.0029892476468016253,0.8028330579112897,0,coinpaprika
stable_usdd,2026-01-07,5790498.0,15.571729028909896,531585404.0,876329462.0,0.010892883733128233,0.00660767240072547,0.6066045101197339,0.0030001846524421844,3.4597401753311274,0,coinpaprika
stable_usdd,2026-01-08,4858118.0,15.396161883921474,536547867.0,877807209.0,0.009054398123252627,0.00553437924659377,0.6112365693729453,0.0030086350686541136,9.762735060208083,0,coinpaprika
stable_usdd,2026-01-09,5034944.0,15.431913160539883,525862484.0,860942109.0,0.009574640049811957,0.00584817950866427,0.6107988893827007,0.0029575188466750345,8.763255227464128,0,coinpaprika
stable_usdd,2026-01-10,4449347.0,15.308268126553848,530126018.0,819976567.0,0.008392998737896316,0.0054261879900770384,0.6465136192117549,0.0028140894119872365,13.61268739648036,0,coinpaprika
stable_usdd,2026-01-11,3779544.0,15.145114189980305,544382565.0,899058695.0,0.006942808684550726,0.004203890158695368,0.6055028086903714,0.003084115334927997,14.534193225633762,0,coinpaprika
stable_usdd,2026-01-12,4383310.0,15.293314932849924,564251268.0,936305043.0,0.007768365351728372,0.004681497801139153,0.602636151773883,0.003212700854664349,15.069535491514241,0,coinpaprika
stable_usdd,2026-01-13,5757670.0,15.566043610626725,583242842.0,917039332.0,0.00987182282470258,0.00627854204185868,0.6360063539782828,0.0031538968032888983,20.451756952737377,0,coinpaprika
stable_usdd,2026-01-14,6212671.0,15.642101635120468,609286073.0,939578264.0,0.010196640421157305,0.00661219106277665,0.6484676118476066,0.00322258379454016,5.850870544901188,0,coinpaprika
stable_usdd,2026-01-15,5192072.0,15.462643597359671,621473498.0,932978333.0,0.00835445440024218,0.005565050994597963,0.6661178250534999,0.0031900968371407407,1.924553058576528,0,coinpaprika
stable_usdd,2026-01-16,4501366.0,15.3198916863872,619096400.0,962317974.0,0.007270864440497474,0.004677628519489755,0.6433387058402797,0.0032803500198811584,5.183573746860848,0,coinpaprika
stable_usdd,2026-01-17,2990074.0,14.910809028664321,671018907.0,965294285.0,0.004456020491833921,0.0030975776470074097,0.6951443900861798,0.0032845329638259485,4.336527362660547,0,coinpaprika
stable_usdd,2026-01-18,2029511.0,14.523305928030009,753119353.0,1110755110.0,0.0026948065959473493,0.001827145319187413,0.6780246574782807,0.003778597915363014,5.940822537977564,0,coinpaprika
stable_usdd,2026-01-19,5936286.0,15.596594411717179,749998077.0,1123066827.0,0.007915068294235106,0.005285781626955669,0.6678125103235731,0.0038196770531795606,4.293947226671202,0,coinpaprika
stable_usdd,2026-01-20,4764364.0,15.376674822811284,754910565.0,1113965188.0,0.00631116349524132,0.004276941551965266,0.6776787759008498,0.00378926039814419,6.5873720220910315,0,coinpaprika
stable_usdd,2026-01-21,7064703.0,15.77062167654933,750057128.0,1122555194.0,0.009418886557131686,0.006293412598115866,0.6681694869072068,0.003845778844928199,6.267095313832183,0,coinpaprika
stable_usdd,2026-01-22,6900093.0,15.747045592663099,746466332.0,1132974010.0,0.009243676109962854,0.00609024826615396,0.6588556537144219,0.003890171748087584,7.093369329190802,0,coinpaprika
stable_usdd,2026-01-23,6091305.0,15.622373066612882,742954586.0,1137932606.0,0.008198758194353483,0.0053529576074033336,0.6528985829939388,0.003915233041241976,6.88264806331329,0,coinpaprika
stable_usdd,2026-01-24,3926364.0,15.18322461944107,742464052.0,1068224398.0,0.005288288354733705,0.003675598504725409,0.6950450236767575,0.0036708322271369527,9.446073412242573,0,coinpaprika
stable_usdd,2026-01-25,2574333.0,14.76110141784998,758992318.0,1080262350.0,0.0033917774119026065,0.0023830627809994487,0.7025999915668634,0.0037119301514755895,15.621488029170516,0,coinpaprika
stable_usdd,2026-01-26,4313980.0,15.277371701656357,754954195.0,1093102749.0,0.005714227470449383,0.00394654574233442,0.6906525445029322,0.0037559613945591327,11.201405643096463,0,coinpaprika
stable_usdd,2026-01-27,3921689.0,15.182033241309044,758908042.0,1090137408.0,0.005167541761271783,0.0035974263163713028,0.6961581507347008,0.003754561842244061,11.186850486140099,0,coinpaprika
stable_usdd,2026-01-28,2887181.0,14.875791497877318,755981555.0,1111539211.0,0.0038191156661223037,0.00259746212407796,0.6801213556109088,0.003835999968529814,5.46375084706785,0,coinpaprika
stable_usdd,2026-01-29,2633282.0,14.783741914662416,752246217.0,1112216872.0,0.003500558647541859,0.002367597602853124,0.6763485035497645,0.0038423440342799093,6.876169407818988,0,coinpaprika
stable_usdd,2026-01-30,3670505.0,15.115840085186317,758255986.0,1092503611.0,0.004840720110055287,0.0033597188723616953,0.6940535283960723,0.003792785738982822,9.732278025467167,0,coinpaprika
stable_usdd,2026-01-31,3573948.0,15.0891817048739,755243874.0,1122568448.0,0.004732177410551231,0.0031837239024198904,0.6727820253148608,0.003905964925970077,11.174954589414643,0,coinpaprika
stable_usdd,2026-02-01,4369582.0,15.290178139177716,743358180.0,1080868535.0,0.005878164951383194,0.004042658157312351,0.6877415300094752,0.0037637066612316666,10.914479113202091,0,coinpaprika
stable_usdd,2026-02-02,4426534.0,15.303127668926187,700880909.0,1059754996.0,0.006315672096584386,0.004176940912482379,0.6613612690154281,0.0036879654641452,13.985378124212744,0,coinpaprika
stable_usdd,2026-02-03,14157698.0,16.465769133025294,679699989.0,1015279128.0,0.020829333866592133,0.01394463611981197,0.6694710550574817,0.0035298022887161776,8.723293496979423,0,coinpaprika
stable_usdd,2026-02-04,8245705.0,15.925203137963122,662344776.0,1013997416.0,0.012449264037073042,0.008131879697018873,0.653201640900434,0.003521849725255742,15.230723662102985,0,coinpaprika
stable_usdd,2026-02-05,7523508.0,15.833543209432099,652478185.0,1007053148.0,0.011530665963950963,0.007470815234470624,0.6479083912262394,0.003492855466584616,23.523256246310574,0,coinpaprika
stable_usdd,2026-02-06,8747628.0,15.984293250185834,651390752.0,966097074.0,0.013429155960752726,0.009054605624444734,0.6742497928318951,0.0033596552985560714,20.733748138439534,0,coinpaprika
stable_usdd,2026-02-07,1983282.0,14.500264110380412,675863339.0,970669404.0,0.002934442342936432,0.0020432105841877344,0.6962858169989254,0.0033673463080554464,3.0984289904767426,0,coinpaprika
stable_usdd,2026-02-08,1553465.0,14.255999121512009,681142152.0,1005991007.0,0.0022806766479488115,0.0015442136054800736,0.6770857266719085,0.0034870079905733467,3.1455979366201703,0,coinpaprika
stable_usdd,2026-02-09,3032759.0,14.92498365396513,673009641.0,994876804.0,0.004506263826315676,0.0030483764299323235,0.6764753568422729,0.003434075791315284,0.832144419592451,0,coinpaprika
stable_usdd,2026-02-10,3402812.0,15.040113000459783,680710261.0,1005979084.0,0.004998913921175635,0.003382587226833436,0.6766644275478794,0.003472473884730401,4.082975980631565,0,coinpaprika
stable_usdd,2026-02-11,3733436.0,15.132839815068836,680033068.0,1009161912.0,0.005490080079458724,0.003699541129729042,0.6738592290431191,0.0034823539132500074,1.7082739451346196,0,coinpaprika
stable_usdd,2026-02-12,4399473.0,15.296995546287818,681645737.0,1003076457.0,0.006454192788416133,0.0043859797219824494,0.6795551149098498,0.0034636253631773724,6.990084161604404,0,coinpaprika
stable_usdd,2026-02-13,4189201.0,15.248020820299137,676787891.0,990798764.0,0.006189828535215327,0.004228104790005572,0.6830730069421039,0.003423842672979266,5.708566343813892,0,coinpaprika
stable_usdd,2026-02-14,3181468.0,14.972853597775986,688093693.0,1005957192.0,0.004623597094938058,0.0031626276200429015,0.6840188613115458,0.0034735764955632566,2.5280380036107886,0,coinpaprika
stable_usdd,2026-02-15,3519574.0,15.07385080164842,697316944.0,1028219476.0,0.005047308874800553,0.0034229793173067655,0.6781790855710265,0.0035496143750714548,3.4160938039340394,0,coinpaprika
stable_usdd,2026-02-16,4817288.0,15.387721879660717,703360646.0,1046525218.0,0.006848958677736428,0.004603126534500767,0.6720914450051981,0.0036113540759267274,2.940050068419575,0,coinpaprika
stable_usdd,2026-02-17,6328126.0,15.660514857760473,705302040.0,1043425942.0,0.00897222131953567,0.006064758163737509,0.675948346317807,0.003599821230687208,2.454828244743412,0,coinpaprika
stable_usdd,2026-02-18,15869808.0,16.579929057143463,703901784.0,1061955446.0,0.022545486260622975,0.014943948976179552,0.6628355140993363,0.0036666195001890415,4.77486235911484,0,coinpaprika
stable_usdd,2026-02-19,20477327.0,16.834828880873793,716871827.0,1051099341.0,0.02856483715602901,0.01948181889308215,0.6820210031888889,0.00362786806068771,4.512003754560956,0,coinpaprika
stable_usdd,2026-02-20,16345496.0,16.60946300453042,725864373.0,1086825211.0,0.022518664103107867,0.015039673200955953,0.6678759064966151,0.003749325421708941,3.8739953843103248,0,coinpaprika
stable_usdd,2026-02-21,8921347.0,16.003957614214787,735925688.0,1108853803.0,0.012122619369688316,0.00804555747192581,0.663681439346608,0.003830072122368092,3.787087252127286,0,coinpaprika
stable_usdd,2026-02-22,4128979.0,15.233540961068654,741451123.0,1129089641.0,0.0055687810995465985,0.003656909823690429,0.6566804760898519,0.0039007837983214048,2.5729104753668963,0,coinpaprika
stable_usdd,2026-02-23,4472451.0,15.313447362054765,733598465.0,1138541314.0,0.006096592636681703,0.003928228993541819,0.6443318797301018,0.003920217579449164,1.5340944407793433,0,coinpaprika
stable_usdd,2026-02-24,12835446.0,16.367721198326834,729821341.0,1121921694.0,0.017587106979377848,0.011440589899137828,0.650510053333544,0.003862719228507355,4.518047513223378,0,coinpaprika
stable_usdd,2026-02-25,13724408.0,16.434686484323464,741471224.0,1129199659.0,0.01850969741746849,0.012154102147138534,0.6566342967696557,0.003885724941456398,0.061291425663689836,0,coinpaprika
stable_usdd,2026-02-26,3086855.0,14.94266365516596,752694975.0,1143027035.0,0.004101070290790768,0.002700596666114726,0.6585102118778844,0.003924973874548636,2.745807528650168,0,coinpaprika
stable_usdd,2026-02-27,2987206.0,14.909849395098398,748885391.0,1127505390.0,0.0039888693729372,0.002649393986489058,0.6641967281415835,0.0038745905623011412,4.221734241334207,0,coinpaprika
stable_usdd,2026-02-28,4086454.0,15.223188404009344,735193241.0,1127426557.0,0.005558340001115434,0.0036245855436240182,0.6520985659201569,0.003873277220215427,3.0707010077968278,0,coinpaprika
stable_usdd,2026-03-01,3111520.0,14.95062223212499,724233170.0,1086968207.0,0.0042962959014981325,0.0028625676261384895,0.6662873535177832,0.0037318680930298227,0.7531837193797131,0,coinpaprika
stable_usdd,2026-03-02,11725086.0,16.277241292311732,712022675.0,1080019854.0,0.016467292983330904,0.010856361534998226,0.6592681350837464,0.003710373962177166,1.945328662347201,0,coinpaprika
stable_usdd,2026-03-03,13864033.0,16.444808562769264,692132292.0,1024633140.0,0.020030900393244476,0.013530728666457147,0.6754927836903655,0.0035106203205055586,0.671428072410718,0,coinpaprika
stable_usdd,2026-03-04,5642478.0,15.545834065912361,695888465.0,978171791.0,0.008108307988694712,0.005768391658720406,0.7114174334230009,0.0033515371221727315,1.3307094205972092,0,coinpaprika
stable_usdd,2026-03-05,6817368.0,15.734984178262406,702016509.0,973010243.0,0.009711122049980167,0.007006470948322792,0.7214893307140653,0.00332423023473364,1.4143087041840197,0,coinpaprika
stable_usdd,2026-03-06,6730521.0,15.72216326176312,706952926.0,1009515247.0,0.009520465581890809,0.006667082067359801,0.7002894984507352,0.003435326017928342,0.7604577761033404,0,coinpaprika
stable_usdd,2026-03-07,4083325.0,15.22242241036692,701525356.0,1032892850.0,0.0058206377931690895,0.003953290024226617,0.6791850248551919,0.0035137499206699683,0.16927789276532934,0,coinpaprika
stable_usdd,2026-03-08,3773540.0,15.143524375892502,713685854.0,1027518075.0,0.005287396378743413,0.003672480408677969,0.6945725543562823,0.00349468462143646,1.92213561172494,0,coinpaprika
stable_usdd,2026-03-09,3772211.0,15.143172124761636,726447412.0,1060647784.0,0.0051926828256083045,0.0035565161752131656,0.6849091875347755,0.003607140824321112,7.050389781475541,0,coinpaprika
stable_usdd,2026-03-10,3790260.0,15.14794544012285,725946010.0,1063632139.0,0.0052211320784034615,0.0035635064615135706,0.6825160536071391,0.0036023389397717375,0.6411764891511851,0,coinpaprika
stable_usdd,2026-03-11,4176516.0,15.244988203563684,735637853.0,1056067285.0,0.005677407685001223,0.003954782104626979,0.6965823706962004,0.00357340831719238,3.0820715320900582,0,coinpaprika
stable_usdd,2026-03-12,6629136.0,15.706985187777208,744524753.0,1098714865.0,0.008903849030255144,0.00603353628058905,0.6776323655182366,0.003715161390691244,1.3659686014833028,0,coinpaprika
stable_usdd,2026-03-13,6888930.0,15.745426478557688,749333501.0,1110002837.0,0.009193409864641832,0.006206227381020649,0.6750735007355662,0.0037499823573071507,0.04091489337776366,0,coinpaprika
stable_usdd,2026-03-14,11846785.0,16.28756716512894,753041889.0,1125516054.0,0.015731907046674265,0.010525647286768955,0.6690636586868267,0.003796741022818269,1.9357689456933613,0,coinpaprika
stable_usdd,2026-03-15,66422288.0,18.01154323583035,748038610.0,1112087059.0,0.08879526686463417,0.05972759727977376,0.672643930118784,0.003751640764172805,1.752101912930737,0,coinpaprika
stable_usdd,2026-03-16,4892028.0,15.403117703817419,742328440.0,1114031156.0,0.006590112592210532,0.0043912847263312986,0.6663444159545571,0.003758641268557372,2.2526921406029743,0,coinpaprika
stable_usdd,2026-03-17,5288110.0,15.480971651216198,730585991.0,1078373351.0,0.0072381760191730805,0.0049037840142249585,0.6774889145048986,0.0036379039846878448,2.7726581877440815,0,coinpaprika
stable_usdd,2026-03-18,4147428.0,15.237999182153976,734992314.0,1100168464.0,0.005642818191429414,0.0037698117476670373,0.668072516210572,0.003707559845219141,2.1494144866340825,0,coinpaprika
stable_usdd,2026-03-19,3787523.0,15.147223065413348,741531315.0,1103262500.0,0.005107704723164659,0.003433020699969409,0.6721259129173701,0.003726241377392505,0.3772618959063667,0,coinpaprika
stable_usdd,2026-03-20,3781928.0,15.145744754888415,743155920.0,1134158783.0,0.00508901012320537,0.003334566602743489,0.6552485693707316,0.003823256530401791,3.445933130967749,0,coinpaprika
stable_usdd,2026-03-21,3213554.0,14.982888358941862,747134810.0,1168644207.0,0.004301170226561924,0.002749813827640015,0.6393176002796889,0.003941229872899045,0.8799369446732541,0,coinpaprika
stable_usdd,2026-03-22,2793571.0,14.842831621667683,750117496.0,1179145925.0,0.003724177898658159,0.0023691478219712288,0.6361532360805979,0.003973414208688243,3.8706865655147027,0,coinpaprika
stable_usdd,2026-03-23,4767906.0,15.37741798250354,762608767.0,1163086832.0,0.006252099643118842,0.004099355154594339,0.6556765548524411,0.003921359516292249,9.250208840215768,0,coinpaprika
stable_usdd,2026-03-24,5943791.0,15.59785787149693,763434531.0,1173120884.0,0.007785593601869706,0.00506664835744242,0.6507722617612185,0.003961364217093741,3.1079775728692915,0,coinpaprika
stable_usdd,2026-03-25,4719707.0,15.367257491241277,769944747.0,1168113326.0,0.006129929476614768,0.0040404530065261835,0.6591353166362216,0.003945010548365419,1.035490008712836,0,coinpaprika
stable_usdd,2026-03-26,6074226.0,15.61956529629648,775324657.0,1181354607.0,0.007834429029386589,0.005141746571273159,0.6563013784395391,0.003990118643800736,2.2506092959417856,0,coinpaprika
stable_usdd,2026-03-27,7084538.0,15.773425361946916,777962269.0,1195479130.0,0.009106531617666409,0.00592610763518724,0.6507535342754164,0.004048952890017329,4.765904732200177,0,coinpaprika
stable_usdd,2026-03-28,16002653.0,16.588265141448318,776842282.0,1214354165.0,0.020599616383908413,0.013177912557330423,0.6397164059630001,0.004119482511132244,2.980483776162668,0,coinpaprika
stable_usdd,2026-03-29,31273648.0,17.258286415942166,852527510.0,1207325403.0,0.03668344731772937,0.025903246897887065,0.7061290252666041,0.004096568930170636,8.910003853115356,0,coinpaprika
stable_usdd,2026-03-30,3814543.0,15.154331687378388,965525608.0,1411744086.0,0.0039507424436949785,0.0027020074231782544,0.6839239615557349,0.0047852660345389115,3.143746796505642,0,coinpaprika
stable_usdd,2026-03-31,4575584.0,15.336245117369693,1008189584.0,1412231870.0,0.0045384162588214165,0.0032399665360901392,0.7138980541488559,0.004786405906217061,9.143158281434971,0,coinpaprika
stable_usdd,2026-04-01,4655035.0,15.353460202283165,1101366208.0,1527302397.0,0.004226600531401087,0.003047880373358702,0.7211186273022002,0.005172265950307683,6.757625174190762,0,coinpaprika
stable_usdd,2026-04-02,4018416.0,15.20639860194854,1111215742.0,1545190856.0,0.003616233867212439,0.0026005952497042215,0.7191446530278975,0.005232593505659048,7.359877901856882,0,coinpaprika
stable_usdd,2026-04-03,4804701.0,15.3851055797328,1115023222.0,1541579359.0,0.004309059134554957,0.0031167393179918675,0.7232992680463102,0.0052181314964510495,1.385049939075511,0,coinpaprika
stable_usdd,2026-04-04,5055115.0,15.435911357750074,1116670251.0,1551701324.0,0.004526954125869339,0.003257788674800409,0.7196425199415503,0.005245633290367528,0.07286927986349667,0,coinpaprika
stable_usdd,2026-04-05,3220738.0,14.985121394294373,1110801724.0,1549724921.0,0.0028994715532148383,0.0020782643141092007,0.7167734795690235,0.005239648449656692,3.4084795920730215,0,coinpaprika
stable_usdd,2026-04-06,5675205.0,15.551617420232398,1101099633.0,1541557430.0,0.005154124867463288,0.0036814749094362317,0.7142773999668633,0.005211184582598486,3.96128181834543,0,coinpaprika
stable_usdd,2026-04-07,9784235.0,16.09628307707214,1100284783.0,1534293249.0,0.008892456890408526,0.006377030601142924,0.7171280872917404,0.005190823450731838,2.443962896720997,0,coinpaprika
stable_usdd,2026-04-08,7826592.0,15.873037851946007,1101201719.0,1529430622.0,0.00710731909055438,0.005117323981499306,0.7200076310489878,0.00516273533111733,7.576125154998836,0,coinpaprika
stable_usdd,2026-04-09,45397594.0,17.630969688040146,1106006635.0,1516421466.0,0.04104640294495159,0.0299373195499199,0.7293530590261376,0.005119526626068302,0.7261405440062152,0,coinpaprika
stable_usdd,2026-04-10,19675769.0,16.79489848746129,1117290875.0,1528533222.0,0.017610247644777373,0.012872320154255698,0.7309562258241843,0.005156497691421903,0.35943365699897534,0,coinpaprika
stable_usdd,2026-04-11,8127914.0,15.910814991068554,1127070145.0,1540102668.0,0.0072115422771667865,0.005277514394903963,0.7318149422230597,0.005185230335896623,1.4185933463672917,0,coinpaprika
stable_usdd,2026-04-12,4935819.0,15.412029377127716,1138162145.0,1547071731.0,0.004336657146508769,0.003190426727537432,0.73568802415148,0.00520727646289445,3.049046062684191,0,coinpaprika
stable_usdd,2026-04-13,83803200.0,18.243981762813476,1152527936.0,1529260380.0,0.07271251080546476,0.05479982421306174,0.7536505562250949,0.005146347641939408,3.6994731139083914,0,coinpaprika
stable_usdd,2026-04-14,10741859.0,16.189658816407857,1160027673.0,1525074280.0,0.009260002368926245,0.007043498891083522,0.7606368346858489,0.0051305860631639805,2.336684663000188,0,coinpaprika
stable_usdd,2026-04-15,9639246.0,16.08135355150263,1160845312.0,1548113402.0,0.008303643819168906,0.006226446969289915,0.7498451408664958,0.005189903841887112,1.9130251867682802,0,coinpaprika
stable_usdd,2026-04-16,19995747.0,16.811030208915682,1151218255.0,1541184442.0,0.017369205980841573,0.012974272549787393,0.7469698133638439,0.005170688007598652,1.950476653680422,0,coinpaprika
stable_usdd,2026-04-17,72148226.0,18.09423326907764,1141369976.0,1544382315.0,0.06321195363211482,0.046716558004615584,0.7390462613527143,0.005170602099372935,1.6872286036373474,0,coinpaprika
stable_usdd,2026-04-18,37278512.0,17.433927659647086,1137011678.0,1546154978.0,0.032786393245822054,0.024110462748191598,0.7353801489361437,0.005164140244424468,2.1129220669413584,0,coinpaprika
stable_usdd,2026-04-19,15809301.0,16.576109058938435,1125198727.0,1493984540.0,0.014050230079935026,0.01058197094864181,0.7531528585965154,0.004990619470069857,1.9079845640357362,0,coinpaprika
stable_usdd,2026-04-20,10899300.0,16.20420921670269,1088965486.0,1397236475.0,0.010008857158582159,0.00780061227645807,0.7793709264568118,0.004677886143765595,1.407916457172309,0,coinpaprika
stable_usdd,2026-04-21,43718154.0,17.593274020016185,1077680235.0,1311319132.0,0.040566907121573036,0.03333906516968289,0.8218291098646153,0.0043885798675854844,1.7467699622519817,0,coinpaprika
stable_usdd,2026-04-22,34583285.0,17.35888105973134,1077583006.0,1334931505.0,0.03209338381121426,0.025906411580270555,0.8072196977626953,0.004459382156593666,2.179781957787341,0,coinpaprika
stable_usdd,2026-04-23,90290974.0,18.318548068763402,1078512297.0,1373446646.0,0.08371807558537277,0.06574043066249549,0.7852596969391121,0.0045941541345994675,0.8083962653837595,0,coinpaprika
stable_usdd,2026-04-24,17280259.0,16.665075367523286,1084705564.0,1388486739.0,0.015930829133278052,0.012445390016792951,0.7812142050281403,0.004638874276488764,1.8834195206585136,0,coinpaprika
stable_usdd,2026-04-25,5259659.0,15.475576943841446,1098228524.0,1401470128.0,0.004789220899893509,0.0037529583363335164,0.7836260666984406,0.004685837469749905,2.449287697376956,0,coinpaprika
stable_usdd,2026-04-26,3392123.0,15.036966831829528,1125358106.0,1429543470.0,0.0030142609556144256,0.0023728715293981234,0.7872150302641724,0.004778246381590006,8.963698255324282,0,coinpaprika
stable_usdd,2026-04-27,4560252.0,15.332888662407615,1135006516.0,1450673022.0,0.004017820105624839,0.003143542294398579,0.7823999611126704,0.004847891011066954,5.468830892809695,0,coinpaprika
stable_usdd,2026-04-28,5179145.0,15.460150735779095,1133198822.0,1463534001.0,0.0045703762653576075,0.0035387937666369255,0.7742893716344893,0.00489419557343048,2.7924493265318873,0,coinpaprika
stable_usdd,2026-04-29,5498065.0,15.5199069520005,1130329614.0,1464788257.0,0.004864125412536524,0.0037534879008795877,0.7716675830778454,0.004898502471042565,2.041908029207784,0,coinpaprika
stable_usdd,2026-04-30,5046507.0,15.434207076916904,1122948979.0,1466633894.0,0.004493977103478002,0.003440877113671832,0.7656641399015698,0.0049196887751391935,4.167559743681881,0,coinpaprika
stable_usdd,2026-05-01,5121097.0,15.448879427148906,1124244307.0,1467633118.0,0.004555146037310554,0.0034893577537816233,0.7660254413800984,0.00491497914668697,9.135706525502663,0,coinpaprika
stable_usdd,2026-05-02,4733499.0,15.370175444551084,1129539447.0,1484487209.0,0.004190645145304076,0.003188642496413723,0.7608953719182905,0.004967046520046474,1.7417454838575264,0,coinpaprika
stable_usdd,2026-05-03,3515418.0,15.07266927953668,1135149549.0,1492448460.0,0.003096876533225844,0.0023554702853859355,0.7605954774478443,0.004988152589060716,3.380664381211762,0,coinpaprika
stable_usdd,2026-05-04,5342320.0,15.491170760700708,1134941279.0,1493235625.0,0.00470713339874917,0.0035776805150895055,0.7600550509233933,0.004989743676313271,1.5128539737130353,0,coinpaprika
stable_usdd,2026-05-05,6582181.0,15.699876859272994,1135566205.0,1488294643.0,0.005796386834178461,0.004422632998753594,0.7629982479215307,0.004965542060077745,1.430906840027557,0,coinpaprika
stable_usdd,2026-05-06,21396813.0,16.878752590403902,1131430366.0,1478514984.0,0.01891129462579759,0.014471826955796343,0.7652478184150753,0.0049260923976926965,0.8469594304005845,0,coinpaprika
stable_usdd,2026-05-07,9751337.0,16.09291506432798,1132627613.0,1469705999.0,0.008609481958656786,0.006634889567461036,0.7706491051752181,0.004893233967157775,1.9665639991106598,0,coinpaprika
stable_usdd,2026-05-08,6102163.0,15.624154020331543,1129738083.0,1454911096.0,0.005401396210169185,0.004194182735135316,0.7764997367234321,0.0048398645991319725,0.17758632951947462,0,coinpaprika
stable_usdd,2026-05-09,4359820.0,15.287941559436565,1135470250.0,1458180834.0,0.003839660264106435,0.0029899035142578207,0.7786895997564592,0.004870836076304922,0.18348895885811345,0,coinpaprika
stable_usdd,2026-05-10,4964463.0,15.417815893943946,1148269490.0,1474915440.0,0.004323430208008052,0.003365930591926002,0.7785324221705889,0.0049147570982249,2.4293375999484557,0,coinpaprika
stable_usdd,2026-05-11,7155799.0,15.783433774645555,1146285947.0,1487122642.0,0.006242595068645642,0.004811841873630756,0.7708079445676277,0.004952761401403363,4.019201680562912,0,coinpaprika
stable_usdd,2026-05-12,9100331.0,16.023821454338055,1140413863.0,1472891159.0,0.007979849504863482,0.00617854954481399,0.7742689308925372,0.00489808192250417,2.3759554362257074,0,coinpaprika
stable_usdd,2026-05-13,9131011.0,16.027187089801973,1137732542.0,1473282365.0,0.008025621719449772,0.006197733181989184,0.7722433723694235,0.004905655452976381,2.5909968559545415,0,coinpaprika
stable_usdd,2026-05-14,18732946.0,16.745794403207356,1140689490.0,1478084981.0,0.0164224761990224,0.012673794971738503,0.7717347139460583,0.004927862743030633,4.365310390472832,0,coinpaprika
stable_usdd,2026-05-15,15099176.0,16.530150796988536,1137613106.0,1485850747.0,0.013272681125387807,0.010161973556553995,0.7656308066586718,0.004952505495013737,2.4765375318125393,0,coinpaprika
stable_usdd,2026-05-16,5439181.0,15.509139239878719,1145133117.0,1498606629.0,0.004749824207555426,0.0036294921527402373,0.764131890811221,0.004993494436916149,6.620642033939861,0,coinpaprika
stable_usdd,2026-05-17,3638451.0,15.107068874432706,1164489913.0,1511623114.0,0.00312450194663043,0.0024069829088363623,0.7703573081246229,0.0050353355263409874,3.9330976437090825,0,coinpaprika
stable_usdd,2026-05-18,3771629.0,15.143017826725925,1167316162.0,1535605881.0,0.003231026111673077,0.0024561178403041035,0.760166509156525,0.005115250322751013,0.5098663309432983,0,coinpaprika
stable_usdd,2026-05-19,3108721.0,14.949722267223645,1173997901.0,1535586464.0,0.002647978328881186,0.0020244519425511166,0.7645273832004812,0.005112594741030436,11.559535191800752,0,coinpaprika
stable_usdd,2026-05-20,3244034.0,14.992328483308437,1182588721.0,1521245456.0,0.0027431633182302267,0.002132485580946248,0.7773819250113179,0.005071480524727986,5.674502828734163,0,coinpaprika
stable_usdd,2026-05-21,2970520.0,14.90424791626986,1182015046.0,1521400272.0,0.002513098297735205,0.0019524907775223534,0.7769257490970134,0.005083249421834868,0.15760066883530044,0,coinpaprika
stable_usdd,2026-05-22,2775420.0,14.836313005367325,1174205231.0,1499858675.0,0.0023636583509650537,0.0018504543436400765,0.7828772474179942,0.004998228629338089,1.6201143068006463,0,coinpaprika
stable_usdd,2026-05-23,8882390.0,15.999581335482015,1177046709.0,1515345425.0,0.007546336039243792,0.005861627226016801,0.7767514189050329,0.00504817632478479,10.76509337150311,0,coinpaprika
stable_usdd,2026-05-24,3892672.0,15.17460662614711,1176942303.0,1508408009.0,0.003307445054934014,0.0025806492519094017,0.7802546101437466,0.005026715118902617,13.227787511311817,0,coinpaprika
stable_usdd,2026-05-25,2680941.0,14.801678783265322,1183065454.0,1517273083.0,0.002266096935664559,0.0017669469194689458,0.7797313926249887,0.005058228347780062,6.029203320438992,0,coinpaprika
stable_usdd,2026-05-26,7405714.0,15.817762557403592,1181759127.0,1525813321.0,0.006266686527566797,0.004853617344975323,0.7745109514612765,0.005085473183169006,6.436200406734205,0,coinpaprika
stable_usdd,2026-05-27,4499041.0,15.319375043187604,1176667792.0,1523835886.0,0.0038235439353302195,0.0029524445784052103,0.7721748797297979,0.00508223612691931,13.761722019941525,0,coinpaprika
stable_usdd,2026-05-28,5818820.0,15.576608221866476,1149001456.0,1446732710.0,0.0050642407541039705,0.0040220421918849125,0.7942043807110714,0.00483469903573252,13.074492462507026,0,coinpaprika
stable_usdd,2026-05-29,4178751.0,15.245523195328357,1136939282.0,1406903082.0,0.0036754390196186396,0.0029701768753393064,0.8081148563437435,0.004715562461021254,15.50121204094812,0,coinpaprika
stable_usdd,2026-05-30,3596404.0,15.095445293370956,1139344201.0,1427443308.0,0.00315655619859516,0.0025194723880410668,0.7981712440799785,0.004796617050062406,2.865510700230667,0,coinpaprika
stable_usdd,2026-05-31,2344405.0,14.667542622871359,1138287083.0,1437126640.0,0.0020595902694610477,0.0016313141338747989,0.792057603914433,0.004832318659571119,9.931247599169746,0,coinpaprika
stable_usdd,2026-06-01,3741585.0,15.135020143672039,1130099909.0,1442898004.0,0.0033108444396839605,0.0025931042870858388,0.7832153803436823,0.004855987689287222,5.341600860745421,0,coinpaprika
stable_usdd,2026-06-02,3753890.0,15.13830346001179,1120364246.0,1426385931.0,0.0033505978197736954,0.0026317491770044667,0.785456601646753,0.004797428000574672,0.8611691973525737,0,coinpaprika
stable_usdd,2026-06-03,4856756.0,15.395881489193034,1120780067.0,1420954046.0,0.0043333711430112365,0.0034179543058917472,0.7887518038707918,0.00478353242166896,12.087951496096982,0,coinpaprika
stable_usdd,2026-06-04,4356856.0,15.287261483812745,1112534118.0,1409456694.0,0.003916154956067603,0.0030911598905783762,0.7893354387800723,0.004755149407978126,18.46262830271006,0,coinpaprika
stable_usdd,2026-06-05,6024826.0,15.611399323235801,1106031110.0,1399635732.0,0.00544724822432888,0.004304567154334411,0.79022783193706,0.004736457869082099,10.51348374915495,0,coinpaprika
stable_usdd,2026-06-06,26371972.0,17.08781237540167,1099726520.0,1379630887.0,0.023980481983829943,0.019115237451189364,0.7971164826494639,0.004674172168268625,1.3500253140907859,0,coinpaprika
stable_usdd,2026-06-07,52702402.0,17.780171610195005,1085639261.0,1369212558.0,0.048545040597974466,0.03849103025828368,0.7928931520945048,0.004646576787240488,4.431494136710734,0,coinpaprika
stable_usdd,2026-06-08,75058195.0,18.133774317276277,1078466736.0,1358433880.0,0.06959713498293749,0.05525347689355333,0.793904474761775,0.004611141019736343,2.4372287058238573,0,coinpaprika
stable_usdd,2026-06-09,44263102.0,17.605661998579762,1083187162.0,1364295822.0,0.0408637616404837,0.032443918163666416,0.7939532940972387,0.004623287565605896,2.0130939209739296,0,coinpaprika
stable_usdd,2026-06-10,19471923.0,16.784484191161564,1080201361.0,1354670924.0,0.018026197432276705,0.014373913734343944,0.7973902309871973,0.004608219158293504,5.954903968621306,0,coinpaprika
stable_usdd,2026-06-11,12835383.0,16.36771629003228,1079568241.0,1348329476.0,0.011889366982591701,0.00951947074395932,0.800670948915753,0.004590054025606443,8.084720032611736,0,coinpaprika
stable_usdd,2026-06-12,13246156.0,16.399218030591577,1069740387.0,1327758333.0,0.012382589421670587,0.009976330534541635,0.8056740149263292,0.004524682420940129,3.450324193104981,0,coinpaprika
stable_usdd,2026-06-13,40364729.0,17.513466941825673,1073109668.0,1357742315.0,0.03761472867468379,0.029729300290681448,0.7903632789112859,0.004630752994540869,3.5512596223397086,0,coinpaprika
stable_usdd,2026-06-14,52934887.0,17.78457318795498,1070366268.0,1364270385.0,0.04945492826386416,0.03880087670451045,0.7845704779408519,0.0046530851444441124,3.269358387890664,0,coinpaprika
stable_usdd,2026-06-15,47857805.0,17.683744797354443,1074814084.0,1362231457.0,0.044526589028210016,0.03513191884835471,0.7890098840963705,0.004646608186669005,6.312167930483392,0,coinpaprika
stable_usdd,2026-06-16,59404217.0,17.899875791912784,1081135031.0,1369864561.0,0.05494615870975325,0.04336502942789831,0.7892276811736573,0.004666885549143261,5.568194499339096,0,coinpaprika
stable_usdd,2026-06-17,60991371.0,17.92624296951068,1081754180.0,1366237445.0,0.05638191386512599,0.04464185286621243,0.7917761176572057,0.004656965687370353,5.92027518389493,0,coinpaprika
stable_usdd,2026-06-18,62704175.0,17.95393860625609,1085448983.0,1374483654.0,0.05776796144457763,0.04562016784813652,0.7897139990287582,0.004687145658667657,8.994059325271309,0,coinpaprika
stable_usdd,2026-06-19,50328166.0,17.734075458458893,1085468062.0,1363460907.0,0.04636540471515043,0.03691207114308558,0.7961123464759522,0.00464962199493546,9.015898526580912,0,coinpaprika
stable_usdd,2026-06-20,24044445.0,16.99541459229539,1081686596.0,1371524531.0,0.022228661322895787,0.017531181146624348,0.7886746256090115,0.004674817246298072,8.389894360583128,0,coinpaprika
stable_usdd,2026-06-21,21543960.0,16.88560610322314,1077880478.0,1366950325.0,0.019987336666468507,0.015760601980909585,0.7885293695657887,0.004658260134783703,9.340781936080234,0,coinpaprika
stable_usdd,2026-06-22,17168606.0,16.65859309970476,1070872904.0,1372690332.0,0.01603234700950095,0.01250726809956144,0.7801270825880633,0.004677366037494327,11.525665008095265,0,coinpaprika
stable_usdd,2026-06-23,13510679.0,16.418991041756318,1074939892.0,1373851213.0,0.012568776264189478,0.009834164625802168,0.7824281711355886,0.004682714868299126,4.089058091831799,0,coinpaprika
stable_usdd,2026-06-24,8755325.0,15.985172758874072,1079241019.0,1379431673.0,0.008112483537840772,0.00634705231971283,0.7823809182609656,0.004707732240174274,5.1425810083682855,0,coinpaprika
stable_usdd,2026-06-25,3875580.0,15.170206145014253,1084049515.0,1378667948.0,0.003575094999235344,0.0028111047374548815,0.7863021089107092,0.004711984437541622,7.443256678123511,0,coinpaprika
stable_usdd,2026-06-26,3080158.0,14.94049177699394,1082069019.0,1382124145.0,0.0028465448561188315,0.0022285682593295554,0.7829029128204689,0.004725139448344742,10.357521454277263,0,coinpaprika
stable_usdd,2026-06-27,6122229.0,15.62743696720354,1080748702.0,1377152012.0,0.005664803472509745,0.004445572418043274,0.7847708114883108,0.004724657984385412,13.936788033600545,0,coinpaprika
stable_usdd,2026-06-28,54699674.0,17.817368325875474,1079249831.0,1380709139.0,0.05068305079030399,0.039617086941002716,0.7816634224509178,0.004736938570635324,13.463368166325429,0,coinpaprika
stable_usdd,2026-06-29,104040190.0,18.46028783437541,1080882512.0,1377309038.0,0.09625485549533991,0.07553874049289437,0.7847784935540371,0.004726931666088314,13.028525589343642,0,coinpaprika
stable_usdd,2026-06-30,103106946.0,18.451277327900495,1081047823.0,1368722649.0,0.09537685919746772,0.0753307809111881,0.7898224112750837,0.004708018252120209,11.018398278892505,0,coinpaprika
stable_usdd,2026-07-01,61093322.0,17.927913138301278,1076884300.0,1385689658.0,0.056731556026956655,0.044088747900577895,0.7771468119018032,0.004779307404675934,15.360682774758772,0,coinpaprika
stable_usdd,2026-07-02,13789722.0,16.439434162548157,1072383684.0,1392476285.0,0.012858944243318047,0.009903021077303302,0.7701270718588935,0.004800435719679818,11.333279700855847,0,coinpaprika
stable_usdd,2026-07-03,3862132.0,15.166730179492586,1067911350.0,1388391254.0,0.0036165286566155514,0.0027817317264662053,0.7691717640278365,0.004791176858292369,11.921688728593338,0,coinpaprika
stable_usdd,2026-07-04,3289072.0,15.006116320120993,1072010711.0,1396139494.0,0.003068133523527826,0.002355833363453294,0.7678392564690244,0.004821009849386925,24.879852126509228,0,coinpaprika
stable_usdd,2026-07-05,2709043.0,14.812106363091107,1083096246.0,1402151476.0,0.0025012024646976754,0.001932061582767253,0.7724530940764064,0.004842452750793818,6.257263971174432,0,coinpaprika
stable_usdd,2026-07-06,4201216.0,15.250884803185485,1153186013.0,1416054195.0,0.0036431381864150307,0.0029668469009408215,0.8143657333679944,0.004889911464316855,11.626739569667865,0,coinpaprika
stable_usdd,2026-07-07,4648656.0,15.352088918643517,1214486394.0,1477711506.8104198,0.003827672358427426,0.0031458481432779357,0.8218697549573932,0.005108223606587393,32.27147609170977,0,coinpaprika
stable_usdd,2026-07-08,4866503.0,15.397886372794305,1234601176.0,,0.003941761189445035,,,,5.27164025916349,0,coinpaprika
stable_usdd,2026-07-09,2871717.0,14.870421014914314,1238592499.0,,0.0023185325297210603,,,,22.343675510505534,0,coinpaprika
stable_usdd,2026-07-10,2713376.0,14.81370454254721,1297310072.0,,0.002091540070922998,,,,8.338592526812016,0,coinpaprika
stable_usdd,2026-07-11,4352101.0,15.286169504743262,1333386686.0,,0.0032639451448670006,,,,8.041579822293254,0,coinpaprika
stable_usdd,2026-07-12,3200153.0,14.978709491611985,1329275113.0,,0.002407442198159923,,,,7.867032275886698,0,coinpaprika
stable_usdd,2026-07-13,4300084.0,15.274145347910277,1313728381.0,,0.0032731910661219095,,,,7.4947099364752745,0,coinpaprika
stable_usdd,2026-07-14,3342843.0,15.022332499640957,1313229539.0,,0.002545513103935747,,,,14.965203806558414,0,coinpaprika
stable_usdd,2026-07-15,8340017.0,15.936575932605981,1270733276.0,,0.006563153068795532,,,,0.753522571833587,0,coinpaprika
stable_usdd,2026-07-16,27152665.0,17.11698579473517,1220438785.0,,0.02224828097379747,,,,7.8127070072664395,0,coinpaprika
stable_usdd,2026-07-17,44361045.0,17.607872299970065,1233123610.0,,0.035974532188220776,,,,8.518602735901881,0,coinpaprika
stable_usdd,2026-07-18,85870059.0,18.26834578137906,1245346545.0,,0.06895274198556516,,,,7.6255158011284685,0,coinpaprika
stable_usdd,2026-07-19,74154909.0,18.121666841483403,1255301956.0,,0.059073363699912854,,,,6.881882673420714,0,coinpaprika
stable_usdd,2026-07-20,12040551.0,16.30379084397008,1250864375.0,,0.009625784569969867,,,,7.597099307992128,0,coinpaprika
stable_usdd,2026-07-21,14948014.0,16.520089073065733,1251729410.0,,0.011941889261833354,,,,6.7924850439771145,0,coinpaprika
stable_usdd,2026-07-22,17446775.0,16.674665433096145,1258029711.0,,0.013868333034942129,,,,5.245727714981996,0,coinpaprika
stable_usdd,2026-07-23,21586209.0,16.887565242847856,1261220549.0,,0.01711533245879583,,,,4.797681132265863,0,coinpaprika
stable_usdd,2026-07-24,20729661.0,16.84707617940687,1263603551.0,,0.016405193688791717,,,,8.029274287468802,0,coinpaprika
stable_usdd,2026-07-25,64913388.0,17.988564462400067,1258788025.0,,0.051568164544622194,,,,9.495137718749103,0,coinpaprika
stable_usdd,2026-07-26,105581863.0,18.474997172062775,1264258751.0,,0.08351285914887846,,,,9.610785524777343,0,coinpaprika
stable_usdd,2026-07-27,110614196.0,18.521559002286594,1255745687.0,,0.08808646300371487,,,,9.448782590324445,0,coinpaprika
stable_usdd,2026-07-28,107440015.0,18.492443259099574,1260939397.0,,0.08520632732676843,,,,9.853761716694942,0,coinpaprika
stable_usdd,2026-07-29,115920349.0,18.568413875295814,1269975335.0,,0.0912776380810577,,,,12.56318011713664,0,coinpaprika
stable_usdd,2026-07-30,111560568.0,18.53007822110496,1280307739.0,,0.08713574447900764,,,,13.288629121587237,0,coinpaprika
stable_usdd,2026-07-31,94701785.0,18.36624341753496,1285389392.0,,0.07367556134304865,,,,9.228716675279136,0,coinpaprika
stable_usdd,2026-08-01,24133507.0,16.999111806230705,1288437584.0,,0.0187308312794452,,,,10.883014367853994,0,coinpaprika
stable_usdd,2026-08-02,2207882.0,14.607544695844714,1286467317.0,,0.001716236371358978,,,,1.7952777952934262,0,coinpaprika
stable_usdd,2026-08-03,2510093.0,14.735830760605928,1278806770.0,,0.001962839937107934,,,,9.530262283018454,0,coinpaprika
stable_usdd,2026-08-04,2660753.0,14.794120099237686,1281035726.0,,0.002077032627581848,,,,22.267401085578342,0,coinpaprika
stable_usdd,2026-08-05,2567011.0,14.75825313455992,1266710865.0,,0.002026516919470806,,,,19.318774308466622,0,coinpaprika
stable_usdd,2026-08-06,3881545.0,15.171744085846145,1266883491.0,,0.003063853170062345,,,,22.344314376302464,0,coinpaprika
stable_usdd,2026-08-07,32710975.0,17.303221237039462,1256354573.0,,0.026036419736102635,,,,8.611900976792652,0,coinpaprika
stable_usdd,2026-08-08,68179479.0,18.037654197774895,1252164993.0,,0.05444927735653444,,,,5.575274946747477,0,coinpaprika
stable_usdd,2026-08-09,106570797.0,18.484320092205138,1251684867.0,,0.08514187541104146,,,,6.068524640735484,0,coinpaprika
stable_usdd,2026-08-10,99177589.0,18.412422639476148,1244814600.0,,0.07967257855105492,,,,6.530016830363916,0,coinpaprika
stable_usdd,2026-08-11,110224885.0,18.51803325495961,1237203034.0,,0.08909199377213943,,,,8.792508451029857,0,coinpaprika
stable_usdd,2026-08-12,93101117.0,18.349196750768105,1233869226.0,,0.07545460656460201,,,,8.071936061716523,0,coinpaprika
stable_usdd,2026-08-13,88697909.0,18.300746884431742,1246314108.0,,0.07116818178551823,,,,8.91731075789437,0,coinpaprika
stable_usdd,2026-08-14,82368075.0,18.22670849262593,1242813946.0,,0.06627546726933815,,,,8.346593607897468,0,coinpaprika
stable_usdd,2026-08-15,72456002.0,18.09849008044136,1247443162.0,,0.05808360990478539,,,,8.669597797353878,0,coinpaprika
stable_usdd,2026-08-16,36397368.0,17.410007049774848,1243955336.0,,0.02925938492055313,,,,8.175132285426212,0,coinpaprika
stable_usdd,2026-08-17,49681522.0,17.721143651319284,1237448530.0,,0.04014835429155183,,,,7.982104184800498,0,coinpaprika
stable_usdd,2026-08-18,49987581.0,17.72728517254597,1235771429.0,,0.040450507130149874,,,,7.814780434383106,0,coinpaprika
stable_usdd,2026-08-19,71504428.0,18.085269949801727,1229928441.0,,0.058137063601735185,,,,6.19976103560016,0,coinpaprika
stable_usdd,2026-08-20,43037936.0,17.577592540512885,1234273506.0,,0.03486904303688424,,,,4.430250227835941,0,coinpaprika
stable_usdd,2026-08-21,23688253.0,16.980489871434884,1236745731.0,,0.01915369700192642,,,,3.344717053745949,0,coinpaprika
stable_usde,2025-08-25,166037822.0,18.927726169764675,5427852048.0,12061301191.0,0.03058996828426448,0.013766161657905986,0.4500220964592277,0.04584563626680984,0.0,0,coinpaprika
stable_usde,2025-08-26,171346763.0,18.959199920784123,5426639400.0,12132238666.0,0.03157511497815757,0.014123260159742064,0.4472908545071644,0.045784539303305484,9.999999999998899,0,coinpaprika
stable_usde,2025-08-27,148893967.0,18.818744986423997,5425290657.0,12183038128.0,0.027444422135777934,0.012221415170473806,0.44531508479245235,0.045952761719591846,9.300830511804747,0,coinpaprika
stable_usde,2025-08-28,116576088.0,18.574054742240588,5427020650.0,12229751595.0,0.021480678906206117,0.009532171368685923,0.44375559125982394,0.04601968858985714,9.999999999998899,0,coinpaprika
stable_usde,2025-08-29,167973583.0,18.93931728690909,5426453155.0,12275304446.0,0.0309545808656299,0.013683862892275186,0.4420626126929382,0.045772458777554335,9.999999999998899,0,coinpaprika
stable_usde,2025-08-30,118635015.0,18.591562245471206,5426373264.0,12298726153.0,0.021862671295956763,0.009646122169413589,0.4412142523131436,0.04585114135884683,9.999999999998899,0,coinpaprika
stable_usde,2025-08-31,63103429.0,17.96028568419574,5425711250.0,12323217712.0,0.011630443658423584,0.005120694162414389,0.44028364805375436,0.045882645665983234,9.999999999998899,0,coinpaprika
stable_usde,2025-09-01,125162428.0,18.645122883735475,5425300764.0,12341359823.0,0.02307013628267854,0.010141704787404447,0.43960315895571955,0.04582704539186432,9.999999999998899,0,coinpaprika
stable_usde,2025-09-02,112781079.0,18.540959152463447,5424378366.0,12418077131.0,0.02079152142241989,0.009082008253794602,0.4368130676575357,0.046116717260340584,9.999999999998899,0,coinpaprika
stable_usde,2025-09-03,113889574.0,18.55073989657266,5425124146.0,12457467569.0,0.020992989457019516,0.009142273368899669,0.4354917334483169,0.046409098962278524,9.999999999998899,0,coinpaprika
stable_usde,2025-09-04,139109794.0,18.750774071380725,5426492361.0,12538709275.0,0.025635306335226222,0.011094426942122398,0.4327791834060209,0.04639369713179392,9.999999999998899,0,coinpaprika
stable_usde,2025-09-05,147405890.0,18.808700502999585,5426604198.0,12580078240.0,0.02716356023428558,0.011717406457084165,0.4313649004777573,0.046153862756207926,0.0,0,coinpaprika
stable_usde,2025-09-06,158007470.0,18.878152874683476,5426990098.0,12669803388.0,0.02911512037920066,0.012471185634155477,0.4283405141977251,0.04675564894578852,9.999999999998899,0,coinpaprika
stable_usde,2025-09-07,101860428.0,18.43911409107493,5427019988.0,12753587387.0,0.01876912711308039,0.007986805979298694,0.4255288981304096,0.04706056880785312,9.999999999998899,0,coinpaprika
stable_usde,2025-09-08,316631359.0,19.573248752937907,5425121253.0,12780579503.0,0.05836392298603616,0.02477441331401888,0.4244816325994103,0.047196959625051445,1.4199999999997548,0,coinpaprika
stable_usde,2025-09-09,293937074.0,19.49887627178289,5425295379.0,12883264914.0,0.054178999200257184,0.02281541798310645,0.4211118389022983,0.047542833263969485,9.999999999998899,0,coinpaprika
stable_usde,2025-09-10,213293149.0,19.178178068533025,5425630917.0,13033209333.0,0.039312137567576455,0.016365358949613672,0.41629277780894214,0.04803032571433937,9.999999999998899,0,coinpaprika
stable_usde,2025-09-11,126367986.0,18.654708740194362,5424672984.0,13107465473.0,0.023295042184611068,0.009640916946171231,0.41386132163950806,0.04828684769260871,9.999999999998899,0,coinpaprika
stable_usde,2025-09-12,126241142.0,18.65370446920336,5425281523.0,13195615678.0,0.023269049074193086,0.009566900482746842,0.41114273523782147,0.0485257152784095,9.999999999998899,0,coinpaprika
stable_usde,2025-09-13,184310782.0,19.03213392879614,5423835498.0,13286318587.0,0.033981632014459744,0.013872223580453574,0.40822711441730386,0.04862940476010351,20.000000000000018,0,coinpaprika
stable_usde,2025-09-14,183969455.0,19.030280301793734,5424158934.0,13429100540.0,0.033916678555791,0.013699313252740009,0.4039108142681312,0.04904172670471176,20.000000000000018,0,coinpaprika
stable_usde,2025-09-15,168489016.0,18.942381124623413,5427803145.0,13576598176.0,0.031041843541287827,0.012410252834752528,0.3997911019120376,0.049543943691189356,9.999999999998899,0,coinpaprika
stable_usde,2025-09-16,173846716.0,18.973684532144354,5427522013.0,13708327197.0,0.03203058699413883,0.012681832983826465,0.3959288347149889,0.049973002742791144,9.999999999998899,0,coinpaprika
stable_usde,2025-09-17,142039577.0,18.771616295040662,5427111277.0,13621425283.0,0.02617222491861576,0.010427658930616476,0.39842462622272123,0.04950832247882878,3.109999999999502,0,coinpaprika
stable_usde,2025-09-18,162959455.0,18.90901199163474,5425841666.0,13659027312.0,0.030033949575262082,0.01193053145569404,0.3972348500418607,0.049616131532221386,9.999999999998899,0,coinpaprika
stable_usde,2025-09-19,205594239.0,19.14141507558864,5426603242.0,13932230836.0,0.037886359077953756,0.014756735042657888,0.38949995200897775,0.05036995750249854,9.999999999998899,0,coinpaprika
stable_usde,2025-09-20,103259848.0,18.452759175086605,5426956887.0,14026836645.0,0.019027209935526434,0.0073615919692632875,0.38689813137123047,0.050584093644195444,9.999999999998899,0,coinpaprika
stable_usde,2025-09-21,89214078.0,18.306549421418264,5424451978.0,14075941583.0,0.016446652742401695,0.006338054010379449,0.38537045255653074,0.05073225178957588,9.999999999998899,0,coinpaprika
stable_usde,2025-09-22,260284753.0,19.3772867973697,5428122162.0,14075952012.0,0.04795115976242099,0.0184914493014826,0.3856309084722958,0.05076907792440373,0.0,0,coinpaprika
stable_usde,2025-09-23,779685119.0,20.474400703834544,5428570801.0,14128956265.0,0.14362622273552622,0.055183490158535076,0.3842159816466811,0.05078370449414015,9.999999999998899,0,coinpaprika
stable_usde,2025-09-24,912384771.0,20.631572358187004,5427820335.0,14417688994.0,0.1680941362625261,0.06328231739356383,0.37646951167130993,0.05172226284487792,9.999999999998899,0,coinpaprika
stable_usde,2025-09-25,1115780613.0,20.832820099143394,5423551405.0,14400334241.0,0.20572877984918814,0.07748296632054542,0.3766267722840976,0.051523930018710765,9.999999999998899,0,coinpaprika
stable_usde,2025-09-26,849113638.0,20.559703585730706,5422755957.0,14345872029.0,0.15658341344015603,0.059188708520717837,0.37800113830919213,0.051345250151460686,7.249999999999757,0,coinpaprika
stable_usde,2025-09-27,451414958.0,19.927897560921352,5425658304.0,14309342634.0,0.08320003448562174,0.031546869031384185,0.3791689417729264,0.05104967156537627,9.999999999998899,0,coinpaprika
stable_usde,2025-09-28,450486760.0,19.92583924723346,5429181616.0,14308797572.0,0.08297507651473636,0.0314832016969427,0.3794296193429998,0.051017342994426916,0.0,0,coinpaprika
stable_usde,2025-09-29,570853709.0,20.16264353514581,5428424568.0,14314338622.0,0.10516010710826183,0.03987985222891425,0.37922985555594885,0.05101701261452636,9.999999999998899,0,coinpaprika
stable_usde,2025-09-30,602140905.0,20.21600203900752,5427540982.0,14462399820.0,0.11094175189039596,0.04163492314514093,0.3752863321130338,0.05154595452738274,9.999999999998899,0,coinpaprika
stable_usde,2025-10-01,458289433.0,19.94301149444597,5426915851.0,14713959486.0,0.08444749201621626,0.03114657434228034,0.3688277010796168,0.05225639832544922,9.999999999998899,0,coinpaprika
stable_usde,2025-10-02,369365147.0,19.727296273687713,5426985927.0,14740647607.0,0.06806082639027267,0.02505759291230847,0.368164687989885,0.05222893775494093,9.999999999998899,0,coinpaprika
stable_usde,2025-10-03,521201599.0,20.071647473049087,5424077425.0,14819603394.0,0.09609036858466304,0.035169740049252496,0.3660069221013055,0.05228340421069924,12.570070306325842,0,coinpaprika
stable_usde,2025-10-04,342942265.0,19.653072670262986,5423464502.0,14819842076.0,0.0632330616109931,0.023140750302284126,0.3659596690833185,0.052008807671563045,0.38286163192458034,0,coinpaprika
stable_usde,2025-10-05,271312719.0,19.418782661896827,5420882753.0,14818680989.0,0.050049545685128746,0.018308830536361308,0.36581412050262474,0.05194876622130185,12.385989173349099,0,coinpaprika
stable_usde,2025-10-06,345549752.0,19.66064719369893,5421033660.0,14818679829.0,0.06374241033581776,0.023318524726053044,0.36582433270412484,0.05200053082512537,2.1849376881311056,0,coinpaprika
stable_usde,2025-10-07,317587030.0,19.576262452120638,5421196717.0,14818492611.0,0.058582458187524944,0.021431804053014824,0.3658399581733273,0.051878846478507636,18.968910426264696,0,coinpaprika
stable_usde,2025-10-08,277752682.0,19.442241646203335,5422392464.0,14818508900.0,0.051223271617471026,0.01874363229622921,0.3659202488315137,0.051744160341940564,6.064664648021134,0,coinpaprika
stable_usde,2025-10-09,259246229.0,19.37328886302025,5423228545.0,14646897605.0,0.04780293267172276,0.017699736557965785,0.3702646588550381,0.05114712452505979,5.706008327108769,0,coinpaprika
stable_usde,2025-10-10,361595713.0,19.706037333535942,5424607930.0,14664266147.0,0.06665840511721555,0.024658289025528555,0.36992017709046837,0.051248156575926934,0.33709481150445697,0,coinpaprika
stable_usde,2025-10-11,3128659249.0,21.86387039509583,5422966713.0,14284227606.0,0.5769276144550068,0.219028941241865,0.37964717887315913,0.04979678558908506,10.91699685310532,0,coinpaprika
stable_usde,2025-10-12,731565325.0,20.41069707860659,5423838804.0,12700706819.0,0.13487962150727664,0.057600363147159106,0.42705015408166475,0.04432154230953727,5.0889999479464265,0,coinpaprika
stable_usde,2025-10-13,328175923.0,19.609060376220743,5423069780.0,12601414355.0,0.060514788913521966,0.026042784861668014,0.43035405607849325,0.04395930524500583,9.336089421341232,0,coinpaprika
stable_usde,2025-10-14,287163226.0,19.47556134724697,5423268568.0,12601153851.0,0.05295021303101359,0.022788645341173367,0.43037872818048495,0.0439024942793641,5.1011726466798635,0,coinpaprika
stable_usde,2025-10-15,279272334.0,19.447697974810083,5422839426.0,12503218096.0,0.051499281476235254,0.022336036359258914,0.43371549503202395,0.04344214528836197,1.410536637171944,0,coinpaprika
stable_usde,2025-10-16,331677692.0,19.619674251128277,5420865367.0,12476340922.0,0.0611853771575139,0.026584532602434763,0.43449160301809203,0.04321546876608237,0.9846699970150752,0,coinpaprika
stable_usde,2025-10-17,405142254.0,19.819748810311637,5418981704.0,12408160828.0,0.07476353974418216,0.032651273594533396,0.4367272296931901,0.042988968311363014,3.821196811979455,0,coinpaprika
stable_usde,2025-10-18,303191308.0,19.529874547073643,5420633553.0,12268150565.0,0.05593281763756223,0.02471369310260825,0.4418460243277916,0.04247386420269533,5.484073595193317,0,coinpaprika
stable_usde,2025-10-19,190362166.0,19.064438957846445,5421643222.0,12138006616.0,0.035111525824411766,0.015683148973495337,0.4466666886516055,0.04202965307186519,4.2608385244014,0,coinpaprika
stable_usde,2025-10-20,288730894.0,19.481005653109147,5420075597.0,12070493262.0,0.053270639649345836,0.0239203889793779,0.44903513711932014,0.04175245346559242,1.9600916218309727,0,coinpaprika
stable_usde,2025-10-21,633919404.0,20.267432382869778,5418999556.0,11867672823.0,0.11698089240441341,0.053415645464327276,0.4566185499736539,0.04106089188007939,6.374106168136606,0,coinpaprika
stable_usde,2025-10-22,402663144.0,19.813610901891753,5418291749.0,11398571644.0,0.07431551541577944,0.03532575453977644,0.47534830838669945,0.039278439065163755,3.80787627009771,0,coinpaprika
stable_usde,2025-10-23,311269402.0,19.55616934275602,5418053733.0,11043376429.0,0.05745040882561509,0.028186071895783968,0.49061568876454714,0.03813231065215819,6.236394931175004,0,coinpaprika
stable_usde,2025-10-24,254736804.0,19.355741432847342,5418116989.0,10729817023.0,0.04701574449521359,0.02374102032252335,0.5049589361483,0.037053904280317476,3.1670286678298076,0,coinpaprika
stable_usde,2025-10-25,153906315.0,18.851854637603132,5418439113.0,10605589034.0,0.028404179098505632,0.01451181207442589,0.5109041181615901,0.036569048702700314,5.971697864767256,0,coinpaprika
stable_usde,2025-10-26,144027924.0,18.785517762350633,5417066149.0,10500929438.0,0.02658780971810503,0.01371573105508187,0.5158653984853108,0.036231309828137354,6.707682502157253,0,coinpaprika
stable_usde,2025-10-27,297740229.0,19.51173195289895,5416501243.0,10369196386.0,0.05496910563526294,0.028713915516345587,0.5223646116215047,0.035793049748326464,7.038830334094026,0,coinpaprika
stable_usde,2025-10-28,210995797.0,19.167348776550096,5417619134.0,10096314422.0,0.03894622190693112,0.020898298941665033,0.5365937417910577,0.034896595621387055,7.693112257108892,0,coinpaprika
stable_usde,2025-10-29,232402189.0,19.263980006305548,5419506699.0,9955576649.0,0.042882535608431395,0.023343920417040226,0.5443689391457168,0.03438173175598884,7.179494240939777,0,coinpaprika
stable_usde,2025-10-30,206907485.0,19.14778232379153,5419288258.0,9651729961.0,0.038179826418083845,0.021437347070012998,0.5614836179522077,0.03338994199161013,4.867653876744482,0,coinpaprika
stable_usde,2025-10-31,328580726.0,19.610293109990995,5417101202.0,9556216545.0,0.06065619115232472,0.0343839765929038,0.5668667276940614,0.033079270609370784,2.487759906593112,0,coinpaprika
stable_usde,2025-11-01,279342787.0,19.44795021646081,5418324996.0,9368802049.0,0.051555192279204506,0.0298162759271679,0.5783370133835133,0.03245457566259924,12.114389263989667,0,coinpaprika
stable_usde,2025-11-02,145984384.0,18.799010221898037,5418772774.0,9290934577.0,0.026940488204350015,0.015712561830043333,0.5832322603384101,0.03217207898980046,9.85176275260069,0,coinpaprika
stable_usde,2025-11-03,171804520.0,18.9618678826513,5418566578.0,9275575879.0,0.03170663634503376,0.018522248347832206,0.5841757588623355,0.032124487792805245,3.714279248498986,0,coinpaprika
stable_usde,2025-11-04,228180267.0,19.24564652364316,5417437101.0,9192052837.0,0.04211959691380273,0.024823646148064454,0.5893609618075349,0.03184204344851733,8.855299418482065,0,coinpaprika
stable_usde,2025-11-05,302177699.0,19.526525812889535,5417168668.0,9071032028.0,0.05578148245318767,0.03331238364799653,0.5971943050447358,0.03151657277683214,8.326217298751937,0,coinpaprika
stable_usde,2025-11-06,194756162.0,19.087258887914032,5417308103.0,8958599168.0,0.03595072650421116,0.02173957762232141,0.6047048206320642,0.031108883389146972,13.482883455968597,0,coinpaprika
stable_usde,2025-11-07,296674320.0,19.508145532813103,5415709137.0,8842243322.0,0.054780327468683256,0.03355192898411397,0.6124813511437093,0.030724349774828352,11.579542089843464,0,coinpaprika
stable_usde,2025-11-08,255616781.0,19.359189935589306,5416605667.0,8628649132.0,0.04719132178244276,0.029624194597509566,0.6277466593133457,0.029927449104936357,10.768041431897801,0,coinpaprika
stable_usde,2025-11-09,122982462.0,18.62755232593582,5417648929.0,8522429985.0,0.02270033802701578,0.014430445567338973,0.6356929817593567,0.029607738989678868,11.489710122253305,0,coinpaprika
stable_usde,2025-11-10,109001501.0,18.506872219914992,5417266692.0,8471426005.0,0.02012112513511085,0.012866960171246871,0.639475182667313,0.02943449821393947,7.014861017544671,0,coinpaprika
stable_usde,2025-11-11,127483630.0,18.663498530007057,5417649185.0,8441589644.0,0.023531171112549622,0.015101851117651888,0.6417806850929652,0.029284581726733688,11.050991203057636,0,coinpaprika
stable_usde,2025-11-12,145982854.0,18.79899974127014,5417573040.0,8395159280.0,0.026946171823093685,0.01738893201797596,0.6453210545875432,0.02911863269511967,14.446885775031282,0,coinpaprika
stable_usde,2025-11-13,159801819.0,18.889444980468138,5416964781.0,8291116002.0,0.02950025068660309,0.019273861198112807,0.6533456750205049,0.02868907615215959,11.735416956301092,0,coinpaprika
stable_usde,2025-11-14,170178389.0,18.952357797769775,5415400608.0,8206187427.0,0.03142489380168862,0.0207378140596788,0.6599167586865305,0.028445718957128142,22.39706477526471,0,coinpaprika
stable_usde,2025-11-15,143982280.0,18.785200801358062,5416301659.0,8104724274.0,0.026583135331975424,0.01776522866569267,0.6682894415514573,0.02815611520198647,14.161306703421861,0,coinpaprika
stable_usde,2025-11-16,64826813.0,17.987229872028724,5418566646.0,8042673115.0,0.011963830517403587,0.008060356559698374,0.6737270766225838,0.02795629876167972,13.39147201608104,0,coinpaprika
stable_usde,2025-11-17,132295111.0,18.70054568206856,5416288166.0,7957296543.0,0.024425419576171052,0.01662563538823741,0.6806693877413286,0.027671009996201958,18.76500248121138,0,coinpaprika
stable_usde,2025-11-18,163098518.0,18.90986498723119,5415233775.0,7848698651.0,0.03011846298362253,0.020780326172826075,0.6899530757637188,0.027303923872309645,14.991355232736314,0,coinpaprika
stable_usde,2025-11-19,109240947.0,18.509066532671998,5415620104.0,7822317722.0,0.020171456804976805,0.013965291475282778,0.6923293448908058,0.027219162301575225,12.698961715464918,0,coinpaprika
stable_usde,2025-11-20,192940409.0,19.077891942717383,5413938711.0,7687002978.0,0.03563771577391246,0.02509956215083959,0.7042977251985657,0.026790516855450947,9.162566942244599,0,coinpaprika
stable_usde,2025-11-21,245626696.0,19.319323449469785,5413257612.0,7615639291.0,0.04537502435788382,0.03225293197516279,0.7108080366145062,0.02654360912543644,18.436352979402937,0,coinpaprika
stable_usde,2025-11-22,173834805.0,18.97361601541731,5415593153.0,7460147121.0,0.032098940981876226,0.023301793138993512,0.7259365083773393,0.026033357454512247,12.618847682194234,0,coinpaprika
stable_usde,2025-11-23,76077128.0,18.147258238896306,5417395788.0,7424635365.0,0.014043117943960716,0.01024658104539791,0.729651426861688,0.02589430852545258,15.307089818233921,0,coinpaprika
stable_usde,2025-11-24,66565927.0,18.0137034130114,5416921877.0,7395510427.0,0.012288515232725776,0.009000856351574717,0.7324608531716157,0.025813439552769293,11.856702905235217,0,coinpaprika
stable_usde,2025-11-25,111007790.0,18.525110946002652,5416542854.0,7355376001.0,0.020494214297228933,0.015092061912933878,0.7364059775140787,0.02557998387931567,12.783782023394474,0,coinpaprika
stable_usde,2025-11-26,82707479.0,18.230820603304043,5417330625.0,7298133427.0,0.015267201639552875,0.011332689355064048,0.7422898853778382,0.02533129489197428,13.312595753435241,0,coinpaprika
stable_usde,2025-11-27,129008505.0,18.675388898136628,5418008500.0,7286525131.0,0.023811056221118884,0.017705079263521998,0.743565472237167,0.025209086336708725,7.0238109052633835,0,coinpaprika
stable_usde,2025-11-28,306442967.0,19.54054222098565,5419335246.0,7284003723.0,0.05654622810540922,0.04207067687683553,0.7440050076976052,0.025176903329316574,7.638200030209985,0,coinpaprika
stable_usde,2025-11-29,141098627.0,18.764969693175484,5420242697.0,7229333286.0,0.026031791358363966,0.019517515850769423,0.7497569253718869,0.0249434251657942,8.71818203924235,0,coinpaprika
stable_usde,2025-11-30,86136257.0,18.27144099573651,5420152361.0,7208262762.0,0.0158918516054608,0.011949655533381346,0.7519360128731112,0.024868593332608144,6.3557022740101665,0,coinpaprika
stable_usde,2025-12-01,81769893.0,18.219419689818377,5418738888.0,7184225195.0,0.015090207277025746,0.011381866628694955,0.7542551549986596,0.024797464854095525,10.417622101231983,0,coinpaprika
stable_usde,2025-12-02,106103835.0,18.47992875750181,5418306271.0,7079484106.0,0.01958247276790013,0.014987509458503473,0.7653532644289547,0.024363377714200916,9.726005424594009,0,coinpaprika
stable_usde,2025-12-03,125563013.0,18.648318294109945,5417824765.0,7025449254.0,0.02317590886496677,0.017872595539496584,0.7711712901371133,0.024140242670767347,5.7875065394175085,0,coinpaprika
stable_usde,2025-12-04,99544919.0,18.416119557539073,5418099742.0,6887135680.0,0.01837266269359129,0.014453747337819255,0.7866985629067786,0.02360454647457226,43.188397192959194,0,coinpaprika
stable_usde,2025-12-05,167845752.0,18.938555978716916,5418953586.0,6838561334.0,0.030973830894885986,0.02454401500583222,0.7924113452135049,0.023415073023125833,5.066049388519067,0,coinpaprika
stable_usde,2025-12-06,157729526.0,18.87639226966375,5419179725.0,6734338079.0,0.029105793497188358,0.023421682153418364,0.8047085936922116,0.023037421518882495,2.498623735427419,0,coinpaprika
stable_usde,2025-12-07,72128492.0,18.09395971142921,5420323290.0,6707128443.0,0.013307046119014794,0.01075400487898484,0.8081436543319825,0.0229529945322502,5.799174614053992,0,coinpaprika
stable_usde,2025-12-08,167133222.0,18.934301794868563,5418299598.0,6700305753.0,0.030846065075783576,0.0249441186956532,0.8086645293125625,0.022928975206313634,3.077181015543884,0,coinpaprika
stable_usde,2025-12-09,178731813.0,19.0013969945024,5417392726.0,6649980248.0,0.03299222006597422,0.026877044191785996,0.814647942394911,0.022725260458431224,6.184574849442681,0,coinpaprika
stable_usde,2025-12-10,193780465.0,19.082236457707175,5417631626.0,6610745118.0,0.03576848305263493,0.029312953614316007,0.8195190601508228,0.022552598260332554,9.604284201152335,0,coinpaprika
stable_usde,2025-12-11,150940019.0,18.83239309732397,5418372179.0,6560127726.0,0.02785707847552419,0.02300870124857078,0.8259552870480192,0.02239204673021999,4.616154045924414,0,coinpaprika
stable_usde,2025-12-12,101501347.0,18.435582637146105,5418048563.0,6559710037.0,0.018733930827633298,0.015473450263423588,0.8259585457953985,0.022326073302121812,7.767178736174385,0,coinpaprika
stable_usde,2025-12-13,88075439.0,18.29370427792136,5418930773.0,6531448007.0,0.016253287353076875,0.013484825861831284,0.829667597015597,0.02223364184964173,7.083317711116255,0,coinpaprika
stable_usde,2025-12-14,44904835.0,17.62005605292597,5419345208.0,6527962443.0,0.008286025945295346,0.0068788439566088355,0.8301740788676287,0.022225179673746532,4.708808716249457,0,coinpaprika
stable_usde,2025-12-15,53662480.0,17.798224637450133,5417817859.0,6517130120.0,0.00990481433606275,0.008234066070787612,0.8313195776732474,0.022194484766260524,4.440383309595175,0,coinpaprika
stable_usde,2025-12-16,70259226.0,18.067702202748833,5417081806.0,6493914355.0,0.012969940000200913,0.010819241240208811,0.8341782028321807,0.02212513458760545,4.40675694561854,0,coinpaprika
stable_usde,2025-12-17,69518689.0,18.057106195245595,5417121071.0,6459822848.0,0.01283314293493663,0.010761702083134277,0.8385866297675908,0.022014638310690518,8.922131274156087,0,coinpaprika
stable_usde,2025-12-18,96249130.0,18.38245050251998,5416392738.0,6438417366.0,0.017769968806866827,0.014949190853682846,0.8412615135208369,0.021935478631922172,5.395144539208641,0,coinpaprika
stable_usde,2025-12-19,85761926.0,18.267085724717163,5415547144.0,6439782554.0,0.01583624400629906,0.013317518919443938,0.8409518642265634,0.021990128403885416,11.484836874344762,0,coinpaprika
stable_usde,2025-12-20,54542688.0,17.81449423743001,5417038993.0,6439839903.0,0.010068727227269564,0.008469572042402992,0.8411760345900016,0.021992679648331962,13.082905067852701,0,coinpaprika
stable_usde,2025-12-21,37905502.0,17.450606857401645,5418271287.0,6439769140.0,0.006995866392099315,0.00588615852151495,0.8413766346599189,0.02196401864358548,8.10171334238774,0,coinpaprika
stable_usde,2025-12-22,95151697.0,18.3709829970543,5415654066.0,6426810474.0,0.01756975165702912,0.01480543068524289,0.8426659052588081,0.021922970162406956,8.384462678204807,0,coinpaprika
stable_usde,2025-12-23,70238005.0,18.06740011850549,5414592534.0,6390593539.0,0.012971983498103055,0.010990842176295075,0.8472753744947571,0.021792414021038247,10.987001524881412,0,coinpaprika
stable_usde,2025-12-24,114457998.0,18.555718492702603,5414560423.0,6364634880.0,0.021138927088855574,0.0179834350529154,0.8507260078680271,0.02172354494495007,10.176343752198447,0,coinpaprika
stable_usde,2025-12-25,95922338.0,18.379049453290314,5415332325.0,6335183998.0,0.017713102768812994,0.015141207900241321,0.8548026902943316,0.02165704033920526,11.513766813969761,0,coinpaprika
stable_usde,2025-12-26,74957635.0,18.132433658577508,5414468485.0,6336708849.0,0.013843950741916636,0.011829111418276557,0.8544606694142908,0.021658540823754655,13.977633776272036,0,coinpaprika
stable_usde,2025-12-27,73767954.0,18.116434981180323,5415514934.0,6318800608.0,0.013621595526745897,0.01167436014781114,0.8570479225351116,0.021606010822688156,14.60602995777105,0,coinpaprika
stable_usde,2025-12-28,38672424.0,17.47063737172848,5416379070.0,6305548753.0,0.007139903522299077,0.006133078264060803,0.858986153651265,0.021568776808060717,14.097914602173578,0,coinpaprika
stable_usde,2025-12-29,91435955.0,18.33114935075106,5413342495.0,6307227557.0,0.016890849800184314,0.014497012225049802,0.8582760723437143,0.021577752214717052,12.539688795337733,0,coinpaprika
stable_usde,2025-12-30,130160130.0,18.684276027328146,5413965295.0,6303178844.0,0.024041552338765038,0.020649918592092545,0.8589261750288995,0.0215637986527153,14.807916102570484,0,coinpaprika
stable_usde,2025-12-31,106666292.0,18.485215761958802,5413558923.0,6303188836.0,0.019703543180590224,0.01692259184601716,0.8588603425747025,0.02157671157899451,14.318663023301648,0,coinpaprika
stable_usde,2026-01-01,56856745.0,17.856045434269543,5413151611.0,6303101070.0,0.01050344588251733,0.009020439997482066,0.8588076806770925,0.021641018279947483,18.627913770791203,0,coinpaprika
stable_usde,2026-01-02,74453482.0,18.125685099075888,5415279759.0,6302998310.0,0.013748778514399186,0.011812391236386036,0.8591593227001834,0.02166420995845029,16.097735387247127,0,coinpaprika
stable_usde,2026-01-03,77056507.0,18.160049580796816,5417954070.0,6302806574.0,0.01422243636701778,0.012225745165315619,0.8596097637439571,0.021606379117408914,5.747321862556998,0,coinpaprika
stable_usde,2026-01-04,60819072.0,17.923413998400527,5418350338.0,6302828545.0,0.011224647393776552,0.009649488569421334,0.85966963868918,0.021606052149039923,2.9518302250963746,0,coinpaprika
stable_usde,2026-01-05,83224224.0,18.237049029276267,5417916396.0,6304052955.0,0.01536092806109812,0.013201701285518468,0.8594338332299114,0.021600437016115748,6.692932981920974,0,coinpaprika
stable_usde,2026-01-06,170674481.0,18.955268686255955,5417865593.0,6303811275.0,0.031502162257497704,0.027074808168333055,0.8594587237226577,0.021558511722720445,4.08851274991906,0,coinpaprika
stable_usde,2026-01-07,202453274.0,19.126019677145386,5418111143.0,6304286304.0,0.03736602455295923,0.032113591330956155,0.8594329130582582,0.021583233057913858,3.013165811354135,0,coinpaprika
stable_usde,2026-01-08,167060283.0,18.933865287278618,5419024141.0,6303773508.0,0.030828481042561202,0.026501631568454507,0.8596476593143486,0.021605830809509292,0.5229892861979835,0,coinpaprika
stable_usde,2026-01-09,60679115.0,17.921110144111726,5417971257.0,6311446143.0,0.011199600758605502,0.009614138127012138,0.8584357901887589,0.021681156865910663,5.091662635605676,0,coinpaprika
stable_usde,2026-01-10,62094379.0,17.94416604361356,5418256563.0,6348469181.0,0.011460213867321808,0.009781000305686134,0.8534745004695015,0.02178740298633361,11.023768929947497,0,coinpaprika
stable_usde,2026-01-11,35270757.0,17.378564793333723,5419418111.0,6348553868.0,0.0065082184613897195,0.0055557151649579415,0.8536460780960959,0.021777968944413858,10.151299770132516,0,coinpaprika
stable_usde,2026-01-12,79706166.0,18.193857518433195,5418383904.0,6348547809.0,0.014710320902355906,0.012555023353057969,0.8534839883096799,0.021783482983816185,8.226254463447047,0,coinpaprika
stable_usde,2026-01-13,151016764.0,18.83290141510628,5418071989.0,6380192493.0,0.02787278653856956,0.023669625041201715,0.8492019629414651,0.021942863305715363,8.591757012026413,0,coinpaprika
stable_usde,2026-01-14,217395334.0,19.19722807427948,5418618220.0,6416366205.0,0.040120068470149574,0.03388137881385154,0.8444995261924892,0.022006977539093163,1.5891491844555183,0,coinpaprika
stable_usde,2026-01-15,290748728.0,19.487969977900356,5418784385.0,6416400172.0,0.05365571082784465,0.04531337201641107,0.8445209525189197,0.021939349683189807,0.49212552144073385,0,coinpaprika
stable_usde,2026-01-16,179457025.0,19.005446327758833,5418968011.0,6471887710.0,0.033116457715882244,0.0277286988033975,0.8373087194678784,0.022061374256496145,4.589664876692989,0,coinpaprika
stable_usde,2026-01-17,132419430.0,18.701484950517745,5421306941.0,6471892735.0,0.024425739298866236,0.020460696031606895,0.8376694674931136,0.02202141394264359,2.3238403942227315,0,coinpaprika
stable_usde,2026-01-18,45329533.0,17.62946934269653,5420727745.0,6472048977.0,0.008362259669250369,0.007003892146225951,0.8375597533739121,0.022016797899421348,5.973002523991244,0,coinpaprika
stable_usde,2026-01-19,111681026.0,18.53115739285296,5420101453.0,6472029176.0,0.020604969661257005,0.017255952184848433,0.8374655468333136,0.022012101806187373,39.54116778663419,0,coinpaprika
stable_usde,2026-01-20,232897047.0,19.266107059806444,5420560108.0,6472068366.0,0.042965494775397114,0.035984948524877804,0.8375313426038676,0.022015366923086987,24.510488757432114,0,coinpaprika
stable_usde,2026-01-21,200606136.0,19.116854026244486,5419573727.0,6472170982.0,0.03701511338439625,0.03099518485496031,0.8373656601583274,0.0221731086153914,1.7947836563270148,0,coinpaprika
stable_usde,2026-01-22,134093170.0,18.71404542227213,5419141342.0,6471597060.0,0.024744357369079303,0.02072025942851269,0.8373731077132296,0.02222083103902681,2.5551368956266973,0,coinpaprika
stable_usde,2026-01-23,143387801.0,18.781063419750247,5417059570.0,6587111731.0,0.026469674026494045,0.021767932115861054,0.822372504250452,0.02266397619646363,5.711447877337905,0,coinpaprika
stable_usde,2026-01-24,137168025.0,18.736717199449238,5417066155.0,6581049996.0,0.025321460191766846,0.02084287842872665,0.8231309833981696,0.022615033375895908,10.402150677946143,0,coinpaprika
stable_usde,2026-01-25,73344434.0,18.1106771905544,5419216104.0,6577092213.0,0.013534140841119703,0.011151498507962305,0.8239531891142728,0.02259979429484885,13.62505411116377,0,coinpaprika
stable_usde,2026-01-26,156315617.0,18.86738771362428,5417089840.0,6596707570.0,0.028856013397776693,0.023696005217948443,0.8211808364274665,0.02266665140745702,7.773629097705959,0,coinpaprika
stable_usde,2026-01-27,91906282.0,18.33627995278002,5416369232.0,6596706037.0,0.01696824534358111,0.013932147572517335,0.8210717897114627,0.022719833838617563,11.193983695063636,0,coinpaprika
stable_usde,2026-01-28,71753605.0,18.08874866918084,5415601746.0,6596761910.0,0.013249424231203429,0.010877094850312704,0.8209484925915721,0.02276588916408337,9.735068697459548,0,coinpaprika
stable_usde,2026-01-29,108973893.0,18.50661890692046,5414010295.0,6596232496.0,0.020128128145718644,0.01652062644336483,0.8207731153022718,0.022787817032619943,13.649373881287064,0,coinpaprika
stable_usde,2026-01-30,144652821.0,18.78984709835616,5414615607.0,6592837907.0,0.02671525210635326,0.021940903604866984,0.8212875370788333,0.022887999033895146,16.93874791232064,0,coinpaprika
stable_usde,2026-01-31,158690973.0,18.88246930927304,5414658949.0,6586654585.0,0.029307658062066432,0.024092803251197056,0.8220651134994958,0.022918194284122617,20.86660627332759,0,coinpaprika
stable_usde,2026-02-01,233218974.0,19.26748837705495,5416290132.0,6563370107.0,0.04305880377827589,0.03553341807606828,0.8252300333061197,0.02285439809925145,15.726516701342064,0,coinpaprika
stable_usde,2026-02-02,171476860.0,18.959958894184776,5416187140.0,6563267151.0,0.03166006926415028,0.026126753041566083,0.8252272862570851,0.022840281646425622,210.34645518938743,1,coinpaprika
stable_usde,2026-02-03,78562576.0,18.179406024425635,5414651697.0,6562592469.0,0.01450925754717109,0.011971271471009272,0.8250781566244473,0.02281604465032177,11.582429765262248,0,coinpaprika
stable_usde,2026-02-04,169602774.0,18.94896964321652,5413288238.0,6542182226.0,0.031330822698379286,0.02592449554920117,0.8274438178267889,0.02272252602585636,15.867753363332238,0,coinpaprika
stable_usde,2026-02-05,313913540.0,19.564628158823787,5411422070.0,6504155900.0,0.058009435586309756,0.04826353255154908,0.8319945206110451,0.022558964773558884,40.3622671949111,0,coinpaprika
stable_usde,2026-02-06,378081847.0,19.75062125924535,5413242510.0,6496903091.0,0.06984387754687901,0.058194164466412845,0.8332035177650766,0.022593335060533955,24.328521227124924,0,coinpaprika
stable_usde,2026-02-07,129074474.0,18.675900121319042,5414614480.0,6468166720.0,0.02383816511346529,0.019955341225341823,0.8371173339205455,0.022438697701528777,11.649857485244164,0,coinpaprika
stable_usde,2026-02-08,80099847.0,18.19878451440882,5414849192.0,6440241276.0,0.014792627487823857,0.012437398471156285,0.8407835917854205,0.022323432947579307,14.723183303326781,0,coinpaprika
stable_usde,2026-02-09,35238407.0,17.377647182075354,5414218793.0,6436861258.0,0.006508493348211094,0.005474470489200654,0.8411271543675084,0.022218499144094073,13.842839894834258,0,coinpaprika
stable_usde,2026-02-10,52241048.0,17.771379123129005,5414920426.0,6436688922.0,0.009647611394095859,0.008116136826411633,0.8412586799856536,0.022218388574149,16.16128145200846,0,coinpaprika
stable_usde,2026-02-11,90256977.0,18.318171470747895,5415513424.0,6432395388.0,0.016666374899932297,0.01403162765279938,0.8419123976898168,0.022196514736252847,9.05011947873624,0,coinpaprika
stable_usde,2026-02-12,145885002.0,18.7983292186279,5414688379.0,6371643822.0,0.02694245574053561,0.022895975681548383,0.8498102734971114,0.022001301090263364,13.347930658260676,0,coinpaprika
stable_usde,2026-02-13,96634033.0,18.38644155597362,5414884287.0,6340136119.0,0.017846001480031258,0.015241633805054904,0.8540643584564024,0.02190922050517349,12.37312353816411,0,coinpaprika
stable_usde,2026-02-14,68208129.0,18.0380743239201,5415698871.0,6319940177.0,0.012594520231773057,0.010792527633129842,0.8569224896636233,0.02182279308381652,10.310894573858365,0,coinpaprika
stable_usde,2026-02-15,49439388.0,17.716258012623104,5415927587.0,6304761811.0,0.009128517175648863,0.00784159489003097,0.8590217599578085,0.021765268678617347,10.151425561796268,0,coinpaprika
stable_usde,2026-02-16,51325406.0,17.753696450696573,5416959207.0,6304778697.0,0.009474947851494869,0.008140714919053724,0.8591830843448239,0.021756559568378173,11.325413920557637,0,coinpaprika
stable_usde,2026-02-17,110166478.0,18.51750322510688,5417646897.0,6304816960.0,0.020334746818033534,0.01747338244693467,0.8592869438354004,0.021751628970141882,11.37250201094897,0,coinpaprika
stable_usde,2026-02-18,100470720.0,18.42537690968427,5418980899.0,6304817021.0,0.0185405193102896,0.015935548908930026,0.8594985200919442,0.021768676945343696,6.758642237751911,0,coinpaprika
stable_usde,2026-02-19,91672802.0,18.333736306540413,5418790744.0,6304534475.0,0.016917575586675948,0.014540772576233712,0.8595068780236942,0.021760092854398488,4.397209343421915,0,coinpaprika
stable_usde,2026-02-20,121121409.0,18.61230398893308,5417294646.0,6235346418.0,0.02235828340801679,0.01942496869946962,0.8688041181419409,0.02151067402702088,10.397495245275667,0,coinpaprika
stable_usde,2026-02-21,105513459.0,18.474349085680775,5417022709.0,6234192303.0,0.019478127500683513,0.01692496058378326,0.8689213366731142,0.021533412322347453,7.681406654408418,0,coinpaprika
stable_usde,2026-02-22,104459912.0,18.4643139481174,5417099461.0,6220999045.0,0.019283366080326065,0.01679150105061622,0.8707764495405095,0.021492334534764308,12.887316387006909,0,coinpaprika
stable_usde,2026-02-23,114063525.0,18.552266096769124,5417434469.0,6156248297.0,0.021054897046323646,0.01852809040460312,0.8799895988015898,0.021197151566300896,10.95585975755986,0,coinpaprika
stable_usde,2026-02-24,101575192.0,18.436309899910096,5416991801.0,6118820839.0,0.01875121760037532,0.01660045205974693,0.885299952970236,0.02106678838371478,11.198794992273164,0,coinpaprika
stable_usde,2026-02-25,157214576.0,18.873122162667944,5418209312.0,6086263936.0,0.029015965782607994,0.025831048021115594,0.8902356797166675,0.020943636838630843,13.535146346882465,0,coinpaprika
stable_usde,2026-02-26,149000876.0,18.81946274979845,5418254483.0,6069478662.0,0.027499792870101705,0.024549205013746862,0.8927050879876707,0.02084162880756395,5.917178732159911,0,coinpaprika
stable_usde,2026-02-27,74472238.0,18.12593698303317,5419212836.0,6067860206.0,0.013742261146356644,0.012273229025012907,0.8931011348352081,0.020851761859453512,4.638816872519769,0,coinpaprika
stable_usde,2026-02-28,34445226.0,17.354880997204006,5419083906.0,6065193419.0,0.00635628209444447,0.005679163650757763,0.8934725624782256,0.02083698965591532,7.028185008945975,0,coinpaprika
stable_usde,2026-03-01,35515294.0,17.38547400672898,5418511897.0,6047262776.0,0.0065544368407981736,0.00587295365118759,0.8960271940727716,0.020761956843436315,6.261912839257144,0,coinpaprika
stable_usde,2026-03-02,46830747.0,17.662050553699256,5416891332.0,6030900790.0,0.008645317790177888,0.007765133042422341,0.8981894281832482,0.020718968430824512,7.329121783140602,0,coinpaprika
stable_usde,2026-03-03,151522965.0,18.836247762184055,5417346059.0,6010078382.0,0.027969962293302335,0.025211479013952067,0.9013769396460427,0.02059186109838334,7.885065434929395,0,coinpaprika
stable_usde,2026-03-04,175739640.0,18.984514145239398,5417122722.0,5997300549.0,0.03244150982333976,0.02930312372444018,0.9032601714288373,0.0205487171146611,8.103470500177012,0,coinpaprika
stable_usde,2026-03-05,110957404.0,18.52465694689132,5416156681.0,5988090730.0,0.02048637263195156,0.018529679826678244,0.9044880789573474,0.020457947278766965,6.634347273669627,0,coinpaprika
stable_usde,2026-03-06,90691857.0,18.32297814258846,5415608887.0,5970527088.0,0.01674638233527221,0.015189924719088721,0.907057083433167,0.020317382136727985,7.61190406748713,0,coinpaprika
stable_usde,2026-03-07,88155149.0,18.29460888824396,5415894613.0,5955159757.0,0.016277116764494916,0.014803154339625889,0.9094457300887486,0.020258579700436243,9.841396051389895,0,coinpaprika
stable_usde,2026-03-08,89652417.0,18.311450729207742,5416548546.0,5952035281.0,0.01655157638459759,0.015062480776313126,0.9100330038853478,0.02024342604655197,7.4373950933914745,0,coinpaprika
stable_usde,2026-03-09,122515567.0,18.623748665588636,5415809933.0,5940460296.0,0.022621836533346453,0.020623918163798802,0.911681866916395,0.02020282055193572,7.002174853947274,0,coinpaprika
stable_usde,2026-03-10,130047255.0,18.68340845005925,5418074574.0,5928487339.0,0.024002485241540347,0.021935992701628337,0.9139050594504441,0.02007876596818727,4.6228419648708385,0,coinpaprika
stable_usde,2026-03-11,81467547.0,18.215715314865694,5417822179.0,5923487339.0,0.01503695475938211,0.013753308201339604,0.9146338751041602,0.020043267341594017,2.2424041400226358,0,coinpaprika
stable_usde,2026-03-12,43074819.0,17.578449161611555,5417405792.0,5916596181.0,0.007951189306071462,0.007280337829768815,0.915628788288264,0.020006200331113624,5.222919183853758,0,coinpaprika
stable_usde,2026-03-13,83559049.0,18.241064125511897,5419496546.0,5920701542.0,0.015418230880075554,0.014113031776260408,0.9153470256109728,0.020002224846008426,1.6108279626647626,0,coinpaprika
stable_usde,2026-03-14,69033775.0,18.05010645003832,5421040737.0,5921266759.0,0.012734413620769661,0.011658615936374165,0.9155204380482126,0.019974407589343438,2.7593564176009444,0,coinpaprika
stable_usde,2026-03-15,80169270.0,18.199650844800793,5419717537.0,5921266702.0,0.014792149120814965,0.013539209435190883,0.915296981162731,0.019975473462246505,1.6854088097295605,0,coinpaprika
stable_usde,2026-03-16,87832200.0,18.290938745353873,5418696996.0,5921266702.0,0.016209099727265874,0.014833346380147563,0.9151246293584024,0.019977823123172873,12.612076956810547,0,coinpaprika
stable_usde,2026-03-17,68693868.0,18.045170510124297,5419224785.0,5921314342.0,0.012675958412011138,0.011601118270778674,0.9152064004711473,0.01997561699700337,0.5799368815440076,0,coinpaprika
stable_usde,2026-03-18,75513891.0,18.13982719729333,5418683810.0,5921319339.0,0.013935836385330629,0.012752882706838251,0.9151142675772515,0.019954803769030725,0.7397337861447806,0,coinpaprika
stable_usde,2026-03-19,68895962.0,18.048108142104745,5416802488.0,5921324363.0,0.012718935599484608,0.011635228502343742,0.9147957713391692,0.019999124279464695,2.5460412400346577,0,coinpaprika
stable_usde,2026-03-20,77675732.0,18.168053449954574,5418529985.0,5925000377.0,0.014335203868028425,0.013109827351492843,0.9145197705022863,0.0199732142655358,2.821696041689359,0,coinpaprika
stable_usde,2026-03-21,73251295.0,18.109406498537698,5419600358.0,5923976970.0,0.01351599567519255,0.012365222783774596,0.9148584448328806,0.01997849718561089,0.8211223580956162,0,coinpaprika
stable_usde,2026-03-22,45173717.0,17.62602601551194,5419452964.0,5923946233.0,0.008335475425301615,0.007625612256295439,0.9148383106197581,0.01996215365261716,0.5673310378306873,0,coinpaprika
stable_usde,2026-03-23,68670028.0,18.044823402906367,5416184346.0,5920963826.0,0.012678672588150492,0.011597778675569298,0.9147470758420404,0.01996259196295953,5.836910922835115,0,coinpaprika
stable_usde,2026-03-24,59631932.0,17.903701777142725,5416086327.0,5920468870.0,0.011010151685124718,0.010072163760908349,0.914806993487325,0.019992085939231657,6.252428552843137,0,coinpaprika
stable_usde,2026-03-25,56778198.0,17.85466298959093,5416116140.0,5920468867.0,0.01048319432825161,0.009590152279403921,0.914812029531782,0.019994902559295057,9.995835249452245,0,coinpaprika
stable_usde,2026-03-26,71312150.0,18.08257729162192,5416555731.0,5920478902.0,0.013165589636947096,0.012044996896435187,0.914884728188159,0.01999688586908699,2.335497235954609,0,coinpaprika
stable_usde,2026-03-27,79318123.0,18.188977210302394,5416452197.0,5924971838.0,0.014643925602063243,0.013387088608808337,0.9141734923128929,0.020067210915460633,6.170853257280173,0,coinpaprika
stable_usde,2026-03-28,89830746.0,18.31343786887826,5416790898.0,5908799512.0,0.01658375737434641,0.015202875950955095,0.9167328976045312,0.02004456109513219,8.85394244526272,0,coinpaprika
stable_usde,2026-03-29,30930297.0,17.24724677927375,5417012639.0,5889459333.0,0.005709843978822586,0.005251805853669862,0.9197809735517194,0.019983490829498664,10.158740500836316,0,coinpaprika
stable_usde,2026-03-30,82756131.0,18.23140867219501,5415785584.0,5889459322.0,0.01528054050819306,0.014051566786592027,0.919572627621249,0.019962987580289512,10.549736185911929,0,coinpaprika
stable_usde,2026-03-31,95955509.0,18.379395204511763,5415258506.0,5883872296.0,0.01771946969727912,0.016308224273533758,0.920356226915636,0.019941910182922965,9.281384882964261,0,coinpaprika
stable_usde,2026-04-01,212756246.0,19.175657688088904,5416293157.0,5883872297.0,0.03928078481590948,0.03615922223677045,0.9205320720100598,0.019925950746564405,15.647784859825764,0,coinpaprika
stable_usde,2026-04-02,76591836.0,18.154001062452565,5418286311.0,5883807840.0,0.014135804496803012,0.013017392491866288,0.9208809088163559,0.019924771475692576,8.689860991165643,0,coinpaprika
stable_usde,2026-04-03,71427090.0,18.084187781116366,5418436777.0,5889576862.0,0.013182231876025819,0.01212771166309978,0.920004425438467,0.01993577972158846,4.019641795381945,0,coinpaprika
stable_usde,2026-04-04,87049590.0,18.281988525718265,5418778537.0,5889576862.0,0.01606443027808132,0.014780279133743988,0.9200624533762982,0.0199101205725887,2.6192205260244794,0,coinpaprika
stable_usde,2026-04-05,31489392.0,17.2651613169308,5419830487.0,5887959654.0,0.005810032633959757,0.0053480991464687775,0.9204938222221045,0.019907299840551673,4.325902978511431,0,coinpaprika
stable_usde,2026-04-06,53407689.0,17.793465301052976,5418357207.0,5887975509.0,0.009856804739820839,0.009070637083725004,0.9202411251062151,0.019904109051077177,5.179484453027294,0,coinpaprika
stable_usde,2026-04-07,119279097.0,18.596976666353264,5419739996.0,5887980505.0,0.02200826923210949,0.020258065885019435,0.9204751937268855,0.01992022535634965,2.840446008037789,0,coinpaprika
stable_usde,2026-04-08,254193887.0,19.35360787237077,5419905842.0,5832954741.0,0.046900055906912194,0.043578923253640926,0.929187021442723,0.019689681305576107,0.7012974603770594,0,coinpaprika
stable_usde,2026-04-09,174960386.0,18.980070146264495,5420244953.0,5832984506.0,0.03227905519346738,0.029995002698880818,0.9292404167068432,0.019692493253000987,1.9380878517516464,0,coinpaprika
stable_usde,2026-04-10,85876092.0,18.268416036227826,5418412257.0,5837347577.0,0.015848940229503103,0.014711491969120413,0.9282319042212483,0.01969225717282299,3.3031085292212214,0,coinpaprika
stable_usde,2026-04-11,77180354.0,18.16165551370038,5418613032.0,5837354211.0,0.014243562613570298,0.013221804127383628,0.9282652441733076,0.01965325219230845,2.8744898015486964,0,coinpaprika
stable_usde,2026-04-12,46237858.0,17.649309479353317,5419599861.0,5829360377.0,0.008531599967874455,0.007931892181933634,0.9297074653993381,0.01962099783522036,3.3509861685687703,0,coinpaprika
stable_usde,2026-04-13,133197585.0,18.707344192783214,5419407200.0,5828555621.0,0.024577888334355095,0.022852588816360545,0.9298027766045746,0.019614562613625045,3.505924698213869,0,coinpaprika
stable_usde,2026-04-14,122614428.0,18.624555266221524,5420901514.0,5828290530.0,0.0226188259800213,0.02103780300053093,0.9301014570390677,0.019607271958772137,0.8258624715673513,0,coinpaprika
stable_usde,2026-04-15,86454249.0,18.275125930250145,5420959433.0,5828245139.0,0.01594814535480771,0.014833667242561055,0.9301186384089051,0.019538640902713397,0.6434933784704722,0,coinpaprika
stable_usde,2026-04-16,77889294.0,18.17079908162908,5419376869.0,5828220361.0,0.01437237082468715,0.013364164217468921,0.9298510580114971,0.01955373302831783,0.11662445549287526,0,coinpaprika
stable_usde,2026-04-17,56077593.0,17.84224689677453,5419089912.0,5832814788.0,0.010348156961895413,0.009614156293007945,0.9290694302772707,0.0195283020889075,3.725599733971352,0,coinpaprika
stable_usde,2026-04-18,68108496.0,18.03661253572985,5420943118.0,5832209593.0,0.012563956956834462,0.011677991833789023,0.9294835913487034,0.01947951447408511,0.39792378768499503,0,coinpaprika
stable_usde,2026-04-19,341153016.0,19.647841664803778,5418855813.0,5824389159.0,0.06295665132509404,0.05857318367417832,0.9303732400206537,0.0194562320826755,6.023436207527322,0,coinpaprika
stable_usde,2026-04-20,549347895.0,20.124242489122942,5419637367.0,5535918804.0,0.1013624819891017,0.09923337289612458,0.9789950970892166,0.018534012194494853,4.4546072837226,0,coinpaprika
stable_usde,2026-04-21,419304633.0,19.854108263832842,5417173279.0,5206248112.0,0.07740284672551638,0.08053873422465886,1.0405138522910258,0.01742370342384217,3.6182701120957006,0,coinpaprika
stable_usde,2026-04-22,436033939.0,19.893230642320315,5415811506.0,4733538052.0,0.08051128413847718,0.09211586221764252,1.1441360450692326,0.015812537982348343,5.798915878824085,0,coinpaprika
stable_usde,2026-04-23,447764779.0,19.919778607852198,5417692868.0,4277741622.0,0.08264860890227932,0.10467317069763873,1.2664843617803712,0.014308968183580633,6.962667666512434,0,coinpaprika
stable_usde,2026-04-24,341370048.0,19.64847763454056,5418025415.0,3961129719.0,0.06300635782455073,0.08617997193138627,1.3677980271668049,0.013233963453290325,6.0254863288966565,0,coinpaprika
stable_usde,2026-04-25,145613430.0,18.79646593535159,5419124914.0,3855717416.0,0.026870284835807348,0.037765586605426685,1.405477717716645,0.012891651972948854,6.649321348961568,0,coinpaprika
stable_usde,2026-04-26,128941337.0,18.674868114712407,5418851395.0,3822392441.0,0.02379495719682861,0.033733149850585946,1.4176596146633076,0.012776339603177816,6.055987933945017,0,coinpaprika
stable_usde,2026-04-27,148082427.0,18.813279622637502,5417812139.0,3761122923.0,0.027332514158996388,0.039371865804876276,1.4404772856183514,0.0125690033063354,6.768844477000879,0,coinpaprika
stable_usde,2026-04-28,72503868.0,18.099150483918255,5416899500.0,3753508214.0,0.01338475413841442,0.019316293948571067,1.443156426245668,0.012552085071642792,8.482210901139542,0,coinpaprika
stable_usde,2026-04-29,52295580.0,17.77242243215755,5416534016.0,3793312528.0,0.00965480505532193,0.01378625663295202,1.4279166232727556,0.012685485907636353,9.985044490267159,0,coinpaprika
stable_usde,2026-04-30,75768716.0,18.14319606094118,5416334661.0,3811119975.0,0.013988928074472244,0.01988095795908393,1.4211923782325955,0.012784052133542377,9.79643412033604,0,coinpaprika
stable_usde,2026-05-01,59438083.0,17.90044572366851,5416489283.0,3898962098.0,0.010973543912761029,0.015244591126056133,1.3892131154027956,0.01305729420409064,9.262187956502466,0,coinpaprika
stable_usde,2026-05-02,47219903.0,17.670326056582727,5416126777.0,3903924469.0,0.008718389532631134,0.012095496051463182,1.3873543968404067,0.013062405880434048,9.307177530436528,0,coinpaprika
stable_usde,2026-05-03,70071478.0,18.065026407587922,5416618526.0,3882140698.0,0.012936387833784846,0.01804970078392558,1.395265897701887,0.012975128249203778,9.241328316141884,0,coinpaprika
stable_usde,2026-05-04,58267418.0,17.880553644333556,5416203681.0,3912779988.0,0.010757981315289461,0.01489156512216347,1.384234150044421,0.013074808071183082,7.47450858307297,0,coinpaprika
stable_usde,2026-05-05,67146292.0,18.02238427464423,5416627211.0,3909369678.0,0.012396328819461747,0.017175733565916302,1.3855500137226981,0.013043209995953462,9.048558266866458,0,coinpaprika
stable_usde,2026-05-06,64492470.0,17.982059046270507,5416825505.0,3905260896.0,0.011905953023679687,0.016514253904536064,1.3870585472402712,0.013011485320727847,7.810208102896343,0,coinpaprika
stable_usde,2026-05-07,90808195.0,18.324260103815124,5417579832.0,3945780199.0,0.016761764074730113,0.023014002407689613,1.3730059858308898,0.01313706667171695,6.74296832671617,0,coinpaprika
stable_usde,2026-05-08,99002663.0,18.41065731682773,5418938513.0,3969206768.0,0.018269752048762543,0.02494268219992111,1.3652447024649434,0.013203846871395523,7.114354578637849,0,coinpaprika
stable_usde,2026-05-09,87887989.0,18.291573720783354,5418734489.0,3965312996.0,0.016219283151520363,0.02216419967065823,1.3665338636486288,0.013245537963748574,4.838220672718219,0,coinpaprika
stable_usde,2026-05-10,59293982.0,17.89801839170346,5419427649.0,3965659578.0,0.010941004445541589,0.014951858785091109,1.366589224921111,0.013214488798163957,6.734713617950749,0,coinpaprika
stable_usde,2026-05-11,45354050.0,17.630010057989104,5417464429.0,3980681580.0,0.008371822389311345,0.011393538791917138,1.3609389045882943,0.013257390832397367,3.0333318009678756,0,coinpaprika
stable_usde,2026-05-12,44496106.0,17.610912260163527,5416188899.0,3971306528.0,0.008215390347300367,0.011204399782861587,1.3638304826919672,0.013206532332454309,3.9775322915591715,0,coinpaprika
stable_usde,2026-05-13,101245482.0,18.433058650610082,5418196369.0,3971275660.0,0.018686196495068377,0.025494448300272362,1.3643465810177478,0.013223337602871109,5.306431817366786,0,coinpaprika
stable_usde,2026-05-14,372474548.0,19.735679268617424,5421118897.0,4019557279.0,0.0687080573359356,0.09266556542084295,1.3486855692596786,0.013401006581678872,2.8796430434341325,0,coinpaprika
stable_usde,2026-05-15,406830069.0,19.823906137794264,5420026029.0,4176191492.0,0.07506053786886713,0.09741652646420362,1.2978394404046643,0.013919709872689937,2.8274976201481117,0,coinpaprika
stable_usde,2026-05-16,162290760.0,18.904900105417802,5420121725.0,4232723281.0,0.029942272191313193,0.03834192533409793,1.2805282474595108,0.014103821341550313,2.3870409777349,0,coinpaprika
stable_usde,2026-05-17,106592266.0,18.48452152485082,5420998207.0,4333475085.0,0.019662848414589044,0.02459741060216572,1.2509586649671485,0.014435146463375678,0.8462428067645966,0,coinpaprika
stable_usde,2026-05-18,53858441.0,17.801869718081957,5419188743.0,4350022736.0,0.009938469308633933,0.012381186092265059,1.2457840043344546,0.014490342528388798,2.9858427298334878,0,coinpaprika
stable_usde,2026-05-19,60197052.0,17.913133955592418,5418622362.0,4352299953.0,0.011109290882153563,0.013831089917988471,1.245002049609424,0.01449058478487266,1.7454076981793243,0,coinpaprika
stable_usde,2026-05-20,54452904.0,17.8128467576189,5418391418.0,4373035843.0,0.010049643851698572,0.012451968370477406,1.2390457367673582,0.014578690128039357,5.3218792093912,0,coinpaprika
stable_usde,2026-05-21,78442476.0,18.177876137070225,5416208904.0,4445896759.0,0.01448291182824731,0.01764379162453691,1.2182489152578182,0.014854474884518928,6.652401832746291,0,coinpaprika
stable_usde,2026-05-22,80565704.0,18.204583620649714,5415498377.0,4446843641.0,0.014876877138800036,0.01811750322345098,1.217829726925629,0.014818956990488606,10.216881378763976,0,coinpaprika
stable_usde,2026-05-23,52812683.0,17.782261947099265,5416964845.0,4446804086.0,0.009749497091299658,0.011876548185756975,1.2181703399199404,0.014813949834508174,10.883980444800212,0,coinpaprika
stable_usde,2026-05-24,72509336.0,18.09922589773957,5416472799.0,4447332619.0,0.013386818080834232,0.016304005616810377,1.2179149308193447,0.0148205750574983,9.00737216916303,0,coinpaprika
stable_usde,2026-05-25,57921625.0,17.87460137885211,5415803736.0,4452635899.0,0.010694926888687386,0.01300839015671782,1.2163140797603311,0.01484403129470462,13.004441015938006,0,coinpaprika
stable_usde,2026-05-26,48582563.0,17.69877525906691,5415501274.0,4452703287.0,0.00897101866326696,0.010910801791316396,1.2162277441236564,0.014840677327293425,8.031334224759545,0,coinpaprika
stable_usde,2026-05-27,51991232.0,17.766585666177924,5415276933.0,4452716988.0,0.009600844544657011,0.011676293853868442,1.2161736188475674,0.014850522518381572,10.873787510888855,0,coinpaprika
stable_usde,2026-05-28,80753589.0,18.20691297728314,5416124377.0,4496305352.0,0.01490984759192874,0.01795998774061909,1.2045721882725016,0.015025777048804936,9.615192113289206,0,coinpaprika
stable_usde,2026-05-29,91909724.0,18.336317403272368,5416184261.0,4495932414.0,0.016969460337937347,0.020442861577233667,1.2046854272396097,0.015069161756763474,10.166806374256598,0,coinpaprika
stable_usde,2026-05-30,61649890.0,17.936982019527647,5416160308.0,4505954379.0,0.011382582215843822,0.013681871766682617,1.2020006978415083,0.015141293163787602,9.610889555586866,0,coinpaprika
stable_usde,2026-05-31,43267894.0,17.582921462993678,5416450906.0,4506043471.0,0.007988237085666294,0.009602191873749902,1.2020414230042833,0.015151509504932641,10.762554530865387,0,coinpaprika
stable_usde,2026-06-01,50383619.0,17.735176680217652,5414019726.0,4506376942.0,0.00930613879333324,0.011180515888588531,1.2014129744763815,0.01516594443472513,13.920645677564236,0,coinpaprika
stable_usde,2026-06-02,92123988.0,18.338645934193746,5414144776.0,4498523538.0,0.01701542751652491,0.020478716454812067,1.2035381676377925,0.01513008668510587,12.258536721349023,0,coinpaprika
stable_usde,2026-06-03,91316679.0,18.329844023292626,5413846462.0,4512500139.0,0.016867245800366772,0.020236382534546887,1.1997443313541358,0.015190984380146653,11.098613191281581,0,coinpaprika
stable_usde,2026-06-04,100766736.0,18.42831886906347,5412754201.0,4512473065.0,0.01861653647257499,0.022330711906421098,1.199509475853237,0.015223939632126074,13.682308807893007,0,coinpaprika
stable_usde,2026-06-05,105827025.0,18.477316489002554,5415598740.0,4516890642.0,0.01954114957194927,0.023429175817535765,1.1989660961997672,0.015285450161031037,13.48918083117101,0,coinpaprika
stable_usde,2026-06-06,106497605.0,18.48363306398786,5417859003.0,4503539338.0,0.019656769388245374,0.023647535195572437,1.2030224666375502,0.015257934880072386,3.725175567595995,0,coinpaprika
stable_usde,2026-06-07,46361471.0,17.65197932744168,5418205781.0,4503560130.0,0.008556609489173627,0.01029440479570104,1.2030939133924698,0.015283337738711973,5.567850022862864,0,coinpaprika
stable_usde,2026-06-08,59338612.0,17.89877079877555,5417296715.0,4503661495.0,0.010953546597456404,0.013175637659686055,1.2028649846384603,0.015287470788494763,5.525077558309333,0,coinpaprika
stable_usde,2026-06-09,58351874.0,17.882002049856656,5415877128.0,4490763670.0,0.010774224123055105,0.012993753020185095,1.2060035944844099,0.015218174460982626,5.656567921353828,0,coinpaprika
stable_usde,2026-06-10,83205297.0,18.2368215816487,5415948688.0,4484030078.0,0.015363014273816178,0.01855591857160598,1.2078305885083762,0.015253441220093623,7.8902366991995265,0,coinpaprika
stable_usde,2026-06-11,92810666.0,18.34607213727132,5415306912.0,4481651053.0,0.017138579125466933,0.02070903443896483,1.2083285485546704,0.015256671921326447,9.581094039065041,0,coinpaprika
stable_usde,2026-06-12,96664215.0,18.386753840231187,5415899996.0,4484943015.0,0.017848227454604574,0.021553053110530993,1.207573870590193,0.015283611719489559,7.286998304830705,0,coinpaprika
stable_usde,2026-06-13,83705069.0,18.242810107101906,5417043943.0,4486983149.0,0.015452167248553554,0.01865508878023201,1.2072797608360262,0.015303427185066535,5.595487042441283,0,coinpaprika
stable_usde,2026-06-14,79766147.0,18.19460976189098,5416582484.0,4487801066.0,0.014726286775032151,0.01777399350526381,1.2069569048050135,0.015306438299197598,3.6959665737501535,0,coinpaprika
stable_usde,2026-06-15,73359879.0,18.110887750142336,5416521739.0,4487808063.0,0.013543724651152923,0.016346483176234713,1.2069414874617377,0.015308034165984592,5.138412313246965,0,coinpaprika
stable_usde,2026-06-16,46035682.0,17.64492737113144,5416645304.0,4493469266.0,0.00849892865719014,0.010245019888826363,1.2054483926228772,0.015308452660244254,5.950892598778346,0,coinpaprika
stable_usde,2026-06-17,82716014.0,18.230923792999164,5415532159.0,4495471375.0,0.015273847808757884,0.018399853341297272,1.2046639178077294,0.01532329246175113,5.594100741759256,0,coinpaprika
stable_usde,2026-06-18,79638884.0,18.19301303656,5414227557.0,4509264610.0,0.014709186705135009,0.01766116892395011,1.200689696717532,0.01537710541630436,8.659144763925042,0,coinpaprika
stable_usde,2026-06-19,58428562.0,17.883315420697475,5414578120.0,4510127149.0,0.010790972205974933,0.012954970019626824,1.2005377988513113,0.015380262304759983,10.5185165919508,0,coinpaprika
stable_usde,2026-06-20,35670227.0,17.389826949240636,5414951784.0,4504414951.0,0.006587358193178697,0.007918947829635689,1.2021431957102124,0.015353219152459829,10.720952250968807,0,coinpaprika
stable_usde,2026-06-21,49265343.0,17.712731430359213,5414407036.0,4499790369.0,0.009098935981805266,0.01094836402588869,1.2032576169105536,0.015334276386961136,10.606639035360965,0,coinpaprika
stable_usde,2026-06-22,60631867.0,17.920331187403416,5413535196.0,4483414544.0,0.011200050393096217,0.013523591540546156,1.207458097588756,0.015276985953240993,11.010236636307402,0,coinpaprika
stable_usde,2026-06-23,77794848.0,18.16958577873054,5413721217.0,4483852747.0,0.014369939803274506,0.01735000063328351,1.2073815806333392,0.015283026085329651,11.726837921193223,0,coinpaprika
stable_usde,2026-06-24,99062061.0,18.411257100574996,5412720206.0,4489190963.0,0.018301714707179898,0.022066795958664145,1.2057228686887562,0.015320736389104278,11.581453871505332,0,coinpaprika
stable_usde,2026-06-25,107746702.0,18.495293687872095,5410538472.0,4489250719.0,0.019914228973252554,0.024001043546973255,1.2052208287456088,0.015343273595964192,18.006487238744207,0,coinpaprika
stable_usde,2026-06-26,87155059.0,18.28319938905953,5409843847.0,4478258489.0,0.016110457429992432,0.019461819636825344,1.2080240254751404,0.015310054399099306,17.76768032335174,0,coinpaprika
stable_usde,2026-06-27,59445458.0,17.900569794668137,5409100079.0,4469973377.0,0.010989897974117332,0.013298839385906258,1.2100967103813693,0.015335340776914374,18.806960112004447,0,coinpaprika
stable_usde,2026-06-28,43125633.0,17.579628134657007,5409753907.0,4468218691.0,0.00797182898545481,0.009651638825750573,1.210718248392019,0.015329570045984595,19.472105297095865,0,coinpaprika
stable_usde,2026-06-29,38883041.0,17.476068775236605,5409886146.0,4463558389.0,0.007187404679255518,0.008711220423557901,1.2120119587394962,0.015318955231017835,19.374077478551133,0,coinpaprika
stable_usde,2026-06-30,49230245.0,17.712018748674975,5409146194.0,4461576396.0,0.009101296809949005,0.01103427143915704,1.2123845282240462,0.015346559159332434,17.452305773206778,0,coinpaprika
stable_usde,2026-07-01,39328693.0,17.48746493765274,5410567522.0,4454351508.0,0.007268866498770219,0.008829274683276747,1.2146700843619187,0.015363263355764913,19.98748862723776,0,coinpaprika
stable_usde,2026-07-02,55683650.0,17.835197142961437,5411702524.0,4448821901.0,0.010289488336258742,0.012516493408622069,1.2164349673749728,0.015336910074597265,15.799202039045168,0,coinpaprika
stable_usde,2026-07-03,67751103.0,18.03135131279427,5411301605.0,4453322652.0,0.012520296953582945,0.015213607522817325,1.215115550311579,0.01536789890551385,16.56851885283639,0,coinpaprika
stable_usde,2026-07-04,39092460.0,17.481440193065488,5412659247.0,4445457359.0,0.007222412905757413,0.008793799342345688,1.2175708391492863,0.015350610597918223,14.082950516481896,0,coinpaprika
stable_usde,2026-07-05,21422168.0,16.87993687836158,5412460639.0,4444785403.0,0.003957935110999336,0.004819618059747305,1.217710226313034,0.015350455118335275,14.017974673870004,0,coinpaprika
stable_usde,2026-07-06,28218256.0,17.155479737775543,5412303273.0,4437691427.0,0.00521372409797702,0.006358769297998781,1.219621364403623,0.015324214469057042,13.990394169318687,0,coinpaprika
stable_usde,2026-07-07,30166661.0,17.2222479653059,5413001575.0,4418165942.0,0.005573000595330512,0.006827869617397001,1.225169368027327,0.015272926724011949,12.461878820839711,0,coinpaprika
stable_usde,2026-07-08,46671034.0,17.65863429466745,5412261055.0,4412354878.0,0.00862320452131258,0.010577352749367863,1.226615085288251,0.01537658102691229,11.872809885952185,0,coinpaprika
stable_usde,2026-07-09,118951864.0,18.59422947344699,5415479336.0,4345309582.0,0.021965158875088726,0.027374773133022768,1.246281590253792,0.015141887125905085,14.477939603159129,0,coinpaprika
stable_usde,2026-07-10,287391442.0,19.47635575733157,5417846674.0,4233058724.0,0.05304532580797801,0.06789214625598942,1.2798893252490584,0.014711731854714841,4.969207584197832,0,coinpaprika
stable_usde,2026-07-11,341852777.0,19.649890728662275,5418835403.0,4019930131.0,0.06308602339365059,0.08503948224467288,1.3479924342993512,0.013980462257372357,3.2076282892401498,0,coinpaprika
stable_usde,2026-07-12,95984130.0,18.37969343368488,5418801795.0,3941995226.0,0.01771316494516663,0.024349123856600024,1.3746342865307164,0.013708702529689445,1.0285837732038061,0,coinpaprika
stable_usde,2026-07-13,153328964.0,18.848096269243047,5418487483.0,3952339420.0,0.02829737347941752,0.038794482888820314,1.3709570224613958,0.01374258279991379,2.4202026009356725,0,coinpaprika
stable_usde,2026-07-14,185842922.0,19.04041237488646,5419395322.0,3850038045.0,0.03429218777334288,0.04827041183173555,1.4076212387142788,0.013453569480506106,2.8460620862558184,0,coinpaprika
stable_usde,2026-07-15,140599732.0,18.76142763833477,5419370793.0,4012964438.0,0.02594392178915077,0.035036376268032104,1.3504656910692514,0.014018604395085052,1.5248453890936986,0,coinpaprika
stable_usde,2026-07-16,69107562.0,18.051174732821035,5419254506.0,4026662546.0,0.01275222669898353,0.017162491569761653,1.3458427280883944,0.01407488408358614,2.335325818542122,0,coinpaprika
stable_usde,2026-07-17,48699462.0,17.70117856129798,5419681783.0,4018652375.0,0.008985668153572476,0.012118356467695218,1.3486316499321491,0.01403655892835427,2.581964381664914,0,coinpaprika
stable_usde,2026-07-18,32504457.0,17.296887807123895,5419206171.0,4020027476.0,0.00599801077396581,0.00808563055701861,1.3480520228663233,0.014029213542860271,2.2519584228108958,0,coinpaprika
stable_usde,2026-07-19,18607955.0,16.73909978916341,5419442102.0,4015635131.0,0.0034335554564062765,0.0046338759356769855,1.3495852897995777,0.014009241580359752,0.17145178874633515,0,coinpaprika
stable_usde,2026-07-20,16488218.0,16.618156683851414,5419687897.0,4014969993.0,0.003042281827543399,0.004106685237684664,1.3498700878086487,0.014008701803803822,1.7382634572149502,0,coinpaprika
stable_usde,2026-07-21,37851567.0,17.44918296367395,4526849652.0,4028614237.0,0.008361569283238038,0.009395679202133545,1.1236741434372288,0.014055983876394347,1.913188493170015,0,coinpaprika
stable_usde,2026-07-22,37600419.0,17.442525778510504,4020434493.0,4044458975.0,0.009352327233652554,0.009296773494902369,0.9940599021652828,0.014113214818324489,1.3249188896746755,0,coinpaprika
stable_usde,2026-07-23,34387643.0,17.353207871774355,4020394544.0,4036102691.0,0.008553300583724999,0.008520011910668207,0.9961080903528478,0.014100133978633331,3.0160614494045834,0,coinpaprika
stable_usde,2026-07-24,32862809.0,17.307852181220362,4020590614.0,3980909896.0,0.00817362724908356,0.00825509992904396,1.0099677508500935,0.013874302144068491,2.2254057582182796,0,coinpaprika
stable_usde,2026-07-25,25349224.0,17.048258715542023,4021901703.0,3983555892.0,0.006302795511161204,0.006363466382110448,1.0096260256011491,0.013885026704621621,1.7992086173201915,0,coinpaprika
stable_usde,2026-07-26,14252642.0,16.472452921165026,4020788180.0,3979256736.0,0.00354473833535792,0.003581734717204233,1.0104369852852841,0.013875260636588756,0.26907988943225547,0,coinpaprika
stable_usde,2026-07-27,43070477.0,17.57834835518092,4019821226.0,3974055295.0,0.010714525492184164,0.0108379158825972,1.0115161787148712,0.013878269533058391,1.72740325281584,0,coinpaprika
stable_usde,2026-07-28,41494062.0,17.541060914725872,4020005432.0,3932448748.0,0.01032189202275685,0.010551710819143778,1.0222651812168004,0.01378722693629447,1.8030632546917058,0,coinpaprika
stable_usde,2026-07-29,58501874.0,17.884569362970506,4019055296.0,3863992252.0,0.014556125679142684,0.015140266901342637,1.0401302678388498,0.013555758474580057,2.7872443189869145,0,coinpaprika
stable_usde,2026-07-30,44780032.0,17.617272906070742,4019428235.0,3849921846.0,0.011140896013534622,0.011631413257525125,1.0440285272741612,0.013521691813074133,4.2118538794155835,0,coinpaprika
stable_usde,2026-07-31,35973080.0,17.39828146671591,4019718001.0,3870132808.0,0.008949155137512344,0.009295050527888758,1.0386511782465941,0.013628875527334262,2.664951147612893,0,coinpaprika
stable_usde,2026-08-01,22820022.0,16.94314891028551,4020459710.0,3881486255.0,0.005675973308037453,0.005879196910875058,1.035804185786045,0.013669001905935386,2.7805229823207878,0,coinpaprika
stable_usde,2026-08-02,25881167.0,17.069026157954163,4019733712.0,3881141890.0,0.006438527736983588,0.006668441333382944,1.0357090325290839,0.013670157453250531,2.432581205988882,0,coinpaprika
stable_usde,2026-08-03,39105482.0,17.48177324530329,4020330540.0,3868063672.0,0.009726932054696179,0.010109834096857132,1.0393651400058959,0.013630732864384675,3.2173657622203145,0,coinpaprika
stable_usde,2026-08-04,34946422.0,17.36932667519749,4020197736.0,3856933333.0,0.008692712223347216,0.009060675667115556,1.0423301076020959,0.013581143096397552,2.7584561703342114,0,coinpaprika
stable_usde,2026-08-05,45620970.0,17.635878059118337,4020459158.0,3883833738.0,0.011347203940431124,0.011746375637462985,1.0351779785687623,0.013663229617874556,1.6097887179444825,0,coinpaprika
stable_usde,2026-08-06,60575450.0,17.91940026995487,4020462834.0,3901673389.0,0.01506678521878857,0.015525505074509966,1.03044576856046,0.013728740184562585,2.7997100843712985,0,coinpaprika
stable_usde,2026-08-07,62131094.0,17.94475714622064,4020173815.0,3886903535.0,0.015454827790822771,0.015984727544827017,1.0342870047584034,0.013672762435024653,5.580701789675846,0,coinpaprika
stable_usde,2026-08-08,49026918.0,17.70788007257484,4020471479.0,3903559517.0,0.012194320555706148,0.012559541563664598,1.0299500908058012,0.01372534435260281,2.4753638870300687,0,coinpaprika
stable_usde,2026-08-09,13732876.0,16.435303296944237,4020539660.0,3918894266.0,0.003415679774689749,0.0035042731617296458,1.0259372637026385,0.013778931894154049,3.8842605851896472,0,coinpaprika
stable_usde,2026-08-10,34966701.0,17.369906795184082,4019922638.0,3922376488.0,0.008698351721862166,0.008914672292926511,1.0248691450956913,0.01378805905837246,3.2548914441776766,0,coinpaprika
stable_usde,2026-08-11,33334125.0,17.322092235001517,4019936396.0,3927011664.0,0.008292202093836312,0.00848842016579251,1.023662963074917,0.01386127272977462,4.864464090017506,0,coinpaprika
stable_usde,2026-08-12,20032454.0,16.81286426628216,4020018814.0,3931084664.0,0.004983174190686761,0.005095910089002347,1.0226233107657128,0.01382853483519141,3.0289904541325186,0,coinpaprika
stable_usde,2026-08-13,15579285.0,16.561452769372146,4019983103.0,3957942254.0,0.0038754603193166706,0.003936208261819678,1.0156750263188656,0.013926190706085067,3.8645345862509117,0,coinpaprika
stable_usde,2026-08-14,18532122.0,16.73501616266479,4020192566.0,3957901944.0,0.004609759780347796,0.004682309532224227,1.0157382933891097,0.013929172117296839,4.558439487379884,0,coinpaprika
stable_usde,2026-08-15,16201673.0,16.600625128197425,4020200370.0,3961075141.0,0.004030066043698215,0.004090221069603284,1.0149265608188067,0.013934329677394212,2.1050346626982908,0,coinpaprika
stable_usde,2026-08-16,8813785.0,15.991827644534062,4020118762.0,3961751541.0,0.0021924190606784867,0.002224719270955412,1.0147326808347168,0.013944266369559751,2.5286577883221195,0,coinpaprika
stable_usde,2026-08-17,24505263.0,17.014398509579323,4020788044.0,3957948388.0,0.006094641829371695,0.00619140539434442,1.0158768255267103,0.013929828922422496,4.051114687264601,0,coinpaprika
stable_usde,2026-08-18,40249788.0,17.51061531957908,4020398033.0,3967878574.0,0.010011393814648202,0.010143906182951657,1.0132361557997616,0.013962804040932192,2.4064721794114785,0,coinpaprika
stable_usde,2026-08-19,51467354.0,17.756458281149737,4019512704.0,4038069560.0,0.012804376497873112,0.012745534279503595,0.9954045229473462,0.01420954726460947,1.885847966680565,0,coinpaprika
stable_usde,2026-08-20,52166287.0,17.769947020464084,4019831812.0,4081785403.0,0.012977231247405234,0.012780262029860564,0.9848219382247617,0.014332423960988336,1.9529961932918116,0,coinpaprika
stable_usde,2026-08-21,52954177.0,17.78493753152589,4019822086.0,4080984969.0,0.013173263857727857,0.012975832403758113,0.9850127154437947,0.014301038925417061,0.9701863810862577,0,coinpaprika
stable_usdg,2025-08-25,7744000.0,15.862429037070774,240354023.0,546260009.0,0.032219140346987245,0.014176399283147963,0.4399993026031675,0.0020763628470206463,0.0,0,coinpaprika
stable_usdg,2025-08-26,7594221.0,15.84289825295207,240264843.0,546260009.0,0.031607707999126614,0.013902209341485951,0.43983604701328227,0.002061471385489187,1.64000000000053,0,coinpaprika
stable_usdg,2025-08-27,7170655.0,15.785507700719785,240231906.0,529272237.0,0.029848886933445052,0.013548141199781087,0.4538910020326647,0.00199634284454538,2.4900000000005473,0,coinpaprika
stable_usdg,2025-08-28,10133715.0,16.131378640153226,240261241.0,538362788.0,0.042177901678281934,0.018823208486690578,0.4462812927553232,0.0020258210201306447,1.8700000000004824,0,coinpaprika
stable_usdg,2025-08-29,9770501.0,16.09487840447993,240288791.0,551553108.0,0.04066149302819539,0.01771452441892504,0.4356584842234268,0.0020566448686157477,1.9000000000002348,0,coinpaprika
stable_usdg,2025-08-30,7406604.0,15.817882727640406,240320626.0,551553108.0,0.030819676709730275,0.013428632515293523,0.43571620305328784,0.0020562568193821067,0.5800000000000249,0,coinpaprika
stable_usdg,2025-08-31,4607744.0,15.343249141284964,240193076.0,551553110.0,0.019183500526884462,0.008354125679755482,0.4354849454116939,0.002053580201497058,1.9599999999997397,0,coinpaprika
stable_usdg,2025-09-01,6381781.0,15.668957926665927,240233216.0,551553116.0,0.026564940128845464,0.011570564674318693,0.4355577169833268,0.002048076552783952,3.1999999999998696,0,coinpaprika
stable_usdg,2025-09-02,5192823.0,15.462788230474724,240182670.0,551553116.0,0.02162030674402945,0.009414910095440382,0.4354660739510717,0.0020482896696731616,2.3799999999996047,0,coinpaprika
stable_usdg,2025-09-03,10698343.0,16.185599521099448,240143826.0,550095636.0,0.04454973162624635,0.0194481510120542,0.43654922941435587,0.0020493284584878813,2.7100000000002122,0,coinpaprika
stable_usdg,2025-09-04,11629976.0,16.269096546848868,240210765.0,550095636.0,0.04841571525739073,0.021141734707380955,0.43667091552785925,0.002035374596410008,2.649999999999597,0,coinpaprika
stable_usdg,2025-09-05,10182883.0,16.136218829554007,240213358.0,560095636.0,0.04239099392632445,0.018180614783436733,0.42887918162604644,0.0020548820620288123,5.3800000000003845,0,coinpaprika
stable_usdg,2025-09-06,7127644.0,15.779491443301072,240249322.0,543441098.0,0.029667696627256247,0.013115761811595633,0.44208898238314687,0.0020054724152126563,3.069999999999462,0,coinpaprika
stable_usdg,2025-09-07,3263399.0,14.998280154639106,240290697.0,543341098.0,0.013581045961175934,0.006006169995261429,0.4422464965092701,0.002004921466616322,2.020000000000355,0,coinpaprika
stable_usdg,2025-09-08,4930413.0,15.410933518152344,240243670.0,543341098.0,0.020522551124864185,0.009074250076330505,0.4421599449854242,0.0020064855321245537,3.790000000000182,0,coinpaprika
stable_usdg,2025-09-09,6687158.0,15.715699678232125,240216639.0,543341098.0,0.02783802998758966,0.012307476877075844,0.4421101953896372,0.0020050798768878053,1.8600000000001948,0,coinpaprika
stable_usdg,2025-09-10,12150491.0,16.31288022075814,240261963.0,560971065.0,0.05057184603124216,0.02165974638994972,0.42829653433194453,0.0020673053182725123,0.8399999999997299,0,coinpaprika
stable_usdg,2025-09-11,24130283.0,16.99897820711339,240215216.0,560971065.0,0.10045276648919692,0.04301520079293216,0.42821320204813057,0.002066572247046002,2.6700000000001722,0,coinpaprika
stable_usdg,2025-09-12,27992036.0,17.14743063483502,240199570.0,598446065.0,0.1165365783127755,0.0467745343099549,0.40137212699359964,0.00220073273337982,1.4199999999997548,0,coinpaprika
stable_usdg,2025-09-13,15289999.0,16.542709577905246,240062154.0,591710075.0,0.06369183457380792,0.025840356022330698,0.4057090864981469,0.0021657247302469948,2.5399999999997647,0,coinpaprika
stable_usdg,2025-09-14,9241428.0,16.03920708533987,240072447.0,591710073.0,0.038494330005308774,0.015618169136694754,0.4057264832130042,0.002160865770723543,0.9999999999998899,0,coinpaprika
stable_usdg,2025-09-15,10571895.0,16.173709717351837,240253952.0,591710073.0,0.04400300145739122,0.01786668079926366,0.40603322972330064,0.0021592780575950326,3.7399999999998546,0,coinpaprika
stable_usdg,2025-09-16,12809644.0,16.36570896076448,240272721.0,556802384.0,0.05331293517918749,0.02300572764789024,0.4315224357947433,0.002029794493737648,1.40000000000029,0,coinpaprika
stable_usdg,2025-09-17,9146343.0,16.02886479456367,240244510.0,576902384.0,0.038070976106800526,0.015854229855288653,0.4164387540475132,0.002096804752254729,1.9299999999999873,0,coinpaprika
stable_usdg,2025-09-18,10991992.0,16.21267765661728,240197936.0,576902384.0,0.0457622250342734,0.0190534695380978,0.4163580228852027,0.002095585865081993,3.0799999999997496,0,coinpaprika
stable_usdg,2025-09-19,19239139.0,16.772457303658125,240268881.0,654317918.0,0.08007336996754065,0.0294033503756197,0.36720510686060714,0.002365591419690093,1.9599999999997397,0,coinpaprika
stable_usdg,2025-09-20,21298108.0,16.874128847395813,240249051.0,662408163.0,0.08865012332556518,0.03215254459356655,0.3626903538022976,0.002388800653767896,0.0,0,coinpaprika
stable_usdg,2025-09-21,19799414.0,16.801162949773744,240239748.0,674937185.0,0.08241522963968477,0.02933519509671111,0.3559438616498808,0.0024325962856312005,2.2800000000000598,0,coinpaprika
stable_usdg,2025-09-22,13325794.0,16.40521218852539,240274515.0,674958185.0,0.055460705019007114,0.019743140088004117,0.3559842970124142,0.0024344360268325634,1.7699999999998273,0,coinpaprika
stable_usdg,2025-09-23,8942495.0,16.006325302813,240240887.0,730531935.0,0.037223035227971,0.012241073348833134,0.3288574742458042,0.0026257507783836575,2.8200000000000447,0,coinpaprika
stable_usdg,2025-09-24,14184684.0,16.467673419422297,240273796.0,730531934.0,0.05903550131617349,0.019416925311303367,0.3289025226924577,0.0026207226915942873,2.9000000000001247,0,coinpaprika
stable_usdg,2025-09-25,23003514.0,16.951157588303662,240341291.0,765531934.0,0.09571186833643162,0.03004905867192733,0.3139533183732607,0.002739048492513689,3.8199999999999346,0,coinpaprika
stable_usdg,2025-09-26,14161820.0,16.466060239656272,240256542.0,723131839.0,0.05894457600242994,0.019584008387162163,0.3322444525914451,0.002588158118996476,3.7600000000004297,0,coinpaprika
stable_usdg,2025-09-27,5955329.0,15.599797174853277,240324193.0,726592320.0,0.024780397369315206,0.008196245454397316,0.3307552067161954,0.0025921735363154193,2.9100000000004123,0,coinpaprika
stable_usdg,2025-09-28,5665378.0,15.549884352236411,240411655.0,726592321.0,0.023565321739497196,0.007797189477866778,0.330875579126854,0.002590630657191727,2.4500000000005073,0,coinpaprika
stable_usdg,2025-09-29,11958894.0,16.296985910914074,240272930.0,726592321.0,0.04977212372613095,0.016458877494798078,0.33068465362985855,0.0025896110595779497,1.9299999999999873,0,coinpaprika
stable_usdg,2025-09-30,12027361.0,16.30269477878383,240202707.0,729592321.0,0.05007171297199411,0.01648504329584357,0.32922866659392924,0.0026003659883462983,4.349999999999632,0,coinpaprika
stable_usdg,2025-10-01,10225874.0,16.140431830803973,240212495.0,719369889.0,0.042570116929179724,0.014215043132004097,0.3339206973674151,0.002554830975216822,3.9800000000000946,0,coinpaprika
stable_usdg,2025-10-02,13024874.0,16.382371548628672,240191447.0,719359195.0,0.05422705164018601,0.01810621743703436,0.33389640206100374,0.0025488274070982896,1.1899999999998023,0,coinpaprika
stable_usdg,2025-10-03,17350284.0,16.6691194907352,240204724.0,707503755.0,0.07223123555222002,0.024523239456163734,0.3395101754618956,0.0024960657731386334,1.3044428266695274,0,coinpaprika
stable_usdg,2025-10-04,10170458.0,16.134997899749653,240196349.0,700330815.0,0.04234226724237178,0.014522362549475993,0.3429755536317505,0.0024577435088049856,2.508708716084662,0,coinpaprika
stable_usdg,2025-10-05,7386842.0,15.815211002731475,240180875.0,700330815.0,0.030755329707246672,0.010547646686087916,0.34295345835953256,0.0024550985214551067,2.484396535364919,0,coinpaprika
stable_usdg,2025-10-06,13650519.0,16.429288174107732,240198271.0,700330815.0,0.05683021340315976,0.019491529870779713,0.3429782980490442,0.002457545108837824,4.381839794955766,0,coinpaprika
stable_usdg,2025-10-07,10590411.0,16.175459621447832,240198100.0,708836861.0,0.04409031961535083,0.014940547794113659,0.33886231545737855,0.002481604550170549,2.610573816033135,0,coinpaprika
stable_usdg,2025-10-08,9287247.0,16.04415283439643,240212574.0,713431805.0,0.03866261805262534,0.01301770811857764,0.3367001195019614,0.0024912040718860773,3.6282727286696126,0,coinpaprika
stable_usdg,2025-10-09,10747142.0,16.19015050977366,240222205.0,729608701.0,0.044738337157466355,0.014730007996436983,0.3292479991956675,0.0025478014587795787,3.1842659788960948,0,coinpaprika
stable_usdg,2025-10-10,18464083.0,16.73133799767303,240291168.0,748513470.0,0.07684045632505311,0.024667669641269114,0.3210245074146762,0.0026158782938891234,0.9470791355903341,0,coinpaprika
stable_usdg,2025-10-11,56128312.0,17.843150931237783,240341056.0,758838298.0,0.23353609630474453,0.07396610338188282,0.3167223592080747,0.002645414863483395,2.0454702702965566,0,coinpaprika
stable_usdg,2025-10-12,14665787.0,16.501027992328897,240343980.0,758824283.0,0.0610199889341934,0.019326986930385304,0.3167320621973295,0.0026480622727371047,0.6140668959475626,0,coinpaprika
stable_usdg,2025-10-13,14496874.0,16.489443666922245,240236117.0,758824283.0,0.060344273713015435,0.01910438862431607,0.31658991729973407,0.0026471146288816476,0.4516253137654136,0,coinpaprika
stable_usdg,2025-10-14,12286864.0,16.32404136356708,240280101.0,758784675.0,0.051135586962317785,0.016192820446722912,0.3166644094386856,0.002643610279451753,1.4192125758216712,0,coinpaprika
stable_usdg,2025-10-15,19977439.0,16.810114194847444,240303301.0,767215027.0,0.08313426788922887,0.026038904735894857,0.3132150603718558,0.0026656710627971235,0.8334609464621945,0,coinpaprika
stable_usdg,2025-10-16,22361023.0,16.922830001266966,240316823.0,941876690.0,0.09304809676183178,0.023740924090604684,0.2551467995242562,0.003262466369961227,0.4572438580963123,0,coinpaprika
stable_usdg,2025-10-17,28062552.0,17.14994661210639,240324521.0,940258787.0,0.11676940781253028,0.029845562081410253,0.2555940176499515,0.0032575943976814827,0.3557121255792772,0,coinpaprika
stable_usdg,2025-10-18,13743921.0,16.436107247986346,240339890.0,894019780.0,0.057185351129186254,0.01537317328706083,0.2688306180429252,0.003095207751898304,0.035152645898595125,0,coinpaprika
stable_usdg,2025-10-19,5125981.0,15.44983267439004,240358145.0,893533319.0,0.021326429358156346,0.0057367541769306985,0.2689974060161488,0.0030939920032848206,0.5702615588576432,0,coinpaprika
stable_usdg,2025-10-20,9027470.0,16.015782819722055,240295763.0,891439958.0,0.03756816136620769,0.010126840197127444,0.26955911146177275,0.0030835364020241865,1.9591849826738894,0,coinpaprika
stable_usdg,2025-10-21,9362035.0,16.052173346166953,240272296.0,902965714.0,0.03896427160291505,0.01036809577024538,0.26609238011444586,0.003124165799559024,0.6073892611424547,0,coinpaprika
stable_usdg,2025-10-22,10821825.0,16.197075578696662,240260160.0,918746201.0,0.04504211185075378,0.011778905848232182,0.26150873847259587,0.003165915677805533,1.1763366791639474,0,coinpaprika
stable_usdg,2025-10-23,10923887.0,16.20646250886847,240263667.0,957617430.0,0.04546624604709792,0.011407360244059049,0.25089734112295764,0.0033066123899199514,1.083685018130609,0,coinpaprika
stable_usdg,2025-10-24,14633828.0,16.49884646124099,240265941.0,957529755.0,0.06090679327703796,0.015282896352395858,0.25092268908134346,0.003306693470286762,0.3679914219878455,0,coinpaprika
stable_usdg,2025-10-25,10098686.0,16.127915973360757,240279032.0,966447160.0,0.04202899402391466,0.01044928933310746,0.24862097168354244,0.0033323989030052776,0.2558772066296733,0,coinpaprika
stable_usdg,2025-10-26,7241435.0,15.795330087236055,240256322.0,965959451.0,0.03014045557560812,0.00749662420353502,0.2487229890978105,0.0033328455692645956,1.086819099898051,0,coinpaprika
stable_usdg,2025-10-27,19381256.0,16.779817023004647,240258870.0,965905672.0,0.08066822257176187,0.02006537135232808,0.24873947525592333,0.0033341744608835016,0.72799696056558,0,coinpaprika
stable_usdg,2025-10-28,17598034.0,16.683297806048035,239979203.0,966116194.0,0.07333149614635565,0.018215235506134162,0.24839579803172204,0.003339254775171019,0.16209764395647142,0,coinpaprika
stable_usdg,2025-10-29,14643918.0,16.49953572193136,239807964.0,966942601.0,0.06106518630882501,0.015144557686108196,0.24800641087898453,0.0033393506276062366,1.6207023985870261,0,coinpaprika
stable_usdg,2025-10-30,23699512.0,16.98096505737103,239646622.0,987594959.0,0.09889357839560951,0.023997198227902253,0.2426567894217046,0.003416562473822052,0.092978964085777,0,coinpaprika
stable_usdg,2025-10-31,29188469.0,17.189284326245883,240003140.0,985696703.0,0.12161702967719505,0.029612018495307882,0.2434857895634049,0.0034120331852841644,1.2324370104044302,0,coinpaprika
stable_usdg,2025-11-01,16775139.0,16.635408586539803,240159564.0,991512885.0,0.06984997274562008,0.016918730208937225,0.24221527287565203,0.003434711266005377,2.599435906599501,0,coinpaprika
stable_usdg,2025-11-02,5662703.0,15.549412074614555,240092099.0,991166208.0,0.023585544978720854,0.00571317197286855,0.24223192544514188,0.0034321496154688714,1.1474197186978063,0,coinpaprika
stable_usdg,2025-11-03,10634304.0,16.179595654222474,240215013.0,990705783.0,0.04426993911492118,0.010734068764389156,0.2424685684912369,0.0034311525502475015,0.8590974805733342,0,coinpaprika
stable_usdg,2025-11-04,19054087.0,16.762792229691016,240303988.0,990591492.0,0.07929159710824275,0.01923506021794098,0.2425863637439761,0.003431492169086583,1.4836472640067377,0,coinpaprika
stable_usdg,2025-11-05,32773904.0,17.30514317744494,240253407.0,991074595.0,0.13641389901288684,0.033069058742243314,0.24241707759646489,0.0034434091406767703,1.8280257590463922,0,coinpaprika
stable_usdg,2025-11-06,20503691.0,16.836115525453994,240308422.0,1011663498.0,0.08532239872974573,0.020267303347935955,0.23753789918789775,0.0035130181848915735,0.05656213289628731,0,coinpaprika
stable_usdg,2025-11-07,20501723.0,16.83601953813361,240286512.0,1018744751.0,0.08532198844352945,0.020124494364143233,0.235865276129408,0.003539856224394728,1.9365189674502847,0,coinpaprika
stable_usdg,2025-11-08,15593164.0,16.5623432351823,240295199.0,996713704.0,0.06489170014586933,0.015644576709863318,0.241087483833773,0.003456983612652544,0.15179407963250569,0,coinpaprika
stable_usdg,2025-11-09,6790981.0,15.731106113525488,240298694.0,996534365.0,0.02826058222355549,0.006814597909024442,0.2411343777391962,0.003462055942389226,0.19428942976684738,0,coinpaprika
stable_usdg,2025-11-10,10519265.0,16.16871899097655,240276621.0,1012479290.0,0.04377981077068668,0.01038961004328296,0.23731509708213389,0.0035179224649505396,1.9018404808612832,0,coinpaprika
stable_usdg,2025-11-11,12901477.0,16.372852436412252,240254878.0,1012846982.0,0.05369912614219637,0.012737834272383704,0.23720747780240709,0.003513651038715969,1.7032936492067385,0,coinpaprika
stable_usdg,2025-11-12,11954157.0,16.296589725612098,240250642.0,1012921999.0,0.04975702416645363,0.0118016560128042,0.23718572825665327,0.0035133226963249913,1.8190301249843,0,coinpaprika
stable_usdg,2025-11-13,13702036.0,16.433055065877053,240305627.0,1002883347.0,0.05701920579662498,0.013662641862573474,0.23961473457391053,0.0034701958948439872,2.261256818667512,0,coinpaprika
stable_usdg,2025-11-14,24276058.0,17.005001196318847,240307791.0,1004203170.0,0.10102068642460285,0.024174448682531047,0.2393019641632878,0.0034809442757414585,3.0041019053539397,0,coinpaprika
stable_usdg,2025-11-15,20454734.0,16.833724953994054,240361491.0,1013095142.0,0.08509987983058401,0.020190338648371487,0.23725460821526673,0.003519530407744115,2.974988572284065,0,coinpaprika
stable_usdg,2025-11-16,5785846.0,15.57092532102998,240387317.0,1012331364.0,0.024068848856946976,0.0057153677202477745,0.2374591221298958,0.0035188596693081866,2.4822165052162948,0,coinpaprika
stable_usdg,2025-11-17,11612691.0,16.267609195874975,240327313.0,1024398800.0,0.048320313055719974,0.01133610367368646,0.2346032746231253,0.003562283909078804,2.831302818550041,0,coinpaprika
stable_usdg,2025-11-18,18981616.0,16.758981542459217,240316796.0,997814893.0,0.07898580671822872,0.019023183691847342,0.24084306386475232,0.0034711820504992395,1.305448802310094,0,coinpaprika
stable_usdg,2025-11-19,24895554.0,17.03019983144318,240333173.0,1010867975.0,0.10358767243504916,0.02462789861356524,0.23774931934113355,0.0035174970456140838,4.2711322269739505,0,coinpaprika
stable_usdg,2025-11-20,28664131.0,17.171157143035867,240326670.0,1024611597.0,0.11927153569764022,0.027975606643460625,0.23455392336341085,0.00357094622420205,2.2527445136955038,0,coinpaprika
stable_usdg,2025-11-21,26413774.0,17.089396212339565,240275020.0,1043621237.0,0.10993141942096187,0.025309732174413388,0.2302320147208733,0.0036374456734931597,2.7276540268883487,0,coinpaprika
stable_usdg,2025-11-22,19207074.0,16.77078925870573,240276708.0,967892807.0,0.07993731127696323,0.01984421607546878,0.24824722971621382,0.0033776142767147762,3.8765470485557785,0,coinpaprika
stable_usdg,2025-11-23,8083867.0,15.905381028822113,240285482.0,967264249.0,0.033642760822312184,0.008357454551181287,0.2484176193304132,0.003373450365969075,3.6501445483261286,0,coinpaprika
stable_usdg,2025-11-24,11407673.0,16.249796844790314,240280085.0,967407525.0,0.04747656469324122,0.011792003581944434,0.24837524909680644,0.0033766588413305268,4.165739071565477,0,coinpaprika
stable_usdg,2025-11-25,17604094.0,16.683642103399354,240262391.0,999229063.0,0.0732702855687472,0.01761767611837367,0.24044776107558033,0.003475045098960088,3.129309162078764,0,coinpaprika
stable_usdg,2025-11-26,15991124.0,16.58754443880803,240298790.0,1026993656.0,0.0665468352961744,0.015570810887268033,0.23398274039581798,0.0035646209284250717,3.6393811401369547,0,coinpaprika
stable_usdg,2025-11-27,19377934.0,16.77964560560213,240273070.0,1018986386.0,0.08064962919065378,0.019016872321589585,0.23579615321769373,0.003525372563571936,2.534028059474336,0,coinpaprika
stable_usdg,2025-11-28,9381651.0,16.05426642487819,240274312.0,1019506587.0,0.039045584698209436,0.009202148489894946,0.23567705698403693,0.003523888751381474,2.736976115396139,0,coinpaprika
stable_usdg,2025-11-29,8592046.0,15.966347565920664,240291427.0,1036258480.0,0.03575677296219145,0.00829141200369236,0.23188367732344153,0.0035754107364721166,2.2370490937695386,0,coinpaprika
stable_usdg,2025-11-30,4159298.0,15.240857108422722,240313530.0,1036140692.0,0.017307797858905405,0.004014221265619399,0.23193136979895776,0.0035746978648660962,2.2229621520997167,0,coinpaprika
stable_usdg,2025-12-01,10794389.0,16.194537112692,240273684.0,1036072003.0,0.04492539016465907,0.010418570300851956,0.2319082875555706,0.0035761628266588394,2.7003081789644945,0,coinpaprika
stable_usdg,2025-12-02,16078797.0,16.5930120676773,240253133.0,1057140280.0,0.06692440094007016,0.015209709916644176,0.22726703120233013,0.0036380486985920094,2.8761515271003013,0,coinpaprika
stable_usdg,2025-12-03,11371490.0,16.246619991693976,240233028.0,1053155422.0,0.047335248174118674,0.010797542093459402,0.228107858518911,0.003618761809807301,1.4811842378592566,0,coinpaprika
stable_usdg,2025-12-04,11785316.0,16.282364992590523,240256934.0,1073818988.0,0.049052969268308405,0.010975142115851651,0.2237406273169757,0.0036803413472934737,2.05321950041526,0,coinpaprika
stable_usdg,2025-12-05,8846130.0,15.995490746253957,240282493.0,1164394569.0,0.03681554111393376,0.007597192769111928,0.20635830791134513,0.003986859593597985,1.87870248712807,0,coinpaprika
stable_usdg,2025-12-06,10389688.0,16.156324429999895,240296908.0,1172378019.0,0.04323687760476718,0.008862063115838748,0.2049653815626511,0.004010574801315292,2.9692812758963516,0,coinpaprika
stable_usdg,2025-12-07,7204470.0,15.790212363485036,240340491.0,1171413546.0,0.029976097535724847,0.006150236203602857,0.20517134347702004,0.004008786911543841,1.4042776790157419,0,coinpaprika
stable_usdg,2025-12-08,12652103.0,16.353334083418154,240279661.0,1171540625.0,0.05265573851463025,0.010799542696182643,0.2050971651111117,0.0040091044997143405,0.7052685368258427,0,coinpaprika
stable_usdg,2025-12-09,11270713.0,16.237718238046444,240258947.0,1197598309.0,0.04691069007307353,0.009411096287711942,0.20061730648285342,0.004092603659204402,2.787633332532735,0,coinpaprika
stable_usdg,2025-12-10,11473853.0,16.25558143964257,240251384.0,1199663164.0,0.04775769782870429,0.00956422881381394,0.2002657005812675,0.004092658377002556,2.320687083885442,0,coinpaprika
stable_usdg,2025-12-11,23074345.0,16.954231995589673,240256964.0,1188811807.0,0.09604027544441958,0.019409585995136404,0.20209839991940792,0.004057837079951584,1.842416596778973,0,coinpaprika
stable_usdg,2025-12-12,16372469.0,16.61111182373185,240237293.0,1191586454.0,0.06815123828422426,0.01374005968684837,0.20161129911602704,0.00405558269615011,1.9967445918056548,0,coinpaprika
stable_usdg,2025-12-13,10737887.0,16.18928897966254,240261915.0,1204407599.0,0.04469242243407574,0.008915492569887048,0.19948555223288658,0.004099912786330615,1.802949664332365,0,coinpaprika
stable_usdg,2025-12-14,7305101.0,15.804083566108469,240278900.0,1204391960.0,0.03040259048963517,0.006065385059528295,0.19950224509967668,0.004100487394396571,2.479343261753142,0,coinpaprika
stable_usdg,2025-12-15,14668643.0,16.50122271230909,240238300.0,1204529344.0,0.06105871961298427,0.012177904235432226,0.1994457845271057,0.004102098267745157,1.7712997627694627,0,coinpaprika
stable_usdg,2025-12-16,24547971.0,17.01613980186802,240285497.0,1212073379.0,0.10216168394050017,0.020252875300547295,0.19824335816882915,0.004129602759509863,2.0225343432134224,0,coinpaprika
stable_usdg,2025-12-17,19129113.0,16.766722025654907,240288369.0,1203959815.0,0.0796089843200026,0.015888497906385687,0.19958171859747662,0.0041030134249017206,3.4825632217316826,0,coinpaprika
stable_usdg,2025-12-18,22922178.0,16.947615515099994,240267617.0,1226074180.0,0.09540269423823353,0.018695588222892027,0.1959649921018645,0.004177194867571979,2.1080957546093515,0,coinpaprika
stable_usdg,2025-12-19,20381663.0,16.830146231100954,240260993.0,1244318377.0,0.08483134422074082,0.01637978139416324,0.19308642984061627,0.0042490131702580935,1.8049660545527146,0,coinpaprika
stable_usdg,2025-12-20,8182532.0,15.91751231834659,240299715.0,1274181573.0,0.034051359569860495,0.0064217943293078845,0.18859142220541278,0.004351454006759134,2.979738088737527,0,coinpaprika
stable_usdg,2025-12-21,4422999.0,15.302328756850464,240311504.0,1274270810.0,0.018405273681779296,0.003471003938322969,0.1885874667410768,0.004346135275870583,0.740383165110936,0,coinpaprika
stable_usdg,2025-12-22,9477644.0,16.064446425648892,240251653.0,1274391888.0,0.03944881910968579,0.007436993352864155,0.18852258497740845,0.0043471727459311205,1.6819574877546817,0,coinpaprika
stable_usdg,2025-12-23,9190903.0,16.033724857285154,240239435.0,1286477351.0,0.03825726196866888,0.007144240038781686,0.18674206336649296,0.004386986418489624,2.8707796027871435,0,coinpaprika
stable_usdg,2025-12-24,8851679.0,15.996117829477056,240239494.0,1291742995.0,0.03684522828706924,0.006852507839610928,0.18598087617266312,0.0044089311544619056,4.298580917337924,0,coinpaprika
stable_usdg,2025-12-25,5230709.0,15.470057582085321,240264415.0,1321558251.0,0.021770635489237973,0.003957985957896305,0.18180387797374511,0.004517791489805526,3.5974822932871575,0,coinpaprika
stable_usdg,2025-12-26,7583315.0,15.841461128976226,240270375.0,1320768412.0,0.031561589729903236,0.005741593250641734,0.18191711190015952,0.004514317645277631,3.960095440385114,0,coinpaprika
stable_usdg,2025-12-27,9405990.0,16.05685738465061,240290792.0,1309520989.0,0.039144196586609115,0.0071827714706449814,0.1834951818401133,0.004477673282655874,3.880399467564022,0,coinpaprika
stable_usdg,2025-12-28,4598268.0,15.341190486291248,240310041.0,1304955627.0,0.019134731036894125,0.003523696825286765,0.18415188687484774,0.004463734682852896,4.851480742192882,0,coinpaprika
stable_usdg,2025-12-29,7960661.0,15.890022720191626,240238158.0,1298929151.0,0.03313653861764958,0.006128633724072915,0.18495093270872323,0.0044437862930193925,2.38276741745036,0,coinpaprika
stable_usdg,2025-12-30,11149455.0,16.2269012654425,240258225.0,1270978683.0,0.04640613240191881,0.008772338316235946,0.189034031973611,0.004348143863662402,3.6789308051699,0,coinpaprika
stable_usdg,2025-12-31,10950339.0,16.208881063973045,240245931.0,1224334898.0,0.04557970640510036,0.008943908254096012,0.1962256661902322,0.00419107243295093,2.9368664608175887,0,coinpaprika
stable_usdg,2026-01-01,8440509.0,15.948553291286814,240254862.0,1232835846.0,0.035131480502567314,0.006846417572449463,0.19487984777496484,0.004232809022600763,4.391285004085033,0,coinpaprika
stable_usdg,2026-01-02,6778215.0,15.729224498448978,240219544.0,1232872616.0,0.028216750756965885,0.005497903767212881,0.1948453886334028,0.004237540594398138,4.105623738535069,0,coinpaprika
stable_usdg,2026-01-03,8640007.0,15.971914066705736,240207797.0,1233801227.0,0.035968886555335255,0.007002754423423831,0.19468921876830003,0.0042295407217562975,3.712824508566026,0,coinpaprika
stable_usdg,2026-01-04,5602673.0,15.53875454173853,240213652.0,1251796450.0,0.02332370768002811,0.004475706094229617,0.19189513758406967,0.00429114947131773,3.631228646453488,0,coinpaprika
stable_usdg,2026-01-05,8322159.0,15.934432394487764,240200096.0,1251706444.0,0.034646776327683065,0.006648650759842218,0.1918981061025839,0.004288892621824148,4.136566900938554,0,coinpaprika
stable_usdg,2026-01-06,11455728.0,16.254000512176507,240162477.0,1217075826.0,0.04769990775869621,0.009412501468910123,0.19732745640779822,0.0041622983807142406,3.7074049920837737,0,coinpaprika
stable_usdg,2026-01-07,11916170.0,16.293406943165515,240227079.0,1221463018.0,0.04960377510147389,0.009755653527285097,0.1966715941947577,0.004181777241365088,2.2581863318793527,0,coinpaprika
stable_usdg,2026-01-08,13994936.0,16.454206179313843,240259347.0,1216027161.0,0.058249288424146096,0.011508736357904427,0.19757728668035895,0.004167865020370893,2.9726848300415387,0,coinpaprika
stable_usdg,2026-01-09,17479831.0,16.676558317161497,240238201.0,1454263701.0,0.07276041415245196,0.012019712097592953,0.16519576252560264,0.004995704425165812,2.984901151428243,0,coinpaprika
stable_usdg,2026-01-10,13381625.0,16.409393129944508,240274156.0,1441922920.0,0.055693151618020874,0.009280402450361215,0.16663453549930393,0.0049485560751075935,4.1417019369138774,0,coinpaprika
stable_usdg,2026-01-11,4541422.0,15.328750957030039,240326222.0,1440902610.0,0.018896905889861655,0.0031517896965985786,0.16678866450245378,0.004942847291676296,3.880851651493211,0,coinpaprika
stable_usdg,2026-01-12,7778069.0,15.866818793400197,240250246.0,1441193640.0,0.032374863832605606,0.005396963172832209,0.1667022663241839,0.004945102104896838,2.340906887903227,0,coinpaprika
stable_usdg,2026-01-13,12120587.0,16.31041605228012,240182761.0,1433313083.0,0.05046401727391251,0.008456342960765398,0.16757173561639777,0.004929474007103826,3.4751197201787765,0,coinpaprika
stable_usdg,2026-01-14,21826987.0,16.898657743743264,240102022.0,1422817216.0,0.09090713530100966,0.015340682383196578,0.1687511363371077,0.004880006145900313,2.815471742916298,0,coinpaprika
stable_usdg,2026-01-15,21240434.0,16.871417234354283,240174245.0,1418395754.0,0.08843760079270781,0.014974970095687413,0.16932809078332872,0.004849865906424277,2.7510383856077514,0,coinpaprika
stable_usdg,2026-01-16,21239483.0,16.871372460257604,240185626.0,1442892568.0,0.08842945081151525,0.014720072353993856,0.16646119837800702,0.00491853295065356,3.273386192904626,0,coinpaprika
stable_usdg,2026-01-17,14857948.0,16.51404556619372,240225875.0,1481934086.0,0.06184990688451025,0.010026051860446916,0.16210294187132962,0.005042463662451165,2.506108957651687,0,coinpaprika
stable_usdg,2026-01-18,6881059.0,15.74428326780944,240247229.0,1494883123.0,0.02864157488367951,0.004603074912097994,0.16071305194606844,0.0050853353735902706,1.9107473884616422,0,coinpaprika
stable_usdg,2026-01-19,12736383.0,16.359973337365545,240363139.0,1507279517.0,0.052988087328981005,0.008449914469314718,0.15946819172491947,0.005126427782745356,3.5545999467800904,0,coinpaprika
stable_usdg,2026-01-20,10101958.0,16.12823992339964,240267574.0,1507126145.0,0.04204461647413146,0.0067027952726545,0.15942101117222673,0.005126635444065796,2.4277368765990293,0,coinpaprika
stable_usdg,2026-01-21,19530964.0,16.787511712794483,240264529.0,1503793988.0,0.08128941913019545,0.012987792314541426,0.15977223670081597,0.0051518706047522945,3.2998489421698363,0,coinpaprika
stable_usdg,2026-01-22,13938368.0,16.45015595501673,240272831.0,1520596017.0,0.05801058713958383,0.009166384657181434,0.15801227171042892,0.00522110799839787,2.696592585724744,0,coinpaprika
stable_usdg,2026-01-23,10609264.0,16.177238233921035,240304773.0,1520153411.0,0.04414920214672557,0.006979074561310839,0.15807929072232302,0.005230322807450947,2.465946906837768,0,coinpaprika
stable_usdg,2026-01-24,10137898.0,16.131791335447545,240310733.0,1518571707.0,0.04218662176857494,0.006675942896386387,0.1582478666580346,0.005218399777903195,3.565161543233053,0,coinpaprika
stable_usdg,2026-01-25,5033639.0,15.431653938413378,240315269.0,1509609008.0,0.020945980756636815,0.003334399154565723,0.15919040475147986,0.005187224375388399,2.8402243300662544,0,coinpaprika
stable_usdg,2026-01-26,9820820.0,16.100015281723937,240272522.0,1495425780.0,0.04087367093936776,0.00656724000036966,0.16067164630530845,0.005138365540885195,1.6569189106585558,0,coinpaprika
stable_usdg,2026-01-27,11093319.0,16.221853683325374,240234199.0,1494863164.0,0.046177101537487594,0.007420959501280479,0.16070648122546152,0.005148485093477891,3.451928947081351,0,coinpaprika
stable_usdg,2026-01-28,14114299.0,16.46269902580802,240256753.0,1482904783.0,0.058746731668349816,0.00951800760359406,0.16201765329392698,0.005117608667896747,3.3095534198412935,0,coinpaprika
stable_usdg,2026-01-29,20494411.0,16.835662821584638,240249467.0,1472085973.0,0.08530470954176976,0.0139220204362344,0.16320342113605615,0.00508557359513216,5.258372745466922,0,coinpaprika
stable_usdg,2026-01-30,28179344.0,17.154099820729616,240344434.0,1472684684.0,0.11724566918824507,0.019134675810887975,0.16320155740819806,0.005112639822197919,2.7093900752828137,0,coinpaprika
stable_usdg,2026-01-31,18408431.0,16.728319378479334,240232204.0,1491628118.0,0.07662765729777012,0.012341166526602042,0.16105368429371483,0.005190104106238657,2.3058825361210733,0,coinpaprika
stable_usdg,2026-02-01,19352097.0,16.778311395335244,240307262.0,1491450291.0,0.08053063748027722,0.012975355006317137,0.1611232123860305,0.005193398839325643,3.4167641068183485,0,coinpaprika
stable_usdg,2026-02-02,26761561.0,17.10247716222334,240266341.0,1476267404.0,0.11138289653314361,0.018127854701315345,0.16275258828379577,0.005137435749154316,3.482467365019115,0,coinpaprika
stable_usdg,2026-02-03,22579402.0,16.93254867700943,240272237.0,1476223349.0,0.09397424472308051,0.015295383327526545,0.16276143929220563,0.005132358592086077,3.2337346958677404,0,coinpaprika
stable_usdg,2026-02-04,31750104.0,17.27340659038412,240256205.0,1453997934.0,0.13215102602657025,0.021836416171964107,0.165238340015413,0.005050074234489288,3.9304501338977005,0,coinpaprika
stable_usdg,2026-02-05,44577210.0,17.61273332227808,240155901.0,1470466945.0,0.18561779999734423,0.0303150031026369,0.1633194828463145,0.0051001563497175325,4.287801250826284,0,coinpaprika
stable_usdg,2026-02-06,62523032.0,17.951045574816867,240236455.0,1432617982.0,0.260256221313289,0.04364250120099358,0.16769052044468893,0.0049820072160088194,3.0364407136029836,0,coinpaprika
stable_usdg,2026-02-07,27990865.0,17.14738880063431,240256910.0,1413486281.0,0.1165038916050323,0.019802714307348836,0.16997470242868243,0.004903521003338819,2.4117564040826434,0,coinpaprika
stable_usdg,2026-02-08,12762564.0,16.362026834488123,240294182.0,1430847783.0,0.05311224722036757,0.008919581909154064,0.16793832639289208,0.004959664269260369,3.1840715206632453,0,coinpaprika
stable_usdg,2026-02-09,24903784.0,17.030530357915016,240307062.0,1430848183.0,0.10363317579073061,0.017404910105686594,0.16794728109879425,0.004938944285897495,2.5744749385747667,0,coinpaprika
stable_usdg,2026-02-10,27161623.0,17.117315652681622,240249557.0,1475848183.0,0.11305587131634129,0.018404076593290082,0.16278744641040088,0.005094384520319026,3.772647375598348,0,coinpaprika
stable_usdg,2026-02-11,19621031.0,16.79211261010657,240260062.0,1474616703.0,0.08166580344926408,0.013305851588472072,0.1629305171379169,0.0050885167039834475,1.7034475257560189,0,coinpaprika
stable_usdg,2026-02-12,16034885.0,16.590277281636038,240277888.0,1464994349.0,0.06673475088976977,0.010945356213111235,0.1640128428918602,0.005058628929726664,2.5979496277694913,0,coinpaprika
stable_usdg,2026-02-13,13399515.0,16.410729144865833,240287565.0,1464338339.0,0.05576449617773604,0.009150559432289781,0.1640929275703407,0.005060224411773467,1.716491911585294,0,coinpaprika
stable_usdg,2026-02-14,7727451.0,15.860289741387104,240284732.0,1465964083.0,0.032159558935271844,0.0052712416965811845,0.1639090171351763,0.005061983176366359,2.196772620877141,0,coinpaprika
stable_usdg,2026-02-15,6572720.0,15.698438459973321,240249318.0,1466021986.0,0.027357913249102334,0.004483370688002765,0.16387838674610436,0.005060994113747368,2.6040873966692857,0,coinpaprika
stable_usdg,2026-02-16,10230793.0,16.14091274977419,240327116.0,1466158047.0,0.04257028158237458,0.006977960541794169,0.16391624115268386,0.0050594249884442066,1.8900572949620553,0,coinpaprika
stable_usdg,2026-02-17,13615603.0,16.426727045941103,240291046.0,1481183240.0,0.05666296446185515,0.009192382571112538,0.1622291148798038,0.005110084634918984,0.48081233630759,0,coinpaprika
stable_usdg,2026-02-18,9542208.0,16.071235567983273,240302945.0,1495211239.0,0.03970907639105297,0.006381846090443947,0.16071504730041694,0.00516252419672531,0.5019102268377651,0,coinpaprika
stable_usdg,2026-02-19,11083459.0,16.22096446490415,240315988.0,1493211529.0,0.04612035633684097,0.007422564576247656,0.1609390118765953,0.00515381772455108,3.0083068824482417,0,coinpaprika
stable_usdg,2026-02-20,13882977.0,16.446174043343785,240298742.0,1494197615.0,0.05777382305230711,0.009291258974469719,0.16082125924153615,0.005154677170049904,1.7871816195758061,0,coinpaprika
stable_usdg,2026-02-21,13188578.0,16.394861785758707,240304273.0,1520963570.0,0.05488282765575292,0.008671199139897874,0.15799475920386444,0.005253533110346784,1.4129366105009034,0,coinpaprika
stable_usdg,2026-02-22,4515359.0,15.322995475873888,240381137.0,1520963570.0,0.018784165248373876,0.0029687489490626,0.15804529558850644,0.005254631551165815,0.04587773970166076,0,coinpaprika
stable_usdg,2026-02-23,17059803.0,16.652235611098973,240319585.0,1520967431.0,0.07098798460391816,0.01121641571824032,0.15800442540837023,0.005236984541059732,0.6170556840645602,0,coinpaprika
stable_usdg,2026-02-24,17789227.0,16.694103663534598,240301363.0,1543267431.0,0.07402882271624901,0.011526989193618251,0.15570947599424848,0.005313391132672801,3.5111881211868923,0,coinpaprika
stable_usdg,2026-02-25,19316487.0,16.776469589686258,240275114.0,1518184109.0,0.08039320709676159,0.012723415352254883,0.15826480634042783,0.005224271731793057,0.4838122257999622,0,coinpaprika
stable_usdg,2026-02-26,23680548.0,16.980164551832953,240314271.0,1520456336.0,0.09853991567566955,0.015574632062304748,0.1580540429278069,0.005221006339707391,0.9148707308526127,0,coinpaprika
stable_usdg,2026-02-27,22000969.0,16.906597101259706,240327766.0,1587562046.0,0.09154568099301517,0.01385833646970419,0.15138165251904742,0.005455541920291033,0.18919037214404355,0,coinpaprika
stable_usdg,2026-02-28,13531790.0,16.420552363892046,240306479.0,1663095257.0,0.05631054999561622,0.008136509284747483,0.14449351472114744,0.005713568599206255,0.4832277094668491,0,coinpaprika
stable_usdg,2026-03-01,19730346.0,16.79766846527445,240286934.0,1663094322.0,0.08211160578543984,0.011863636198500593,0.14448184376640544,0.0057098713614637175,0.4539225108624034,0,coinpaprika
stable_usdg,2026-03-02,19329857.0,16.777161505063376,240253046.0,1663080449.0,0.08045624112503448,0.011622923600372384,0.144462672352659,0.0057134601480904905,0.6623748103340432,0,coinpaprika
stable_usdg,2026-03-03,24065104.0,16.996273423892873,240210451.0,1682106991.0,0.10018341791465185,0.01430652397781991,0.14280331291958823,0.005763271509907498,2.2601015650491885,0,coinpaprika
stable_usdg,2026-03-04,30778795.0,17.242336569300655,240183411.0,1666077092.0,0.1281470475910595,0.01847381201493646,0.1441610428192599,0.005708526123546322,0.7876437647746926,0,coinpaprika
stable_usdg,2026-03-05,30918268.0,17.246857796933973,240164763.0,1626073679.0,0.1287377366012682,0.019014063384270547,0.14769611371343033,0.005555381689477614,1.3805213429651797,0,coinpaprika
stable_usdg,2026-03-06,25520000.0,17.054973055625815,240188355.0,1603695312.0,0.1062499470467667,0.01591324724156829,0.1497718133879536,0.005457288779456453,2.607490797890133,0,coinpaprika
stable_usdg,2026-03-07,10655843.0,16.181619032015508,240215721.0,1597095309.0,0.044359473874734455,0.006672014462726094,0.15040788088621204,0.005433083901491939,1.151692256349257,0,coinpaprika
stable_usdg,2026-03-08,9862577.0,16.10425815285024,240225693.0,1597095371.0,0.04105546278931954,0.0061753212607614525,0.1504141188823219,0.005431870025255816,0.3791981303791214,0,coinpaprika
stable_usdg,2026-03-09,21642181.0,16.890154838652347,240216059.0,1597070481.0,0.0900946468362467,0.013551174639737143,0.15041043075919203,0.005431452569115305,1.1498795072295565,0,coinpaprika
stable_usdg,2026-03-10,20642462.0,16.84286082285356,240214339.0,1596740685.0,0.08593351290324097,0.012927873758036047,0.1504404198230848,0.005407885805050216,0.2326267729069187,0,coinpaprika
stable_usdg,2026-03-11,36535986.0,17.413808278033464,240240448.0,1596689126.0,0.15208091020542885,0.022882341593650962,0.1504616296860783,0.005402707084917447,0.6825833720291996,0,coinpaprika
stable_usdg,2026-03-12,42926214.0,17.57499326953069,240218751.0,1617590247.0,0.17869634997810807,0.026537137003398364,0.1485040797232255,0.005469670997500441,1.4443519745910294,0,coinpaprika
stable_usdg,2026-03-13,34170449.0,17.34687179345164,240185131.0,1645556600.0,0.1422671289339722,0.020765283309003166,0.14595981140970782,0.005559272474139037,0.17959550930424228,0,coinpaprika
stable_usdg,2026-03-14,11999636.0,16.300386957294734,240229154.0,1663324093.0,0.049950789902877483,0.0072142500974402704,0.14442714742784646,0.0056109469035926255,0.30283648596585167,0,coinpaprika
stable_usdg,2026-03-15,5123401.0,15.449329229489448,240204374.0,1663323093.0,0.021329340988603313,0.003080219965418348,0.14441233637101916,0.005611242995040368,0.647583622357395,0,coinpaprika
stable_usdg,2026-03-16,10548449.0,16.171489487661354,240150410.0,1663323116.0,0.043924343081487974,0.006341791861443715,0.14437989088825962,0.005611903107980079,0.5217052011041723,0,coinpaprika
stable_usdg,2026-03-17,14425122.0,16.48448189718517,240173017.0,1657573077.0,0.06006137650342295,0.008702555682255449,0.1448943762013094,0.005591840429047835,0.8485548759107342,0,coinpaprika
stable_usdg,2026-03-18,18314069.0,16.723180174855024,240187623.0,1657575731.0,0.07624901221492167,0.01104870725209719,0.1449029558698335,0.005586018343337429,0.8422172277322559,0,coinpaprika
stable_usdg,2026-03-19,15739825.0,16.571704746254564,240209316.0,1667516175.0,0.06552545614009408,0.009439083851765336,0.14405216549098843,0.005631993989423443,0.41085160401244103,0,coinpaprika
stable_usdg,2026-03-20,13655001.0,16.429616459356428,240199031.0,1672515975.0,0.05684869311566873,0.008164347129778536,0.14361538818784675,0.005638062076904155,0.7998828306177153,0,coinpaprika
stable_usdg,2026-03-21,5639104.0,15.545235922938716,240200684.0,1671502034.0,0.023476635895008525,0.003373674626351068,0.14370349488907652,0.005637108120292351,0.005126463308302576,0,coinpaprika
stable_usdg,2026-03-22,5052597.0,15.435413124410253,240245194.0,1671502034.0,0.02103100135272633,0.003022788424557789,0.14373012363322077,0.005632525873968397,1.2408953298848058,0,coinpaprika
stable_usdg,2026-03-23,10878974.0,16.202342585395247,240198252.0,1671686872.0,0.045291645169840786,0.006507782158380197,0.14368615081162162,0.005636109913226171,2.1872973549996733,0,coinpaprika
stable_usdg,2026-03-24,21106065.0,16.865071045281155,240199724.0,1670208966.0,0.08786881453702253,0.012636781043360775,0.14381417468692956,0.0056399183777394385,1.4425602934542425,0,coinpaprika
stable_usdg,2026-03-25,14975843.0,16.52194906097859,240189357.0,1680306021.0,0.062350152342512,0.008912568789753803,0.14294381737503756,0.005674813247808907,0.5550150465039039,0,coinpaprika
stable_usdg,2026-03-26,20385596.0,16.83033918004654,240213621.0,1679326749.0,0.08486444655026452,0.012139148031875957,0.14304162137775844,0.0056720589486964935,0.7788946003495223,0,coinpaprika
stable_usdg,2026-03-27,24954826.0,17.032577828383356,240253928.0,1691268657.0,0.1038685452834719,0.014755092809598493,0.14205544873406828,0.005728136062530741,0.8938207798914188,0,coinpaprika
stable_usdg,2026-03-28,12875068.0,16.370803363723013,240271954.0,1691970775.0,0.05358539682080415,0.007609509685532246,0.14200715375831477,0.005739712694903441,0.574420448020696,0,coinpaprika
stable_usdg,2026-03-29,8547212.0,15.961115822862553,240255430.0,1699470775.0,0.035575520603218,0.00502933744182803,0.14137073348613483,0.00576646458137849,1.8791570831411253,0,coinpaprika
stable_usdg,2026-03-30,15206507.0,16.537234052077807,240224544.0,1699470775.0,0.06330122121076853,0.00894778964351417,0.14135255959314746,0.0057605481453378805,1.7058790866175677,0,coinpaprika
stable_usdg,2026-03-31,29399035.0,17.19647244265569,240180270.0,1704289042.0,0.12240403843329846,0.01725002876595389,0.14092695785812603,0.00577626047805437,3.427518476210034,0,coinpaprika
stable_usdg,2026-04-01,24176834.0,17.0009055012834,240221313.0,1724954660.0,0.10064400072611375,0.014015924337396787,0.13926239255471212,0.0058416226356138995,3.103175169011374,0,coinpaprika
stable_usdg,2026-04-02,41929678.0,17.551504463501136,240250365.0,1735358475.0,0.17452492944183456,0.02416196918622246,0.13844422836036802,0.0058765721082389,0.3663908688078532,0,coinpaprika
stable_usdg,2026-04-03,25267856.0,17.045043671652753,240251434.0,1743272129.0,0.10517255018756724,0.014494498925130238,0.13781636842769715,0.0059008465247751005,0.5908407807986293,0,coinpaprika
stable_usdg,2026-04-04,13488815.0,16.41737145561447,240250071.0,1755271790.0,0.05614489495822043,0.007684744366569009,0.13687343029651267,0.0059338172835554015,0.025397293459406,0,coinpaprika
stable_usdg,2026-04-05,6627168.0,15.706688272480525,240279424.0,1755322389.0,0.027581088258310456,0.003775470558303236,0.13688620706130583,0.005934777268882502,0.23218722532081237,0,coinpaprika
stable_usdg,2026-04-06,13639487.0,16.42847967301818,240206491.0,1755322696.0,0.05678234148968106,0.007770358710157075,0.13684463349524195,0.005933811087972512,0.5159265487475473,0,coinpaprika
stable_usdg,2026-04-07,15541106.0,16.55899913588788,240212850.0,1786622696.0,0.06469722997749704,0.008698594300181217,0.13445079956602096,0.006044504852022939,0.40264716291260605,0,coinpaprika
stable_usdg,2026-04-08,19780960.0,16.80023046740737,240216922.0,1849285179.0,0.08234623870503179,0.010696543845496315,0.1298971757995147,0.006242434140915832,1.3871257527831027,0,coinpaprika
stable_usdg,2026-04-09,16783990.0,16.635936073393097,240221294.0,1922305050.0,0.06986886849423099,0.008731179268347653,0.12496523067449675,0.006489813094548056,0.7755299296163809,0,coinpaprika
stable_usdg,2026-04-10,16808603.0,16.637401456130238,240212155.0,1950900609.0,0.069973990283714,0.008615817188460368,0.123128853357183,0.006581351547818752,1.5828998432210195,0,coinpaprika
stable_usdg,2026-04-11,11604809.0,16.26693022530331,240212581.0,1987564350.0,0.04831057953621505,0.0058387085681024615,0.12085776291972634,0.006691748008949396,0.29079173004542547,0,coinpaprika
stable_usdg,2026-04-12,8759913.0,15.985696645512785,240274208.0,1994603805.0,0.03645798303911171,0.004391806020845328,0.12046212255170144,0.006713621119469741,0.7531129112203772,0,coinpaprika
stable_usdg,2026-04-13,15521404.0,16.55773059697242,240235711.0,1994604803.0,0.06460906222222723,0.0077816938857536684,0.12044276171333375,0.006712349223694704,0.8979482915305592,0,coinpaprika
stable_usdg,2026-04-14,17581181.0,16.682339683455982,240185428.0,2051594760.0,0.07319836655535988,0.008569519352837496,0.1170725489667365,0.00690188249907162,1.6818658410711063,0,coinpaprika
stable_usdg,2026-04-15,9802612.0,16.09815954075369,240209844.0,2078431385.0,0.040808535723456864,0.004716351028350161,0.11557266010010718,0.006967744750594344,2.790976023279157,0,coinpaprika
stable_usdg,2026-04-16,12189332.0,16.316071782979293,240200220.0,2083687458.0,0.05074654802564294,0.005849884997484109,0.11527651091711855,0.00699079062638521,0.5761284324701244,0,coinpaprika
stable_usdg,2026-04-17,19439066.0,16.782795362017666,240191660.0,2135387814.0,0.08093147780401701,0.009103295369840487,0.11248151667123825,0.007149292378450852,0.7868840596647608,0,coinpaprika
stable_usdg,2026-04-18,20544686.0,16.838112925333267,240235725.0,2165690326.0,0.08551886277530121,0.009486437536037643,0.11092801316784383,0.0072333813418394245,2.170370813594502,0,coinpaprika
stable_usdg,2026-04-19,34212205.0,17.348093038943766,240207689.0,2165590730.0,0.14242760147448902,0.0157980935760655,0.11092016865070345,0.007234103815653136,2.532495204796703,0,coinpaprika
stable_usdg,2026-04-20,38831789.0,17.474749799022895,240219168.0,2182491641.0,0.1616515006829097,0.017792411329560734,0.1100664779132595,0.00730688583428094,3.144392412204322,0,coinpaprika
stable_usdg,2026-04-21,28917562.0,17.179959684760888,240216329.0,2215201301.0,0.12038133344382262,0.013054146359947448,0.10843995482106301,0.0074135941396588825,0.013343715705715908,0,coinpaprika
stable_usdg,2026-04-22,10873448.0,16.201834504078068,240172400.0,2215274060.0,0.04527351186064677,0.004908398557242168,0.1084165631407249,0.0074001951247145105,0.8434066941243046,0,coinpaprika
stable_usdg,2026-04-23,15578590.0,16.561408157860257,240220595.0,2216746215.0,0.06485118397113286,0.007027683139632653,0.1083663043493682,0.007414975906534028,3.423570410859833,0,coinpaprika
stable_usdg,2026-04-24,13670999.0,16.43078735891413,240228488.0,2267543204.0,0.05690831721839751,0.0060289916310675064,0.10594218781641349,0.007575763991407132,0.1338689417695882,0,coinpaprika
stable_usdg,2026-04-25,7674005.0,15.853349331649557,240265305.0,2288452080.0,0.031939713476317355,0.0033533605824946967,0.10499031511291249,0.0076514756111812805,2.332242059880363,0,coinpaprika
stable_usdg,2026-04-26,4610054.0,15.343750345487345,240242781.0,2288222852.0,0.019189146832262152,0.002014687509990832,0.10499098931295875,0.00764838061401558,1.7708045635833614,0,coinpaprika
stable_usdg,2026-04-27,10998127.0,16.213235634461896,240256027.0,2288042744.0,0.04577669554154411,0.004806783889348529,0.10500504312256852,0.007646231565182141,0.3142122863919461,0,coinpaprika
stable_usdg,2026-04-28,17325177.0,16.667671377157735,240220870.0,2313653340.0,0.07212186434925491,0.007488233738594564,0.10382751203341466,0.007737074729622661,2.466942140793016,0,coinpaprika
stable_usdg,2026-04-29,13689981.0,16.432174882435426,240227542.0,2342987498.0,0.056987558071089114,0.005842959474468353,0.10253044124437748,0.007835350941494363,2.00096069242206,0,coinpaprika
stable_usdg,2026-04-30,14924192.0,16.518494145429326,240227538.0,2369447202.0,0.06212523395215414,0.006298596561849028,0.10138547835006792,0.00794809314761709,1.8593094650221076,0,coinpaprika
stable_usdg,2026-05-01,15668798.0,16.567181968127567,240231549.0,2353614870.0,0.0652237312926788,0.0066573330240728805,0.10206918390178253,0.00788205707782506,3.068469349626346,0,coinpaprika
stable_usdg,2026-05-02,10904416.0,16.204678494473928,240235836.0,2375725773.0,0.045390463727484856,0.004589930422074854,0.1011210295103365,0.007949102128884944,0.8837580426246383,0,coinpaprika
stable_usdg,2026-05-03,8231529.0,15.923482460599805,240235759.0,2375685786.0,0.03426437860152202,0.0034649064487015458,0.10112269914469237,0.007940162438996817,1.6172399674052595,0,coinpaprika
stable_usdg,2026-05-04,12327588.0,16.327350316685262,240210034.0,2385683430.0,0.051320037696676736,0.005167319286783997,0.10068814285221406,0.00797191589139045,1.6628779398741855,0,coinpaprika
stable_usdg,2026-05-05,18691167.0,16.743561670791053,240241221.0,2417756562.0,0.0778016650190102,0.007730789482187744,0.0993653475192181,0.00806659619189395,1.4335018925470955,0,coinpaprika
stable_usdg,2026-05-06,15825479.0,16.57713185728807,240221595.0,2450976562.0,0.06587866923454572,0.006456805522075817,0.09801056392150029,0.008166124212232657,1.4956738225424537,0,coinpaprika
stable_usdg,2026-05-07,22071961.0,16.909818673239503,240239720.0,2471533768.0,0.09187473661724214,0.008930471145397679,0.0972026856806433,0.008228715806279461,2.0319991511452695,0,coinpaprika
stable_usdg,2026-05-08,26901995.0,17.107711042562823,240286783.0,2515006488.0,0.11195786411606334,0.010696590696031636,0.09554121794376857,0.008366346851930552,0.7447377361247121,0,coinpaprika
stable_usdg,2026-05-09,18874308.0,16.753312243157705,240282754.0,2658338676.0,0.07855040649317678,0.007100038896624021,0.09038831514182882,0.008879784745612329,0.21370722567803924,0,coinpaprika
stable_usdg,2026-05-10,13956162.0,16.451431760784942,240223166.0,2658738911.0,0.058096653342750465,0.005249166039681134,0.09035229634851498,0.00885952887927188,1.7998438407462736,0,coinpaprika
stable_usdg,2026-05-11,21563481.0,16.886511793747832,240177863.0,2658905123.0,0.08978130095195326,0.00810990990745479,0.0903296100798855,0.008855303719589296,0.9303548113293036,0,coinpaprika
stable_usdg,2026-05-12,23259165.0,16.962209848865964,240142471.0,3436942623.0,0.09685569113678355,0.006767399852517119,0.06987095722604386,0.011429511561349772,3.2001181195284722,0,coinpaprika
stable_usdg,2026-05-13,65138230.0,17.99202220055076,240156025.0,3436153854.0,0.27123296198794095,0.01895672684276727,0.0698909406284111,0.011441518130939488,2.3400401375905933,0,coinpaprika
stable_usdg,2026-05-14,288797729.0,19.481237104841252,240094702.0,3305882730.0,1.202849236548335,0.08735873368381702,0.07262650299758214,0.011021650681392993,3.8233437545165394,0,coinpaprika
stable_usdg,2026-05-15,378365811.0,19.751372042223085,240091800.0,3227996402.0,1.5759214225558724,0.11721382674577095,0.07437796394421137,0.010759270371581656,4.650015036353761,0,coinpaprika
stable_usdg,2026-05-16,182350988.0,19.021443898840122,240160243.0,2914878117.0,0.7592888220053975,0.06255870080347514,0.08239117841646619,0.009712640648894474,3.407747639833092,0,coinpaprika
stable_usdg,2026-05-17,122992495.0,18.62763390334554,240202363.0,2914459613.0,0.5120369902439302,0.042200788939187814,0.08241746151793389,0.00970829427885085,3.2352877684183046,0,coinpaprika
stable_usdg,2026-05-18,29859632.0,17.2120180593099,240191333.0,2914382801.0,0.12431602600748295,0.010245610833880295,0.08241584904961152,0.009708088349939872,3.9172022923583683,0,coinpaprika
stable_usdg,2026-05-19,36542729.0,17.413992818766964,240190181.0,2786074451.0,0.15214081128487097,0.013116206922210494,0.08621097003125276,0.009275980167992583,2.874690183546358,0,coinpaprika
stable_usdg,2026-05-20,28757502.0,17.17440926507291,240205002.0,2589548544.0,0.11972066260302107,0.011105218346507274,0.09275941266154537,0.008632955948651136,3.1596542738365763,0,coinpaprika
stable_usdg,2026-05-21,29799535.0,17.210003380884615,240185097.0,2570621446.0,0.12406904246852585,0.011592346685806028,0.09343464296298414,0.008588870542239401,3.2359541584403573,0,coinpaprika
stable_usdg,2026-05-22,36189629.0,17.404283171668926,240205990.0,2570943549.0,0.15066080991568945,0.014076399699276322,0.09343106350718243,0.00856758297645868,1.5911852904049173,0,coinpaprika
stable_usdg,2026-05-23,29018154.0,17.183432226555666,240252416.0,2633264049.0,0.12078194460279641,0.011019842089523776,0.09123749518823891,0.008772376918001212,0.914570132958259,0,coinpaprika
stable_usdg,2026-05-24,30461692.0,17.231980484976674,240251523.0,2633291739.0,0.12679083828326032,0.011567913858100628,0.09123619667421894,0.008775349453154929,1.00543063211056,0,coinpaprika
stable_usdg,2026-05-25,19215316.0,16.77121827937297,240219026.0,2633295903.0,0.07999081638104719,0.007297059163806401,0.0912237115951644,0.008778783551812141,1.3937413522735476,0,coinpaprika
stable_usdg,2026-05-26,49172302.0,17.710841075793823,240217425.0,2633196112.0,0.2046991470331513,0.01867399916622693,0.09122656072036613,0.008776334581234719,2.4458042788200185,0,coinpaprika
stable_usdg,2026-05-27,84580004.0,18.253208449124244,240207630.0,2615296162.0,0.3521120623853622,0.03234050706338321,0.09184720013365737,0.008722430518419892,2.032393384960862,0,coinpaprika
stable_usdg,2026-05-28,165611961.0,18.92515803160618,240249810.0,2605179806.0,0.6893323287123515,0.06357026129965326,0.09222004924446278,0.00870600367913022,4.169146761098252,0,coinpaprika
stable_usdg,2026-05-29,118021645.0,18.586378606284722,240266148.0,2563649301.0,0.4912121244812232,0.04603657955632364,0.09372036491351592,0.008592666091706648,0.7738657199418686,0,coinpaprika
stable_usdg,2026-05-30,63299724.0,17.963391542713183,240252026.0,2546942192.0,0.26347217567272463,0.024853223680861618,0.09432959521210837,0.00855845291732631,2.5481094426504924,0,coinpaprika
stable_usdg,2026-05-31,48688661.0,17.700956747805947,240283246.0,2546789704.0,0.20263027826750768,0.019117660529068953,0.09434750172839555,0.00856354552626121,1.1554515226774864,0,coinpaprika
stable_usdg,2026-06-01,60630077.0,17.920301664538922,240247830.0,2547414131.0,0.2523647227115433,0.023800636206802922,0.09431047236347453,0.008573171232727207,1.896801377541113,0,coinpaprika
stable_usdg,2026-06-02,68480214.0,18.042055429395635,240218287.0,2580410999.0,0.28507494102645065,0.0265384909716082,0.09309303327768058,0.008678812452191428,1.7214476944638069,0,coinpaprika
stable_usdg,2026-06-03,109584311.0,18.51220478354674,240204379.0,2566036121.0,0.4562127945219517,0.04270567748566779,0.09360911837296775,0.008638363087483798,1.1105372621633691,0,coinpaprika
stable_usdg,2026-06-04,187420061.0,19.04886297646771,240218131.0,2553152513.0,0.780207806212596,0.07340731117538218,0.09408687094753278,0.008613689028085752,1.1630346875135533,0,coinpaprika
stable_usdg,2026-06-05,231429967.0,19.259787871685084,240251291.0,2497127725.0,0.9632829277908022,0.09267846601639089,0.09621105424232955,0.008450441777646278,1.1126300270736245,0,coinpaprika
stable_usdg,2026-06-06,178311324.0,18.999041597361426,240280905.0,2498145375.0,0.7420952738628981,0.07137748098426817,0.09618371588963272,0.00846368524664234,2.2396709590544184,0,coinpaprika
stable_usdg,2026-06-07,122178408.0,18.620992903329952,240304829.0,2498078264.0,0.5084309312818678,0.04890895924307998,0.0961958768318237,0.008477509504563292,0.6436264137010816,0,coinpaprika
stable_usdg,2026-06-08,141638972.0,18.768791934405073,240285474.0,2498052331.0,0.5894612339321019,0.056699761747305046,0.09618912743265505,0.008479523179237908,3.123438094532194,0,coinpaprika
stable_usdg,2026-06-09,101820092.0,18.438718019814594,240251568.0,2553743243.0,0.4238061497271893,0.03987091978768674,0.09407820017088539,0.008654053754854918,1.6475487649803,0,coinpaprika
stable_usdg,2026-06-10,83964852.0,18.245908852580243,240237092.0,2540182113.0,0.3495082765986861,0.03305465839251817,0.09457475145995566,0.008641003266030884,0.3859738652556288,0,coinpaprika
stable_usdg,2026-06-11,121219496.0,18.61311348499852,240228354.0,2565396594.0,0.504601117984599,0.047251756817449024,0.09364179969750128,0.00873325783732014,0.8995951987134099,0,coinpaprika
stable_usdg,2026-06-12,71498726.0,18.085190203309935,240192386.0,2594853984.0,0.29767274138323435,0.027554045985194054,0.09256489478060743,0.008842640949413842,1.1054032171120554,0,coinpaprika
stable_usdg,2026-06-13,64104331.0,17.97602250151062,240206749.0,2604704584.0,0.2668714816168633,0.024610979453783616,0.09222034255843273,0.008883676540826033,0.026408792610510545,0,coinpaprika
stable_usdg,2026-06-14,64228319.0,17.97795479289003,240213750.0,2605296441.0,0.26737986064494645,0.024652979211589075,0.09220207966345585,0.008885823733900238,2.216123065217346,0,coinpaprika
stable_usdg,2026-06-15,93185787.0,18.35010577875776,240215538.0,2605365752.0,0.3879257261035296,0.03576687339520997,0.09220031307143704,0.008886972746299052,0.8660008937555475,0,coinpaprika
stable_usdg,2026-06-16,84718665.0,18.254846513146674,240233124.0,2674450859.0,0.3526518890875348,0.031677031834369554,0.08982521521813462,0.009111379636428803,0.04761216070514607,0,coinpaprika
stable_usdg,2026-06-17,73758759.0,18.116310325791474,240220103.0,2719449250.0,0.3070465713687584,0.027122682653482135,0.08833410036977156,0.009269532094982979,0.4854052468106218,0,coinpaprika
stable_usdg,2026-06-18,87912837.0,18.291856404323,240222031.0,2734312942.0,0.36596492267605546,0.03215171008761586,0.08785462238433131,0.009324318261797306,2.3753955385363845,0,coinpaprika
stable_usdg,2026-06-19,68889315.0,18.048011658647972,240214401.0,2775354962.0,0.2867826188322489,0.024821803316414846,0.08655267678873575,0.00946440885016769,1.657691374279402,0,coinpaprika
stable_usdg,2026-06-20,46640078.0,17.65797079383012,240216445.0,2784935019.0,0.19415855563094359,0.01674727693170639,0.08625567324233499,0.00949240204048574,1.0974488324033693,0,coinpaprika
stable_usdg,2026-06-21,39798619.0,17.499342796286697,240205880.0,2786082445.0,0.16568544866595272,0.014284795868630514,0.08621635746317621,0.009494344123854106,1.1921117265389913,0,coinpaprika
stable_usdg,2026-06-22,55779749.0,17.83692145826042,240207342.0,2781307455.0,0.23221500448558313,0.02005522578948396,0.0863649006398683,0.009477150619173138,5.379470152104826,0,coinpaprika
stable_usdg,2026-06-23,57490303.0,17.867126865461646,240216646.0,2760266459.0,0.23932689077675326,0.020827809145943038,0.08702661484609954,0.009408253721887336,0.5546708810522105,0,coinpaprika
stable_usdg,2026-06-24,52729041.0,17.78067694331582,240221529.0,2839972883.0,0.21950172917265878,0.018566741012083107,0.08458585306851327,0.009692275568417936,0.5687924334007999,0,coinpaprika
stable_usdg,2026-06-25,62996794.0,17.95859441004586,240195853.0,2865702818.0,0.2622726130080189,0.021983017081989693,0.08381743267001945,0.009794343228638815,0.09996838022829913,0,coinpaprika
stable_usdg,2026-06-26,57391531.0,17.86540732427434,240188449.0,2864164906.0,0.23894375953108385,0.020037788634227473,0.08385985335440738,0.0097918690103668,4.410867412233399,0,coinpaprika
stable_usdg,2026-06-27,44413053.0,17.609043993199283,240178982.0,2905555597.0,0.18491648449072035,0.015285562955965011,0.08266198115361686,0.009968221613026821,0.9259497763747238,0,coinpaprika
stable_usdg,2026-06-28,44718897.0,17.615906744289248,240191623.0,2905805601.0,0.1861800858891736,0.01538950058620938,0.08265921950089875,0.009969241342252794,3.800344651720966,0,coinpaprika
stable_usdg,2026-06-29,49141817.0,17.710220920709954,240176643.0,2906050610.0,0.20460697754027646,0.01691017246255047,0.08264709574345644,0.009973580563742921,2.587897645848214,0,coinpaprika
stable_usdg,2026-06-30,43649074.0,17.59169264873096,2069706320.0,2851602648.0,0.021089501238997038,0.015306857016216377,0.7258046002487791,0.009808705455694055,2.9851623547771933,0,coinpaprika
stable_usdg,2026-07-01,39262206.0,17.485772960209662,2967819497.0,2849969900.0,0.013229310623401434,0.013776358129256032,1.0413511725158922,0.009829677350578547,1.9323722734054805,0,coinpaprika
stable_usdg,2026-07-02,51715113.0,17.761260637181053,2968172373.0,2861825985.0,0.01742321755650948,0.018070670009658188,1.037160326503919,0.009865885566519274,1.400185581474922,0,coinpaprika
stable_usdg,2026-07-03,53531803.0,17.79578650253027,2968247682.0,2871404592.0,0.018034816745457833,0.018643072156792038,1.0337267309071714,0.009908883531460824,0.4957994935717025,0,coinpaprika
stable_usdg,2026-07-04,65903260.0,18.003698482315208,2968262866.0,2870343695.0,0.022202636011415842,0.02296005879532834,1.0341140927375947,0.009911584969976258,0.3580390999369243,0,coinpaprika
stable_usdg,2026-07-05,71974745.0,18.09182586545316,2968254562.0,2883281867.0,0.024248171272582383,0.024962784881967976,1.0294708248862303,0.009957666091825364,1.6256794628299875,0,coinpaprika
stable_usdg,2026-07-06,59976515.0,17.909463643569403,2968201305.0,2883529125.0,0.020206350188906746,0.020799691073000694,1.0293640800316175,0.009957388760836974,0.768616040373038,0,coinpaprika
stable_usdg,2026-07-07,57505379.0,17.86738906660802,2968074214.0,2895694204.0,0.019374643237947013,0.01985892671973591,1.0249957367390579,0.01000997381570013,0.7897757839292474,0,coinpaprika
stable_usdg,2026-07-08,105490999.0,18.474136199184585,2966413616.0,2982762226.0,0.03556179705723141,0.03536688177168836,0.9945189697464004,0.010394604767804053,3.134649021863112,0,coinpaprika
stable_usdg,2026-07-09,119093643.0,18.595420665982907,2967855016.0,2916180619.0,0.04012785070630283,0.04083891176837973,1.0177198890436765,0.010161871539501745,1.9694788622759418,0,coinpaprika
stable_usdg,2026-07-10,118160889.0,18.587557728318814,2967561211.0,2905991520.0,0.03981750690162933,0.040661126567912355,1.021187154393348,0.01009959247007961,4.1632434065497215,0,coinpaprika
stable_usdg,2026-07-11,129340632.0,18.67796004804837,2967107073.0,2901704256.0,0.04359149461674988,0.04457402291517334,1.022539449657822,0.01009151042706636,2.250178674622072,0,coinpaprika
stable_usdg,2026-07-12,108304689.0,18.50045901666606,2967833177.0,2906251585.0,0.0364928493418483,0.03726610922433269,1.0211893534330752,0.010106795206758949,19.16686206751117,0,coinpaprika
stable_usdg,2026-07-13,81422480.0,18.21516197220345,2968295945.0,2915565586.0,0.02743071496531657,0.027926821605720516,1.0180858078628727,0.010137641841040103,0.172332650507645,0,coinpaprika
stable_usdg,2026-07-14,137760455.0,18.741026908742747,2969407602.0,2908146393.0,0.04639324520729775,0.04737053654918946,1.0210653800467053,0.010162224139192556,0.4472345519501708,0,coinpaprika
stable_usdg,2026-07-15,161097225.0,18.89751862888039,2969999010.0,2889702728.0,0.05424150797949256,0.055748718869604086,1.027787038861113,0.010094681871494338,1.77765548377673,0,coinpaprika
stable_usdg,2026-07-16,116094620.0,18.569916114845462,2970052649.0,2883253121.0,0.03908840472544768,0.04026515020635262,1.030104720035782,0.01007818584202585,16.41463809881616,0,coinpaprika
stable_usdg,2026-07-17,143371102.0,18.78094695257362,2973103787.0,3115997078.0,0.04822270336706547,0.046011308230116385,0.9541420330561684,0.010883717357097034,28.346370364600304,0,coinpaprika
stable_usdg,2026-07-18,123321568.0,18.63030588389837,2970649014.0,3148775184.0,0.04151334183837041,0.03916493264639499,0.9434300133889775,0.010988690927742092,31.631436019323722,0,coinpaprika
stable_usdg,2026-07-19,72014562.0,18.092378920416635,2969454231.0,3158109300.0,0.02425178379521553,0.02280306194595608,0.9402632869609674,0.01101761357234247,15.852816714492235,0,coinpaprika
stable_usdg,2026-07-20,75150998.0,18.135009967488074,2969046052.0,3158579301.0,0.02531149624620238,0.02379265829298867,0.9399941458047312,0.011020654109126766,6.935768731666236,0,coinpaprika
stable_usdg,2026-07-21,107264723.0,18.490810393062727,3092962977.0,3202178501.0,0.03468024796858084,0.03349742151054433,0.9658933679162816,0.011172519067725427,6.971203369163792,0,coinpaprika
stable_usdg,2026-07-22,110937318.0,18.52447590608338,3242234829.0,3205035575.0,0.03421631185000141,0.0346134435652871,1.0116065026828915,0.011184031251138392,0.4756281820350594,0,coinpaprika
stable_usdg,2026-07-23,113279918.0,18.545372472867054,3243848478.0,3226491850.0,0.03492145788197941,0.03510931478100588,1.0053794116975687,0.011271756654609985,4.0468683600369815,0,coinpaprika
stable_usdg,2026-07-24,104831775.0,18.467867490000405,3243353088.0,3227358595.0,0.03232203591642995,0.032482220960016996,1.0049559082231456,0.011248018529451884,3.8942671298380915,0,coinpaprika
stable_usdg,2026-07-25,72689133.0,18.10170246778413,3243173880.0,3239526349.0,0.022412962021018744,0.022438197800872403,1.0011259457732535,0.011291647735261746,1.3060588065494372,0,coinpaprika
stable_usdg,2026-07-26,46683055.0,17.658891830249186,3244023185.0,3239526648.0,0.014390481306008299,0.014410455622836413,1.0013880228467256,0.011295897591508085,1.512869235068548,0,coinpaprika
stable_usdg,2026-07-27,83754115.0,18.243395873730467,3243434138.0,3239526648.0,0.025822665556466434,0.025853812640099016,1.0012061916522317,0.011313134982554181,6.990496252017309,0,coinpaprika
stable_usdg,2026-07-28,321113318.0,19.587304637489442,3242147323.0,3256621605.0,0.09904340734981462,0.09860320201370155,0.9955554302109348,0.0114177663819802,2.88182993546382,0,coinpaprika
stable_usdg,2026-07-29,178006751.0,18.997332040121208,3242322811.0,3269061104.0,0.054900995791069614,0.054451949760802025,0.9918208035428634,0.011468605492552637,1.0262234325653097,0,coinpaprika
stable_usdg,2026-07-30,85291178.0,18.261581595625707,3241545014.0,3285273617.0,0.026311890666837427,0.025961666498233716,0.9866895095818742,0.011538534845025875,8.532602086375185,0,coinpaprika
stable_usdg,2026-07-31,73054494.0,18.106716227464332,3241393082.0,3311239752.0,0.02253799281725005,0.022062580625844094,0.9789061876423136,0.011660704337557495,2.035758397025411,0,coinpaprika
stable_usdg,2026-08-01,54910939.0,17.8212231580304,3242902658.0,3358075892.0,0.016932651020078814,0.01635190530708828,0.9657026113452709,0.011825765377603707,2.820437234276607,0,coinpaprika
stable_usdg,2026-08-02,27029988.0,17.11245751129731,3242552913.0,3358075892.0,0.008336020637205867,0.008049248697563384,0.9655984609296019,0.011827814464058341,2.27702145620734,0,coinpaprika
stable_usdg,2026-08-03,45186340.0,17.626305408868294,3241991483.0,3357905965.0,0.013937834271602249,0.013456702025305226,0.965480128625341,0.011832979773306801,0.9747722132336101,0,coinpaprika
stable_usdg,2026-08-04,84471034.0,18.251919252499455,3241883838.0,3392765929.0,0.02605615692020363,0.024897395154194264,0.9555282933873155,0.011946703662230808,2.3818040563405862,0,coinpaprika
stable_usdg,2026-08-05,116130683.0,18.570226701155512,3242006817.0,3435452085.0,0.0358206165363532,0.03380361015863215,0.9436914667374847,0.012085834215635752,1.7522462602204136,0,coinpaprika
stable_usdg,2026-08-06,100186913.0,18.422548139283876,3242839297.0,3424376746.0,0.030894812793432112,0.029256977380490597,0.9469867183241292,0.012049286024923053,4.011894677873329,0,coinpaprika
stable_usdg,2026-08-07,96846383.0,18.388636611033537,3242636026.0,3401326781.0,0.02986655986779566,0.028473119237172172,0.9533444549090504,0.01196467383914639,4.264008562053778,0,coinpaprika
stable_usdg,2026-08-08,85225041.0,18.26080586880126,3242171299.0,3418473054.0,0.026286409057499956,0.024930733591793874,0.948426753051715,0.012019727026553182,0.9538924548757599,0,coinpaprika
stable_usdg,2026-08-09,91554246.0,18.33244221795966,3241160141.0,3418473054.0,0.028247368848536014,0.02678220496512944,0.9481309607538009,0.01201943818738048,1.0266395511160376,0,coinpaprika
stable_usdg,2026-08-10,183946993.0,19.030158197984417,3241091789.0,3418473054.0,0.05675463855244736,0.0538096951750903,0.9481109658616604,0.01201672213317807,5.401973604730603,0,coinpaprika
stable_usdg,2026-08-11,118007952.0,18.58626257846386,3241075820.0,3412095306.0,0.036410117675062595,0.034585186349422564,0.9498784557104045,0.012043759393440342,0.7296848839588588,0,coinpaprika
stable_usdg,2026-08-12,115207064.0,18.562241632470574,3241767805.0,3428469857.0,0.035538345412126145,0.03360305582526228,0.945543621560853,0.012060466487304385,1.19283907170753,0,coinpaprika
stable_usdg,2026-08-13,84232815.0,18.24909514200149,3241966414.0,3407490815.0,0.025982013458329428,0.024719894952967027,0.9514233757369643,0.01198940355205173,0.8762124422956319,0,coinpaprika
stable_usdg,2026-08-14,81946299.0,18.221574712653453,3241497115.0,3407492416.0,0.025280386220550437,0.02404885734014206,0.9512852030952254,0.011992098091970224,2.300694554194793,0,coinpaprika
stable_usdg,2026-08-15,74449969.0,18.125637914139208,3241596384.0,3404504991.0,0.022967069363562072,0.021868074564969846,0.9521491061312414,0.011976418836869528,1.7412363772473238,0,coinpaprika
stable_usdg,2026-08-16,52775329.0,17.78155440463979,3242108334.0,3404504998.0,0.01627808930582145,0.015501615956211912,0.9522994784571028,0.01198291312751697,0.5665387742603833,0,coinpaprika
stable_usdg,2026-08-17,96387369.0,18.38388573439984,3242810021.0,3404549257.0,0.02972340913461116,0.02831134512206589,0.9524932013636013,0.011982164510218626,0.21917973291207815,0,coinpaprika
stable_usdg,2026-08-18,91324233.0,18.329926742983837,3242194881.0,3407549257.0,0.028167410150198188,0.026800561374834442,0.9514741054262623,0.011991027862364997,0.6327184477594727,0,coinpaprika
stable_usdg,2026-08-19,94133608.0,18.360225703381218,3241949639.0,3398590394.0,0.029036110514362,0.02769783854099836,0.9539100812864829,0.011959286515260207,0.6535015057718141,0,coinpaprika
stable_usdg,2026-08-20,192406537.0,19.07512107690751,3241852443.0,3401434007.0,0.05935080031648436,0.05656630015576839,0.953084033477766,0.01194349762430354,1.728713083826161,0,coinpaprika
stable_usdg,2026-08-21,214359137.0,19.183163381310212,3241106570.0,3378541505.0,0.06613763921992852,0.06344724097151501,0.9593212234342523,0.011839458841717223,0.2363496961810263,0,coinpaprika
stable_usds,2025-08-25,4818924.0,15.388061432106463,7892918110.0,4490061000.0,0.0006105376912367332,0.001073242434790975,1.757864338591391,0.01706695655485256,5.4056397738588835,0,coinpaprika
stable_usds,2025-08-26,12256480.0,16.321565416275952,7890385568.0,4522035124.0,0.0015533436096845502,0.0027103902698478906,1.7448748962879572,0.01706521776940667,3.1000000000003247,0,coinpaprika
stable_usds,2025-08-27,16556576.0,16.62229398265685,7889506157.0,4584296431.0,0.002098556699307485,0.0036115849507551184,1.7209851665894595,0.017291342219602903,5.920000000000369,0,coinpaprika
stable_usds,2025-08-28,21843146.0,16.899397791867113,7893087993.0,4576941516.0,0.002767376471587753,0.004772432840498633,1.7245332861273117,0.01722270657945515,0.0,0,coinpaprika
stable_usds,2025-08-29,7890432.0,15.88116157091065,7893249910.0,4529281293.0,0.0009996429974937916,0.0017420936103471109,1.7427157642425544,0.016888896091155285,2.2199999999994446,0,coinpaprika
stable_usds,2025-08-30,5910311.0,15.59220917986701,7892243063.0,4536999615.0,0.0007488759472840376,0.0013026915365960418,1.7395291454085786,0.016914484321748656,2.2100000000002673,0,coinpaprika
stable_usds,2025-08-31,3340211.0,15.021544835992445,7890103688.0,4536937663.0,0.00042334183834365853,0.0007362258968732056,1.739081352681129,0.01689223610789382,3.570000000000517,0,coinpaprika
stable_usds,2025-09-01,2353631.0,14.671470224929948,7889387959.0,4551300356.0,0.0002983287185560499,0.0005171337455013703,1.7334360165000722,0.016900297130767825,2.529999999999477,0,coinpaprika
stable_usds,2025-09-02,3014541.0,14.918958469473354,7888277003.0,4511136969.0,0.0003821545565468272,0.0006682441745208735,1.7486228099938679,0.016752901912865627,4.110000000000502,0,coinpaprika
stable_usds,2025-09-03,5138987.0,15.452366730886993,7886109418.0,4558482109.0,0.0006516504815759076,0.0011273460939670871,1.7299858219099133,0.016982187281852124,6.899999999999684,0,coinpaprika
stable_usds,2025-09-04,6485368.0,15.685059274653614,7889001342.0,4557992442.0,0.0008220771830108278,0.001422856242638763,1.730806148186237,0.01686474390986737,4.889999999999617,0,coinpaprika
stable_usds,2025-09-05,3639741.0,15.10742335798,7890318616.0,4578645580.0,0.00046129201837544654,0.000794938358168356,1.7232866091373684,0.016798161003221075,2.7800000000000047,0,coinpaprika
stable_usds,2025-09-06,4516334.0,15.323211382191316,7891204222.0,4738047038.0,0.0005723250688923813,0.0009532058174556266,1.6654972309711376,0.017484917264555196,3.3199999999999896,0,coinpaprika
stable_usds,2025-09-07,5686226.0,15.55355749301315,7892070860.0,4769219153.0,0.0007204985992738539,0.0011922760975291253,1.6547930818057754,0.01759835560763602,0.22999999999995246,0,coinpaprika
stable_usds,2025-09-08,4496447.0,15.318798309719632,7890007335.0,4613008749.0,0.0005698913586624695,0.0009747319471212215,1.7103820444109026,0.017035220322009374,0.0,0,coinpaprika
stable_usds,2025-09-09,7432823.0,15.82141642523525,7888887644.0,4671318715.0,0.0009421889796659905,0.0015911616084196044,1.6887924214351107,0.017238466201899384,2.5500000000000522,0,coinpaprika
stable_usds,2025-09-10,8487774.0,15.954137450913302,7896354833.0,4550318472.0,0.0010748977445299665,0.0018653142746444672,1.7353411374587409,0.016768953273907723,0.660000000000105,0,coinpaprika
stable_usds,2025-09-11,8899501.0,16.001505878080646,7888313348.0,4515843662.0,0.0011281880685249878,0.001970728321462427,1.7468083349250367,0.016636004539535006,4.859999999999864,0,coinpaprika
stable_usds,2025-09-12,8425597.0,15.94678501091228,7885117746.0,4534504107.0,0.001068544221077,0.0018581077006840166,1.73891511837592,0.01667523976103031,5.840000000000289,0,coinpaprika
stable_usds,2025-09-13,4928660.0,15.410577906694174,7881688323.0,4516481311.0,0.000625330487329396,0.0010912610195012052,1.7450948604179888,0.016530824270536662,3.069999999999462,0,coinpaprika
stable_usds,2025-09-14,5300737.0,15.483356614111644,7873041128.0,4470353041.0,0.0006732769350268279,0.0011857535526577218,1.7611676428667102,0.01632528042047849,2.4199999999996447,0,coinpaprika
stable_usds,2025-09-15,3018746.0,14.920352402593705,7887786027.0,4678465114.0,0.0003827114464904082,0.000645242814992165,1.685977309822471,0.017072731266286965,2.8700000000003723,0,coinpaprika
stable_usds,2025-09-16,5893567.0,15.589372144717432,7888227968.0,4542862781.0,0.0007471344671969805,0.001297324459072188,1.736400227845667,0.01656077294862929,6.359999999999699,0,coinpaprika
stable_usds,2025-09-17,6489860.0,15.685751670885429,7888902223.0,4655058841.0,0.000822656919371987,0.0013941520873677823,1.6946944157864405,0.016919239321143437,2.9999999999996696,0,coinpaprika
stable_usds,2025-09-18,5100707.0,15.444889911588872,7885684238.0,4490392636.0,0.0006468312509167451,0.0011359155898989855,1.756123545807454,0.01631125749806205,2.349999999999852,0,coinpaprika
stable_usds,2025-09-19,4953140.0,15.415532478760577,7885574515.0,4410237736.0,0.0006281267129716547,0.0011231004531951608,1.7880157458704398,0.015944574128375102,3.2600000000004847,0,coinpaprika
stable_usds,2025-09-20,21134221.0,16.866404180328434,7891193883.0,4545819393.0,0.002678203236842204,0.004649155448750139,1.7359233178404454,0.016393300904882085,7.610000000000117,0,coinpaprika
stable_usds,2025-09-21,8625184.0,15.970196969927027,7892447246.0,4518654769.0,0.0010928402472846887,0.001908794639318904,1.7466364768881506,0.016286053060062335,0.0,0,coinpaprika
stable_usds,2025-09-22,4159458.0,15.240895575703538,7890208064.0,4506665694.0,0.0005271670868830463,0.0009229568560050374,1.750786190887138,0.016254620760490484,4.250000000000087,0,coinpaprika
stable_usds,2025-09-23,10523712.0,16.16914164977084,7889538845.0,4489862928.0,0.0013338817650501093,0.0023438826905764283,1.7571892441969,0.016137913365870758,4.309999999999592,0,coinpaprika
stable_usds,2025-09-24,35747614.0,17.391994111592147,7889645128.0,4409945512.0,0.0045309533470819,0.008106135076437199,1.7890572812138636,0.015820313574399867,0.0,0,coinpaprika
stable_usds,2025-09-25,133988493.0,18.713264488556877,7889925241.0,4467169144.0,0.016982225928292544,0.029994049627595654,1.7662024845415165,0.015983386670420555,3.450000000000397,0,coinpaprika
stable_usds,2025-09-26,126183967.0,18.653251463551495,7887955477.0,4242005412.0,0.015997043513738384,0.029746300333102924,1.8594873676224344,0.015182543701958047,2.9500000000004523,0,coinpaprika
stable_usds,2025-09-27,110824188.0,18.52345562072517,7890194608.0,4450704530.0,0.014045811732911315,0.02490036965001584,1.7727967684253352,0.01587822797332231,1.8600000000001948,0,coinpaprika
stable_usds,2025-09-28,100165242.0,18.422331810192052,7895877380.0,4440849308.0,0.012685764631263816,0.022555424661574668,1.7780106534522382,0.015833638794089958,5.330000000000057,0,coinpaprika
stable_usds,2025-09-29,104728374.0,18.466880651539963,7887782294.0,4676586890.0,0.013277290130036137,0.022394189707870476,1.6866536385470643,0.016667587561004855,5.819999999999714,0,coinpaprika
stable_usds,2025-09-30,144286809.0,18.787313612774838,7888658154.0,4360249435.0,0.018290412156703528,0.03309141166140648,1.809221759351022,0.015540520377105455,2.9000000000001247,0,coinpaprika
stable_usds,2025-10-01,113049148.0,18.543333229017286,7887611736.0,4351363434.0,0.014332494015144054,0.025980166840736476,1.8126759246007857,0.015453799575991203,4.380000000000495,0,coinpaprika
stable_usds,2025-10-02,33568725.0,17.32910541768499,7887697823.0,4264089160.0,0.004255833039409273,0.00787242567882891,1.8497966451996046,0.01510848459693175,0.48000000000048004,0,coinpaprika
stable_usds,2025-10-03,58278215.0,17.880738927978555,7887420261.0,4359434553.0,0.007388754887090452,0.013368296803514371,1.8092759886880678,0.015380039047257378,2.685783637670358,0,coinpaprika
stable_usds,2025-10-04,100106272.0,18.4217429096546,7887326766.0,4310351400.0,0.012692040658379894,0.023224619691099894,1.8298570195460166,0.015126762877081857,7.023748516964412,0,coinpaprika
stable_usds,2025-10-05,26399560.0,17.088857939190405,7886936418.0,4311832132.0,0.0033472515309936404,0.006122585293633597,1.8291380964178965,0.015115674571646287,3.4774113052504774,0,coinpaprika
stable_usds,2025-10-06,35101083.0,17.373742571150103,7886558581.0,4348956227.0,0.004450747767798772,0.008071151137847496,1.813437102916143,0.015261010761340905,0.8134591034014704,0,coinpaprika
stable_usds,2025-10-07,43992432.0,17.59952819982002,7886447144.0,4315009638.0,0.0055782320221938455,0.010195210599898086,1.8276777587118798,0.015106646029361294,1.1232898168545002,0,coinpaprika
stable_usds,2025-10-08,52674028.0,17.779633083692502,7887643687.0,4359610174.0,0.006678043543829771,0.01208227935473205,1.8092543535292704,0.015223148927744774,9.355185255756071,0,coinpaprika
stable_usds,2025-10-09,24200648.0,17.001890008949132,7887315661.0,4363726005.0,0.0030682996649498495,0.005545867905608798,1.807472708406219,0.015238178308475767,1.774606327424877,0,coinpaprika
stable_usds,2025-10-10,24155565.0,17.000025387697775,7890905863.0,4623677379.0,0.003061190365134635,0.005224318874346791,1.7066298567541125,0.01615866350898435,1.0878865667329762,0,coinpaprika
stable_usds,2025-10-11,37560834.0,17.44147244315414,7892109153.0,4618934152.0,0.00475928972494281,0.008131926709484729,1.7086429235157454,0.01610224087444763,46.73698346514876,0,coinpaprika
stable_usds,2025-10-12,14373696.0,16.48091049706106,7898634023.0,4601212802.0,0.0018197698435128522,0.0031238928992269634,1.716641755748988,0.016056810914960112,14.094216814188876,0,coinpaprika
stable_usds,2025-10-13,19917306.0,16.80709961021858,7890654733.0,4574293494.0,0.0025241639222538265,0.004354181913802665,1.724999662428744,0.015957158325105344,4.718777103122074,0,coinpaprika
stable_usds,2025-10-14,23732198.0,16.98234329162806,7890280545.0,4793412345.0,0.0030077761956181495,0.004951002812173047,1.6460675562848954,0.016700276859035055,5.496217739673348,0,coinpaprika
stable_usds,2025-10-15,30433524.0,17.231055354796204,7890643620.0,4615404453.0,0.003856912752067746,0.006593901858420727,1.7096321027447776,0.016036117203771984,1.6386196551176901,0,coinpaprika
stable_usds,2025-10-16,41328119.0,17.537053697914008,7892789875.0,4784588531.0,0.00523618639980581,0.00863775823819112,1.6496277211429031,0.01657282672160587,20.665994147521793,0,coinpaprika
stable_usds,2025-10-17,48409253.0,17.695201551757894,7895494843.0,4631509141.0,0.0061312500308854925,0.010452155339921847,1.7047348073019812,0.016046197535330424,1.9475703325566585,0,coinpaprika
stable_usds,2025-10-18,40309940.0,17.512108671435616,7891681157.0,4674165031.0,0.00510790276470365,0.008623987328786295,1.6883616869881117,0.016182541103959888,0.2521444434910869,0,coinpaprika
stable_usds,2025-10-19,12694326.0,16.356665758718435,7892563073.0,4647928347.0,0.0016083908209015842,0.0027311793668664316,1.6980819160205527,0.016094143141246235,2.9027977244400205,0,coinpaprika
stable_usds,2025-10-20,15104012.0,16.530471028066202,7891190128.0,5002591196.0,0.0019140347343054157,0.0030192377126631795,1.5774205444389864,0.017304218774218005,6.385347591956192,0,coinpaprika
stable_usds,2025-10-21,21840927.0,16.89929619878076,7890674759.0,4661285498.0,0.00276794161045461,0.004685601645591372,1.6928108699597186,0.01612755446751332,2.4464790560119187,0,coinpaprika
stable_usds,2025-10-22,40668699.0,17.520969312779464,7889516726.0,5324799884.0,0.0051547769543317905,0.007637601390843179,1.4816550664573294,0.018348775119378897,0.977230338067292,0,coinpaprika
stable_usds,2025-10-23,22094514.0,16.910839945638486,7889628895.0,5320066469.0,0.00280045034995274,0.0041530522463853825,1.4829944213992112,0.01836996398613284,3.1690293661801316,0,coinpaprika
stable_usds,2025-10-24,20593894.0,16.840505230613434,7889625617.0,5343583417.0,0.002610249839437977,0.0038539482577333553,1.4764671946357304,0.018453308944876106,0.7711771129814693,0,coinpaprika
stable_usds,2025-10-25,21226931.0,16.870781310754168,7889912726.0,5286641423.0,0.0026903885679305296,0.004015201581035998,1.4924244136691849,0.018228826994108462,0.6444710213671101,0,coinpaprika
stable_usds,2025-10-26,8357333.0,15.938650034680087,7887768980.0,5324684257.0,0.0010595306507062534,0.0015695452719122608,1.4813590063355375,0.018371734253755333,5.196686987982702,0,coinpaprika
stable_usds,2025-10-27,14612679.0,16.497400202907293,7888346375.0,5314443284.0,0.0018524388135783402,0.002749616134580617,1.4843222428865044,0.018344732394662493,4.819782755900448,0,coinpaprika
stable_usds,2025-10-28,83482065.0,18.240142388309778,7890575815.0,5304970645.0,0.010579971215953648,0.015736574353843572,1.4873929269405033,0.01833593999197402,5.355732299152649,0,coinpaprika
stable_usds,2025-10-29,84357005.0,18.250568422191126,7892127664.0,5322370230.0,0.010688753222378182,0.01584951842029223,1.482821999025047,0.01838088460423852,3.482264706888838,0,coinpaprika
stable_usds,2025-10-30,46765269.0,17.660651391382714,7893869773.0,5323961740.0,0.005924251393144942,0.008783922816094468,1.4827059544195749,0.01841812549485518,2.5683980584001453,0,coinpaprika
stable_usds,2025-10-31,47321613.0,17.67247770469228,7893051504.0,5270063644.0,0.005995350844476131,0.008979324766575817,1.497714645815765,0.018242560807152856,2.9026159770528803,0,coinpaprika
stable_usds,2025-11-01,37270572.0,17.43371464563294,7894516776.0,5189886608.0,0.004721070720035163,0.007181384645774134,1.5211347322754456,0.017978346294297558,3.8186604693857262,0,coinpaprika
stable_usds,2025-11-02,22864881.0,16.945112754334975,7892389548.0,5352785201.0,0.0028970796310724624,0.00427158575235345,1.4744454058282694,0.018535296624337314,4.164620839215427,0,coinpaprika
stable_usds,2025-11-03,9279391.0,16.043306585374655,7892433101.0,5362341133.0,0.0011757326139165206,0.0017304738303377165,1.4718260001083747,0.018571619111856973,4.767271605604639,0,coinpaprika
stable_usds,2025-11-04,43196599.0,17.581272346413336,7893772643.0,5713058098.0,0.005472237541361881,0.007561029182448198,1.3817070485881133,0.019790513327792327,1.2839515006912716,0,coinpaprika
stable_usds,2025-11-05,97509708.0,18.39546251049755,7891855902.0,5637423409.0,0.012355738524735167,0.017296857256513372,1.3999047666706845,0.01958677519769922,2.9735878469761,0,coinpaprika
stable_usds,2025-11-06,99869826.0,18.419378165965888,7892090613.0,5577413818.0,0.012654419582498527,0.017906117290004533,1.4150089755810906,0.019367661486289527,8.75479387724476,0,coinpaprika
stable_usds,2025-11-07,53675631.0,17.798469676228965,7892029660.0,5578693068.0,0.006801245473271574,0.00962154224040203,1.4146735738643794,0.01938441534188334,2.1754157389353157,0,coinpaprika
stable_usds,2025-11-08,23301530.0,16.96402962453175,7892829559.0,5788000697.0,0.0029522403627010845,0.004025834000344454,1.36365387155032,0.020074995938402892,0.09244975360589436,0,coinpaprika
stable_usds,2025-11-09,13154032.0,16.392238961582873,7891923991.0,5761987703.0,0.001666771248050658,0.002282898311836262,1.3696530429752638,0.02001769780126428,8.73176776582607,0,coinpaprika
stable_usds,2025-11-10,32793544.0,17.305742255206464,7891329756.0,5741166507.0,0.0041556423332919454,0.005712000158855522,1.374516789641684,0.01994804123845034,7.460165413585296,0,coinpaprika
stable_usds,2025-11-11,22287704.0,16.91954573909216,7892986160.0,5598402353.0,0.00282373534530561,0.003981082922354938,1.4098640401882525,0.019421326806864467,0.07456465042965377,0,coinpaprika
stable_usds,2025-11-12,39057768.0,17.48055236452605,7893792616.0,5651944483.0,0.0049479090596874125,0.006910500999696391,1.3966507703221542,0.019603784743639198,7.587098867103403,0,coinpaprika
stable_usds,2025-11-13,25628134.0,17.059201329403155,7895841722.0,5688575735.0,0.0032457760555904924,0.004505193425186947,1.3880173333053112,0.019683717176237164,2.603782844955438,0,coinpaprika
stable_usds,2025-11-14,23347936.0,16.966019186998256,7894830198.0,5707456706.0,0.0029573702555268054,0.004090777591962342,1.383248372204122,0.01978418246757068,6.704998811790652,0,coinpaprika
stable_usds,2025-11-15,14795785.0,16.50985296846141,7894396160.0,5749549158.0,0.0018742136447330254,0.0025733817719277947,1.3730461194536672,0.019974148777825815,1.082594793934133,0,coinpaprika
stable_usds,2025-11-16,31853275.0,17.27665079183587,7897161534.0,5746480942.0,0.004033509364454644,0.005543092428479161,1.3742604584800866,0.019974744185888838,1.063703317404352,0,coinpaprika
stable_usds,2025-11-17,26734604.0,17.101469351615837,7896678836.0,5746946832.0,0.003385550375699742,0.004651966475683588,1.3740650586899321,0.019984654634469513,1.0952300288924466,0,coinpaprika
stable_usds,2025-11-18,22158335.0,16.913724326771234,7899097565.0,5751670359.0,0.002805172972945803,0.0038525043364711366,1.3733571418326826,0.020008816315141245,4.877988489030427,0,coinpaprika
stable_usds,2025-11-19,27819902.0,17.141262257753276,7894026533.0,5732614460.0,0.003524171331791494,0.004852916970802184,1.377037752683616,0.019947663716119383,2.6350674157304965,0,coinpaprika
stable_usds,2025-11-20,39551155.0,17.493105480575057,7893280679.0,5675796773.0,0.005010737183744837,0.006968388154443175,1.3906912094789339,0.01978112009977819,3.8241425733298584,0,coinpaprika
stable_usds,2025-11-21,42082190.0,17.55513519252876,7892885454.0,5607701643.0,0.005331661056689142,0.007504356094360065,1.4075080944886853,0.019545127443176814,3.4137241602072432,0,coinpaprika
stable_usds,2025-11-22,45695346.0,17.63750703448825,7892304364.0,5539094788.0,0.0057898610966443465,0.008249605350497931,1.424836487921824,0.01932954300385167,1.633184904265006,0,coinpaprika
stable_usds,2025-11-23,46380134.0,17.65238180052481,7893298207.0,5735550754.0,0.005875887719390709,0.008086430752557508,1.3762057988058387,0.020003422860008446,3.93951925316105,0,coinpaprika
stable_usds,2025-11-24,42210038.0,17.558168641709926,7892229175.0,5745339255.0,0.005348303636912571,0.0073468312533965414,1.3736750476713147,0.020053648633588095,3.4032634232283865,0,coinpaprika
stable_usds,2025-11-25,61181383.0,17.929353518202984,7891356997.0,5686378644.0,0.007752960995587816,0.010759287558973183,1.38776495394421,0.019775668031848978,1.314731207019415,0,coinpaprika
stable_usds,2025-11-26,65380257.0,17.99573090541346,7892332478.0,5800294650.0,0.008284022142028164,0.011271885472232,1.3606778541845284,0.02013240449892514,4.408659741921284,0,coinpaprika
stable_usds,2025-11-27,81963274.0,18.221781839053,7891490033.0,5856374441.0,0.010386286196555093,0.013995565827584691,1.3475043497479127,0.020261214536290508,4.086504752414122,0,coinpaprika
stable_usds,2025-11-28,37322861.0,17.43511661910593,7892115040.0,5850954089.0,0.0047291329144132695,0.006378935885032544,1.3488595056381412,0.020223617543999782,4.672650870660711,0,coinpaprika
stable_usds,2025-11-29,37126117.0,17.42983126911182,7891147956.0,5848419644.0,0.004704780243256156,0.00634805969131992,1.3492786831901968,0.020178848028874062,3.7431316398905956,0,coinpaprika
stable_usds,2025-11-30,11891402.0,16.291326260023624,7891937027.0,5875397164.0,0.0015067786221959168,0.0020239316029325707,1.3432176254153225,0.020270190968806306,2.664447737464881,0,coinpaprika
stable_usds,2025-12-01,22681955.0,16.937080276491322,7892338285.0,5891612040.0,0.00287392077999353,0.0038498724705573113,1.339588932777047,0.020335810547467956,0.007950983818005852,0,coinpaprika
stable_usds,2025-12-02,96830266.0,18.388470178993806,7891591114.0,6068127410.0,0.012270056139657213,0.015957190654966816,1.3004985856089664,0.020882888907459853,2.96214822933627,0,coinpaprika
stable_usds,2025-12-03,64698434.0,17.985247570615986,7889446679.0,6072065581.0,0.008200630111641826,0.010655094734557348,1.2993019547889497,0.020864307937986555,1.6003746854509338,0,coinpaprika
stable_usds,2025-12-04,40477714.0,17.5162621337218,7891145971.0,6133955631.0,0.005129510231942964,0.006598957741955665,1.286469359367298,0.021023143363556287,1.6590874246869003,0,coinpaprika
stable_usds,2025-12-05,31228458.0,17.256840384461935,7891099079.0,6087468557.0,0.003957428196929626,0.005129957996101728,1.296285805029087,0.0208433490359242,2.1741965023347465,0,coinpaprika
stable_usds,2025-12-06,13939157.0,16.45021255975073,7891302840.0,6065828747.0,0.0017663948884769959,0.002297980635687076,1.3009438889785392,0.02075052545130677,7.812761090352227,0,coinpaprika
stable_usds,2025-12-07,10986649.0,16.212191457345995,7892158952.0,6073342121.0,0.0013920967718492043,0.0018089955713199645,1.2994754444527363,0.020784064250519353,5.736193129191047,0,coinpaprika
stable_usds,2025-12-08,34649689.0,17.360799336951217,7890954584.0,6065616603.0,0.004391064304217012,0.005712475955513339,1.300931974516359,0.020757018832897333,4.10975760901211,0,coinpaprika
stable_usds,2025-12-09,25637025.0,17.059548192649682,7890618350.0,6080897013.0,0.0032490514510817776,0.004215993947141693,1.297607628139582,0.020780508104950007,3.123360953181109,0,coinpaprika
stable_usds,2025-12-10,12284178.0,16.3238227322374,7890141629.0,6223711249.0,0.0015569020909396403,0.001973770554020123,1.2677550923121241,0.021232229798851178,1.560346305774507,0,coinpaprika
stable_usds,2025-12-11,21544133.0,16.885614133283415,7890461980.0,6232482558.0,0.002730401978313569,0.003456749826334612,1.2660223123884753,0.02127367736010709,8.321059080937943,0,coinpaprika
stable_usds,2025-12-12,24201730.0,17.001934717494464,7890044765.0,6445527246.0,0.003067375499231404,0.003754809975401041,1.2241116147474898,0.02193745042895702,4.018047628386867,0,coinpaprika
stable_usds,2025-12-13,23569802.0,16.975476916795078,7890600502.0,6432807447.0,0.0029870732897991545,0.0036639993026671425,1.2266184814345493,0.021897860430186558,1.9823946246300128,0,coinpaprika
stable_usds,2025-12-14,10417287.0,16.158977291699703,7890063890.0,6444726147.0,0.0013203045178383213,0.001616404911921543,1.224266743075313,0.0219417923763884,3.5081262005276503,0,coinpaprika
stable_usds,2025-12-15,16103178.0,16.59452726387948,7890057716.0,6381741954.0,0.0020409455265890985,0.002523320139872895,1.2363485977452606,0.021733412095853423,1.3466991446231535,0,coinpaprika
stable_usds,2025-12-16,21530470.0,16.884979745552723,7891144267.0,6418463072.0,0.0027284344667272576,0.003354458810229017,1.2294445225406758,0.02186806778630137,6.282968259626598,0,coinpaprika
stable_usds,2025-12-17,22309607.0,16.920527995658205,7891347183.0,6471859617.0,0.0028270973868771932,0.0034471710327891062,1.2193322553337453,0.022055658803388143,3.916527945432291,0,coinpaprika
stable_usds,2025-12-18,24097206.0,16.99760649962869,7891722565.0,6470373790.0,0.003053478603881965,0.003724237081517975,1.219670272712328,0.022044353129482143,2.00022951087786,0,coinpaprika
stable_usds,2025-12-19,47458700.0,17.67537043818012,7891539546.0,6463072164.0,0.0060138708959591395,0.007343055871223288,1.221019871935937,0.022069656169005112,1.9729214938446482,0,coinpaprika
stable_usds,2025-12-20,14121987.0,16.46324357332007,7891628540.0,6503699845.0,0.0017894895747335821,0.002171377421554423,1.2134060193548184,0.02221076756168409,0.2552618326179257,0,coinpaprika
stable_usds,2025-12-21,7453766.0,15.824230100148027,7890364320.0,6512950018.0,0.0009446668997408221,0.0011444531248358798,1.2114885417810985,0.02221361550549192,0.4410889350947578,0,coinpaprika
stable_usds,2025-12-22,19187988.0,16.769795068328964,7890030605.0,6514776963.0,0.002431928209231579,0.002945302365526278,1.2110975785987166,0.022223039181314623,2.9495606704099675,0,coinpaprika
stable_usds,2025-12-23,32879653.0,17.30836460498253,7889927608.0,6539683049.0,0.004167294636095475,0.0050277135380479504,1.2064694189126597,0.022300820682842955,4.301469401293279,0,coinpaprika
stable_usds,2025-12-24,29780232.0,17.20935540923251,7890488485.0,6289063598.0,0.003774193708870231,0.00473524103166495,1.2546364593147497,0.02146560773849173,3.20970788559638,0,coinpaprika
stable_usds,2025-12-25,26659287.0,17.09864816568154,7889768247.0,6281673162.0,0.0033789695926920173,0.004243978684098241,1.2559978915693863,0.021474111740098674,0.5752046226681351,0,coinpaprika
stable_usds,2025-12-26,28527147.0,17.16636675324368,7890191222.0,6272214748.0,0.003615520359057782,0.004548177660705312,1.2579593555077047,0.021438103345453867,4.641289320154174,0,coinpaprika
stable_usds,2025-12-27,23108624.0,16.955716482427693,7890261882.0,6152650011.0,0.0029287524730601837,0.003755881442741795,1.2824168233027093,0.021037888512825564,2.44380067069061,0,coinpaprika
stable_usds,2025-12-28,12418931.0,16.334732640434062,7888417155.0,6161877478.0,0.0015743248304418557,0.0020154459487939855,1.2801970151409752,0.02107733446329569,2.8208539805596455,0,coinpaprika
stable_usds,2025-12-29,31788075.0,17.27460180887866,7888496774.0,6183803989.0,0.004029674589558246,0.0051405372900800075,1.2756705723584345,0.02115550596726645,3.599205469959621,0,coinpaprika
stable_usds,2025-12-30,82561875.0,18.229058582307584,7889003432.0,6090424391.0,0.010465437835291844,0.013556013456468506,1.2953125965503838,0.02083594461263397,4.520173407752681,0,coinpaprika
stable_usds,2025-12-31,119248647.0,18.59672135014225,7887418684.0,6010881240.0,0.015118843284166149,0.019838796049811824,1.3121900714844268,0.020576101117315292,3.3562000549225424,0,coinpaprika
stable_usds,2026-01-01,130906077.0,18.689990662193317,7886471244.0,5859748680.0,0.016598814976925565,0.0223398790884663,1.34587192637074,0.020118815626064226,4.237245019111935,0,coinpaprika
stable_usds,2026-01-02,122961069.0,18.62737835917367,7886671767.0,5903591593.0,0.015590996130269156,0.020828180110866283,1.3359107998512931,0.020291398075861774,2.803565240380168,0,coinpaprika
stable_usds,2026-01-03,74286592.0,18.123441049260627,7888008772.0,6288680140.0,0.009417660926505877,0.011812747722290738,1.2543186481734465,0.021557952898866823,1.6800365098779135,0,coinpaprika
stable_usds,2026-01-04,14549483.0,16.49306608703539,7888172987.0,6336804455.0,0.001844468043991693,0.0022960284009584447,1.244818747843151,0.021722521330777927,3.443025981816339,0,coinpaprika
stable_usds,2026-01-05,23311550.0,16.964459546764925,7888664807.0,6385363234.0,0.002955069149257618,0.003650778999677499,1.2354292963312414,0.021879041522270676,2.5396698064183987,0,coinpaprika
stable_usds,2026-01-06,49904855.0,17.725628870616244,7888032486.0,6465579474.0,0.0063266543448665,0.007718543279946078,1.2200039482493568,0.02211174554625443,1.4102129403614772,0,coinpaprika
stable_usds,2026-01-07,54323655.0,17.810470343809932,7890303993.0,6497260227.0,0.00688486211028042,0.008361009579738355,1.2144047979194477,0.02224389486059345,3.083621032240469,0,coinpaprika
stable_usds,2026-01-08,29784055.0,17.20948377473706,7890977826.0,6558598291.0,0.0037744441381984944,0.004541222633023737,1.203150044549664,0.022479228487991988,2.514096671487609,0,coinpaprika
stable_usds,2026-01-09,21641915.0,16.890142547764363,7889897074.0,6661294637.0,0.002742990788982249,0.0032489052322938108,1.1844389873067251,0.022882960684854636,4.238242185453656,0,coinpaprika
stable_usds,2026-01-10,16222269.0,16.601895547537534,7890515863.0,6473976151.0,0.0020559199527205867,0.002505765949955536,1.218805210115146,0.02221813216765618,4.422879014674974,0,coinpaprika
stable_usds,2026-01-11,13847338.0,16.4436036421744,7890792417.0,6460402728.0,0.001754872928879381,0.0021434171495198465,1.221408749457763,0.02216165333147183,3.6632002591596713,0,coinpaprika
stable_usds,2026-01-12,12629635.0,16.35155667364216,7890898417.0,6446408602.0,0.0016005319461204768,0.001959173825264761,1.2240766765159514,0.022119268266251355,2.459272105381771,0,coinpaprika
stable_usds,2026-01-13,19558976.0,16.788944920589724,7888947977.0,6408898571.0,0.00247928824692768,0.0030518467070930963,1.2309366250071676,0.022041589722871003,1.284531501655195,0,coinpaprika
stable_usds,2026-01-14,42090699.0,17.555337371637208,7887533346.0,6248544617.0,0.0053363576613397684,0.0067360804123069926,1.262299275985149,0.021431379794249212,3.7687389579210695,0,coinpaprika
stable_usds,2026-01-15,65694079.0,18.0005193728501,7887490980.0,6280053798.0,0.008328894342520059,0.01046075099243919,1.2559591420238976,0.021473145784269242,1.8213004471956395,0,coinpaprika
stable_usds,2026-01-16,66153125.0,18.007482703644527,7888382669.0,6209785533.0,0.00838614552257594,0.010653045044542925,1.2703148324655675,0.02116792021660221,2.2351530027608923,0,coinpaprika
stable_usds,2026-01-17,36031454.0,17.39990286492306,7888871357.0,6203577846.0,0.004567377558771872,0.005808173105014342,1.2716647639211394,0.021108439411145354,3.5017993576669237,0,coinpaprika
stable_usds,2026-01-18,7555428.0,15.837776935663879,7889141346.0,6202163982.0,0.0009576996619322581,0.0012181922345051598,1.2719981878737756,0.021098695546964235,1.1145713636084853,0,coinpaprika
stable_usds,2026-01-19,9991752.0,16.117270610706193,7890108970.0,6192966840.0,0.0012663642590984394,0.0016134031164940002,1.274043471222591,0.021062979300206803,4.217314948444795,0,coinpaprika
stable_usds,2026-01-20,28289812.0,17.158012333146324,7890120290.0,6559288765.0,0.0035854728394768237,0.0043129389501729,1.2028926569144573,0.022312055551601862,3.147195279460391,0,coinpaprika
stable_usds,2026-01-21,17534655.0,16.67968982345694,7891031113.0,6501440588.0,0.0022220993364368705,0.00269704148836867,1.2137357876598656,0.022273383801997667,3.7669281354268946,0,coinpaprika
stable_usds,2026-01-22,42314486.0,17.560640067652344,7889809254.0,6263631087.0,0.005363182383471092,0.006755584007465349,1.2596222773041486,0.021506760508204884,4.351712769408156,0,coinpaprika
stable_usds,2026-01-23,85911817.0,18.268831956071164,7890760014.0,6259565629.0,0.010887647938547481,0.013724884775067833,1.2605922649716819,0.02153700319795864,3.4893828788540304,0,coinpaprika
stable_usds,2026-01-24,129406421.0,18.67846856785678,7889573862.0,6253455026.0,0.016402206667115934,0.02069358785854647,1.2616343811856816,0.021489290343275187,3.9502192067375486,0,coinpaprika
stable_usds,2026-01-25,113092048.0,18.543712637996222,7889248653.0,6213482799.0,0.014334957988299066,0.018201072032934744,1.2696983170645775,0.021350382291193466,3.7820557771195418,0,coinpaprika
stable_usds,2026-01-26,100290982.0,18.423586348591787,7890352734.0,6205373506.0,0.0127105828321008,0.01616195735889681,1.2715355048927814,0.021322005958431686,4.900471200161016,0,coinpaprika
stable_usds,2026-01-27,52893398.0,17.783789106433836,7891479221.0,6070188605.0,0.006702596119019801,0.008713633371528494,1.3000385547328475,0.02090644568685208,5.313628963063977,0,coinpaprika
stable_usds,2026-01-28,84613676.0,18.253606478176472,7891375003.0,6131228690.0,0.010722298201242889,0.013800443643213707,1.2870788877718407,0.02115930129062185,3.5748726559658994,0,coinpaprika
stable_usds,2026-01-29,73193185.0,18.10861288716694,7890599443.0,6125913255.0,0.009275998044094354,0.011948126255339865,1.2880690787711782,0.02116301851053512,4.524277643948027,0,coinpaprika
stable_usds,2026-01-30,94571820.0,18.36487011438419,7891357299.0,6212661027.0,0.011984227353637153,0.01522243360598531,1.2702056759099598,0.021568159507291525,4.235711057014591,0,coinpaprika
stable_usds,2026-01-31,81584176.0,18.21714589181777,7892571186.0,6212501686.0,0.010336831189399424,0.013132258166440682,1.2704336489414676,0.02161633326794338,1.7928777637798987,0,coinpaprika
stable_usds,2026-02-01,46711353.0,17.659497819427038,7892510834.0,6223776497.0,0.005918440149460807,0.007505306950292306,1.2681224715900976,0.02167189468585649,3.8861189463978985,0,coinpaprika
stable_usds,2026-02-02,72619837.0,18.10074869315756,7892105630.0,6196035621.0,0.009201579452250691,0.011720371127930932,1.273734709214965,0.021562309657525272,14.121866299934283,0,coinpaprika
stable_usds,2026-02-03,78138585.0,18.17399455170185,7891291217.0,6151612984.0,0.009901875732537676,0.012702129539558824,1.2828003383055477,0.02138719982650855,8.918376546124263,0,coinpaprika
stable_usds,2026-02-04,73900630.0,18.118231924447606,7891987460.0,6301017739.0,0.0093640075297332,0.011728364061347392,1.2524940869714951,0.02188490546698662,4.812253141203149,0,coinpaprika
stable_usds,2026-02-05,155717189.0,18.86355203533436,7892646019.0,6289601464.0,0.019729402360772464,0.02475787852239663,1.2548721988468425,0.02181480580225643,2.5827418230561783,0,coinpaprika
stable_usds,2026-02-06,238814437.0,19.291197398291565,7891541471.0,6257358395.0,0.030262077171817475,0.03816537617388623,1.2611618150729242,0.021760305307296755,2.4409504376943225,0,coinpaprika
stable_usds,2026-02-07,104226109.0,18.462073231710402,7891951812.0,6386024873.0,0.013206632716829366,0.01632096821931686,1.2358160152753292,0.02215373966731808,0.27120045543282956,0,coinpaprika
stable_usds,2026-02-08,26200525.0,17.081290044865675,7892350271.0,6460178277.0,0.0033197367197794507,0.004055696898223541,1.221692333027236,0.022392539412061915,0.832901733925917,0,coinpaprika
stable_usds,2026-02-09,42498619.0,17.56498216277923,7891626789.0,6444941016.0,0.0053852798841473445,0.006594105189557875,1.2244684271599235,0.02224638852822277,2.124078635373783,0,coinpaprika
stable_usds,2026-02-10,114505898.0,18.556136899282134,7891570677.0,6495582411.0,0.014509899573443306,0.017628272686693806,1.214913486993245,0.02242167918504321,12.222802379557862,0,coinpaprika
stable_usds,2026-02-11,135391277.0,18.72367949982404,7891721415.0,6465224838.0,0.0171561146016455,0.02094146458824206,1.2206414490978914,0.022309800584953552,6.280174853273701,0,coinpaprika
stable_usds,2026-02-12,85084599.0,18.25915661359545,7892029351.0,6592832102.0,0.01078107989920475,0.012905621997288352,1.197062086353735,0.022765064740879658,8.964075542654548,0,coinpaprika
stable_usds,2026-02-13,75969711.0,18.1458452925021,7891929307.0,6601662586.0,0.009626253358936734,0.011507663412108836,1.1954457235873037,0.02281296151733739,0.013611798400647857,0,coinpaprika
stable_usds,2026-02-14,81030689.0,18.210338529765334,7891649911.0,6623527885.0,0.010267902138823096,0.012233765812854278,1.1914571883771876,0.02287108334431373,1.6076163557743328,0,coinpaprika
stable_usds,2026-02-15,61659116.0,17.93713165985266,7891470112.0,6666842300.0,0.007813387762343464,0.009248623745007439,1.1836893325045352,0.023015241217250043,1.0496098098422557,0,coinpaprika
stable_usds,2026-02-16,54334674.0,17.810673163049586,7892402864.0,6672331379.0,0.006884427333003917,0.008143281697759934,1.1828553493071345,0.023024912068086878,0.8831516994101118,0,coinpaprika
stable_usds,2026-02-17,40577344.0,17.518720463903165,7892553401.0,6766852900.0,0.005141218809474103,0.005996486786346427,1.166355101497773,0.023345653729545956,7.661759960647663,0,coinpaprika
stable_usds,2026-02-18,101926341.0,18.43976097312694,7892171618.0,6783083622.0,0.012914866266660042,0.015026549380788394,1.16350793500508,0.023419990710079296,5.9072447110186665,0,coinpaprika
stable_usds,2026-02-19,112432183.0,18.537860788957534,7893893093.0,6795282906.0,0.014242932058416211,0.016545622096281857,1.1616724722424676,0.023453910450139427,1.690236498966824,0,coinpaprika
stable_usds,2026-02-20,119369162.0,18.597731459234627,7891977973.0,6853167162.0,0.015125379519353102,0.017418101613205624,1.1515811283226949,0.023642029647127423,0.6067129881925926,0,coinpaprika
stable_usds,2026-02-21,106412170.0,18.48283051742763,7891345933.0,6859633018.0,0.013484666735367157,0.015512808006021526,1.1504035146330331,0.023693735928790878,1.0771558315791907,0,coinpaprika
stable_usds,2026-02-22,28944331.0,17.180884956977078,7891450806.0,6867962526.0,0.003667808583181327,0.004214398504713099,1.1490235679250413,0.023727466780380593,8.082590065007222,0,coinpaprika
stable_usds,2026-02-23,41612800.0,17.54391839424268,7892190777.0,6861979227.0,0.005272655106269233,0.006064256189564824,1.150133294771048,0.023627119424407983,0.5217776772070692,0,coinpaprika
stable_usds,2026-02-24,129843818.0,18.681842893861898,7891722097.0,6865014620.0,0.01645316654641951,0.018913844352453833,1.1495564880530436,0.023635895551778245,1.6081596309891477,0,coinpaprika
stable_usds,2026-02-25,140365627.0,18.75976120476913,7891462537.0,6883976415.0,0.01778702317116506,0.020390195802261476,1.1463523494654506,0.023688670678356182,0.09308744857272622,0,coinpaprika
stable_usds,2026-02-26,172436214.0,18.96553795793866,7891601427.0,6945851169.0,0.02185059846155355,0.02482578589786078,1.1361604553551297,0.023850953249612422,0.9217258260507677,0,coinpaprika
stable_usds,2026-02-27,119496271.0,18.598795732196493,7891314777.0,6928308311.0,0.015142758130531484,0.017247539462162367,1.138995902429897,0.023808629415521605,4.4805057118657565,0,coinpaprika
stable_usds,2026-02-28,107173592.0,18.48996044230056,7890732023.0,6950589097.0,0.013582211598063288,0.015419353741722132,1.135260898447555,0.023878769086408718,2.029429138716843,0,coinpaprika
stable_usds,2026-03-01,402227547.0,19.81252852624419,7888667127.0,7356578104.0,0.050988023771889594,0.054675902479890265,1.0723283319333872,0.02525720524611391,4.634825864355818,0,coinpaprika
stable_usds,2026-03-02,363065479.0,19.710093761636518,7890963354.0,7073062014.0,0.04601028578037419,0.05133073600674923,1.1156361047564824,0.024299280270092132,0.6792343934980405,0,coinpaprika
stable_usds,2026-03-03,86485139.0,18.275483165236672,7889314737.0,7089000402.0,0.01096231318981285,0.012199906065120295,1.1128952305848663,0.024288487158763257,1.0578360922774976,0,coinpaprika
stable_usds,2026-03-04,83325566.0,18.238265986815392,7887938670.0,6701898051.0,0.010563668086937598,0.012433129445704844,1.1769708536260155,0.022962899067024492,0.058762212051810536,0,coinpaprika
stable_usds,2026-03-05,57896588.0,17.87416902889075,7887781644.0,6674416694.0,0.0073400343230900925,0.008674404169587797,1.1817934069191036,0.022802738134593045,1.0057659631712568,0,coinpaprika
stable_usds,2026-03-06,52905030.0,17.784008996276185,7887385792.0,7552049522.0,0.006707549420704183,0.007005387060278337,1.0444033462735018,0.025699217806474495,0.23790037140813958,0,coinpaprika
stable_usds,2026-03-07,127514326.0,18.663739284877323,7886310424.0,7537895192.0,0.016169072626401094,0.016916436585020643,1.0462218196360404,0.025642813417585893,0.5663636741393141,0,coinpaprika
stable_usds,2026-03-08,70910003.0,18.076922081689712,7887210806.0,7741105337.0,0.008990504342302728,0.009160190943413847,1.0188739802185178,0.02632821984580038,0.11267665149916617,0,coinpaprika
stable_usds,2026-03-09,40524628.0,17.517420470701417,7888520615.0,7803538340.0,0.005137164492280407,0.005193109360695471,1.0108902232932453,0.026538934173051552,0.19643882651187994,0,coinpaprika
stable_usds,2026-03-10,33547305.0,17.32846712009531,7888807329.0,7916856127.0,0.004252519246689793,0.004237452905780209,0.9964570787254373,0.026813028735362954,0.13796332603233097,0,coinpaprika
stable_usds,2026-03-11,36806525.0,17.42118572437334,7888631094.0,7941999767.0,0.004665768314098831,0.004634415270689846,0.993280197108321,0.026873295315210665,0.6544486404536087,0,coinpaprika
stable_usds,2026-03-12,87360696.0,18.285556048408896,7887550525.0,7946708396.0,0.011075770066144838,0.010993318446663184,0.9925556761300343,0.026870760700867684,0.237619430909497,0,coinpaprika
stable_usds,2026-03-13,49715151.0,17.721820313818974,7887671517.0,7968368240.0,0.006302893178658723,0.006239062942703562,0.9898728672459043,0.026919967517638546,0.6778478054758619,0,coinpaprika
stable_usds,2026-03-14,41858846.0,17.549813730407845,7888262756.0,8051238877.0,0.005306472070566002,0.0051990565227890955,0.9797576343852404,0.027159513913797263,0.5337074515932017,0,coinpaprika
stable_usds,2026-03-15,16376149.0,16.611336566027283,7887694653.0,8350758030.0,0.0020761641671526304,0.001961037422132084,0.944548342158107,0.028171395380918094,0.1641763774995475,0,coinpaprika
stable_usds,2026-03-16,31774662.0,17.274179769161364,7887028762.0,8048816344.0,0.0040287239921187445,0.003947743449716859,0.9798992081462258,0.027155984920764164,0.6758549435137429,0,coinpaprika
stable_usds,2026-03-17,94359724.0,18.362624898129006,7887309569.0,8034682146.0,0.011963486810618934,0.011744051884737743,0.9816579456010754,0.027105085791974178,0.17621529788569568,0,coinpaprika
stable_usds,2026-03-18,96116686.0,18.38107350090603,7887179194.0,8037532601.0,0.012186446337255616,0.011958481635028332,0.9812935866684642,0.027086427307470393,0.3862327155768064,0,coinpaprika
stable_usds,2026-03-19,75666950.0,18.14185204447976,7888229615.0,8328369683.0,0.009592386846360835,0.009085445637031769,0.9471517133901464,0.028128859377542427,4.243379412376402,0,coinpaprika
stable_usds,2026-03-20,63175974.0,17.96143464443958,7888692459.0,8196651582.0,0.00800842146253581,0.007707534395964276,0.9624286673748237,0.027630965044785686,0.1331467659781982,0,coinpaprika
stable_usds,2026-03-21,65773879.0,18.00173335699955,7888498783.0,8245315353.0,0.008337946269541815,0.007977121090470923,0.9567249335260204,0.02780716576188593,1.5236829067433177,0,coinpaprika
stable_usds,2026-03-22,66436619.0,18.011758968447204,7889179650.0,8481392217.0,0.008421232871785344,0.007833220926493087,0.9301750759960168,0.028580079555874882,0.5288289793192735,0,coinpaprika
stable_usds,2026-03-23,70919083.0,18.077050123125222,7888494541.0,8390039380.0,0.008990192315073822,0.008452771171617551,0.9402213963148287,0.028287106224266594,0.9895609039478614,0,coinpaprika
stable_usds,2026-03-24,50452508.0,17.7365430359356,7888763961.0,8350103771.0,0.00639548961655135,0.006042141437238433,0.9447504099766714,0.028196414145039553,0.2687594101691282,0,coinpaprika
stable_usds,2026-03-25,39508933.0,17.49203738151233,7888042607.0,8357364895.0,0.00500871191605114,0.004727439030888456,0.9438432695118071,0.02822490929044829,1.3901472601396403,0,coinpaprika
stable_usds,2026-03-26,35526347.0,17.38578517633662,7889509838.0,8357707896.0,0.004502985322216921,0.004250728482267598,0.9439800883416757,0.028228819609005192,1.997627363787835,0,coinpaprika
stable_usds,2026-03-27,44498175.0,17.610958757532362,7890845557.0,8204312353.0,0.005639215047179005,0.005423754372751147,0.961792435183751,0.02778707999050073,2.4160017526675404,0,coinpaprika
stable_usds,2026-03-28,27233125.0,17.119944657914047,7891891279.0,8148029656.0,0.003450772956346501,0.00334229576348513,0.9685643784063321,0.02764075476125935,2.194543949821659,0,coinpaprika
stable_usds,2026-03-29,17278655.0,16.664982540537558,7891609059.0,8166308081.0,0.0021894970811173835,0.002115846577010863,0.966361908064781,0.027709053313794963,3.518449487432962,0,coinpaprika
stable_usds,2026-03-30,29140501.0,17.18763958576208,7889135106.0,8317824310.0,0.0036937510396846283,0.003503380200633259,0.9484613778768308,0.028194204988442263,3.040422980237212,0,coinpaprika
stable_usds,2026-03-31,96036960.0,18.380243685751285,7887168941.0,8492511424.0,0.01217635386263498,0.011308428709156364,0.928720439363874,0.028783238575723024,4.191256480505778,0,coinpaprika
stable_usds,2026-04-01,126195029.0,18.65333912536246,7887939220.0,8949855998.0,0.015998478877731516,0.014100230107411835,0.8813481716088724,0.030309017735806243,0.14365105974301073,0,coinpaprika
stable_usds,2026-04-02,126238695.0,18.653685085477438,7889651819.0,8767534153.0,0.016000540695089955,0.014398426375881835,0.8998712387450908,0.02969014610168759,0.7516174308652701,0,coinpaprika
stable_usds,2026-04-03,60974553.0,17.925967187566364,7889160895.0,8918352795.0,0.007728902200314422,0.006836974764463778,0.8845984316098139,0.030187961031237283,0.7315393097850897,0,coinpaprika
stable_usds,2026-04-04,40031289.0,17.505171956280144,7890137915.0,8925048099.0,0.0050735854596275455,0.004485274315158623,0.8840443017762609,0.030171740335671597,0.4283928606785281,0,coinpaprika
stable_usds,2026-04-05,21178400.0,16.86849239953688,7891289259.0,8916725346.0,0.0026837693189165606,0.002375132033140454,0.8849985788269227,0.030147612329184083,0.9024337612306699,0,coinpaprika
stable_usds,2026-04-06,122124770.0,18.62055379319752,7886047781.0,8912940525.0,0.0154861818481797,0.013701961732769444,0.8847863125396542,0.0301299045663821,0.7145736559421856,0,coinpaprika
stable_usds,2026-04-07,113666171.0,18.548776394664053,7888853605.0,8404236532.0,0.014408452316564442,0.013524865770638926,0.9386758184354252,0.028433226897293617,0.3342680256512853,0,coinpaprika
stable_usds,2026-04-08,76205838.0,18.14894864501774,7888613977.0,8592785161.0,0.009660231597361124,0.008868584117042142,0.9180508798013459,0.0290057456057627,1.2087898253310136,0,coinpaprika
stable_usds,2026-04-09,82349739.0,18.226485857327322,7888592114.0,8694232192.0,0.010439092021737657,0.00947176670480162,0.9073362592338735,0.02935223102425021,1.2202916148329468,0,coinpaprika
stable_usds,2026-04-10,94015970.0,18.358975230057503,7887976516.0,8700015243.0,0.011918895778822068,0.010806414399750035,0.9066623788213057,0.02934944943961765,1.550216022263573,0,coinpaprika
stable_usds,2026-04-11,50827918.0,17.74395634819547,7887362566.0,8706986568.0,0.006444222333470958,0.005837601517246305,0.9058659393121967,0.029314754025630985,1.5587406512418411,0,coinpaprika
stable_usds,2026-04-12,43223809.0,17.581902058790288,7889014477.0,8716424558.0,0.005478987156889711,0.004958892113662461,0.9050746007730203,0.029338544252327594,1.7619492345199994,0,coinpaprika
stable_usds,2026-04-13,56928126.0,17.85730010033335,7887947591.0,8782104050.0,0.00721710246464542,0.006482287806644696,0.8981842558560895,0.029553999475866906,1.7949987504317644,0,coinpaprika
stable_usds,2026-04-14,74383716.0,18.124747618323635,7886538837.0,8554473713.0,0.009431731401743176,0.008695300084558223,0.9219198166469367,0.028778574384993514,2.5117558572018694,0,coinpaprika
stable_usds,2026-04-15,55088601.0,17.824453392470527,7887379261.0,8602971544.0,0.00698439864206753,0.00640343870931674,0.916820335933916,0.028840648889267288,1.8390138802659717,0,coinpaprika
stable_usds,2026-04-16,66197866.0,18.008158799844338,7886491264.0,8607264432.0,0.008393829877448527,0.00769092973998687,0.9162599018893486,0.028877451500235705,0.00022879095507022384,0,coinpaprika
stable_usds,2026-04-17,51940904.0,17.765617187997794,7886347999.0,8612184053.0,0.006586179560753112,0.006031095443426655,0.9157198627510568,0.02883364858048631,1.9608623517608503,0,coinpaprika
stable_usds,2026-04-18,55215636.0,17.826756750116914,7887251277.0,8625637261.0,0.007000618347359393,0.006401339904432598,0.9143963556943738,0.028809531481091503,1.927126894312181,0,coinpaprika
stable_usds,2026-04-19,154414812.0,18.855153130072257,7887864849.0,8431855518.0,0.019576249714721754,0.018313265884402456,0.935483872103986,0.02816641082306431,3.140006459786404,0,coinpaprika
stable_usds,2026-04-20,242929864.0,19.308283338246472,7888770211.0,7977861088.0,0.03079438968335796,0.03045050061919554,0.9888327364919894,0.026709527347861365,1.9125969806521592,0,coinpaprika
stable_usds,2026-04-21,152049733.0,18.839718222661585,7887292301.0,8075815853.0,0.019277811344803615,0.01882778604263452,0.9766557886619013,0.027027259804216365,1.908685708907898,0,coinpaprika
stable_usds,2026-04-22,147796555.0,18.81134726444775,7886263679.0,8152248342.0,0.01874101108152917,0.018129545224788983,0.9673728458896843,0.02723285101615389,1.9057655772403148,0,coinpaprika
stable_usds,2026-04-23,83680200.0,18.24251296028565,7887765720.0,8201848065.0,0.010608859716487624,0.010202603039806492,0.9617059054848512,0.02743503310370048,5.520204017409602,0,coinpaprika
stable_usds,2026-04-24,46414342.0,17.65311908580917,7888186913.0,8284187028.0,0.005884031718810768,0.005602763656001804,0.952198071619877,0.027677111366211687,2.601549076188814,0,coinpaprika
stable_usds,2026-04-25,42507646.0,17.565194547121056,7889858367.0,8288279680.0,0.005387631060373888,0.005128645224481614,0.9519295525268762,0.027711993790217094,2.6599199603893897,0,coinpaprika
stable_usds,2026-04-26,25705508.0,17.062215884870714,7889888878.0,8274201195.0,0.0032580316906207257,0.00310670569813235,0.9535529402847691,0.027656502058350456,2.554494292326126,0,coinpaprika
stable_usds,2026-04-27,17191772.0,16.659941513401584,7888885744.0,8335833566.0,0.002179239572974604,0.0020623938642586855,0.9463823481525591,0.0278568719494403,2.5410826071992076,0,coinpaprika
stable_usds,2026-04-28,29625192.0,17.20413567216628,7887863925.0,8294220883.0,0.0037557939997044255,0.0035717872019444745,0.951007217708311,0.027736656000404904,7.5948542487014326,0,coinpaprika
stable_usds,2026-04-29,44012305.0,17.599979834597047,9706237042.0,8344449183.0,0.004534435416068422,0.005274441012795128,1.1631968544759488,0.027905265315364015,2.7792020350514424,0,coinpaprika
stable_usds,2026-04-30,75879847.0,18.14466169986619,11074760451.0,7819355122.0,0.006851601651857706,0.009704105494135914,1.4163265740215347,0.026229309018362672,3.7575597877470557,0,coinpaprika
stable_usds,2026-05-01,55985838.0,17.840609341721148,11076077771.0,8433528279.0,0.005054662774812328,0.0066384834612350984,1.3133385464041318,0.02824317270842606,2.3650360733373788,0,coinpaprika
stable_usds,2026-05-02,29044867.0,17.184352364726383,11076387673.0,8421770939.0,0.0026222327944335393,0.0034487837784209297,1.3152088501608201,0.028178975057230334,2.0015552734586883,0,coinpaprika
stable_usds,2026-05-03,24722022.0,17.023205023774914,11074995133.0,8777799518.0,0.0022322377304109286,0.002816425910537639,1.2617051813827949,0.029337698798635636,2.122282090618599,0,coinpaprika
stable_usds,2026-05-04,39322018.0,17.48729519983953,11074551112.0,8775527610.0,0.0035506647269334486,0.004480872233276467,1.2619812282716982,0.029323994596170987,1.8086487731006073,0,coinpaprika
stable_usds,2026-05-05,75810675.0,18.143749685022147,11075156210.0,8665699086.0,0.0068451111264280756,0.008748362278408337,1.2780453256094058,0.028912214052436304,2.1834533437603554,0,coinpaprika
stable_usds,2026-05-06,77570580.0,18.16669880244803,11075162590.0,8685817737.0,0.007004012751021834,0.008930716985870366,1.2750857691638897,0.028939267565772656,2.251056436858301,0,coinpaprika
stable_usds,2026-05-07,62041783.0,17.943318651500697,11075713872.0,8628333146.0,0.005601605794173228,0.007190471432916552,1.2836446721038557,0.028727141930894786,1.5301835755421322,0,coinpaprika
stable_usds,2026-05-08,77684664.0,18.16816843421214,11078098608.0,8757645634.0,0.007012454641259499,0.008870496392135704,1.2649631043520708,0.02913292722302482,1.4304300861778252,0,coinpaprika
stable_usds,2026-05-09,56802581.0,17.855092340404685,11077728419.0,7886566523.0,0.00512763798240214,0.007202447457248184,1.4046325973024447,0.02634390182802737,1.8261627998650276,0,coinpaprika
stable_usds,2026-05-10,29132583.0,17.18736783080307,11076214799.0,8672011191.0,0.002630193033330321,0.0033593802358366904,1.2772371431548812,0.028897133626083014,1.9387598890618918,0,coinpaprika
stable_usds,2026-05-11,34984870.0,17.370426268860783,11072650705.0,8810318796.0,0.0031595749682776612,0.003970897172969903,1.2567820712716011,0.029342171004943483,1.729191680786002,0,coinpaprika
stable_usds,2026-05-12,62977832.0,17.9582933652967,11073541070.0,8733981599.0,0.005687235149252939,0.007210666897582045,1.2678686054557142,0.029044751283992167,1.4508854426187323,0,coinpaprika
stable_usds,2026-05-13,122222645.0,18.621354906681233,11074291053.0,8703169756.0,0.011036611230015501,0.01404346329286973,1.2724434158445939,0.02897934108625574,2.3640223476051325,0,coinpaprika
stable_usds,2026-05-14,74238989.0,18.122800041823815,11074167926.0,8686713681.0,0.006703798379804341,0.008546268672625772,1.2748397532915072,0.028961076838094464,2.98437160507814,0,coinpaprika
stable_usds,2026-05-15,81826835.0,18.220115816229942,11073359218.0,8725581332.0,0.007389522311078701,0.009377808983329296,1.2690683630888653,0.029083331270768127,2.7953030045457794,0,coinpaprika
stable_usds,2026-05-16,70626538.0,18.072916538343897,11075737330.0,8793297834.0,0.006376689505690905,0.008031860097689032,1.2595658124048479,0.029300073125611288,3.8696498432255755,0,coinpaprika
stable_usds,2026-05-17,36112021.0,17.40213638725504,11076863022.0,8806037427.0,0.003260130682150454,0.004100825291666115,1.2578714448836512,0.029333603523120963,2.832025253900472,0,coinpaprika
stable_usds,2026-05-18,42364392.0,17.561818779647073,11075097692.0,8799513857.0,0.003825193526789524,0.004814401419039665,1.2586033583195937,0.02931202377771518,4.571604169308907,0,coinpaprika
stable_usds,2026-05-19,72530781.0,18.099521609026958,11075973529.0,8844831716.0,0.006548479084939496,0.008200357375798828,1.25225373242138,0.029448058560459414,4.4355197314671635,0,coinpaprika
stable_usds,2026-05-20,52475616.0,17.775859181581836,11076033676.0,8497265965.0,0.0047377624098151935,0.006175588267584607,1.3034820519472818,0.028327919524731487,5.140629146028752,0,coinpaprika
stable_usds,2026-05-21,53409314.0,17.793495726920096,11076015126.0,8348411850.0,0.0048220694349384,0.006397541827072175,1.3267212165628843,0.027893421928974035,3.533131856024996,0,coinpaprika
stable_usds,2026-05-22,95098140.0,18.370419979480182,11074529488.0,8304652291.0,0.008587104319244015,0.011451188643148936,1.3335331931960352,0.027674974668912958,3.27977565104165,0,coinpaprika
stable_usds,2026-05-23,43147175.0,17.580127527233827,11076921655.0,8863160791.0,0.003895231576412192,0.004868147607545756,1.2497710372407933,0.029526468176644963,4.178530195906305,0,coinpaprika
stable_usds,2026-05-24,26735699.0,17.101510308928507,11076219095.0,8861337700.0,0.002413792899065076,0.0030171177202737687,1.2499488756646753,0.02953008730033317,4.346523019641557,0,coinpaprika
stable_usds,2026-05-25,25333739.0,17.047647662085232,11076799896.0,8862889650.0,0.0022870990934076903,0.002858406230974567,1.2497955332209287,0.029546770566993914,2.9299727065101866,0,coinpaprika
stable_usds,2026-05-26,32451729.0,17.295264312482203,11075670001.0,8826582648.0,0.0029300014353145225,0.0036765903967775323,1.2548083944480617,0.02941863774397397,3.5349013332097723,0,coinpaprika
stable_usds,2026-05-27,39983722.0,17.503983004261766,11076637210.0,8773808142.0,0.0036097347274227465,0.004557168489768875,1.2624663123161326,0.029262051851908666,3.7499116307548874,0,coinpaprika
stable_usds,2026-05-28,54759907.0,17.818468878324673,11077360246.0,8735300542.0,0.004943407615525877,0.006268806291977035,1.2681143817249556,0.02919167363489083,2.8154849180339614,0,coinpaprika
stable_usds,2026-05-29,63876223.0,17.97245776873116,11078389652.0,8806785064.0,0.00576584007301714,0.007253069370468742,1.2579380070584179,0.029517985695962146,3.4881491367755313,0,coinpaprika
stable_usds,2026-05-30,80564744.0,18.204571704838642,11076805391.0,8843624100.0,0.007273283329998697,0.009109924063823563,1.2525187938505888,0.029717101831411435,4.777447925677913,0,coinpaprika
stable_usds,2026-05-31,15054825.0,16.52720916220913,11078089675.0,8830872566.0,0.0013589730216730712,0.0017047947286616977,1.2544728272551544,0.029693688150528252,3.940623555674927,0,coinpaprika
stable_usds,2026-06-01,36064663.0,17.400824107364656,11075578692.0,8822795684.0,0.0032562328346824767,0.004087668386722668,1.2553366402993311,0.0296925958091494,4.158800585127853,0,coinpaprika
stable_usds,2026-06-02,71013912.0,18.078386373554856,11075620265.0,8783546754.0,0.006411732282336424,0.008084878920654744,1.2609507952987438,0.029542098127997008,3.0609679402004986,0,coinpaprika
stable_usds,2026-06-03,79099091.0,18.186211953531668,11074203204.0,8731839901.0,0.00714264399369423,0.009058696895134473,1.2682554111799216,0.02939506691636964,2.7843466554799967,0,coinpaprika
stable_usds,2026-06-04,139465541.0,18.753328117960827,11073051209.0,8750676571.0,0.012595041634653024,0.015937686631247797,1.265393723463214,0.029522563334605522,4.423864209062156,0,coinpaprika
stable_usds,2026-06-05,241737324.0,19.303362260726683,11074614696.0,8683884089.0,0.021828057285578722,0.02783746553068484,1.2753066004218518,0.02938682557694296,4.1668469858546775,0,coinpaprika
stable_usds,2026-06-06,206014308.0,19.14345618550659,11075638674.0,8545852531.0,0.018600670721013807,0.02410693459226976,1.2960250172610894,0.02895324135674282,0.9075596797736285,0,coinpaprika
stable_usds,2026-06-07,93988294.0,18.358680811204266,11076940056.0,8583274773.0,0.008485041313290285,0.01095016721306121,1.2905260927733788,0.029128308154714334,2.671832382241668,0,coinpaprika
stable_usds,2026-06-08,134767098.0,18.719058653951596,11076143104.0,8254437769.0,0.012167330878140304,0.016326623541354366,1.3418410089172967,0.028019307492166527,3.0258475001621044,0,coinpaprika
stable_usds,2026-06-09,144025998.0,18.785504389854445,11075907672.0,8533564748.0,0.013003539056586676,0.01687758893887284,1.2979227320676092,0.028918305805470106,2.374411998027348,0,coinpaprika
stable_usds,2026-06-10,137650379.0,18.740227550173852,11075250575.0,8471974699.0,0.012428646924767207,0.0162477325405903,1.3072808841493921,0.028819335696105664,2.5451716309210504,0,coinpaprika
stable_usds,2026-06-11,132254697.0,18.700240151701223,11075055497.0,8444589994.0,0.01194167352351643,0.015661470491044424,1.3114971247708869,0.02874751682470493,3.3337887137352418,0,coinpaprika
stable_usds,2026-06-12,114053766.0,18.552180535522297,11074374366.0,8404423730.0,0.01029889023348915,0.013570682495800339,1.3176839628479797,0.028640263340198573,3.447052141681839,0,coinpaprika
stable_usds,2026-06-13,75522279.0,18.139938270023755,11074157734.0,8486100388.0,0.00681968604873043,0.008899526937814019,1.3049760464370317,0.028942925582830813,3.925359781381532,0,coinpaprika
stable_usds,2026-06-14,24871839.0,17.0292467977634,11072880182.0,8449822786.0,0.0022461941781354677,0.002943474630167232,1.3104275039171218,0.028819613260696826,2.0618308663222784,0,coinpaprika
stable_usds,2026-06-15,49972017.0,17.726973766735505,11073458961.0,8457254211.0,0.004512773937754968,0.005908775561576885,1.3093444615389722,0.02884792187967622,3.3632219232437865,0,coinpaprika
stable_usds,2026-06-16,71199496.0,18.080996311750507,11074965012.0,8464475526.0,0.006428868707291949,0.008411566172209877,1.308405343955625,0.02883696654253851,3.292338922944449,0,coinpaprika
stable_usds,2026-06-17,81617800.0,18.217557945652995,11074265854.0,8190769747.0,0.007370041596980429,0.009964606809988013,1.352042139636037,0.0279191101111492,4.030204870598686,0,coinpaprika
stable_usds,2026-06-18,133806691.0,18.71190671935538,11075004477.0,8192161728.0,0.012081863377832746,0.016333502125899436,1.3519025679323111,0.027936203654917044,3.372453587245916,0,coinpaprika
stable_usds,2026-06-19,104290334.0,18.462689250288996,11075277842.0,8158525950.0,0.009416498212307332,0.01278298734834569,1.3575096665593127,0.027821891708532658,2.8978278793223566,0,coinpaprika
stable_usds,2026-06-20,55189606.0,17.826285214535105,11075597038.0,8182365899.0,0.004982991509229374,0.0067449447606278455,1.3535934685289,0.027889450283675916,2.8439648230715875,0,coinpaprika
stable_usds,2026-06-21,41959768.0,17.55222183623413,11074908659.0,8167906745.0,0.003788723617679816,0.005137150718044835,1.3559053751170123,0.027834394329482617,3.658133313544365,0,coinpaprika
stable_usds,2026-06-22,60462752.0,17.917538080516447,11073404718.0,8163676795.0,0.005460177202926288,0.0074063137870709886,1.3564237041797291,0.02781727509246677,2.7271254259852995,0,coinpaprika
stable_usds,2026-06-23,84277529.0,18.249625839399137,11074067367.0,8188498349.0,0.007610350037344143,0.010292183671294529,1.3523929412958107,0.027910156940630187,3.5666668550193847,0,coinpaprika
stable_usds,2026-06-24,60243952.0,17.913912760152893,11075174404.0,8169552320.0,0.005439548832589201,0.007374204808324185,1.3556647867823435,0.02788109450974926,3.339137911416712,0,coinpaprika
stable_usds,2026-06-25,56126301.0,17.84311510197588,11073664062.0,8135293592.0,0.005068448951111047,0.0068991119208276505,1.3611880059116126,0.027804647852984015,4.947918583203537,0,coinpaprika
stable_usds,2026-06-26,52580733.0,17.77786033684906,11072799233.0,8185779748.0,0.004748639607164094,0.00642342386659583,1.3526871689536204,0.02798514948361334,4.553260347675003,0,coinpaprika
stable_usds,2026-06-27,33021208.0,17.312660609959202,11072535580.0,8217835752.0,0.0029822625324993535,0.004018236552362771,1.347378545172948,0.028193302527052256,4.708096937967587,0,coinpaprika
stable_usds,2026-06-28,12411023.0,16.33409566787822,11072685695.0,8219091143.0,0.0011208683549650779,0.0015100237707632877,1.3471910096082018,0.028198067754546727,4.887428206261646,0,coinpaprika
stable_usds,2026-06-29,32414606.0,17.29411971250108,11070749200.0,8219290770.0,0.0029279505311167195,0.0039437229935107895,1.3469226858852203,0.028208647980643254,5.512086064739519,0,coinpaprika
stable_usds,2026-06-30,70573354.0,18.07216322329516,11074889733.0,7912476500.0,0.006372375319431995,0.008919249744375229,1.3996742654464756,0.027216678125907324,4.372265534478004,0,coinpaprika
stable_usds,2026-07-01,95066660.0,18.37008889822901,11073947259.0,7902379144.0,0.0085847130906947,0.012030131466443342,1.4013434507768538,0.02725566936249435,4.515199168538819,0,coinpaprika
stable_usds,2026-07-02,156901056.0,18.871125954455586,11075112656.0,7889270637.0,0.014166994131206244,0.019887903865808274,1.4038195880945794,0.02719754510438643,3.2364963812159253,0,coinpaprika
stable_usds,2026-07-03,136738534.0,18.73358115662918,11074976075.0,7956647411.0,0.012346621164145494,0.017185445946864518,1.3919148986907395,0.02745746549133411,2.473082739864463,0,coinpaprika
stable_usds,2026-07-04,84693783.0,18.25455276849947,11074685925.0,8021687678.0,0.007647511051199404,0.010558100290077137,1.3805930085476958,0.027699692953706907,2.1939501384671267,0,coinpaprika
stable_usds,2026-07-05,36434650.0,17.411030830338845,11074144565.0,8007511428.0,0.0032900645089239903,0.004550059069862622,1.3829695610894606,0.027654641032187264,2.7799481147006144,0,coinpaprika
stable_usds,2026-07-06,81088354.0,18.211049920613114,11074469921.0,8003935822.0,0.007322097994616965,0.010131059993899086,1.38362802592197,0.027639152282341956,2.8218225738119163,0,coinpaprika
stable_usds,2026-07-07,195689208.0,19.092038290324805,11075625470.0,7581092283.0,0.01766845660590941,0.02581279856450469,1.4609537856221873,0.026206681334793435,1.8377617143094938,0,coinpaprika
stable_usds,2026-07-08,278589664.0,19.445250522426637,11075086322.0,7637160257.0,0.02515462687153943,0.03647817442938333,1.450157643588649,0.026614680086771297,2.2401977853436783,0,coinpaprika
stable_usds,2026-07-09,271029816.0,19.417739398621837,11075448349.0,7556045471.0,0.02447122748077925,0.0358692674680438,1.4657731205439963,0.02633018096432797,2.5770574289463166,0,coinpaprika
stable_usds,2026-07-10,168920553.0,18.94493906768365,11075289106.0,7530416700.0,0.015252021990874068,0.022431767022932477,1.470740537638508,0.02617149405855174,2.1910377733402875,0,coinpaprika
stable_usds,2026-07-11,111040907.0,18.525409231922765,11075693841.0,7595610432.0,0.010025638898481359,0.014619089274535348,1.45817033932369,0.026415918064691294,1.5947336814425839,0,coinpaprika
stable_usds,2026-07-12,67523817.0,18.02799095286183,11076984094.0,7614469438.0,0.006095866566837015,0.008867829538197695,1.454728288581779,0.02648011741832423,2.5679711898995983,0,coinpaprika
stable_usds,2026-07-13,111999500.0,18.5340049738923,11074777077.0,7588393290.0,0.010113025230331685,0.014759316724871544,1.459436359419373,0.0263854168441169,2.4057680081313038,0,coinpaprika
stable_usds,2026-07-14,240940754.0,19.300061631358293,11076609937.0,6699755960.0,0.021752210773006295,0.03596261646521227,1.6532855828080042,0.023411621198744514,3.016661683025168,0,coinpaprika
stable_usds,2026-07-15,240425825.0,19.29792218413974,11076046590.0,6646688696.0,0.021706826803804553,0.03617227103545395,1.6664006840978731,0.02321906929555196,2.23468700443874,0,coinpaprika
stable_usds,2026-07-16,119743761.0,18.600864701040432,11075054753.0,6587117767.0,0.010812024289772827,0.01817847581227251,1.6813202898061987,0.023024755105826984,2.06040484952541,0,coinpaprika
stable_usds,2026-07-17,125969189.0,18.65154791120541,11076300879.0,6645827158.0,0.011372857272126835,0.01895462912368447,1.666654972461443,0.023212892240007246,1.567443629433285,0,coinpaprika
stable_usds,2026-07-18,100279828.0,18.423475126027544,11076175531.0,6660909356.0,0.009053651029575761,0.015054975625763493,1.6628623719406759,0.023245443048051418,1.9376282830840807,0,coinpaprika
stable_usds,2026-07-19,30873371.0,17.24540462277727,11076330431.0,6698077155.0,0.0027873284561458025,0.004609288648900312,1.653658232755905,0.023367407129172204,1.5739986967000519,0,coinpaprika
stable_usds,2026-07-20,81764317.0,18.21935149613665,11076038164.0,6668471699.0,0.007382090580525017,0.012261327736048025,1.6609560127039238,0.02326708087015983,1.5173666755241566,0,coinpaprika
stable_usds,2026-07-21,126299383.0,18.6541657100325,10291413068.0,6617521644.0,0.012272307229870487,0.0190856017999599,1.555176336647279,0.023088777444975953,2.061659568518559,0,coinpaprika
stable_usds,2026-07-22,137992515.0,18.742710009766817,9895610617.0,6682265512.0,0.013944820622078444,0.02065055851974054,1.480876597798977,0.023317889791164732,1.0241800454480199,0,coinpaprika
stable_usds,2026-07-23,135645289.0,18.72555387475612,9895224125.0,6677327274.0,0.013708157317760601,0.02031430891940433,1.481913903416081,0.023327258097899196,1.1640240327226437,0,coinpaprika
stable_usds,2026-07-24,139302880.0,18.7521611205175,9896115070.0,6658628042.0,0.014076521848689457,0.020920657997613376,1.4862093223377562,0.023206708951765527,1.0749956190014842,0,coinpaprika
stable_usds,2026-07-25,176445010.0,18.98851983338716,9898726839.0,6655817260.0,0.017825020618290444,0.026509893993093194,1.487229359268797,0.02319942355566716,1.2185040787326962,0,coinpaprika
stable_usds,2026-07-26,44662605.0,17.61464715466671,9896892402.0,6646212310.0,0.004512790801986937,0.006720008768422867,1.4891026558253297,0.02317466154246013,1.0927069564659053,0,coinpaprika
stable_usds,2026-07-27,86958685.0,18.28094369026748,9893633394.0,6648716469.0,0.008789357917055644,0.013079018394820952,1.4880516322405386,0.023218770841402264,1.162470131810256,0,coinpaprika
stable_usds,2026-07-28,198182632.0,19.104699552408476,9894177106.0,6542174036.0,0.020030228878743096,0.030293084670240954,1.5123683735031717,0.022936964693294336,1.5885480158073229,0,coinpaprika
stable_usds,2026-07-29,219482621.0,19.2067836165025,9891267361.0,6551418162.0,0.02218953476734355,0.03350154357007139,1.5097902647051336,0.02298385619797283,2.376724027799426,0,coinpaprika
stable_usds,2026-07-30,152941225.0,18.845564261763734,9893499881.0,6536815664.0,0.015458758461575,0.023396900396364,1.5135044935542794,0.02295859770226711,2.6519954734038897,0,coinpaprika
stable_usds,2026-07-31,213709159.0,19.180126583198543,9894009912.0,6538958995.0,0.021599852931297528,0.032682443667778345,1.513086397936649,0.02302728682513929,2.788737381530515,0,coinpaprika
stable_usds,2026-08-01,110445868.0,18.520036085591787,9895047120.0,6555079943.0,0.011161732396075746,0.016848897185142993,1.509523484998328,0.02308430182356161,2.3747825356479346,0,coinpaprika
stable_usds,2026-08-02,60782818.0,17.922817724765668,9893805915.0,6568850305.0,0.006143522373715373,0.009253189702577642,1.5061700991220868,0.023136803678203782,2.189121124152038,0,coinpaprika
stable_usds,2026-08-03,60748229.0,17.922248503958006,9895486674.0,6558242642.0,0.00613898345794488,0.009262882195141568,1.5088625435460061,0.023110698554426063,2.389158308488959,0,coinpaprika
stable_usds,2026-08-04,104065034.0,18.460526598202687,9893838609.0,6566475903.0,0.010518165710256938,0.01584792749371946,1.5067197009707811,0.02312206127978965,2.4530729129845774,0,coinpaprika
stable_usds,2026-08-05,154248433.0,18.854075068348155,9895597520.0,6683272817.0,0.01558758151675514,0.02307977501795884,1.4806514399395645,0.023511586040393554,1.0389053224124645,0,coinpaprika
stable_usds,2026-08-06,160640006.0,18.894676438043334,9896077623.0,6670293091.0,0.01623269462101308,0.02408290067744491,1.4836046164676695,0.023470627003120963,0.6837313792007471,0,coinpaprika
stable_usds,2026-08-07,196705984.0,19.097220709942658,9895298457.0,6685617612.0,0.019878731789120405,0.029422260652020072,1.4800874102100832,0.02351765628273891,0.651743310245978,0,coinpaprika
stable_usds,2026-08-08,229983277.0,19.253517159896553,9895621080.0,6702218537.0,0.023240913848734394,0.03431449985260306,1.4764694743047588,0.023565737103816476,1.5049400628652787,0,coinpaprika
stable_usds,2026-08-09,58435492.0,17.883434020038372,9894976259.0,6696454810.0,0.0059055717235147335,0.008726332613002432,1.4776439981680396,0.023544905398391856,0.921394819085597,0,coinpaprika
stable_usds,2026-08-10,97453866.0,18.394889665018688,9894672993.0,6687707477.0,0.009849124480308129,0.014572088617087102,1.4795313681151907,0.023508836018189764,0.30034693766722853,0,coinpaprika
stable_usds,2026-08-11,195115595.0,19.08910274089151,9894556605.0,6642174412.0,0.019719488481313305,0.02937525919938159,1.489656246774268,0.0234450515865497,1.8292016117971155,0,coinpaprika
stable_usds,2026-08-12,166127233.0,18.928264522612306,9894883774.0,6636308195.0,0.01678920508763522,0.025033079856834468,1.4910223400195777,0.0233448085949501,1.0057141838937245,0,coinpaprika
stable_usds,2026-08-13,201366307.0,19.120636235277214,9894928602.0,6635096083.0,0.020350455783915318,0.030348664809229712,1.4913014790173311,0.0233458720403696,0.9623289349303121,0,coinpaprika
stable_usds,2026-08-14,254801155.0,19.35599401854367,9895593609.0,6649019045.0,0.02574895100464306,0.038321616057275104,1.4882787283398433,0.02340010743050123,0.39183022884969887,0,coinpaprika
stable_usds,2026-08-15,153433425.0,18.848777324073122,9896042942.0,6670250990.0,0.015504522959253747,0.023002646411660742,1.4836087812641665,0.023464709205733576,0.698071106500775,0,coinpaprika
stable_usds,2026-08-16,74786364.0,18.13014614023232,9897046706.0,6682438100.0,0.007556432360237464,0.01119147875084694,1.4810532559964902,0.0235203282942308,0.7709549751022671,0,coinpaprika
stable_usds,2026-08-17,97292382.0,18.393231260433122,9896834608.0,6695884589.0,0.009830656553697963,0.014530176066629335,1.4780473702098331,0.0235658774863881,1.421274316404375,0,coinpaprika
stable_usds,2026-08-18,143236151.0,18.780005238729196,9895873303.0,6712563498.0,0.014474331533385437,0.02133851710195025,1.4742316115070588,0.023621239155109372,0.4495208836585718,0,coinpaprika
stable_usds,2026-08-19,169251489.0,18.946896273262958,9894171475.0,6713169166.0,0.01710618109132781,0.02521186116643735,1.473845099138978,0.0236229448607111,0.32278269805452453,0,coinpaprika
stable_usds,2026-08-20,293676249.0,19.497988528071055,9863779164.0,6687001431.0,0.029773197890706548,0.04391747961030158,1.4750676017912758,0.023480151471556354,0.5252881525819042,0,coinpaprika
stable_usds,2026-08-21,347994896.0,19.66769837383813,9737511778.0,6722665920.0,0.035737558416743205,0.05176441907736507,1.4484598660526626,0.023558309509788027,1.5689827766529607,0,coinpaprika
stable_usdt,2025-08-25,114573666836.0,25.464483831550577,149001002853.0,167221537708.0,0.7689456087019428,0.6851609452130921,0.8910395448771888,0.6356178054369586,0.860000000000305,0,coinpaprika
stable_usdt,2025-08-26,117322499314.0,25.488192384229702,148989527639.0,167238333460.0,0.7874546699568787,0.701528751732396,0.8908814418115166,0.6311226033474636,0.0,0,coinpaprika
stable_usdt,2025-08-27,92860320916.0,25.254362275455108,148957661099.0,167217333459.0,0.6234007719434003,0.5553271242587325,0.8908027536243598,0.6307210236966074,0.0,0,coinpaprika
stable_usdt,2025-08-28,87302272402.0,25.192642329269923,148997210962.0,167383925958.0,0.5859322589888305,0.5215690330020453,0.8901524451002923,0.6298538517073506,0.0,0,coinpaprika
stable_usdt,2025-08-29,94088787172.0,25.267504717808674,149006141301.0,168429502725.0,0.6314423442583876,0.5586241463030479,0.8846795774507918,0.628044094899513,0.0,0,coinpaprika
stable_usdt,2025-08-30,89368551856.0,25.216034688303314,148985473359.0,167600371918.0,0.5998474202961706,0.5332240664699979,0.8889328326305415,0.6248344949719055,0.0,0,coinpaprika
stable_usdt,2025-08-31,56964479823.0,24.765693749552998,148969248879.0,168005950273.0,0.382390864233123,0.339062275654142,0.8866903144616816,0.6255312262029165,0.0,0,coinpaprika
stable_usdt,2025-09-01,75049410098.0,25.041412534888394,148947704563.0,167960422397.0,0.5038641603654694,0.4468279433151776,0.8868023933098921,0.6236857211536164,0.0,0,coinpaprika
stable_usdt,2025-09-02,89935313495.0,25.222356509926687,148930147301.0,167981863668.0,0.6038758110756003,0.5353870443582439,0.8865846827092365,0.6238302460131687,0.0,0,coinpaprika
stable_usdt,2025-09-03,86234040746.0,25.180330840919435,148930197954.0,166871763653.0,0.5790232063791056,0.5167683187271791,0.8924829143874309,0.6216647284439765,0.0,0,coinpaprika
stable_usdt,2025-09-04,75406993434.0,25.046165858786523,148977474186.0,168285427737.0,0.5061637260667579,0.4480898580942352,0.885266634130824,0.6226624283961453,0.0,0,coinpaprika
stable_usdt,2025-09-05,85778551581.0,25.175034830627958,148967042970.0,170586184029.0,0.5758223421154616,0.5028458316789446,0.8732655801988941,0.6258475643454896,0.0,0,coinpaprika
stable_usdt,2025-09-06,74963942980.0,25.040273074627123,148973984608.0,168825084008.0,0.5032015702423146,0.44403320407320357,0.8824161734220767,0.6230188519418959,0.0,0,coinpaprika
stable_usdt,2025-09-07,49875054177.0,24.63278679843154,148978705669.0,168825084007.0,0.33477975226749584,0.29542442978990036,0.8824441376426201,0.6229623274861094,0.0,0,coinpaprika
stable_usdt,2025-09-08,71134220469.0,24.98783435853023,148938150584.0,168825084004.0,0.47760912962915325,0.4213486454851378,0.8822039181124955,0.6234483085498871,0.0,0,coinpaprika
stable_usdt,2025-09-09,95268611337.0,25.27996622649085,148932634324.0,168877363164.0,0.639675862643677,0.56412896051961,0.88189815102317,0.6232044728227246,0.0,0,coinpaprika
stable_usdt,2025-09-10,98482540364.0,25.313145114235233,148951750093.0,169048563162.0,0.6611707502765903,0.5825695203905622,0.8811181077608975,0.6229822097350588,0.0,0,coinpaprika
stable_usdt,2025-09-11,99437561586.0,25.32279576239809,148942977987.0,169411163153.0,0.6676216826729426,0.5869599130028706,0.879180422440553,0.6240970879875455,0.0,0,coinpaprika
stable_usdt,2025-09-12,99966932936.0,25.328105297620915,148942293387.0,169513361626.0,0.6711789557063805,0.5897289274255478,0.8786463318190441,0.6233704681065768,0.0,0,coinpaprika
stable_usdt,2025-09-13,99246555703.0,25.320873052677282,148908335413.0,170102454965.0,0.6664942927992437,0.5834516363883214,0.8754037996902463,0.6225939171196742,9.999999999998899,0,coinpaprika
stable_usdt,2025-09-14,79813014043.0,25.10295241136369,148919218278.0,170364871683.0,0.5359483817193181,0.4684828113597799,0.8741192759214811,0.6221554043976927,9.999999999998899,0,coinpaprika
stable_usdt,2025-09-15,91844750674.0,25.243365495912848,149001557334.0,170178989121.0,0.6164012800760329,0.5396950067008384,0.8755578940950078,0.6210199451390429,9.999999999998899,0,coinpaprika
stable_usdt,2025-09-16,89544699294.0,25.218003771015525,148994476495.0,170624947838.0,0.600993415329762,0.5248042588649949,0.8732279680253027,0.6220044841184549,0.0,0,coinpaprika
stable_usdt,2025-09-17,93367312550.0,25.25980714823911,148989853477.0,170903775343.0,0.626668933293591,0.5463150966829956,0.8717762564225439,0.6211654835482131,0.0,0,coinpaprika
stable_usdt,2025-09-18,129962371315.0,25.590510794087464,148947114656.0,171220679162.0,0.8725403752543571,0.7590343172978332,0.8699131167157331,0.6219555422423529,0.0,0,coinpaprika
stable_usdt,2025-09-19,89884230620.0,25.221788352815345,148974252742.0,171395619409.0,0.6033541297613714,0.5244254837430237,0.8691835488893326,0.6196559737897918,0.0,0,coinpaprika
stable_usdt,2025-09-20,66390327858.0,24.91881721804456,149024947446.0,172019220193.0,0.44549807932028895,0.3859471504609322,0.8663273050464875,0.6203420317114692,0.0,0,coinpaprika
stable_usdt,2025-09-21,55215528599.0,24.734510065885146,149029088107.0,172279220193.0,0.37050168729044575,0.32050022363198216,0.865043897575381,0.6209256215938547,0.0,0,coinpaprika
stable_usdt,2025-09-22,105765146577.0,25.384486874668365,149068843760.0,171971462933.0,0.709505379590126,0.6150156820972446,0.8668231415701636,0.6202658686940673,0.0,0,coinpaprika
stable_usdt,2025-09-23,105875218601.0,25.385527054634327,149026320357.0,172687580334.0,0.710446438906702,0.6131026817112366,0.8629822716188618,0.6206909332159324,9.999999999998899,0,coinpaprika
stable_usdt,2025-09-24,93945399628.0,25.26597959544415,149011185459.0,173008506231.0,0.6304587091138122,0.5430102928151095,0.8612939831989596,0.620653659362704,0.0,0,coinpaprika
stable_usdt,2025-09-25,108704841368.0,25.411902168895,149080059969.0,173336087144.0,0.7291708991169195,0.6271333520854939,0.86006360490387,0.6201909118398641,0.0,0,coinpaprika
stable_usdt,2025-09-26,134412137213.0,25.624176567609847,149044163749.0,173404033837.0,0.9018275780282059,0.775138468458857,0.8595195881608019,0.6206296470953357,0.0,0,coinpaprika
stable_usdt,2025-09-27,84245465085.0,25.15700057785776,149067203493.0,174168318428.0,0.5651509058392986,0.48370143230053925,0.8558801327270285,0.621358764008982,9.999999999998899,0,coinpaprika
stable_usdt,2025-09-28,54526018444.0,24.721943827355766,149094234634.0,174376743851.0,0.3657151369927331,0.31269088549210977,0.8550121497933051,0.6217320572559003,0.0,0,coinpaprika
stable_usdt,2025-09-29,87022822111.0,25.189436244326735,149029551445.0,174335617850.0,0.5839299740703853,0.4991683465731899,0.8548428214665027,0.6213407863179371,0.0,0,coinpaprika
stable_usdt,2025-09-30,101175674610.0,25.340124195449885,148999195940.0,174592531943.0,0.6790350375497469,0.5794960041190723,0.853411049612617,0.6222714642357672,0.0,0,coinpaprika
stable_usdt,2025-10-01,108818262248.0,25.412945008836065,148986989514.0,174875230173.0,0.7303876842063083,0.622262296040146,0.8519616492662262,0.621066660803969,0.0,0,coinpaprika
stable_usdt,2025-10-02,122658605231.0,25.532670766070304,149001988913.0,175465763402.0,0.8232011272186339,0.6990458016016696,0.8491798401243079,0.6217088067755102,0.0,0,coinpaprika
stable_usdt,2025-10-03,124932525202.0,25.551039630129118,149015765470.0,176151363391.0,0.8383846152650978,0.7092339383413657,0.8459529497891674,0.6214601490729625,4.761901614016573,0,coinpaprika
stable_usdt,2025-10-04,108154182532.0,25.406823662041973,148998026133.0,176615965939.0,0.7258766128583368,0.6123692269664597,0.8436271621358471,0.6198167131027923,5.4121026556464,0,coinpaprika
stable_usdt,2025-10-05,97613906368.0,25.304285803504612,148958982244.0,176994189391.0,0.6553072859218723,0.5515091015353049,0.8416037992915854,0.6204755857843971,3.888901426942759,0,coinpaprika
stable_usdt,2025-10-06,109025441397.0,25.414847099261404,148965040557.0,176876946043.0,0.7318860921283239,0.6163914734851605,0.842195910148661,0.6206824893377658,2.005651574943368,0,coinpaprika
stable_usdt,2025-10-07,129599817922.0,25.587717215948476,166354505380.0,177383766513.0,0.7790580581268776,0.7306182548136498,0.9378226015276787,0.6210122333142196,3.1487878617686427,0,coinpaprika
stable_usdt,2025-10-08,139069425176.0,25.65823910709266,177513242172.0,177877724056.0,0.7834312723624857,0.7818259757597177,0.9979509413787797,0.6211241317817828,3.761813882228182,0,coinpaprika
stable_usdt,2025-10-09,118508443899.0,25.498250051523055,177513313091.0,178046224055.0,0.6676031326070069,0.6656049266306918,0.9970068954462332,0.6217393361068547,2.424094546473743,0,coinpaprika
stable_usdt,2025-10-10,134442244421.0,25.624400534263785,177643850154.0,177415123608.0,0.7568077606089465,0.7577834498374058,1.0012892167327594,0.6200240736533745,5.351928781318627,0,coinpaprika
stable_usdt,2025-10-11,320381534443.0,26.492778417658307,177706308514.0,179046344878.0,1.8028709116860633,1.7893776868849463,0.9925157010889383,0.62418022817377,17.284380534885457,0,coinpaprika
stable_usdt,2025-10-12,159173320802.0,25.793259513417382,177631194968.0,179864638049.0,0.8960887800742141,0.8849617274888513,0.9875826448977061,0.6276720090375278,15.866372180119992,0,coinpaprika
stable_usdt,2025-10-13,169765101807.0,25.857681564423647,177591530366.0,179989018048.0,0.9559301699643533,0.9431969997287643,0.9866798113129289,0.6278812808009515,12.013262602501573,0,coinpaprika
stable_usdt,2025-10-14,164705727536.0,25.82742624909912,177597461529.0,180122114669.0,0.9274103701595143,0.9144114693449508,0.9859836581163872,0.6275465090218854,10.327473054818626,0,coinpaprika
stable_usdt,2025-10-15,152376465496.0,25.74962004240135,177575090930.0,180573124485.0,0.85809594520251,0.8438490829163103,0.9833971220050022,0.6273971907728644,6.6206485273090365,0,coinpaprika
stable_usdt,2025-10-16,129037936386.0,25.583372278594265,177548444628.0,181293478152.0,0.7267759323736158,0.711762704876852,0.9793427013361171,0.6279631737825473,7.438114942035501,0,coinpaprika
stable_usdt,2025-10-17,157781530542.0,25.784477195054325,177520459937.0,181413378149.0,0.8888075808162894,0.8697348131206152,0.9785411734695628,0.6285197357295792,4.993480957999896,0,coinpaprika
stable_usdt,2025-10-18,109104786316.0,25.415574599739728,177574518468.0,181627031669.0,0.6144169065318983,0.600707864426449,0.9776877199183359,0.6288153897178512,7.24285589422724,0,coinpaprika
stable_usdt,2025-10-19,59264254035.0,24.805272162475518,177585180569.0,181833031406.0,0.33372297083073954,0.32592677786179414,0.9766387283753999,0.629623913446032,6.331818133902267,0,coinpaprika
stable_usdt,2025-10-20,91927878550.0,25.244270177769117,177552771775.0,181834571467.0,0.5177496111775358,0.5055577594972549,0.9764522243627523,0.6289750815331557,6.244451739760848,0,coinpaprika
stable_usdt,2025-10-21,126818980613.0,25.566026557132055,177538266959.0,182026317119.0,0.7143191312230568,0.6967068422863925,0.9753439489902664,0.6297917913668039,5.299376624408048,0,coinpaprika
stable_usdt,2025-10-22,167317756665.0,25.84316057598372,177508205258.0,182533617116.0,0.9425916758147115,0.9166407772365003,0.9724685680511861,0.6289942092006504,5.427601576510899,0,coinpaprika
stable_usdt,2025-10-23,132881447847.0,25.61272319809817,177497773372.0,182467850715.0,0.7486372663870376,0.7282458105704881,0.9727619012142427,0.6300537532365958,3.882727723385493,0,coinpaprika
stable_usdt,2025-10-24,111338749575.0,25.43584318895791,177498430313.0,182725366353.0,0.6272661080927066,0.6093228969639005,0.9713945789557084,0.6310161878731607,4.611995445336081,0,coinpaprika
stable_usdt,2025-10-25,80955063740.0,25.11716006904817,177508712309.0,183034945595.0,0.4560624810295322,0.4422929374324433,0.9698077693959718,0.6311213661307761,3.9801176483234,0,coinpaprika
stable_usdt,2025-10-26,65589337276.0,24.906678978176007,177458018955.0,183030712256.0,0.3696048094204873,0.35835153820667,0.9695532338135382,0.6315100470834906,3.8064546018867773,0,coinpaprika
stable_usdt,2025-10-27,113352079147.0,25.45376455645779,177445686084.0,183132999190.0,0.6387987313106102,0.618960425747178,0.9689443566634355,0.6321501017588982,1.408522859971395,0,coinpaprika
stable_usdt,2025-10-28,106337116071.0,25.389880224775222,177482203785.0,183191016851.0,0.5991424142998338,0.5804712365207854,0.9688368285512422,0.6331758866968504,1.4871450303077793,0,coinpaprika
stable_usdt,2025-10-29,111032658985.0,25.43309022008213,177543537622.0,183418916842.0,0.62538271159942,0.6053500963624451,0.9679674303983534,0.6334399523174891,3.0225290416541206,0,coinpaprika
stable_usdt,2025-10-30,133858157000.0,25.620046546415654,177533039426.0,183364985897.0,0.7539901160527096,0.7300093654477249,0.9681948740514946,0.6343470307533232,3.22883163759613,0,coinpaprika
stable_usdt,2025-10-31,126745132691.0,25.5654440778283,177455708900.0,183363406166.0,0.7142353068078724,0.6912237034703471,0.9677814816515149,0.634720624408065,1.6806930467883063,0,coinpaprika
stable_usdt,2025-11-01,85517731501.0,25.17198957737593,177497291515.0,183417069851.0,0.4817973884056312,0.4662473976411839,0.96772504139986,0.6353771955216949,2.6398047951436965,0,coinpaprika
stable_usdt,2025-11-02,63573427753.0,24.875461417378595,177512408534.0,183477069850.0,0.3581351201193544,0.34649249524735637,0.967490971373827,0.6353331556810226,0.950317468443318,0,coinpaprika
stable_usdt,2025-11-03,114523312765.0,25.464044244159265,177502336031.0,183567064850.0,0.645193270836723,0.6238772345059915,0.9669617813851535,0.6357554518297649,0.04964687192465789,0,coinpaprika
stable_usdt,2025-11-04,174190086328.0,25.883412990038163,177459293847.0,183562064846.0,0.9815777046773407,0.9489438162189848,0.9667536372282588,0.6358744176054487,0.7898136489048468,0,coinpaprika
stable_usdt,2025-11-05,202030531661.0,26.031684669767667,177460161561.0,183334272915.0,1.1384556955424285,1.1019790705181907,0.9679595568215255,0.6369802175736737,0.2899413952461849,0,coinpaprika
stable_usdt,2025-11-06,113480228216.0,25.45489445796188,177470577876.0,183524336772.0,0.6394312205107568,0.6183388547371854,0.9670138631067724,0.6372912868011783,0.841561593367679,0,coinpaprika
stable_usdt,2025-11-07,125296789114.0,25.55395107294148,177416048502.0,183421456118.0,0.7062314270435773,0.6831086818621327,0.9672589688082263,0.6373388255394768,3.9784047765778485,0,coinpaprika
stable_usdt,2025-11-08,121797664390.0,25.525627016266593,177447373012.0,183636808748.0,0.6863875318219749,0.6632530004218259,0.9662952336288222,0.6369225545650222,2.815097750293871,0,coinpaprika
stable_usdt,2025-11-09,75830361981.0,25.051764603246703,177475748430.0,183443867184.0,0.42727168445163094,0.4133709300019267,0.96746623996967,0.6373015851583073,1.98891409152413,0,coinpaprika
stable_usdt,2025-11-10,127671665640.0,25.57272769314927,177453082443.0,183443867160.0,0.7194671621498017,0.69597129419783,0.9673426819345515,0.6373871621014259,1.9302495913942064,0,coinpaprika
stable_usdt,2025-11-11,155565098790.0,25.77033012270246,177465226951.0,183471337794.0,0.8765948206459238,0.8478986454258437,0.9672640374501241,0.6364774423689762,3.5758569993160627,0,coinpaprika
stable_usdt,2025-11-12,113218704681.0,25.45258722477229,177476276260.0,183558450276.0,0.6379371207627568,0.6167991967177944,0.9668651919491867,0.6366729818224761,2.4510362604723834,0,coinpaprika
stable_usdt,2025-11-13,121475218653.0,25.522976117228527,177455504234.0,184167697723.0,0.6845390295294411,0.6595902547237491,0.9635539045555341,0.6372605453196571,2.045986064111993,0,coinpaprika
stable_usdt,2025-11-14,160302227749.0,25.800326793845265,177406542598.0,184038597717.0,0.9035868993413728,0.8710250444067178,0.9639637815041481,0.6379467047873153,6.11397885041276,0,coinpaprika
stable_usdt,2025-11-15,115195077756.0,25.469892856491523,177423453467.0,183997701199.0,0.6492663484167035,0.6260680269663395,0.9642699463680271,0.6392148945127369,6.850503716613332,0,coinpaprika
stable_usdt,2025-11-16,70184734941.0,24.974396673363625,177501982635.0,184021451196.0,0.3954025408568079,0.38139431291761045,0.9645722359071272,0.6396578096153595,4.269355594294089,0,coinpaprika
stable_usdt,2025-11-17,113120672804.0,25.451720986787382,177423590919.0,184013950770.0,0.6375740239393728,0.6147396560459164,0.9641855423275091,0.6398972117831357,5.743666603367226,0,coinpaprika
stable_usdt,2025-11-18,146521863380.0,25.7104404923642,177402036796.0,184004050756.0,0.8259311224734694,0.7962969444313835,0.9641202792390986,0.6401102676299483,10.718923093387955,0,coinpaprika
stable_usdt,2025-11-19,104153907341.0,25.369135520435503,177415346330.0,183859084400.0,0.5870625596687074,0.5664876863761865,0.9649528436898928,0.6397707734151045,4.738774736360307,0,coinpaprika
stable_usdt,2025-11-20,120791842588.0,25.517334591930236,177356359938.0,183868329147.0,0.6810685708154264,0.656947518631274,0.9645835188734773,0.6408124967941577,8.29275311969968,0,coinpaprika
stable_usdt,2025-11-21,158547579858.0,25.789320573601085,177337643559.0,184757890184.0,0.8940435695213883,0.8581369905236674,0.9598379987040868,0.6439566046254338,9.022486243382977,0,coinpaprika
stable_usdt,2025-11-22,118107337570.0,25.49485968837214,177404914596.0,184556081188.0,0.6657500883724842,0.6399536488298574,0.9612520674151322,0.6440374906878713,4.214623196003853,0,coinpaprika
stable_usdt,2025-11-23,65910327968.0,24.911560988011406,177460870850.0,184563479971.0,0.3714076666721147,0.35711467934152696,0.96151671434611,0.6436873271149878,3.8896175966895985,0,coinpaprika
stable_usdt,2025-11-24,82034107780.0,25.13040094627683,177446093611.0,184373921964.0,0.4623043883954775,0.444933355575186,0.9624251180470484,0.6435424757632779,2.0033663799257084,0,coinpaprika
stable_usdt,2025-11-25,83681362652.0,25.150282121224606,177441737652.0,184520644518.0,0.47159909364794705,0.4535067762774744,0.9616362337965416,0.6417122811301101,1.6393467368269743,0,coinpaprika
stable_usdt,2025-11-26,75710935108.0,25.0501884401807,177460280258.0,184507212685.0,0.42663594917086756,0.4103413303265142,0.9618067373928039,0.6404112313059185,2.870633412508372,0,coinpaprika
stable_usdt,2025-11-27,80620834779.0,25.113022949084428,177473631567.0,184539966838.0,0.45426936986165156,0.4368746573460355,0.9617083746568392,0.6384502726547321,0.44594450645529804,0,coinpaprika
stable_usdt,2025-11-28,64091797843.0,24.883582233933666,177520537027.0,184540266673.0,0.3610387784780752,0.34730521960591293,0.9619609867669762,0.6378569576676234,0.2255356024483124,0,coinpaprika
stable_usdt,2025-11-29,57817178560.0,24.780551775405225,177566466648.0,184590594407.0,0.3256086560229542,0.31321844293171347,0.9619475316087197,0.6368943712716905,2.4928526357936853,0,coinpaprika
stable_usdt,2025-11-30,42033999889.0,24.4617446489347,177563496927.0,184578594365.0,0.23672658297713656,0.22772954812885135,0.9619939816849629,0.6367983733009791,2.993038834213646,0,coinpaprika
stable_usdt,2025-12-01,81335633072.0,25.121850048659464,177513743486.0,184578594363.0,0.4581934416723892,0.4406558266016586,0.9617244301735988,0.6371015777345558,1.7896018282081982,0,coinpaprika
stable_usdt,2025-12-02,90038165531.0,25.22349947885469,177501735503.0,184559976578.0,0.5072523109470005,0.4878531477974449,0.9617563829066862,0.6351457751678563,0.9580896092531432,0,coinpaprika
stable_usdt,2025-12-03,97163190473.0,25.299657777861135,177486824595.0,184661571286.0,0.5474388912794668,0.5261689792648611,0.9611465090379422,0.634518161279319,3.405816834975983,0,coinpaprika
stable_usdt,2025-12-04,84926701174.0,25.165054382290812,177494598391.0,185275678813.0,0.478474849059442,0.45838019171268074,0.9580026883622783,0.6350024994932846,3.0631551404480817,0,coinpaprika
stable_usdt,2025-12-05,71069217473.0,24.986920133087196,177522396305.0,185489666066.0,0.40033944421804935,0.38314381054366936,0.9570473658723115,0.6351122500542328,2.032443406543294,0,coinpaprika
stable_usdt,2025-12-06,62035331771.0,24.85096992696912,177521767061.0,185671557706.0,0.34945197311878623,0.3341132725844273,0.9561064131432305,0.6351617469694659,2.4397001798748263,0,coinpaprika
stable_usdt,2025-12-07,43032640204.0,24.48522473922349,177554651160.0,185605589591.0,0.2423627875860146,0.2318499151821161,0.9566234053147805,0.6351755627229007,2.536360355156475,0,coinpaprika
stable_usdt,2025-12-08,67448758248.0,24.9346340094826,177489942915.0,185620700098.0,0.38001453569851695,0.36336873103263734,0.9561969264273473,0.6352086885617115,2.213883060360189,0,coinpaprika
stable_usdt,2025-12-09,70552421701.0,24.97962184069438,177474342599.0,185694296048.0,0.3975358954303152,0.3799385506314257,0.9557339475474507,0.6345810191849816,1.069733798479966,0,coinpaprika
stable_usdt,2025-12-10,80584282647.0,25.112569463075925,177479084061.0,186165611819.0,0.4540494620724039,0.4328634158565669,0.9533397834695405,0.6351051474985826,1.0120476754238439,0,coinpaprika
stable_usdt,2025-12-11,83241879997.0,25.145016423488304,177491870319.0,186085477252.0,0.46898981822317976,0.4473314157894895,0.9538190348870568,0.6351758496907768,2.2721660457469817,0,coinpaprika
stable_usdt,2025-12-12,70944798893.0,24.985167931226922,177486632121.0,186124222838.0,0.39971911149136,0.3811690805809268,0.9535923342738788,0.6334766352389064,2.1121742470775473,0,coinpaprika
stable_usdt,2025-12-13,52186535378.0,24.67809035563097,177511630527.0,186227170549.0,0.29398938662817525,0.280230512143601,0.9531994176987897,0.6339341916556749,1.934281930628945,0,coinpaprika
stable_usdt,2025-12-14,36215836829.0,24.31276234160272,177526799631.0,186224670549.0,0.2040020825265637,0.19447389393807937,0.9532936699935716,0.6340227595938359,1.7448129726216344,0,coinpaprika
stable_usdt,2025-12-15,58231489944.0,24.787692109708345,177472889098.0,186224670548.0,0.3281148475125389,0.31269482057690445,0.9530041781024701,0.6341994923341305,2.0545330077692547,0,coinpaprika
stable_usdt,2025-12-16,72769940550.0,25.010568802361277,177451820762.0,186314670545.0,0.41008280578647716,0.39057547286607314,0.9524307465586325,0.6347846516145644,0.338219926729888,0,coinpaprika
stable_usdt,2025-12-17,61551711031.0,24.843143488248163,177445288289.0,186299880874.0,0.3468771226585206,0.3303905012834077,0.9524712922871452,0.6348973634835257,0.8856272096902096,0,coinpaprika
stable_usdt,2025-12-18,71759015464.0,24.996579334772846,177413585148.0,186293380860.0,0.4044730588367175,0.385193586227989,0.9523343466579031,0.6346954915819399,1.5242716861785244,0,coinpaprika
stable_usdt,2025-12-19,86588184659.0,25.184429207409824,177388105012.0,186248060817.0,0.4881284720480128,0.46490784537122315,0.9524292721967965,0.6359871219248765,4.375431766650006,0,coinpaprika
stable_usdt,2025-12-20,53080972307.0,24.695084364027124,177437835156.0,186367744185.0,0.2991525018344155,0.2848184514929181,0.9520844711189098,0.636463973698103,4.8991201401416,0,coinpaprika
stable_usdt,2025-12-21,33209058668.0,24.226088527127562,177484193848.0,186797744183.0,0.1871099501764124,0.17778083356009966,0.9501409913929378,0.637108108477181,2.4003724227372736,0,coinpaprika
stable_usdt,2025-12-22,50049639202.0,24.63628113395039,177409918269.0,186797744182.0,0.28211297141860814,0.26793492298941174,0.9497433657236605,0.6371996480484533,2.0811061207393067,0,coinpaprika
stable_usdt,2025-12-23,56372677413.0,24.755250435055814,177377258717.0,186880324181.0,0.31781231608129024,0.3016512180190844,0.9491489245556105,0.637276236093631,4.981707040448979,0,coinpaprika
stable_usdt,2025-12-24,53304321559.0,24.699283244756362,177368885719.0,187100147046.0,0.30052802859374317,0.28489727239976315,0.9479890236291076,0.6386035538869038,5.248590205277903,0,coinpaprika
stable_usdt,2025-12-25,39359303112.0,24.395998203511322,177391346319.0,186863540033.0,0.2218783719089701,0.2106312612136598,0.9493095672257562,0.6387993191198514,4.7582654725730755,0,coinpaprika
stable_usdt,2025-12-26,53249251559.0,24.698249586225902,177370202700.0,186861373315.0,0.3002153166000751,0.28496660713948363,0.94920742341436,0.6386824420636699,4.90262784238249,0,coinpaprika
stable_usdt,2025-12-27,40353807403.0,24.420951586665566,177405374172.0,186852272294.0,0.22746665703529215,0.21596637229814303,0.9494418879362841,0.6389079934436883,6.47263261214337,0,coinpaprika
stable_usdt,2025-12-28,29103969781.0,24.094140420445115,177419590527.0,186800272292.0,0.16404033903218207,0.1558026089785653,0.949782290732765,0.638969507425378,5.089079857493184,0,coinpaprika
stable_usdt,2025-12-29,57042220905.0,24.76705754823416,177303043160.0,186800272291.0,0.3217216122654169,0.3053647631526942,0.9491583764064054,0.6390652553297236,6.3303854092688905,0,coinpaprika
stable_usdt,2025-12-30,57101639436.0,24.768098664877463,177294940420.0,187303272279.0,0.3220714550608719,0.30486194256629706,0.9465661665318267,0.6407830319242434,10.75287088012189,0,coinpaprika
stable_usdt,2025-12-31,50653483752.0,24.648273846183997,177270679556.0,187311388515.0,0.2857409013090544,0.27042394033582023,0.9463956300863365,0.641193514997706,9.639166170888336,0,coinpaprika
stable_usdt,2026-01-01,42607565310.0,24.475297663914688,177240694509.0,187261227273.0,0.24039380700935165,0.22753009755663026,0.9464890147847237,0.6429412439265223,13.45434432382886,0,coinpaprika
stable_usdt,2026-01-02,49314636787.0,24.621486766182795,177308428524.0,187074832375.0,0.2781291177047734,0.26360914592801327,0.9477941328236884,0.6430000845921049,11.191345271596154,0,coinpaprika
stable_usdt,2026-01-03,59938545108.0,24.81658562608456,177369511586.0,187214832372.0,0.33793037243008917,0.3201591687399041,0.9474116411543871,0.6417830845893243,3.8933292197096403,0,coinpaprika
stable_usdt,2026-01-04,44819392905.0,24.525906760069045,177386454121.0,187083832372.0,0.2526652507210472,0.23956849898114402,0.9481655997311537,0.6413220682765177,3.89603537820693,0,coinpaprika
stable_usdt,2026-01-05,61606334145.0,24.844030529245,177383988433.0,187083832369.0,0.3473049325884869,0.3292980123663975,0.9481524201574605,0.6410308680251467,3.763682456952022,0,coinpaprika
stable_usdt,2026-01-06,76667520135.0,25.06274398934823,177368684526.0,187293532611.0,0.43224947143226694,0.4093441939302565,0.9470091254799842,0.6405283474137584,0.4813287500893271,0,coinpaprika
stable_usdt,2026-01-07,74304633904.0,25.03143915422199,177330656912.0,187067881365.0,0.41901741750651456,0.3972067966013873,0.9479481759137418,0.6404419923932083,3.292718293110841,0,coinpaprika
stable_usdt,2026-01-08,64273967543.0,24.8864205268655,177301063208.0,187068870349.0,0.3625131535031872,0.34358451741911417,0.947784967521443,0.6411680808895146,9.178046480100566,0,coinpaprika
stable_usdt,2026-01-09,61108172457.0,24.83591144962958,177282715291.0,186177870330.0,0.34469334676363816,0.32822468292652535,0.9522222752723868,0.6395604937646229,8.211613179035515,0,coinpaprika
stable_usdt,2026-01-10,41745640480.0,24.454860863174403,177285459502.0,186939883564.0,0.23547131613198688,0.2233105086197838,0.9483554612427328,0.6415616838177025,12.470815754621611,0,coinpaprika
stable_usdt,2026-01-11,25979158327.0,23.980560450743365,177322619016.0,187045563563.0,0.14650786499299265,0.13889213853634008,0.948018309754109,0.6416378531491737,12.232880053207884,0,coinpaprika
stable_usdt,2026-01-12,51549472929.0,24.66580782291482,177289082371.0,186939883553.0,0.29076507272526886,0.2757542796606323,0.9483748411597578,0.6414383091831505,13.75381603163528,0,coinpaprika
stable_usdt,2026-01-13,62286459045.0,24.855009888329196,177292278813.0,186906829735.0,0.35132076513437444,0.3332487054288541,0.9485596597212007,0.6428130530982273,11.287619689572814,0,coinpaprika
stable_usdt,2026-01-14,91876474437.0,25.2437108426554,177351014623.0,186821887714.0,0.5180487669174286,0.4917864580067349,0.9493053345788975,0.640765342154124,5.161395238072464,0,coinpaprika
stable_usdt,2026-01-15,84346043580.0,25.158193740048755,177374711821.0,186790391342.0,0.47552462644798493,0.45155450970477573,0.949592270494468,0.6386851822296236,0.3529373912736222,0,coinpaprika
stable_usdt,2026-01-16,63340980447.0,24.871798357065618,177360711417.0,186679205004.0,0.35713084335840556,0.33930389003768674,0.9500828515591743,0.6363521729734108,2.8746356265696438,0,coinpaprika
stable_usdt,2026-01-17,41095682997.0,24.439168916386862,177380755209.0,186660995531.0,0.2316806180500176,0.22016213339103816,0.9502829163875387,0.6351370793437751,3.974664349231105,0,coinpaprika
stable_usdt,2026-01-18,31700708743.0,24.179604875434602,177418412735.0,186660995511.0,0.17867767079141658,0.16983038505830675,0.9504846593649752,0.634988614652828,3.8567772514941367,0,coinpaprika
stable_usdt,2026-01-19,64331786343.0,24.887319690427745,177406884658.0,186964415062.0,0.36262282868569057,0.34408572519891917,0.9488804840170757,0.6358870806300295,3.5519456835719776,0,coinpaprika
stable_usdt,2026-01-20,61029051544.0,24.834615842582448,177317283472.0,186972526151.0,0.34417993750528575,0.3264065197189057,0.9483600993270938,0.6360051431741539,6.2647639856694415,0,coinpaprika
stable_usdt,2026-01-21,77270339356.0,25.07057601071609,177305736787.0,186985577484.0,0.43580281583796693,0.41324224250724295,0.9482321533711429,0.6405967225827559,11.505449498939724,0,coinpaprika
stable_usdt,2026-01-22,68560155173.0,24.95097737456476,177310522166.0,186886791640.0,0.3866671550874643,0.36685393639304065,0.9487589818950567,0.6416931990599315,8.610692119938035,0,coinpaprika
stable_usdt,2026-01-23,54573810968.0,24.722819952044755,177295199381.0,186891791639.0,0.30781324682527444,0.2920075327514368,0.9486516118560372,0.6430301002921817,9.602951876724886,0,coinpaprika
stable_usdt,2026-01-24,46003424664.0,24.55198167990343,177267794643.0,186870822577.0,0.2595137190974051,0.24617767519616027,0.9486114108046853,0.6421604291304001,12.168988343126408,0,coinpaprika
stable_usdt,2026-01-25,33835915400.0,24.244788661119063,177299308968.0,186870822575.0,0.19084065018046348,0.18106580221436155,0.9487800531131151,0.6421138723821929,14.441540614348325,0,coinpaprika
stable_usdt,2026-01-26,70956278336.0,24.985329726235797,177307254773.0,186855914873.0,0.4001882406156631,0.3797379300742324,0.9488982721981805,0.6420472396122532,10.076196942466753,0,coinpaprika
stable_usdt,2026-01-27,59147822411.0,24.803305612018573,177285826431.0,186508591426.0,0.3336297300338358,0.3171318916665979,0.9505504549442739,0.6423575922446901,10.416111474964573,0,coinpaprika
stable_usdt,2026-01-28,63178905288.0,24.869236305310473,177263310369.0,186398204268.0,0.3564127577019954,0.33894589025741095,0.9509925863563256,0.6432733084267792,12.830153852187998,0,coinpaprika
stable_usdt,2026-01-29,66047351432.0,24.913637767686065,177222635880.0,186303395123.0,0.37268010998731343,0.35451501776655575,0.9512582192235157,0.6436170470330285,14.682173104366703,0,coinpaprika
stable_usdt,2026-01-30,92481808503.0,25.250277797302108,177221797394.0,185817215159.0,0.5218421766561491,0.49770312413661566,0.9537426187468956,0.6450915828712606,15.03654007385391,0,coinpaprika
stable_usdt,2026-01-31,78529863321.0,25.086744813875804,177242218644.0,185577215258.0,0.4430652240859793,0.4231654366179777,0.955086099323065,0.6457139385561521,14.723248811256973,0,coinpaprika
stable_usdt,2026-02-01,94703004768.0,25.27401156598038,177346391999.0,185342539535.0,0.5340001772831894,0.5109620543972115,0.9568574621020016,0.6453837151041436,10.545225611845455,0,coinpaprika
stable_usdt,2026-02-02,99589254347.0,25.324320107644336,177346824843.0,185398845864.0,0.5615508167973319,0.5371622130811649,0.9565691955444718,0.6451911462739743,11.450846625766786,0,coinpaprika
stable_usdt,2026-02-03,80124239168.0,25.10684425659146,177318283631.0,185300658701.0,0.45186676482126814,0.4324012646781142,0.9569220361872522,0.6442313952340061,8.565562056320752,0,coinpaprika
stable_usdt,2026-02-04,89987039363.0,25.222931489839997,177229960104.0,185161878190.0,0.5077416894423203,0.485991178328088,0.9571622508718516,0.6431104256692589,13.78814558383068,0,coinpaprika
stable_usdt,2026-02-05,104658551266.0,25.373968995514904,177176627364.0,185685527539.0,0.5907017918959736,0.563633324864364,0.954175749247809,0.6440302691256216,20.640124343869193,0,coinpaprika
stable_usdt,2026-02-06,154067242362.0,25.760654982781872,177313733940.0,185261468141.0,0.8688962718146457,0.8316205410006873,0.9570999070624276,0.6442568659080604,18.25898360117484,0,coinpaprika
stable_usdt,2026-02-07,102179619018.0,25.349998072314026,177373605828.0,183583056218.0,0.5760700333119689,0.5565852378918043,0.9661763426433732,0.6368674278078078,6.025285968174199,0,coinpaprika
stable_usdt,2026-02-08,58367368920.0,24.79002281926814,177381378473.0,183456556217.0,0.32905014845672964,0.3181536278864881,0.966884924315193,0.6359047675380933,5.880088801711869,0,coinpaprika
stable_usdt,2026-02-09,52865888550.0,24.6910241389155,177364367665.0,184542486578.0,0.2980637500416733,0.2864700131135132,0.9611031635798077,0.636996342741785,5.364453294300908,0,coinpaprika
stable_usdt,2026-02-10,56576848683.0,24.758865704626793,177368999233.0,184487425874.0,0.3189782257759603,0.3066704867010312,0.9614151121287708,0.6368201671363981,4.547802972685311,0,coinpaprika
stable_usdt,2026-02-11,50829506556.0,24.65174286064612,177382546109.0,184363356800.0,0.2865530328151098,0.27570286980151143,0.9621355847920859,0.636189742575607,4.5624441361102885,0,coinpaprika
stable_usdt,2026-02-12,54518563784.0,24.721807100526075,177371833739.0,183990423483.0,0.30736877797758605,0.29631196424218953,0.9640275313317515,0.6353193646508488,5.875285017071796,0,coinpaprika
stable_usdt,2026-02-13,51999965292.0,24.67450888808531,177373999124.0,183916921483.0,0.29316565871442896,0.2827361662684557,0.9644245765629305,0.6355504537715314,6.260149905473744,0,coinpaprika
stable_usdt,2026-02-14,50172565832.0,24.63873421690939,177411811876.0,183786298904.0,0.28280284892793695,0.2729940486924296,0.9653157658323067,0.634615243229453,4.586459986751779,0,coinpaprika
stable_usdt,2026-02-15,58343257658.0,24.78960963902827,177404184577.0,183781798903.0,0.32887193612209786,0.3174593893750793,0.9652979002051988,0.6344506503615189,3.336559389176541,0,coinpaprika
stable_usdt,2026-02-16,54896978684.0,24.728724150887412,177422022069.0,183747148903.0,0.3094146828213376,0.2987637033376778,0.9655770069263006,0.634075513630637,3.9175564249971373,0,coinpaprika
stable_usdt,2026-02-17,48231912420.0,24.599286722345667,177431663103.0,183721226771.0,0.2718337391224312,0.2625277071555746,0.9657657213674082,0.6338385371083144,3.6054788884842814,0,coinpaprika
stable_usdt,2026-02-18,47011096446.0,24.57364950540754,177432228694.0,183710926769.0,0.2649524091086938,0.25589711658856434,0.9658229470319155,0.6342997430129629,3.4535252195455612,0,coinpaprika
stable_usdt,2026-02-19,45709931384.0,24.545581428195085,177448467087.0,183711211231.0,0.25759552694016336,0.24881405482936997,0.9659098423986483,0.6340790157675479,3.1759802776909485,0,coinpaprika
stable_usdt,2026-02-20,50821314472.0,24.651581679773507,177438921984.0,183708077229.0,0.2864158207441243,0.27664169827790996,0.9658743625236182,0.6337554163785029,3.8168957103013046,0,coinpaprika
stable_usdt,2026-02-21,49264112297.0,24.62046170764041,177446876255.0,182601277225.0,0.2776273853714112,0.26979062274738147,0.9717723717581187,0.6307198113187876,3.629797058032347,0,coinpaprika
stable_usdt,2026-02-22,28499464126.0,24.07315112148284,177456277513.0,182621277216.0,0.16059992086733704,0.1560577417947391,0.9717174264590704,0.6309207821285243,2.554059668814501,0,coinpaprika
stable_usdt,2026-02-23,48986983388.0,24.614820454644672,177479395494.0,183593577216.0,0.2760150453051103,0.26682296914105136,0.9666971916190369,0.6321481355362751,2.652880475980668,0,coinpaprika
stable_usdt,2026-02-24,54464000816.0,24.720805784898054,177469925463.0,183600237166.0,0.30689143906444577,0.29664450142707066,0.9666105458379264,0.632126261799176,3.1933101814285436,0,coinpaprika
stable_usdt,2026-02-25,55125009795.0,24.73286934841862,177492132339.0,183623080164.0,0.31057720175288855,0.3002074126289897,0.9666112352568956,0.6318712344034656,0.3302179214070833,0,coinpaprika
stable_usdt,2026-02-26,65508286251.0,24.90544247925032,177497040911.0,183657380162.0,0.369066920297826,0.3566874698594559,0.9664574369646016,0.6306503669039611,1.3940022717195966,0,coinpaprika
stable_usdt,2026-02-27,52272969192.0,24.679745232974682,177501146638.0,183449012069.0,0.2944936986723061,0.2849454930416238,0.9675775553985385,0.6304092354059749,0.2287657449473457,0,coinpaprika
stable_usdt,2026-02-28,51702272602.0,24.668767574999528,177513259926.0,183566910286.0,0.29125865089488606,0.2816535535813458,0.9670221046343901,0.630644654928146,0.09400644179202722,0,coinpaprika
stable_usdt,2026-03-01,56207326294.0,24.75231294647078,177503655152.0,183481912039.0,0.31665447252828977,0.3063371515446866,0.9674177316959217,0.6299450975445583,3.1707439372774537,0,coinpaprika
stable_usdt,2026-03-02,58149709761.0,24.786286724703444,177459528611.0,183603207038.0,0.32767871196405024,0.3167140198643963,0.9665382836927873,0.6307629959236088,0.5286170954921232,0,coinpaprika
stable_usdt,2026-03-03,67528552450.0,24.935816344659997,177420145251.0,183647207037.0,0.38061378179161076,0.367708028559317,0.9660922597927372,0.6292160497836168,0.17695266087747186,0,coinpaprika
stable_usdt,2026-03-04,71564688221.0,24.99386760800215,177425689841.0,183682010410.0,0.40335020416227596,0.38961185181531466,0.9659393940918048,0.6293547638856752,0.5040972331094018,0,coinpaprika
stable_usdt,2026-03-05,76242346497.0,25.057182873599423,177429836003.0,183867859980.0,0.4297042042901448,0.41465836664054917,0.9649855935795397,0.6281733452843903,0.9418360642454715,0,coinpaprika
stable_usdt,2026-03-06,55148841096.0,24.73330156877146,177401834327.0,184001159386.0,0.3108696215302128,0.29972007393881717,0.9641343289302007,0.6261460359773106,0.27141936418839663,0,coinpaprika
stable_usdt,2026-03-07,41014187884.0,24.437183889766228,177413859269.0,183939734587.0,0.23117803791085514,0.22297622629547217,0.9645216661171522,0.625735987825965,0.6147491079810941,0,coinpaprika
stable_usdt,2026-03-08,34565263257.0,24.26611506263172,177423732410.0,183939734585.0,0.19481758605508753,0.1879162397128888,0.9645753420830946,0.6255961596834232,0.6169885248907825,0,coinpaprika
stable_usdt,2026-03-09,53293692393.0,24.699083819539307,177410232961.0,183878877627.0,0.3003980745840942,0.28983042033303436,0.9648211651632892,0.6253508622035623,0.2604238351766597,0,coinpaprika
stable_usdt,2026-03-10,61394267997.0,24.840582312660217,177434037371.0,184094103543.0,0.34601178503665353,0.33349394041107766,0.963822490542483,0.6234950350398533,0.7183396252918861,0,coinpaprika
stable_usdt,2026-03-11,57039570291.0,24.767011079573866,177431651596.0,183859471310.0,0.3214734788180594,0.31023460409514214,0.9650394963707785,0.6221241518467716,0.29345404607195036,0,coinpaprika
stable_usdt,2026-03-12,50908154069.0,24.653288945511484,177425638230.0,183929240437.0,0.2869267067423867,0.27678119013619923,0.9646407379732118,0.621932800272716,0.8222737512264544,0,coinpaprika
stable_usdt,2026-03-13,62525821166.0,24.858845447042484,177415947294.0,183959859223.0,0.3524250334857838,0.3398883942947841,0.9644275008872053,0.6214814985549061,0.3976279133111049,0,coinpaprika
stable_usdt,2026-03-14,51674774725.0,24.66823558306594,177439867628.0,183981656765.0,0.29122415055750256,0.28086916725075617,0.9644432534632741,0.6206314882877235,0.9006126961885741,0,coinpaprika
stable_usdt,2026-03-15,30156900775.0,24.12967961538961,177429984820.0,184001656763.0,0.16996507555131515,0.16389472413198458,0.9642847131998136,0.6207320826196248,1.3146569388045037,0,coinpaprika
stable_usdt,2026-03-16,60391222999.0,24.82410961675846,177389988341.0,184001656762.0,0.34044324352121186,0.3282102132216887,0.964067342993808,0.6208050976525668,1.3334082583282836,0,coinpaprika
stable_usdt,2026-03-17,71645647537.0,24.99499824322055,177408439024.0,184040242955.0,0.40384576929459204,0.3892933762020636,0.9639654685055944,0.6208617197077911,0.37128667070396304,0,coinpaprika
stable_usdt,2026-03-18,54656771931.0,24.724338958475894,177430241710.0,184061441677.0,0.3080465393285858,0.2969485158489325,0.9639728999915325,0.6202857403616597,1.7589468659173768,0,coinpaprika
stable_usdt,2026-03-19,60855190250.0,24.831762948568265,177410862999.0,183294383734.0,0.343018399331855,0.33200793723344035,0.9679012492628346,0.6190721763073526,0.07841078174419813,0,coinpaprika
stable_usdt,2026-03-20,53547922184.0,24.703842831686813,177411410660.0,184152626358.0,0.3018290761839546,0.2907801167054806,0.963393323074878,0.6207796843503036,1.1278591793617565,0,coinpaprika
stable_usdt,2026-03-21,39066311494.0,24.38852633395497,183750167020.0,184151626357.0,0.21260558358974382,0.21214209326756242,0.9978199522592229,0.621047780491117,1.20253276872484,0,coinpaprika
stable_usdt,2026-03-22,37614344369.0,24.35065131379207,184198858503.0,184200486118.0,0.20420508940552085,0.20420328502772794,0.9999911638941118,0.6207075929033488,2.2641102508336175,0,coinpaprika
stable_usdt,2026-03-23,54078496983.0,24.71370247583928,184138181871.0,184154286014.0,0.29368432138037115,0.2936586389245851,0.999912550810798,0.6208781167999703,2.27890875807657,0,coinpaprika
stable_usdt,2026-03-24,57766906774.0,24.779681901511708,184135917866.0,184152675122.0,0.31371884118794424,0.3136902938593196,0.9999090034614545,0.6218419837715373,2.4571800970740743,0,coinpaprika
stable_usdt,2026-03-25,52335627166.0,24.68094318388261,184160638996.0,184197857195.0,0.28418465233027745,0.2841272312445806,0.9997979444518695,0.622082184533337,4.535974249708641,0,coinpaprika
stable_usdt,2026-03-26,52645416131.0,24.686845008716247,184139640757.0,184185892777.0,0.2858994180426015,0.2858276241315591,0.9997488840252494,0.6221024240646069,3.4675241304771287,0,coinpaprika
stable_usdt,2026-03-27,63088774030.0,24.867808683075022,184141991054.0,184184487538.0,0.34260938349199827,0.34253033397822846,0.9997692721869901,0.6238120719960588,6.08510964025033,0,coinpaprika
stable_usdt,2026-03-28,45983068255.0,24.55153908428562,184157864297.0,184166309525.0,0.2496937528599971,0.2496823027707896,0.9999541434694447,0.6247517512553721,6.787586207510632,0,coinpaprika
stable_usdt,2026-03-29,29670252879.0,24.113410794300115,184160951036.0,184166309523.0,0.16111044557540335,0.161105757919825,0.9999709040865624,0.624893653112433,7.3878650165370985,0,coinpaprika
stable_usdt,2026-03-30,42914396531.0,24.48247319008134,184100857150.0,184166309516.0,0.23310264381895085,0.23301979957019056,0.9996446018483401,0.6242525074996454,7.552299404741669,0,coinpaprika
stable_usdt,2026-03-31,60619492465.0,24.827882336155668,184083009136.0,184191337488.0,0.3293052017647891,0.32911152767403806,0.9994118705392045,0.6242703654794188,7.893371051421738,0,coinpaprika
stable_usdt,2026-04-01,70587307534.0,24.98011618532575,184156320301.0,184192097658.0,0.38330103152922684,0.3832265793783591,0.9998057606300438,0.6237733384715044,9.107103786480941,0,coinpaprika
stable_usdt,2026-04-02,64262152469.0,24.886236686338307,184169776143.0,184132980772.0,0.3489288732104619,0.3489985998139664,1.0001998304206325,0.6235430630617256,1.2774461467679465,0,coinpaprika
stable_usdt,2026-04-03,48408753866.0,24.602946499335552,184173281304.0,183931424483.0,0.2628435217272128,0.2631891423777573,1.00131492930955,0.6225941945048123,0.300833695719982,0,coinpaprika
stable_usdt,2026-04-04,31900014451.0,24.18587229977786,184170778095.0,184133813594.0,0.17320888134894644,0.17324365269128095,1.0002007480336095,0.6224770498881235,1.323652436299172,0,coinpaprika
stable_usdt,2026-04-05,30648247931.0,24.145841333975312,184187855562.0,184120813592.0,0.16639668146135403,0.1664572697300511,1.0003641194533746,0.6225158558231971,0.9224389367323838,0,coinpaprika
stable_usdt,2026-04-06,50266948427.0,24.640613609168014,184137971109.0,184120813591.0,0.27298524103561783,0.2730106794914635,1.000093186194789,0.6224144014672933,3.7224370948607532,0,coinpaprika
stable_usdt,2026-04-07,54253216529.0,24.716928118484923,184155392347.0,184075498313.0,0.29460563623774777,0.29473350351467426,1.000434028617237,0.6227645295128775,0.41886788594625024,0,coinpaprika
stable_usdt,2026-04-08,73044025263.0,25.014328182119858,184156626308.0,184587298322.0,0.39664076567538026,0.3957153386338623,0.9976668383040705,0.62309159566604,1.6229391643429736,0,coinpaprika
stable_usdt,2026-04-09,54301971575.0,24.717826372177424,184155338484.0,184080515963.0,0.29487047197232313,0.2949903268736744,1.0004064662716126,0.6214664748177402,0.09651322032011578,0,coinpaprika
stable_usdt,2026-04-10,56943162950.0,24.765319466094407,184161129221.0,184119405073.0,0.30920294196103754,0.30927301186652795,1.000226614614486,0.6211257128992246,0.07415557080170387,0,coinpaprika
stable_usdt,2026-04-11,46645496948.0,24.565842231156157,184356958823.0,184252225449.0,0.25301728367511234,0.2531611047537182,1.000568423929452,0.6203419088256644,2.7384270807551125,0,coinpaprika
stable_usdt,2026-04-12,42717900268.0,24.477883879383846,184470097182.0,184342225447.0,0.23157086660963866,0.2317314991962152,1.0006936649196347,0.6204760338211786,2.8100810216136196,0,coinpaprika
stable_usdt,2026-04-13,46515872223.0,24.563059429447645,184501352651.0,184405652445.0,0.2521167002552481,0.2522475401716529,1.0005189656864153,0.6205716220939588,1.4419760336559229,0,coinpaprika
stable_usdt,2026-04-14,79667765899.0,25.10113089802257,184765949558.0,184717963773.0,0.43118207705252226,0.4312940889544655,1.0002597786594214,0.621419837038877,2.696907099002388,0,coinpaprika
stable_usdt,2026-04-15,65733569457.0,24.90887558260063,185545704191.0,185446684215.0,0.3542715782270773,0.354460742909757,1.0005339538769278,0.6216924791357465,3.562372230052624,0,coinpaprika
stable_usdt,2026-04-16,61400515314.0,24.84068406481673,185659223840.0,185453084206.0,0.3307162124458443,0.33108381872903625,1.0011115460003406,0.6221968067830698,1.5827322883277262,0,coinpaprika
stable_usdt,2026-04-17,77176835020.0,25.069365184453964,185868497932.0,185778133795.0,0.41522278319715666,0.4154247512528147,1.0004864088962144,0.6219864079562535,1.4468667961797799,0,coinpaprika
stable_usdt,2026-04-18,97281671659.0,25.300876439021557,186699819260.0,186581469848.0,0.5210592706762324,0.5213897807657494,1.0006343042108974,0.6231800117167344,2.5125072749543342,0,coinpaprika
stable_usdt,2026-04-19,72536072597.0,25.007349828144413,186935368484.0,186841469847.0,0.3880275476238112,0.3882225538923348,1.0005025577944602,0.624139442055343,2.1726816731493237,0,coinpaprika
stable_usdt,2026-04-20,66570064832.0,24.921520836465714,187339384157.0,187191969805.0,0.35534474041086245,0.35562457567676004,1.000787503610083,0.6267104655817098,2.638268614039152,0,coinpaprika
stable_usdt,2026-04-21,60125670961.0,24.819702724761214,187984664723.0,187885312105.0,0.31984348856113687,0.3200126198656693,1.0005287939588619,0.6287940730807688,2.535573598321239,0,coinpaprika
stable_usdt,2026-04-22,60653303567.0,24.828439940234766,188523584303.0,188752981910.0,0.3217279354795018,0.3213369291083323,0.9987846676397972,0.6305354816937224,2.2311970833510664,0,coinpaprika
stable_usdt,2026-04-23,58099141914.0,24.78541673159022,188888871770.0,188775276509.0,0.307583720362014,0.3077688084394361,1.000601748614017,0.6314498780202199,1.280947915258679,0,coinpaprika
stable_usdt,2026-04-24,50334778331.0,24.641962093263924,189752906487.0,189634641748.0,0.2652648608280919,0.26543029199215845,1.0006236452259454,0.6335611546204039,2.0523537059990993,0,coinpaprika
stable_usdt,2026-04-25,36054057587.0,24.30828524879574,189849332096.0,189637493986.0,0.1899087934044917,0.19012093457458204,1.0011170687059154,0.6340559511298204,1.9457655300536558,0,coinpaprika
stable_usdt,2026-04-26,27543211777.0,24.03902194574191,189904637560.0,189763953903.0,0.1450370677140403,0.14514459258726778,1.0007413613286742,0.6342856619066102,2.0613968229743485,0,coinpaprika
stable_usdt,2026-04-27,45752235223.0,24.546506484829653,189833975176.0,189733953885.0,0.24101183774180526,0.24113889099012278,1.000527166007728,0.6340571001073483,1.466163052292746,0,coinpaprika
stable_usdt,2026-04-28,46634583216.0,24.565608231956535,189765359922.0,189702264419.0,0.24574866158485614,0.24583039827609576,1.0003326027930834,0.6343822433608143,1.0379857013909088,0,coinpaprika
stable_usdt,2026-04-29,50768913963.0,24.650550074382846,189693026078.0,189662863914.0,0.26763721899889087,0.2676797814569565,1.0001590304152197,0.6342650571561338,1.9525783095442062,0,coinpaprika
stable_usdt,2026-04-30,52185010625.0,24.678061137840135,189575512522.0,189569482834.0,0.27527295023899245,0.2752817059204448,1.0000318072714545,0.635893429589165,4.109701490109252,0,coinpaprika
stable_usdt,2026-05-01,43182753389.0,24.488707025400796,189575157153.0,189543857677.0,0.22778698452639864,0.22782459910986588,1.0001651305211554,0.6347663434677671,5.369127781321703,0,coinpaprika
stable_usdt,2026-05-02,38766028870.0,24.38081015550077,189598768761.0,189557557704.0,0.20446350534515748,0.20450795705299366,1.0002174065624139,0.6342534995477768,2.675245107977009,0,coinpaprika
stable_usdt,2026-05-03,30538064793.0,24.142239768455433,189601726145.0,189557557526.0,0.1610642762273466,0.16110180565505205,1.0002330090109646,0.6335508707277855,1.4551921553762615,0,coinpaprika
stable_usdt,2026-05-04,60878944778.0,24.832153217547393,189586043228.0,189557557525.0,0.321115118715705,0.3211633741902953,1.0001502746889754,0.6334188711562234,1.834043624605597,0,coinpaprika
stable_usdt,2026-05-05,63422037432.0,24.87307723157338,189583845323.0,189543901543.0,0.3345329203759206,0.33460341860490855,1.0002107362973687,0.6323937398886421,2.0729174932043737,0,coinpaprika
stable_usdt,2026-05-06,66477589531.0,24.920130728292325,189588220067.0,189543501975.0,0.3506419834919437,0.3507247087782947,1.0002359252178736,0.6315179854214437,1.611890532010607,0,coinpaprika
stable_usdt,2026-05-07,63870074734.0,24.880116774630388,189679223985.0,189620415595.0,0.3367267821543328,0.3368312137360602,1.0003101374386059,0.6313215425992338,1.381083107756531,0,coinpaprika
stable_usdt,2026-05-08,61141201843.0,24.836451810461565,189758441086.0,189684479477.0,0.3222054391524556,0.32233107322000804,1.0003899191394252,0.6309988285535129,0.7578277373587738,0,coinpaprika
stable_usdt,2026-05-09,49302513489.0,24.621240900265416,189741139585.0,189660928647.0,0.2598409264160318,0.2599508177077559,1.0004229175643724,0.6335341076903095,0.8335236861445328,0,coinpaprika
stable_usdt,2026-05-10,36690456723.0,24.32578252342364,189712573719.0,189660928627.0,0.19340023702037518,0.1934529003343537,1.0002723022204618,0.6319937875390839,1.9688645558590956,0,coinpaprika
stable_usdt,2026-05-11,59546014229.0,24.810015199021564,189648762589.0,189660928627.0,0.3139805048875852,0.3139603642145358,0.9999358537465356,0.6316528981058468,1.480681739154388,0,coinpaprika
stable_usdt,2026-05-12,51174458306.0,24.658506383327826,189743144398.0,189799527727.0,0.2697038592269656,0.2696237388936356,0.9997029321954842,0.6311760580399055,2.9587018283250277,0,coinpaprika
stable_usdt,2026-05-13,51730685722.0,24.669316976682985,189747206369.0,189785942690.0,0.2726294985413367,0.2725738534096695,0.9997958946777039,0.6319389051096539,2.7095032745794168,0,coinpaprika
stable_usdt,2026-05-14,56784079371.0,24.762521830637684,189793452610.0,189826819800.0,0.29918882126921226,0.2991362307540486,0.9998242229942262,0.6328732954769194,4.549801026081379,0,coinpaprika
stable_usdt,2026-05-15,64095052058.0,24.88363300692642,189782548930.0,189827241530.0,0.3377289029964553,0.33764938868308064,0.999764561716012,0.6327152701432298,2.7249644789717475,0,coinpaprika
stable_usdt,2026-05-16,49778071464.0,24.63084039197429,189783611221.0,189793911824.0,0.2622885671936879,0.2622743321195692,0.9999457274319233,0.6324106837069772,5.524558909295596,0,coinpaprika
stable_usdt,2026-05-17,33094962392.0,24.22264691418186,189813870438.0,189778611129.0,0.17435481567091274,0.17438720936525376,1.0001857917959787,0.6321674853388785,4.864688733128286,0,coinpaprika
stable_usdt,2026-05-18,51370016906.0,24.662320510547588,189760119278.0,189785611120.0,0.2707102899252637,0.27067392834917886,0.9998656808498307,0.6321940548331869,6.049782302083306,0,coinpaprika
stable_usdt,2026-05-19,54661693891.0,24.724429006574653,189727987891.0,189825799111.0,0.2881055900007937,0.2879571383183629,0.9994847316831639,0.6320076433330676,7.360520015364802,0,coinpaprika
stable_usdt,2026-05-20,44893893694.0,24.527567624561883,189716957554.0,190433722531.0,0.236636167229393,0.23574550293576227,0.9962361446939456,0.6348619884176138,9.552695119946497,0,coinpaprika
stable_usdt,2026-05-21,46756950252.0,24.568228750144407,189690960698.0,189811692787.0,0.24649013363604616,0.24633335051950148,0.9993639375571268,0.6341921947658331,9.940598355013819,0,coinpaprika
stable_usdt,2026-05-22,45197156424.0,24.53430001085429,189672005254.0,189822193050.0,0.23829112980312542,0.23810259326260585,0.9992087974878657,0.6325760790670838,9.518702302859783,0,coinpaprika
stable_usdt,2026-05-23,49940400607.0,24.634096143552007,189562815307.0,189689589981.0,0.2634504057460886,0.2632743347276053,0.9993316730031802,0.6319262139193236,11.989306872425276,0,coinpaprika
stable_usdt,2026-05-24,42586046384.0,24.474792486917746,189553882216.0,189690479084.0,0.2246645960828829,0.22450281421421137,0.9992798960250424,0.6321366589372328,12.461431031084436,0,coinpaprika
stable_usdt,2026-05-25,37798840021.0,24.35554425185241,189486168054.0,189602479076.0,0.19948073471108477,0.19935836390540423,0.9993865532636133,0.6320896648184982,12.381943232931958,0,coinpaprika
stable_usdt,2026-05-26,46233988469.0,24.556981045722196,189453034532.0,189603164022.0,0.2440393134013947,0.24384608087887913,0.9992081910089718,0.631939564825621,9.24483721841618,0,coinpaprika
stable_usdt,2026-05-27,57393121252.0,24.77319029429278,189352559484.0,189551916392.0,0.3031019037102038,0.3027831231909522,0.9989482727909343,0.632185923868058,13.975503005658751,0,coinpaprika
stable_usdt,2026-05-28,62414300553.0,24.857060261609963,189370450463.0,189403226522.0,0.3295883829837262,0.3295313480087432,0.9998269508941222,0.6329487059365246,14.638076916394516,0,coinpaprika
stable_usdt,2026-05-29,49893982160.0,24.633166234455413,189399484301.0,188928726319.0,0.2634325132623213,0.2640889140159429,1.0024917226256274,0.6332385087762815,13.530035135255192,0,coinpaprika
stable_usdt,2026-05-30,43419972672.0,24.49418537203201,188296924396.0,188445050162.0,0.2305931061342517,0.23041185021667207,0.9992139577777571,0.6332291696217154,11.806049042913935,0,coinpaprika
stable_usdt,2026-05-31,31740994333.0,24.1808748790272,188301860083.0,188445050151.0,0.168564422672241,0.16843633890922638,0.9992401494871568,0.6336439022162254,14.890944336887202,0,coinpaprika
stable_usdt,2026-06-01,50392198544.0,24.643102209268598,188054390144.0,188208550099.0,0.2679660842026229,0.2677465955584541,0.9991809088645606,0.6334047172882092,15.229534185697835,0,coinpaprika
stable_usdt,2026-06-02,76940905022.0,25.066303496912585,188022949335.0,188213328258.0,0.4092101804281061,0.4087962618488451,0.9989884939352487,0.6330263580441059,14.044284259584483,0,coinpaprika
stable_usdt,2026-06-03,83312158647.0,25.145860337628633,187876906215.0,188073122085.0,0.44344012431022456,0.44297748515785745,0.9989567043508146,0.6331336890666076,14.322781425365472,0,coinpaprika
stable_usdt,2026-06-04,93756820025.0,25.263970246095,187325073652.0,187494033381.0,0.5005033132893633,0.5000522861145137,0.999098852769055,0.6325573149046985,13.666441870855417,0,coinpaprika
stable_usdt,2026-06-05,85483179382.0,25.171585461172203,187393319936.0,187198022473.0,0.4561698325809846,0.45664573937649067,1.0010432666991884,0.6334902191671457,10.881878341169049,0,coinpaprika
stable_usdt,2026-06-06,85437091763.0,25.17104617323628,187124007177.0,187293022469.0,0.45658006715399874,0.4561680442587828,0.9990975889556806,0.6345464146857056,3.804039794365055,0,coinpaprika
stable_usdt,2026-06-07,46518171735.0,24.563108863222695,186929934558.0,186928730081.0,0.2488535174689557,0.2488551209588956,1.0000064435092426,0.6343636661727999,4.564952389600752,0,coinpaprika
stable_usdt,2026-06-08,53573176073.0,24.704314333377486,186895150919.0,186928730080.0,0.28664829349274296,0.2865968010913692,0.9998203638307197,0.6345209345331632,4.9315218424950125,0,coinpaprika
stable_usdt,2026-06-09,52643520506.0,24.686809000659547,186870071243.0,186923648138.0,0.281711887601006,0.28163114207537243,0.9997133755116931,0.6334416364972986,4.3501801654854955,0,coinpaprika
stable_usdt,2026-06-10,50361474682.0,24.642492328517495,186821412549.0,186919022158.0,0.26957014185293704,0.269429371610077,0.9994777973484288,0.6358472775178451,6.217629268354674,0,coinpaprika
stable_usdt,2026-06-11,46915151471.0,24.571606519330768,186750742523.0,186901301278.0,0.2512180183980901,0.25101564916992014,0.9991944477969361,0.6362592271343079,8.46374813663009,0,coinpaprika
stable_usdt,2026-06-12,46777416217.0,24.56866636395629,186733601733.0,186874601278.0,0.2505034754477902,0.2503144670120932,0.9992454857747616,0.6368238875310168,9.619323476863784,0,coinpaprika
stable_usdt,2026-06-13,36826355084.0,24.329479596581418,186466159191.0,186554027088.0,0.19749618506529235,0.1974031633561495,0.9995289949063466,0.6362662561499488,6.062369966562953,0,coinpaprika
stable_usdt,2026-06-14,28856855940.0,24.08561344260426,186452354497.0,186545971088.0,0.15476798894735494,0.15469031988038623,0.9994981580655213,0.636247987473153,4.690430779077381,0,coinpaprika
stable_usdt,2026-06-15,49899044275.0,24.633267686734897,186426765427.0,186518471084.0,0.267660301677761,0.26752870096456877,0.999508329354905,0.6362195280767918,6.24663953930793,0,coinpaprika
stable_usdt,2026-06-16,52830654247.0,24.690357432070183,186412378311.0,186490011079.0,0.28340743638204263,0.283289458461237,0.9995837162132661,0.6353383849340648,5.931472749122202,0,coinpaprika
stable_usdt,2026-06-17,45025649785.0,24.53049815957559,186386687439.0,186583466515.0,0.24157116800380843,0.24131639649529318,0.9989453563079547,0.6359895965162705,8.739043939723912,0,coinpaprika
stable_usdt,2026-06-18,49925156808.0,24.633790857134695,186318909330.0,186553322590.0,0.26795539426207526,0.26761869536745625,0.9987434517019288,0.636168057396007,8.405300797398318,0,coinpaprika
stable_usdt,2026-06-19,41262943872.0,24.443230691365653,186305897905.0,186440788208.0,0.2214795362680389,0.22131929535700948,0.9992764978935322,0.6357932120785187,19.729034305829842,0,coinpaprika
stable_usdt,2026-06-20,31477089878.0,24.172525812734523,186273795311.0,186406006279.0,0.1689829201442227,0.16886306673448712,0.9992907365452478,0.6353615945398032,9.47686142458326,0,coinpaprika
stable_usdt,2026-06-21,29170323529.0,24.096417711954114,186244588333.0,186406006277.0,0.15662373758127293,0.15648810953898554,0.9991340518086089,0.6352298631805731,11.042304758103194,0,coinpaprika
stable_usdt,2026-06-22,36602899206.0,24.323393287522535,186231540889.0,186406006277.0,0.19654511277343997,0.19636115776016336,0.9990640570468489,0.6351681093831687,12.172502947935815,0,coinpaprika
stable_usdt,2026-06-23,40569846049.0,24.426290919481698,186131366279.0,186304747882.0,0.21796351071848996,0.2177606663824572,0.9990693656228782,0.6350120047109946,10.486775338920395,0,coinpaprika
stable_usdt,2026-06-24,40828271132.0,24.432640598324827,186121782153.0,186305867760.0,0.21936320757146754,0.21914645857850892,0.9990119172884177,0.6358257225455173,11.669518823838043,0,coinpaprika
stable_usdt,2026-06-25,56327922174.0,24.754456202522608,186074204710.0,186326767609.0,0.30271752208635305,0.302307193415184,0.9986445162858726,0.6368239941638523,14.955706666922586,0,coinpaprika
stable_usdt,2026-06-26,56177040527.0,24.751773978844067,186066735007.0,186327691674.0,0.30191877406182555,0.3014959291466331,0.9985994745887983,0.6370081366662135,14.876445383470438,0,coinpaprika
stable_usdt,2026-06-27,36958627577.0,24.33306495040059,186050835656.0,185162740804.0,0.1986480063187403,0.1996007804622084,1.004796293509935,0.6352462285407496,13.481406739969115,0,coinpaprika
stable_usdt,2026-06-28,23243566369.0,23.869294215418225,186072309548.0,185162740804.0,0.12491684778601618,0.12553047264300313,1.0049122665826318,0.6352565533058435,14.261612766883758,0,coinpaprika
stable_usdt,2026-06-29,35562322212.0,24.29455254953751,186052379983.0,185142740797.0,0.19114145282768974,0.19208056475188706,1.004913177703237,0.6354108337882846,14.71779780052973,0,coinpaprika
stable_usdt,2026-06-30,65436209635.0,24.904341606353135,184719135810.0,184960273387.0,0.35424705376657317,0.3537852125579698,0.9986962736776699,0.6362109545417041,14.02251986730163,0,coinpaprika
stable_usdt,2026-07-01,86540430803.0,25.183877549821815,184442036304.0,184637556560.0,0.4692012327404737,0.4687043763757659,0.9989410591233834,0.6368234302348237,15.722299555853692,0,coinpaprika
stable_usdt,2026-07-02,83878433799.0,25.15263437089355,184313900621.0,184630761247.0,0.4550846871364146,0.45430367741801697,0.9982838145504036,0.6364978066694867,10.574099871623055,0,coinpaprika
stable_usdt,2026-07-03,96784338153.0,25.295751022208815,184088251104.0,184259156627.0,0.5257496748031032,0.5252620272702253,0.9990724720218601,0.6358569348635146,11.988531166999827,0,coinpaprika
stable_usdt,2026-07-04,46323266567.0,24.558910189486266,184110313424.0,184252716069.0,0.2516060382794474,0.25141158054708185,0.9992271340795504,0.6362431281132008,8.626681347090326,0,coinpaprika
stable_usdt,2026-07-05,31738346417.0,24.180791452955972,184115577506.0,184253816068.0,0.17238273288399894,0.17225340073980758,0.9992497384046093,0.6363366681380899,8.836010522466076,0,coinpaprika
stable_usdt,2026-07-06,50624664974.0,24.64770474457344,184173197069.0,184303816067.0,0.2748753118241934,0.2746805033901002,0.9992912843543483,0.6364370419476553,9.448406852827773,0,coinpaprika
stable_usdt,2026-07-07,74418169386.0,25.032965961161374,184222223331.0,184334235438.0,0.40395869749269975,0.4037132289027787,0.9993923423571652,0.6372153756852577,6.014866114827377,0,coinpaprika
stable_usdt,2026-07-08,71901293815.0,24.99856009617076,184207098466.0,183120936383.0,0.39032857264331305,0.3926437644716792,1.0059313921414659,0.6381567199086134,7.4233821777636155,0,coinpaprika
stable_usdt,2026-07-09,64393619913.0,24.88828039549061,184146965828.0,183409285255.0,0.34968602183294184,0.3510924750809176,1.0040220459502602,0.639117338538605,7.699620148855502,0,coinpaprika
stable_usdt,2026-07-10,79438004881.0,25.098242741589498,184171501224.0,184276553999.0,0.4313262603228874,0.4310803689189406,0.999429917845107,0.6404416820805172,7.662333689395506,0,coinpaprika
stable_usdt,2026-07-11,115502406240.0,25.47255719994666,184166206810.0,184279015269.0,0.627163952826379,0.6267800274024482,0.9993878388223677,0.640883232752385,6.281142117712246,0,coinpaprika
stable_usdt,2026-07-12,62244302004.0,24.854332834045508,184187797152.0,184279015269.0,0.3379393367337643,0.3377720567539354,0.999504999975896,0.6408496352620444,6.9345659918118585,0,coinpaprika
stable_usdt,2026-07-13,60562739510.0,24.82694568136357,184135190143.0,184270015266.0,0.3289036683480587,0.32866301889960575,0.999268328475442,0.6407207664200012,6.34647112056852,0,coinpaprika
stable_usdt,2026-07-14,129969142189.0,25.590562891456575,184167123357.0,184360015264.0,0.7057130492127004,0.7049746768727844,0.9989537215717639,0.6442274714668151,12.333412426293044,0,coinpaprika
stable_usdt,2026-07-15,224149833993.0,26.13558056694531,184224835687.0,184321163972.0,1.2167188704884124,1.2160829997094111,0.9994773889068179,0.6438944374630093,6.892150879372894,0,coinpaprika
stable_usdt,2026-07-16,206808798177.0,26.055060523056742,184151516283.0,184203563971.0,1.12303608654072,1.1227187667745606,0.999717444728658,0.6438691549285017,6.628746050755252,0,coinpaprika
stable_usdt,2026-07-17,272906013311.0,26.3323932992732,184064026562.0,184174124548.0,1.4826689299827662,1.4817826010074202,0.9994022070892412,0.6432930024946636,7.972639751743227,0,coinpaprika
stable_usdt,2026-07-18,194811332142.0,25.995297399681537,184092382877.0,184192729802.0,1.058225924926844,1.0576494107634682,0.999455206917733,0.6428013626428809,6.618259010919836,0,coinpaprika
stable_usdt,2026-07-19,52524567853.0,24.684546856209074,184087974171.0,184192729801.0,0.285323189032488,0.285160917641793,0.9994312716353507,0.6425883739306638,6.950938399947759,0,coinpaprika
stable_usdt,2026-07-20,81459978757.0,25.123377678400622,184081229573.0,184192729800.0,0.4425219178835173,0.442254039263389,0.9993946545712142,0.6426700649557782,8.00017367148631,0,coinpaprika
stable_usdt,2026-07-21,233503176193.0,26.17646151650675,184104477477.0,184188776753.0,1.268318833919568,1.2677383514313219,0.9995423213211679,0.6426414454070167,7.6627685388819256,0,coinpaprika
stable_usdt,2026-07-22,217451439127.0,26.105241394170044,184111748123.0,184268776752.0,1.1810839956922612,1.18007750938543,0.999147828342013,0.6430093237899275,6.744924917255757,0,coinpaprika
stable_usdt,2026-07-23,226227842040.0,26.144808479000044,184048415795.0,183200347298.0,1.2291757093523752,1.2348657924322053,1.0046291860769265,0.6400108321312177,5.6095159103652925,0,coinpaprika
stable_usdt,2026-07-24,237158494614.0,26.191994508215256,184020574767.0,184126250265.0,1.2887607535966088,1.2880210957029452,0.9994260704389086,0.6417184250761,7.861467272975986,0,coinpaprika
stable_usdt,2026-07-25,279183053935.0,26.355133510920975,184038101828.0,184451250259.0,1.5169850762529675,1.5135872136566215,0.9977601212763814,0.6429206982360725,8.857290919686012,0,coinpaprika
stable_usdt,2026-07-26,82793538340.0,25.139615855932494,184008750149.0,184451500248.0,0.4499434851492574,0.4488634585713961,0.9975996394802714,0.6431634876927971,9.397765497377586,0,coinpaprika
stable_usdt,2026-07-27,88901428504.0,25.210794048009838,183930057194.0,184096055246.0,0.48334366802393436,0.482907840611819,0.999098307392963,0.6429036550878682,9.656381317935114,0,coinpaprika
stable_usdt,2026-07-28,245516013640.0,26.226628010733933,183892421501.0,184110200248.0,1.3351067522848672,1.3335274922806297,0.9988171282921497,0.6454932472792636,9.723484373401758,0,coinpaprika
stable_usdt,2026-07-29,279306153578.0,26.355574341803067,183806755511.0,184024280730.0,1.519564135722339,1.5177679405675675,0.9988179537062332,0.6455987849724594,11.946398693207794,0,coinpaprika
stable_usdt,2026-07-30,277503760762.0,26.349100322340167,183718472388.0,184085363942.0,1.5104837154095878,1.507473244040376,0.9980069488081866,0.6465444385858096,12.885240291228284,0,coinpaprika
stable_usdt,2026-07-31,263709486360.0,26.298113903723827,183621101041.0,183453533910.0,1.4361611212706833,1.4374729161084057,1.000913403669194,0.6460412349521069,9.42342289607323,0,coinpaprika
stable_usdt,2026-08-01,179025036069.0,25.910791499319636,183305157165.0,183516712264.0,0.9766502963571979,0.9755244296849735,0.9988472161669087,0.6462705584687461,10.368982460756682,0,coinpaprika
stable_usdt,2026-08-02,48922168872.0,24.61349648188073,183270038075.0,183410513830.0,0.266940354167327,0.2667359021595954,0.9992340910449103,0.6460084876303464,9.613508656368674,0,coinpaprika
stable_usdt,2026-08-03,85962778234.0,25.177180228289178,183231393253.0,183389013965.0,0.46914874524424627,0.46874551738636916,0.99914051169919,0.646247546987077,11.462987199142294,0,coinpaprika
stable_usdt,2026-08-04,308454656889.0,26.454840690202467,183113905573.0,183213347594.0,1.6844960841383605,1.683581796521366,0.9994572337534033,0.6451360384050844,10.10044780399233,0,coinpaprika
stable_usdt,2026-08-05,282908337852.0,26.368388787612126,183108941824.0,183223939641.0,1.5450274303038942,1.5440577165097351,0.999372364674478,0.6445772212936504,6.351558642989641,0,coinpaprika
stable_usdt,2026-08-06,228614762537.0,26.155304164253547,183370665102.0,183523746636.0,1.2467357437452329,1.245695811727478,0.9991658761506018,0.6457613398308815,8.178459989577336,0,coinpaprika
stable_usdt,2026-08-07,195643821426.0,25.999561605380187,183367735217.0,183475699331.0,1.0669479076810995,1.0663200747530497,0.9994115617796053,0.6454031150924291,7.556529335289719,0,coinpaprika
stable_usdt,2026-08-08,200510881513.0,26.024134354110643,183146424836.0,183215274331.0,1.0948118790336703,1.094400465491504,0.9996242153103697,0.6442050441137326,5.2238527093251275,0,coinpaprika
stable_usdt,2026-08-09,52671854992.0,24.687347088978544,183102757838.0,183215274329.0,0.2876628163001312,0.28748615629839386,0.999385878216693,0.644189563584424,5.990118999825711,0,coinpaprika
stable_usdt,2026-08-10,85571374218.0,25.172616650836062,183076358296.0,183215271475.0,0.4674081078215856,0.46705372062653816,0.9992418034922436,0.6440439848702874,6.529748731558538,0,coinpaprika
stable_usdt,2026-08-11,183774523715.0,25.936975428534044,183063418824.0,182132111450.0,1.0038844729087228,1.0090176973841918,1.0051133617602388,0.6428763359176406,8.215415558026073,0,coinpaprika
stable_usdt,2026-08-12,194320339080.0,25.992773866600725,182996818873.0,183147832500.0,1.0618782352433052,1.0610026688686038,0.9991754550139161,0.6442665061146218,7.804573300206341,0,coinpaprika
stable_usdt,2026-08-13,196718079531.0,26.005037472362613,182986995428.0,183147832499.0,1.0750385789486487,1.0740944997646864,0.9991218183212686,0.6444135561122813,8.85863162382483,0,coinpaprika
stable_usdt,2026-08-14,184186302745.0,25.939213597231817,182998306239.0,183125703998.0,1.0064918442712167,1.0057916432474798,0.9993043152533005,0.6444802034462165,8.655231643162065,0,coinpaprika
stable_usdt,2026-08-15,138151668698.0,25.651617967135394,183003143929.0,183207603991.0,0.7549141819749223,0.7540716961987377,0.998883997947978,0.6444904634582588,8.400434853155225,0,coinpaprika
stable_usdt,2026-08-16,45220320299.0,24.534812386920198,182985545645.0,183124065071.0,0.24712509471501867,0.24693816337829433,0.9992435760644223,0.6445459074351925,8.0686880626335,0,coinpaprika
stable_usdt,2026-08-17,84671088872.0,25.162040044716324,182999210968.0,183124065071.0,0.4626855406868718,0.4623700813935718,0.9993181993696373,0.6444972617004209,7.9538503939635685,0,coinpaprika
stable_usdt,2026-08-18,206097336264.0,26.051614400280894,182973596277.0,183097065066.0,1.126377468976417,1.1256179130436046,0.9993256648381803,0.6443111582946262,7.5393567839521225,0,coinpaprika
stable_usdt,2026-08-19,194300057024.0,25.99266948681921,182933235611.0,183056965049.0,1.062136447622733,1.0614185424301692,0.9993240932516997,0.6441584421293944,5.880607820678563,0,coinpaprika
stable_usdt,2026-08-20,206045157803.0,26.051361194353188,182971498944.0,183069204367.0,1.1261052075988178,1.1255041967077104,0.9994662924147301,0.642813179071154,4.833729263105102,0,coinpaprika
stable_usdt,2026-08-21,233236522296.0,26.175318892783615,183017035944.0,183074599308.0,1.2743978782793002,1.273997174799814,0.9996855742729053,0.6415502607451136,3.0874117724966066,0,coinpaprika
