asset_id,date,scope,economic_system,fees_usd,protocol_revenue_usd,holders_revenue_usd
crypto_aave,2025-08-25,application_protocol,Aave,3620861.0,525740.0,136967.0
crypto_aave,2025-08-26,application_protocol,Aave,3470193.0,504592.0,146642.0
crypto_aave,2025-08-27,application_protocol,Aave,3428571.0,483264.0,139855.0
crypto_aave,2025-08-28,application_protocol,Aave,3456184.0,491130.0,141195.0
crypto_aave,2025-08-29,application_protocol,Aave,3526737.0,534122.0,145974.0
crypto_aave,2025-08-30,application_protocol,Aave,3391061.0,469382.0,35957.0
crypto_aave,2025-08-31,application_protocol,Aave,3411453.0,472815.0,35215.0
crypto_aave,2025-09-01,application_protocol,Aave,3423659.0,478026.0,140758.0
crypto_aave,2025-09-02,application_protocol,Aave,3749885.0,529156.0,144151.0
crypto_aave,2025-09-03,application_protocol,Aave,3450099.0,485215.0,144970.0
crypto_aave,2025-09-04,application_protocol,Aave,3530158.0,503665.0,138463.0
crypto_aave,2025-09-05,application_protocol,Aave,3543647.0,508664.0,141192.0
crypto_aave,2025-09-06,application_protocol,Aave,3529310.0,481986.0,141949.0
crypto_aave,2025-09-07,application_protocol,Aave,3430874.0,473038.0,107268.0
crypto_aave,2025-09-08,application_protocol,Aave,3490907.0,482366.0,106541.0
crypto_aave,2025-09-09,application_protocol,Aave,3606668.0,498005.0,141241.0
crypto_aave,2025-09-10,application_protocol,Aave,3645464.0,498361.0,142611.0
crypto_aave,2025-09-11,application_protocol,Aave,3779670.0,520567.0,144770.0
crypto_aave,2025-09-12,application_protocol,Aave,3820542.0,534964.0,146850.0
crypto_aave,2025-09-13,application_protocol,Aave,3784621.0,532412.0,141616.0
crypto_aave,2025-09-14,application_protocol,Aave,3728398.0,505559.0,141513.0
crypto_aave,2025-09-15,application_protocol,Aave,4075940.0,548655.0,34664.0
crypto_aave,2025-09-16,application_protocol,Aave,4549611.0,600213.0,0.0
crypto_aave,2025-09-17,application_protocol,Aave,4121152.0,555550.0,146301.0
crypto_aave,2025-09-18,application_protocol,Aave,4059106.0,569630.0,142746.0
crypto_aave,2025-09-19,application_protocol,Aave,4009102.0,544446.0,140722.0
crypto_aave,2025-09-20,application_protocol,Aave,3861822.0,521875.0,141827.0
crypto_aave,2025-09-21,application_protocol,Aave,3908558.0,527089.0,142110.0
crypto_aave,2025-09-22,application_protocol,Aave,5005608.0,654364.0,142087.0
crypto_aave,2025-09-23,application_protocol,Aave,3848289.0,517347.0,143608.0
crypto_aave,2025-09-24,application_protocol,Aave,3807791.0,514771.0,35664.0
crypto_aave,2025-09-25,application_protocol,Aave,3723256.0,491721.0,138276.0
crypto_aave,2025-09-26,application_protocol,Aave,3871530.0,510204.0,145822.0
crypto_aave,2025-09-27,application_protocol,Aave,3470216.0,445318.0,141449.0
crypto_aave,2025-09-28,application_protocol,Aave,3441940.0,455141.0,147088.0
crypto_aave,2025-09-29,application_protocol,Aave,3426144.0,451259.0,143304.0
crypto_aave,2025-09-30,application_protocol,Aave,3422016.0,456834.0,143134.0
crypto_aave,2025-10-01,application_protocol,Aave,3490468.0,463809.0,180713.0
crypto_aave,2025-10-02,application_protocol,Aave,3509046.0,472486.0,144048.0
crypto_aave,2025-10-03,application_protocol,Aave,3490988.0,473677.0,142619.0
crypto_aave,2025-10-04,application_protocol,Aave,3470632.0,459673.0,142256.0
crypto_aave,2025-10-05,application_protocol,Aave,3472034.0,462723.0,141259.0
crypto_aave,2025-10-06,application_protocol,Aave,3463621.0,469449.0,144556.0
crypto_aave,2025-10-07,application_protocol,Aave,3441918.0,473182.0,138283.0
crypto_aave,2025-10-08,application_protocol,Aave,3610219.0,483788.0,73154.0
crypto_aave,2025-10-09,application_protocol,Aave,3641248.0,490139.0,94884.0
crypto_aave,2025-10-10,application_protocol,Aave,16101881.0,1793370.0,126369.0
crypto_aave,2025-10-11,application_protocol,Aave,3795460.0,527205.0,141869.0
crypto_aave,2025-10-12,application_protocol,Aave,4251101.0,553438.0,149801.0
crypto_aave,2025-10-13,application_protocol,Aave,3275173.0,443883.0,147194.0
crypto_aave,2025-10-14,application_protocol,Aave,3329862.0,463656.0,145619.0
crypto_aave,2025-10-15,application_protocol,Aave,3132065.0,426807.0,139558.0
crypto_aave,2025-10-16,application_protocol,Aave,3235483.0,445838.0,65811.0
crypto_aave,2025-10-17,application_protocol,Aave,3390494.0,465349.0,72150.0
crypto_aave,2025-10-18,application_protocol,Aave,2939234.0,394443.0,145631.0
crypto_aave,2025-10-19,application_protocol,Aave,3040935.0,406721.0,144741.0
crypto_aave,2025-10-20,application_protocol,Aave,2998587.0,408808.0,143155.0
crypto_aave,2025-10-21,application_protocol,Aave,3167104.0,433205.0,138980.0
crypto_aave,2025-10-22,application_protocol,Aave,3258535.0,434172.0,140823.0
crypto_aave,2025-10-23,application_protocol,Aave,3086500.0,421012.0,144533.0
crypto_aave,2025-10-24,application_protocol,Aave,3137716.0,415552.0,144430.0
crypto_aave,2025-10-25,application_protocol,Aave,2946809.0,387013.0,144316.0
crypto_aave,2025-10-26,application_protocol,Aave,2974748.0,396771.0,38394.0
crypto_aave,2025-10-27,application_protocol,Aave,2979102.0,397279.0,0.0
crypto_aave,2025-10-28,application_protocol,Aave,3036282.0,406635.0,110747.0
crypto_aave,2025-10-29,application_protocol,Aave,3030225.0,408538.0,74710.0
crypto_aave,2025-10-30,application_protocol,Aave,3099455.0,420293.0,49234.0
crypto_aave,2025-10-31,application_protocol,Aave,2958532.0,388926.0,197384.0
crypto_aave,2025-11-01,application_protocol,Aave,2946931.0,371980.0,33713.0
crypto_aave,2025-11-02,application_protocol,Aave,2980083.0,375216.0,0.0
crypto_aave,2025-11-03,application_protocol,Aave,3139199.0,414975.0,72998.0
crypto_aave,2025-11-04,application_protocol,Aave,8849467.0,1042926.0,147161.0
crypto_aave,2025-11-05,application_protocol,Aave,3085605.0,398419.0,157122.0
crypto_aave,2025-11-06,application_protocol,Aave,2913388.0,374889.0,150773.0
crypto_aave,2025-11-07,application_protocol,Aave,3119231.0,405659.0,158869.0
crypto_aave,2025-11-08,application_protocol,Aave,3167755.0,396393.0,150971.0
crypto_aave,2025-11-09,application_protocol,Aave,3014530.0,390296.0,158958.0
crypto_aave,2025-11-10,application_protocol,Aave,2904242.0,375445.0,79887.0
crypto_aave,2025-11-11,application_protocol,Aave,2879638.0,369658.0,0.0
crypto_aave,2025-11-12,application_protocol,Aave,2834903.0,366141.0,68710.0
crypto_aave,2025-11-13,application_protocol,Aave,2840929.0,419749.0,136906.0
crypto_aave,2025-11-14,application_protocol,Aave,2917296.0,390444.0,168647.0
crypto_aave,2025-11-15,application_protocol,Aave,2593353.0,327381.0,213102.0
crypto_aave,2025-11-16,application_protocol,Aave,4998755.0,596313.0,209889.0
crypto_aave,2025-11-17,application_protocol,Aave,3072033.0,391246.0,172103.0
crypto_aave,2025-11-18,application_protocol,Aave,2791000.0,364241.0,0.0
crypto_aave,2025-11-19,application_protocol,Aave,3208163.0,400845.0,44642.0
crypto_aave,2025-11-20,application_protocol,Aave,4507276.0,544093.0,162379.0
crypto_aave,2025-11-21,application_protocol,Aave,6201542.0,729194.0,171055.0
crypto_aave,2025-11-22,application_protocol,Aave,2359943.0,297080.0,173574.0
crypto_aave,2025-11-23,application_protocol,Aave,2387777.0,303260.0,173726.0
crypto_aave,2025-11-24,application_protocol,Aave,2427416.0,306677.0,177578.0
crypto_aave,2025-11-25,application_protocol,Aave,2364895.0,294287.0,171475.0
crypto_aave,2025-11-26,application_protocol,Aave,2329097.0,289750.0,133867.0
crypto_aave,2025-11-27,application_protocol,Aave,2291419.0,283283.0,0.0
crypto_aave,2025-11-28,application_protocol,Aave,2231728.0,278256.0,0.0
crypto_aave,2025-11-29,application_protocol,Aave,2248361.0,276788.0,0.0
crypto_aave,2025-11-30,application_protocol,Aave,2229103.0,281491.0,0.0
crypto_aave,2025-12-01,application_protocol,Aave,2528877.0,316297.0,0.0
crypto_aave,2025-12-02,application_protocol,Aave,2485353.0,302519.0,0.0
crypto_aave,2025-12-03,application_protocol,Aave,2345565.0,293450.0,0.0
crypto_aave,2025-12-04,application_protocol,Aave,2353614.0,290893.0,0.0
crypto_aave,2025-12-05,application_protocol,Aave,2279608.0,284217.0,0.0
crypto_aave,2025-12-06,application_protocol,Aave,2193416.0,266473.0,0.0
crypto_aave,2025-12-07,application_protocol,Aave,2221660.0,272741.0,0.0
crypto_aave,2025-12-08,application_protocol,Aave,2328018.0,287789.0,0.0
crypto_aave,2025-12-09,application_protocol,Aave,2536711.0,309567.0,0.0
crypto_aave,2025-12-10,application_protocol,Aave,2435755.0,301743.0,0.0
crypto_aave,2025-12-11,application_protocol,Aave,2420042.0,300763.0,0.0
crypto_aave,2025-12-12,application_protocol,Aave,2396949.0,297453.0,0.0
crypto_aave,2025-12-13,application_protocol,Aave,2362192.0,287821.0,0.0
crypto_aave,2025-12-14,application_protocol,Aave,2277306.0,279146.0,0.0
crypto_aave,2025-12-15,application_protocol,Aave,2334048.0,297104.0,0.0
crypto_aave,2025-12-16,application_protocol,Aave,2241877.0,277233.0,0.0
crypto_aave,2025-12-17,application_protocol,Aave,2145842.0,275177.0,0.0
crypto_aave,2025-12-18,application_protocol,Aave,2175351.0,270052.0,0.0
crypto_aave,2025-12-19,application_protocol,Aave,2162805.0,269675.0,0.0
crypto_aave,2025-12-20,application_protocol,Aave,2158967.0,277354.0,0.0
crypto_aave,2025-12-21,application_protocol,Aave,2121817.0,264645.0,0.0
crypto_aave,2025-12-22,application_protocol,Aave,2169435.0,273007.0,0.0
crypto_aave,2025-12-23,application_protocol,Aave,2157211.0,268814.0,0.0
crypto_aave,2025-12-24,application_protocol,Aave,2139098.0,264485.0,0.0
crypto_aave,2025-12-25,application_protocol,Aave,2132565.0,264792.0,0.0
crypto_aave,2025-12-26,application_protocol,Aave,2114713.0,264793.0,0.0
crypto_aave,2025-12-27,application_protocol,Aave,2100002.0,260360.0,0.0
crypto_aave,2025-12-28,application_protocol,Aave,2229790.0,272805.0,0.0
crypto_aave,2025-12-29,application_protocol,Aave,2105215.0,262612.0,0.0
crypto_aave,2025-12-30,application_protocol,Aave,2260868.0,276274.0,2735258.0
crypto_aave,2025-12-31,application_protocol,Aave,2265380.0,278891.0,0.0
crypto_aave,2026-01-01,application_protocol,Aave,2238538.0,273383.0,0.0
crypto_aave,2026-01-02,application_protocol,Aave,2268438.0,281826.0,1056.0
crypto_aave,2026-01-03,application_protocol,Aave,2235526.0,276628.0,0.0
crypto_aave,2026-01-04,application_protocol,Aave,2278955.0,281558.0,0.0
crypto_aave,2026-01-05,application_protocol,Aave,2268988.0,284186.0,0.0
crypto_aave,2026-01-06,application_protocol,Aave,2196918.0,274692.0,0.0
crypto_aave,2026-01-07,application_protocol,Aave,2177552.0,273705.0,0.0
crypto_aave,2026-01-08,application_protocol,Aave,2281000.0,285635.0,0.0
crypto_aave,2026-01-09,application_protocol,Aave,2178048.0,272383.0,0.0
crypto_aave,2026-01-10,application_protocol,Aave,2175632.0,272102.0,0.0
crypto_aave,2026-01-11,application_protocol,Aave,2209785.0,279709.0,0.0
crypto_aave,2026-01-12,application_protocol,Aave,2300563.0,289711.0,0.0
crypto_aave,2026-01-13,application_protocol,Aave,2270910.0,288634.0,2101853.0
crypto_aave,2026-01-14,application_protocol,Aave,2305114.0,293185.0,300058.0
crypto_aave,2026-01-15,application_protocol,Aave,2308328.0,299710.0,0.0
crypto_aave,2026-01-16,application_protocol,Aave,2301109.0,290106.0,0.0
crypto_aave,2026-01-17,application_protocol,Aave,2297913.0,289310.0,97743.0
crypto_aave,2026-01-18,application_protocol,Aave,2286381.0,286254.0,0.0
crypto_aave,2026-01-19,application_protocol,Aave,2586820.0,324296.0,0.0
crypto_aave,2026-01-20,application_protocol,Aave,2867889.0,419040.0,163472.0
crypto_aave,2026-01-21,application_protocol,Aave,2425722.0,311700.0,0.0
crypto_aave,2026-01-22,application_protocol,Aave,2443265.0,308228.0,0.0
crypto_aave,2026-01-23,application_protocol,Aave,2434849.0,304342.0,0.0
crypto_aave,2026-01-24,application_protocol,Aave,2369505.0,300538.0,0.0
crypto_aave,2026-01-25,application_protocol,Aave,2417841.0,311643.0,0.0
crypto_aave,2026-01-26,application_protocol,Aave,2363980.0,301140.0,0.0
crypto_aave,2026-01-27,application_protocol,Aave,2444102.0,310689.0,180200.0
crypto_aave,2026-01-28,application_protocol,Aave,2522938.0,317598.0,0.0
crypto_aave,2026-01-29,application_protocol,Aave,2910935.0,361914.0,0.0
crypto_aave,2026-01-30,application_protocol,Aave,2753463.0,352398.0,0.0
crypto_aave,2026-01-31,application_protocol,Aave,9797441.0,1105485.0,0.0
crypto_aave,2026-02-01,application_protocol,Aave,2833843.0,362786.0,0.0
crypto_aave,2026-02-02,application_protocol,Aave,4298617.0,518396.0,0.0
crypto_aave,2026-02-03,application_protocol,Aave,3630860.0,443707.0,0.0
crypto_aave,2026-02-04,application_protocol,Aave,2410873.0,317986.0,168475.0
crypto_aave,2026-02-05,application_protocol,Aave,9548188.0,1097872.0,0.0
crypto_aave,2026-02-06,application_protocol,Aave,8564874.0,977186.0,0.0
crypto_aave,2026-02-07,application_protocol,Aave,2156812.0,297646.0,0.0
crypto_aave,2026-02-08,application_protocol,Aave,1816733.0,244595.0,0.0
crypto_aave,2026-02-09,application_protocol,Aave,1790800.0,244503.0,0.0
crypto_aave,2026-02-10,application_protocol,Aave,1775433.0,238400.0,0.0
crypto_aave,2026-02-11,application_protocol,Aave,1678909.0,231069.0,0.0
crypto_aave,2026-02-12,application_protocol,Aave,1633802.0,219916.0,0.0
crypto_aave,2026-02-13,application_protocol,Aave,1683150.0,224685.0,0.0
crypto_aave,2026-02-14,application_protocol,Aave,1926922.0,262679.0,0.0
crypto_aave,2026-02-15,application_protocol,Aave,2283122.0,317226.0,0.0
crypto_aave,2026-02-16,application_protocol,Aave,1840131.0,247719.0,0.0
crypto_aave,2026-02-17,application_protocol,Aave,1708339.0,234809.0,0.0
crypto_aave,2026-02-18,application_protocol,Aave,1607535.0,215335.0,0.0
crypto_aave,2026-02-19,application_protocol,Aave,1594639.0,217466.0,245037.0
crypto_aave,2026-02-20,application_protocol,Aave,1622202.0,213775.0,0.0
crypto_aave,2026-02-21,application_protocol,Aave,1583508.0,207856.0,0.0
crypto_aave,2026-02-22,application_protocol,Aave,1515952.0,206471.0,0.0
crypto_aave,2026-02-23,application_protocol,Aave,1566388.0,213246.0,0.0
crypto_aave,2026-02-24,application_protocol,Aave,1563116.0,215559.0,0.0
crypto_aave,2026-02-25,application_protocol,Aave,1868614.0,248695.0,0.0
crypto_aave,2026-02-26,application_protocol,Aave,1553853.0,209240.0,0.0
crypto_aave,2026-02-27,application_protocol,Aave,1519127.0,209618.0,0.0
crypto_aave,2026-02-28,application_protocol,Aave,1546448.0,212286.0,0.0
crypto_aave,2026-03-01,application_protocol,Aave,1502392.0,203827.0,0.0
crypto_aave,2026-03-02,application_protocol,Aave,1566167.0,224114.0,0.0
crypto_aave,2026-03-03,application_protocol,Aave,1571419.0,216678.0,6155965.0
crypto_aave,2026-03-04,application_protocol,Aave,1763990.0,237936.0,0.0
crypto_aave,2026-03-05,application_protocol,Aave,1611319.0,218959.0,0.0
crypto_aave,2026-03-06,application_protocol,Aave,1549968.0,211151.0,0.0
crypto_aave,2026-03-07,application_protocol,Aave,1430180.0,194642.0,0.0
crypto_aave,2026-03-08,application_protocol,Aave,1360980.0,199007.0,0.0
crypto_aave,2026-03-09,application_protocol,Aave,1361009.0,187776.0,0.0
crypto_aave,2026-03-10,application_protocol,Aave,2909132.0,340540.0,0.0
crypto_aave,2026-03-11,application_protocol,Aave,1418416.0,194253.0,0.0
crypto_aave,2026-03-12,application_protocol,Aave,1374832.0,186723.0,0.0
crypto_aave,2026-03-13,application_protocol,Aave,1420329.0,199625.0,0.0
crypto_aave,2026-03-14,application_protocol,Aave,1388055.0,186956.0,0.0
crypto_aave,2026-03-15,application_protocol,Aave,1404764.0,192937.0,0.0
crypto_aave,2026-03-16,application_protocol,Aave,1621437.0,217760.0,0.0
crypto_aave,2026-03-17,application_protocol,Aave,1473034.0,198026.0,0.0
crypto_aave,2026-03-18,application_protocol,Aave,1488448.0,196645.0,0.0
crypto_aave,2026-03-19,application_protocol,Aave,1507202.0,206410.0,0.0
crypto_aave,2026-03-20,application_protocol,Aave,1464730.0,193815.0,0.0
crypto_aave,2026-03-21,application_protocol,Aave,1453264.0,191968.0,0.0
crypto_aave,2026-03-22,application_protocol,Aave,1440093.0,196039.0,0.0
crypto_aave,2026-03-23,application_protocol,Aave,1465686.0,197773.0,0.0
crypto_aave,2026-03-24,application_protocol,Aave,1441117.0,189672.0,0.0
crypto_aave,2026-03-25,application_protocol,Aave,1454539.0,193587.0,0.0
crypto_aave,2026-03-26,application_protocol,Aave,1456025.0,198043.0,0.0
crypto_aave,2026-03-27,application_protocol,Aave,1902935.0,245919.0,0.0
crypto_aave,2026-03-28,application_protocol,Aave,1430901.0,193703.0,0.0
crypto_aave,2026-03-29,application_protocol,Aave,1427270.0,193175.0,0.0
crypto_aave,2026-03-30,application_protocol,Aave,1439426.0,195764.0,0.0
crypto_aave,2026-03-31,application_protocol,Aave,1472009.0,195225.0,0.0
crypto_aave,2026-04-01,application_protocol,Aave,1608810.0,209683.0,0.0
crypto_aave,2026-04-02,application_protocol,Aave,1498774.0,202243.0,0.0
crypto_aave,2026-04-03,application_protocol,Aave,1478568.0,192818.0,0.0
crypto_aave,2026-04-04,application_protocol,Aave,1463869.0,193264.0,0.0
crypto_aave,2026-04-05,application_protocol,Aave,1496821.0,194142.0,0.0
crypto_aave,2026-04-06,application_protocol,Aave,1503527.0,200675.0,0.0
crypto_aave,2026-04-07,application_protocol,Aave,1540813.0,212169.0,0.0
crypto_aave,2026-04-08,application_protocol,Aave,1571078.0,213466.0,0.0
crypto_aave,2026-04-09,application_protocol,Aave,1522620.0,200946.0,0.0
crypto_aave,2026-04-10,application_protocol,Aave,1542245.0,207076.0,0.0
crypto_aave,2026-04-11,application_protocol,Aave,1525682.0,203584.0,0.0
crypto_aave,2026-04-12,application_protocol,Aave,1529110.0,202930.0,0.0
crypto_aave,2026-04-13,application_protocol,Aave,1542838.0,207195.0,0.0
crypto_aave,2026-04-14,application_protocol,Aave,1613104.0,215629.0,0.0
crypto_aave,2026-04-15,application_protocol,Aave,1603885.0,217145.0,0.0
crypto_aave,2026-04-16,application_protocol,Aave,1591720.0,210061.0,0.0
crypto_aave,2026-04-17,application_protocol,Aave,1694999.0,227108.0,0.0
crypto_aave,2026-04-18,application_protocol,Aave,1991203.0,267601.0,0.0
crypto_aave,2026-04-19,application_protocol,Aave,5204314.0,675655.0,0.0
crypto_aave,2026-04-20,application_protocol,Aave,4696544.0,607512.0,0.0
crypto_aave,2026-04-21,application_protocol,Aave,4039725.0,519635.0,0.0
crypto_aave,2026-04-22,application_protocol,Aave,3483490.0,435497.0,0.0
crypto_aave,2026-04-23,application_protocol,Aave,3047025.0,391686.0,0.0
crypto_aave,2026-04-24,application_protocol,Aave,2635659.0,345726.0,0.0
crypto_aave,2026-04-25,application_protocol,Aave,2279668.0,305050.0,0.0
crypto_aave,2026-04-26,application_protocol,Aave,2077810.0,283553.0,0.0
crypto_aave,2026-04-27,application_protocol,Aave,1967367.0,272933.0,0.0
crypto_aave,2026-04-28,application_protocol,Aave,1934565.0,270073.0,0.0
crypto_aave,2026-04-29,application_protocol,Aave,1739619.0,246142.0,0.0
crypto_aave,2026-04-30,application_protocol,Aave,1888412.0,259630.0,20188.0
crypto_aave,2026-05-01,application_protocol,Aave,1553995.0,222081.0,0.0
crypto_aave,2026-05-02,application_protocol,Aave,1447902.0,202059.0,0.0
crypto_aave,2026-05-03,application_protocol,Aave,1491415.0,213483.0,0.0
crypto_aave,2026-05-04,application_protocol,Aave,1517224.0,218659.0,0.0
crypto_aave,2026-05-05,application_protocol,Aave,1587375.0,225690.0,0.0
crypto_aave,2026-05-06,application_protocol,Aave,16332879.0,1692980.0,0.0
crypto_aave,2026-05-07,application_protocol,Aave,1265306.0,180029.0,0.0
crypto_aave,2026-05-08,application_protocol,Aave,1221653.0,165329.0,0.0
crypto_aave,2026-05-09,application_protocol,Aave,1245483.0,180067.0,0.0
crypto_aave,2026-05-10,application_protocol,Aave,1161827.0,164590.0,0.0
crypto_aave,2026-05-11,application_protocol,Aave,1140594.0,160899.0,0.0
crypto_aave,2026-05-12,application_protocol,Aave,1130126.0,161275.0,0.0
crypto_aave,2026-05-13,application_protocol,Aave,1112256.0,160539.0,0.0
crypto_aave,2026-05-14,application_protocol,Aave,1101172.0,155802.0,0.0
crypto_aave,2026-05-15,application_protocol,Aave,1155973.0,162212.0,0.0
crypto_aave,2026-05-16,application_protocol,Aave,1092073.0,154142.0,0.0
crypto_aave,2026-05-17,application_protocol,Aave,1078719.0,150841.0,0.0
crypto_aave,2026-05-18,application_protocol,Aave,1118085.0,153387.0,0.0
crypto_aave,2026-05-19,application_protocol,Aave,1110354.0,151288.0,0.0
crypto_aave,2026-05-20,application_protocol,Aave,1169567.0,155200.0,0.0
crypto_aave,2026-05-21,application_protocol,Aave,1157675.0,154224.0,0.0
crypto_aave,2026-05-22,application_protocol,Aave,1187471.0,163143.0,0.0
crypto_aave,2026-05-23,application_protocol,Aave,1142308.0,154109.0,0.0
crypto_aave,2026-05-24,application_protocol,Aave,1083920.0,147567.0,0.0
crypto_aave,2026-05-25,application_protocol,Aave,1084827.0,146422.0,0.0
crypto_aave,2026-05-26,application_protocol,Aave,1112926.0,158402.0,135368.0
crypto_aave,2026-05-27,application_protocol,Aave,1078736.0,148409.0,0.0
crypto_aave,2026-05-28,application_protocol,Aave,1129159.0,146573.0,0.0
crypto_aave,2026-05-29,application_protocol,Aave,1020363.0,138207.0,0.0
crypto_aave,2026-05-30,application_protocol,Aave,1042947.0,141913.0,0.0
crypto_aave,2026-05-31,application_protocol,Aave,1029286.0,142696.0,0.0
crypto_aave,2026-06-01,application_protocol,Aave,1056087.0,139947.0,0.0
crypto_aave,2026-06-02,application_protocol,Aave,1657466.0,253729.0,0.0
crypto_aave,2026-06-03,application_protocol,Aave,1652381.0,200230.0,0.0
crypto_aave,2026-06-04,application_protocol,Aave,2114890.0,249555.0,0.0
crypto_aave,2026-06-05,application_protocol,Aave,6491668.0,702983.0,0.0
crypto_aave,2026-06-06,application_protocol,Aave,3253766.0,362143.0,0.0
crypto_aave,2026-06-07,application_protocol,Aave,952578.0,126735.0,0.0
crypto_aave,2026-06-08,application_protocol,Aave,958780.0,128836.0,0.0
crypto_aave,2026-06-09,application_protocol,Aave,987796.0,131928.0,0.0
crypto_aave,2026-06-10,application_protocol,Aave,957059.0,127136.0,0.0
crypto_aave,2026-06-11,application_protocol,Aave,967587.0,131352.0,0.0
crypto_aave,2026-06-12,application_protocol,Aave,963486.0,129076.0,0.0
crypto_aave,2026-06-13,application_protocol,Aave,953153.0,125626.0,0.0
crypto_aave,2026-06-14,application_protocol,Aave,956813.0,132369.0,0.0
crypto_aave,2026-06-15,application_protocol,Aave,992880.0,134378.0,0.0
crypto_aave,2026-06-16,application_protocol,Aave,975232.0,131588.0,11.0
crypto_aave,2026-06-17,application_protocol,Aave,968372.0,129017.0,0.0
crypto_aave,2026-06-18,application_protocol,Aave,998898.0,133555.0,0.0
crypto_aave,2026-06-19,application_protocol,Aave,1000434.0,134052.0,0.0
crypto_aave,2026-06-20,application_protocol,Aave,975473.0,134200.0,0.0
crypto_aave,2026-06-21,application_protocol,Aave,982967.0,133816.0,0.0
crypto_aave,2026-06-22,application_protocol,Aave,992594.0,135379.0,0.0
crypto_aave,2026-06-23,application_protocol,Aave,1269096.0,158399.0,0.0
crypto_aave,2026-06-24,application_protocol,Aave,1200540.0,155397.0,576537.0
crypto_aave,2026-06-25,application_protocol,Aave,1346570.0,169544.0,0.0
crypto_aave,2026-06-26,application_protocol,Aave,941710.0,123558.0,0.0
crypto_aave,2026-06-27,application_protocol,Aave,855167.0,113183.0,0.0
crypto_aave,2026-06-28,application_protocol,Aave,872022.0,117503.0,0.0
crypto_aave,2026-06-29,application_protocol,Aave,943197.0,136536.0,0.0
crypto_aave,2026-06-30,application_protocol,Aave,915268.0,123367.0,0.0
crypto_aave,2026-07-01,application_protocol,Aave,1137983.0,146234.0,0.0
crypto_aave,2026-07-02,application_protocol,Aave,920115.0,120756.0,0.0
crypto_aave,2026-07-03,application_protocol,Aave,892430.0,117683.0,0.0
crypto_aave,2026-07-04,application_protocol,Aave,895436.0,121338.0,0.0
crypto_aave,2026-07-05,application_protocol,Aave,908286.0,119991.0,0.0
crypto_aave,2026-07-06,application_protocol,Aave,892596.0,117852.0,0.0
crypto_aave,2026-07-07,application_protocol,Aave,900147.0,119690.0,0.0
crypto_aave,2026-07-08,application_protocol,Aave,920353.0,124077.0,0.0
crypto_aave,2026-07-09,application_protocol,Aave,964517.0,126758.0,0.0
crypto_aave,2026-07-10,application_protocol,Aave,921803.0,122845.0,0.0
crypto_aave,2026-07-11,application_protocol,Aave,872498.0,114809.0,0.0
crypto_aave,2026-07-12,application_protocol,Aave,890744.0,120590.0,0.0
crypto_aave,2026-07-13,application_protocol,Aave,930529.0,127586.0,0.0
crypto_aave,2026-07-14,application_protocol,Aave,911157.0,120631.0,0.0
crypto_aave,2026-07-15,application_protocol,Aave,1024354.0,132284.0,0.0
crypto_aave,2026-07-16,application_protocol,Aave,958124.0,128292.0,0.0
crypto_aave,2026-07-17,application_protocol,Aave,934007.0,126327.0,0.0
crypto_aave,2026-07-18,application_protocol,Aave,909825.0,120458.0,0.0
crypto_aave,2026-07-19,application_protocol,Aave,961416.0,127614.0,0.0
crypto_aave,2026-07-20,application_protocol,Aave,936582.0,125101.0,0.0
crypto_aave,2026-07-21,application_protocol,Aave,953110.0,126417.0,0.0
crypto_aave,2026-07-22,application_protocol,Aave,970353.0,129550.0,0.0
crypto_aave,2026-07-23,application_protocol,Aave,981190.0,137800.0,0.0
crypto_aave,2026-07-24,application_protocol,Aave,987051.0,130929.0,0.0
crypto_aave,2026-07-25,application_protocol,Aave,966890.0,131147.0,0.0
crypto_aave,2026-07-26,application_protocol,Aave,967759.0,133792.0,0.0
crypto_aave,2026-07-27,application_protocol,Aave,981031.0,131917.0,0.0
crypto_aave,2026-07-28,application_protocol,Aave,984241.0,135060.0,0.0
crypto_aave,2026-07-29,application_protocol,Aave,974512.0,132397.0,0.0
crypto_aave,2026-07-30,application_protocol,Aave,992337.0,133944.0,0.0
crypto_aave,2026-07-31,application_protocol,Aave,990105.0,133311.0,0.0
crypto_aave,2026-08-01,application_protocol,Aave,983645.0,136181.0,0.0
crypto_aave,2026-08-02,application_protocol,Aave,971831.0,132397.0,0.0
crypto_aave,2026-08-03,application_protocol,Aave,988548.0,134667.0,0.0
crypto_aave,2026-08-04,application_protocol,Aave,980783.0,132128.0,0.0
crypto_aave,2026-08-05,application_protocol,Aave,1004843.0,134170.0,0.0
crypto_aave,2026-08-06,application_protocol,Aave,1015283.0,137503.0,0.0
crypto_aave,2026-08-07,application_protocol,Aave,1025775.0,138255.0,0.0
crypto_aave,2026-08-08,application_protocol,Aave,1003610.0,134885.0,0.0
crypto_aave,2026-08-09,application_protocol,Aave,1007287.0,136171.0,0.0
crypto_aave,2026-08-10,application_protocol,Aave,1022675.0,138708.0,0.0
crypto_aave,2026-08-11,application_protocol,Aave,1000981.0,134958.0,0.0
crypto_aave,2026-08-12,application_protocol,Aave,1027931.0,156126.0,0.0
crypto_aave,2026-08-13,application_protocol,Aave,1006114.0,135488.0,0.0
crypto_aave,2026-08-14,application_protocol,Aave,1007859.0,134288.0,0.0
crypto_aave,2026-08-15,application_protocol,Aave,1012849.0,143000.0,0.0
crypto_aave,2026-08-16,application_protocol,Aave,1007671.0,140150.0,0.0
crypto_aave,2026-08-17,application_protocol,Aave,1015985.0,145310.0,0.0
crypto_aave,2026-08-18,application_protocol,Aave,1001801.0,132166.0,0.0
crypto_aave,2026-08-19,application_protocol,Aave,1014717.0,134615.0,0.0
crypto_aave,2026-08-20,application_protocol,Aave,1108251.0,142659.0,0.0
crypto_aave,2026-08-21,application_protocol,Aave,1127577.0,147129.0,0.0
crypto_ada,2025-08-25,chain,Cardano,7380.0,2850.0,1495.0
crypto_ada,2025-08-26,chain,Cardano,4833.0,2204.0,1447.0
crypto_ada,2025-08-27,chain,Cardano,34056.0,30856.0,1482.0
crypto_ada,2025-08-28,chain,Cardano,6955.0,4437.0,1580.0
crypto_ada,2025-08-29,chain,Cardano,5094.0,3290.0,1476.0
crypto_ada,2025-08-30,chain,Cardano,6342.0,2531.0,1445.0
crypto_ada,2025-08-31,chain,Cardano,6377.0,2680.0,1441.0
crypto_ada,2025-09-01,chain,Cardano,698511.0,15400.0,13910.0
crypto_ada,2025-09-02,chain,Cardano,7619.0,3170.0,1518.0
crypto_ada,2025-09-03,chain,Cardano,14770.0,2836.0,1469.0
crypto_ada,2025-09-04,chain,Cardano,29728.0,15876.0,1493.0
crypto_ada,2025-09-05,chain,Cardano,26718.0,16887.0,1508.0
crypto_ada,2025-09-06,chain,Cardano,7062.0,2139.0,1449.0
crypto_ada,2025-09-07,chain,Cardano,12868.0,4045.0,1626.0
crypto_ada,2025-09-08,chain,Cardano,9440.0,2428.0,1522.0
crypto_ada,2025-09-09,chain,Cardano,8043.0,2053.0,1457.0
crypto_ada,2025-09-10,chain,Cardano,10578.0,3688.0,1723.0
crypto_ada,2025-09-11,chain,Cardano,58095.0,47348.0,1484.0
crypto_ada,2025-09-12,chain,Cardano,18142.0,6369.0,1500.0
crypto_ada,2025-09-13,chain,Cardano,15763.0,3715.0,1470.0
crypto_ada,2025-09-14,chain,Cardano,10236.0,4465.0,1591.0
crypto_ada,2025-09-15,chain,Cardano,1149035.0,3301.0,1542.0
crypto_ada,2025-09-16,chain,Cardano,6570.0,2443.0,1580.0
crypto_ada,2025-09-17,chain,Cardano,6657.0,2588.0,1478.0
crypto_ada,2025-09-18,chain,Cardano,8236.0,3520.0,1473.0
crypto_ada,2025-09-19,chain,Cardano,9701.0,4648.0,1639.0
crypto_ada,2025-09-20,chain,Cardano,4175.0,2166.0,1467.0
crypto_ada,2025-09-21,chain,Cardano,4516.0,2111.0,1467.0
crypto_ada,2025-09-22,chain,Cardano,9251.0,6507.0,1564.0
crypto_ada,2025-09-23,chain,Cardano,5792.0,1919.0,1467.0
crypto_ada,2025-09-24,chain,Cardano,18386.0,15918.0,3035.0
crypto_ada,2025-09-25,chain,Cardano,19307.0,15902.0,2710.0
crypto_ada,2025-09-26,chain,Cardano,7440.0,4170.0,1822.0
crypto_ada,2025-09-27,chain,Cardano,5332.0,2719.0,1458.0
crypto_ada,2025-09-28,chain,Cardano,8745.0,3983.0,1476.0
crypto_ada,2025-09-29,chain,Cardano,14196.0,8012.0,1520.0
crypto_ada,2025-09-30,chain,Cardano,7162.0,5086.0,1695.0
crypto_ada,2025-10-01,chain,Cardano,6524.0,2951.0,1474.0
crypto_ada,2025-10-02,chain,Cardano,7241.0,2990.0,1471.0
crypto_ada,2025-10-03,chain,Cardano,6821.0,2087.0,1463.0
crypto_ada,2025-10-04,chain,Cardano,9947.0,3850.0,1517.0
crypto_ada,2025-10-05,chain,Cardano,4294.0,1922.0,1469.0
crypto_ada,2025-10-06,chain,Cardano,4934.0,1816.0,1460.0
crypto_ada,2025-10-07,chain,Cardano,3749.0,2117.0,1455.0
crypto_ada,2025-10-08,chain,Cardano,3322.0,1623.0,1436.0
crypto_ada,2025-10-09,chain,Cardano,8252.0,1942.0,1498.0
crypto_ada,2025-10-10,chain,Cardano,291075.0,43402.0,1966.0
crypto_ada,2025-10-11,chain,Cardano,332122.0,100457.0,3019.0
crypto_ada,2025-10-12,chain,Cardano,41490.0,39829.0,1466.0
crypto_ada,2025-10-13,chain,Cardano,3525.0,2039.0,1467.0
crypto_ada,2025-10-14,chain,Cardano,12849.0,11136.0,1462.0
crypto_ada,2025-10-15,chain,Cardano,8807.0,6866.0,1447.0
crypto_ada,2025-10-16,chain,Cardano,15779.0,14437.0,2622.0
crypto_ada,2025-10-17,chain,Cardano,23036.0,21060.0,2749.0
crypto_ada,2025-10-18,chain,Cardano,3796.0,2740.0,1449.0
crypto_ada,2025-10-19,chain,Cardano,3778.0,1977.0,1468.0
crypto_ada,2025-10-20,chain,Cardano,3041.0,1902.0,1445.0
crypto_ada,2025-10-21,chain,Cardano,4147.0,2306.0,1730.0
crypto_ada,2025-10-22,chain,Cardano,6026.0,2664.0,1521.0
crypto_ada,2025-10-23,chain,Cardano,3065.0,1925.0,1467.0
crypto_ada,2025-10-24,chain,Cardano,74664.0,72786.0,1450.0
crypto_ada,2025-10-25,chain,Cardano,7685.0,5758.0,1457.0
crypto_ada,2025-10-26,chain,Cardano,3789.0,1944.0,1451.0
crypto_ada,2025-10-27,chain,Cardano,5018.0,2208.0,1461.0
crypto_ada,2025-10-28,chain,Cardano,2994.0,1634.0,1443.0
crypto_ada,2025-10-29,chain,Cardano,3487.0,1927.0,1445.0
crypto_ada,2025-10-30,chain,Cardano,20307.0,18053.0,1464.0
crypto_ada,2025-10-31,chain,Cardano,2818.0,1785.0,1448.0
crypto_ada,2025-11-01,chain,Cardano,3445.0,2414.0,1441.0
crypto_ada,2025-11-02,chain,Cardano,3976.0,1653.0,1449.0
crypto_ada,2025-11-03,chain,Cardano,12741.0,8812.0,1597.0
crypto_ada,2025-11-04,chain,Cardano,21584.0,10702.0,1548.0
crypto_ada,2025-11-05,chain,Cardano,6592.0,4479.0,2744.0
crypto_ada,2025-11-06,chain,Cardano,5652.0,4204.0,2699.0
crypto_ada,2025-11-07,chain,Cardano,6407.0,4563.0,4196.0
crypto_ada,2025-11-08,chain,Cardano,2703.0,1752.0,1445.0
crypto_ada,2025-11-09,chain,Cardano,2635.0,1669.0,1478.0
crypto_ada,2025-11-10,chain,Cardano,12679.0,11314.0,4229.0
crypto_ada,2025-11-11,chain,Cardano,4721.0,3563.0,2764.0
crypto_ada,2025-11-12,chain,Cardano,4123.0,3035.0,2720.0
crypto_ada,2025-11-13,chain,Cardano,4381.0,3304.0,2677.0
crypto_ada,2025-11-14,chain,Cardano,5240.0,3804.0,2611.0
crypto_ada,2025-11-15,chain,Cardano,3049.0,1850.0,1440.0
crypto_ada,2025-11-16,chain,Cardano,34817.0,27580.0,2795.0
crypto_ada,2025-11-17,chain,Cardano,28112.0,8376.0,2870.0
crypto_ada,2025-11-18,chain,Cardano,6127.0,4735.0,1447.0
crypto_ada,2025-11-19,chain,Cardano,38287.0,24021.0,2535.0
crypto_ada,2025-11-20,chain,Cardano,26738.0,24717.0,3177.0
crypto_ada,2025-11-21,chain,Cardano,24884.0,22033.0,2230.0
crypto_ada,2025-11-22,chain,Cardano,15779.0,12853.0,2421.0
crypto_ada,2025-11-23,chain,Cardano,5807.0,4804.0,4313.0
crypto_ada,2025-11-24,chain,Cardano,4942.0,3293.0,2490.0
crypto_ada,2025-11-25,chain,Cardano,5248.0,3691.0,2489.0
crypto_ada,2025-11-26,chain,Cardano,5685.0,4711.0,2504.0
crypto_ada,2025-11-27,chain,Cardano,5440.0,4506.0,3505.0
crypto_ada,2025-11-28,chain,Cardano,15107.0,4481.0,3572.0
crypto_ada,2025-11-29,chain,Cardano,84099.0,83566.0,2440.0
crypto_ada,2025-11-30,chain,Cardano,4293.0,3769.0,3321.0
crypto_ada,2025-12-01,chain,Cardano,193200.0,43879.0,2429.0
crypto_ada,2025-12-02,chain,Cardano,19255.0,17483.0,6226.0
crypto_ada,2025-12-03,chain,Cardano,3293.0,2551.0,1457.0
crypto_ada,2025-12-04,chain,Cardano,3823.0,2714.0,2474.0
crypto_ada,2025-12-05,chain,Cardano,2496.0,1749.0,1470.0
crypto_ada,2025-12-06,chain,Cardano,1951.0,1668.0,1427.0
crypto_ada,2025-12-07,chain,Cardano,2319.0,1791.0,1432.0
crypto_ada,2025-12-08,chain,Cardano,2468.0,1934.0,1436.0
crypto_ada,2025-12-09,chain,Cardano,7729.0,4267.0,2572.0
crypto_ada,2025-12-10,chain,Cardano,25485.0,6956.0,1835.0
crypto_ada,2025-12-11,chain,Cardano,20648.0,5831.0,1711.0
crypto_ada,2025-12-12,chain,Cardano,9554.0,4065.0,2520.0
crypto_ada,2025-12-13,chain,Cardano,8087.0,3960.0,2489.0
crypto_ada,2025-12-14,chain,Cardano,11784.0,3513.0,1605.0
crypto_ada,2025-12-15,chain,Cardano,10066.0,4932.0,2455.0
crypto_ada,2025-12-16,chain,Cardano,9065.0,3904.0,2441.0
crypto_ada,2025-12-17,chain,Cardano,70548.0,8785.0,2073.0
crypto_ada,2025-12-18,chain,Cardano,105667.0,28727.0,2364.0
crypto_ada,2025-12-19,chain,Cardano,11036.0,5146.0,1537.0
crypto_ada,2025-12-20,chain,Cardano,8404.0,3637.0,1532.0
crypto_ada,2025-12-21,chain,Cardano,16266.0,4532.0,1645.0
crypto_ada,2025-12-22,chain,Cardano,13227.0,4491.0,2453.0
crypto_ada,2025-12-23,chain,Cardano,16691.0,8668.0,2426.0
crypto_ada,2025-12-24,chain,Cardano,15405.0,3008.0,1512.0
crypto_ada,2025-12-25,chain,Cardano,66258.0,7377.0,2276.0
crypto_ada,2025-12-26,chain,Cardano,9784.0,7208.0,2305.0
crypto_ada,2025-12-27,chain,Cardano,6471.0,3458.0,2357.0
crypto_ada,2025-12-28,chain,Cardano,4854.0,2017.0,1480.0
crypto_ada,2025-12-29,chain,Cardano,99502.0,4650.0,3987.0
crypto_ada,2025-12-30,chain,Cardano,5374.0,3099.0,2314.0
crypto_ada,2025-12-31,chain,Cardano,103110.0,10265.0,2782.0
crypto_ada,2026-01-01,chain,Cardano,18381.0,6063.0,4214.0
crypto_ada,2026-01-02,chain,Cardano,26937.0,8176.0,4197.0
crypto_ada,2026-01-03,chain,Cardano,23565.0,7735.0,3999.0
crypto_ada,2026-01-04,chain,Cardano,30553.0,8151.0,4501.0
crypto_ada,2026-01-05,chain,Cardano,30061.0,10130.0,5903.0
crypto_ada,2026-01-06,chain,Cardano,36252.0,10357.0,5816.0
crypto_ada,2026-01-07,chain,Cardano,21915.0,6887.0,3648.0
crypto_ada,2026-01-08,chain,Cardano,22674.0,7696.0,4556.0
crypto_ada,2026-01-09,chain,Cardano,32309.0,7294.0,3647.0
crypto_ada,2026-01-10,chain,Cardano,19364.0,5917.0,2992.0
crypto_ada,2026-01-11,chain,Cardano,18833.0,6143.0,2783.0
crypto_ada,2026-01-12,chain,Cardano,18417.0,5709.0,2647.0
crypto_ada,2026-01-13,chain,Cardano,21450.0,7063.0,3864.0
crypto_ada,2026-01-14,chain,Cardano,34005.0,9176.0,3486.0
crypto_ada,2026-01-15,chain,Cardano,21929.0,7593.0,3129.0
crypto_ada,2026-01-16,chain,Cardano,18509.0,6046.0,2938.0
crypto_ada,2026-01-17,chain,Cardano,16672.0,5438.0,2546.0
crypto_ada,2026-01-18,chain,Cardano,15766.0,5216.0,2569.0
crypto_ada,2026-01-19,chain,Cardano,32605.0,7420.0,3329.0
crypto_ada,2026-01-20,chain,Cardano,22824.0,8586.0,3468.0
crypto_ada,2026-01-21,chain,Cardano,22587.0,7226.0,4021.0
crypto_ada,2026-01-22,chain,Cardano,19709.0,6358.0,3115.0
crypto_ada,2026-01-23,chain,Cardano,19181.0,6102.0,3187.0
crypto_ada,2026-01-24,chain,Cardano,24061.0,5247.0,2658.0
crypto_ada,2026-01-25,chain,Cardano,22103.0,7638.0,2843.0
crypto_ada,2026-01-26,chain,Cardano,23567.0,7205.0,3915.0
crypto_ada,2026-01-27,chain,Cardano,28611.0,9012.0,5653.0
crypto_ada,2026-01-28,chain,Cardano,19398.0,6324.0,3131.0
crypto_ada,2026-01-29,chain,Cardano,21612.0,6288.0,3489.0
crypto_ada,2026-01-30,chain,Cardano,735407.0,19170.0,3892.0
crypto_ada,2026-01-31,chain,Cardano,216296.0,24868.0,10023.0
crypto_ada,2026-02-01,chain,Cardano,28478.0,9116.0,4594.0
crypto_ada,2026-02-02,chain,Cardano,48191.0,14285.0,4889.0
crypto_ada,2026-02-03,chain,Cardano,21235.0,5860.0,2797.0
crypto_ada,2026-02-04,chain,Cardano,19305.0,10421.0,2860.0
crypto_ada,2026-02-05,chain,Cardano,113225.0,25447.0,6473.0
crypto_ada,2026-02-06,chain,Cardano,171247.0,66719.0,8173.0
crypto_ada,2026-02-07,chain,Cardano,13873.0,5059.0,3154.0
crypto_ada,2026-02-08,chain,Cardano,15281.0,4203.0,2640.0
crypto_ada,2026-02-09,chain,Cardano,15566.0,7412.0,3042.0
crypto_ada,2026-02-10,chain,Cardano,12231.0,4631.0,2932.0
crypto_ada,2026-02-11,chain,Cardano,13280.0,5237.0,2969.0
crypto_ada,2026-02-12,chain,Cardano,14975.0,7791.0,2591.0
crypto_ada,2026-02-13,chain,Cardano,17389.0,4844.0,3102.0
crypto_ada,2026-02-14,chain,Cardano,13463.0,5137.0,2973.0
crypto_ada,2026-02-15,chain,Cardano,9619.0,3959.0,2690.0
crypto_ada,2026-02-16,chain,Cardano,8180.0,3300.0,2284.0
crypto_ada,2026-02-17,chain,Cardano,7975.0,3217.0,2164.0
crypto_ada,2026-02-18,chain,Cardano,15007.0,3807.0,2453.0
crypto_ada,2026-02-19,chain,Cardano,11318.0,4430.0,2525.0
crypto_ada,2026-02-20,chain,Cardano,13536.0,5118.0,3181.0
crypto_ada,2026-02-21,chain,Cardano,10381.0,4442.0,2848.0
crypto_ada,2026-02-22,chain,Cardano,11933.0,3752.0,2473.0
crypto_ada,2026-02-23,chain,Cardano,14696.0,3883.0,2535.0
crypto_ada,2026-02-24,chain,Cardano,9292.0,3996.0,2463.0
crypto_ada,2026-02-25,chain,Cardano,18502.0,6619.0,3732.0
crypto_ada,2026-02-26,chain,Cardano,10787.0,4603.0,2558.0
crypto_ada,2026-02-27,chain,Cardano,12189.0,4871.0,2841.0
crypto_ada,2026-02-28,chain,Cardano,25442.0,6978.0,3944.0
crypto_ada,2026-03-01,chain,Cardano,14267.0,6213.0,2618.0
crypto_ada,2026-03-02,chain,Cardano,12758.0,5179.0,2473.0
crypto_ada,2026-03-03,chain,Cardano,12017.0,4649.0,2592.0
crypto_ada,2026-03-04,chain,Cardano,10802.0,4443.0,2350.0
crypto_ada,2026-03-05,chain,Cardano,21435.0,6821.0,3883.0
crypto_ada,2026-03-06,chain,Cardano,8921.0,3714.0,2125.0
crypto_ada,2026-03-07,chain,Cardano,8097.0,4287.0,2042.0
crypto_ada,2026-03-08,chain,Cardano,13117.0,4891.0,2754.0
crypto_ada,2026-03-09,chain,Cardano,10600.0,4362.0,2571.0
crypto_ada,2026-03-10,chain,Cardano,14582.0,4663.0,2522.0
crypto_ada,2026-03-11,chain,Cardano,27858.0,9124.0,4647.0
crypto_ada,2026-03-12,chain,Cardano,15750.0,6004.0,3350.0
crypto_ada,2026-03-13,chain,Cardano,17985.0,6398.0,3179.0
crypto_ada,2026-03-14,chain,Cardano,12594.0,4834.0,2666.0
crypto_ada,2026-03-15,chain,Cardano,15041.0,4590.0,2315.0
crypto_ada,2026-03-16,chain,Cardano,14030.0,5674.0,2770.0
crypto_ada,2026-03-17,chain,Cardano,22428.0,16358.0,2236.0
crypto_ada,2026-03-18,chain,Cardano,12040.0,4663.0,2567.0
crypto_ada,2026-03-19,chain,Cardano,11090.0,4565.0,2271.0
crypto_ada,2026-03-20,chain,Cardano,15259.0,4445.0,2504.0
crypto_ada,2026-03-21,chain,Cardano,12964.0,6872.0,2563.0
crypto_ada,2026-03-22,chain,Cardano,10883.0,4512.0,2726.0
crypto_ada,2026-03-23,chain,Cardano,16895.0,7550.0,3462.0
crypto_ada,2026-03-24,chain,Cardano,13627.0,6101.0,2955.0
crypto_ada,2026-03-25,chain,Cardano,18711.0,5389.0,2866.0
crypto_ada,2026-03-26,chain,Cardano,14983.0,6324.0,2889.0
crypto_ada,2026-03-27,chain,Cardano,11377.0,4717.0,2411.0
crypto_ada,2026-03-28,chain,Cardano,13200.0,5081.0,2585.0
crypto_ada,2026-03-29,chain,Cardano,28660.0,6305.0,3160.0
crypto_ada,2026-03-30,chain,Cardano,25916.0,7027.0,3938.0
crypto_ada,2026-03-31,chain,Cardano,23997.0,8443.0,4452.0
crypto_ada,2026-04-01,chain,Cardano,16844.0,6354.0,3508.0
crypto_ada,2026-04-02,chain,Cardano,32635.0,22774.0,3093.0
crypto_ada,2026-04-03,chain,Cardano,11387.0,4644.0,2500.0
crypto_ada,2026-04-04,chain,Cardano,13212.0,4978.0,2752.0
crypto_ada,2026-04-05,chain,Cardano,10961.0,4469.0,2476.0
crypto_ada,2026-04-06,chain,Cardano,10901.0,4489.0,2587.0
crypto_ada,2026-04-07,chain,Cardano,13345.0,5630.0,2819.0
crypto_ada,2026-04-08,chain,Cardano,10153.0,4548.0,2365.0
crypto_ada,2026-04-09,chain,Cardano,12150.0,4093.0,2402.0
crypto_ada,2026-04-10,chain,Cardano,9095.0,4210.0,2244.0
crypto_ada,2026-04-11,chain,Cardano,7219.0,3394.0,1895.0
crypto_ada,2026-04-12,chain,Cardano,22296.0,4631.0,2320.0
crypto_ada,2026-04-13,chain,Cardano,29657.0,5926.0,2701.0
crypto_ada,2026-04-14,chain,Cardano,50477.0,7280.0,3740.0
crypto_ada,2026-04-15,chain,Cardano,19704.0,13905.0,2310.0
crypto_ada,2026-04-16,chain,Cardano,15427.0,7361.0,4760.0
crypto_ada,2026-04-17,chain,Cardano,15203.0,6845.0,3376.0
crypto_ada,2026-04-18,chain,Cardano,12688.0,7188.0,1506.0
crypto_ada,2026-04-19,chain,Cardano,10295.0,3051.0,1603.0
crypto_ada,2026-04-20,chain,Cardano,7199.0,2771.0,1297.0
crypto_ada,2026-04-21,chain,Cardano,6911.0,2968.0,1416.0
crypto_ada,2026-04-22,chain,Cardano,8520.0,3611.0,1399.0
crypto_ada,2026-04-23,chain,Cardano,7633.0,2502.0,1044.0
crypto_ada,2026-04-24,chain,Cardano,12980.0,4899.0,1588.0
crypto_ada,2026-04-25,chain,Cardano,8500.0,2978.0,1375.0
crypto_ada,2026-04-26,chain,Cardano,17300.0,9412.0,1632.0
crypto_ada,2026-04-27,chain,Cardano,9950.0,4182.0,1580.0
crypto_ada,2026-04-28,chain,Cardano,10333.0,4118.0,2045.0
crypto_ada,2026-04-29,chain,Cardano,14057.0,5163.0,2563.0
crypto_ada,2026-04-30,chain,Cardano,14322.0,4328.0,2674.0
crypto_ada,2026-05-01,chain,Cardano,8481.0,2940.0,1381.0
crypto_ada,2026-05-02,chain,Cardano,7541.0,2565.0,1106.0
crypto_ada,2026-05-03,chain,Cardano,11207.0,4720.0,1758.0
crypto_ada,2026-05-04,chain,Cardano,18342.0,5198.0,3020.0
crypto_ada,2026-05-05,chain,Cardano,16459.0,8170.0,5553.0
crypto_ada,2026-05-06,chain,Cardano,18677.0,12064.0,9156.0
crypto_ada,2026-05-07,chain,Cardano,10883.0,6166.0,4471.0
crypto_ada,2026-05-08,chain,Cardano,16048.0,7844.0,5541.0
crypto_ada,2026-05-09,chain,Cardano,13041.0,4707.0,2988.0
crypto_ada,2026-05-10,chain,Cardano,17393.0,10909.0,8959.0
crypto_ada,2026-05-11,chain,Cardano,15910.0,7919.0,5779.0
crypto_ada,2026-05-12,chain,Cardano,19757.0,7799.0,5734.0
crypto_ada,2026-05-13,chain,Cardano,9152.0,4686.0,3251.0
crypto_ada,2026-05-14,chain,Cardano,13810.0,4151.0,2357.0
crypto_ada,2026-05-15,chain,Cardano,10636.0,4285.0,2538.0
crypto_ada,2026-05-16,chain,Cardano,6831.0,2506.0,1215.0
crypto_ada,2026-05-17,chain,Cardano,6468.0,2432.0,1109.0
crypto_ada,2026-05-18,chain,Cardano,7994.0,3182.0,1761.0
crypto_ada,2026-05-19,chain,Cardano,9030.0,2604.0,1237.0
crypto_ada,2026-05-20,chain,Cardano,9527.0,5051.0,3333.0
crypto_ada,2026-05-21,chain,Cardano,12056.0,5981.0,4096.0
crypto_ada,2026-05-22,chain,Cardano,12817.0,5685.0,3869.0
crypto_ada,2026-05-23,chain,Cardano,19829.0,8683.0,3140.0
crypto_ada,2026-05-24,chain,Cardano,13639.0,4507.0,2655.0
crypto_ada,2026-05-25,chain,Cardano,8663.0,3135.0,1461.0
crypto_ada,2026-05-26,chain,Cardano,14892.0,6752.0,4573.0
crypto_ada,2026-05-27,chain,Cardano,41425.0,11247.0,3755.0
crypto_ada,2026-05-28,chain,Cardano,91442.0,21763.0,6181.0
crypto_ada,2026-05-29,chain,Cardano,14935.0,5487.0,3429.0
crypto_ada,2026-05-30,chain,Cardano,12572.0,4664.0,2151.0
crypto_ada,2026-05-31,chain,Cardano,12647.0,5175.0,3077.0
crypto_ada,2026-06-01,chain,Cardano,16972.0,7805.0,5409.0
crypto_ada,2026-06-02,chain,Cardano,54496.0,13838.0,10585.0
crypto_ada,2026-06-03,chain,Cardano,64704.0,12054.0,8654.0
crypto_ada,2026-06-04,chain,Cardano,90247.0,15281.0,10191.0
crypto_ada,2026-06-05,chain,Cardano,578435.0,19279.0,13017.0
crypto_ada,2026-06-06,chain,Cardano,47394.0,7702.0,4361.0
crypto_ada,2026-06-07,chain,Cardano,15236.0,4899.0,2652.0
crypto_ada,2026-06-08,chain,Cardano,18010.0,5379.0,3113.0
crypto_ada,2026-06-09,chain,Cardano,15281.0,5131.0,3143.0
crypto_ada,2026-06-10,chain,Cardano,12801.0,4284.0,2558.0
crypto_ada,2026-06-11,chain,Cardano,12166.0,4280.0,2584.0
crypto_ada,2026-06-12,chain,Cardano,12692.0,4475.0,2729.0
crypto_ada,2026-06-13,chain,Cardano,11976.0,3056.0,1449.0
crypto_ada,2026-06-14,chain,Cardano,12040.0,3728.0,2094.0
crypto_ada,2026-06-15,chain,Cardano,18284.0,5882.0,3499.0
crypto_ada,2026-06-16,chain,Cardano,12278.0,4175.0,2414.0
crypto_ada,2026-06-17,chain,Cardano,11638.0,4120.0,2460.0
crypto_ada,2026-06-18,chain,Cardano,11057.0,3044.0,1551.0
crypto_ada,2026-06-19,chain,Cardano,14424.0,3609.0,1997.0
crypto_ada,2026-06-20,chain,Cardano,11334.0,2721.0,1287.0
crypto_ada,2026-06-21,chain,Cardano,49159.0,13532.0,9793.0
crypto_ada,2026-06-22,chain,Cardano,26676.0,7223.0,4747.0
crypto_ada,2026-06-23,chain,Cardano,14144.0,3903.0,2348.0
crypto_ada,2026-06-24,chain,Cardano,16569.0,4225.0,2485.0
crypto_ada,2026-06-25,chain,Cardano,10670.0,3831.0,2072.0
crypto_ada,2026-06-26,chain,Cardano,10426.0,3197.0,1822.0
crypto_ada,2026-06-27,chain,Cardano,5780.0,1742.0,788.0
crypto_ada,2026-06-28,chain,Cardano,4233.0,1358.0,593.0
crypto_ada,2026-06-29,chain,Cardano,6833.0,2136.0,1120.0
crypto_ada,2026-06-30,chain,Cardano,6584.0,2301.0,1192.0
crypto_ada,2026-07-01,chain,Cardano,9105.0,2822.0,1320.0
crypto_ada,2026-07-02,chain,Cardano,9331.0,3005.0,1552.0
crypto_ada,2026-07-03,chain,Cardano,15144.0,3790.0,1936.0
crypto_ada,2026-07-04,chain,Cardano,18936.0,4437.0,2222.0
crypto_ada,2026-07-05,chain,Cardano,10778.0,2148.0,839.0
crypto_ada,2026-07-06,chain,Cardano,7277.0,2417.0,1151.0
crypto_ada,2026-07-07,chain,Cardano,8231.0,2659.0,1495.0
crypto_ada,2026-07-08,chain,Cardano,28405.0,11340.0,4491.0
crypto_ada,2026-07-09,chain,Cardano,18946.0,5860.0,3010.0
crypto_ada,2026-07-10,chain,Cardano,7362.0,2486.0,1369.0
crypto_ada,2026-07-11,chain,Cardano,5678.0,2038.0,1049.0
crypto_ada,2026-07-12,chain,Cardano,5386.0,1732.0,769.0
crypto_ada,2026-07-13,chain,Cardano,7527.0,2150.0,1051.0
crypto_ada,2026-07-14,chain,Cardano,6882.0,2304.0,1176.0
crypto_ada,2026-07-15,chain,Cardano,6841.0,2045.0,924.0
crypto_ada,2026-07-16,chain,Cardano,6016.0,2260.0,1267.0
crypto_ada,2026-07-17,chain,Cardano,8188.0,3115.0,1870.0
crypto_ada,2026-07-18,chain,Cardano,7143.0,1570.0,610.0
crypto_ada,2026-07-19,chain,Cardano,5434.0,1681.0,704.0
crypto_ada,2026-07-20,chain,Cardano,140371.0,27271.0,19284.0
crypto_ada,2026-07-21,chain,Cardano,46341.0,10416.0,6059.0
crypto_ada,2026-07-22,chain,Cardano,19082.0,5392.0,2350.0
crypto_ada,2026-07-23,chain,Cardano,12581.0,3346.0,1398.0
crypto_ada,2026-07-24,chain,Cardano,12807.0,4271.0,2472.0
crypto_ada,2026-07-25,chain,Cardano,7147.64,2015.7700000000002,812.0
crypto_ada,2026-07-26,chain,Cardano,5585.26,1914.36,971.0
crypto_ada,2026-07-27,chain,Cardano,8791.61,3700.8,2686.0
crypto_ada,2026-07-28,chain,Cardano,11847.220000000001,4955.57,3664.0
crypto_ada,2026-07-29,chain,Cardano,12820.0,7441.219999999999,6009.0
crypto_ada,2026-07-30,chain,Cardano,9406.75,5087.96,3281.0
crypto_ada,2026-07-31,chain,Cardano,9087.33,4652.47,3318.0
crypto_ada,2026-08-01,chain,Cardano,5442.68,1951.8,663.0
crypto_ada,2026-08-02,chain,Cardano,10046.25,3568.45,1419.0
crypto_ada,2026-08-03,chain,Cardano,11462.28,7105.54,2337.0
crypto_ada,2026-08-04,chain,Cardano,7303.77,3047.01,1626.0
crypto_ada,2026-08-05,chain,Cardano,7648.97,3865.18,1881.0
crypto_ada,2026-08-06,chain,Cardano,12676.69,6730.2699999999995,2353.0
crypto_ada,2026-08-07,chain,Cardano,9019.14,3037.28,1782.0
crypto_ada,2026-08-08,chain,Cardano,3678.07,1202.17,437.04
crypto_ada,2026-08-09,chain,Cardano,4955.86,1709.0600000000002,604.87
crypto_ada,2026-08-10,chain,Cardano,5499.41,2383.52,1449.0
crypto_ada,2026-08-11,chain,Cardano,7822.22,3061.47,1514.0
crypto_ada,2026-08-12,chain,Cardano,7193.04,2324.16,1191.0
crypto_ada,2026-08-13,chain,Cardano,5250.11,2320.29,1388.0
crypto_ada,2026-08-14,chain,Cardano,4594.99,2050.13,1299.97
crypto_ada,2026-08-15,chain,Cardano,3282.2400000000002,1256.33,418.96000000000004
crypto_ada,2026-08-16,chain,Cardano,4242.0,1490.4299999999998,674.0
crypto_ada,2026-08-17,chain,Cardano,6748.0,2327.1800000000003,1481.52
crypto_ada,2026-08-18,chain,Cardano,5296.55,2652.71,1783.4
crypto_ada,2026-08-19,chain,Cardano,8639.0,5026.17,3552.0
crypto_ada,2026-08-20,chain,Cardano,11383.48,6569.84,3327.0
crypto_ada,2026-08-21,chain,Cardano,18189.39,10298.96,7991.0
crypto_arb,2025-08-25,chain,Arbitrum,1614941.77,474412.3,131724.0
crypto_arb,2025-08-26,chain,Arbitrum,1335648.93,371674.1,88676.0
crypto_arb,2025-08-27,chain,Arbitrum,1399737.3599999999,309720.9,81071.0
crypto_arb,2025-08-28,chain,Arbitrum,1398957.07,390323.95999999996,96762.0
crypto_arb,2025-08-29,chain,Arbitrum,2189210.99,572152.27,121112.0
crypto_arb,2025-08-30,chain,Arbitrum,858063.43,221359.41,72683.0
crypto_arb,2025-08-31,chain,Arbitrum,716747.0700000001,165106.06,41730.99
crypto_arb,2025-09-01,chain,Arbitrum,1369575.27,351921.56999999995,98844.0
crypto_arb,2025-09-02,chain,Arbitrum,1357945.84,539417.8300000001,135527.0
crypto_arb,2025-09-03,chain,Arbitrum,1094581.7799999998,314987.94999999995,76809.0
crypto_arb,2025-09-04,chain,Arbitrum,1189755.9,327202.68000000005,128225.0
crypto_arb,2025-09-05,chain,Arbitrum,1815161.6,432760.95999999996,91173.0
crypto_arb,2025-09-06,chain,Arbitrum,664327.63,156006.72999999998,47232.0
crypto_arb,2025-09-07,chain,Arbitrum,702744.64,156087.91999999998,48567.0
crypto_arb,2025-09-08,chain,Arbitrum,1116230.54,266050.24,75890.0
crypto_arb,2025-09-09,chain,Arbitrum,1332646.56,360688.79,81582.0
crypto_arb,2025-09-10,chain,Arbitrum,1214337.82,317639.81,79765.0
crypto_arb,2025-09-11,chain,Arbitrum,1622781.94,448567.22,125414.0
crypto_arb,2025-09-12,chain,Arbitrum,1862964.5699999998,455796.48,81425.0
crypto_arb,2025-09-13,chain,Arbitrum,1073201.6800000002,303833.11,89883.0
crypto_arb,2025-09-14,chain,Arbitrum,960363.45,274999.94,68445.0
crypto_arb,2025-09-15,chain,Arbitrum,1467105.79,386432.5,98161.0
crypto_arb,2025-09-16,chain,Arbitrum,1229685.73,295512.22,51100.0
crypto_arb,2025-09-17,chain,Arbitrum,1489456.4100000001,370740.42000000004,86191.0
crypto_arb,2025-09-18,chain,Arbitrum,1534744.59,422144.0,127100.0
crypto_arb,2025-09-19,chain,Arbitrum,1711920.45,401698.83,81168.0
crypto_arb,2025-09-20,chain,Arbitrum,872034.3,224469.83000000002,68318.0
crypto_arb,2025-09-21,chain,Arbitrum,725101.6900000001,182771.81,50385.0
crypto_arb,2025-09-22,chain,Arbitrum,1762986.47,416630.82999999996,60411.0
crypto_arb,2025-09-23,chain,Arbitrum,1897732.73,534844.48,73145.0
crypto_arb,2025-09-24,chain,Arbitrum,1494656.0499999998,405787.8,93569.0
crypto_arb,2025-09-25,chain,Arbitrum,2383253.01,592731.24,128988.0
crypto_arb,2025-09-26,chain,Arbitrum,2465852.7100000004,552021.6799999999,98800.0
crypto_arb,2025-09-27,chain,Arbitrum,1715782.86,455561.27,112775.0
crypto_arb,2025-09-28,chain,Arbitrum,1420722.73,346005.55,67362.0
crypto_arb,2025-09-29,chain,Arbitrum,2854539.9299999997,690991.44,76980.0
crypto_arb,2025-09-30,chain,Arbitrum,1888014.65,486785.97000000003,90252.0
crypto_arb,2025-10-01,chain,Arbitrum,1931725.29,565719.61,207658.0
crypto_arb,2025-10-02,chain,Arbitrum,1826282.15,470026.35,114235.0
crypto_arb,2025-10-03,chain,Arbitrum,2697426.83,659613.4099999999,115504.0
crypto_arb,2025-10-04,chain,Arbitrum,1266339.35,289063.0,43139.0
crypto_arb,2025-10-05,chain,Arbitrum,1526234.9500000002,368930.77,53303.99
crypto_arb,2025-10-06,chain,Arbitrum,1766987.77,439351.13999999996,58385.0
crypto_arb,2025-10-07,chain,Arbitrum,1606618.73,415660.66,55384.0
crypto_arb,2025-10-08,chain,Arbitrum,2034901.28,486738.05999999994,54367.0
crypto_arb,2025-10-09,chain,Arbitrum,1744524.73,397661.54000000004,59228.0
crypto_arb,2025-10-10,chain,Arbitrum,5323831.38,1013284.4299999999,142146.0
crypto_arb,2025-10-11,chain,Arbitrum,1877064.69,478432.24000000005,69446.0
crypto_arb,2025-10-12,chain,Arbitrum,1898516.63,428911.73999999993,71738.0
crypto_arb,2025-10-13,chain,Arbitrum,1498213.2,377741.58999999997,62959.0
crypto_arb,2025-10-14,chain,Arbitrum,1753051.37,490258.94,98182.0
crypto_arb,2025-10-15,chain,Arbitrum,1700934.3800000001,501944.37,46518.0
crypto_arb,2025-10-16,chain,Arbitrum,1665503.84,442822.95999999996,140451.0
crypto_arb,2025-10-17,chain,Arbitrum,2295742.05,562861.81,55873.0
crypto_arb,2025-10-18,chain,Arbitrum,711382.71,187255.49,52886.0
crypto_arb,2025-10-19,chain,Arbitrum,1026243.0299999999,1717838.89,1536466.0
crypto_arb,2025-10-20,chain,Arbitrum,1029888.86,262096.34000000003,50626.0
crypto_arb,2025-10-21,chain,Arbitrum,1490934.3599999999,381538.39,81912.8
crypto_arb,2025-10-22,chain,Arbitrum,1477088.2999999998,399875.38,79113.0
crypto_arb,2025-10-23,chain,Arbitrum,1117549.73,267796.89,37388.0
crypto_arb,2025-10-24,chain,Arbitrum,2098762.3899999997,486306.81000000006,41758.0
crypto_arb,2025-10-25,chain,Arbitrum,867582.1499999999,188009.47999999998,31948.0
crypto_arb,2025-10-26,chain,Arbitrum,875000.8500000001,1481159.7,1307714.82
crypto_arb,2025-10-27,chain,Arbitrum,1212859.84,311320.69,72906.0
crypto_arb,2025-10-28,chain,Arbitrum,1170901.9899999998,310581.83999999997,81372.0
crypto_arb,2025-10-29,chain,Arbitrum,1506007.22,462477.61,152051.0
crypto_arb,2025-10-30,chain,Arbitrum,1831823.3400000003,723120.98,430273.0
crypto_arb,2025-10-31,chain,Arbitrum,895184.67,223468.68000000002,77811.0
crypto_arb,2025-11-01,chain,Arbitrum,711992.73,165651.14,46267.0
crypto_arb,2025-11-02,chain,Arbitrum,686326.39,1354498.96,1224057.0
crypto_arb,2025-11-03,chain,Arbitrum,1418690.4,295932.63,52805.0
crypto_arb,2025-11-04,chain,Arbitrum,1985652.5799999998,413293.02999999997,74127.0
crypto_arb,2025-11-05,chain,Arbitrum,1368724.02,366350.87,71443.0
crypto_arb,2025-11-06,chain,Arbitrum,1115155.67,303972.62,88932.0
crypto_arb,2025-11-07,chain,Arbitrum,1189617.72,328620.91000000003,89803.0
crypto_arb,2025-11-08,chain,Arbitrum,902280.52,226640.7,68014.70999999999
crypto_arb,2025-11-09,chain,Arbitrum,882336.26,203197.08000000002,42088.0
crypto_arb,2025-11-10,chain,Arbitrum,1881032.89,448345.91000000003,106411.0
crypto_arb,2025-11-11,chain,Arbitrum,1438661.58,337447.73,64122.0
crypto_arb,2025-11-12,chain,Arbitrum,1149280.3,291392.04000000004,64112.0
crypto_arb,2025-11-13,chain,Arbitrum,1301975.74,296170.43,40564.0
crypto_arb,2025-11-14,chain,Arbitrum,1238942.62,333794.61,60091.0
crypto_arb,2025-11-15,chain,Arbitrum,700258.88,157002.02000000002,27616.03
crypto_arb,2025-11-16,chain,Arbitrum,1009119.98,248159.36000000002,52799.56
crypto_arb,2025-11-17,chain,Arbitrum,1614596.75,470310.5,119003.0
crypto_arb,2025-11-18,chain,Arbitrum,950407.7799999999,239605.37,31355.0
crypto_arb,2025-11-19,chain,Arbitrum,1241554.0,304594.14,74644.0
crypto_arb,2025-11-20,chain,Arbitrum,1340487.56,374315.92,115493.0
crypto_arb,2025-11-21,chain,Arbitrum,1685241.63,435894.24999999994,111019.0
crypto_arb,2025-11-22,chain,Arbitrum,1038232.8,174581.08000000002,27034.510000000002
crypto_arb,2025-11-23,chain,Arbitrum,668651.89,178178.05,32963.0
crypto_arb,2025-11-24,chain,Arbitrum,1108415.08,300699.51,89278.0
crypto_arb,2025-11-25,chain,Arbitrum,2045283.6500000001,499857.95,99546.0
crypto_arb,2025-11-26,chain,Arbitrum,1073755.21,325633.76,80868.0
crypto_arb,2025-11-27,chain,Arbitrum,863184.45,226406.65,63110.0
crypto_arb,2025-11-28,chain,Arbitrum,1029692.0,288930.81999999995,74175.0
crypto_arb,2025-11-29,chain,Arbitrum,682846.75,159161.59,37763.0
crypto_arb,2025-11-30,chain,Arbitrum,611071.1599999999,150716.33999999997,34718.0
crypto_arb,2025-12-01,chain,Arbitrum,1207723.2999999998,363361.41,104848.0
crypto_arb,2025-12-02,chain,Arbitrum,1333774.4900000002,389388.69,130170.0
crypto_arb,2025-12-03,chain,Arbitrum,1222109.94,340593.20999999996,74508.0
crypto_arb,2025-12-04,chain,Arbitrum,1312667.9900000002,360249.26,110189.0
crypto_arb,2025-12-05,chain,Arbitrum,1006564.72,270812.8,46188.0
crypto_arb,2025-12-06,chain,Arbitrum,641714.14,134310.55,23316.0
crypto_arb,2025-12-07,chain,Arbitrum,779129.24,170127.31,33227.0
crypto_arb,2025-12-08,chain,Arbitrum,1039361.92,250034.00000000003,76007.0
crypto_arb,2025-12-09,chain,Arbitrum,1024487.2700000001,269986.38,37822.0
crypto_arb,2025-12-10,chain,Arbitrum,1201887.38,302010.92000000004,59711.0
crypto_arb,2025-12-11,chain,Arbitrum,1308895.2599999998,284114.64,52906.0
crypto_arb,2025-12-12,chain,Arbitrum,845896.94,186769.44,28512.08
crypto_arb,2025-12-13,chain,Arbitrum,564223.9299999999,125219.14,21255.0
crypto_arb,2025-12-14,chain,Arbitrum,745187.5800000001,173994.99,49283.0
crypto_arb,2025-12-15,chain,Arbitrum,1157980.0699999998,296529.82,100802.0
crypto_arb,2025-12-16,chain,Arbitrum,943113.53,251689.35,66490.0
crypto_arb,2025-12-17,chain,Arbitrum,1349886.0099999998,398136.37,92959.0
crypto_arb,2025-12-18,chain,Arbitrum,1853442.4100000001,437843.31,59624.94
crypto_arb,2025-12-19,chain,Arbitrum,922023.7,221388.12000000002,62414.0
crypto_arb,2025-12-20,chain,Arbitrum,499043.84,108949.29000000001,16612.37
crypto_arb,2025-12-21,chain,Arbitrum,681141.8800000001,182357.37,44253.65
crypto_arb,2025-12-22,chain,Arbitrum,1240168.12,330668.24,78845.0
crypto_arb,2025-12-23,chain,Arbitrum,1925319.46,567814.8400000001,77429.0
crypto_arb,2025-12-24,chain,Arbitrum,942674.04,263244.35,91976.0
crypto_arb,2025-12-25,chain,Arbitrum,865190.42,144943.94,25208.0
crypto_arb,2025-12-26,chain,Arbitrum,1038362.72,242001.14,41805.0
crypto_arb,2025-12-27,chain,Arbitrum,508029.53,119543.5,25561.309999999998
crypto_arb,2025-12-28,chain,Arbitrum,513090.3,113646.81,23072.0
crypto_arb,2025-12-29,chain,Arbitrum,1098030.0,276754.54000000004,90339.0
crypto_arb,2025-12-30,chain,Arbitrum,957800.6100000001,242502.87,53529.93
crypto_arb,2025-12-31,chain,Arbitrum,629024.63,146339.47,23661.0
crypto_arb,2026-01-01,chain,Arbitrum,600200.25,172623.44,91430.0
crypto_arb,2026-01-02,chain,Arbitrum,721776.3999999999,158913.99,35868.0
crypto_arb,2026-01-03,chain,Arbitrum,497948.8,116337.15000000001,36172.0
crypto_arb,2026-01-04,chain,Arbitrum,658475.3300000001,168195.14,46718.0
crypto_arb,2026-01-05,chain,Arbitrum,1055022.62,214586.59,25684.0
crypto_arb,2026-01-06,chain,Arbitrum,933536.9500000001,235994.19999999998,65793.0
crypto_arb,2026-01-07,chain,Arbitrum,1043825.6700000002,240601.18,58030.0
crypto_arb,2026-01-08,chain,Arbitrum,934672.45,217959.71,82495.0
crypto_arb,2026-01-09,chain,Arbitrum,855307.77,186961.28999999998,41376.0
crypto_arb,2026-01-10,chain,Arbitrum,489845.23,109804.65,23195.0
crypto_arb,2026-01-11,chain,Arbitrum,1382753.92,279514.3,28289.0
crypto_arb,2026-01-12,chain,Arbitrum,1084787.46,224681.81,37266.0
crypto_arb,2026-01-13,chain,Arbitrum,927125.9600000001,199750.44,48231.0
crypto_arb,2026-01-14,chain,Arbitrum,1349847.87,326711.41000000003,37445.0
crypto_arb,2026-01-15,chain,Arbitrum,899832.8600000001,184164.19,26647.0
crypto_arb,2026-01-16,chain,Arbitrum,703413.53,147708.52,17810.0
crypto_arb,2026-01-17,chain,Arbitrum,577710.49,122172.94,27008.0
crypto_arb,2026-01-18,chain,Arbitrum,673498.98,130255.75,26282.11
crypto_arb,2026-01-19,chain,Arbitrum,941048.6799999999,200290.66999999998,60581.0
crypto_arb,2026-01-20,chain,Arbitrum,1571723.25,374361.7,141184.0
crypto_arb,2026-01-21,chain,Arbitrum,2249879.84,522801.19999999995,97701.0
crypto_arb,2026-01-22,chain,Arbitrum,1045925.82,322702.7,43049.0
crypto_arb,2026-01-23,chain,Arbitrum,866490.46,200018.18000000002,43090.0
crypto_arb,2026-01-24,chain,Arbitrum,612369.86,192564.18,95074.0
crypto_arb,2026-01-25,chain,Arbitrum,825019.96,210155.14,90198.0
crypto_arb,2026-01-26,chain,Arbitrum,1575798.62,401950.26,95630.0
crypto_arb,2026-01-27,chain,Arbitrum,1107961.46,301714.05000000005,82923.0
crypto_arb,2026-01-28,chain,Arbitrum,1186645.01,430777.63,114815.0
crypto_arb,2026-01-29,chain,Arbitrum,1129477.13,335500.16000000003,58290.0
crypto_arb,2026-01-30,chain,Arbitrum,2454724.31,545657.96,47302.0
crypto_arb,2026-01-31,chain,Arbitrum,1300432.02,251142.18,79380.0
crypto_arb,2026-02-01,chain,Arbitrum,1043436.39,207636.51,42330.0
crypto_arb,2026-02-02,chain,Arbitrum,1676239.37,417763.08,86023.0
crypto_arb,2026-02-03,chain,Arbitrum,1328559.74,370487.33,95397.0
crypto_arb,2026-02-04,chain,Arbitrum,1399833.4,564600.85,23886.0
crypto_arb,2026-02-05,chain,Arbitrum,2658374.9499999997,629106.02,47776.0
crypto_arb,2026-02-06,chain,Arbitrum,1388104.33,326669.70999999996,70290.0
crypto_arb,2026-02-07,chain,Arbitrum,936503.24,166922.33000000002,16909.0
crypto_arb,2026-02-08,chain,Arbitrum,395421.77999999997,90695.01999999999,25333.0
crypto_arb,2026-02-09,chain,Arbitrum,670027.3400000001,142223.84,26540.47
crypto_arb,2026-02-10,chain,Arbitrum,1152603.03,271880.62,39466.0
crypto_arb,2026-02-11,chain,Arbitrum,1348205.5,393726.95999999996,77408.0
crypto_arb,2026-02-12,chain,Arbitrum,1032040.27,251860.98,65437.0
crypto_arb,2026-02-13,chain,Arbitrum,740910.77,227775.46,41602.0
crypto_arb,2026-02-14,chain,Arbitrum,297845.12,75817.05,29373.0
crypto_arb,2026-02-15,chain,Arbitrum,456246.5,105226.20999999999,44260.0
crypto_arb,2026-02-16,chain,Arbitrum,1088663.1300000001,229415.91999999998,29132.0
crypto_arb,2026-02-17,chain,Arbitrum,689770.29,211217.02000000002,23392.91
crypto_arb,2026-02-18,chain,Arbitrum,510635.4,150984.19,44885.06
crypto_arb,2026-02-19,chain,Arbitrum,890808.55,197077.33000000002,32497.0
crypto_arb,2026-02-20,chain,Arbitrum,534385.43,165845.21,72861.0
crypto_arb,2026-02-21,chain,Arbitrum,242384.07,69232.82999999999,36933.0
crypto_arb,2026-02-22,chain,Arbitrum,337775.79000000004,84096.54000000001,26750.0
crypto_arb,2026-02-23,chain,Arbitrum,706884.0499999999,196827.78999999998,80534.0
crypto_arb,2026-02-24,chain,Arbitrum,1205314.95,283887.04000000004,33240.0
crypto_arb,2026-02-25,chain,Arbitrum,708703.56,191051.95,65874.0
crypto_arb,2026-02-26,chain,Arbitrum,1405181.55,231006.12,27696.0
crypto_arb,2026-02-27,chain,Arbitrum,785021.14,214281.2,73302.0
crypto_arb,2026-02-28,chain,Arbitrum,727914.8300000001,203014.04,77906.0
crypto_arb,2026-03-01,chain,Arbitrum,526418.03,124433.56,51233.0
crypto_arb,2026-03-02,chain,Arbitrum,1159957.65,355928.22000000003,179698.0
crypto_arb,2026-03-03,chain,Arbitrum,1227805.49,330876.68,80053.0
crypto_arb,2026-03-04,chain,Arbitrum,1170984.26,337028.94,71629.0
crypto_arb,2026-03-05,chain,Arbitrum,1370639.61,591747.29,55966.0
crypto_arb,2026-03-06,chain,Arbitrum,1170360.3399999999,281686.07999999996,61783.0
crypto_arb,2026-03-07,chain,Arbitrum,460453.85,113460.62,31481.0
crypto_arb,2026-03-08,chain,Arbitrum,606504.94,220645.33,115315.0
crypto_arb,2026-03-09,chain,Arbitrum,1417035.26,407422.8,142355.0
crypto_arb,2026-03-10,chain,Arbitrum,1504555.92,379826.33,84351.0
crypto_arb,2026-03-11,chain,Arbitrum,1468329.49,406748.72,98118.0
crypto_arb,2026-03-12,chain,Arbitrum,462647.74,142394.05,66286.0
crypto_arb,2026-03-13,chain,Arbitrum,589909.1900000001,208153.38999999998,98843.0
crypto_arb,2026-03-14,chain,Arbitrum,260213.69,75342.0,35532.0
crypto_arb,2026-03-15,chain,Arbitrum,311451.97,96989.16,47799.0
crypto_arb,2026-03-16,chain,Arbitrum,986049.3400000001,303995.1,111606.0
crypto_arb,2026-03-17,chain,Arbitrum,1353886.29,454857.74000000005,84445.0
crypto_arb,2026-03-18,chain,Arbitrum,1319372.46,393813.69,92019.0
crypto_arb,2026-03-19,chain,Arbitrum,789854.9299999999,235630.91999999998,84257.0
crypto_arb,2026-03-20,chain,Arbitrum,747409.03,207596.32,73911.0
crypto_arb,2026-03-21,chain,Arbitrum,246468.91999999998,75614.15,41280.0
crypto_arb,2026-03-22,chain,Arbitrum,338955.08999999997,93141.99,40674.0
crypto_arb,2026-03-23,chain,Arbitrum,1157230.2,286994.30999999994,109347.0
crypto_arb,2026-03-24,chain,Arbitrum,555362.44,193381.77000000002,60614.0
crypto_arb,2026-03-25,chain,Arbitrum,1062058.66,295305.97,68206.0
crypto_arb,2026-03-26,chain,Arbitrum,2387586.92,410426.57,56466.0
crypto_arb,2026-03-27,chain,Arbitrum,748581.7999999999,258775.1,61693.0
crypto_arb,2026-03-28,chain,Arbitrum,217202.0,63215.35,24704.0
crypto_arb,2026-03-29,chain,Arbitrum,289179.05,90568.74,35923.0
crypto_arb,2026-03-30,chain,Arbitrum,621450.96,200318.93,51328.0
crypto_arb,2026-03-31,chain,Arbitrum,929209.03,283899.94999999995,75852.0
crypto_arb,2026-04-01,chain,Arbitrum,1141777.6900000002,316249.61,46940.0
crypto_arb,2026-04-02,chain,Arbitrum,654043.4400000001,235843.61000000002,72246.0
crypto_arb,2026-04-03,chain,Arbitrum,332067.87,90702.01999999999,32498.0
crypto_arb,2026-04-04,chain,Arbitrum,183376.11,63633.28999999999,25517.0
crypto_arb,2026-04-05,chain,Arbitrum,245483.57,75448.48,35636.0
crypto_arb,2026-04-06,chain,Arbitrum,1086898.28,635581.64,84621.0
crypto_arb,2026-04-07,chain,Arbitrum,1256077.12,352263.99,95049.0
crypto_arb,2026-04-08,chain,Arbitrum,954714.48,258672.31000000003,60450.0
crypto_arb,2026-04-09,chain,Arbitrum,567451.53,164587.62,62822.0
crypto_arb,2026-04-10,chain,Arbitrum,739624.53,202584.43,73271.0
crypto_arb,2026-04-11,chain,Arbitrum,264077.29,79509.47,36582.0
crypto_arb,2026-04-12,chain,Arbitrum,336899.57,110122.07,54074.0
crypto_arb,2026-04-13,chain,Arbitrum,544902.8500000001,178915.30000000002,75451.0
crypto_arb,2026-04-14,chain,Arbitrum,551356.26,193768.01,86338.0
crypto_arb,2026-04-15,chain,Arbitrum,1900616.4400000002,295683.73,83753.0
crypto_arb,2026-04-16,chain,Arbitrum,2477357.91,210461.02000000002,63662.0
crypto_arb,2026-04-17,chain,Arbitrum,1548158.0100000002,652185.45,85510.0
crypto_arb,2026-04-18,chain,Arbitrum,1317998.1900000002,100014.6,40364.0
crypto_arb,2026-04-19,chain,Arbitrum,874102.99,133128.0,61734.0
crypto_arb,2026-04-20,chain,Arbitrum,541765.7800000001,173150.13,84542.0
crypto_arb,2026-04-21,chain,Arbitrum,927278.63,239553.53999999998,84780.0
crypto_arb,2026-04-22,chain,Arbitrum,1391337.0499999998,999739.21,744086.0
crypto_arb,2026-04-23,chain,Arbitrum,1618347.32,782981.22,528727.0
crypto_arb,2026-04-24,chain,Arbitrum,562698.4400000001,129814.93,38515.0
crypto_arb,2026-04-25,chain,Arbitrum,216946.42,55662.50000000001,12879.0
crypto_arb,2026-04-26,chain,Arbitrum,314902.32,93620.44,41390.0
crypto_arb,2026-04-27,chain,Arbitrum,782810.4400000001,198092.61,51051.0
crypto_arb,2026-04-28,chain,Arbitrum,1592813.45,201010.83,36733.28
crypto_arb,2026-04-29,chain,Arbitrum,2094103.81,1380207.17,52463.0
crypto_arb,2026-04-30,chain,Arbitrum,558125.43,352809.97000000003,40334.0
crypto_arb,2026-05-01,chain,Arbitrum,492749.24,261945.95,39609.4
crypto_arb,2026-05-02,chain,Arbitrum,198878.94999999995,77797.15,28340.0
crypto_arb,2026-05-03,chain,Arbitrum,259200.6,93204.43000000001,33970.0
crypto_arb,2026-05-04,chain,Arbitrum,1484770.9,837866.19,94770.0
crypto_arb,2026-05-05,chain,Arbitrum,800433.96,344396.55,54894.0
crypto_arb,2026-05-06,chain,Arbitrum,6969526.859999999,879163.2200000001,82729.0
crypto_arb,2026-05-07,chain,Arbitrum,659957.3400000001,438345.27999999997,48883.0
crypto_arb,2026-05-08,chain,Arbitrum,1113566.37,450634.39999999997,53128.0
crypto_arb,2026-05-09,chain,Arbitrum,266294.35,116182.91,26533.0
crypto_arb,2026-05-10,chain,Arbitrum,422352.73000000004,202952.83,40136.0
crypto_arb,2026-05-11,chain,Arbitrum,643178.83,341327.08,44775.0
crypto_arb,2026-05-12,chain,Arbitrum,416737.82,221568.18999999997,44895.0
crypto_arb,2026-05-13,chain,Arbitrum,479180.21,284837.55,39007.0
crypto_arb,2026-05-14,chain,Arbitrum,1450382.01,455160.37,44486.0
crypto_arb,2026-05-15,chain,Arbitrum,634463.81,140485.19,52351.0
crypto_arb,2026-05-16,chain,Arbitrum,237666.71000000002,69649.74,30490.0
crypto_arb,2026-05-17,chain,Arbitrum,265849.11,83870.06,39923.0
crypto_arb,2026-05-18,chain,Arbitrum,600880.36,188036.64,52427.0
crypto_arb,2026-05-19,chain,Arbitrum,460645.74,236830.49999999997,35719.0
crypto_arb,2026-05-20,chain,Arbitrum,986988.6900000001,359438.81,42892.43
crypto_arb,2026-05-21,chain,Arbitrum,557930.4299999999,243539.84999999998,37309.0
crypto_arb,2026-05-22,chain,Arbitrum,409360.57999999996,196209.11999999997,47054.0
crypto_arb,2026-05-23,chain,Arbitrum,335586.22000000003,131296.25,52868.0
crypto_arb,2026-05-24,chain,Arbitrum,240474.07,89449.76000000001,40739.0
crypto_arb,2026-05-25,chain,Arbitrum,1135511.6099999999,166057.62,23065.0
crypto_arb,2026-05-26,chain,Arbitrum,1426961.35,375945.03,42552.0
crypto_arb,2026-05-27,chain,Arbitrum,553675.14,280563.21,152814.0
crypto_arb,2026-05-28,chain,Arbitrum,445747.52999999997,205241.88,49265.0
crypto_arb,2026-05-29,chain,Arbitrum,604719.28,358544.37000000005,105684.0
crypto_arb,2026-05-30,chain,Arbitrum,400630.72,210127.87,161618.0
crypto_arb,2026-05-31,chain,Arbitrum,413597.76,227084.03,125401.0
crypto_arb,2026-06-01,chain,Arbitrum,469740.42000000004,206707.86,56174.7
crypto_arb,2026-06-02,chain,Arbitrum,1530334.6800000002,441704.20000000007,81406.0
crypto_arb,2026-06-03,chain,Arbitrum,577800.8500000001,281970.86000000004,72077.08
crypto_arb,2026-06-04,chain,Arbitrum,4107073.93,3452033.3000000003,110233.55
crypto_arb,2026-06-05,chain,Arbitrum,1549267.6600000001,713275.3400000002,116274.0
crypto_arb,2026-06-06,chain,Arbitrum,521996.18,190940.84,40743.3
crypto_arb,2026-06-07,chain,Arbitrum,341530.95,145062.79,59013.32
crypto_arb,2026-06-08,chain,Arbitrum,393806.66,195459.87,55482.0
crypto_arb,2026-06-09,chain,Arbitrum,395033.08,179136.78,59938.0
crypto_arb,2026-06-10,chain,Arbitrum,860007.41,298110.95999999996,61516.0
crypto_arb,2026-06-11,chain,Arbitrum,405804.60000000003,227814.60000000003,37762.0
crypto_arb,2026-06-12,chain,Arbitrum,637938.22,227107.23,40963.06
crypto_arb,2026-06-13,chain,Arbitrum,142219.24999999997,48735.44,16467.38
crypto_arb,2026-06-14,chain,Arbitrum,375178.79,198134.6,169913.18
crypto_arb,2026-06-15,chain,Arbitrum,832434.5999999999,232634.29,62351.93
crypto_arb,2026-06-16,chain,Arbitrum,421775.45999999996,242391.22,43400.54
crypto_arb,2026-06-17,chain,Arbitrum,519025.99000000005,209642.15,43553.83
crypto_arb,2026-06-18,chain,Arbitrum,686739.4299999999,189162.05000000002,49302.0
crypto_arb,2026-06-19,chain,Arbitrum,175758.31999999998,55698.920000000006,18010.0
crypto_arb,2026-06-20,chain,Arbitrum,188308.30000000002,70034.79000000001,36553.1
crypto_arb,2026-06-21,chain,Arbitrum,146953.39,46801.08,19921.71
crypto_arb,2026-06-22,chain,Arbitrum,603687.02,245257.76,60472.29
crypto_arb,2026-06-23,chain,Arbitrum,632504.7699999999,155995.64,31197.92
crypto_arb,2026-06-24,chain,Arbitrum,776361.5000000001,335184.77,70090.0
crypto_arb,2026-06-25,chain,Arbitrum,544832.83,211046.53,53157.0
crypto_arb,2026-06-26,chain,Arbitrum,1603351.6,275552.95999999996,49162.0
crypto_arb,2026-06-27,chain,Arbitrum,134138.19999999995,43188.520000000004,15550.16
crypto_arb,2026-06-28,chain,Arbitrum,203195.45999999993,93686.12,15284.0
crypto_arb,2026-06-29,chain,Arbitrum,592199.18,156328.81,65396.79
crypto_arb,2026-06-30,chain,Arbitrum,450794.4,277345.5,73969.0
crypto_arb,2026-07-01,chain,Arbitrum,567485.6300000001,162691.34000000003,38678.0
crypto_arb,2026-07-02,chain,Arbitrum,522601.41000000003,189986.21,51910.0
crypto_arb,2026-07-03,chain,Arbitrum,576843.52,168757.38999999996,68991.45999999999
crypto_arb,2026-07-04,chain,Arbitrum,411436.0900000001,133870.09999999998,75115.8
crypto_arb,2026-07-05,chain,Arbitrum,269909.14999999997,123559.59000000001,91506.66
crypto_arb,2026-07-06,chain,Arbitrum,833357.6799999999,220264.38,32357.5
crypto_arb,2026-07-07,chain,Arbitrum,291855.86000000004,86309.35999999999,38391.64
crypto_arb,2026-07-08,chain,Arbitrum,248756.28999999998,82539.72,29527.510000000002
crypto_arb,2026-07-09,chain,Arbitrum,1123191.2900000003,311127.71,32552.0
crypto_arb,2026-07-10,chain,Arbitrum,311869.4199999999,117731.92,32912.0
crypto_arb,2026-07-11,chain,Arbitrum,223469.37,70240.79,32024.0
crypto_arb,2026-07-12,chain,Arbitrum,161649.80999999997,47462.92,18444.760000000002
crypto_arb,2026-07-13,chain,Arbitrum,408717.67,113364.92,52656.0
crypto_arb,2026-07-14,chain,Arbitrum,325242.5,127252.15,28312.36
crypto_arb,2026-07-15,chain,Arbitrum,476219.87,135668.97999999998,48310.68
crypto_arb,2026-07-16,chain,Arbitrum,260368.53,87503.86,37699.36
crypto_arb,2026-07-17,chain,Arbitrum,276466.57,93334.65,36424.65
crypto_arb,2026-07-18,chain,Arbitrum,153994.93,43792.58,12987.6
crypto_arb,2026-07-19,chain,Arbitrum,182132.6,57572.68,22869.16
crypto_arb,2026-07-20,chain,Arbitrum,806798.4,192998.54,51622.29
crypto_arb,2026-07-21,chain,Arbitrum,211009.65,69254.99,26857.55
crypto_arb,2026-07-22,chain,Arbitrum,384707.46,107473.11,38838.96
crypto_arb,2026-07-23,chain,Arbitrum,649170.54,90180.82999999999,24868.63
crypto_arb,2026-07-24,chain,Arbitrum,331399.75999999995,91736.53,30977.010000000002
crypto_arb,2026-07-25,chain,Arbitrum,139771.38999999998,46939.20999999999,16115.189999999997
crypto_arb,2026-07-26,chain,Arbitrum,202844.69999999995,90128.85999999996,14248.430000000002
crypto_arb,2026-07-27,chain,Arbitrum,1789371.480000001,363968.4900000001,79992.99
crypto_arb,2026-07-28,chain,Arbitrum,714232.1100000005,188117.01,49308.630000000005
crypto_arb,2026-07-29,chain,Arbitrum,333125.61,89425.95,30192.389999999996
crypto_arb,2026-07-30,chain,Arbitrum,486772.43,163516.2500000001,26628.000000000004
crypto_arb,2026-07-31,chain,Arbitrum,258479.46999999988,79633.89999999998,28775.110000000004
crypto_arb,2026-08-01,chain,Arbitrum,154627.97,53816.90999999999,20401.11
crypto_arb,2026-08-02,chain,Arbitrum,170200.6,52438.810000000005,22830.53
crypto_arb,2026-08-03,chain,Arbitrum,446956.42000000004,118066.98999999998,37664.270000000004
crypto_arb,2026-08-04,chain,Arbitrum,375019.35999999987,224442.86999999997,34879.29999999999
crypto_arb,2026-08-05,chain,Arbitrum,418455.69000000006,98895.15999999999,25070.7
crypto_arb,2026-08-06,chain,Arbitrum,250252.87000000008,79001.49999999999,22673.89
crypto_arb,2026-08-07,chain,Arbitrum,206980.25999999995,59321.08999999999,20350.719999999998
crypto_arb,2026-08-08,chain,Arbitrum,107165.44,31453.820000000003,6461.820000000001
crypto_arb,2026-08-09,chain,Arbitrum,138717.05999999994,48269.580000000016,19492.860000000004
crypto_arb,2026-08-10,chain,Arbitrum,217541.09,64716.28999999999,24402.47
crypto_arb,2026-08-11,chain,Arbitrum,242012.85,65266.19999999999,25363.39
crypto_arb,2026-08-12,chain,Arbitrum,238115.25,75117.97999999998,32426.73
crypto_arb,2026-08-13,chain,Arbitrum,1533580.2600000002,328857.16,29935.4
crypto_arb,2026-08-14,chain,Arbitrum,220495.15999999995,66339.69999999998,26334.800000000003
crypto_arb,2026-08-15,chain,Arbitrum,142884.19999999998,44178.380000000005,18606.720000000005
crypto_arb,2026-08-16,chain,Arbitrum,148810.78,43888.26,15871.359999999999
crypto_arb,2026-08-17,chain,Arbitrum,315591.7300000001,103370.35,41915.84
crypto_arb,2026-08-18,chain,Arbitrum,265977.43999999994,82259.09999999995,38555.57
crypto_arb,2026-08-19,chain,Arbitrum,422195.0799999998,162335.85,91114.03
crypto_arb,2026-08-20,chain,Arbitrum,522342.93999999994,185798.84,69883.43999999999
crypto_arb,2026-08-21,chain,Arbitrum,657576.6,206517.2700000001,111495.91000000002
crypto_avax,2025-08-25,chain,Avalanche,614233.98,211273.05,173365.78
crypto_avax,2025-08-26,chain,Avalanche,575455.6,202359.36,143728.84
crypto_avax,2025-08-27,chain,Avalanche,604215.26,193864.53,141498.72999999998
crypto_avax,2025-08-28,chain,Avalanche,570828.54,213907.66,166465.95
crypto_avax,2025-08-29,chain,Avalanche,670474.41,242863.39,167063.75
crypto_avax,2025-08-30,chain,Avalanche,492849.58,134240.7,79420.02
crypto_avax,2025-08-31,chain,Avalanche,468694.79000000004,131488.11,80440.31
crypto_avax,2025-09-01,chain,Avalanche,612360.92,201058.31,144775.07
crypto_avax,2025-09-02,chain,Avalanche,638374.72,212868.66,173086.93
crypto_avax,2025-09-03,chain,Avalanche,668609.85,241917.71,176309.58000000002
crypto_avax,2025-09-04,chain,Avalanche,631585.61,234573.51,174244.36
crypto_avax,2025-09-05,chain,Avalanche,645024.84,226138.9,158500.53
crypto_avax,2025-09-06,chain,Avalanche,431843.26,102734.54000000001,57385.229999999996
crypto_avax,2025-09-07,chain,Avalanche,501518.95999999996,129779.15,76719.33
crypto_avax,2025-09-08,chain,Avalanche,589489.6699999999,191798.97999999998,132010.5
crypto_avax,2025-09-09,chain,Avalanche,821022.91,230222.12,183564.52000000002
crypto_avax,2025-09-10,chain,Avalanche,936500.63,306590.23,233413.22
crypto_avax,2025-09-11,chain,Avalanche,762874.1,255463.36,195448.5
crypto_avax,2025-09-12,chain,Avalanche,671787.79,211708.91,142982.36
crypto_avax,2025-09-13,chain,Avalanche,689676.99,263804.41000000003,195188.91
crypto_avax,2025-09-14,chain,Avalanche,646102.8200000001,223914.85,162382.77000000002
crypto_avax,2025-09-15,chain,Avalanche,857911.49,291081.83999999997,234748.32
crypto_avax,2025-09-16,chain,Avalanche,779894.99,298475.67,234147.66
crypto_avax,2025-09-17,chain,Avalanche,752378.83,292303.43,211881.66999999998
crypto_avax,2025-09-18,chain,Avalanche,940543.06,379173.48,283989.58999999997
crypto_avax,2025-09-19,chain,Avalanche,816785.72,289108.58,221392.82
crypto_avax,2025-09-20,chain,Avalanche,815375.59,234774.96000000002,159732.71
crypto_avax,2025-09-21,chain,Avalanche,615816.87,187081.1,129085.54000000001
crypto_avax,2025-09-22,chain,Avalanche,853004.27,401603.79,312552.48
crypto_avax,2025-09-23,chain,Avalanche,1211975.79,457949.83999999997,374853.56
crypto_avax,2025-09-24,chain,Avalanche,1143154.06,389935.05,306082.95999999996
crypto_avax,2025-09-25,chain,Avalanche,1020897.5900000001,394523.81,279478.41000000003
crypto_avax,2025-09-26,chain,Avalanche,1042205.22,438329.41000000003,271451.68
crypto_avax,2025-09-27,chain,Avalanche,715848.83,254375.12,175434.16999999998
crypto_avax,2025-09-28,chain,Avalanche,643774.5,191696.88,131883.67
crypto_avax,2025-09-29,chain,Avalanche,812350.36,345747.54,303640.75
crypto_avax,2025-09-30,chain,Avalanche,583415.9199999999,195125.43999999997,135072.64
crypto_avax,2025-10-01,chain,Avalanche,701849.98,235830.52000000002,163012.49
crypto_avax,2025-10-02,chain,Avalanche,852120.9,338595.56,251784.66999999998
crypto_avax,2025-10-03,chain,Avalanche,868603.82,308012.44,244828.85
crypto_avax,2025-10-04,chain,Avalanche,685487.6799999999,190783.09,128131.3
crypto_avax,2025-10-05,chain,Avalanche,673313.76,234507.53999999998,176874.63
crypto_avax,2025-10-06,chain,Avalanche,940347.73,249327.25999999998,184085.39
crypto_avax,2025-10-07,chain,Avalanche,809964.9299999999,248254.53,175501.62
crypto_avax,2025-10-08,chain,Avalanche,700480.02,218811.95,163302.56
crypto_avax,2025-10-09,chain,Avalanche,725523.3,221179.99,163741.57
crypto_avax,2025-10-10,chain,Avalanche,1923821.69,517242.98,323515.29000000004
crypto_avax,2025-10-11,chain,Avalanche,697947.67,257831.74,167171.32
crypto_avax,2025-10-12,chain,Avalanche,560367.99,204881.99,149832.63
crypto_avax,2025-10-13,chain,Avalanche,695427.31,235661.33000000002,184091.31
crypto_avax,2025-10-14,chain,Avalanche,723503.38,230938.32,190098.22999999998
crypto_avax,2025-10-15,chain,Avalanche,539772.8,161120.47,111890.92
crypto_avax,2025-10-16,chain,Avalanche,667325.01,295005.56,195183.31
crypto_avax,2025-10-17,chain,Avalanche,872877.29,184220.46,114343.53000000001
crypto_avax,2025-10-18,chain,Avalanche,501358.5,107439.48999999999,53930.36
crypto_avax,2025-10-19,chain,Avalanche,458936.74999999994,112224.98,64323.39000000001
crypto_avax,2025-10-20,chain,Avalanche,547380.44,121605.81,77048.51000000001
crypto_avax,2025-10-21,chain,Avalanche,572334.59,147561.34,111865.64
crypto_avax,2025-10-22,chain,Avalanche,471268.88,129364.67,84579.62
crypto_avax,2025-10-23,chain,Avalanche,425315.96,101568.49999999999,61036.39
crypto_avax,2025-10-24,chain,Avalanche,501904.28,115369.17,67989.4
crypto_avax,2025-10-25,chain,Avalanche,424536.06,77312.12,35954.9
crypto_avax,2025-10-26,chain,Avalanche,499194.01,133180.74000000002,87674.23000000001
crypto_avax,2025-10-27,chain,Avalanche,705919.35,172673.24,120635.94
crypto_avax,2025-10-28,chain,Avalanche,607267.5,183112.2,140751.43
crypto_avax,2025-10-29,chain,Avalanche,576746.23,195932.09,143654.31
crypto_avax,2025-10-30,chain,Avalanche,655476.75,179141.53,114994.13
crypto_avax,2025-10-31,chain,Avalanche,596576.7,174940.5,122245.7
crypto_avax,2025-11-01,chain,Avalanche,560573.46,144191.52,84717.95999999999
crypto_avax,2025-11-02,chain,Avalanche,632225.75,152986.11,106115.98
crypto_avax,2025-11-03,chain,Avalanche,819902.14,220836.97999999998,151842.21000000002
crypto_avax,2025-11-04,chain,Avalanche,925246.56,283704.56,176043.64
crypto_avax,2025-11-05,chain,Avalanche,730108.7699999999,200300.68000000002,118651.65999999999
crypto_avax,2025-11-06,chain,Avalanche,615219.0700000001,192632.21,130094.87
crypto_avax,2025-11-07,chain,Avalanche,709712.77,259590.84000000003,198444.12
crypto_avax,2025-11-08,chain,Avalanche,446694.72,138468.52000000002,94989.08
crypto_avax,2025-11-09,chain,Avalanche,435187.59,126891.11,86062.48999999999
crypto_avax,2025-11-10,chain,Avalanche,562035.35,150387.16,98700.63
crypto_avax,2025-11-11,chain,Avalanche,505377.36,185527.36,136816.59
crypto_avax,2025-11-12,chain,Avalanche,437033.44,147477.38,103408.89
crypto_avax,2025-11-13,chain,Avalanche,631533.7,191141.28000000003,142016.95
crypto_avax,2025-11-14,chain,Avalanche,497339.70999999996,145830.77,104742.28
crypto_avax,2025-11-15,chain,Avalanche,319021.89,74408.56,43539.58
crypto_avax,2025-11-16,chain,Avalanche,380107.67000000004,104825.90000000001,68342.77
crypto_avax,2025-11-17,chain,Avalanche,584228.34,159757.06,116528.05
crypto_avax,2025-11-18,chain,Avalanche,505844.88,148505.03,115894.97
crypto_avax,2025-11-19,chain,Avalanche,437150.0,138814.9,97757.35
crypto_avax,2025-11-20,chain,Avalanche,648223.28,202822.15,166392.55
crypto_avax,2025-11-21,chain,Avalanche,784235.47,419029.81,369462.0
crypto_avax,2025-11-22,chain,Avalanche,684361.13,232738.31,178965.71
crypto_avax,2025-11-23,chain,Avalanche,327261.24,122785.1,92493.13
crypto_avax,2025-11-24,chain,Avalanche,604954.3300000001,185829.19,150882.59
crypto_avax,2025-11-25,chain,Avalanche,611102.45,238010.9,173457.45
crypto_avax,2025-11-26,chain,Avalanche,426254.26,99336.0,69855.83
crypto_avax,2025-11-27,chain,Avalanche,415162.86,119472.61,82137.9
crypto_avax,2025-11-28,chain,Avalanche,496645.35,133618.41999999998,71656.32
crypto_avax,2025-11-29,chain,Avalanche,351232.5,88102.86,48485.09
crypto_avax,2025-11-30,chain,Avalanche,339697.48,83781.94,44832.34
crypto_avax,2025-12-01,chain,Avalanche,483633.22000000003,116479.06999999999,69886.29000000001
crypto_avax,2025-12-02,chain,Avalanche,418912.92,125137.22,86979.33
crypto_avax,2025-12-03,chain,Avalanche,513084.6,147462.41999999998,106390.69
crypto_avax,2025-12-04,chain,Avalanche,526053.79,126731.16,77752.44
crypto_avax,2025-12-05,chain,Avalanche,409129.1,114293.23,66098.56
crypto_avax,2025-12-06,chain,Avalanche,357161.42,78066.65,37373.36
crypto_avax,2025-12-07,chain,Avalanche,341922.27,89977.25,55200.49
crypto_avax,2025-12-08,chain,Avalanche,531073.55,105387.69,62545.8
crypto_avax,2025-12-09,chain,Avalanche,492254.04,157596.12,124102.03
crypto_avax,2025-12-10,chain,Avalanche,492432.29000000004,180335.51,136661.72
crypto_avax,2025-12-11,chain,Avalanche,338679.57,111651.74,72662.86
crypto_avax,2025-12-12,chain,Avalanche,297146.1,101338.63,66632.2
crypto_avax,2025-12-13,chain,Avalanche,204858.45,58434.47,32407.75
crypto_avax,2025-12-14,chain,Avalanche,239689.82,64978.27,36424.15
crypto_avax,2025-12-15,chain,Avalanche,491831.33,125273.92,75230.45999999999
crypto_avax,2025-12-16,chain,Avalanche,337697.11,106225.85,74632.65
crypto_avax,2025-12-17,chain,Avalanche,350049.02,112492.45,81315.5
crypto_avax,2025-12-18,chain,Avalanche,342127.5,97418.61,62704.57
crypto_avax,2025-12-19,chain,Avalanche,347163.61,115770.24,82588.76999999999
crypto_avax,2025-12-20,chain,Avalanche,250283.65,63280.71,27501.25
crypto_avax,2025-12-21,chain,Avalanche,264059.13,84156.2,55111.34
crypto_avax,2025-12-22,chain,Avalanche,455222.1,148628.97,113046.36
crypto_avax,2025-12-23,chain,Avalanche,509378.39,114540.32,81881.43
crypto_avax,2025-12-24,chain,Avalanche,288484.92,106618.13,74716.39
crypto_avax,2025-12-25,chain,Avalanche,268648.04000000004,88959.68,59850.56
crypto_avax,2025-12-26,chain,Avalanche,300696.79000000004,104555.66,74645.04000000001
crypto_avax,2025-12-27,chain,Avalanche,229535.40000000002,62058.3,35548.92
crypto_avax,2025-12-28,chain,Avalanche,234815.68,74700.9,46630.46
crypto_avax,2025-12-29,chain,Avalanche,383443.43,125506.23999999999,92333.45999999999
crypto_avax,2025-12-30,chain,Avalanche,456446.73,86081.23999999999,56259.2
crypto_avax,2025-12-31,chain,Avalanche,336629.03,85233.63,57380.72
crypto_avax,2026-01-01,chain,Avalanche,296639.0,103272.47,65789.87
crypto_avax,2026-01-02,chain,Avalanche,323170.75,111442.9,71328.98999999999
crypto_avax,2026-01-03,chain,Avalanche,286637.5,86455.87,51782.47
crypto_avax,2026-01-04,chain,Avalanche,448317.5,84712.84,51194.28
crypto_avax,2026-01-05,chain,Avalanche,297399.5,114145.0,77065.61
crypto_avax,2026-01-06,chain,Avalanche,450772.5,181039.07,141948.43
crypto_avax,2026-01-07,chain,Avalanche,432181.19,126641.47,89969.9
crypto_avax,2026-01-08,chain,Avalanche,391583.5,103449.75,60667.229999999996
crypto_avax,2026-01-09,chain,Avalanche,327593.79,116682.9,78917.4
crypto_avax,2026-01-10,chain,Avalanche,258563.76,68551.8,33227.26
crypto_avax,2026-01-11,chain,Avalanche,267827.86,84961.18,49765.729999999996
crypto_avax,2026-01-12,chain,Avalanche,470536.0,134080.25,91519.23
crypto_avax,2026-01-13,chain,Avalanche,482592.32,175736.54,125239.33
crypto_avax,2026-01-14,chain,Avalanche,443752.5,121309.59,72535.97
crypto_avax,2026-01-15,chain,Avalanche,394333.5,106593.97,58654.59
crypto_avax,2026-01-16,chain,Avalanche,435779.62,100318.45,50322.4
crypto_avax,2026-01-17,chain,Avalanche,260441.54,71263.29000000001,37120.74
crypto_avax,2026-01-18,chain,Avalanche,352937.11,88249.54000000001,46573.119999999995
crypto_avax,2026-01-19,chain,Avalanche,305219.25,88372.23,52773.68
crypto_avax,2026-01-20,chain,Avalanche,484966.23,110180.62,67346.94
crypto_avax,2026-01-21,chain,Avalanche,398936.6,168581.87,112231.95
crypto_avax,2026-01-22,chain,Avalanche,313546.75,96960.13,57291.6
crypto_avax,2026-01-23,chain,Avalanche,309023.7,91055.66,53062.85
crypto_avax,2026-01-24,chain,Avalanche,293684.93,61238.06,20621.59
crypto_avax,2026-01-25,chain,Avalanche,271231.52,85263.75,51357.93
crypto_avax,2026-01-26,chain,Avalanche,357820.25,87597.93,50454.57
crypto_avax,2026-01-27,chain,Avalanche,310098.76,86965.13,50602.229999999996
crypto_avax,2026-01-28,chain,Avalanche,295043.95,85722.85,50783.74
crypto_avax,2026-01-29,chain,Avalanche,411177.8,140687.9,70550.01000000001
crypto_avax,2026-01-30,chain,Avalanche,501256.18,131158.5,83749.66
crypto_avax,2026-01-31,chain,Avalanche,425537.5,157451.03,99648.79000000001
crypto_avax,2026-02-01,chain,Avalanche,269669.4,109107.09,73696.81
crypto_avax,2026-02-02,chain,Avalanche,300457.91000000003,131462.3,89803.43
crypto_avax,2026-02-03,chain,Avalanche,313455.15,123000.07,84298.51000000001
crypto_avax,2026-02-04,chain,Avalanche,546950.29,116018.89,72666.47
crypto_avax,2026-02-05,chain,Avalanche,634521.75,195693.77000000002,112213.14
crypto_avax,2026-02-06,chain,Avalanche,383106.0,132363.72,82681.53
crypto_avax,2026-02-07,chain,Avalanche,230447.66999999998,88467.31,59606.9
crypto_avax,2026-02-08,chain,Avalanche,183962.66999999998,53663.130000000005,28557.96
crypto_avax,2026-02-09,chain,Avalanche,368048.98,90398.07,45805.99
crypto_avax,2026-02-10,chain,Avalanche,236371.89,69760.03,38532.119999999995
crypto_avax,2026-02-11,chain,Avalanche,228257.36,104826.63,75187.8
crypto_avax,2026-02-12,chain,Avalanche,219821.63,88766.24,63284.369999999995
crypto_avax,2026-02-13,chain,Avalanche,337938.47,84282.2,62908.22
crypto_avax,2026-02-14,chain,Avalanche,209813.0,67372.98,42028.04
crypto_avax,2026-02-15,chain,Avalanche,217092.9,82017.38,59210.45
crypto_avax,2026-02-16,chain,Avalanche,421904.45,121224.06,69435.52
crypto_avax,2026-02-17,chain,Avalanche,236243.8,96054.31,65743.26000000001
crypto_avax,2026-02-18,chain,Avalanche,353749.78,75215.31,55685.75
crypto_avax,2026-02-19,chain,Avalanche,232105.88,77731.0,51108.79
crypto_avax,2026-02-20,chain,Avalanche,261387.75,102132.17,81094.54000000001
crypto_avax,2026-02-21,chain,Avalanche,168140.38,50501.34999999999,31098.54
crypto_avax,2026-02-22,chain,Avalanche,168535.66,52175.16,28255.93
crypto_avax,2026-02-23,chain,Avalanche,290685.66000000003,76277.09,52442.69
crypto_avax,2026-02-24,chain,Avalanche,193734.25,56698.729999999996,33768.19
crypto_avax,2026-02-25,chain,Avalanche,275965.36,137221.07,114785.3
crypto_avax,2026-02-26,chain,Avalanche,269008.75,106713.68,82723.19
crypto_avax,2026-02-27,chain,Avalanche,236111.75,84037.23,60714.95
crypto_avax,2026-02-28,chain,Avalanche,248743.78,99792.38,72402.76000000001
crypto_avax,2026-03-01,chain,Avalanche,256450.93,105035.20999999999,81548.2
crypto_avax,2026-03-02,chain,Avalanche,274225.27,122441.02,95763.12
crypto_avax,2026-03-03,chain,Avalanche,418878.5,115461.69,89701.63
crypto_avax,2026-03-04,chain,Avalanche,286333.5,130417.08,101869.95999999999
crypto_avax,2026-03-05,chain,Avalanche,286355.44,87954.65,59834.25
crypto_avax,2026-03-06,chain,Avalanche,345198.16000000003,77623.29,53455.68
crypto_avax,2026-03-07,chain,Avalanche,162041.02,41727.17999999999,18256.97
crypto_avax,2026-03-08,chain,Avalanche,195321.87,69874.44,44226.009999999995
crypto_avax,2026-03-09,chain,Avalanche,386214.26,125248.57,96084.15
crypto_avax,2026-03-10,chain,Avalanche,259327.25,119938.23000000001,91922.11
crypto_avax,2026-03-11,chain,Avalanche,207024.14,82517.81,62204.44
crypto_avax,2026-03-12,chain,Avalanche,317759.18,76582.43,49290.14
crypto_avax,2026-03-13,chain,Avalanche,227278.5,96592.31,72225.63
crypto_avax,2026-03-14,chain,Avalanche,178385.55,45726.6,24342.4
crypto_avax,2026-03-15,chain,Avalanche,187420.49,62854.490000000005,39437.61
crypto_avax,2026-03-16,chain,Avalanche,274089.01,106285.29000000001,69299.54000000001
crypto_avax,2026-03-17,chain,Avalanche,614846.41,166427.37,129449.09
crypto_avax,2026-03-18,chain,Avalanche,275519.41000000003,82016.87,57692.79
crypto_avax,2026-03-19,chain,Avalanche,223098.87,68028.23,37840.24
crypto_avax,2026-03-20,chain,Avalanche,205497.49,56846.79,36013.740000000005
crypto_avax,2026-03-21,chain,Avalanche,160636.01,38920.09,18626.940000000002
crypto_avax,2026-03-22,chain,Avalanche,164593.72,45628.33,25487.79
crypto_avax,2026-03-23,chain,Avalanche,215489.34,88542.59,62596.02
crypto_avax,2026-03-24,chain,Avalanche,316813.19,70016.7,49684.03
crypto_avax,2026-03-25,chain,Avalanche,305662.19,76338.73000000001,54118.46
crypto_avax,2026-03-26,chain,Avalanche,245471.4,57317.95,36502.96
crypto_avax,2026-03-27,chain,Avalanche,202478.81,51274.75,32196.7
crypto_avax,2026-03-28,chain,Avalanche,154780.38,39657.73,18391.73
crypto_avax,2026-03-29,chain,Avalanche,152806.91,37563.36,18296.260000000002
crypto_avax,2026-03-30,chain,Avalanche,177960.76,54211.81,34603.94
crypto_avax,2026-03-31,chain,Avalanche,186653.22999999998,56832.42999999999,36566.94
crypto_avax,2026-04-01,chain,Avalanche,278177.94,85027.45,64184.08
crypto_avax,2026-04-02,chain,Avalanche,265159.48,57536.21,32199.0
crypto_avax,2026-04-03,chain,Avalanche,353228.33999999997,53221.92,32317.05
crypto_avax,2026-04-04,chain,Avalanche,162933.78999999998,39143.14,19188.809999999998
crypto_avax,2026-04-05,chain,Avalanche,175753.16,44535.19,25671.12
crypto_avax,2026-04-06,chain,Avalanche,247275.66,95814.6,74997.44
crypto_avax,2026-04-07,chain,Avalanche,217874.96,78137.87,58253.25
crypto_avax,2026-04-08,chain,Avalanche,274194.18,83730.77,53015.6
crypto_avax,2026-04-09,chain,Avalanche,322858.07999999996,74783.78,54946.9
crypto_avax,2026-04-10,chain,Avalanche,248819.03,60268.869999999995,40246.18
crypto_avax,2026-04-11,chain,Avalanche,170176.53,46988.04,27587.35
crypto_avax,2026-04-12,chain,Avalanche,178885.44,51681.85,32228.91
crypto_avax,2026-04-13,chain,Avalanche,340472.19999999995,78970.31999999999,59134.84
crypto_avax,2026-04-14,chain,Avalanche,380167.88,74915.68000000001,45722.4
crypto_avax,2026-04-15,chain,Avalanche,276000.51,66037.39,44199.770000000004
crypto_avax,2026-04-16,chain,Avalanche,270920.11,94374.03,72679.1
crypto_avax,2026-04-17,chain,Avalanche,249712.95,96575.73000000001,64279.85
crypto_avax,2026-04-18,chain,Avalanche,187351.71000000002,49959.78999999999,31204.510000000002
crypto_avax,2026-04-19,chain,Avalanche,204410.9,61368.630000000005,37029.53
crypto_avax,2026-04-20,chain,Avalanche,316584.94,78054.71,50639.86
crypto_avax,2026-04-21,chain,Avalanche,272762.33999999997,76662.81,49068.07
crypto_avax,2026-04-22,chain,Avalanche,342258.75,65311.08,39650.57
crypto_avax,2026-04-23,chain,Avalanche,241226.0,62219.259999999995,34926.0
crypto_avax,2026-04-24,chain,Avalanche,247088.71000000002,48999.509999999995,25899.0
crypto_avax,2026-04-25,chain,Avalanche,194551.66,45515.740000000005,16542.0
crypto_avax,2026-04-26,chain,Avalanche,199509.44,46158.28,23328.78
crypto_avax,2026-04-27,chain,Avalanche,301747.33,50486.46,28270.03
crypto_avax,2026-04-28,chain,Avalanche,219962.36,39319.72,20014.0
crypto_avax,2026-04-29,chain,Avalanche,259541.02,64467.13,40136.0
crypto_avax,2026-04-30,chain,Avalanche,269329.57,45931.9,23174.82
crypto_avax,2026-05-01,chain,Avalanche,236484.52,46723.78,23053.82
crypto_avax,2026-05-02,chain,Avalanche,169681.02,31977.65,10602.04
crypto_avax,2026-05-03,chain,Avalanche,175590.08,37522.31,17880.59
crypto_avax,2026-05-04,chain,Avalanche,427731.36,64572.0,44674.0
crypto_avax,2026-05-05,chain,Avalanche,287119.86,58451.630000000005,35809.0
crypto_avax,2026-05-06,chain,Avalanche,309455.0,74872.19,50885.31
crypto_avax,2026-05-07,chain,Avalanche,322339.65,70913.32,46310.0
crypto_avax,2026-05-08,chain,Avalanche,307736.25,61286.26,38485.0
crypto_avax,2026-05-09,chain,Avalanche,201830.16999999998,46436.86,21210.41
crypto_avax,2026-05-10,chain,Avalanche,210041.95,59070.55,37228.0
crypto_avax,2026-05-11,chain,Avalanche,299382.18,60175.34,38220.0
crypto_avax,2026-05-12,chain,Avalanche,218300.16,59520.7,34450.0
crypto_avax,2026-05-13,chain,Avalanche,215552.85,56393.07,34080.0
crypto_avax,2026-05-14,chain,Avalanche,267890.88,61950.49,39530.74
crypto_avax,2026-05-15,chain,Avalanche,217878.26,58215.24,36412.34
crypto_avax,2026-05-16,chain,Avalanche,181700.18,43382.240000000005,18988.0
crypto_avax,2026-05-17,chain,Avalanche,359275.95999999996,55159.33,22550.0
crypto_avax,2026-05-18,chain,Avalanche,293131.18,69572.09,45025.0
crypto_avax,2026-05-19,chain,Avalanche,187384.01,44746.65,24811.0
crypto_avax,2026-05-20,chain,Avalanche,240137.93,48021.26,25170.0
crypto_avax,2026-05-21,chain,Avalanche,325036.05,59884.16,31968.0
crypto_avax,2026-05-22,chain,Avalanche,343791.29,60297.2,36761.0
crypto_avax,2026-05-23,chain,Avalanche,267146.56,61111.63,35831.0
crypto_avax,2026-05-24,chain,Avalanche,258417.26,45107.21,22939.0
crypto_avax,2026-05-25,chain,Avalanche,405169.92,43816.130000000005,20787.0
crypto_avax,2026-05-26,chain,Avalanche,268411.56,65705.92,37252.0
crypto_avax,2026-05-27,chain,Avalanche,262855.16000000003,53075.13,30770.0
crypto_avax,2026-05-28,chain,Avalanche,387603.52,68303.97,30799.0
crypto_avax,2026-05-29,chain,Avalanche,243602.83,48060.29,25354.0
crypto_avax,2026-05-30,chain,Avalanche,183194.74,33824.49,14457.0
crypto_avax,2026-05-31,chain,Avalanche,196118.8,39925.74,17804.0
crypto_avax,2026-06-01,chain,Avalanche,323950.54,60500.15,38860.64
crypto_avax,2026-06-02,chain,Avalanche,250778.7,67265.03,41152.0
crypto_avax,2026-06-03,chain,Avalanche,224231.96000000002,52527.4,30258.0
crypto_avax,2026-06-04,chain,Avalanche,291670.56,74931.56,40242.0
crypto_avax,2026-06-05,chain,Avalanche,514285.17,105624.29999999999,61739.44
crypto_avax,2026-06-06,chain,Avalanche,250996.66,53640.3,28513.27
crypto_avax,2026-06-07,chain,Avalanche,303030.75,48524.37,17598.0
crypto_avax,2026-06-08,chain,Avalanche,334597.72,64933.42,33813.0
crypto_avax,2026-06-09,chain,Avalanche,255436.95,49576.5,26903.0
crypto_avax,2026-06-10,chain,Avalanche,333563.51,116773.72,78493.0
crypto_avax,2026-06-11,chain,Avalanche,261455.12999999998,67839.90999999999,25423.0
crypto_avax,2026-06-12,chain,Avalanche,210723.89,52694.29,18572.0
crypto_avax,2026-06-13,chain,Avalanche,177402.22999999998,37876.05,19786.0
crypto_avax,2026-06-14,chain,Avalanche,190107.45,41006.29,21595.33
crypto_avax,2026-06-15,chain,Avalanche,293829.04000000004,67319.79999999999,35289.03
crypto_avax,2026-06-16,chain,Avalanche,231704.43,48565.09,28683.14
crypto_avax,2026-06-17,chain,Avalanche,221958.36,72534.55,40655.0
crypto_avax,2026-06-18,chain,Avalanche,266210.75,42161.619999999995,20459.0
crypto_avax,2026-06-19,chain,Avalanche,376572.14,56494.21,21663.13
crypto_avax,2026-06-20,chain,Avalanche,316982.78,57390.84,25027.0
crypto_avax,2026-06-21,chain,Avalanche,183338.72000000003,34910.40000000001,14981.0
crypto_avax,2026-06-22,chain,Avalanche,196727.84000000003,37528.71,15272.0
crypto_avax,2026-06-23,chain,Avalanche,216454.97,49131.84,23536.0
crypto_avax,2026-06-24,chain,Avalanche,220251.1,51626.75,29225.57
crypto_avax,2026-06-25,chain,Avalanche,298327.0,53837.490000000005,29050.0
crypto_avax,2026-06-26,chain,Avalanche,199431.5,48123.88,28235.55
crypto_avax,2026-06-27,chain,Avalanche,180716.38,41711.43,23177.11
crypto_avax,2026-06-28,chain,Avalanche,178215.9,35764.55,16508.97
crypto_avax,2026-06-29,chain,Avalanche,326432.56,70103.16,50354.74
crypto_avax,2026-06-30,chain,Avalanche,264011.93,68165.86,23331.58
crypto_avax,2026-07-01,chain,Avalanche,279612.77,77788.23,46127.67
crypto_avax,2026-07-02,chain,Avalanche,269447.13,66577.11,45511.770000000004
crypto_avax,2026-07-03,chain,Avalanche,465369.87,66609.86,27638.43
crypto_avax,2026-07-04,chain,Avalanche,184468.72,42509.270000000004,23545.0
crypto_avax,2026-07-05,chain,Avalanche,194022.45,47982.369999999995,26775.0
crypto_avax,2026-07-06,chain,Avalanche,215587.59,59356.45,38726.74
crypto_avax,2026-07-07,chain,Avalanche,201861.37,51503.44,30623.36
crypto_avax,2026-07-08,chain,Avalanche,237149.98,32572.57,11901.68
crypto_avax,2026-07-09,chain,Avalanche,221529.73,54057.61,29676.0
crypto_avax,2026-07-10,chain,Avalanche,200657.78,43762.18,21411.86
crypto_avax,2026-07-11,chain,Avalanche,232428.27,34715.72,12907.130000000001
crypto_avax,2026-07-12,chain,Avalanche,233057.79,33149.54,9208.0
crypto_avax,2026-07-13,chain,Avalanche,343670.51,51570.78,27304.0
crypto_avax,2026-07-14,chain,Avalanche,253909.05000000002,51074.64,26610.0
crypto_avax,2026-07-15,chain,Avalanche,256067.34,50256.37,27673.46
crypto_avax,2026-07-16,chain,Avalanche,306092.84,41890.6,18550.25
crypto_avax,2026-07-17,chain,Avalanche,242778.81,39277.42,16769.239999999998
crypto_avax,2026-07-18,chain,Avalanche,370187.19999999995,46606.61,9779.64
crypto_avax,2026-07-19,chain,Avalanche,214884.31,29275.65,8529.69
crypto_avax,2026-07-20,chain,Avalanche,320646.30000000005,42649.87,21429.82
crypto_avax,2026-07-21,chain,Avalanche,262891.64,35919.06,16675.690000000002
crypto_avax,2026-07-22,chain,Avalanche,221590.32,36532.14,14852.75
crypto_avax,2026-07-23,chain,Avalanche,243169.64,36311.17,14802.08
crypto_avax,2026-07-24,chain,Avalanche,237301.75,29487.72,10377.27
crypto_avax,2026-07-25,chain,Avalanche,247654.57000000004,70552.39,50078.39
crypto_avax,2026-07-26,chain,Avalanche,226559.74999999997,53088.399999999994,33306.6
crypto_avax,2026-07-27,chain,Avalanche,341961.9000000001,50672.3,30035.260000000002
crypto_avax,2026-07-28,chain,Avalanche,244815.54,42498.6,22227.55
crypto_avax,2026-07-29,chain,Avalanche,233487.83000000005,39138.869999999995,19147.36
crypto_avax,2026-07-30,chain,Avalanche,254272.61,32901.31,13109.56
crypto_avax,2026-07-31,chain,Avalanche,275814.49,39733.56999999999,19756.440000000002
crypto_avax,2026-08-01,chain,Avalanche,218013.41999999995,36540.0,9868.04
crypto_avax,2026-08-02,chain,Avalanche,237971.54000000007,57680.06999999999,37481.36
crypto_avax,2026-08-03,chain,Avalanche,332883.28,47919.90000000001,20457.05
crypto_avax,2026-08-04,chain,Avalanche,304233.87,82977.82999999999,54329.81
crypto_avax,2026-08-05,chain,Avalanche,291953.42999999993,51241.22999999999,27315.15
crypto_avax,2026-08-06,chain,Avalanche,294661.04000000004,45154.819999999985,21915.010000000002
crypto_avax,2026-08-07,chain,Avalanche,259167.74999999997,35579.93,11359.880000000001
crypto_avax,2026-08-08,chain,Avalanche,209011.57999999996,36138.19,10596.46
crypto_avax,2026-08-09,chain,Avalanche,207526.87999999995,34824.829999999994,9355.310000000001
crypto_avax,2026-08-10,chain,Avalanche,316803.57,42177.2,18082.7
crypto_avax,2026-08-11,chain,Avalanche,266496.91,37468.0,15345.76
crypto_avax,2026-08-12,chain,Avalanche,245590.54999999993,37238.33,17980.03
crypto_avax,2026-08-13,chain,Avalanche,275854.8600000001,42182.579999999994,17657.67
crypto_avax,2026-08-14,chain,Avalanche,259268.83999999997,34351.95,11699.26
crypto_avax,2026-08-15,chain,Avalanche,303365.82,63946.130000000005,34666.07
crypto_avax,2026-08-16,chain,Avalanche,207142.71999999997,29997.599999999995,10519.36
crypto_avax,2026-08-17,chain,Avalanche,319005.6600000001,29856.740000000005,9495.21
crypto_avax,2026-08-18,chain,Avalanche,251267.71999999997,35123.390000000014,11760.29
crypto_avax,2026-08-19,chain,Avalanche,279694.52999999997,57589.630000000005,30159.53
crypto_avax,2026-08-20,chain,Avalanche,367973.35,98526.06000000003,68000.31
crypto_avax,2026-08-21,chain,Avalanche,328684.56000000006,133521.43,102505.22
crypto_bnb,2025-08-25,chain,BSC,1685631.28,492489.86,190666.50999999998
crypto_bnb,2025-08-26,chain,BSC,1491065.26,465382.04,170309.91
crypto_bnb,2025-08-27,chain,BSC,1677887.9300000002,553000.02,183706.6
crypto_bnb,2025-08-28,chain,BSC,1684789.4200000002,534011.3,211086.46000000002
crypto_bnb,2025-08-29,chain,BSC,1582979.0,475642.32999999996,183641.37
crypto_bnb,2025-08-30,chain,BSC,1319645.9700000002,398910.63999999996,141399.94
crypto_bnb,2025-08-31,chain,BSC,1406265.82,430900.66,140405.31
crypto_bnb,2025-09-01,chain,BSC,1702175.16,476329.13,178437.75
crypto_bnb,2025-09-02,chain,BSC,1667960.1400000001,503370.1,194567.6
crypto_bnb,2025-09-03,chain,BSC,1455078.36,446928.44,156543.73
crypto_bnb,2025-09-04,chain,BSC,1568730.72,505517.33999999997,165457.90000000002
crypto_bnb,2025-09-05,chain,BSC,1451173.11,470710.77,157562.28000000003
crypto_bnb,2025-09-06,chain,BSC,1334707.9200000002,399742.82,137735.08000000002
crypto_bnb,2025-09-07,chain,BSC,1585946.7100000002,511987.02,167066.93
crypto_bnb,2025-09-08,chain,BSC,1829583.75,605634.21,186599.63999999998
crypto_bnb,2025-09-09,chain,BSC,1727975.03,535660.28,186796.41
crypto_bnb,2025-09-10,chain,BSC,1695418.8800000001,533956.3400000001,186653.73
crypto_bnb,2025-09-11,chain,BSC,1844874.74,573428.84,194035.72999999998
crypto_bnb,2025-09-12,chain,BSC,1605939.65,514039.16,168059.76
crypto_bnb,2025-09-13,chain,BSC,1557397.1,484701.49,179983.29
crypto_bnb,2025-09-14,chain,BSC,1499304.5,458156.0,157727.15000000002
crypto_bnb,2025-09-15,chain,BSC,1607353.82,492548.45999999996,175582.28
crypto_bnb,2025-09-16,chain,BSC,2791409.88,1054310.3399999999,380328.44
crypto_bnb,2025-09-17,chain,BSC,3278449.13,1200296.06,497001.36999999994
crypto_bnb,2025-09-18,chain,BSC,6194336.5600000005,4332012.26,371697.76
crypto_bnb,2025-09-19,chain,BSC,3325752.33,1542793.6,362358.86
crypto_bnb,2025-09-20,chain,BSC,4649987.58,2024503.3,609347.15
crypto_bnb,2025-09-21,chain,BSC,5237089.59,2346306.0,802192.5499999999
crypto_bnb,2025-09-22,chain,BSC,4809655.57,2130110.33,609911.31
crypto_bnb,2025-09-23,chain,BSC,4144677.56,1651482.4500000002,529081.8200000001
crypto_bnb,2025-09-24,chain,BSC,3805336.54,1535206.32,465926.62
crypto_bnb,2025-09-25,chain,BSC,4347245.52,1607383.64,513988.68
crypto_bnb,2025-09-26,chain,BSC,3515764.52,1360844.25,372042.29000000004
crypto_bnb,2025-09-27,chain,BSC,2941743.6300000004,1186853.49,321377.31
crypto_bnb,2025-09-28,chain,BSC,2370826.7,786630.3400000001,257273.5
crypto_bnb,2025-09-29,chain,BSC,3226024.05,1119212.29,364969.12
crypto_bnb,2025-09-30,chain,BSC,2996382.5,980009.3400000001,291968.5
crypto_bnb,2025-10-01,chain,BSC,4368241.89,1515372.85,697733.8300000001
crypto_bnb,2025-10-02,chain,BSC,5340851.56,2029264.46,725115.19
crypto_bnb,2025-10-03,chain,BSC,7125806.850000001,3711990.58,696817.39
crypto_bnb,2025-10-04,chain,BSC,5162705.57,2797015.0300000003,414375.7
crypto_bnb,2025-10-05,chain,BSC,4894206.26,2700912.7,389376.29
crypto_bnb,2025-10-06,chain,BSC,7152428.3,3713220.5,708832.23
crypto_bnb,2025-10-07,chain,BSC,18206002.869999997,10678262.09,1652566.06
crypto_bnb,2025-10-08,chain,BSC,21747025.91,14371048.44,1607251.05
crypto_bnb,2025-10-09,chain,BSC,20656991.91,13479714.77,1481264.19
crypto_bnb,2025-10-10,chain,BSC,16047565.23,9662840.219999999,1255320.0
crypto_bnb,2025-10-11,chain,BSC,8262366.19,4209366.32,723079.43
crypto_bnb,2025-10-12,chain,BSC,10456774.93,6467289.1899999995,795536.0
crypto_bnb,2025-10-13,chain,BSC,11469222.07,7435048.92,792434.78
crypto_bnb,2025-10-14,chain,BSC,9932088.120000001,6628944.68,1447312.0
crypto_bnb,2025-10-15,chain,BSC,7994626.93,5174493.02,541875.0
crypto_bnb,2025-10-16,chain,BSC,6596940.19,4009460.79,515402.23
crypto_bnb,2025-10-17,chain,BSC,5494696.7,2987454.8,477301.81
crypto_bnb,2025-10-18,chain,BSC,4044939.04,2169832.94,316625.24
crypto_bnb,2025-10-19,chain,BSC,3945434.2499999995,2351754.34,295404.54
crypto_bnb,2025-10-20,chain,BSC,5696059.54,3539274.92,457904.87
crypto_bnb,2025-10-21,chain,BSC,5217402.529999999,2859522.7,384590.61000000004
crypto_bnb,2025-10-22,chain,BSC,5234477.52,2833340.0300000003,334823.74
crypto_bnb,2025-10-23,chain,BSC,6181566.82,3479994.43,429591.56
crypto_bnb,2025-10-24,chain,BSC,4351443.74,2021174.02,341295.19
crypto_bnb,2025-10-25,chain,BSC,4612402.81,2124269.17,503464.63
crypto_bnb,2025-10-26,chain,BSC,3226019.53,1584722.76,262044.79
crypto_bnb,2025-10-27,chain,BSC,4787417.59,2327316.34,491377.41000000003
crypto_bnb,2025-10-28,chain,BSC,3505492.62,1643183.65,302181.5
crypto_bnb,2025-10-29,chain,BSC,3403229.32,1654191.69,283359.36
crypto_bnb,2025-10-30,chain,BSC,3382556.73,1506301.94,311839.85000000003
crypto_bnb,2025-10-31,chain,BSC,2820855.6100000003,1289658.7200000002,254435.36
crypto_bnb,2025-11-01,chain,BSC,2398658.2199999997,1026416.88,227143.05
crypto_bnb,2025-11-02,chain,BSC,2989654.16,1215499.3900000001,289458.58999999997
crypto_bnb,2025-11-03,chain,BSC,3079331.02,1173500.3900000001,308467.4
crypto_bnb,2025-11-04,chain,BSC,3059014.42,1049347.49,391244.66
crypto_bnb,2025-11-05,chain,BSC,2644337.04,861836.0,310674.01
crypto_bnb,2025-11-06,chain,BSC,2896669.71,898206.5,284535.33
crypto_bnb,2025-11-07,chain,BSC,2931334.72,996019.49,398411.18
crypto_bnb,2025-11-08,chain,BSC,8155820.75,2967756.2600000002,1134170.51
crypto_bnb,2025-11-09,chain,BSC,2474221.66,1030353.6799999999,279205.61
crypto_bnb,2025-11-10,chain,BSC,2874776.06,1449984.3599999999,249025.34
crypto_bnb,2025-11-11,chain,BSC,2214330.4000000004,845132.47,232239.98
crypto_bnb,2025-11-12,chain,BSC,2070341.35,802230.75,243923.24
crypto_bnb,2025-11-13,chain,BSC,2496805.5,714893.49,202958.35
crypto_bnb,2025-11-14,chain,BSC,2116203.49,631970.4099999999,220616.71
crypto_bnb,2025-11-15,chain,BSC,2123503.81,694260.86,216086.25999999998
crypto_bnb,2025-11-16,chain,BSC,1789673.8800000001,601944.1799999999,186439.72
crypto_bnb,2025-11-17,chain,BSC,2104284.05,1041145.41,196222.75
crypto_bnb,2025-11-18,chain,BSC,1907344.05,832719.45,196621.44999999998
crypto_bnb,2025-11-19,chain,BSC,1947203.1300000001,877988.9299999999,197372.31
crypto_bnb,2025-11-20,chain,BSC,1710399.06,748978.4199999999,196433.29
crypto_bnb,2025-11-21,chain,BSC,1899758.1300000001,715369.0900000001,251339.36
crypto_bnb,2025-11-22,chain,BSC,1281739.81,525640.94,148956.21
crypto_bnb,2025-11-23,chain,BSC,1151397.6400000001,430579.73000000004,124349.63
crypto_bnb,2025-11-24,chain,BSC,1304746.17,519454.1,157420.89
crypto_bnb,2025-11-25,chain,BSC,1379913.4500000002,638886.8500000001,123336.55
crypto_bnb,2025-11-26,chain,BSC,1799436.35,957352.21,162020.37
crypto_bnb,2025-11-27,chain,BSC,1495023.07,731773.26,143538.77000000002
crypto_bnb,2025-11-28,chain,BSC,1492246.1400000001,663485.94,160526.32
crypto_bnb,2025-11-29,chain,BSC,2453187.18,790509.21,160435.27000000002
crypto_bnb,2025-11-30,chain,BSC,1979024.9000000001,948475.35,154290.88
crypto_bnb,2025-12-01,chain,BSC,1713696.4900000002,840412.26,173359.51
crypto_bnb,2025-12-02,chain,BSC,1734805.79,836895.46,173322.37
crypto_bnb,2025-12-03,chain,BSC,2174523.23,1250777.34,168592.97999999998
crypto_bnb,2025-12-04,chain,BSC,2219202.38,1296093.34,161459.44
crypto_bnb,2025-12-05,chain,BSC,2575856.05,1166661.5899999999,142747.11
crypto_bnb,2025-12-06,chain,BSC,2345793.87,1374858.46,199626.79
crypto_bnb,2025-12-07,chain,BSC,2457465.3899999997,1534016.83,151080.84
crypto_bnb,2025-12-08,chain,BSC,2273999.27,1409983.08,142866.21000000002
crypto_bnb,2025-12-09,chain,BSC,2203335.42,1244792.95,134625.78
crypto_bnb,2025-12-10,chain,BSC,2229107.95,1247115.06,168311.19
crypto_bnb,2025-12-11,chain,BSC,1871955.09,941931.63,137873.64
crypto_bnb,2025-12-12,chain,BSC,1616352.4600000002,787445.59,120217.78000000001
crypto_bnb,2025-12-13,chain,BSC,1374934.69,632035.19,104994.26
crypto_bnb,2025-12-14,chain,BSC,1440146.68,710992.67,109519.12
crypto_bnb,2025-12-15,chain,BSC,1741128.87,884197.01,145581.28
crypto_bnb,2025-12-16,chain,BSC,1607895.52,805736.21,134256.95
crypto_bnb,2025-12-17,chain,BSC,1719045.22,833255.48,147843.61
crypto_bnb,2025-12-18,chain,BSC,1532718.56,703245.7,106273.36
crypto_bnb,2025-12-19,chain,BSC,1395463.94,636960.9199999999,117348.43
crypto_bnb,2025-12-20,chain,BSC,1242940.0,604632.05,106683.68
crypto_bnb,2025-12-21,chain,BSC,1214062.41,527302.11,108123.11
crypto_bnb,2025-12-22,chain,BSC,1405027.5899999999,706605.64,103920.54
crypto_bnb,2025-12-23,chain,BSC,1604749.73,814164.9299999999,105139.5
crypto_bnb,2025-12-24,chain,BSC,1304710.4,678471.61,94739.17
crypto_bnb,2025-12-25,chain,BSC,1321866.49,729022.64,89588.98999999999
crypto_bnb,2025-12-26,chain,BSC,1346191.09,743217.52,89085.22
crypto_bnb,2025-12-27,chain,BSC,1160838.22,666202.37,61106.63
crypto_bnb,2025-12-28,chain,BSC,1317508.2200000002,697515.6699999999,97864.86
crypto_bnb,2025-12-29,chain,BSC,1529362.3699999999,827077.44,107610.26000000001
crypto_bnb,2025-12-30,chain,BSC,1407517.5,812915.96,86914.3
crypto_bnb,2025-12-31,chain,BSC,1406757.4,736735.27,111968.51
crypto_bnb,2026-01-01,chain,BSC,1165722.13,673399.13,84912.0
crypto_bnb,2026-01-02,chain,BSC,1232732.94,696256.9,98896.0
crypto_bnb,2026-01-03,chain,BSC,1218948.94,714968.48,87042.0
crypto_bnb,2026-01-04,chain,BSC,1523817.81,880512.03,118275.0
crypto_bnb,2026-01-05,chain,BSC,2597245.2,1824405.5,123081.0
crypto_bnb,2026-01-06,chain,BSC,1564314.94,788874.94,131461.0
crypto_bnb,2026-01-07,chain,BSC,1515084.5,860251.51,134650.0
crypto_bnb,2026-01-08,chain,BSC,2580218.07,1398572.49,124297.0
crypto_bnb,2026-01-09,chain,BSC,2128630.54,1261965.9,115777.0
crypto_bnb,2026-01-10,chain,BSC,3411156.58,2536270.37,146269.0
crypto_bnb,2026-01-11,chain,BSC,3719890.77,2600834.5700000003,149785.0
crypto_bnb,2026-01-12,chain,BSC,2871251.51,1908255.6,145842.0
crypto_bnb,2026-01-13,chain,BSC,2746467.56,1672262.46,162723.0
crypto_bnb,2026-01-14,chain,BSC,3507229.06,2388568.95,181800.0
crypto_bnb,2026-01-15,chain,BSC,2847272.29,1903554.28,172531.0
crypto_bnb,2026-01-16,chain,BSC,2251415.57,1570428.68,87784.0
crypto_bnb,2026-01-17,chain,BSC,2021878.9200000002,1311265.67,118341.0
crypto_bnb,2026-01-18,chain,BSC,2378518.8699999996,1647312.48,133136.0
crypto_bnb,2026-01-19,chain,BSC,2597823.0100000002,1692384.99,127006.0
crypto_bnb,2026-01-20,chain,BSC,2492219.96,1542027.93,2001888.0
crypto_bnb,2026-01-21,chain,BSC,3726336.44,2376552.25,2181140.0
crypto_bnb,2026-01-22,chain,BSC,3512570.57,2453696.42,2109652.0
crypto_bnb,2026-01-23,chain,BSC,3090205.58,2035073.11,2177174.0
crypto_bnb,2026-01-24,chain,BSC,2312616.05,1459454.46,118048.0
crypto_bnb,2026-01-25,chain,BSC,1508081.52,856313.6,106211.0
crypto_bnb,2026-01-26,chain,BSC,1778388.98,1037057.15,103262.0
crypto_bnb,2026-01-27,chain,BSC,2145205.73,1141748.45,110180.0
crypto_bnb,2026-01-28,chain,BSC,1943088.9700000002,1136699.9000000001,157741.0
crypto_bnb,2026-01-29,chain,BSC,1822036.42,1090292.3499999999,132250.0
crypto_bnb,2026-01-30,chain,BSC,1665001.82,963117.8200000001,135970.0
crypto_bnb,2026-01-31,chain,BSC,1655722.78,800567.78,150266.0
crypto_bnb,2026-02-01,chain,BSC,1223259.1600000001,598791.85,2034650.0
crypto_bnb,2026-02-02,chain,BSC,1471871.95,728758.86,2271829.0
crypto_bnb,2026-02-03,chain,BSC,1474178.52,759579.47,116973.0
crypto_bnb,2026-02-04,chain,BSC,1445215.65,707865.22,136631.0
crypto_bnb,2026-02-05,chain,BSC,1941564.65,855176.65,201339.0
crypto_bnb,2026-02-06,chain,BSC,1468995.85,960946.85,161882.0
crypto_bnb,2026-02-07,chain,BSC,1442612.43,616636.4299999999,208116.0
crypto_bnb,2026-02-08,chain,BSC,909419.03,387531.03,104053.0
crypto_bnb,2026-02-09,chain,BSC,1141541.04,626268.04,91659.0
crypto_bnb,2026-02-10,chain,BSC,1374043.17,717255.1699999999,91083.0
crypto_bnb,2026-02-11,chain,BSC,1265124.16,691807.11,102269.0
crypto_bnb,2026-02-12,chain,BSC,1039994.8200000001,544548.81,90876.0
crypto_bnb,2026-02-13,chain,BSC,1042415.95,561608.95,88305.0
crypto_bnb,2026-02-14,chain,BSC,956407.2,495697.2,78931.0
crypto_bnb,2026-02-15,chain,BSC,1000139.98,502392.98,82981.0
crypto_bnb,2026-02-16,chain,BSC,1160315.87,665309.81,82770.0
crypto_bnb,2026-02-17,chain,BSC,837233.52,418570.51,62831.0
crypto_bnb,2026-02-18,chain,BSC,849035.41,467617.06,58562.93
crypto_bnb,2026-02-19,chain,BSC,811389.49,430204.45999999996,62853.0
crypto_bnb,2026-02-20,chain,BSC,1022319.24,490140.24,123838.0
crypto_bnb,2026-02-21,chain,BSC,882662.15,548634.51,61908.0
crypto_bnb,2026-02-22,chain,BSC,655945.86,348983.5,41667.0
crypto_bnb,2026-02-23,chain,BSC,879810.63,433981.63,78129.0
crypto_bnb,2026-02-24,chain,BSC,1000359.64,557479.54,80757.0
crypto_bnb,2026-02-25,chain,BSC,1011384.03,502819.03,91232.0
crypto_bnb,2026-02-26,chain,BSC,1157871.58,510376.82,98723.0
crypto_bnb,2026-02-27,chain,BSC,1174918.53,618879.11,102520.0
crypto_bnb,2026-02-28,chain,BSC,1330902.78,785336.64,103821.0
crypto_bnb,2026-03-01,chain,BSC,1067246.78,517660.75,83686.0
crypto_bnb,2026-03-02,chain,BSC,1304496.8,713808.9400000001,98399.0
crypto_bnb,2026-03-03,chain,BSC,1232594.11,662814.8900000001,87654.0
crypto_bnb,2026-03-04,chain,BSC,1346143.96,707276.39,102472.0
crypto_bnb,2026-03-05,chain,BSC,1000515.16,497054.36000000004,85969.0
crypto_bnb,2026-03-06,chain,BSC,891580.8600000001,473333.45,72410.0
crypto_bnb,2026-03-07,chain,BSC,780074.89,394813.62000000005,57501.0
crypto_bnb,2026-03-08,chain,BSC,787436.99,404696.99,66006.0
crypto_bnb,2026-03-09,chain,BSC,1043752.54,573504.35,84190.0
crypto_bnb,2026-03-10,chain,BSC,1664645.85,896838.23,117083.0
crypto_bnb,2026-03-11,chain,BSC,1751833.24,997162.23,99977.0
crypto_bnb,2026-03-12,chain,BSC,1470123.6600000001,867309.42,81345.0
crypto_bnb,2026-03-13,chain,BSC,1457879.68,848074.4600000001,87583.0
crypto_bnb,2026-03-14,chain,BSC,1055426.81,621525.06,62862.08
crypto_bnb,2026-03-15,chain,BSC,1530539.45,921393.6900000001,275787.79000000004
crypto_bnb,2026-03-16,chain,BSC,1443753.74,837816.63,164894.0
crypto_bnb,2026-03-17,chain,BSC,1569946.5099999998,908681.2400000001,103864.0
crypto_bnb,2026-03-18,chain,BSC,1238271.49,730248.1499999999,86352.0
crypto_bnb,2026-03-19,chain,BSC,1188769.72,716059.9400000001,84961.0
crypto_bnb,2026-03-20,chain,BSC,1128132.9100000001,633680.99,69257.0
crypto_bnb,2026-03-21,chain,BSC,890721.55,504570.82999999996,52888.78
crypto_bnb,2026-03-22,chain,BSC,1511048.3699999999,653593.78,185742.34
crypto_bnb,2026-03-23,chain,BSC,1340922.26,670521.99,117449.0
crypto_bnb,2026-03-24,chain,BSC,1231011.27,613590.19,114667.0
crypto_bnb,2026-03-25,chain,BSC,1183852.83,586526.0800000001,114930.0
crypto_bnb,2026-03-26,chain,BSC,1051925.7,568800.7999999999,84642.0
crypto_bnb,2026-03-27,chain,BSC,1010454.58,471775.23,98222.0
crypto_bnb,2026-03-28,chain,BSC,974802.79,416308.7,104051.39
crypto_bnb,2026-03-29,chain,BSC,954997.9500000001,519222.43000000005,72730.0
crypto_bnb,2026-03-30,chain,BSC,986130.8,577220.89,75504.0
crypto_bnb,2026-03-31,chain,BSC,1247761.8500000003,610090.26,125153.0
crypto_bnb,2026-04-01,chain,BSC,1190811.83,575865.09,97876.0
crypto_bnb,2026-04-02,chain,BSC,942895.8400000001,460340.13,82304.0
crypto_bnb,2026-04-03,chain,BSC,830827.5,451991.25000000006,64538.0
crypto_bnb,2026-04-04,chain,BSC,1107465.3499999999,391469.64,154446.0
crypto_bnb,2026-04-05,chain,BSC,723220.9900000001,277958.96,90920.0
crypto_bnb,2026-04-06,chain,BSC,886205.3,406658.33,96042.0
crypto_bnb,2026-04-07,chain,BSC,1021407.3,549318.86,76826.0
crypto_bnb,2026-04-08,chain,BSC,1062186.32,560925.5899999999,83980.0
crypto_bnb,2026-04-09,chain,BSC,1232776.8800000001,667587.8200000001,76627.0
crypto_bnb,2026-04-10,chain,BSC,970929.45,523614.35,66210.0
crypto_bnb,2026-04-11,chain,BSC,941433.36,461627.43,83718.0
crypto_bnb,2026-04-12,chain,BSC,915698.63,447382.94,75130.0
crypto_bnb,2026-04-13,chain,BSC,1734932.2800000003,809860.8200000001,123650.98999999999
crypto_bnb,2026-04-14,chain,BSC,1462363.02,774443.87,103383.0
crypto_bnb,2026-04-15,chain,BSC,1391056.16,792403.8400000001,89370.83
crypto_bnb,2026-04-16,chain,BSC,1416591.99,656865.68,148735.0
crypto_bnb,2026-04-17,chain,BSC,1444692.5999999999,613372.8499999999,180733.0
crypto_bnb,2026-04-18,chain,BSC,1145622.65,502472.75000000006,107767.0
crypto_bnb,2026-04-19,chain,BSC,906051.96,394497.48000000004,80312.84
crypto_bnb,2026-04-20,chain,BSC,915309.18,373319.35000000003,95953.0
crypto_bnb,2026-04-21,chain,BSC,882107.3900000001,357408.07,76006.0
crypto_bnb,2026-04-22,chain,BSC,995590.14,432721.39,74317.0
crypto_bnb,2026-04-23,chain,BSC,1011237.12,441478.27,72626.0
crypto_bnb,2026-04-24,chain,BSC,819603.7600000001,359020.4,64864.0
crypto_bnb,2026-04-25,chain,BSC,671745.2,270405.37,56597.0
crypto_bnb,2026-04-26,chain,BSC,657353.2900000002,257196.05000000002,45992.0
crypto_bnb,2026-04-27,chain,BSC,777651.93,310761.02,62062.0
crypto_bnb,2026-04-28,chain,BSC,754274.3200000001,304821.3,59222.0
crypto_bnb,2026-04-29,chain,BSC,858881.2700000001,362232.32,73866.0
crypto_bnb,2026-04-30,chain,BSC,743888.24,295111.94,63026.75
crypto_bnb,2026-05-01,chain,BSC,739287.9500000001,304487.43,63655.0
crypto_bnb,2026-05-02,chain,BSC,880943.15,328897.83,73022.0
crypto_bnb,2026-05-03,chain,BSC,1041994.81,458679.04,92037.0
crypto_bnb,2026-05-04,chain,BSC,1203462.4800000002,520725.31,128058.0
crypto_bnb,2026-05-05,chain,BSC,1053708.61,461288.5,93417.0
crypto_bnb,2026-05-06,chain,BSC,1712026.9300000002,836467.9400000001,94677.0
crypto_bnb,2026-05-07,chain,BSC,1158387.84,547119.92,96801.0
crypto_bnb,2026-05-08,chain,BSC,1033811.3500000001,472519.65,70679.0
crypto_bnb,2026-05-09,chain,BSC,812725.53,328236.6400000001,66252.0
crypto_bnb,2026-05-10,chain,BSC,820095.39,320157.26000000007,69699.0
crypto_bnb,2026-05-11,chain,BSC,918748.91,412435.30000000005,75575.0
crypto_bnb,2026-05-12,chain,BSC,792519.26,298943.95000000007,66298.0
crypto_bnb,2026-05-13,chain,BSC,1048018.6200000001,423044.57,71397.0
crypto_bnb,2026-05-14,chain,BSC,1383813.37,640480.9900000001,93526.0
crypto_bnb,2026-05-15,chain,BSC,1082412.66,525660.44,64611.14
crypto_bnb,2026-05-16,chain,BSC,843947.18,405985.33999999997,57981.0
crypto_bnb,2026-05-17,chain,BSC,774581.0000000001,340215.76999999996,49072.0
crypto_bnb,2026-05-18,chain,BSC,879449.01,368520.43,60160.0
crypto_bnb,2026-05-19,chain,BSC,826791.59,370135.56,52363.0
crypto_bnb,2026-05-20,chain,BSC,921637.9700000001,438637.75,63164.0
crypto_bnb,2026-05-21,chain,BSC,989781.68,513870.94,61894.0
crypto_bnb,2026-05-22,chain,BSC,1075984.6900000002,526095.1200000001,72900.0
crypto_bnb,2026-05-23,chain,BSC,824867.5200000001,327397.34,60314.0
crypto_bnb,2026-05-24,chain,BSC,802981.0600000002,387255.38,51963.0
crypto_bnb,2026-05-25,chain,BSC,977187.7300000001,440808.17,70643.0
crypto_bnb,2026-05-26,chain,BSC,867892.3000000002,380439.76,67838.0
crypto_bnb,2026-05-27,chain,BSC,863724.7100000001,357737.38,62752.0
crypto_bnb,2026-05-28,chain,BSC,859651.0000000001,401652.81000000006,61312.0
crypto_bnb,2026-05-29,chain,BSC,844392.0499999999,396194.51,63548.0
crypto_bnb,2026-05-30,chain,BSC,1047620.0499999999,491774.39999999997,93276.0
crypto_bnb,2026-05-31,chain,BSC,1243124.0,602164.53,81910.0
crypto_bnb,2026-06-01,chain,BSC,1434075.1500000001,736069.47,104856.0
crypto_bnb,2026-06-02,chain,BSC,1510556.37,698822.09,170803.0
crypto_bnb,2026-06-03,chain,BSC,1046794.97,475414.58,115375.0
crypto_bnb,2026-06-04,chain,BSC,1129605.6800000002,470912.57,136828.0
crypto_bnb,2026-06-05,chain,BSC,1243907.2300000002,580764.25,165632.0
crypto_bnb,2026-06-06,chain,BSC,914852.2100000001,384389.2,117467.0
crypto_bnb,2026-06-07,chain,BSC,1079015.1800000002,445335.81000000006,121622.0
crypto_bnb,2026-06-08,chain,BSC,1070835.46,499707.67,95736.0
crypto_bnb,2026-06-09,chain,BSC,1554121.03,652927.88,175147.0
crypto_bnb,2026-06-10,chain,BSC,849428.31,385729.31000000006,77312.0
crypto_bnb,2026-06-11,chain,BSC,1079627.79,495262.29000000004,99305.0
crypto_bnb,2026-06-12,chain,BSC,1037251.74,451329.86,78048.0
crypto_bnb,2026-06-13,chain,BSC,1051965.18,354516.95,116956.0
crypto_bnb,2026-06-14,chain,BSC,1005080.9700000001,335427.18999999994,82621.0
crypto_bnb,2026-06-15,chain,BSC,949854.5800000001,392711.88,79862.0
crypto_bnb,2026-06-16,chain,BSC,946497.2200000001,393723.35,78109.0
crypto_bnb,2026-06-17,chain,BSC,1119485.1500000001,518977.98,93620.0
crypto_bnb,2026-06-18,chain,BSC,897117.9700000001,376673.28,71968.0
crypto_bnb,2026-06-19,chain,BSC,660474.6200000001,248238.03000000003,60287.0
crypto_bnb,2026-06-20,chain,BSC,700710.2500000001,257480.32000000004,55346.0
crypto_bnb,2026-06-21,chain,BSC,721065.8900000001,256444.40000000002,70001.0
crypto_bnb,2026-06-22,chain,BSC,913935.7100000001,364582.19,61078.0
crypto_bnb,2026-06-23,chain,BSC,878330.8200000002,309069.56000000006,65771.0
crypto_bnb,2026-06-24,chain,BSC,940319.4,401727.43000000005,103431.4
crypto_bnb,2026-06-25,chain,BSC,922471.7400000001,359969.82,81557.49
crypto_bnb,2026-06-26,chain,BSC,896716.56,349100.14,83420.0
crypto_bnb,2026-06-27,chain,BSC,741179.27,291294.13,67960.0
crypto_bnb,2026-06-28,chain,BSC,777390.01,321751.8,68311.0
crypto_bnb,2026-06-29,chain,BSC,859655.8200000001,362206.14999999997,55520.990000000005
crypto_bnb,2026-06-30,chain,BSC,929355.52,374378.1,84774.1
crypto_bnb,2026-07-01,chain,BSC,946421.03,401633.91,60125.0
crypto_bnb,2026-07-02,chain,BSC,906912.93,375805.53,70163.0
crypto_bnb,2026-07-03,chain,BSC,871633.9400000001,346317.65,58390.0
crypto_bnb,2026-07-04,chain,BSC,1024757.6200000001,438664.67000000004,46688.0
crypto_bnb,2026-07-05,chain,BSC,2280915.95,1281964.54,83580.0
crypto_bnb,2026-07-06,chain,BSC,1849945.1400000001,1038816.52,51121.0
crypto_bnb,2026-07-07,chain,BSC,1631676.07,833494.96,80739.73
crypto_bnb,2026-07-08,chain,BSC,1097904.4700000002,514590.02,80779.0
crypto_bnb,2026-07-09,chain,BSC,967173.2700000001,369592.77,55730.0
crypto_bnb,2026-07-10,chain,BSC,972200.8500000001,359821.0200000001,47139.0
crypto_bnb,2026-07-11,chain,BSC,906247.5300000001,299821.02999999997,61890.020000000004
crypto_bnb,2026-07-12,chain,BSC,1065980.1700000002,431586.59,69783.0
crypto_bnb,2026-07-13,chain,BSC,748999.46,274468.02,83886.0
crypto_bnb,2026-07-14,chain,BSC,1088814.62,447822.51999999996,69215.0
crypto_bnb,2026-07-15,chain,BSC,960046.0000000001,348398.37,59575.0
crypto_bnb,2026-07-16,chain,BSC,733349.9900000001,267045.58999999997,59605.0
crypto_bnb,2026-07-17,chain,BSC,810171.62,324076.49,59473.0
crypto_bnb,2026-07-18,chain,BSC,813391.4900000001,322717.34,38678.0
crypto_bnb,2026-07-19,chain,BSC,1121126.75,482556.35000000003,53222.0
crypto_bnb,2026-07-20,chain,BSC,824373.3800000001,395367.97000000003,55269.0
crypto_bnb,2026-07-21,chain,BSC,817193.7100000001,376392.22000000003,44708.03
crypto_bnb,2026-07-22,chain,BSC,721850.8099999999,321952.97000000003,57770.0
crypto_bnb,2026-07-23,chain,BSC,748473.16,308790.04,54378.15
crypto_bnb,2026-07-24,chain,BSC,741634.9800000001,272768.6400000001,38869.03
crypto_bnb,2026-07-25,chain,BSC,643476.9399999998,294434.87,49591.560000000005
crypto_bnb,2026-07-26,chain,BSC,654950.3499999997,294040.96,30845.66
crypto_bnb,2026-07-27,chain,BSC,859864.3000000003,412256.99000000005,60940.78
crypto_bnb,2026-07-28,chain,BSC,944120.1399999998,462917.03999999986,54649.049999999996
crypto_bnb,2026-07-29,chain,BSC,850239.9199999999,376964.60000000003,50627.14000000001
crypto_bnb,2026-07-30,chain,BSC,1846221.1400000004,1069624.36,120964.25
crypto_bnb,2026-07-31,chain,BSC,2077325.9800000007,1206139.9200000006,115879.79000000001
crypto_bnb,2026-08-01,chain,BSC,2271658.3700000006,1477572.8399999996,139287.99000000002
crypto_bnb,2026-08-02,chain,BSC,2826292.240000001,1478887.93,319840.48
crypto_bnb,2026-08-03,chain,BSC,2187157.2300000004,1282218.1999999993,147250.13
crypto_bnb,2026-08-04,chain,BSC,1983620.3600000003,1159124.95,131637.99000000002
crypto_bnb,2026-08-05,chain,BSC,2004284.67,1136002.5999999999,158975.27
crypto_bnb,2026-08-06,chain,BSC,1550464.4300000002,810130.09,121539.82999999999
crypto_bnb,2026-08-07,chain,BSC,1524110.1300000008,808396.88,119344.72999999998
crypto_bnb,2026-08-08,chain,BSC,1465315.5499999998,805599.9700000002,117253.99999999999
crypto_bnb,2026-08-09,chain,BSC,1614415.55,786988.3600000005,177174.92000000004
crypto_bnb,2026-08-10,chain,BSC,2291418.49,1160968.3600000006,238874.17
crypto_bnb,2026-08-11,chain,BSC,1517320.7599999998,797553.28,107247.11
crypto_bnb,2026-08-12,chain,BSC,1535230.7000000002,782640.3900000004,109753.22
crypto_bnb,2026-08-13,chain,BSC,1681901.3900000001,935147.7299999999,125271.72
crypto_bnb,2026-08-14,chain,BSC,1436687.0200000005,755505.2300000001,116662.97
crypto_bnb,2026-08-15,chain,BSC,1928518.03,1161376.9300000002,144182.08999999994
crypto_bnb,2026-08-16,chain,BSC,2673915.07,1557787.5300000005,216245.77
crypto_bnb,2026-08-17,chain,BSC,2310141.9000000004,1408871.9000000001,151202.2
crypto_bnb,2026-08-18,chain,BSC,2487171.9299999992,1557879.49,174323.01999999996
crypto_bnb,2026-08-19,chain,BSC,2234365.2999999993,1339405.9200000002,135361.13999999996
crypto_bnb,2026-08-20,chain,BSC,3021431.21,1783815.65,207230.12999999998
crypto_bnb,2026-08-21,chain,BSC,2871596.9999999995,1387461.9899999998,180060.79000000004
crypto_btc,2025-08-25,chain,Bitcoin,11491.0,3841.0,407.0
crypto_btc,2025-08-26,chain,Bitcoin,34871.0,10484.0,1319.0
crypto_btc,2025-08-27,chain,Bitcoin,13768.0,6445.0,385.0
crypto_btc,2025-08-28,chain,Bitcoin,27166.0,5508.0,1174.0
crypto_btc,2025-08-29,chain,Bitcoin,24345.0,13413.0,585.0
crypto_btc,2025-08-30,chain,Bitcoin,8646.0,5219.0,179.0
crypto_btc,2025-08-31,chain,Bitcoin,11593.0,4367.0,382.0
crypto_btc,2025-09-01,chain,Bitcoin,13260.0,5026.0,388.0
crypto_btc,2025-09-02,chain,Bitcoin,18262.0,10586.0,404.0
crypto_btc,2025-09-03,chain,Bitcoin,17308.0,8836.0,443.0
crypto_btc,2025-09-04,chain,Bitcoin,12281.0,6910.0,274.0
crypto_btc,2025-09-05,chain,Bitcoin,37954.0,8827.0,1582.0
crypto_btc,2025-09-06,chain,Bitcoin,8938.0,4853.0,217.0
crypto_btc,2025-09-07,chain,Bitcoin,11016.0,4052.0,377.0
crypto_btc,2025-09-08,chain,Bitcoin,22292.0,6452.0,863.0
crypto_btc,2025-09-09,chain,Bitcoin,17680.0,4528.0,702.0
crypto_btc,2025-09-10,chain,Bitcoin,31283.0,10650.0,1126.0
crypto_btc,2025-09-11,chain,Bitcoin,56112.0,11339.0,2455.0
crypto_btc,2025-09-12,chain,Bitcoin,19976.0,7528.0,652.0
crypto_btc,2025-09-13,chain,Bitcoin,21846.0,4783.0,924.0
crypto_btc,2025-09-14,chain,Bitcoin,22866.0,4807.0,989.0
crypto_btc,2025-09-15,chain,Bitcoin,20968.0,10320.0,572.0
crypto_btc,2025-09-16,chain,Bitcoin,53754.0,13323.0,2224.0
crypto_btc,2025-09-17,chain,Bitcoin,12998.0,6559.0,346.0
crypto_btc,2025-09-18,chain,Bitcoin,24796.0,11677.0,456.0
crypto_btc,2025-09-19,chain,Bitcoin,19507.0,9047.0,549.0
crypto_btc,2025-09-20,chain,Bitcoin,12673.0,8787.0,194.0
crypto_btc,2025-09-21,chain,Bitcoin,15308.0,4675.0,572.0
crypto_btc,2025-09-22,chain,Bitcoin,15418.0,4216.0,591.0
crypto_btc,2025-09-23,chain,Bitcoin,9493.0,3785.0,298.0
crypto_btc,2025-09-24,chain,Bitcoin,6799.0,2975.0,190.0
crypto_btc,2025-09-25,chain,Bitcoin,9010.0,5201.0,188.0
crypto_btc,2025-09-26,chain,Bitcoin,10977.0,4985.0,308.0
crypto_btc,2025-09-27,chain,Bitcoin,4540.0,2958.0,60.0
crypto_btc,2025-09-28,chain,Bitcoin,6651.0,3031.0,177.0
crypto_btc,2025-09-29,chain,Bitcoin,12292.0,7794.0,97.0
crypto_btc,2025-09-30,chain,Bitcoin,18256.0,9143.0,474.0
crypto_btc,2025-10-01,chain,Bitcoin,50778.0,10559.0,2210.0
crypto_btc,2025-10-02,chain,Bitcoin,154743.0,22027.0,7338.0
crypto_btc,2025-10-03,chain,Bitcoin,29408.0,9646.0,1083.0
crypto_btc,2025-10-04,chain,Bitcoin,16455.0,6773.0,529.0
crypto_btc,2025-10-05,chain,Bitcoin,12984.0,6397.0,357.0
crypto_btc,2025-10-06,chain,Bitcoin,16317.0,3053.0,725.0
crypto_btc,2025-10-07,chain,Bitcoin,19824.0,11506.0,454.0
crypto_btc,2025-10-08,chain,Bitcoin,15316.0,9328.0,318.0
crypto_btc,2025-10-09,chain,Bitcoin,16532.0,7482.0,475.0
crypto_btc,2025-10-10,chain,Bitcoin,27184.0,5541.0,1135.0
crypto_btc,2025-10-11,chain,Bitcoin,31935.0,7009.0,1347.0
crypto_btc,2025-10-12,chain,Bitcoin,19913.0,5098.0,797.0
crypto_btc,2025-10-13,chain,Bitcoin,23362.0,7818.0,797.0
crypto_btc,2025-10-14,chain,Bitcoin,18273.0,6706.0,589.0
crypto_btc,2025-10-15,chain,Bitcoin,9334.0,3262.0,277.0
crypto_btc,2025-10-16,chain,Bitcoin,12584.0,4145.0,419.0
crypto_btc,2025-10-17,chain,Bitcoin,20003.0,3443.0,882.0
crypto_btc,2025-10-18,chain,Bitcoin,28579.0,10038.0,996.0
crypto_btc,2025-10-19,chain,Bitcoin,20037.0,4303.0,853.0
crypto_btc,2025-10-20,chain,Bitcoin,15314.0,8022.0,378.0
crypto_btc,2025-10-21,chain,Bitcoin,16028.0,8119.0,412.0
crypto_btc,2025-10-22,chain,Bitcoin,32216.0,11823.0,1106.0
crypto_btc,2025-10-23,chain,Bitcoin,99524.0,14078.0,4717.0
crypto_btc,2025-10-24,chain,Bitcoin,23278.0,7431.0,855.0
crypto_btc,2025-10-25,chain,Bitcoin,24132.0,6095.0,977.0
crypto_btc,2025-10-26,chain,Bitcoin,27302.0,2848.0,1336.0
crypto_btc,2025-10-27,chain,Bitcoin,22719.0,7724.0,808.0
crypto_btc,2025-10-28,chain,Bitcoin,10067.0,4739.0,273.0
crypto_btc,2025-10-29,chain,Bitcoin,22417.0,7518.0,801.0
crypto_btc,2025-10-30,chain,Bitcoin,14988.0,3945.0,591.0
crypto_btc,2025-10-31,chain,Bitcoin,12818.0,1371.0,611.0
crypto_btc,2025-11-01,chain,Bitcoin,11634.0,1168.0,566.0
crypto_btc,2025-11-02,chain,Bitcoin,5582.0,604.0,266.0
crypto_btc,2025-11-03,chain,Bitcoin,15218.0,1816.0,714.0
crypto_btc,2025-11-04,chain,Bitcoin,13706.0,2465.0,638.0
crypto_btc,2025-11-05,chain,Bitcoin,19866.0,2987.0,974.0
crypto_btc,2025-11-06,chain,Bitcoin,11932.0,1783.0,574.0
crypto_btc,2025-11-07,chain,Bitcoin,12018.0,1908.0,577.0
crypto_btc,2025-11-08,chain,Bitcoin,7733.0,1154.0,370.0
crypto_btc,2025-11-09,chain,Bitcoin,7328.0,1168.0,352.0
crypto_btc,2025-11-10,chain,Bitcoin,5311.0,852.0,251.0
crypto_btc,2025-11-11,chain,Bitcoin,6295.0,1085.0,290.0
crypto_btc,2025-11-12,chain,Bitcoin,3983.0,1067.0,156.0
crypto_btc,2025-11-13,chain,Bitcoin,5001.0,932.0,216.0
crypto_btc,2025-11-14,chain,Bitcoin,7851.0,1845.0,331.0
crypto_btc,2025-11-15,chain,Bitcoin,1766.0,718.0,55.0
crypto_btc,2025-11-16,chain,Bitcoin,2908.0,612.0,128.0
crypto_btc,2025-11-17,chain,Bitcoin,9645.0,1809.0,433.0
crypto_btc,2025-11-18,chain,Bitcoin,13210.0,2668.0,594.0
crypto_btc,2025-11-19,chain,Bitcoin,8458.0,1934.0,367.0
crypto_btc,2025-11-20,chain,Bitcoin,21766.0,3436.0,1061.0
crypto_btc,2025-11-21,chain,Bitcoin,23216.0,4169.0,1097.0
crypto_btc,2025-11-22,chain,Bitcoin,17477.0,2978.0,835.0
crypto_btc,2025-11-23,chain,Bitcoin,3273.0,807.0,136.0
crypto_btc,2025-11-24,chain,Bitcoin,23140.0,4220.0,1089.0
crypto_btc,2025-11-25,chain,Bitcoin,11325.0,1945.0,534.0
crypto_btc,2025-11-26,chain,Bitcoin,26140.0,3947.0,1278.0
crypto_btc,2025-11-27,chain,Bitcoin,31547.0,4828.0,1542.0
crypto_btc,2025-11-28,chain,Bitcoin,12384.0,2232.0,578.0
crypto_btc,2025-11-29,chain,Bitcoin,27904.0,4308.0,1365.0
crypto_btc,2025-11-30,chain,Bitcoin,35810.0,5738.0,1749.0
crypto_btc,2025-12-01,chain,Bitcoin,43817.0,6838.0,2133.0
crypto_btc,2025-12-02,chain,Bitcoin,49939.0,7441.0,2455.0
crypto_btc,2025-12-03,chain,Bitcoin,30717.0,4726.0,1495.0
crypto_btc,2025-12-04,chain,Bitcoin,4156.0,641.0,195.0
crypto_btc,2025-12-05,chain,Bitcoin,13427.0,2217.0,639.0
crypto_btc,2025-12-06,chain,Bitcoin,38616.0,5729.0,1905.0
crypto_btc,2025-12-07,chain,Bitcoin,2555.0,455.0,119.0
crypto_btc,2025-12-08,chain,Bitcoin,2952.0,425.0,141.0
crypto_btc,2025-12-09,chain,Bitcoin,34649.0,5214.0,1700.0
crypto_btc,2025-12-10,chain,Bitcoin,17281.0,2657.0,844.0
crypto_btc,2025-12-11,chain,Bitcoin,6046.0,1873.0,240.0
crypto_btc,2025-12-12,chain,Bitcoin,4649.0,928.0,212.0
crypto_btc,2025-12-13,chain,Bitcoin,94548.0,14453.0,4664.0
crypto_btc,2025-12-14,chain,Bitcoin,59272.0,9004.0,2915.0
crypto_btc,2025-12-15,chain,Bitcoin,4511.0,881.0,204.0
crypto_btc,2025-12-16,chain,Bitcoin,11475.0,2516.0,499.0
crypto_btc,2025-12-17,chain,Bitcoin,9259.0,1385.0,450.0
crypto_btc,2025-12-18,chain,Bitcoin,6711.0,1002.0,328.0
crypto_btc,2025-12-19,chain,Bitcoin,5004.0,762.0,239.0
crypto_btc,2025-12-20,chain,Bitcoin,9978.0,1540.0,481.0
crypto_btc,2025-12-21,chain,Bitcoin,1677.0,281.0,77.0
crypto_btc,2025-12-22,chain,Bitcoin,6310.0,971.0,303.0
crypto_btc,2025-12-23,chain,Bitcoin,5769.0,1149.0,257.0
crypto_btc,2025-12-24,chain,Bitcoin,4163.0,645.0,201.0
crypto_btc,2025-12-25,chain,Bitcoin,6348.0,974.0,308.0
crypto_btc,2025-12-26,chain,Bitcoin,2631.0,398.0,128.0
crypto_btc,2025-12-27,chain,Bitcoin,7258.0,1089.0,352.0
crypto_btc,2025-12-28,chain,Bitcoin,2131.0,325.0,103.0
crypto_btc,2025-12-29,chain,Bitcoin,8883.0,1374.0,431.0
crypto_btc,2025-12-30,chain,Bitcoin,5759.0,858.0,280.0
crypto_btc,2025-12-31,chain,Bitcoin,11697.0,2022.0,554.0
crypto_btc,2026-01-01,chain,Bitcoin,3294.0,503.0,158.0
crypto_btc,2026-01-02,chain,Bitcoin,6372.0,1166.0,288.0
crypto_btc,2026-01-03,chain,Bitcoin,3272.0,547.0,146.0
crypto_btc,2026-01-04,chain,Bitcoin,4217.0,626.0,198.0
crypto_btc,2026-01-05,chain,Bitcoin,2605.0,425.0,121.0
crypto_btc,2026-01-06,chain,Bitcoin,9462.0,1469.0,454.0
crypto_btc,2026-01-07,chain,Bitcoin,3399.0,903.0,124.0
crypto_btc,2026-01-08,chain,Bitcoin,3375.0,623.0,148.0
crypto_btc,2026-01-09,chain,Bitcoin,3570.0,548.0,163.0
crypto_btc,2026-01-10,chain,Bitcoin,2640.0,429.0,115.0
crypto_btc,2026-01-11,chain,Bitcoin,3642.0,686.0,157.0
crypto_btc,2026-01-12,chain,Bitcoin,11400.0,1890.0,536.0
crypto_btc,2026-01-13,chain,Bitcoin,68670.0,10363.0,3357.0
crypto_btc,2026-01-14,chain,Bitcoin,22633.0,3412.0,1080.0
crypto_btc,2026-01-15,chain,Bitcoin,52616.0,8084.0,2567.0
crypto_btc,2026-01-16,chain,Bitcoin,54319.0,8387.0,2648.0
crypto_btc,2026-01-17,chain,Bitcoin,6558.0,1450.0,268.0
crypto_btc,2026-01-18,chain,Bitcoin,2565.0,368.0,113.0
crypto_btc,2026-01-19,chain,Bitcoin,5728.0,1438.0,224.0
crypto_btc,2026-01-20,chain,Bitcoin,5763.0,2129.0,167.0
crypto_btc,2026-01-21,chain,Bitcoin,15723.0,3380.0,678.0
crypto_btc,2026-01-22,chain,Bitcoin,21704.0,3715.0,1026.0
crypto_btc,2026-01-23,chain,Bitcoin,8434.0,1518.0,380.0
crypto_btc,2026-01-24,chain,Bitcoin,3163.0,487.0,145.0
crypto_btc,2026-01-25,chain,Bitcoin,16334.0,2445.0,793.0
crypto_btc,2026-01-26,chain,Bitcoin,14134.0,2195.0,677.0
crypto_btc,2026-01-27,chain,Bitcoin,5657.0,1098.0,246.0
crypto_btc,2026-01-28,chain,Bitcoin,8598.0,1372.0,399.0
crypto_btc,2026-01-29,chain,Bitcoin,14956.0,3169.0,644.0
crypto_btc,2026-01-30,chain,Bitcoin,10976.0,2106.0,492.0
crypto_btc,2026-01-31,chain,Bitcoin,24533.0,3666.0,1189.0
crypto_btc,2026-02-01,chain,Bitcoin,4296.0,710.0,201.0
crypto_btc,2026-02-02,chain,Bitcoin,6957.0,1172.0,324.0
crypto_btc,2026-02-03,chain,Bitcoin,6802.0,1757.0,271.0
crypto_btc,2026-02-04,chain,Bitcoin,39931.0,35857.0,194.0
crypto_btc,2026-02-05,chain,Bitcoin,37020.0,8449.0,1565.0
crypto_btc,2026-02-06,chain,Bitcoin,27823.0,6775.0,1144.0
crypto_btc,2026-02-07,chain,Bitcoin,11670.0,2516.0,510.0
crypto_btc,2026-02-08,chain,Bitcoin,9751.0,1774.0,452.0
crypto_btc,2026-02-09,chain,Bitcoin,10184.0,1808.0,478.0
crypto_btc,2026-02-10,chain,Bitcoin,3793.0,742.0,170.0
crypto_btc,2026-02-11,chain,Bitcoin,12759.0,2111.0,606.0
crypto_btc,2026-02-12,chain,Bitcoin,6365.0,1082.0,299.0
crypto_btc,2026-02-13,chain,Bitcoin,10540.0,1896.0,491.0
crypto_btc,2026-02-14,chain,Bitcoin,3526.0,842.0,142.0
crypto_btc,2026-02-15,chain,Bitcoin,4141.0,1068.0,164.0
crypto_btc,2026-02-16,chain,Bitcoin,19290.0,3287.0,918.0
crypto_btc,2026-02-17,chain,Bitcoin,12437.0,2244.0,581.0
crypto_btc,2026-02-18,chain,Bitcoin,2531.0,893.0,82.0
crypto_btc,2026-02-19,chain,Bitcoin,2745.0,681.0,112.0
crypto_btc,2026-02-20,chain,Bitcoin,11634.0,2246.0,530.0
crypto_btc,2026-02-21,chain,Bitcoin,12134.0,2095.0,574.0
crypto_btc,2026-02-22,chain,Bitcoin,11300.0,1900.0,536.0
crypto_btc,2026-02-23,chain,Bitcoin,16575.0,2988.0,772.0
crypto_btc,2026-02-24,chain,Bitcoin,18356.0,3291.0,860.0
crypto_btc,2026-02-25,chain,Bitcoin,39478.0,6443.0,1907.0
crypto_btc,2026-02-26,chain,Bitcoin,6775.0,1519.0,288.0
crypto_btc,2026-02-27,chain,Bitcoin,5121.0,1193.0,214.0
crypto_btc,2026-02-28,chain,Bitcoin,5025.0,1008.0,221.0
crypto_btc,2026-03-01,chain,Bitcoin,6227.0,1085.0,286.0
crypto_btc,2026-03-02,chain,Bitcoin,20406.0,3679.0,954.0
crypto_btc,2026-03-03,chain,Bitcoin,16039.0,3244.0,723.0
crypto_btc,2026-03-04,chain,Bitcoin,23332.0,4444.0,1072.0
crypto_btc,2026-03-05,chain,Bitcoin,38139.0,6047.0,1850.0
crypto_btc,2026-03-06,chain,Bitcoin,10969.0,1876.0,521.0
crypto_btc,2026-03-07,chain,Bitcoin,9055.0,1700.0,416.0
crypto_btc,2026-03-08,chain,Bitcoin,2792.0,619.0,120.0
crypto_btc,2026-03-09,chain,Bitcoin,10931.0,1857.0,518.0
crypto_btc,2026-03-10,chain,Bitcoin,62998.0,31820.0,1316.0
crypto_btc,2026-03-11,chain,Bitcoin,12537.0,2924.0,532.0
crypto_btc,2026-03-12,chain,Bitcoin,8222.0,1405.0,387.0
crypto_btc,2026-03-13,chain,Bitcoin,5211.0,952.0,238.0
crypto_btc,2026-03-14,chain,Bitcoin,10658.0,1889.0,495.0
crypto_btc,2026-03-15,chain,Bitcoin,5280.0,1019.0,238.0
crypto_btc,2026-03-16,chain,Bitcoin,11206.0,2006.0,520.0
crypto_btc,2026-03-17,chain,Bitcoin,11292.0,1916.0,533.0
crypto_btc,2026-03-18,chain,Bitcoin,11171.0,1776.0,536.0
crypto_btc,2026-03-19,chain,Bitcoin,9103.0,1876.0,404.0
crypto_btc,2026-03-20,chain,Bitcoin,3375.0,653.0,150.0
crypto_btc,2026-03-21,chain,Bitcoin,1137.0,283.0,44.0
crypto_btc,2026-03-22,chain,Bitcoin,20325.0,3312.0,975.0
crypto_btc,2026-03-23,chain,Bitcoin,6011.0,1243.0,261.0
crypto_btc,2026-03-24,chain,Bitcoin,2996.0,696.0,120.0
crypto_btc,2026-03-25,chain,Bitcoin,2825.0,760.0,108.0
crypto_btc,2026-03-26,chain,Bitcoin,4565.0,1222.0,177.0
crypto_btc,2026-03-27,chain,Bitcoin,3811.0,1385.0,119.0
crypto_btc,2026-03-28,chain,Bitcoin,2508.0,1412.0,39.0
crypto_btc,2026-03-29,chain,Bitcoin,5007.0,953.0,223.0
crypto_btc,2026-03-30,chain,Bitcoin,5878.0,1977.0,195.0
crypto_btc,2026-03-31,chain,Bitcoin,7137.0,1561.0,312.0
crypto_btc,2026-04-01,chain,Bitcoin,4605.0,933.0,200.0
crypto_btc,2026-04-02,chain,Bitcoin,6102.0,1560.0,244.0
crypto_btc,2026-04-03,chain,Bitcoin,12931.0,2280.0,609.0
crypto_btc,2026-04-04,chain,Bitcoin,3002.0,618.0,129.0
crypto_btc,2026-04-05,chain,Bitcoin,6250.0,1149.0,289.0
crypto_btc,2026-04-06,chain,Bitcoin,4584.0,1010.0,197.0
crypto_btc,2026-04-07,chain,Bitcoin,9575.0,1597.0,451.0
crypto_btc,2026-04-08,chain,Bitcoin,17896.0,3297.0,823.0
crypto_btc,2026-04-09,chain,Bitcoin,4226.0,1046.0,171.0
crypto_btc,2026-04-10,chain,Bitcoin,3538.0,935.0,132.0
crypto_btc,2026-04-11,chain,Bitcoin,2887.0,723.0,113.0
crypto_btc,2026-04-12,chain,Bitcoin,3040.0,635.0,132.0
crypto_btc,2026-04-13,chain,Bitcoin,2806.0,650.0,116.0
crypto_btc,2026-04-14,chain,Bitcoin,6161.0,1305.0,266.0
crypto_btc,2026-04-15,chain,Bitcoin,5802.0,1256.0,246.0
crypto_btc,2026-04-16,chain,Bitcoin,4784.0,1154.0,191.0
crypto_btc,2026-04-17,chain,Bitcoin,7368.0,1584.0,312.0
crypto_btc,2026-04-18,chain,Bitcoin,17359.0,2674.0,834.0
crypto_btc,2026-04-19,chain,Bitcoin,13447.0,2277.0,626.0
crypto_btc,2026-04-20,chain,Bitcoin,4400.0,882.0,183.0
crypto_btc,2026-04-21,chain,Bitcoin,160905.0,24418.0,7955.0
crypto_btc,2026-04-22,chain,Bitcoin,202180.0,30509.0,9991.0
crypto_btc,2026-04-23,chain,Bitcoin,13845.0,2838.0,609.0
crypto_btc,2026-04-24,chain,Bitcoin,74580.0,11554.0,3654.0
crypto_btc,2026-04-25,chain,Bitcoin,42048.0,6445.0,2063.0
crypto_btc,2026-04-26,chain,Bitcoin,6923.0,1124.0,322.0
crypto_btc,2026-04-27,chain,Bitcoin,10532.0,2143.0,463.0
crypto_btc,2026-04-28,chain,Bitcoin,16716.0,3225.0,752.0
crypto_btc,2026-04-29,chain,Bitcoin,15832.0,2767.0,720.0
crypto_btc,2026-04-30,chain,Bitcoin,10986.0,1980.0,497.0
crypto_btc,2026-05-01,chain,Bitcoin,6574.0,1480.0,266.0
crypto_btc,2026-05-02,chain,Bitcoin,57740.0,53345.0,240.0
crypto_btc,2026-05-03,chain,Bitcoin,6619.0,1154.0,303.0
crypto_btc,2026-05-04,chain,Bitcoin,14797.0,2530.0,692.0
crypto_btc,2026-05-05,chain,Bitcoin,8452.0,1824.0,365.0
crypto_btc,2026-05-06,chain,Bitcoin,8312.0,2061.0,333.0
crypto_btc,2026-05-07,chain,Bitcoin,11224.0,1920.0,518.0
crypto_btc,2026-05-08,chain,Bitcoin,19743.0,2910.0,965.0
crypto_btc,2026-05-09,chain,Bitcoin,8767.0,1329.0,424.0
crypto_btc,2026-05-10,chain,Bitcoin,16928.0,2782.0,810.0
crypto_btc,2026-05-11,chain,Bitcoin,34603.0,5282.0,1702.0
crypto_btc,2026-05-12,chain,Bitcoin,7362.0,1254.0,337.0
crypto_btc,2026-05-13,chain,Bitcoin,5751.0,1133.0,252.0
crypto_btc,2026-05-14,chain,Bitcoin,9176.0,2727.0,335.0
crypto_btc,2026-05-15,chain,Bitcoin,3469.0,2301.0,28.0
crypto_btc,2026-05-16,chain,Bitcoin,1438.0,1103.0,
crypto_btc,2026-05-17,chain,Bitcoin,1143.0,877.0,
crypto_btc,2026-05-18,chain,Bitcoin,1790.0,1374.0,
crypto_btc,2026-05-19,chain,Bitcoin,2137.0,1638.0,
crypto_btc,2026-05-20,chain,Bitcoin,1047.0,803.0,
crypto_btc,2026-05-21,chain,Bitcoin,1547.0,1186.0,
crypto_btc,2026-05-22,chain,Bitcoin,1358.0,1042.0,
crypto_btc,2026-05-23,chain,Bitcoin,1089.0,835.0,
crypto_btc,2026-05-24,chain,Bitcoin,792.0,608.0,
crypto_btc,2026-05-25,chain,Bitcoin,2876.0,2205.0,
crypto_btc,2026-05-26,chain,Bitcoin,2141.0,1641.0,
crypto_btc,2026-05-27,chain,Bitcoin,1414.0,1084.0,
crypto_btc,2026-05-28,chain,Bitcoin,1235.0,947.0,
crypto_btc,2026-05-29,chain,Bitcoin,1502.0,1151.0,
crypto_btc,2026-05-30,chain,Bitcoin,159.0,122.0,
crypto_btc,2026-05-31,chain,Bitcoin,299.0,229.0,
crypto_btc,2026-06-01,chain,Bitcoin,383.0,294.0,
crypto_btc,2026-06-02,chain,Bitcoin,1133.0,869.0,
crypto_btc,2026-06-03,chain,Bitcoin,1740.0,1335.0,
crypto_btc,2026-06-04,chain,Bitcoin,2207.0,1694.0,
crypto_btc,2026-06-05,chain,Bitcoin,3742.0,2869.0,
crypto_btc,2026-06-06,chain,Bitcoin,1705.0,1308.0,
crypto_btc,2026-06-07,chain,Bitcoin,705.0,541.0,
crypto_btc,2026-06-08,chain,Bitcoin,813.0,624.0,
crypto_btc,2026-06-09,chain,Bitcoin,829.0,636.0,
crypto_btc,2026-06-10,chain,Bitcoin,1050.0,805.0,
crypto_btc,2026-06-11,chain,Bitcoin,1947.0,1492.0,
crypto_btc,2026-06-12,chain,Bitcoin,898.0,688.0,
crypto_btc,2026-06-13,chain,Bitcoin,428.0,328.0,
crypto_btc,2026-06-14,chain,Bitcoin,1293.0,991.0,
crypto_btc,2026-06-15,chain,Bitcoin,1076.0,827.0,
crypto_btc,2026-06-16,chain,Bitcoin,2604.0,1996.0,
crypto_btc,2026-06-17,chain,Bitcoin,2588.0,1984.0,
crypto_btc,2026-06-18,chain,Bitcoin,815.0,627.0,
crypto_btc,2026-06-19,chain,Bitcoin,2547.0,1952.0,
crypto_btc,2026-06-20,chain,Bitcoin,672.0,515.0,
crypto_btc,2026-06-21,chain,Bitcoin,456.0,350.0,
crypto_btc,2026-06-22,chain,Bitcoin,2003.0,730.0,65.0
crypto_btc,2026-06-23,chain,Bitcoin,7372.0,1277.0,349.0
crypto_btc,2026-06-24,chain,Bitcoin,3730.0,661.0,175.0
crypto_btc,2026-06-25,chain,Bitcoin,3398.0,935.0,133.0
crypto_btc,2026-06-26,chain,Bitcoin,2554.0,1004.0,76.0
crypto_btc,2026-06-27,chain,Bitcoin,5296.0,926.0,251.0
crypto_btc,2026-06-28,chain,Bitcoin,1224.0,433.0,39.0
crypto_btc,2026-06-29,chain,Bitcoin,4337.0,1242.0,167.0
crypto_btc,2026-06-30,chain,Bitcoin,11420.0,4800.0,316.0
crypto_btc,2026-07-01,chain,Bitcoin,6717.0,1949.0,251.0
crypto_btc,2026-07-02,chain,Bitcoin,6787.0,1282.0,309.0
crypto_btc,2026-07-03,chain,Bitcoin,6559.0,1239.0,299.0
crypto_btc,2026-07-04,chain,Bitcoin,4352.0,939.0,188.0
crypto_btc,2026-07-05,chain,Bitcoin,7338.0,2251.0,266.0
crypto_btc,2026-07-06,chain,Bitcoin,4926.0,998.0,218.0
crypto_btc,2026-07-07,chain,Bitcoin,7383.0,1492.0,327.0
crypto_btc,2026-07-08,chain,Bitcoin,5053.0,1185.0,211.0
crypto_btc,2026-07-09,chain,Bitcoin,5441.0,1663.0,200.0
crypto_btc,2026-07-10,chain,Bitcoin,4230.0,1040.0,174.0
crypto_btc,2026-07-11,chain,Bitcoin,8186.0,1366.0,387.0
crypto_btc,2026-07-12,chain,Bitcoin,8411.0,1476.0,395.0
crypto_btc,2026-07-13,chain,Bitcoin,5700.0,1290.0,246.0
crypto_btc,2026-07-14,chain,Bitcoin,17883.0,3613.0,806.0
crypto_btc,2026-07-15,chain,Bitcoin,10355.0,1666.0,497.0
crypto_btc,2026-07-16,chain,Bitcoin,21275.0,3303.0,1043.0
crypto_btc,2026-07-17,chain,Bitcoin,6774.0,1207.0,317.0
crypto_btc,2026-07-18,chain,Bitcoin,5489.0,1344.0,228.0
crypto_btc,2026-07-19,chain,Bitcoin,6400.0,1042.0,309.0
crypto_btc,2026-07-20,chain,Bitcoin,13840.0,2350.0,661.0
crypto_btc,2026-07-21,chain,Bitcoin,7110.0,1143.0,340.0
crypto_btc,2026-07-22,chain,Bitcoin,10775.0,2005.0,497.0
crypto_btc,2026-07-23,chain,Bitcoin,11477.0,2448.0,505.0
crypto_btc,2026-07-24,chain,Bitcoin,10188.0,1768.0,481.0
crypto_btc,2026-07-25,chain,Bitcoin,42128.0,6661.0,2063.0
crypto_btc,2026-07-26,chain,Bitcoin,4705.12,791.12,221.0
crypto_btc,2026-07-27,chain,Bitcoin,4841.26,718.26,237.0
crypto_btc,2026-07-28,chain,Bitcoin,4221.05,634.05,211.0
crypto_btc,2026-07-29,chain,Bitcoin,13144.51,1970.51,656.0
crypto_btc,2026-07-30,chain,Bitcoin,19140.23,2870.23,956.0
crypto_btc,2026-07-31,chain,Bitcoin,7429.44,1117.44,370.0
crypto_btc,2026-08-01,chain,Bitcoin,5220.53,785.53,261.0
crypto_btc,2026-08-02,chain,Bitcoin,4871.01,732.01,243.0
crypto_btc,2026-08-03,chain,Bitcoin,6838.43,1027.43,340.0
crypto_btc,2026-08-04,chain,Bitcoin,14383.07,2156.07,718.0
crypto_btc,2026-08-05,chain,Bitcoin,11435.14,1713.14,570.0
crypto_btc,2026-08-06,chain,Bitcoin,8102.11,1216.11,405.0
crypto_btc,2026-08-07,chain,Bitcoin,13814.0,2072.0,689.0
crypto_btc,2026-08-08,chain,Bitcoin,5882.0,892.0,292.0
crypto_btc,2026-08-09,chain,Bitcoin,4946.0,742.0,247.0
crypto_btc,2026-08-10,chain,Bitcoin,8997.0,1346.0,449.0
crypto_btc,2026-08-11,chain,Bitcoin,3987.0,594.0,198.0
crypto_btc,2026-08-12,chain,Bitcoin,4202.0,629.0,210.0
crypto_btc,2026-08-13,chain,Bitcoin,6396.0,960.0,319.0
crypto_btc,2026-08-14,chain,Bitcoin,5285.0,792.0,263.0
crypto_btc,2026-08-15,chain,Bitcoin,2629.0,393.0,130.0
crypto_btc,2026-08-16,chain,Bitcoin,3559.0,536.0,177.0
crypto_btc,2026-08-17,chain,Bitcoin,4407.0,659.0,219.0
crypto_btc,2026-08-18,chain,Bitcoin,6022.0,895.0,297.0
crypto_btc,2026-08-19,chain,Bitcoin,14587.0,2192.0,723.0
crypto_btc,2026-08-20,chain,Bitcoin,16008.0,2414.0,796.0
crypto_btc,2026-08-21,chain,Bitcoin,11678.0,1748.0,580.0
crypto_eth,2025-08-25,chain,Ethereum,22861095.05,4715338.0,783585.78
crypto_eth,2025-08-26,chain,Ethereum,20751903.19,3701305.04,723799.0
crypto_eth,2025-08-27,chain,Ethereum,21367873.03,4422367.0,1755258.12
crypto_eth,2025-08-28,chain,Ethereum,34756140.050000004,4646014.0,1809355.6800000002
crypto_eth,2025-08-29,chain,Ethereum,19545280.05,3719119.04,1598150.42
crypto_eth,2025-08-30,chain,Ethereum,15902595.759999998,2984618.21,589234.99
crypto_eth,2025-08-31,chain,Ethereum,17208833.83,3011013.2199999997,609219.38
crypto_eth,2025-09-01,chain,Ethereum,23316467.79,4900658.21,819915.0
crypto_eth,2025-09-02,chain,Ethereum,21957590.77,4404749.21,1371397.36
crypto_eth,2025-09-03,chain,Ethereum,20237380.95,5486702.21,2367115.14
crypto_eth,2025-09-04,chain,Ethereum,32397177.759999998,5356277.18,1865321.81
crypto_eth,2025-09-05,chain,Ethereum,20136112.49,3819160.96,1049497.32
crypto_eth,2025-09-06,chain,Ethereum,16610953.75,3250113.1799999997,785616.97
crypto_eth,2025-09-07,chain,Ethereum,15634224.75,2827716.1799999997,753328.0
crypto_eth,2025-09-08,chain,Ethereum,18741428.68,3856329.17,936282.0
crypto_eth,2025-09-09,chain,Ethereum,21031089.0,3693127.4,909694.02
crypto_eth,2025-09-10,chain,Ethereum,20089013.689999998,4248470.17,1347143.88
crypto_eth,2025-09-11,chain,Ethereum,36178996.92,6754653.1899999995,1928843.75
crypto_eth,2025-09-12,chain,Ethereum,19179767.99,3787431.2,977185.71
crypto_eth,2025-09-13,chain,Ethereum,19080703.7,4182947.09,1158785.31
crypto_eth,2025-09-14,chain,Ethereum,19217286.07,3985196.95,799178.84
crypto_eth,2025-09-15,chain,Ethereum,22112784.72,4894775.17,941920.0
crypto_eth,2025-09-16,chain,Ethereum,20535247.7,4694433.17,1316467.68
crypto_eth,2025-09-17,chain,Ethereum,24419298.79,5892251.2,2415717.58
crypto_eth,2025-09-18,chain,Ethereum,36561183.800000004,6016881.18,2090831.0
crypto_eth,2025-09-19,chain,Ethereum,24832607.81,5506663.18,1720152.0
crypto_eth,2025-09-20,chain,Ethereum,17066792.11,3111159.21,782317.28
crypto_eth,2025-09-21,chain,Ethereum,17075539.81,3032222.54,826142.0
crypto_eth,2025-09-22,chain,Ethereum,22855196.01,4667937.4,1120220.02
crypto_eth,2025-09-23,chain,Ethereum,19235176.58,3843519.16,786302.0
crypto_eth,2025-09-24,chain,Ethereum,22442033.16,4652860.220000001,1419979.01
crypto_eth,2025-09-25,chain,Ethereum,33457588.5,5480642.15,2056264.0
crypto_eth,2025-09-26,chain,Ethereum,20591869.54,4519983.35,1084983.02
crypto_eth,2025-09-27,chain,Ethereum,17623512.61,3582761.1599999997,1197427.0
crypto_eth,2025-09-28,chain,Ethereum,18638905.96,3512967.29,901274.01
crypto_eth,2025-09-29,chain,Ethereum,19083305.919999998,3826627.75,1086318.01
crypto_eth,2025-09-30,chain,Ethereum,20754432.799999997,4364749.18,1391817.0
crypto_eth,2025-10-01,chain,Ethereum,20294355.61,5220533.16,2360130.0
crypto_eth,2025-10-02,chain,Ethereum,34761135.66,5133381.17,2144975.0
crypto_eth,2025-10-03,chain,Ethereum,20433032.61,3661407.26,1245118.01
crypto_eth,2025-10-04,chain,Ethereum,19040851.68,3676123.17,1589865.0
crypto_eth,2025-10-05,chain,Ethereum,18366125.7,3550665.17,1397407.0
crypto_eth,2025-10-06,chain,Ethereum,25971498.73,5390942.17,1448528.0
crypto_eth,2025-10-07,chain,Ethereum,24858036.580000002,4333977.75,1439392.05
crypto_eth,2025-10-08,chain,Ethereum,24558303.72,4416035.17,1638483.0
crypto_eth,2025-10-09,chain,Ethereum,41150370.220000006,4856947.08,2085873.09
crypto_eth,2025-10-10,chain,Ethereum,70167132.7,15023985.58,1294623.14
crypto_eth,2025-10-11,chain,Ethereum,26640661.849999998,4308495.2,1090900.0
crypto_eth,2025-10-12,chain,Ethereum,21580326.53,4011153.9000000004,798102.28
crypto_eth,2025-10-13,chain,Ethereum,22363744.689999998,6766436.51,1059087.13
crypto_eth,2025-10-14,chain,Ethereum,23099193.65,4525723.57,1776628.0
crypto_eth,2025-10-15,chain,Ethereum,19273928.85,4617005.54,1882900.0
crypto_eth,2025-10-16,chain,Ethereum,25113687.62,4363185.16,1796026.0
crypto_eth,2025-10-17,chain,Ethereum,23777618.77,5188866.18,1080846.0
crypto_eth,2025-10-18,chain,Ethereum,14421929.83,2330776.07,755543.07
crypto_eth,2025-10-19,chain,Ethereum,15898811.54,2604426.25,775707.01
crypto_eth,2025-10-20,chain,Ethereum,16271125.36,2893078.34,889705.02
crypto_eth,2025-10-21,chain,Ethereum,18915962.95,2846993.19,835907.01
crypto_eth,2025-10-22,chain,Ethereum,18562409.89,3143279.19,1035007.0
crypto_eth,2025-10-23,chain,Ethereum,25611260.68,3871556.1700000004,1862888.09
crypto_eth,2025-10-24,chain,Ethereum,17670929.740000002,3266000.47,823298.03
crypto_eth,2025-10-25,chain,Ethereum,15375758.290000001,2398061.5,737373.12
crypto_eth,2025-10-26,chain,Ethereum,14470784.879999999,2514881.77,600131.09
crypto_eth,2025-10-27,chain,Ethereum,18188426.310000002,3401132.13,640947.0
crypto_eth,2025-10-28,chain,Ethereum,17980314.47,3467372.36,1265366.0
crypto_eth,2025-10-29,chain,Ethereum,19670418.270000003,5190905.609999999,2657427.03
crypto_eth,2025-10-30,chain,Ethereum,27035499.27,4449703.73,1975929.04
crypto_eth,2025-10-31,chain,Ethereum,17945310.980000004,2735653.1199999996,819912.02
crypto_eth,2025-11-01,chain,Ethereum,13572267.91,2170667.3099999996,558597.3
crypto_eth,2025-11-02,chain,Ethereum,14806487.41,3407377.47,1824096.08
crypto_eth,2025-11-03,chain,Ethereum,21505690.07,4086179.6900000004,741128.0
crypto_eth,2025-11-04,chain,Ethereum,36495889.38999999,8743054.54,958310.0
crypto_eth,2025-11-05,chain,Ethereum,19209798.6,3408998.36,2735461.0
crypto_eth,2025-11-06,chain,Ethereum,25585936.049999997,3937878.7099999995,2245272.03
crypto_eth,2025-11-07,chain,Ethereum,20920896.659999996,5612041.37,1192273.01
crypto_eth,2025-11-08,chain,Ethereum,14480148.97,2334878.86,741755.0
crypto_eth,2025-11-09,chain,Ethereum,14402814.96,2480269.42,1120815.15
crypto_eth,2025-11-10,chain,Ethereum,17242406.22,2911593.2600000002,749919.11
crypto_eth,2025-11-11,chain,Ethereum,16657735.709999999,3433963.1,1048574.15
crypto_eth,2025-11-12,chain,Ethereum,16522976.41,3911098.04,1909194.19
crypto_eth,2025-11-13,chain,Ethereum,26753126.98,3727990.6599999997,1843127.0
crypto_eth,2025-11-14,chain,Ethereum,17871795.17,3949793.4999999995,1824661.04
crypto_eth,2025-11-15,chain,Ethereum,13565910.969999999,2134119.0200000005,783305.0
crypto_eth,2025-11-16,chain,Ethereum,17226494.93,2770495.99,844904.07
crypto_eth,2025-11-17,chain,Ethereum,17322981.81,2921784.63,823977.0
crypto_eth,2025-11-18,chain,Ethereum,17008766.630000003,2797734.0600000005,641350.57
crypto_eth,2025-11-19,chain,Ethereum,16242723.78,3383436.4099999997,1112702.95
crypto_eth,2025-11-20,chain,Ethereum,26521876.830000002,4325132.27,1723493.08
crypto_eth,2025-11-21,chain,Ethereum,25758709.59,6094370.47,1818612.21
crypto_eth,2025-11-22,chain,Ethereum,11804375.849999998,2042229.52,593888.06
crypto_eth,2025-11-23,chain,Ethereum,11437092.790000001,2139705.46,652061.1
crypto_eth,2025-11-24,chain,Ethereum,14892617.04,2800276.8099999996,815039.01
crypto_eth,2025-11-25,chain,Ethereum,13884480.17,2635263.29,1143221.07
crypto_eth,2025-11-26,chain,Ethereum,14894175.82,4259634.359999999,2066355.04
crypto_eth,2025-11-27,chain,Ethereum,19557910.16,3796255.92,1882087.12
crypto_eth,2025-11-28,chain,Ethereum,13696809.61,2811869.2199999997,647780.0
crypto_eth,2025-11-29,chain,Ethereum,11416725.260000002,2394918.15,804378.13
crypto_eth,2025-11-30,chain,Ethereum,10811186.88,1974453.6500000001,557520.01
crypto_eth,2025-12-01,chain,Ethereum,14912691.54,3054527.9,1012079.0
crypto_eth,2025-12-02,chain,Ethereum,14804142.899999997,2583070.37,807593.23
crypto_eth,2025-12-03,chain,Ethereum,14293669.639999999,3153101.3000000003,1154739.0
crypto_eth,2025-12-04,chain,Ethereum,18773413.47,3657471.66,2060936.0
crypto_eth,2025-12-05,chain,Ethereum,13659647.81,2727083.6300000004,719160.06
crypto_eth,2025-12-06,chain,Ethereum,10423684.690000001,1845892.4000000001,647901.0
crypto_eth,2025-12-07,chain,Ethereum,11704363.25,2119770.62,709837.0
crypto_eth,2025-12-08,chain,Ethereum,13571048.99,2332845.1799999997,632913.0
crypto_eth,2025-12-09,chain,Ethereum,14700755.12,2864912.34,896827.0
crypto_eth,2025-12-10,chain,Ethereum,14266675.41,3494363.9400000004,1312168.0
crypto_eth,2025-12-11,chain,Ethereum,19141566.13,3461172.31,1663427.0
crypto_eth,2025-12-12,chain,Ethereum,12859913.3,2227524.67,589433.0
crypto_eth,2025-12-13,chain,Ethereum,10766958.8,1864960.54,436270.0
crypto_eth,2025-12-14,chain,Ethereum,10278927.37,1818577.12,446802.0
crypto_eth,2025-12-15,chain,Ethereum,14419127.469999999,2488261.12,626048.0
crypto_eth,2025-12-16,chain,Ethereum,12439047.21,2109056.42,522964.0
crypto_eth,2025-12-17,chain,Ethereum,14067855.6,2914938.1399999997,1106354.0
crypto_eth,2025-12-18,chain,Ethereum,19266870.09,3335453.9299999997,1622511.0
crypto_eth,2025-12-19,chain,Ethereum,13104177.770000001,2708058.21,452505.02
crypto_eth,2025-12-20,chain,Ethereum,9686913.7,1747926.4200000002,365514.87
crypto_eth,2025-12-21,chain,Ethereum,10666711.76,2112916.48,387848.0
crypto_eth,2025-12-22,chain,Ethereum,12326993.33,2211891.2199999997,564664.0
crypto_eth,2025-12-23,chain,Ethereum,12420489.47,2508636.2,817474.0
crypto_eth,2025-12-24,chain,Ethereum,11332753.75,2797509.33,1244520.0
crypto_eth,2025-12-25,chain,Ethereum,16380747.71,2962970.07,1581463.0
crypto_eth,2025-12-26,chain,Ethereum,10552427.57,2004491.1700000002,548357.0
crypto_eth,2025-12-27,chain,Ethereum,9676767.0,1808841.89,469035.0
crypto_eth,2025-12-28,chain,Ethereum,9856903.97,1836412.6300000001,477139.0
crypto_eth,2025-12-29,chain,Ethereum,11708025.16,2194199.52,514319.0
crypto_eth,2025-12-30,chain,Ethereum,11831961.01,2163516.39,3261777.0
crypto_eth,2025-12-31,chain,Ethereum,11534543.319999998,2442270.08,684435.0
crypto_eth,2026-01-01,chain,Ethereum,17416083.63,3043057.6100000003,1612547.0
crypto_eth,2026-01-02,chain,Ethereum,12101554.67,2375350.02,546619.0
crypto_eth,2026-01-03,chain,Ethereum,11370229.56,1975318.7000000002,533008.0
crypto_eth,2026-01-04,chain,Ethereum,11688605.440000001,2055073.6400000001,565332.0
crypto_eth,2026-01-05,chain,Ethereum,13603621.28,2514787.35,980738.0
crypto_eth,2026-01-06,chain,Ethereum,14213795.27,3511385.31,1061098.0
crypto_eth,2026-01-07,chain,Ethereum,13975903.07,3349478.1899999995,1625431.0
crypto_eth,2026-01-08,chain,Ethereum,19149500.36,3546534.59,1837193.0
crypto_eth,2026-01-09,chain,Ethereum,11453850.93,2108074.17,528332.0
crypto_eth,2026-01-10,chain,Ethereum,9578209.329999998,1689450.5999999999,554632.0
crypto_eth,2026-01-11,chain,Ethereum,11007526.620000001,2603765.8200000003,542210.0
crypto_eth,2026-01-12,chain,Ethereum,13472032.04,2406995.23,744717.0
crypto_eth,2026-01-13,chain,Ethereum,12952338.44,2477189.3600000003,2747379.0
crypto_eth,2026-01-14,chain,Ethereum,14300248.089999998,3273028.96,1393085.0
crypto_eth,2026-01-15,chain,Ethereum,21683208.3,3928686.0999999996,2379618.0
crypto_eth,2026-01-16,chain,Ethereum,12559784.92,2551328.56,599941.14
crypto_eth,2026-01-17,chain,Ethereum,10444902.660000002,1895829.4300000002,482571.0
crypto_eth,2026-01-18,chain,Ethereum,10847433.47,2163519.16,649306.0
crypto_eth,2026-01-19,chain,Ethereum,12723679.459999999,2388287.46,519861.0
crypto_eth,2026-01-20,chain,Ethereum,14735862.26,3170030.11,1120277.0
crypto_eth,2026-01-21,chain,Ethereum,13803087.040000001,3561550.1999999997,1464199.0
crypto_eth,2026-01-22,chain,Ethereum,19669781.419999998,3443097.68,1615762.0
crypto_eth,2026-01-23,chain,Ethereum,12104199.870000001,2160353.1399999997,527993.0
crypto_eth,2026-01-24,chain,Ethereum,10759403.43,1905222.69,441868.0
crypto_eth,2026-01-25,chain,Ethereum,11269597.229999999,2247589.19,564427.0
crypto_eth,2026-01-26,chain,Ethereum,13005234.7,2615031.75,747527.0
crypto_eth,2026-01-27,chain,Ethereum,11672602.929999998,2152542.06,600798.0
crypto_eth,2026-01-28,chain,Ethereum,12391965.109999998,2796495.44,945618.0
crypto_eth,2026-01-29,chain,Ethereum,20351990.549999997,3690210.38,1770527.0
crypto_eth,2026-01-30,chain,Ethereum,13535618.399999999,2725160.57,598213.0
crypto_eth,2026-01-31,chain,Ethereum,31013171.669999998,9172809.26,805069.0
crypto_eth,2026-02-01,chain,Ethereum,13840347.29,3242028.29,560878.0
crypto_eth,2026-02-02,chain,Ethereum,17704976.820000004,3934294.6999999997,867338.0
crypto_eth,2026-02-03,chain,Ethereum,17476890.869999997,3430673.2899999996,1088416.0
crypto_eth,2026-02-04,chain,Ethereum,14724728.3,4054214.12,1648316.0
crypto_eth,2026-02-05,chain,Ethereum,34007781.309999995,8704333.7,2188331.0
crypto_eth,2026-02-06,chain,Ethereum,25777136.03,5027238.05,935844.0
crypto_eth,2026-02-07,chain,Ethereum,11560181.56,2537068.89,572184.0
crypto_eth,2026-02-08,chain,Ethereum,9098111.260000002,1837772.51,648903.0
crypto_eth,2026-02-09,chain,Ethereum,11102950.889999999,2269921.71,774388.0
crypto_eth,2026-02-10,chain,Ethereum,9115094.059999999,1860084.6500000001,456742.0
crypto_eth,2026-02-11,chain,Ethereum,10463837.95,2935366.0700000003,913842.0
crypto_eth,2026-02-12,chain,Ethereum,14466032.49,2979094.56,1574113.0
crypto_eth,2026-02-13,chain,Ethereum,12959447.759999998,4903368.71,560598.0
crypto_eth,2026-02-14,chain,Ethereum,8495824.620000001,1752467.46,420275.0
crypto_eth,2026-02-15,chain,Ethereum,9695617.9,1927955.2500000002,431848.0
crypto_eth,2026-02-16,chain,Ethereum,9500032.18,2133872.12,830177.0
crypto_eth,2026-02-17,chain,Ethereum,9244782.26,2053232.12,610982.0
crypto_eth,2026-02-18,chain,Ethereum,10171322.989999998,2535566.34,1094766.02
crypto_eth,2026-02-19,chain,Ethereum,14835221.389999999,3032078.35,1904053.0
crypto_eth,2026-02-20,chain,Ethereum,8940968.860000001,1942110.8800000001,690745.0
crypto_eth,2026-02-21,chain,Ethereum,7547293.9,1473178.03,429578.0
crypto_eth,2026-02-22,chain,Ethereum,7576193.79,1806477.3499999999,823500.38
crypto_eth,2026-02-23,chain,Ethereum,9614135.02,2022193.58,584766.0
crypto_eth,2026-02-24,chain,Ethereum,8798262.94,1812576.28,456757.0
crypto_eth,2026-02-25,chain,Ethereum,10774808.85,2733420.55,894473.0
crypto_eth,2026-02-26,chain,Ethereum,15028781.33,3139766.0599999996,1647434.0
crypto_eth,2026-02-27,chain,Ethereum,8701951.06,1847281.09,537068.0
crypto_eth,2026-02-28,chain,Ethereum,8609637.98,1843957.2400000002,479892.7
crypto_eth,2026-03-01,chain,Ethereum,8211739.66,1830818.9200000002,573164.0
crypto_eth,2026-03-02,chain,Ethereum,11310117.719999999,2277518.78,583138.0
crypto_eth,2026-03-03,chain,Ethereum,10229854.41,2161804.75,6848403.0
crypto_eth,2026-03-04,chain,Ethereum,12567862.41,3474779.1299999994,1184767.0
crypto_eth,2026-03-05,chain,Ethereum,15395997.32,3066573.1999999997,1713514.0
crypto_eth,2026-03-06,chain,Ethereum,9370578.21,1737300.9100000001,491953.0
crypto_eth,2026-03-07,chain,Ethereum,7321832.05,1331099.72,406183.0
crypto_eth,2026-03-08,chain,Ethereum,7453243.449999999,1780705.9600000002,676099.0
crypto_eth,2026-03-09,chain,Ethereum,10766087.24,2038031.88,666982.0
crypto_eth,2026-03-10,chain,Ethereum,10514528.46,1958251.2,599917.0
crypto_eth,2026-03-11,chain,Ethereum,9078057.5,2068603.7000000002,853701.0
crypto_eth,2026-03-12,chain,Ethereum,53300333.36,37230673.66,1659835.0
crypto_eth,2026-03-13,chain,Ethereum,11112654.420000002,1987112.08,588847.0
crypto_eth,2026-03-14,chain,Ethereum,7695535.3999999985,1377858.36,280544.0
crypto_eth,2026-03-15,chain,Ethereum,7810692.119999999,1379488.4600000002,177720.0
crypto_eth,2026-03-16,chain,Ethereum,10978981.290000001,2208238.9400000004,325471.0
crypto_eth,2026-03-17,chain,Ethereum,9556145.77,1702786.1500000001,352254.0
crypto_eth,2026-03-18,chain,Ethereum,9970293.36,2302664.64,764926.0
crypto_eth,2026-03-19,chain,Ethereum,14853844.72,2757791.5999999996,1529852.0
crypto_eth,2026-03-20,chain,Ethereum,10911257.709999999,1527503.63,390540.0
crypto_eth,2026-03-21,chain,Ethereum,7474099.2,1245744.4600000002,147421.0
crypto_eth,2026-03-22,chain,Ethereum,12164696.64,2812935.13,249840.0
crypto_eth,2026-03-23,chain,Ethereum,10790894.120000001,2165031.46,367849.0
crypto_eth,2026-03-24,chain,Ethereum,9214762.64,1512898.55,239632.0
crypto_eth,2026-03-25,chain,Ethereum,9222639.0,1896521.6,464077.0
crypto_eth,2026-03-26,chain,Ethereum,14548362.459999999,2855690.0700000003,1418748.0
crypto_eth,2026-03-27,chain,Ethereum,9479732.950000001,1912026.3800000001,246781.0
crypto_eth,2026-03-28,chain,Ethereum,7650144.86,1328465.29,141738.0
crypto_eth,2026-03-29,chain,Ethereum,7771024.42,1348797.84,135531.0
crypto_eth,2026-03-30,chain,Ethereum,8954242.33,1601332.4800000002,240892.0
crypto_eth,2026-03-31,chain,Ethereum,11337571.52,1995738.93,491534.9
crypto_eth,2026-04-01,chain,Ethereum,11120343.409999998,2403752.2,854969.0
crypto_eth,2026-04-02,chain,Ethereum,18728956.24,4936296.86,2549434.0
crypto_eth,2026-04-03,chain,Ethereum,8881516.14,1405223.7300000002,1308053.0
crypto_eth,2026-04-04,chain,Ethereum,7371078.78,1235511.36,974755.0
crypto_eth,2026-04-05,chain,Ethereum,7675552.57,1257499.5,1144060.0
crypto_eth,2026-04-06,chain,Ethereum,9288338.799999999,1680290.84,1203436.0
crypto_eth,2026-04-07,chain,Ethereum,10678612.48,2429562.89,1415322.0
crypto_eth,2026-04-08,chain,Ethereum,9767781.709999999,2086599.24,1187528.0
crypto_eth,2026-04-09,chain,Ethereum,14799524.5,2763516.05,2137383.0
crypto_eth,2026-04-10,chain,Ethereum,8691291.22,1487761.6800000002,982756.0
crypto_eth,2026-04-11,chain,Ethereum,8244457.579999999,1348395.11,941972.0
crypto_eth,2026-04-12,chain,Ethereum,8216752.149999999,1399267.69,892552.0
crypto_eth,2026-04-13,chain,Ethereum,11235308.999999998,1927510.55,1058598.0
crypto_eth,2026-04-14,chain,Ethereum,10640743.990000002,2073008.4699999997,1220988.0
crypto_eth,2026-04-15,chain,Ethereum,9800697.899999999,2050774.82,1500348.0
crypto_eth,2026-04-16,chain,Ethereum,15725090.339999998,2877318.98,2128194.0
crypto_eth,2026-04-17,chain,Ethereum,11676333.769999998,2178722.0,1125116.01
crypto_eth,2026-04-18,chain,Ethereum,11729049.809999999,2280582.8800000004,1063768.0
crypto_eth,2026-04-19,chain,Ethereum,18259713.69,3645624.2199999997,1130910.0
crypto_eth,2026-04-20,chain,Ethereum,17284794.529999997,3209755.36,1198832.0
crypto_eth,2026-04-21,chain,Ethereum,14329222.17,2704594.5100000002,1075662.0
crypto_eth,2026-04-22,chain,Ethereum,16295541.05,3882452.67,1286949.0
crypto_eth,2026-04-23,chain,Ethereum,19110365.46,3789959.05,2166333.0
crypto_eth,2026-04-24,chain,Ethereum,12348831.750000002,2318012.17,1025658.0
crypto_eth,2026-04-25,chain,Ethereum,10853292.749999998,1983772.9600000002,979840.11
crypto_eth,2026-04-26,chain,Ethereum,11255517.299999999,2199018.37,927452.16
crypto_eth,2026-04-27,chain,Ethereum,11319985.08,2110571.73,1030140.01
crypto_eth,2026-04-28,chain,Ethereum,11191589.099999998,2129005.48,1076304.01
crypto_eth,2026-04-29,chain,Ethereum,11845698.27,2404278.68,1310694.0
crypto_eth,2026-04-30,chain,Ethereum,15776497.090000002,3268622.13,2153749.0
crypto_eth,2026-05-01,chain,Ethereum,11109446.280000001,1968298.53,1057082.0
crypto_eth,2026-05-02,chain,Ethereum,8732103.1,1497538.57,1035550.05
crypto_eth,2026-05-03,chain,Ethereum,9460309.36,1591317.42,943550.9299999999
crypto_eth,2026-05-04,chain,Ethereum,11187913.19,2204194.17,1290344.0
crypto_eth,2026-05-05,chain,Ethereum,10311003.030000001,1827863.95,1000679.0
crypto_eth,2026-05-06,chain,Ethereum,20090967.939999998,3469155.2999999993,1249672.0
crypto_eth,2026-05-07,chain,Ethereum,14588594.649999999,3135556.98,2156226.0
crypto_eth,2026-05-08,chain,Ethereum,10079789.509999998,2197095.0,988957.0
crypto_eth,2026-05-09,chain,Ethereum,8481103.91,1675384.5499999998,1097186.0
crypto_eth,2026-05-10,chain,Ethereum,9085817.129999999,1611319.11,916694.0
crypto_eth,2026-05-11,chain,Ethereum,10715079.37,1862149.59,1037451.0
crypto_eth,2026-05-12,chain,Ethereum,9047324.38,1921992.09,1057222.0
crypto_eth,2026-05-13,chain,Ethereum,9435008.1,2064075.1600000001,1219729.0
crypto_eth,2026-05-14,chain,Ethereum,14543797.700000001,2819014.04,1829157.0
crypto_eth,2026-05-15,chain,Ethereum,12039253.890000002,1896935.6099999999,702684.0
crypto_eth,2026-05-16,chain,Ethereum,7516418.41,1576614.74,802814.0
crypto_eth,2026-05-17,chain,Ethereum,8024883.66,1486144.45,822548.0
crypto_eth,2026-05-18,chain,Ethereum,10485133.610000001,1909679.4100000001,1011664.0
crypto_eth,2026-05-19,chain,Ethereum,8601775.67,1450733.2500000002,679527.0
crypto_eth,2026-05-20,chain,Ethereum,9347785.07,2196583.92,897450.0
crypto_eth,2026-05-21,chain,Ethereum,13648485.53,2737566.39,1745565.0
crypto_eth,2026-05-22,chain,Ethereum,8336363.04,1460377.85,519156.0
crypto_eth,2026-05-23,chain,Ethereum,8300345.629999999,1651822.04,923592.0
crypto_eth,2026-05-24,chain,Ethereum,8350174.490000001,1337171.44,785618.0
crypto_eth,2026-05-25,chain,Ethereum,11766964.49,1422839.9000000001,770115.0
crypto_eth,2026-05-26,chain,Ethereum,9676871.13,1734223.2600000002,803131.0
crypto_eth,2026-05-27,chain,Ethereum,8529535.8,1997651.9700000002,966148.0
crypto_eth,2026-05-28,chain,Ethereum,13388579.26,2927426.46,1777518.0
crypto_eth,2026-05-29,chain,Ethereum,9269639.730000002,1589734.62,579143.0
crypto_eth,2026-05-30,chain,Ethereum,8047184.41,1256179.7100000002,536323.0
crypto_eth,2026-05-31,chain,Ethereum,7348728.55,1170189.57,495484.0
crypto_eth,2026-06-01,chain,Ethereum,9166643.02,1746458.27,2271042.0
crypto_eth,2026-06-02,chain,Ethereum,9487206.190000001,2009316.07,680917.0
crypto_eth,2026-06-03,chain,Ethereum,11894555.65,2461173.6799999997,789060.59
crypto_eth,2026-06-04,chain,Ethereum,17274483.82,4000732.49,1717364.03
crypto_eth,2026-06-05,chain,Ethereum,20989762.759999998,5219133.140000001,523906.0
crypto_eth,2026-06-06,chain,Ethereum,12704421.12,2258231.6499999994,353398.01
crypto_eth,2026-06-07,chain,Ethereum,7532152.779999999,1495997.6600000001,343983.0
crypto_eth,2026-06-08,chain,Ethereum,11895242.32,1877913.59,391313.0
crypto_eth,2026-06-09,chain,Ethereum,8013919.77,1482103.1300000001,476903.0
crypto_eth,2026-06-10,chain,Ethereum,7656530.819999999,1576140.2,697201.0
crypto_eth,2026-06-11,chain,Ethereum,11843814.43,2493894.0999999996,2006951.0
crypto_eth,2026-06-12,chain,Ethereum,7925244.129999999,1236930.31,328687.0
crypto_eth,2026-06-13,chain,Ethereum,6122832.62,1052115.38,224100.0
crypto_eth,2026-06-14,chain,Ethereum,6397997.82,1230278.93,237998.05
crypto_eth,2026-06-15,chain,Ethereum,8819932.04,1558775.0,347621.0
crypto_eth,2026-06-16,chain,Ethereum,8186845.4799999995,1408277.5300000003,343865.0
crypto_eth,2026-06-17,chain,Ethereum,8006019.640000001,1525790.8900000004,531737.0
crypto_eth,2026-06-18,chain,Ethereum,12588789.38,2621097.5,1445550.0
crypto_eth,2026-06-19,chain,Ethereum,8275639.18,1201567.77,289736.0
crypto_eth,2026-06-20,chain,Ethereum,6323709.390000001,1142853.99,210750.0
crypto_eth,2026-06-21,chain,Ethereum,7298268.91,1215891.49,199342.0
crypto_eth,2026-06-22,chain,Ethereum,7089319.09,1334497.1400000001,241996.0
crypto_eth,2026-06-23,chain,Ethereum,7650791.12,1490945.42,198684.93
crypto_eth,2026-06-24,chain,Ethereum,8425915.14,1876395.06,1136384.0
crypto_eth,2026-06-25,chain,Ethereum,13457197.66,3089750.26,1365247.5
crypto_eth,2026-06-26,chain,Ethereum,8022032.850000001,1584552.82,247051.76
crypto_eth,2026-06-27,chain,Ethereum,6379501.4399999995,1393277.04,370512.0
crypto_eth,2026-06-28,chain,Ethereum,6462839.6899999995,1192995.99,152400.08000000002
crypto_eth,2026-06-29,chain,Ethereum,9436511.26,1465607.75,276015.0
crypto_eth,2026-06-30,chain,Ethereum,9022922.509999998,1624565.7200000002,235777.16
crypto_eth,2026-07-01,chain,Ethereum,7894022.92,1495857.6300000001,407393.0
crypto_eth,2026-07-02,chain,Ethereum,13129533.33,2575851.08,1504836.5899999999
crypto_eth,2026-07-03,chain,Ethereum,7696653.12,1455067.12,297213.0
crypto_eth,2026-07-04,chain,Ethereum,6432518.32,1141488.54,163509.0
crypto_eth,2026-07-05,chain,Ethereum,8797555.139999999,2954751.87,165632.0
crypto_eth,2026-07-06,chain,Ethereum,8963875.22,1529820.6400000001,280641.0
crypto_eth,2026-07-07,chain,Ethereum,7367689.72,1460446.21,314931.0
crypto_eth,2026-07-08,chain,Ethereum,8013537.25,1827355.2900000003,2711855.0
crypto_eth,2026-07-09,chain,Ethereum,10562101.4,2635970.27,1300039.0
crypto_eth,2026-07-10,chain,Ethereum,8673582.6,1644336.29,207233.0
crypto_eth,2026-07-11,chain,Ethereum,6927892.169999999,1285716.1,133094.0
crypto_eth,2026-07-12,chain,Ethereum,6691963.66,1183841.36,112917.0
crypto_eth,2026-07-13,chain,Ethereum,7816539.720000001,1464897.0799999998,273200.0
crypto_eth,2026-07-14,chain,Ethereum,7201256.02,1353482.5300000003,188858.0
crypto_eth,2026-07-15,chain,Ethereum,7902541.3,1694153.18,262875.0
crypto_eth,2026-07-16,chain,Ethereum,11678688.02,2669768.3699999996,1510393.0
crypto_eth,2026-07-17,chain,Ethereum,8114881.269999999,1322611.9800000004,191850.0
crypto_eth,2026-07-18,chain,Ethereum,5983553.42,1066114.84,118237.0
crypto_eth,2026-07-19,chain,Ethereum,6435960.349999999,1097708.45,128410.0
crypto_eth,2026-07-20,chain,Ethereum,8156824.249999999,1325127.81,207520.0
crypto_eth,2026-07-21,chain,Ethereum,7603961.680000001,1407712.4800000002,281828.0
crypto_eth,2026-07-22,chain,Ethereum,7803153.719999999,1591207.96,378792.0
crypto_eth,2026-07-23,chain,Ethereum,12704604.79,2723497.1199999996,1414529.0
crypto_eth,2026-07-24,chain,Ethereum,9398769.84,1512113.0299999998,167666.24
crypto_eth,2026-07-25,chain,Ethereum,7985876.550000003,1537988.8600000003,110655.71000000002
crypto_eth,2026-07-26,chain,Ethereum,7965595.62,1550639.0800000008,144490.76
crypto_eth,2026-07-27,chain,Ethereum,9228530.100000003,1708384.4300000006,285766.44999999995
crypto_eth,2026-07-28,chain,Ethereum,8077964.379999998,1476845.08,209446.25999999998
crypto_eth,2026-07-29,chain,Ethereum,7854049.329999998,1411096.1200000003,277540.23000000004
crypto_eth,2026-07-30,chain,Ethereum,13806945.0,2952175.7300000004,1500212.17
crypto_eth,2026-07-31,chain,Ethereum,8096986.6499999985,1486921.2700000005,193423.43000000008
crypto_eth,2026-08-01,chain,Ethereum,6885147.0699999975,1293899.1000000003,132849.54999999996
crypto_eth,2026-08-02,chain,Ethereum,6607811.949999999,1172216.7099999997,121260.17
crypto_eth,2026-08-03,chain,Ethereum,9398514.879999995,1625457.8100000005,229591.27000000005
crypto_eth,2026-08-04,chain,Ethereum,7633279.349999999,1363230.5900000003,188699.62000000002
crypto_eth,2026-08-05,chain,Ethereum,7926510.78,1587988.2200000004,500991.1700000001
crypto_eth,2026-08-06,chain,Ethereum,13501122.260000002,2770497.329999999,1683341.19
crypto_eth,2026-08-07,chain,Ethereum,8796872.62,1341046.27,249814.12
crypto_eth,2026-08-08,chain,Ethereum,6491763.48,1160484.5599999996,181403.26
crypto_eth,2026-08-09,chain,Ethereum,6578204.7799999975,1224002.9700000002,194629.78000000003
crypto_eth,2026-08-10,chain,Ethereum,8987681.419999996,1474207.72,281425.65
crypto_eth,2026-08-11,chain,Ethereum,7716137.0299999975,1328965.1800000006,240465.11000000002
crypto_eth,2026-08-12,chain,Ethereum,8775452.259999998,1544443.1499999992,403832.6900000001
crypto_eth,2026-08-13,chain,Ethereum,12596729.42,2503621.4699999983,1462433.0
crypto_eth,2026-08-14,chain,Ethereum,8052652.85,1366014.8900000008,211850.61000000002
crypto_eth,2026-08-15,chain,Ethereum,7181411.619999998,1198763.7699999998,164577.95
crypto_eth,2026-08-16,chain,Ethereum,5892647.2299999995,1068829.8900000001,152966.58000000002
crypto_eth,2026-08-17,chain,Ethereum,8836454.18,1392081.2,267644.05
crypto_eth,2026-08-18,chain,Ethereum,7112833.519999997,1274529.4100000008,372481.4299999999
crypto_eth,2026-08-19,chain,Ethereum,10523240.579999996,1957852.1200000008,705378.3
crypto_eth,2026-08-20,chain,Ethereum,14593626.309999997,3146849.3200000003,1724041.0999999999
crypto_eth,2026-08-21,chain,Ethereum,13138743.280000005,2450192.8200000003,610989.95
crypto_sol,2025-08-25,chain,Solana,20381606.0,6681727.0,2326517.0
crypto_sol,2025-08-26,chain,Solana,15190893.879999999,6616309.88,2239230.0
crypto_sol,2025-08-27,chain,Solana,23085844.0,8605605.0,2774192.0
crypto_sol,2025-08-28,chain,Solana,16963248.77,7515391.77,2647937.0
crypto_sol,2025-08-29,chain,Solana,22002166.0,7577286.0,2475582.0
crypto_sol,2025-08-30,chain,Solana,11098265.65,4996387.65,1665031.0
crypto_sol,2025-08-31,chain,Solana,14327797.0,4839595.0,1611774.0
crypto_sol,2025-09-01,chain,Solana,14314493.02,5917077.02,2108497.0
crypto_sol,2025-09-02,chain,Solana,20786718.0,7225603.0,2273194.0
crypto_sol,2025-09-03,chain,Solana,19428878.08,7904703.08,2447914.0
crypto_sol,2025-09-04,chain,Solana,21079220.0,7159078.0,2145536.0
crypto_sol,2025-09-05,chain,Solana,15304690.0,6358676.0,2042644.0
crypto_sol,2025-09-06,chain,Solana,15001747.0,4813571.0,1540807.0
crypto_sol,2025-09-07,chain,Solana,11117851.01,4725743.01,1561287.0
crypto_sol,2025-09-08,chain,Solana,20818484.0,6653177.0,2253598.0
crypto_sol,2025-09-09,chain,Solana,17786215.0,7352033.0,2112691.0
crypto_sol,2025-09-10,chain,Solana,27819003.0,9305172.0,2471230.0
crypto_sol,2025-09-11,chain,Solana,17889163.36,6935153.359999999,2208304.0
crypto_sol,2025-09-12,chain,Solana,25267716.0,9479821.0,2604218.0
crypto_sol,2025-09-13,chain,Solana,15624289.95,6457667.95,1982030.0
crypto_sol,2025-09-14,chain,Solana,28575380.0,9894993.0,2963970.0
crypto_sol,2025-09-15,chain,Solana,24797651.009999998,10124890.01,3105621.0
crypto_sol,2025-09-16,chain,Solana,25720811.0,9181716.0,2838667.0
crypto_sol,2025-09-17,chain,Solana,17720727.0,6978834.0,2396311.0
crypto_sol,2025-09-18,chain,Solana,22662109.0,7021377.0,2334766.0
crypto_sol,2025-09-19,chain,Solana,16333910.01,6263985.01,2204915.0
crypto_sol,2025-09-20,chain,Solana,16189419.0,4685508.0,1551154.0
crypto_sol,2025-09-21,chain,Solana,9865775.99,3880874.99,1376911.0
crypto_sol,2025-09-22,chain,Solana,21004980.0,6237042.0,1941372.0
crypto_sol,2025-09-23,chain,Solana,12346710.16,4893758.16,1720398.0
crypto_sol,2025-09-24,chain,Solana,17815609.0,6050541.0,1656683.0
crypto_sol,2025-09-25,chain,Solana,16994154.09,5796620.09,2127977.0
crypto_sol,2025-09-26,chain,Solana,15864991.0,4692222.0,1497117.0
crypto_sol,2025-09-27,chain,Solana,8467915.39,3124594.0,1112186.0
crypto_sol,2025-09-28,chain,Solana,12625226.0,3497812.0,1139705.0
crypto_sol,2025-09-29,chain,Solana,12381472.18,5021179.18,1854995.0
crypto_sol,2025-09-30,chain,Solana,17589113.0,5597009.0,1833127.0
crypto_sol,2025-10-01,chain,Solana,16235457.530000001,6432423.15,2036480.0
crypto_sol,2025-10-02,chain,Solana,22419899.38,6519325.38,2058187.0
crypto_sol,2025-10-03,chain,Solana,15843177.030000001,6250341.029999999,1872879.0
crypto_sol,2025-10-04,chain,Solana,17261671.0,4657365.0,1272928.0
crypto_sol,2025-10-05,chain,Solana,12176828.51,4900721.51,1484043.0
crypto_sol,2025-10-06,chain,Solana,20253140.3,6065027.3,1852160.0
crypto_sol,2025-10-07,chain,Solana,12826118.07,4661844.07,1444650.0
crypto_sol,2025-10-08,chain,Solana,15219674.0,3678744.0,1026061.0
crypto_sol,2025-10-09,chain,Solana,12282334.18,4031180.1799999997,1223784.0
crypto_sol,2025-10-10,chain,Solana,33976550.0,9181947.0,2713791.0
crypto_sol,2025-10-11,chain,Solana,12196499.0,4036098.0,1276429.0
crypto_sol,2025-10-12,chain,Solana,16830117.0,4110482.0,1195763.0
crypto_sol,2025-10-13,chain,Solana,11490657.0,3879646.0,1308710.0
crypto_sol,2025-10-14,chain,Solana,18122145.0,4847899.0,1443341.0
crypto_sol,2025-10-15,chain,Solana,12567007.37,4248340.0,1319404.0
crypto_sol,2025-10-16,chain,Solana,16756783.0,4441761.0,1371789.0
crypto_sol,2025-10-17,chain,Solana,12249333.309999999,4112044.31,1232692.0
crypto_sol,2025-10-18,chain,Solana,15394106.0,3869894.0,1084550.0
crypto_sol,2025-10-19,chain,Solana,8891736.07,3382095.0700000003,1147546.0
crypto_sol,2025-10-20,chain,Solana,16903558.91,4702081.91,1357982.0
crypto_sol,2025-10-21,chain,Solana,13814929.07,4918004.07,1536365.0
crypto_sol,2025-10-22,chain,Solana,16114020.0,4329125.0,1436592.0
crypto_sol,2025-10-23,chain,Solana,13913547.41,4379593.41,4251184.0
crypto_sol,2025-10-24,chain,Solana,14849544.0,4185762.0,1337032.0
crypto_sol,2025-10-25,chain,Solana,9157722.129999999,3455689.13,1152152.0
crypto_sol,2025-10-26,chain,Solana,13950063.0,3902276.0,1225407.0
crypto_sol,2025-10-27,chain,Solana,13367600.0,4726435.0,3135455.0
crypto_sol,2025-10-28,chain,Solana,20373232.0,5395002.0,1733723.0
crypto_sol,2025-10-29,chain,Solana,15547323.0,5261281.0,1724782.0
crypto_sol,2025-10-30,chain,Solana,19455524.0,5723123.0,1788042.0
crypto_sol,2025-10-31,chain,Solana,12821765.89,4603563.18,1718622.0
crypto_sol,2025-11-01,chain,Solana,15746721.0,4166892.0,1437058.0
crypto_sol,2025-11-02,chain,Solana,10260859.4,3786177.0,1320031.0
crypto_sol,2025-11-03,chain,Solana,16817783.0,4992163.0,1769131.0
crypto_sol,2025-11-04,chain,Solana,15639556.0,5399189.0,2089431.0
crypto_sol,2025-11-05,chain,Solana,15037402.0,4499751.0,1580266.0
crypto_sol,2025-11-06,chain,Solana,10624361.02,4265741.02,1699853.0
crypto_sol,2025-11-07,chain,Solana,14861027.0,4641191.0,1894700.0
crypto_sol,2025-11-08,chain,Solana,9940508.0,3859902.0,1782005.0
crypto_sol,2025-11-09,chain,Solana,13513431.0,4533049.0,2157913.0
crypto_sol,2025-11-10,chain,Solana,11763482.84,4896180.0,2224712.0
crypto_sol,2025-11-11,chain,Solana,15796057.0,5187358.0,2187556.0
crypto_sol,2025-11-12,chain,Solana,13113160.76,4837920.01,1753431.0
crypto_sol,2025-11-13,chain,Solana,14134135.0,4154101.0,2281762.0
crypto_sol,2025-11-14,chain,Solana,11337469.04,3943258.04,3374953.0
crypto_sol,2025-11-15,chain,Solana,10527919.0,3027190.0,1125479.0
crypto_sol,2025-11-16,chain,Solana,7261963.779999999,2786572.7800000003,1158624.0
crypto_sol,2025-11-17,chain,Solana,12603104.0,3793362.0,1559691.0
crypto_sol,2025-11-18,chain,Solana,8701555.0,3519461.0,1410960.0
crypto_sol,2025-11-19,chain,Solana,11640044.0,3801614.0,2382313.0
crypto_sol,2025-11-20,chain,Solana,8925526.0,3541739.0,1432353.0
crypto_sol,2025-11-21,chain,Solana,12832225.0,3726408.0,4556568.0
crypto_sol,2025-11-22,chain,Solana,6116433.26,2577512.26,1149665.0
crypto_sol,2025-11-23,chain,Solana,9429803.94,3023970.94,1476701.0
crypto_sol,2025-11-24,chain,Solana,7581465.0,2998936.0,1303516.0
crypto_sol,2025-11-25,chain,Solana,10828762.0,3638594.0,1608528.0
crypto_sol,2025-11-26,chain,Solana,9062938.19,3984395.19,1837153.0
crypto_sol,2025-11-27,chain,Solana,11483924.0,4335317.0,2119659.0
crypto_sol,2025-11-28,chain,Solana,11307533.0,3961169.0,1794225.0
crypto_sol,2025-11-29,chain,Solana,7514293.01,3403763.01,1482042.0
crypto_sol,2025-11-30,chain,Solana,10342070.0,3218054.94,1372438.0
crypto_sol,2025-12-01,chain,Solana,8922807.01,3486396.01,1355275.0
crypto_sol,2025-12-02,chain,Solana,12869253.0,4385207.0,1824292.0
crypto_sol,2025-12-03,chain,Solana,9112499.01,3870603.01,1639225.0
crypto_sol,2025-12-04,chain,Solana,14154641.0,4240491.0,1787018.0
crypto_sol,2025-12-05,chain,Solana,8744829.02,3648576.02,1583867.0
crypto_sol,2025-12-06,chain,Solana,10703984.0,3228713.0,1307237.0
crypto_sol,2025-12-07,chain,Solana,7494680.85,2898498.01,1100931.0
crypto_sol,2025-12-08,chain,Solana,11910318.0,3769149.0,1337403.0
crypto_sol,2025-12-09,chain,Solana,10173129.01,3897874.01,1366420.0
crypto_sol,2025-12-10,chain,Solana,12506086.0,3748451.0,1332595.0
crypto_sol,2025-12-11,chain,Solana,11312130.0,4230062.0,1389242.0
crypto_sol,2025-12-12,chain,Solana,12496431.0,3723181.0,1278580.0
crypto_sol,2025-12-13,chain,Solana,7198883.08,2767939.0,1080133.0
crypto_sol,2025-12-14,chain,Solana,10153203.0,2896306.0,1132406.0
crypto_sol,2025-12-15,chain,Solana,10030446.270000001,3836516.2699999996,1547285.0
crypto_sol,2025-12-16,chain,Solana,11603603.0,3570289.12,2743546.0
crypto_sol,2025-12-17,chain,Solana,8313263.0,3287640.0,1341090.0
crypto_sol,2025-12-18,chain,Solana,10484402.0,3252583.5700000003,1325890.0
crypto_sol,2025-12-19,chain,Solana,7864176.35,2953115.35,1205660.0
crypto_sol,2025-12-20,chain,Solana,9735007.0,2926567.99,1097100.0
crypto_sol,2025-12-21,chain,Solana,7046600.54,2699890.01,1094897.0
crypto_sol,2025-12-22,chain,Solana,11747635.0,3701169.69,1483798.0
crypto_sol,2025-12-23,chain,Solana,8157284.46,3273126.21,1288660.0
crypto_sol,2025-12-24,chain,Solana,10618316.0,3073758.8200000003,1109616.0
crypto_sol,2025-12-25,chain,Solana,7910097.0,2928459.0,1090464.0
crypto_sol,2025-12-26,chain,Solana,10939681.0,3241500.13,1192446.0
crypto_sol,2025-12-27,chain,Solana,8591582.84,3256134.34,1185574.0
crypto_sol,2025-12-28,chain,Solana,11636794.71,3447545.71,1194037.0
crypto_sol,2025-12-29,chain,Solana,10312235.26,3754126.26,1309623.0
crypto_sol,2025-12-30,chain,Solana,13843426.0,4059863.17,1308967.0
crypto_sol,2025-12-31,chain,Solana,10834611.0,3617147.0,1259248.0
crypto_sol,2026-01-01,chain,Solana,11034957.0,3161066.0,1036032.0
crypto_sol,2026-01-02,chain,Solana,12293946.0,4310298.0,1427941.0
crypto_sol,2026-01-03,chain,Solana,15833797.56,4521310.26,1405561.0
crypto_sol,2026-01-04,chain,Solana,12619932.39,4165898.39,1369092.0
crypto_sol,2026-01-05,chain,Solana,19354294.86,5766910.86,1655257.0
crypto_sol,2026-01-06,chain,Solana,19126132.419999998,6808774.63,1939445.0
crypto_sol,2026-01-07,chain,Solana,18952393.0,5664824.62,1709281.0
crypto_sol,2026-01-08,chain,Solana,12036074.52,4774541.0,1662954.0
crypto_sol,2026-01-09,chain,Solana,14598492.0,4713880.91,1658967.0
crypto_sol,2026-01-10,chain,Solana,9788638.33,3977352.3299999996,1563924.0
crypto_sol,2026-01-11,chain,Solana,16063468.85,4791353.85,1608903.0
crypto_sol,2026-01-12,chain,Solana,13716346.139999999,5176236.86,1778273.0
crypto_sol,2026-01-13,chain,Solana,17528436.48,5832734.48,1921493.0
crypto_sol,2026-01-14,chain,Solana,13321836.53,5289133.529999999,1833024.0
crypto_sol,2026-01-15,chain,Solana,16902056.99,5717000.92,1962008.0
crypto_sol,2026-01-16,chain,Solana,24298360.3,7076460.3,1234014.0
crypto_sol,2026-01-17,chain,Solana,12625896.299999999,4404800.32,1205769.0
crypto_sol,2026-01-18,chain,Solana,15649554.03,4658722.58,1224197.0
crypto_sol,2026-01-19,chain,Solana,13892212.450000001,5119572.81,1490841.0
crypto_sol,2026-01-20,chain,Solana,16935632.13,5407606.05,1324126.0
crypto_sol,2026-01-21,chain,Solana,12950413.790000001,4673255.41,1286705.0
crypto_sol,2026-01-22,chain,Solana,16346810.98,4973658.880000001,1483361.0
crypto_sol,2026-01-23,chain,Solana,10774732.09,4175261.98,1331901.0
crypto_sol,2026-01-24,chain,Solana,15835213.89,5180662.72,1557511.0
crypto_sol,2026-01-25,chain,Solana,15925118.92,5961938.92,1839985.0
crypto_sol,2026-01-26,chain,Solana,19496251.0,6609062.55,2138789.0
crypto_sol,2026-01-27,chain,Solana,15497022.639999999,6266450.64,2219720.0
crypto_sol,2026-01-28,chain,Solana,16492735.15,5829021.8100000005,2122341.0
crypto_sol,2026-01-29,chain,Solana,12469398.54,5360461.54,1913705.0
crypto_sol,2026-01-30,chain,Solana,19606072.58,6729367.720000001,2251467.0
crypto_sol,2026-01-31,chain,Solana,14821538.24,6407311.239999999,2011162.0
crypto_sol,2026-02-01,chain,Solana,11860815.23,4064366.29,1312677.0
crypto_sol,2026-02-02,chain,Solana,10604085.0,4464286.0,1476960.0
crypto_sol,2026-02-03,chain,Solana,12460636.26,4334717.02,1485313.0
crypto_sol,2026-02-04,chain,Solana,10572716.22,4284822.22,1463246.0
crypto_sol,2026-02-05,chain,Solana,14340232.46,4932877.46,1628410.0
crypto_sol,2026-02-06,chain,Solana,14205592.02,5423089.02,1806570.0
crypto_sol,2026-02-07,chain,Solana,10554712.0,3539171.12,1262972.0
crypto_sol,2026-02-08,chain,Solana,7789477.149999999,3527687.15,1139445.0
crypto_sol,2026-02-09,chain,Solana,9762357.38,3420412.54,1212918.0
crypto_sol,2026-02-10,chain,Solana,7529514.02,3164222.45,1248213.0
crypto_sol,2026-02-11,chain,Solana,9423768.0,3199724.75,1214392.0
crypto_sol,2026-02-12,chain,Solana,7073610.02,2999636.02,1153074.0
crypto_sol,2026-02-13,chain,Solana,9135709.0,3194622.73,1223297.0
crypto_sol,2026-02-14,chain,Solana,6337267.2,2676545.06,1043489.0
crypto_sol,2026-02-15,chain,Solana,8832305.47,2966175.3400000003,1110240.0
crypto_sol,2026-02-16,chain,Solana,6954617.63,3056622.0,1186697.0
crypto_sol,2026-02-17,chain,Solana,10617974.0,3909613.7199999997,1390194.0
crypto_sol,2026-02-18,chain,Solana,7433647.99,3342652.99,1342887.0
crypto_sol,2026-02-19,chain,Solana,11591230.0,3620015.5,1468668.0
crypto_sol,2026-02-20,chain,Solana,8148581.8,3473328.8,1240591.0
crypto_sol,2026-02-21,chain,Solana,8939882.0,3296917.0,1165241.0
crypto_sol,2026-02-22,chain,Solana,6776721.109999999,3032794.46,1139647.0
crypto_sol,2026-02-23,chain,Solana,9795468.0,3405401.24,1186553.0
crypto_sol,2026-02-24,chain,Solana,8074632.0,3475429.0,1216724.0
crypto_sol,2026-02-25,chain,Solana,11564473.01,3926555.63,1393734.54
crypto_sol,2026-02-26,chain,Solana,7355238.67,3053961.1100000003,1133561.03
crypto_sol,2026-02-27,chain,Solana,9530374.0,3486527.01,1191263.0
crypto_sol,2026-02-28,chain,Solana,7507179.81,3183136.0,1171664.0
crypto_sol,2026-03-01,chain,Solana,8758015.17,3005875.38,1188365.0
crypto_sol,2026-03-02,chain,Solana,7783580.5,3308327.19,1282571.0
crypto_sol,2026-03-03,chain,Solana,9462300.23,3212253.0900000003,1207088.0
crypto_sol,2026-03-04,chain,Solana,7649809.68,3186555.68,1254931.0
crypto_sol,2026-03-05,chain,Solana,9369815.64,3201972.9800000004,1137699.03
crypto_sol,2026-03-06,chain,Solana,7691113.390000001,3261576.5300000003,1280521.02
crypto_sol,2026-03-07,chain,Solana,8224520.850000001,2876394.75,1013127.24
crypto_sol,2026-03-08,chain,Solana,6242190.0,2513707.33,917815.44
crypto_sol,2026-03-09,chain,Solana,9061584.49,3035177.8200000003,1164949.27
crypto_sol,2026-03-10,chain,Solana,7216080.5600000005,3067333.41,1113128.52
crypto_sol,2026-03-11,chain,Solana,8821176.46,3084341.46,1110368.9
crypto_sol,2026-03-12,chain,Solana,6905466.0600000005,3016391.34,1166492.39
crypto_sol,2026-03-13,chain,Solana,9165674.09,3140494.87,1149157.3900000001
crypto_sol,2026-03-14,chain,Solana,5815344.11,2400326.2199999997,944513.5
crypto_sol,2026-03-15,chain,Solana,7983443.0,2616623.0,994159.47
crypto_sol,2026-03-16,chain,Solana,7742270.2700000005,3494870.54,1317304.75
crypto_sol,2026-03-17,chain,Solana,9114747.67,3260074.1799999997,1158358.8900000001
crypto_sol,2026-03-18,chain,Solana,6579708.39,2677154.7,1084107.22
crypto_sol,2026-03-19,chain,Solana,8064268.57,2683667.4699999997,994320.06
crypto_sol,2026-03-20,chain,Solana,5638698.87,2417664.75,911088.13
crypto_sol,2026-03-21,chain,Solana,7337001.0,2508427.7,843439.8
crypto_sol,2026-03-22,chain,Solana,4972527.08,2204513.33,838790.6799999999
crypto_sol,2026-03-23,chain,Solana,8539699.0,2963120.38,1085267.63
crypto_sol,2026-03-24,chain,Solana,6389924.279999999,2830392.6599999997,1098782.74
crypto_sol,2026-03-25,chain,Solana,8614639.79,3195125.1799999997,1142446.37
crypto_sol,2026-03-26,chain,Solana,5732856.63,2658481.52,1034988.0
crypto_sol,2026-03-27,chain,Solana,7524484.0,2659981.94,956452.39
crypto_sol,2026-03-28,chain,Solana,4919115.38,2120576.54,903041.0
crypto_sol,2026-03-29,chain,Solana,6429984.89,2166865.7,810562.56
crypto_sol,2026-03-30,chain,Solana,9456743.0,3452036.04,1428953.27
crypto_sol,2026-03-31,chain,Solana,6663824.67,2870688.86,2746897.44
crypto_sol,2026-04-01,chain,Solana,11048566.0,4019382.9699999997,1599265.04
crypto_sol,2026-04-02,chain,Solana,6044727.679999999,2725777.2100000004,1356281.52
crypto_sol,2026-04-03,chain,Solana,7247721.0,2569930.5300000003,1258255.88
crypto_sol,2026-04-04,chain,Solana,4978326.829999999,2230411.7,1173899.62
crypto_sol,2026-04-05,chain,Solana,6317789.41,2034817.02,1141586.12
crypto_sol,2026-04-06,chain,Solana,5543153.2,2415125.4,1040836.39
crypto_sol,2026-04-07,chain,Solana,7482608.65,2556236.72,1247115.78
crypto_sol,2026-04-08,chain,Solana,5559461.16,2482815.95,1254148.99
crypto_sol,2026-04-09,chain,Solana,7578345.3,2877765.78,1165569.0
crypto_sol,2026-04-10,chain,Solana,5259004.6899999995,2321834.86,1144555.05
crypto_sol,2026-04-11,chain,Solana,6403724.44,2094107.62,1075876.1600000001
crypto_sol,2026-04-12,chain,Solana,4517116.04,1910849.77,974713.0800000001
crypto_sol,2026-04-13,chain,Solana,7529408.87,2560314.5,952637.3899999999
crypto_sol,2026-04-14,chain,Solana,5861229.57,2512576.67,1156745.37
crypto_sol,2026-04-15,chain,Solana,8003211.75,2759118.45,1178768.76
crypto_sol,2026-04-16,chain,Solana,6514945.71,2736617.38,1259194.29
crypto_sol,2026-04-17,chain,Solana,9013648.01,3172178.46,1332635.6
crypto_sol,2026-04-18,chain,Solana,5561204.04,2330904.37,1248462.25
crypto_sol,2026-04-19,chain,Solana,6879950.24,2206202.96,1025152.8099999999
crypto_sol,2026-04-20,chain,Solana,5673892.3,2363316.9499999997,972453.11
crypto_sol,2026-04-21,chain,Solana,7888429.17,2911466.27,1129376.35
crypto_sol,2026-04-22,chain,Solana,6802088.87,3125003.46,1179877.85
crypto_sol,2026-04-23,chain,Solana,7595959.15,2799883.3699999996,1020206.45
crypto_sol,2026-04-24,chain,Solana,5606676.58,2643850.2800000003,928428.06
crypto_sol,2026-04-25,chain,Solana,7242690.25,2714126.5199999996,1050526.3199999998
crypto_sol,2026-04-26,chain,Solana,5110523.39,2350731.82,1014192.27
crypto_sol,2026-04-27,chain,Solana,8342505.74,3026622.08,1068643.6600000001
crypto_sol,2026-04-28,chain,Solana,7034346.0,3453355.15,1785370.86
crypto_sol,2026-04-29,chain,Solana,9263397.04,3377148.5,927589.48
crypto_sol,2026-04-30,chain,Solana,6504386.43,2911943.67,834729.5
crypto_sol,2026-05-01,chain,Solana,8316032.17,3082463.63,840182.3
crypto_sol,2026-05-02,chain,Solana,5625482.0,2857037.68,674755.66
crypto_sol,2026-05-03,chain,Solana,7470866.04,3026145.62,673069.6799999999
crypto_sol,2026-05-04,chain,Solana,6424258.539999999,2960211.3200000003,792231.3500000001
crypto_sol,2026-05-05,chain,Solana,10002393.0,3342098.8200000003,963424.91
crypto_sol,2026-05-06,chain,Solana,7716808.93,3567002.1700000004,857829.66
crypto_sol,2026-05-07,chain,Solana,9172834.56,3431580.62,828671.0800000001
crypto_sol,2026-05-08,chain,Solana,8280717.899999999,3778206.2600000002,922965.95
crypto_sol,2026-05-09,chain,Solana,8397821.7,3079296.21,794290.0800000001
crypto_sol,2026-05-10,chain,Solana,6860928.4,3117099.52,834849.71
crypto_sol,2026-05-11,chain,Solana,10515224.39,3860717.14,989050.42
crypto_sol,2026-05-12,chain,Solana,8265621.819999999,3756734.0500000003,997297.44
crypto_sol,2026-05-13,chain,Solana,9807837.92,3659435.9899999998,917812.03
crypto_sol,2026-05-14,chain,Solana,7176379.72,3204362.3899999997,943104.8
crypto_sol,2026-05-15,chain,Solana,8714270.0,3145242.09,854346.81
crypto_sol,2026-05-16,chain,Solana,5963473.62,2625230.19,809053.81
crypto_sol,2026-05-17,chain,Solana,7111124.81,2571001.6300000004,799981.78
crypto_sol,2026-05-18,chain,Solana,6456507.909999999,2849599.97,865622.0
crypto_sol,2026-05-19,chain,Solana,7975601.81,2995443.81,753454.0
crypto_sol,2026-05-20,chain,Solana,6738289.970000001,2930837.46,829619.0
crypto_sol,2026-05-21,chain,Solana,8132626.1899999995,3020836.4200000004,743794.0
crypto_sol,2026-05-22,chain,Solana,6390950.76,2837347.69,756178.0
crypto_sol,2026-05-23,chain,Solana,7253236.39,2432745.9,680636.0
crypto_sol,2026-05-24,chain,Solana,5237685.93,2368442.96,718399.0
crypto_sol,2026-05-25,chain,Solana,7724217.47,2999491.7800000003,780229.76
crypto_sol,2026-05-26,chain,Solana,5884176.04,2616202.47,774841.0
crypto_sol,2026-05-27,chain,Solana,7727264.94,2850851.84,785042.0
crypto_sol,2026-05-28,chain,Solana,6382205.35,3045183.3499999996,867994.0
crypto_sol,2026-05-29,chain,Solana,7608799.26,3041445.2399999998,830972.69
crypto_sol,2026-05-30,chain,Solana,4841236.35,2363014.27,759675.62
crypto_sol,2026-05-31,chain,Solana,6960607.33,2759288.94,856314.9
crypto_sol,2026-06-01,chain,Solana,7570652.87,3553933.87,1068903.0
crypto_sol,2026-06-02,chain,Solana,8628939.74,3208526.8000000003,937363.0
crypto_sol,2026-06-03,chain,Solana,5967834.21,2638516.21,873481.0
crypto_sol,2026-06-04,chain,Solana,8230784.77,3042028.22,833759.0
crypto_sol,2026-06-05,chain,Solana,6714267.96,2846364.96,738723.0
crypto_sol,2026-06-06,chain,Solana,5665927.0,2101374.0300000003,616396.0
crypto_sol,2026-06-07,chain,Solana,4730767.59,2104276.1100000003,664699.0
crypto_sol,2026-06-08,chain,Solana,6813296.88,2777891.1799999997,822338.0
crypto_sol,2026-06-09,chain,Solana,5771141.52,2616689.52,698011.0
crypto_sol,2026-06-10,chain,Solana,8130731.82,3731924.9499999997,842288.0
crypto_sol,2026-06-11,chain,Solana,6769050.9,3452395.9,1038456.0
crypto_sol,2026-06-12,chain,Solana,7846626.01,3081502.87,998174.0
crypto_sol,2026-06-13,chain,Solana,5096125.63,2539959.12,748401.0
crypto_sol,2026-06-14,chain,Solana,6828799.17,2795651.23,1052697.0
crypto_sol,2026-06-15,chain,Solana,7508267.92,3963479.23,1141751.0
crypto_sol,2026-06-16,chain,Solana,8642986.91,3740201.0300000003,1075535.0
crypto_sol,2026-06-17,chain,Solana,7015150.659999999,3453771.9699999997,938807.0
crypto_sol,2026-06-18,chain,Solana,7906385.54,3116202.58,951834.0
crypto_sol,2026-06-19,chain,Solana,5915226.33,2903102.87,939509.28
crypto_sol,2026-06-20,chain,Solana,7117913.99,2601495.6,904394.0
crypto_sol,2026-06-21,chain,Solana,5216606.4799999995,2532796.46,823268.0
crypto_sol,2026-06-22,chain,Solana,8174240.07,3329539.48,1189371.22
crypto_sol,2026-06-23,chain,Solana,6344844.6899999995,2884115.1399999997,894873.47
crypto_sol,2026-06-24,chain,Solana,7361235.91,2603868.46,815109.0
crypto_sol,2026-06-25,chain,Solana,6338281.5600000005,2898602.55,835054.0
crypto_sol,2026-06-26,chain,Solana,7830951.09,2917485.23,821397.0
crypto_sol,2026-06-27,chain,Solana,5102749.6,2188993.13,665702.2
crypto_sol,2026-06-28,chain,Solana,8941855.18,3390132.4699999997,925187.0
crypto_sol,2026-06-29,chain,Solana,7349638.800000001,3309551.36,790907.37
crypto_sol,2026-06-30,chain,Solana,10549018.09,4018080.3400000003,985017.99
crypto_sol,2026-07-01,chain,Solana,7509041.37,3452796.9499999997,904552.0
crypto_sol,2026-07-02,chain,Solana,9443254.52,3758114.65,967813.0
crypto_sol,2026-07-03,chain,Solana,7910334.51,3728056.36,910030.62
crypto_sol,2026-07-04,chain,Solana,9462419.41,3774449.54,891585.37
crypto_sol,2026-07-05,chain,Solana,6347235.93,2764620.1999999997,764420.58
crypto_sol,2026-07-06,chain,Solana,9626108.270000001,3612258.81,881192.65
crypto_sol,2026-07-07,chain,Solana,8349488.5,3911855.02,894999.0
crypto_sol,2026-07-08,chain,Solana,8513248.17,3184075.16,807039.0
crypto_sol,2026-07-09,chain,Solana,6465947.7,3145840.3399999994,717533.72
crypto_sol,2026-07-10,chain,Solana,7889644.9399999995,3153220.89,674667.0800000001
crypto_sol,2026-07-11,chain,Solana,4558794.06,2102175.85,524596.44
crypto_sol,2026-07-12,chain,Solana,5787644.32,2135906.8,573155.47
crypto_sol,2026-07-13,chain,Solana,5812553.709999999,2821782.4100000006,614213.0
crypto_sol,2026-07-14,chain,Solana,8135091.02,3526185.1599999997,736575.4400000001
crypto_sol,2026-07-15,chain,Solana,6336489.77,3178306.9600000004,661038.12
crypto_sol,2026-07-16,chain,Solana,7306437.57,2850227.6599999997,671681.98
crypto_sol,2026-07-17,chain,Solana,6139478.1,2973574.92,742333.2899999999
crypto_sol,2026-07-18,chain,Solana,6794069.029999999,2872151.26,647584.63
crypto_sol,2026-07-19,chain,Solana,5016591.300000001,2399774.53,692317.7000000001
crypto_sol,2026-07-20,chain,Solana,7379617.11,2842588.6400000006,681200.39
crypto_sol,2026-07-21,chain,Solana,5824422.74,2672278.09,745299.98
crypto_sol,2026-07-22,chain,Solana,8915920.29,3647480.53,785830.2999999999
crypto_sol,2026-07-23,chain,Solana,7410421.670000001,3673731.7099999995,764655.2899999999
crypto_sol,2026-07-24,chain,Solana,6858604.2,3212788.6399999997,763111.61
crypto_sol,2026-07-25,chain,Solana,7345840.84,2887404.239999999,702970.2499999999
crypto_sol,2026-07-26,chain,Solana,6201512.499999999,2897443.9699999983,765906.14
crypto_sol,2026-07-27,chain,Solana,9071841.649999999,3798385.97,919419.04
crypto_sol,2026-07-28,chain,Solana,7773045.969999998,3637157.4999999995,891644.87
crypto_sol,2026-07-29,chain,Solana,9142628.839999996,4039113.1799999992,885468.9
crypto_sol,2026-07-30,chain,Solana,7427596.38,3582488.5399999996,925254.1100000002
crypto_sol,2026-07-31,chain,Solana,8212623.619999999,3350041.6900000004,853560.65
crypto_sol,2026-08-01,chain,Solana,5777672.9799999995,2780970.0300000003,691843.2700000001
crypto_sol,2026-08-02,chain,Solana,7645158.46,3190897.0800000005,706900.85
crypto_sol,2026-08-03,chain,Solana,8553924.920000002,4370800.940000001,931602.0200000001
crypto_sol,2026-08-04,chain,Solana,10246029.52,4514434.550000001,1077044.29
crypto_sol,2026-08-05,chain,Solana,7799459.210000001,3650108.6199999996,872825.9
crypto_sol,2026-08-06,chain,Solana,9010491.69,3736513.9499999997,886045.4400000001
crypto_sol,2026-08-07,chain,Solana,8178846.880000001,3815510.27,896897.94
crypto_sol,2026-08-08,chain,Solana,9374904.870000001,3798327.7300000004,1005285.0299999999
crypto_sol,2026-08-09,chain,Solana,9152654.089999998,4340310.699999999,1091296.08
crypto_sol,2026-08-10,chain,Solana,10500950.680000002,4228959.270000001,1071726.3900000001
crypto_sol,2026-08-11,chain,Solana,9982997.92,4852756.409999997,1155845.05
crypto_sol,2026-08-12,chain,Solana,9680802.769999998,4817741.029999998,1188965.6099999999
crypto_sol,2026-08-13,chain,Solana,10156026.239999995,4232948.209999999,1114989.8400000003
crypto_sol,2026-08-14,chain,Solana,8053729.799999999,3811339.769999999,917227.6399999999
crypto_sol,2026-08-15,chain,Solana,8146764.1,3187898.059999998,808879.73
crypto_sol,2026-08-16,chain,Solana,6803771.48,3351806.459999999,812525.14
crypto_sol,2026-08-17,chain,Solana,11286044.61,4471131.92,980829.64
crypto_sol,2026-08-18,chain,Solana,8775435.620000001,4042128.76,1096833.9300000002
crypto_sol,2026-08-19,chain,Solana,13685173.579999996,6033631.939999999,1411692.9600000002
crypto_sol,2026-08-20,chain,Solana,11081865.079999996,5177144.700000001,1371137.47
crypto_sol,2026-08-21,chain,Solana,13338160.879999997,5315642.610000001,1359014.1
crypto_trx,2025-08-25,chain,TRON,311800.0,113390.0,3782.0
crypto_trx,2025-08-26,chain,TRON,240302.0,70371.0,2091.0
crypto_trx,2025-08-27,chain,TRON,192033.0,40104.0,1994.0
crypto_trx,2025-08-28,chain,TRON,188275.0,37284.0,3192.0
crypto_trx,2025-08-29,chain,TRON,233457.0,24710.0,2642.0
crypto_trx,2025-08-30,chain,TRON,138550.0,40521.0,1692.0
crypto_trx,2025-08-31,chain,TRON,155686.0,37316.0,1256.0
crypto_trx,2025-09-01,chain,TRON,235693.0,94010.0,2141.0
crypto_trx,2025-09-02,chain,TRON,126714.0,17881.0,1579.0
crypto_trx,2025-09-03,chain,TRON,203424.0,55787.0,1489.0
crypto_trx,2025-09-04,chain,TRON,132034.0,28724.0,1456.0
crypto_trx,2025-09-05,chain,TRON,152579.0,21028.0,2492.0
crypto_trx,2025-09-06,chain,TRON,204240.0,58864.0,6014.0
crypto_trx,2025-09-07,chain,TRON,166413.0,19258.0,2623.0
crypto_trx,2025-09-08,chain,TRON,136677.0,19996.0,1616.0
crypto_trx,2025-09-09,chain,TRON,166166.0,26968.0,7978.0
crypto_trx,2025-09-10,chain,TRON,182378.0,62323.0,5059.0
crypto_trx,2025-09-11,chain,TRON,148982.0,23349.0,5823.0
crypto_trx,2025-09-12,chain,TRON,159478.0,29257.0,6917.0
crypto_trx,2025-09-13,chain,TRON,120575.0,19202.0,4276.0
crypto_trx,2025-09-14,chain,TRON,108560.0,23135.0,4349.0
crypto_trx,2025-09-15,chain,TRON,151997.0,33552.0,2675.0
crypto_trx,2025-09-16,chain,TRON,137065.0,29418.0,2996.0
crypto_trx,2025-09-17,chain,TRON,191412.0,46019.0,3032.0
crypto_trx,2025-09-18,chain,TRON,216203.0,47454.0,11801.0
crypto_trx,2025-09-19,chain,TRON,195435.0,44031.0,9423.0
crypto_trx,2025-09-20,chain,TRON,173029.0,35427.0,12168.0
crypto_trx,2025-09-21,chain,TRON,142243.0,48126.0,4178.0
crypto_trx,2025-09-22,chain,TRON,236224.0,47492.0,10671.0
crypto_trx,2025-09-23,chain,TRON,130753.0,23945.0,2455.0
crypto_trx,2025-09-24,chain,TRON,119006.0,32006.0,1537.0
crypto_trx,2025-09-25,chain,TRON,139614.0,19755.0,3044.0
crypto_trx,2025-09-26,chain,TRON,131077.0,21653.0,3009.0
crypto_trx,2025-09-27,chain,TRON,208632.0,17548.0,2536.0
crypto_trx,2025-09-28,chain,TRON,88137.0,20531.0,2189.0
crypto_trx,2025-09-29,chain,TRON,228169.0,130210.0,3522.0
crypto_trx,2025-09-30,chain,TRON,149297.0,29895.0,2963.0
crypto_trx,2025-10-01,chain,TRON,279135.0,67599.0,2329.0
crypto_trx,2025-10-02,chain,TRON,137433.0,27324.0,1175.0
crypto_trx,2025-10-03,chain,TRON,141874.0,17658.62,1745.31
crypto_trx,2025-10-04,chain,TRON,101359.0,51327.51,1066.26
crypto_trx,2025-10-05,chain,TRON,96056.0,23536.0,1612.0
crypto_trx,2025-10-06,chain,TRON,147161.0,22934.53,1087.76
crypto_trx,2025-10-07,chain,TRON,161635.0,55355.0,1946.46
crypto_trx,2025-10-08,chain,TRON,291063.0,125244.0,17076.36
crypto_trx,2025-10-09,chain,TRON,261398.0,85014.86,12630.93
crypto_trx,2025-10-10,chain,TRON,280834.0,103667.0,5749.0
crypto_trx,2025-10-11,chain,TRON,155459.0,41539.0,3332.0
crypto_trx,2025-10-12,chain,TRON,170195.0,29894.0,6285.99
crypto_trx,2025-10-13,chain,TRON,139078.0,25703.0,2603.08
crypto_trx,2025-10-14,chain,TRON,209708.0,29255.0,5272.53
crypto_trx,2025-10-15,chain,TRON,292728.0,91582.62,15385.81
crypto_trx,2025-10-16,chain,TRON,407301.0,211374.0,13047.64
crypto_trx,2025-10-17,chain,TRON,277070.0,77420.0,11561.68
crypto_trx,2025-10-18,chain,TRON,193233.0,48481.85,11407.37
crypto_trx,2025-10-19,chain,TRON,230212.0,105835.45,5440.67
crypto_trx,2025-10-20,chain,TRON,210701.0,76224.38,4949.19
crypto_trx,2025-10-21,chain,TRON,191727.0,57952.0,4201.0
crypto_trx,2025-10-22,chain,TRON,207515.0,45333.0,4274.0
crypto_trx,2025-10-23,chain,TRON,180912.0,62402.0,1775.0
crypto_trx,2025-10-24,chain,TRON,160187.0,38000.4,1936.7
crypto_trx,2025-10-25,chain,TRON,156136.0,26095.0,5935.89
crypto_trx,2025-10-26,chain,TRON,131750.0,18948.0,1519.0
crypto_trx,2025-10-27,chain,TRON,123515.0,20281.0,1325.01
crypto_trx,2025-10-28,chain,TRON,172337.0,55360.0,1335.0
crypto_trx,2025-10-29,chain,TRON,194242.0,86913.0,1718.0
crypto_trx,2025-10-30,chain,TRON,209652.0,29050.0,2657.47
crypto_trx,2025-10-31,chain,TRON,142523.0,43555.0,1308.62
crypto_trx,2025-11-01,chain,TRON,144415.0,29032.0,2811.97
crypto_trx,2025-11-02,chain,TRON,99906.0,17273.0,821.0
crypto_trx,2025-11-03,chain,TRON,186080.0,24399.0,3405.4
crypto_trx,2025-11-04,chain,TRON,251275.0,22803.0,3794.29
crypto_trx,2025-11-05,chain,TRON,242917.0,60319.0,4627.92
crypto_trx,2025-11-06,chain,TRON,189249.0,26459.0,4827.99
crypto_trx,2025-11-07,chain,TRON,256733.0,57964.0,2670.0
crypto_trx,2025-11-08,chain,TRON,240604.0,66746.0,6164.66
crypto_trx,2025-11-09,chain,TRON,148357.0,29501.0,1102.84
crypto_trx,2025-11-10,chain,TRON,214631.0,29862.0,5931.0
crypto_trx,2025-11-11,chain,TRON,226317.0,28575.0,3366.38
crypto_trx,2025-11-12,chain,TRON,204839.0,29993.0,1975.86
crypto_trx,2025-11-13,chain,TRON,224421.0,27472.0,3273.36
crypto_trx,2025-11-14,chain,TRON,258306.0,38239.0,3492.31
crypto_trx,2025-11-15,chain,TRON,168005.0,38563.0,1650.38
crypto_trx,2025-11-16,chain,TRON,202104.0,18945.0,3289.24
crypto_trx,2025-11-17,chain,TRON,266596.0,51429.0,2212.0
crypto_trx,2025-11-18,chain,TRON,203507.0,17242.0,2124.25
crypto_trx,2025-11-19,chain,TRON,217159.0,26900.0,1550.0
crypto_trx,2025-11-20,chain,TRON,208752.0,30791.0,1956.0
crypto_trx,2025-11-21,chain,TRON,302767.0,55033.0,3310.0
crypto_trx,2025-11-22,chain,TRON,199166.0,38033.0,769.91
crypto_trx,2025-11-23,chain,TRON,150572.0,17574.0,1111.01
crypto_trx,2025-11-24,chain,TRON,210821.0,41063.0,1379.0
crypto_trx,2025-11-25,chain,TRON,237779.0,58425.0,1006.0
crypto_trx,2025-11-26,chain,TRON,194357.0,49008.0,864.0
crypto_trx,2025-11-27,chain,TRON,196557.0,36837.0,1114.0
crypto_trx,2025-11-28,chain,TRON,179966.0,26544.0,641.85
crypto_trx,2025-11-29,chain,TRON,223957.0,91274.99,517.96
crypto_trx,2025-11-30,chain,TRON,172199.0,38593.0,1108.58
crypto_trx,2025-12-01,chain,TRON,277295.0,39796.0,3108.4
crypto_trx,2025-12-02,chain,TRON,246970.0,31605.0,1217.0
crypto_trx,2025-12-03,chain,TRON,285094.0,62001.0,2165.0
crypto_trx,2025-12-04,chain,TRON,287979.0,64647.0,1124.0
crypto_trx,2025-12-05,chain,TRON,246568.0,31155.0,2672.0
crypto_trx,2025-12-06,chain,TRON,176997.0,31306.0,3024.36
crypto_trx,2025-12-07,chain,TRON,254031.0,110077.0,2547.78
crypto_trx,2025-12-08,chain,TRON,150472.0,24181.0,1292.0
crypto_trx,2025-12-09,chain,TRON,174108.0,29708.0,1354.0
crypto_trx,2025-12-10,chain,TRON,232684.0,52496.0,2730.0
crypto_trx,2025-12-11,chain,TRON,214631.0,42771.0,823.0
crypto_trx,2025-12-12,chain,TRON,193559.0,20585.0,954.0
crypto_trx,2025-12-13,chain,TRON,217397.0,48156.0,768.0
crypto_trx,2025-12-14,chain,TRON,199198.0,28861.0,667.0
crypto_trx,2025-12-15,chain,TRON,273422.0,39248.0,2104.0
crypto_trx,2025-12-16,chain,TRON,266039.0,32824.0,1245.0
crypto_trx,2025-12-17,chain,TRON,278462.0,44315.0,1167.0
crypto_trx,2025-12-18,chain,TRON,247593.0,40685.0,1092.0
crypto_trx,2025-12-19,chain,TRON,231657.0,25851.0,765.0
crypto_trx,2025-12-20,chain,TRON,221185.0,41748.0,429.95
crypto_trx,2025-12-21,chain,TRON,195704.0,34905.0,894.45
crypto_trx,2025-12-22,chain,TRON,256943.0,53125.0,1005.0
crypto_trx,2025-12-23,chain,TRON,209011.0,41659.0,597.78
crypto_trx,2025-12-24,chain,TRON,152026.0,21525.0,692.68
crypto_trx,2025-12-25,chain,TRON,170936.0,31621.0,1448.46
crypto_trx,2025-12-26,chain,TRON,158387.0,30029.0,1971.0
crypto_trx,2025-12-27,chain,TRON,127620.0,26106.0,875.0
crypto_trx,2025-12-28,chain,TRON,164616.0,54612.0,622.0
crypto_trx,2025-12-29,chain,TRON,196934.0,42987.0,1287.91
crypto_trx,2025-12-30,chain,TRON,166873.0,36052.0,656.0
crypto_trx,2025-12-31,chain,TRON,201417.0,32011.0,887.0
crypto_trx,2026-01-01,chain,TRON,121348.0,28984.0,695.0
crypto_trx,2026-01-02,chain,TRON,175680.0,44260.0,614.0
crypto_trx,2026-01-03,chain,TRON,144499.0,32755.0,911.0
crypto_trx,2026-01-04,chain,TRON,116600.0,29732.0,1051.0
crypto_trx,2026-01-05,chain,TRON,194088.0,36366.0,2731.0
crypto_trx,2026-01-06,chain,TRON,177333.0,42576.0,1319.0
crypto_trx,2026-01-07,chain,TRON,161527.0,31121.0,1159.0
crypto_trx,2026-01-08,chain,TRON,177656.0,36302.0,1105.0
crypto_trx,2026-01-09,chain,TRON,189291.0,33108.0,977.0
crypto_trx,2026-01-10,chain,TRON,137021.0,24017.0,764.0
crypto_trx,2026-01-11,chain,TRON,156434.0,37700.0,1488.0
crypto_trx,2026-01-12,chain,TRON,210664.0,65315.0,1749.0
crypto_trx,2026-01-13,chain,TRON,233641.0,62722.0,1399.0
crypto_trx,2026-01-14,chain,TRON,229700.0,43515.0,1947.0
crypto_trx,2026-01-15,chain,TRON,227298.0,44663.0,3744.0
crypto_trx,2026-01-16,chain,TRON,196206.0,31146.0,2244.0
crypto_trx,2026-01-17,chain,TRON,161313.0,38892.0,1399.0
crypto_trx,2026-01-18,chain,TRON,187015.0,44324.0,1716.0
crypto_trx,2026-01-19,chain,TRON,264587.0,62344.0,5182.0
crypto_trx,2026-01-20,chain,TRON,213661.0,33806.0,2333.0
crypto_trx,2026-01-21,chain,TRON,210679.0,43273.0,1836.0
crypto_trx,2026-01-22,chain,TRON,222681.0,33071.0,4214.0
crypto_trx,2026-01-23,chain,TRON,202964.0,33320.0,1763.0
crypto_trx,2026-01-24,chain,TRON,167424.0,31885.0,1161.0
crypto_trx,2026-01-25,chain,TRON,152975.0,31289.0,1030.0
crypto_trx,2026-01-26,chain,TRON,183520.0,49075.0,1167.0
crypto_trx,2026-01-27,chain,TRON,187651.0,42807.0,2098.0
crypto_trx,2026-01-28,chain,TRON,162873.0,46334.0,2044.0
crypto_trx,2026-01-29,chain,TRON,188211.0,28039.0,2873.0
crypto_trx,2026-01-30,chain,TRON,199735.0,27371.0,2018.0
crypto_trx,2026-01-31,chain,TRON,167908.0,26288.0,2152.0
crypto_trx,2026-02-01,chain,TRON,166884.0,34701.0,1688.0
crypto_trx,2026-02-02,chain,TRON,186586.0,38571.0,2008.0
crypto_trx,2026-02-03,chain,TRON,220830.0,42272.0,5644.0
crypto_trx,2026-02-04,chain,TRON,203987.0,42650.0,1764.0
crypto_trx,2026-02-05,chain,TRON,212618.0,34366.0,4056.0
crypto_trx,2026-02-06,chain,TRON,190889.0,37723.0,3126.0
crypto_trx,2026-02-07,chain,TRON,144071.0,29755.0,1830.0
crypto_trx,2026-02-08,chain,TRON,138090.0,27295.0,1572.0
crypto_trx,2026-02-09,chain,TRON,189866.0,39477.0,6326.0
crypto_trx,2026-02-10,chain,TRON,152764.0,31023.0,1358.0
crypto_trx,2026-02-11,chain,TRON,177342.0,34617.0,2529.07
crypto_trx,2026-02-12,chain,TRON,160841.0,30235.0,1409.71
crypto_trx,2026-02-13,chain,TRON,191856.0,38117.0,2259.0
crypto_trx,2026-02-14,chain,TRON,122773.0,24923.0,1208.0
crypto_trx,2026-02-15,chain,TRON,139964.0,30655.0,1512.0
crypto_trx,2026-02-16,chain,TRON,133774.0,30901.0,1297.56
crypto_trx,2026-02-17,chain,TRON,151160.0,31306.0,1464.0
crypto_trx,2026-02-18,chain,TRON,132115.0,26732.0,1227.0
crypto_trx,2026-02-19,chain,TRON,150038.0,32078.0,983.0
crypto_trx,2026-02-20,chain,TRON,209736.0,56501.0,1899.0
crypto_trx,2026-02-21,chain,TRON,128221.0,32888.0,954.0
crypto_trx,2026-02-22,chain,TRON,130377.0,26717.0,564.0
crypto_trx,2026-02-23,chain,TRON,151662.0,35909.0,1365.0
crypto_trx,2026-02-24,chain,TRON,152534.0,39293.0,831.0
crypto_trx,2026-02-25,chain,TRON,133628.0,28680.0,1317.0
crypto_trx,2026-02-26,chain,TRON,173927.0,44803.0,1973.0
crypto_trx,2026-02-27,chain,TRON,133364.0,35781.0,1036.0
crypto_trx,2026-02-28,chain,TRON,143652.0,30226.0,1411.0
crypto_trx,2026-03-01,chain,TRON,131529.0,29691.0,1821.0
crypto_trx,2026-03-02,chain,TRON,243681.0,123014.0,1744.0
crypto_trx,2026-03-03,chain,TRON,166002.0,70720.0,901.0
crypto_trx,2026-03-04,chain,TRON,211528.0,71646.0,1049.0
crypto_trx,2026-03-05,chain,TRON,193902.0,81589.0,948.0
crypto_trx,2026-03-06,chain,TRON,136099.0,38854.0,1009.0
crypto_trx,2026-03-07,chain,TRON,120027.0,27831.0,595.0
crypto_trx,2026-03-08,chain,TRON,163157.0,35882.0,1048.0
crypto_trx,2026-03-09,chain,TRON,152178.0,36148.0,1230.0
crypto_trx,2026-03-10,chain,TRON,155067.0,30256.0,723.0
crypto_trx,2026-03-11,chain,TRON,159562.0,34053.0,923.0
crypto_trx,2026-03-12,chain,TRON,158805.0,32246.0,687.7
crypto_trx,2026-03-13,chain,TRON,154527.0,30903.0,955.0
crypto_trx,2026-03-14,chain,TRON,200553.0,31425.0,968.0
crypto_trx,2026-03-15,chain,TRON,153448.0,28561.0,803.6
crypto_trx,2026-03-16,chain,TRON,156112.0,25932.0,1109.0
crypto_trx,2026-03-17,chain,TRON,205470.0,55230.0,1692.0
crypto_trx,2026-03-18,chain,TRON,214496.0,34090.0,2098.0
crypto_trx,2026-03-19,chain,TRON,200928.0,46944.0,1564.0
crypto_trx,2026-03-20,chain,TRON,179427.0,39812.0,1162.23
crypto_trx,2026-03-21,chain,TRON,173062.0,30892.0,1255.0
crypto_trx,2026-03-22,chain,TRON,204891.0,39898.0,2004.0
crypto_trx,2026-03-23,chain,TRON,200631.0,36390.0,2235.0
crypto_trx,2026-03-24,chain,TRON,179055.0,29336.0,2094.0
crypto_trx,2026-03-25,chain,TRON,211370.0,68594.0,2334.0
crypto_trx,2026-03-26,chain,TRON,196807.0,32204.0,2514.0
crypto_trx,2026-03-27,chain,TRON,225049.0,68863.0,2222.0
crypto_trx,2026-03-28,chain,TRON,165979.0,30673.0,1358.0
crypto_trx,2026-03-29,chain,TRON,174466.0,34380.0,1075.0
crypto_trx,2026-03-30,chain,TRON,201914.0,41030.0,2621.0
crypto_trx,2026-03-31,chain,TRON,230714.0,55457.0,3071.0
crypto_trx,2026-04-01,chain,TRON,212265.0,36802.0,1883.0
crypto_trx,2026-04-02,chain,TRON,192954.0,38750.0,1860.0
crypto_trx,2026-04-03,chain,TRON,207362.0,48802.0,673.0
crypto_trx,2026-04-04,chain,TRON,204100.0,65761.0,501.0
crypto_trx,2026-04-05,chain,TRON,232183.0,108601.0,978.0
crypto_trx,2026-04-06,chain,TRON,178602.0,39808.0,890.0
crypto_trx,2026-04-07,chain,TRON,190614.0,37640.0,647.0
crypto_trx,2026-04-08,chain,TRON,225057.0,76133.0,3186.0
crypto_trx,2026-04-09,chain,TRON,202612.0,39028.0,2751.0
crypto_trx,2026-04-10,chain,TRON,219533.0,47296.0,1013.0
crypto_trx,2026-04-11,chain,TRON,195777.0,49527.0,636.0
crypto_trx,2026-04-12,chain,TRON,246544.0,50996.0,6843.0
crypto_trx,2026-04-13,chain,TRON,198447.0,33592.0,2305.0
crypto_trx,2026-04-14,chain,TRON,198891.0,51272.0,1395.0
crypto_trx,2026-04-15,chain,TRON,240668.0,47158.0,2136.0
crypto_trx,2026-04-16,chain,TRON,222491.0,34693.0,2402.0
crypto_trx,2026-04-17,chain,TRON,302024.0,103986.0,1865.0
crypto_trx,2026-04-18,chain,TRON,192816.0,37957.0,2155.0
crypto_trx,2026-04-19,chain,TRON,242103.0,63083.0,2219.0
crypto_trx,2026-04-20,chain,TRON,227632.0,46467.0,1326.0
crypto_trx,2026-04-21,chain,TRON,226104.0,38092.0,2128.0
crypto_trx,2026-04-22,chain,TRON,242984.0,38711.0,1865.0
crypto_trx,2026-04-23,chain,TRON,252357.0,74427.0,1739.0
crypto_trx,2026-04-24,chain,TRON,226874.0,40600.0,2636.0
crypto_trx,2026-04-25,chain,TRON,203718.0,38438.0,1234.0
crypto_trx,2026-04-26,chain,TRON,170545.0,29290.0,846.0
crypto_trx,2026-04-27,chain,TRON,227449.0,39234.0,801.0
crypto_trx,2026-04-28,chain,TRON,206110.0,40301.0,1095.0
crypto_trx,2026-04-29,chain,TRON,216497.0,41373.0,2403.0
crypto_trx,2026-04-30,chain,TRON,225305.0,39826.0,1107.0
crypto_trx,2026-05-01,chain,TRON,217735.0,36942.0,1555.0
crypto_trx,2026-05-02,chain,TRON,302664.0,115033.0,1244.0
crypto_trx,2026-05-03,chain,TRON,261837.0,38767.0,2796.0
crypto_trx,2026-05-04,chain,TRON,232025.0,49934.0,1306.0
crypto_trx,2026-05-05,chain,TRON,248310.0,52206.0,1369.0
crypto_trx,2026-05-06,chain,TRON,284839.0,62352.0,1388.0
crypto_trx,2026-05-07,chain,TRON,267815.0,44641.0,1541.0
crypto_trx,2026-05-08,chain,TRON,270914.0,57174.0,815.0
crypto_trx,2026-05-09,chain,TRON,245416.0,62820.0,1201.0
crypto_trx,2026-05-10,chain,TRON,233433.0,53120.0,997.0
crypto_trx,2026-05-11,chain,TRON,241332.0,54677.0,780.0
crypto_trx,2026-05-12,chain,TRON,270589.0,82131.0,1075.0
crypto_trx,2026-05-13,chain,TRON,236884.0,45738.0,719.0
crypto_trx,2026-05-14,chain,TRON,247393.0,40339.0,1131.0
crypto_trx,2026-05-15,chain,TRON,224004.0,40205.0,1281.0
crypto_trx,2026-05-16,chain,TRON,226954.0,36372.0,1788.0
crypto_trx,2026-05-17,chain,TRON,219013.0,46098.0,1232.0
crypto_trx,2026-05-18,chain,TRON,286310.0,93226.0,1318.0
crypto_trx,2026-05-19,chain,TRON,237980.0,36112.0,1111.0
crypto_trx,2026-05-20,chain,TRON,250563.0,43481.0,940.0
crypto_trx,2026-05-21,chain,TRON,228048.0,30535.0,1207.0
crypto_trx,2026-05-22,chain,TRON,290781.0,40866.0,1206.0
crypto_trx,2026-05-23,chain,TRON,235940.0,33579.0,807.0
crypto_trx,2026-05-24,chain,TRON,224386.0,32288.0,855.0
crypto_trx,2026-05-25,chain,TRON,353743.0,54853.0,2596.0
crypto_trx,2026-05-26,chain,TRON,295479.0,35677.0,1616.0
crypto_trx,2026-05-27,chain,TRON,264822.0,42702.0,2550.0
crypto_trx,2026-05-28,chain,TRON,298636.0,39759.0,2978.0
crypto_trx,2026-05-29,chain,TRON,290503.0,32285.0,1814.0
crypto_trx,2026-05-30,chain,TRON,233975.0,32343.0,1297.0
crypto_trx,2026-05-31,chain,TRON,208359.0,30238.0,896.0
crypto_trx,2026-06-01,chain,TRON,353465.0,45291.0,3189.0
crypto_trx,2026-06-02,chain,TRON,350731.0,62365.0,2127.0
crypto_trx,2026-06-03,chain,TRON,334110.0,54903.0,2679.0
crypto_trx,2026-06-04,chain,TRON,316991.0,56697.0,3207.0
crypto_trx,2026-06-05,chain,TRON,376976.0,76360.0,3294.0
crypto_trx,2026-06-06,chain,TRON,224334.0,33786.0,1397.0
crypto_trx,2026-06-07,chain,TRON,201120.0,35674.0,1447.0
crypto_trx,2026-06-08,chain,TRON,327373.0,45631.0,866.0
crypto_trx,2026-06-09,chain,TRON,334009.0,51427.0,2045.0
crypto_trx,2026-06-10,chain,TRON,348520.0,75392.0,876.0
crypto_trx,2026-06-11,chain,TRON,297041.0,49297.0,1395.0
crypto_trx,2026-06-12,chain,TRON,298808.0,61183.0,1080.0
crypto_trx,2026-06-13,chain,TRON,207473.0,27643.0,588.0
crypto_trx,2026-06-14,chain,TRON,200723.0,26652.0,981.0
crypto_trx,2026-06-15,chain,TRON,396770.0,81072.0,1093.0
crypto_trx,2026-06-16,chain,TRON,307382.0,28995.0,929.0
crypto_trx,2026-06-17,chain,TRON,318894.0,56138.0,952.0
crypto_trx,2026-06-18,chain,TRON,273086.0,32305.0,882.0
crypto_trx,2026-06-19,chain,TRON,228774.0,28027.0,1154.0
crypto_trx,2026-06-20,chain,TRON,228114.0,51646.0,696.0
crypto_trx,2026-06-21,chain,TRON,203968.0,60538.0,559.0
crypto_trx,2026-06-22,chain,TRON,273185.0,49826.0,673.0
crypto_trx,2026-06-23,chain,TRON,257703.0,46038.0,1299.22
crypto_trx,2026-06-24,chain,TRON,251676.0,32587.0,956.0
crypto_trx,2026-06-25,chain,TRON,271065.0,63090.0,1153.0
crypto_trx,2026-06-26,chain,TRON,228555.0,32274.0,821.68
crypto_trx,2026-06-27,chain,TRON,179102.0,26223.0,605.0
crypto_trx,2026-06-28,chain,TRON,202369.0,37435.0,556.53
crypto_trx,2026-06-29,chain,TRON,235821.0,28882.0,726.0
crypto_trx,2026-06-30,chain,TRON,274385.0,40614.0,1180.0
crypto_trx,2026-07-01,chain,TRON,331918.0,36990.0,743.0
crypto_trx,2026-07-02,chain,TRON,278893.0,41029.0,887.0
crypto_trx,2026-07-03,chain,TRON,317367.0,52213.0,724.0
crypto_trx,2026-07-04,chain,TRON,260647.0,81482.0,637.0
crypto_trx,2026-07-05,chain,TRON,214549.0,38158.0,2409.0
crypto_trx,2026-07-06,chain,TRON,296878.0,40269.0,3757.0
crypto_trx,2026-07-07,chain,TRON,311863.0,29601.0,1473.0
crypto_trx,2026-07-08,chain,TRON,258901.0,53506.0,1107.0
crypto_trx,2026-07-09,chain,TRON,290681.0,34893.0,2430.0
crypto_trx,2026-07-10,chain,TRON,328369.0,38156.0,2244.0
crypto_trx,2026-07-11,chain,TRON,319465.0,81149.0,1222.0
crypto_trx,2026-07-12,chain,TRON,216947.0,38166.0,775.0
crypto_trx,2026-07-13,chain,TRON,306571.0,81864.0,965.0
crypto_trx,2026-07-14,chain,TRON,281940.0,54026.0,794.0
crypto_trx,2026-07-15,chain,TRON,314764.0,43009.0,978.0
crypto_trx,2026-07-16,chain,TRON,276201.0,39816.0,484.0
crypto_trx,2026-07-17,chain,TRON,241214.0,31041.0,420.0
crypto_trx,2026-07-18,chain,TRON,374366.0,56245.0,483.0
crypto_trx,2026-07-19,chain,TRON,194569.0,37956.0,553.0
crypto_trx,2026-07-20,chain,TRON,284162.0,76794.0,723.0
crypto_trx,2026-07-21,chain,TRON,295430.0,51293.0,790.0
crypto_trx,2026-07-22,chain,TRON,242847.0,45203.0,657.0
crypto_trx,2026-07-23,chain,TRON,251429.0,60844.0,689.0
crypto_trx,2026-07-24,chain,TRON,386553.0,37065.0,644.0
crypto_trx,2026-07-25,chain,TRON,238189.59,30040.43,643.0
crypto_trx,2026-07-26,chain,TRON,206680.33,57863.450000000004,398.87
crypto_trx,2026-07-27,chain,TRON,270052.78,56973.39000000001,868.0
crypto_trx,2026-07-28,chain,TRON,253786.1,29071.31,674.0
crypto_trx,2026-07-29,chain,TRON,262075.89,30802.9,559.0
crypto_trx,2026-07-30,chain,TRON,280456.14,43954.0,607.0
crypto_trx,2026-07-31,chain,TRON,238629.48,45105.979999999996,685.0
crypto_trx,2026-08-01,chain,TRON,234995.22,51005.58,624.0
crypto_trx,2026-08-02,chain,TRON,213244.47,35362.92,443.0
crypto_trx,2026-08-03,chain,TRON,292592.84,77900.65,599.0
crypto_trx,2026-08-04,chain,TRON,277437.26,49296.0,601.0
crypto_trx,2026-08-05,chain,TRON,299539.94,61216.04,671.0
crypto_trx,2026-08-06,chain,TRON,293882.0,42752.75,528.0
crypto_trx,2026-08-07,chain,TRON,241291.96,37567.88999999999,589.0
crypto_trx,2026-08-08,chain,TRON,239374.87,70813.59,583.0
crypto_trx,2026-08-09,chain,TRON,189442.87,37673.15,586.0
crypto_trx,2026-08-10,chain,TRON,274767.93,39851.5,938.0
crypto_trx,2026-08-11,chain,TRON,264764.47,45877.17,1043.0
crypto_trx,2026-08-12,chain,TRON,259044.28,33796.03,675.0
crypto_trx,2026-08-13,chain,TRON,251792.23,29535.6,874.0
crypto_trx,2026-08-14,chain,TRON,285504.0,46232.14,559.0
crypto_trx,2026-08-15,chain,TRON,231685.0,71893.45,1068.0
crypto_trx,2026-08-16,chain,TRON,255747.0,116188.0,349.0
crypto_trx,2026-08-17,chain,TRON,267535.0,39218.3,720.0
crypto_trx,2026-08-18,chain,TRON,258796.0,50666.0,1353.0
crypto_trx,2026-08-19,chain,TRON,214240.0,37685.0,1041.0
crypto_trx,2026-08-20,chain,TRON,305115.0,63874.0,3891.0
crypto_trx,2026-08-21,chain,TRON,336466.0,66004.14,5180.0
crypto_uni,2025-08-25,application_protocol,Uniswap,4752766.0,0.0,0.0
crypto_uni,2025-08-26,application_protocol,Uniswap,3768193.0,0.0,0.0
crypto_uni,2025-08-27,application_protocol,Uniswap,3824018.0,0.0,0.0
crypto_uni,2025-08-28,application_protocol,Uniswap,2924408.0,0.0,0.0
crypto_uni,2025-08-29,application_protocol,Uniswap,3476843.0,0.0,0.0
crypto_uni,2025-08-30,application_protocol,Uniswap,2117553.0,0.0,0.0
crypto_uni,2025-08-31,application_protocol,Uniswap,2250381.0,0.0,0.0
crypto_uni,2025-09-01,application_protocol,Uniswap,4642651.0,0.0,0.0
crypto_uni,2025-09-02,application_protocol,Uniswap,3347393.0,0.0,0.0
crypto_uni,2025-09-03,application_protocol,Uniswap,2592179.0,0.0,0.0
crypto_uni,2025-09-04,application_protocol,Uniswap,3027004.0,0.0,0.0
crypto_uni,2025-09-05,application_protocol,Uniswap,3757028.0,0.0,0.0
crypto_uni,2025-09-06,application_protocol,Uniswap,2178467.0,0.0,0.0
crypto_uni,2025-09-07,application_protocol,Uniswap,2095142.0,0.0,0.0
crypto_uni,2025-09-08,application_protocol,Uniswap,3065093.0,0.0,0.0
crypto_uni,2025-09-09,application_protocol,Uniswap,3163824.0,0.0,0.0
crypto_uni,2025-09-10,application_protocol,Uniswap,3315319.0,0.0,0.0
crypto_uni,2025-09-11,application_protocol,Uniswap,2947398.0,0.0,0.0
crypto_uni,2025-09-12,application_protocol,Uniswap,3306155.0,0.0,0.0
crypto_uni,2025-09-13,application_protocol,Uniswap,2859880.0,0.0,0.0
crypto_uni,2025-09-14,application_protocol,Uniswap,2570673.0,0.0,0.0
crypto_uni,2025-09-15,application_protocol,Uniswap,3658681.0,0.0,0.0
crypto_uni,2025-09-16,application_protocol,Uniswap,3033729.0,0.0,0.0
crypto_uni,2025-09-17,application_protocol,Uniswap,5645191.0,0.0,0.0
crypto_uni,2025-09-18,application_protocol,Uniswap,3274378.0,0.0,0.0
crypto_uni,2025-09-19,application_protocol,Uniswap,3956797.0,0.0,0.0
crypto_uni,2025-09-20,application_protocol,Uniswap,2784020.0,0.0,0.0
crypto_uni,2025-09-21,application_protocol,Uniswap,2613133.0,0.0,0.0
crypto_uni,2025-09-22,application_protocol,Uniswap,4647921.0,0.0,0.0
crypto_uni,2025-09-23,application_protocol,Uniswap,2938511.0,0.0,0.0
crypto_uni,2025-09-24,application_protocol,Uniswap,3273836.0,0.0,0.0
crypto_uni,2025-09-25,application_protocol,Uniswap,4469682.0,0.0,0.0
crypto_uni,2025-09-26,application_protocol,Uniswap,4501343.0,0.0,0.0
crypto_uni,2025-09-27,application_protocol,Uniswap,2926939.0,0.0,0.0
crypto_uni,2025-09-28,application_protocol,Uniswap,2736868.0,0.0,0.0
crypto_uni,2025-09-29,application_protocol,Uniswap,4106979.0,0.0,0.0
crypto_uni,2025-09-30,application_protocol,Uniswap,3383116.0,0.0,0.0
crypto_uni,2025-10-01,application_protocol,Uniswap,3571923.0,0.0,0.0
crypto_uni,2025-10-02,application_protocol,Uniswap,3561990.0,0.0,0.0
crypto_uni,2025-10-03,application_protocol,Uniswap,4087334.0,0.0,0.0
crypto_uni,2025-10-04,application_protocol,Uniswap,3067412.0,0.0,0.0
crypto_uni,2025-10-05,application_protocol,Uniswap,3628879.0,0.0,0.0
crypto_uni,2025-10-06,application_protocol,Uniswap,5011138.0,0.0,0.0
crypto_uni,2025-10-07,application_protocol,Uniswap,4847951.0,0.0,0.0
crypto_uni,2025-10-08,application_protocol,Uniswap,4187812.0,0.0,0.0
crypto_uni,2025-10-09,application_protocol,Uniswap,5224226.0,0.0,0.0
crypto_uni,2025-10-10,application_protocol,Uniswap,9483840.0,0.0,0.0
crypto_uni,2025-10-11,application_protocol,Uniswap,6075104.0,0.0,0.0
crypto_uni,2025-10-12,application_protocol,Uniswap,4699855.0,0.0,0.0
crypto_uni,2025-10-13,application_protocol,Uniswap,4620243.0,0.0,0.0
crypto_uni,2025-10-14,application_protocol,Uniswap,5060571.0,0.0,0.0
crypto_uni,2025-10-15,application_protocol,Uniswap,4077223.0,0.0,0.0
crypto_uni,2025-10-16,application_protocol,Uniswap,3961364.0,0.0,0.0
crypto_uni,2025-10-17,application_protocol,Uniswap,4643537.0,0.0,0.0
crypto_uni,2025-10-18,application_protocol,Uniswap,2411069.0,0.0,0.0
crypto_uni,2025-10-19,application_protocol,Uniswap,3079235.0,0.0,0.0
crypto_uni,2025-10-20,application_protocol,Uniswap,3253945.0,0.0,0.0
crypto_uni,2025-10-21,application_protocol,Uniswap,4647246.0,0.0,0.0
crypto_uni,2025-10-22,application_protocol,Uniswap,3919751.0,0.0,0.0
crypto_uni,2025-10-23,application_protocol,Uniswap,3411812.0,0.0,0.0
crypto_uni,2025-10-24,application_protocol,Uniswap,4534468.0,0.0,0.0
crypto_uni,2025-10-25,application_protocol,Uniswap,4341839.0,0.0,0.0
crypto_uni,2025-10-26,application_protocol,Uniswap,4150715.0,0.0,0.0
crypto_uni,2025-10-27,application_protocol,Uniswap,4478962.0,0.0,0.0
crypto_uni,2025-10-28,application_protocol,Uniswap,4048237.0,0.0,0.0
crypto_uni,2025-10-29,application_protocol,Uniswap,3639660.0,0.0,0.0
crypto_uni,2025-10-30,application_protocol,Uniswap,3863486.0,0.0,0.0
crypto_uni,2025-10-31,application_protocol,Uniswap,2997992.0,0.0,0.0
crypto_uni,2025-11-01,application_protocol,Uniswap,1712863.0,0.0,0.0
crypto_uni,2025-11-02,application_protocol,Uniswap,2154124.0,0.0,0.0
crypto_uni,2025-11-03,application_protocol,Uniswap,3647216.0,0.0,0.0
crypto_uni,2025-11-04,application_protocol,Uniswap,4897666.0,0.0,0.0
crypto_uni,2025-11-05,application_protocol,Uniswap,3115952.0,0.0,0.0
crypto_uni,2025-11-06,application_protocol,Uniswap,2913160.0,0.0,0.0
crypto_uni,2025-11-07,application_protocol,Uniswap,3596182.0,0.0,0.0
crypto_uni,2025-11-08,application_protocol,Uniswap,2378115.0,0.0,0.0
crypto_uni,2025-11-09,application_protocol,Uniswap,2414314.0,0.0,0.0
crypto_uni,2025-11-10,application_protocol,Uniswap,2804339.0,0.0,0.0
crypto_uni,2025-11-11,application_protocol,Uniswap,3278347.0,0.0,0.0
crypto_uni,2025-11-12,application_protocol,Uniswap,3368399.0,0.0,0.0
crypto_uni,2025-11-13,application_protocol,Uniswap,4190531.0,0.0,0.0
crypto_uni,2025-11-14,application_protocol,Uniswap,3984000.0,0.0,0.0
crypto_uni,2025-11-15,application_protocol,Uniswap,1700616.0,0.0,0.0
crypto_uni,2025-11-16,application_protocol,Uniswap,2366988.0,0.0,0.0
crypto_uni,2025-11-17,application_protocol,Uniswap,3293420.0,0.0,0.0
crypto_uni,2025-11-18,application_protocol,Uniswap,3247065.0,0.0,0.0
crypto_uni,2025-11-19,application_protocol,Uniswap,2769993.0,0.0,0.0
crypto_uni,2025-11-20,application_protocol,Uniswap,3055272.0,0.0,0.0
crypto_uni,2025-11-21,application_protocol,Uniswap,3449613.0,0.0,0.0
crypto_uni,2025-11-22,application_protocol,Uniswap,1894307.0,0.0,0.0
crypto_uni,2025-11-23,application_protocol,Uniswap,1595425.0,0.0,0.0
crypto_uni,2025-11-24,application_protocol,Uniswap,2459478.0,0.0,0.0
crypto_uni,2025-11-25,application_protocol,Uniswap,1813890.0,0.0,0.0
crypto_uni,2025-11-26,application_protocol,Uniswap,2226055.0,0.0,0.0
crypto_uni,2025-11-27,application_protocol,Uniswap,1802539.0,0.0,0.0
crypto_uni,2025-11-28,application_protocol,Uniswap,1788558.0,0.0,0.0
crypto_uni,2025-11-29,application_protocol,Uniswap,2032574.0,0.0,0.0
crypto_uni,2025-11-30,application_protocol,Uniswap,1158851.0,0.0,0.0
crypto_uni,2025-12-01,application_protocol,Uniswap,2247596.0,0.0,0.0
crypto_uni,2025-12-02,application_protocol,Uniswap,1962488.0,0.0,0.0
crypto_uni,2025-12-03,application_protocol,Uniswap,2197068.0,0.0,0.0
crypto_uni,2025-12-04,application_protocol,Uniswap,2047236.0,0.0,0.0
crypto_uni,2025-12-05,application_protocol,Uniswap,2266911.0,0.0,0.0
crypto_uni,2025-12-06,application_protocol,Uniswap,1054726.0,0.0,0.0
crypto_uni,2025-12-07,application_protocol,Uniswap,1610474.0,0.0,0.0
crypto_uni,2025-12-08,application_protocol,Uniswap,1697967.0,0.0,0.0
crypto_uni,2025-12-09,application_protocol,Uniswap,1965826.0,0.0,0.0
crypto_uni,2025-12-10,application_protocol,Uniswap,2015659.0,0.0,0.0
crypto_uni,2025-12-11,application_protocol,Uniswap,2497125.0,0.0,0.0
crypto_uni,2025-12-12,application_protocol,Uniswap,1623495.0,0.0,0.0
crypto_uni,2025-12-13,application_protocol,Uniswap,851621.0,0.0,0.0
crypto_uni,2025-12-14,application_protocol,Uniswap,1021816.0,0.0,0.0
crypto_uni,2025-12-15,application_protocol,Uniswap,1970008.0,0.0,0.0
crypto_uni,2025-12-16,application_protocol,Uniswap,1735132.0,0.0,0.0
crypto_uni,2025-12-17,application_protocol,Uniswap,1881425.0,0.0,0.0
crypto_uni,2025-12-18,application_protocol,Uniswap,2112731.0,0.0,0.0
crypto_uni,2025-12-19,application_protocol,Uniswap,1649005.0,0.0,0.0
crypto_uni,2025-12-20,application_protocol,Uniswap,529919.0,0.0,0.0
crypto_uni,2025-12-21,application_protocol,Uniswap,809404.0,0.0,0.0
crypto_uni,2025-12-22,application_protocol,Uniswap,1351094.0,0.0,0.0
crypto_uni,2025-12-23,application_protocol,Uniswap,1200833.0,0.0,0.0
crypto_uni,2025-12-24,application_protocol,Uniswap,825859.0,0.0,0.0
crypto_uni,2025-12-25,application_protocol,Uniswap,843358.0,0.0,0.0
crypto_uni,2025-12-26,application_protocol,Uniswap,1076273.0,0.0,0.0
crypto_uni,2025-12-27,application_protocol,Uniswap,564893.0,0.0,0.0
crypto_uni,2025-12-28,application_protocol,Uniswap,562483.0,0.0,0.0
crypto_uni,2025-12-29,application_protocol,Uniswap,987143.0,71843.0,71843.0
crypto_uni,2025-12-30,application_protocol,Uniswap,766921.0,47350.0,47350.0
crypto_uni,2025-12-31,application_protocol,Uniswap,767459.0,45016.0,45016.0
crypto_uni,2026-01-01,application_protocol,Uniswap,500643.0,23201.0,23201.0
crypto_uni,2026-01-02,application_protocol,Uniswap,965961.0,120694.0,120694.0
crypto_uni,2026-01-03,application_protocol,Uniswap,749349.0,47358.0,47358.0
crypto_uni,2026-01-04,application_protocol,Uniswap,848106.0,88459.0,88459.0
crypto_uni,2026-01-05,application_protocol,Uniswap,1566393.0,114140.0,114140.0
crypto_uni,2026-01-06,application_protocol,Uniswap,1612771.0,141304.0,141304.0
crypto_uni,2026-01-07,application_protocol,Uniswap,1373958.0,91566.0,91566.0
crypto_uni,2026-01-08,application_protocol,Uniswap,1297370.0,87770.0,87770.0
crypto_uni,2026-01-09,application_protocol,Uniswap,1378842.0,111528.0,111528.0
crypto_uni,2026-01-10,application_protocol,Uniswap,615257.0,27524.0,27524.0
crypto_uni,2026-01-11,application_protocol,Uniswap,933173.0,65299.0,65299.0
crypto_uni,2026-01-12,application_protocol,Uniswap,2139946.0,85777.0,85777.0
crypto_uni,2026-01-13,application_protocol,Uniswap,1875449.0,91431.0,91431.0
crypto_uni,2026-01-14,application_protocol,Uniswap,1720576.0,113659.0,113659.0
crypto_uni,2026-01-15,application_protocol,Uniswap,1719833.0,107008.0,107008.0
crypto_uni,2026-01-16,application_protocol,Uniswap,1053993.0,63758.0,63758.0
crypto_uni,2026-01-17,application_protocol,Uniswap,763223.0,21402.0,21402.0
crypto_uni,2026-01-18,application_protocol,Uniswap,1064716.0,50822.0,50822.0
crypto_uni,2026-01-19,application_protocol,Uniswap,1428995.0,89575.0,89575.0
crypto_uni,2026-01-20,application_protocol,Uniswap,1333297.0,124622.0,124622.0
crypto_uni,2026-01-21,application_protocol,Uniswap,2201418.0,130675.0,130675.0
crypto_uni,2026-01-22,application_protocol,Uniswap,1453132.0,77395.0,77395.0
crypto_uni,2026-01-23,application_protocol,Uniswap,1335105.0,66836.0,66836.0
crypto_uni,2026-01-24,application_protocol,Uniswap,954146.0,19395.0,19395.0
crypto_uni,2026-01-25,application_protocol,Uniswap,1237205.0,103390.0,103390.0
crypto_uni,2026-01-26,application_protocol,Uniswap,1310915.0,94216.0,94216.0
crypto_uni,2026-01-27,application_protocol,Uniswap,1647662.0,74352.0,74352.0
crypto_uni,2026-01-28,application_protocol,Uniswap,2184376.0,77091.0,77091.0
crypto_uni,2026-01-29,application_protocol,Uniswap,2023235.0,111089.0,111089.0
crypto_uni,2026-01-30,application_protocol,Uniswap,4035901.0,147411.0,147411.0
crypto_uni,2026-01-31,application_protocol,Uniswap,6353795.0,296040.0,296040.0
crypto_uni,2026-02-01,application_protocol,Uniswap,4725473.0,160510.0,160510.0
crypto_uni,2026-02-02,application_protocol,Uniswap,4273112.0,173831.0,173831.0
crypto_uni,2026-02-03,application_protocol,Uniswap,3395570.0,138500.0,138500.0
crypto_uni,2026-02-04,application_protocol,Uniswap,3515702.0,180079.0,180079.0
crypto_uni,2026-02-05,application_protocol,Uniswap,5127789.0,422397.0,422397.0
crypto_uni,2026-02-06,application_protocol,Uniswap,3850581.0,300734.0,300734.0
crypto_uni,2026-02-07,application_protocol,Uniswap,2789294.0,159001.0,159001.0
crypto_uni,2026-02-08,application_protocol,Uniswap,1808270.0,90040.0,90040.0
crypto_uni,2026-02-09,application_protocol,Uniswap,2180767.0,97789.0,97789.0
crypto_uni,2026-02-10,application_protocol,Uniswap,1897944.0,85107.0,85107.0
crypto_uni,2026-02-11,application_protocol,Uniswap,1943826.0,107518.0,107518.0
crypto_uni,2026-02-12,application_protocol,Uniswap,1603626.0,90880.0,90880.0
crypto_uni,2026-02-13,application_protocol,Uniswap,1850139.0,75081.0,75081.0
crypto_uni,2026-02-14,application_protocol,Uniswap,1181365.0,58013.0,58013.0
crypto_uni,2026-02-15,application_protocol,Uniswap,1450801.0,83328.0,83328.0
crypto_uni,2026-02-16,application_protocol,Uniswap,1360683.0,80952.0,80952.0
crypto_uni,2026-02-17,application_protocol,Uniswap,1365792.0,70487.0,70487.0
crypto_uni,2026-02-18,application_protocol,Uniswap,1553982.0,68007.0,68007.0
crypto_uni,2026-02-19,application_protocol,Uniswap,1448525.0,73948.0,73948.0
crypto_uni,2026-02-20,application_protocol,Uniswap,1405080.0,90572.0,90572.0
crypto_uni,2026-02-21,application_protocol,Uniswap,834731.0,14437.0,14437.0
crypto_uni,2026-02-22,application_protocol,Uniswap,846312.0,46698.0,46698.0
crypto_uni,2026-02-23,application_protocol,Uniswap,1374988.0,80232.0,80232.0
crypto_uni,2026-02-24,application_protocol,Uniswap,1352092.0,59923.0,59923.0
crypto_uni,2026-02-25,application_protocol,Uniswap,1759742.0,129252.0,129252.0
crypto_uni,2026-02-26,application_protocol,Uniswap,1823921.0,90509.0,90509.0
crypto_uni,2026-02-27,application_protocol,Uniswap,1320212.0,89899.0,89899.0
crypto_uni,2026-02-28,application_protocol,Uniswap,1586776.0,91587.0,91587.0
crypto_uni,2026-03-01,application_protocol,Uniswap,1428934.0,119880.0,119880.0
crypto_uni,2026-03-02,application_protocol,Uniswap,2002444.0,137176.0,137176.0
crypto_uni,2026-03-03,application_protocol,Uniswap,1730151.0,119387.0,119387.0
crypto_uni,2026-03-04,application_protocol,Uniswap,2205757.0,143247.0,143247.0
crypto_uni,2026-03-05,application_protocol,Uniswap,1735486.0,88059.0,88059.0
crypto_uni,2026-03-06,application_protocol,Uniswap,1246169.0,83560.0,83560.0
crypto_uni,2026-03-07,application_protocol,Uniswap,697761.0,30149.0,30149.0
crypto_uni,2026-03-08,application_protocol,Uniswap,857243.0,162457.0,162457.0
crypto_uni,2026-03-09,application_protocol,Uniswap,1763371.0,216085.0,216085.0
crypto_uni,2026-03-10,application_protocol,Uniswap,1675297.0,184427.0,184427.0
crypto_uni,2026-03-11,application_protocol,Uniswap,1595023.0,177137.0,177137.0
crypto_uni,2026-03-12,application_protocol,Uniswap,1853008.0,180253.0,180253.0
crypto_uni,2026-03-13,application_protocol,Uniswap,1815798.0,232164.0,232164.0
crypto_uni,2026-03-14,application_protocol,Uniswap,770940.0,39475.0,39475.0
crypto_uni,2026-03-15,application_protocol,Uniswap,1063780.0,135271.0,135271.0
crypto_uni,2026-03-16,application_protocol,Uniswap,1741524.0,249391.0,249391.0
crypto_uni,2026-03-17,application_protocol,Uniswap,1477472.0,157975.0,157975.0
crypto_uni,2026-03-18,application_protocol,Uniswap,1414616.0,184025.0,184025.0
crypto_uni,2026-03-19,application_protocol,Uniswap,1469871.0,199329.0,199329.0
crypto_uni,2026-03-20,application_protocol,Uniswap,1185583.0,157725.0,157725.0
crypto_uni,2026-03-21,application_protocol,Uniswap,555158.0,55776.0,55776.0
crypto_uni,2026-03-22,application_protocol,Uniswap,1385478.0,140374.0,140374.0
crypto_uni,2026-03-23,application_protocol,Uniswap,2158506.0,279548.0,279548.0
crypto_uni,2026-03-24,application_protocol,Uniswap,1238964.0,157940.0,157940.0
crypto_uni,2026-03-25,application_protocol,Uniswap,1054590.0,123424.0,123424.0
crypto_uni,2026-03-26,application_protocol,Uniswap,1141664.0,134043.0,134043.0
crypto_uni,2026-03-27,application_protocol,Uniswap,1011920.0,149016.0,149016.0
crypto_uni,2026-03-28,application_protocol,Uniswap,633418.0,70465.0,70465.0
crypto_uni,2026-03-29,application_protocol,Uniswap,725988.0,90763.0,90763.0
crypto_uni,2026-03-30,application_protocol,Uniswap,970294.0,164323.0,164323.0
crypto_uni,2026-03-31,application_protocol,Uniswap,1561498.0,225360.0,225360.0
crypto_uni,2026-04-01,application_protocol,Uniswap,1390205.0,185472.0,185472.0
crypto_uni,2026-04-02,application_protocol,Uniswap,1176097.0,158723.0,158723.0
crypto_uni,2026-04-03,application_protocol,Uniswap,601053.0,74066.0,74066.0
crypto_uni,2026-04-04,application_protocol,Uniswap,468390.0,32802.0,32802.0
crypto_uni,2026-04-05,application_protocol,Uniswap,650351.0,99500.0,99500.0
crypto_uni,2026-04-06,application_protocol,Uniswap,1000500.0,148742.0,148742.0
crypto_uni,2026-04-07,application_protocol,Uniswap,1293868.0,237459.0,237459.0
crypto_uni,2026-04-08,application_protocol,Uniswap,1071193.0,126258.0,126258.0
crypto_uni,2026-04-09,application_protocol,Uniswap,1343430.0,142775.0,142775.0
crypto_uni,2026-04-10,application_protocol,Uniswap,1099972.0,126620.0,126620.0
crypto_uni,2026-04-11,application_protocol,Uniswap,800194.0,81931.0,81931.0
crypto_uni,2026-04-12,application_protocol,Uniswap,866014.0,112465.0,112465.0
crypto_uni,2026-04-13,application_protocol,Uniswap,1606135.0,166830.0,166830.0
crypto_uni,2026-04-14,application_protocol,Uniswap,1476222.0,162864.0,162864.0
crypto_uni,2026-04-15,application_protocol,Uniswap,2477360.0,122485.0,122485.0
crypto_uni,2026-04-16,application_protocol,Uniswap,3146649.0,137158.0,137158.0
crypto_uni,2026-04-17,application_protocol,Uniswap,1941034.0,193773.0,193773.0
crypto_uni,2026-04-18,application_protocol,Uniswap,2563583.0,195410.0,195410.0
crypto_uni,2026-04-19,application_protocol,Uniswap,2688362.0,290774.0,290774.0
crypto_uni,2026-04-20,application_protocol,Uniswap,1747488.0,266063.0,266063.0
crypto_uni,2026-04-21,application_protocol,Uniswap,2162673.0,228731.0,228731.0
crypto_uni,2026-04-22,application_protocol,Uniswap,1890522.0,179218.0,179218.0
crypto_uni,2026-04-23,application_protocol,Uniswap,1869979.0,184540.0,184540.0
crypto_uni,2026-04-24,application_protocol,Uniswap,1261671.0,149913.0,149913.0
crypto_uni,2026-04-25,application_protocol,Uniswap,838874.0,67795.0,67795.0
crypto_uni,2026-04-26,application_protocol,Uniswap,998324.0,120538.0,120538.0
crypto_uni,2026-04-27,application_protocol,Uniswap,1191005.0,149490.0,149490.0
crypto_uni,2026-04-28,application_protocol,Uniswap,781416.0,103706.0,103706.0
crypto_uni,2026-04-29,application_protocol,Uniswap,1204474.0,146810.0,146810.0
crypto_uni,2026-04-30,application_protocol,Uniswap,987356.0,108350.0,108350.0
crypto_uni,2026-05-01,application_protocol,Uniswap,997274.0,89670.0,89670.0
crypto_uni,2026-05-02,application_protocol,Uniswap,801575.0,65073.0,65073.0
crypto_uni,2026-05-03,application_protocol,Uniswap,1025253.0,92466.0,92466.0
crypto_uni,2026-05-04,application_protocol,Uniswap,1761641.0,225247.0,225247.0
crypto_uni,2026-05-05,application_protocol,Uniswap,1146276.0,107520.0,107520.0
crypto_uni,2026-05-06,application_protocol,Uniswap,1444494.0,159723.0,159723.0
crypto_uni,2026-05-07,application_protocol,Uniswap,1333435.0,141742.0,141742.0
crypto_uni,2026-05-08,application_protocol,Uniswap,1379999.0,126007.0,126007.0
crypto_uni,2026-05-09,application_protocol,Uniswap,914674.0,60853.0,60853.0
crypto_uni,2026-05-10,application_protocol,Uniswap,1339336.0,108196.0,108196.0
crypto_uni,2026-05-11,application_protocol,Uniswap,1364741.0,132483.0,132483.0
crypto_uni,2026-05-12,application_protocol,Uniswap,1289830.0,127942.0,127942.0
crypto_uni,2026-05-13,application_protocol,Uniswap,1250787.0,101465.0,101465.0
crypto_uni,2026-05-14,application_protocol,Uniswap,1431596.0,151005.0,151005.0
crypto_uni,2026-05-15,application_protocol,Uniswap,1239360.0,155141.0,155141.0
crypto_uni,2026-05-16,application_protocol,Uniswap,799086.0,83116.0,83116.0
crypto_uni,2026-05-17,application_protocol,Uniswap,1120299.0,96837.0,96837.0
crypto_uni,2026-05-18,application_protocol,Uniswap,1643156.0,198078.0,198078.0
crypto_uni,2026-05-19,application_protocol,Uniswap,1559491.0,115571.0,115571.0
crypto_uni,2026-05-20,application_protocol,Uniswap,1624777.0,106570.0,106570.0
crypto_uni,2026-05-21,application_protocol,Uniswap,2187666.0,129656.0,129656.0
crypto_uni,2026-05-22,application_protocol,Uniswap,1967508.0,123849.0,123849.0
crypto_uni,2026-05-23,application_protocol,Uniswap,1966034.0,180305.0,180305.0
crypto_uni,2026-05-24,application_protocol,Uniswap,2157795.0,122286.0,122286.0
crypto_uni,2026-05-25,application_protocol,Uniswap,4843778.0,114788.0,114788.0
crypto_uni,2026-05-26,application_protocol,Uniswap,2176955.0,168812.0,168812.0
crypto_uni,2026-05-27,application_protocol,Uniswap,1725864.0,154592.0,154592.0
crypto_uni,2026-05-28,application_protocol,Uniswap,1360269.0,146405.0,146405.0
crypto_uni,2026-05-29,application_protocol,Uniswap,1239177.0,145477.0,145477.0
crypto_uni,2026-05-30,application_protocol,Uniswap,836222.0,48766.0,48766.0
crypto_uni,2026-05-31,application_protocol,Uniswap,1065601.0,72458.0,72458.0
crypto_uni,2026-06-01,application_protocol,Uniswap,1800330.0,173055.0,173055.0
crypto_uni,2026-06-02,application_protocol,Uniswap,2376355.0,273853.0,273853.0
crypto_uni,2026-06-03,application_protocol,Uniswap,2280025.0,274421.0,274421.0
crypto_uni,2026-06-04,application_protocol,Uniswap,2475504.0,355061.0,355061.0
crypto_uni,2026-06-05,application_protocol,Uniswap,3196756.0,456977.0,456977.0
crypto_uni,2026-06-06,application_protocol,Uniswap,1839835.0,211881.0,211881.0
crypto_uni,2026-06-07,application_protocol,Uniswap,1409754.0,169251.0,169251.0
crypto_uni,2026-06-08,application_protocol,Uniswap,2460532.0,181012.0,181012.0
crypto_uni,2026-06-09,application_protocol,Uniswap,1602119.0,148697.0,148697.0
crypto_uni,2026-06-10,application_protocol,Uniswap,1364952.0,158109.0,158109.0
crypto_uni,2026-06-11,application_protocol,Uniswap,1193852.0,149571.0,149571.0
crypto_uni,2026-06-12,application_protocol,Uniswap,994793.0,104935.0,104935.0
crypto_uni,2026-06-13,application_protocol,Uniswap,660461.0,66480.0,66480.0
crypto_uni,2026-06-14,application_protocol,Uniswap,872170.0,98373.0,98373.0
crypto_uni,2026-06-15,application_protocol,Uniswap,1331293.0,164835.0,164835.0
crypto_uni,2026-06-16,application_protocol,Uniswap,1318654.0,184224.0,184224.0
crypto_uni,2026-06-17,application_protocol,Uniswap,1761558.0,186942.0,186942.0
crypto_uni,2026-06-18,application_protocol,Uniswap,1340014.0,179105.0,179105.0
crypto_uni,2026-06-19,application_protocol,Uniswap,960110.0,90735.0,90735.0
crypto_uni,2026-06-20,application_protocol,Uniswap,873447.0,101252.0,101252.0
crypto_uni,2026-06-21,application_protocol,Uniswap,917638.0,79004.0,79004.0
crypto_uni,2026-06-22,application_protocol,Uniswap,1182817.0,119927.0,119927.0
crypto_uni,2026-06-23,application_protocol,Uniswap,1066467.0,129274.0,129274.0
crypto_uni,2026-06-24,application_protocol,Uniswap,1420340.0,220789.0,220789.0
crypto_uni,2026-06-25,application_protocol,Uniswap,1510154.0,201252.0,201252.0
crypto_uni,2026-06-26,application_protocol,Uniswap,1524630.0,222994.0,222994.0
crypto_uni,2026-06-27,application_protocol,Uniswap,572467.0,70005.0,70005.0
crypto_uni,2026-06-28,application_protocol,Uniswap,942007.0,87580.0,87580.0
crypto_uni,2026-06-29,application_protocol,Uniswap,1667948.0,166912.0,166912.0
crypto_uni,2026-06-30,application_protocol,Uniswap,1233149.0,89248.0,89248.0
crypto_uni,2026-07-01,application_protocol,Uniswap,1106754.0,158872.0,158872.0
crypto_uni,2026-07-02,application_protocol,Uniswap,1509465.0,147244.0,147244.0
crypto_uni,2026-07-03,application_protocol,Uniswap,944281.0,108146.0,108146.0
crypto_uni,2026-07-04,application_protocol,Uniswap,808501.0,70309.0,70309.0
crypto_uni,2026-07-05,application_protocol,Uniswap,1137032.0,107285.0,107285.0
crypto_uni,2026-07-06,application_protocol,Uniswap,1445436.0,146564.0,146564.0
crypto_uni,2026-07-07,application_protocol,Uniswap,1546744.0,168018.0,168018.0
crypto_uni,2026-07-08,application_protocol,Uniswap,3642888.0,145447.0,145447.0
crypto_uni,2026-07-09,application_protocol,Uniswap,2586918.0,93614.0,93614.0
crypto_uni,2026-07-10,application_protocol,Uniswap,3617100.0,99697.0,99697.0
crypto_uni,2026-07-11,application_protocol,Uniswap,5236579.0,73454.0,73454.0
crypto_uni,2026-07-12,application_protocol,Uniswap,5113405.0,80440.0,80440.0
crypto_uni,2026-07-13,application_protocol,Uniswap,4760097.0,134151.0,134151.0
crypto_uni,2026-07-14,application_protocol,Uniswap,5294961.0,125138.0,125138.0
crypto_uni,2026-07-15,application_protocol,Uniswap,5107279.0,166845.0,166845.0
crypto_uni,2026-07-16,application_protocol,Uniswap,4109263.0,131717.0,131717.0
crypto_uni,2026-07-17,application_protocol,Uniswap,4586050.0,141790.0,141790.0
crypto_uni,2026-07-18,application_protocol,Uniswap,2874143.0,28136.0,28136.0
crypto_uni,2026-07-19,application_protocol,Uniswap,2518179.0,70607.0,70607.0
crypto_uni,2026-07-20,application_protocol,Uniswap,3403576.0,147263.0,147263.0
crypto_uni,2026-07-21,application_protocol,Uniswap,3608009.0,81112.0,81112.0
crypto_uni,2026-07-22,application_protocol,Uniswap,4081168.0,120070.0,120070.0
crypto_uni,2026-07-23,application_protocol,Uniswap,4334676.0,90660.0,90660.0
crypto_uni,2026-07-24,application_protocol,Uniswap,3112308.0,83626.0,83626.0
crypto_uni,2026-07-25,application_protocol,Uniswap,2084838.5,58702.0,58702.0
crypto_uni,2026-07-26,application_protocol,Uniswap,1958261.05,69739.0,69739.0
crypto_uni,2026-07-27,application_protocol,Uniswap,3858122.58,245056.0,245056.0
crypto_uni,2026-07-28,application_protocol,Uniswap,3322086.63,339743.0,339743.0
crypto_uni,2026-07-29,application_protocol,Uniswap,3609157.27,423524.0,423524.0
crypto_uni,2026-07-30,application_protocol,Uniswap,2366418.0,264250.0,264250.0
crypto_uni,2026-07-31,application_protocol,Uniswap,2808178.4299999997,262550.0,262550.0
crypto_uni,2026-08-01,application_protocol,Uniswap,1652870.77,147864.0,147864.0
crypto_uni,2026-08-02,application_protocol,Uniswap,1750317.62,158962.0,158962.0
crypto_uni,2026-08-03,application_protocol,Uniswap,2424663.56,247362.0,247362.0
crypto_uni,2026-08-04,application_protocol,Uniswap,2262011.17,231593.0,231593.0
crypto_uni,2026-08-05,application_protocol,Uniswap,2818964.0,278792.0,278792.0
crypto_uni,2026-08-06,application_protocol,Uniswap,3186254.0,332490.0,332490.0
crypto_uni,2026-08-07,application_protocol,Uniswap,2487981.0,240698.0,240698.0
crypto_uni,2026-08-08,application_protocol,Uniswap,1935215.83,135666.0,135666.0
crypto_uni,2026-08-09,application_protocol,Uniswap,2446217.63,168301.0,168301.0
crypto_uni,2026-08-10,application_protocol,Uniswap,4492654.84,230424.0,230424.0
crypto_uni,2026-08-11,application_protocol,Uniswap,2131895.55,182036.0,182036.0
crypto_uni,2026-08-12,application_protocol,Uniswap,2263439.37,262458.0,262458.0
crypto_uni,2026-08-13,application_protocol,Uniswap,2515521.24,224882.0,224882.0
crypto_uni,2026-08-14,application_protocol,Uniswap,2390980.4699999997,236139.0,236139.0
crypto_uni,2026-08-15,application_protocol,Uniswap,1589085.2,123393.0,123393.0
crypto_uni,2026-08-16,application_protocol,Uniswap,1852742.48,118020.0,118020.0
crypto_uni,2026-08-17,application_protocol,Uniswap,1933043.74,176941.0,176941.0
crypto_uni,2026-08-18,application_protocol,Uniswap,1646171.81,137716.0,137716.0
crypto_uni,2026-08-19,application_protocol,Uniswap,2400741.0,183642.0,183642.0
crypto_uni,2026-08-20,application_protocol,Uniswap,3497086.0,353787.0,353787.0
crypto_uni,2026-08-21,application_protocol,Uniswap,5349057.0,563353.0,563353.0
crypto_xrp,2025-08-25,chain,XRP Ledger,5765.0,122.0,38.0
crypto_xrp,2025-08-26,chain,XRP Ledger,9931.0,494.0,233.0
crypto_xrp,2025-08-27,chain,XRP Ledger,5533.0,44.0,15.0
crypto_xrp,2025-08-28,chain,XRP Ledger,5832.0,73.0,28.0
crypto_xrp,2025-08-29,chain,XRP Ledger,5375.0,30.0,11.0
crypto_xrp,2025-08-30,chain,XRP Ledger,5819.0,89.0,29.0
crypto_xrp,2025-08-31,chain,XRP Ledger,5272.0,22.0,6.91
crypto_xrp,2025-09-01,chain,XRP Ledger,5377.0,27.0,13.0
crypto_xrp,2025-09-02,chain,XRP Ledger,5670.0,43.0,14.0
crypto_xrp,2025-09-03,chain,XRP Ledger,5817.0,46.0,16.0
crypto_xrp,2025-09-04,chain,XRP Ledger,5944.0,54.0,17.0
crypto_xrp,2025-09-05,chain,XRP Ledger,5806.0,32.0,14.0
crypto_xrp,2025-09-06,chain,XRP Ledger,5620.0,15.0,5.26
crypto_xrp,2025-09-07,chain,XRP Ledger,6152.0,53.0,20.0
crypto_xrp,2025-09-08,chain,XRP Ledger,6610.0,60.0,25.0
crypto_xrp,2025-09-09,chain,XRP Ledger,7423.0,166.0,63.0
crypto_xrp,2025-09-10,chain,XRP Ledger,6395.0,16.0,6.58
crypto_xrp,2025-09-11,chain,XRP Ledger,7763.0,158.0,67.0
crypto_xrp,2025-09-12,chain,XRP Ledger,8043.0,220.0,72.0
crypto_xrp,2025-09-13,chain,XRP Ledger,8982.0,287.0,120.0
crypto_xrp,2025-09-14,chain,XRP Ledger,7547.0,163.0,71.0
crypto_xrp,2025-09-15,chain,XRP Ledger,6594.0,79.0,24.0
crypto_xrp,2025-09-16,chain,XRP Ledger,6370.0,26.0,12.0
crypto_xrp,2025-09-17,chain,XRP Ledger,6914.0,90.0,29.0
crypto_xrp,2025-09-18,chain,XRP Ledger,6467.0,18.0,8.75
crypto_xrp,2025-09-19,chain,XRP Ledger,9124.0,281.0,140.0
crypto_xrp,2025-09-20,chain,XRP Ledger,6359.0,11.0,5.67
crypto_xrp,2025-09-21,chain,XRP Ledger,6461.0,13.0,6.59
crypto_xrp,2025-09-22,chain,XRP Ledger,6580.0,39.0,20.0
crypto_xrp,2025-09-23,chain,XRP Ledger,6395.0,20.0,10.0
crypto_xrp,2025-09-24,chain,XRP Ledger,6652.0,18.0,8.93
crypto_xrp,2025-09-25,chain,XRP Ledger,6347.0,22.0,11.0
crypto_xrp,2025-09-26,chain,XRP Ledger,6569.0,7.16,3.58
crypto_xrp,2025-09-27,chain,XRP Ledger,6699.0,3.84,1.92
crypto_xrp,2025-09-28,chain,XRP Ledger,7165.0,15.0,7.29
crypto_xrp,2025-09-29,chain,XRP Ledger,7129.0,8.18,3.97
crypto_xrp,2025-09-30,chain,XRP Ledger,7284.0,34.0,17.0
crypto_xrp,2025-10-01,chain,XRP Ledger,7528.0,35.0,17.0
crypto_xrp,2025-10-02,chain,XRP Ledger,8672.0,127.0,63.0
crypto_xrp,2025-10-03,chain,XRP Ledger,7964.0,24.0,12.0
crypto_xrp,2025-10-04,chain,XRP Ledger,7749.0,17.0,8.43
crypto_xrp,2025-10-05,chain,XRP Ledger,7942.0,19.0,9.45
crypto_xrp,2025-10-06,chain,XRP Ledger,7981.0,19.0,9.39
crypto_xrp,2025-10-07,chain,XRP Ledger,7591.0,12.0,5.78
crypto_xrp,2025-10-08,chain,XRP Ledger,8122.0,57.0,28.0
crypto_xrp,2025-10-09,chain,XRP Ledger,12244.0,484.0,242.0
crypto_xrp,2025-10-10,chain,XRP Ledger,9843.0,415.0,195.0
crypto_xrp,2025-10-11,chain,XRP Ledger,6999.0,123.0,61.0
crypto_xrp,2025-10-12,chain,XRP Ledger,7483.0,133.0,67.0
crypto_xrp,2025-10-13,chain,XRP Ledger,6696.0,38.0,19.0
crypto_xrp,2025-10-14,chain,XRP Ledger,6822.0,69.0,34.0
crypto_xrp,2025-10-15,chain,XRP Ledger,7916.0,191.0,96.0
crypto_xrp,2025-10-16,chain,XRP Ledger,8077.0,232.0,116.0
crypto_xrp,2025-10-17,chain,XRP Ledger,6376.0,38.0,19.0
crypto_xrp,2025-10-18,chain,XRP Ledger,7484.0,134.0,66.0
crypto_xrp,2025-10-19,chain,XRP Ledger,7200.0,78.0,38.0
crypto_xrp,2025-10-20,chain,XRP Ledger,7297.0,59.0,30.0
crypto_xrp,2025-10-21,chain,XRP Ledger,6820.0,30.0,15.0
crypto_xrp,2025-10-22,chain,XRP Ledger,7294.0,73.0,37.0
crypto_xrp,2025-10-23,chain,XRP Ledger,9219.0,258.0,128.0
crypto_xrp,2025-10-24,chain,XRP Ledger,7184.0,28.0,14.0
crypto_xrp,2025-10-25,chain,XRP Ledger,7490.0,37.0,19.0
crypto_xrp,2025-10-26,chain,XRP Ledger,11689.0,444.0,220.0
crypto_xrp,2025-10-27,chain,XRP Ledger,7473.0,25.0,13.0
crypto_xrp,2025-10-28,chain,XRP Ledger,8145.0,96.0,46.0
crypto_xrp,2025-10-29,chain,XRP Ledger,7995.0,98.0,48.0
crypto_xrp,2025-10-30,chain,XRP Ledger,7212.0,47.0,23.0
crypto_xrp,2025-10-31,chain,XRP Ledger,7169.0,26.0,13.0
crypto_xrp,2025-11-01,chain,XRP Ledger,7330.0,34.0,16.0
crypto_xrp,2025-11-02,chain,XRP Ledger,7964.0,91.0,43.0
crypto_xrp,2025-11-03,chain,XRP Ledger,7062.0,43.0,22.0
crypto_xrp,2025-11-04,chain,XRP Ledger,6804.0,75.0,25.0
crypto_xrp,2025-11-05,chain,XRP Ledger,9970.0,492.0,164.0
crypto_xrp,2025-11-06,chain,XRP Ledger,6627.0,59.0,20.0
crypto_xrp,2025-11-07,chain,XRP Ledger,8305.0,258.0,86.0
crypto_xrp,2025-11-08,chain,XRP Ledger,9298.0,409.0,135.0
crypto_xrp,2025-11-09,chain,XRP Ledger,6825.0,35.0,11.0
crypto_xrp,2025-11-10,chain,XRP Ledger,9209.0,323.0,107.0
crypto_xrp,2025-11-11,chain,XRP Ledger,7512.0,120.0,40.0
crypto_xrp,2025-11-12,chain,XRP Ledger,7062.0,55.0,18.0
crypto_xrp,2025-11-13,chain,XRP Ledger,7831.0,178.0,59.0
crypto_xrp,2025-11-14,chain,XRP Ledger,6922.0,82.0,27.0
crypto_xrp,2025-11-15,chain,XRP Ledger,6685.0,48.0,16.0
crypto_xrp,2025-11-16,chain,XRP Ledger,6610.0,46.0,14.0
crypto_xrp,2025-11-17,chain,XRP Ledger,7473.0,190.0,62.0
crypto_xrp,2025-11-18,chain,XRP Ledger,6913.0,93.0,31.0
crypto_xrp,2025-11-19,chain,XRP Ledger,6445.0,64.0,21.0
crypto_xrp,2025-11-20,chain,XRP Ledger,6125.0,59.0,20.0
crypto_xrp,2025-11-21,chain,XRP Ledger,6763.0,165.0,55.0
crypto_xrp,2025-11-22,chain,XRP Ledger,6295.0,92.0,30.0
crypto_xrp,2025-11-23,chain,XRP Ledger,6178.0,38.0,12.0
crypto_xrp,2025-11-24,chain,XRP Ledger,7035.0,121.0,40.0
crypto_xrp,2025-11-25,chain,XRP Ledger,6871.0,138.0,45.0
crypto_xrp,2025-11-26,chain,XRP Ledger,6306.0,42.0,14.0
crypto_xrp,2025-11-27,chain,XRP Ledger,6445.0,74.0,24.0
crypto_xrp,2025-11-28,chain,XRP Ledger,6114.0,20.0,6.71
crypto_xrp,2025-11-29,chain,XRP Ledger,6320.0,39.0,13.0
crypto_xrp,2025-11-30,chain,XRP Ledger,6161.0,32.0,11.0
crypto_xrp,2025-12-01,chain,XRP Ledger,6126.0,69.0,23.0
crypto_xrp,2025-12-02,chain,XRP Ledger,6317.0,44.0,15.0
crypto_xrp,2025-12-03,chain,XRP Ledger,6807.0,98.0,32.0
crypto_xrp,2025-12-04,chain,XRP Ledger,5951.0,10.0,3.24
crypto_xrp,2025-12-05,chain,XRP Ledger,5946.0,27.0,8.84
crypto_xrp,2025-12-06,chain,XRP Ledger,6457.0,98.0,33.0
crypto_xrp,2025-12-07,chain,XRP Ledger,6011.0,17.0,5.66
crypto_xrp,2025-12-08,chain,XRP Ledger,6189.0,25.0,8.36
crypto_xrp,2025-12-09,chain,XRP Ledger,6439.0,52.0,17.0
crypto_xrp,2025-12-10,chain,XRP Ledger,6710.0,114.0,38.0
crypto_xrp,2025-12-11,chain,XRP Ledger,6323.0,60.0,19.0
crypto_xrp,2025-12-12,chain,XRP Ledger,6165.0,40.0,13.0
crypto_xrp,2025-12-13,chain,XRP Ledger,6552.0,85.0,28.0
crypto_xrp,2025-12-14,chain,XRP Ledger,6011.0,22.0,7.18
crypto_xrp,2025-12-15,chain,XRP Ledger,6119.0,58.0,19.0
crypto_xrp,2025-12-16,chain,XRP Ledger,7374.0,232.0,76.0
crypto_xrp,2025-12-17,chain,XRP Ledger,6770.0,152.0,50.0
crypto_xrp,2025-12-18,chain,XRP Ledger,5737.0,20.0,6.71
crypto_xrp,2025-12-19,chain,XRP Ledger,6292.0,29.0,9.71
crypto_xrp,2025-12-20,chain,XRP Ledger,7275.0,164.0,52.0
crypto_xrp,2025-12-21,chain,XRP Ledger,6315.0,12.0,3.65
crypto_xrp,2025-12-22,chain,XRP Ledger,6282.0,13.0,3.99
crypto_xrp,2025-12-23,chain,XRP Ledger,6616.0,77.0,25.0
crypto_xrp,2025-12-24,chain,XRP Ledger,6342.0,40.0,13.0
crypto_xrp,2025-12-25,chain,XRP Ledger,6133.0,18.0,5.78
crypto_xrp,2025-12-26,chain,XRP Ledger,6784.0,152.0,51.0
crypto_xrp,2025-12-27,chain,XRP Ledger,6018.0,26.0,8.46
crypto_xrp,2025-12-28,chain,XRP Ledger,6136.0,47.0,15.0
crypto_xrp,2025-12-29,chain,XRP Ledger,5846.0,10.0,3.27
crypto_xrp,2025-12-30,chain,XRP Ledger,6155.0,44.0,14.0
crypto_xrp,2025-12-31,chain,XRP Ledger,6217.0,66.0,22.0
crypto_xrp,2026-01-01,chain,XRP Ledger,6002.0,17.0,5.34
crypto_xrp,2026-01-02,chain,XRP Ledger,6388.0,14.0,4.67
crypto_xrp,2026-01-03,chain,XRP Ledger,6443.0,15.0,4.94
crypto_xrp,2026-01-04,chain,XRP Ledger,7039.0,68.0,22.0
crypto_xrp,2026-01-05,chain,XRP Ledger,8202.0,122.0,40.0
crypto_xrp,2026-01-06,chain,XRP Ledger,7934.0,102.0,32.0
crypto_xrp,2026-01-07,chain,XRP Ledger,7047.0,24.0,7.97
crypto_xrp,2026-01-08,chain,XRP Ledger,7468.0,105.0,33.0
crypto_xrp,2026-01-09,chain,XRP Ledger,7319.0,85.0,27.0
crypto_xrp,2026-01-10,chain,XRP Ledger,6987.0,27.0,8.33
crypto_xrp,2026-01-11,chain,XRP Ledger,7715.0,141.0,45.0
crypto_xrp,2026-01-12,chain,XRP Ledger,13803.0,1069.0,344.0
crypto_xrp,2026-01-13,chain,XRP Ledger,17878.0,1625.0,532.0
crypto_xrp,2026-01-14,chain,XRP Ledger,7330.0,41.0,14.0
crypto_xrp,2026-01-15,chain,XRP Ledger,7576.0,105.0,35.0
crypto_xrp,2026-01-16,chain,XRP Ledger,7936.0,145.0,48.0
crypto_xrp,2026-01-17,chain,XRP Ledger,7162.0,27.0,8.97
crypto_xrp,2026-01-18,chain,XRP Ledger,6764.71,1.09,0.36
crypto_xrp,2026-01-19,chain,XRP Ledger,6744.0,,
crypto_xrp,2026-01-20,chain,XRP Ledger,6856.0,59.0,19.0
crypto_xrp,2026-01-21,chain,XRP Ledger,7222.0,88.0,29.0
crypto_xrp,2026-01-22,chain,XRP Ledger,7396.0,121.0,40.0
crypto_xrp,2026-01-23,chain,XRP Ledger,7609.0,121.0,40.0
crypto_xrp,2026-01-24,chain,XRP Ledger,7534.0,109.0,35.0
crypto_xrp,2026-01-25,chain,XRP Ledger,6996.0,65.0,21.0
crypto_xrp,2026-01-26,chain,XRP Ledger,6890.0,14.0,4.82
crypto_xrp,2026-01-27,chain,XRP Ledger,6903.0,11.0,3.57
crypto_xrp,2026-01-28,chain,XRP Ledger,6899.0,14.0,4.61
crypto_xrp,2026-01-29,chain,XRP Ledger,7002.0,80.0,26.0
crypto_xrp,2026-01-30,chain,XRP Ledger,6887.0,120.0,40.0
crypto_xrp,2026-01-31,chain,XRP Ledger,6598.0,109.0,36.0
crypto_xrp,2026-02-01,chain,XRP Ledger,5718.0,21.0,6.82
crypto_xrp,2026-02-02,chain,XRP Ledger,5809.0,19.0,6.12
crypto_xrp,2026-02-03,chain,XRP Ledger,5631.0,15.0,4.81
crypto_xrp,2026-02-04,chain,XRP Ledger,8044.0,2494.0,14.0
crypto_xrp,2026-02-05,chain,XRP Ledger,6159.0,271.0,90.0
crypto_xrp,2026-02-06,chain,XRP Ledger,8893.0,572.0,191.0
crypto_xrp,2026-02-07,chain,XRP Ledger,5028.0,33.0,11.0
crypto_xrp,2026-02-08,chain,XRP Ledger,4968.0,20.0,6.51
crypto_xrp,2026-02-09,chain,XRP Ledger,4909.0,13.0,4.15
crypto_xrp,2026-02-10,chain,XRP Ledger,5439.0,85.0,28.0
crypto_xrp,2026-02-11,chain,XRP Ledger,5039.0,39.0,13.0
crypto_xrp,2026-02-12,chain,XRP Ledger,5118.0,32.0,10.0
crypto_xrp,2026-02-13,chain,XRP Ledger,5031.0,12.0,3.94
crypto_xrp,2026-02-14,chain,XRP Ledger,5580.0,19.0,6.21
crypto_xrp,2026-02-15,chain,XRP Ledger,5722.0,57.0,18.0
crypto_xrp,2026-02-16,chain,XRP Ledger,5591.0,29.0,9.51
crypto_xrp,2026-02-17,chain,XRP Ledger,5633.0,33.0,11.0
crypto_xrp,2026-02-18,chain,XRP Ledger,5213.0,14.0,4.52
crypto_xrp,2026-02-19,chain,XRP Ledger,5130.0,8.48,2.71
crypto_xrp,2026-02-20,chain,XRP Ledger,5661.0,41.0,13.0
crypto_xrp,2026-02-21,chain,XRP Ledger,5964.0,79.0,26.0
crypto_xrp,2026-02-22,chain,XRP Ledger,5431.0,12.0,4.04
crypto_xrp,2026-02-23,chain,XRP Ledger,5945.0,650.0,4.78
crypto_xrp,2026-02-24,chain,XRP Ledger,6003.0,682.0,6.04
crypto_xrp,2026-02-25,chain,XRP Ledger,7448.0,927.0,56.0
crypto_xrp,2026-02-26,chain,XRP Ledger,6507.0,800.0,14.0
crypto_xrp,2026-02-27,chain,XRP Ledger,6265.0,706.0,16.0
crypto_xrp,2026-02-28,chain,XRP Ledger,6209.0,669.0,11.0
crypto_xrp,2026-03-01,chain,XRP Ledger,5845.0,504.13,2.96
crypto_xrp,2026-03-02,chain,XRP Ledger,6049.0,555.62,2.81
crypto_xrp,2026-03-03,chain,XRP Ledger,6372.0,752.0,16.0
crypto_xrp,2026-03-04,chain,XRP Ledger,6799.0,785.0,12.0
crypto_xrp,2026-03-05,chain,XRP Ledger,8870.0,960.0,125.0
crypto_xrp,2026-03-06,chain,XRP Ledger,6352.0,542.0,8.59
crypto_xrp,2026-03-07,chain,XRP Ledger,7302.0,824.0,49.0
crypto_xrp,2026-03-08,chain,XRP Ledger,11890.0,1330.0,283.0
crypto_xrp,2026-03-09,chain,XRP Ledger,6581.0,574.0,16.0
crypto_xrp,2026-03-10,chain,XRP Ledger,6482.0,599.0,4.09
crypto_xrp,2026-03-11,chain,XRP Ledger,8021.0,800.0,84.0
crypto_xrp,2026-03-12,chain,XRP Ledger,7356.0,742.0,50.0
crypto_xrp,2026-03-13,chain,XRP Ledger,6604.0,745.0,3.54
crypto_xrp,2026-03-14,chain,XRP Ledger,6368.0,516.93,0.96
crypto_xrp,2026-03-15,chain,XRP Ledger,6649.0,599.99,1.93
crypto_xrp,2026-03-16,chain,XRP Ledger,8244.0,1099.0,38.0
crypto_xrp,2026-03-17,chain,XRP Ledger,7571.0,739.0,7.91
crypto_xrp,2026-03-18,chain,XRP Ledger,7645.0,837.0,15.0
crypto_xrp,2026-03-19,chain,XRP Ledger,9954.0,3401.32,2.97
crypto_xrp,2026-03-20,chain,XRP Ledger,8148.0,1752.0,8.06
crypto_xrp,2026-03-21,chain,XRP Ledger,6897.0,757.8,0.93
crypto_xrp,2026-03-22,chain,XRP Ledger,8230.0,2113.98,2.66
crypto_xrp,2026-03-23,chain,XRP Ledger,8370.0,2039.0,3.39
crypto_xrp,2026-03-24,chain,XRP Ledger,7548.0,1078.0,11.0
crypto_xrp,2026-03-25,chain,XRP Ledger,10314.0,714.0,26.0
crypto_xrp,2026-03-26,chain,XRP Ledger,13600.0,1208.0,21.0
crypto_xrp,2026-03-27,chain,XRP Ledger,15445.0,775.0,63.0
crypto_xrp,2026-03-28,chain,XRP Ledger,14143.0,433.98,1.83
crypto_xrp,2026-03-29,chain,XRP Ledger,14337.0,500.0,5.36
crypto_xrp,2026-03-30,chain,XRP Ledger,14263.0,484.34,2.31
crypto_xrp,2026-03-31,chain,XRP Ledger,14440.0,488.0,4.29
crypto_xrp,2026-04-01,chain,XRP Ledger,14587.0,658.11,2.28
crypto_xrp,2026-04-02,chain,XRP Ledger,15112.0,1249.0,3.21
crypto_xrp,2026-04-03,chain,XRP Ledger,14626.0,941.28,3.02
crypto_xrp,2026-04-04,chain,XRP Ledger,14073.0,399.72,2.24
crypto_xrp,2026-04-05,chain,XRP Ledger,14253.0,529.0,4.23
crypto_xrp,2026-04-06,chain,XRP Ledger,14518.0,569.0,24.0
crypto_xrp,2026-04-07,chain,XRP Ledger,15978.0,850.0,75.0
crypto_xrp,2026-04-08,chain,XRP Ledger,14466.0,617.0,4.91
crypto_xrp,2026-04-09,chain,XRP Ledger,14686.0,560.0,19.0
crypto_xrp,2026-04-10,chain,XRP Ledger,14480.0,426.0,4.44
crypto_xrp,2026-04-11,chain,XRP Ledger,14411.0,422.1,2.15
crypto_xrp,2026-04-12,chain,XRP Ledger,14374.0,377.0,11.0
crypto_xrp,2026-04-13,chain,XRP Ledger,14715.0,564.0,7.38
crypto_xrp,2026-04-14,chain,XRP Ledger,14401.0,459.11,1.37
crypto_xrp,2026-04-15,chain,XRP Ledger,14623.0,502.0,7.84
crypto_xrp,2026-04-16,chain,XRP Ledger,15574.0,832.0,30.0
crypto_xrp,2026-04-17,chain,XRP Ledger,15463.0,652.0,50.0
crypto_xrp,2026-04-18,chain,XRP Ledger,14429.0,530.0,9.89
crypto_xrp,2026-04-19,chain,XRP Ledger,13578.0,513.0,4.45
crypto_xrp,2026-04-20,chain,XRP Ledger,13709.0,561.0,3.39
crypto_xrp,2026-04-21,chain,XRP Ledger,14554.0,757.0,43.0
crypto_xrp,2026-04-22,chain,XRP Ledger,14863.0,768.0,62.0
crypto_xrp,2026-04-23,chain,XRP Ledger,13632.0,561.0,4.69
crypto_xrp,2026-04-24,chain,XRP Ledger,13623.0,610.0,17.0
crypto_xrp,2026-04-25,chain,XRP Ledger,13327.0,551.0,6.16
crypto_xrp,2026-04-26,chain,XRP Ledger,13300.0,473.0,7.84
crypto_xrp,2026-04-27,chain,XRP Ledger,13806.0,590.0,4.82
crypto_xrp,2026-04-28,chain,XRP Ledger,14751.0,820.0,22.0
crypto_xrp,2026-04-29,chain,XRP Ledger,14546.0,728.0,19.0
crypto_xrp,2026-04-30,chain,XRP Ledger,14085.0,579.57,2.46
crypto_xrp,2026-05-01,chain,XRP Ledger,14627.0,691.0,24.0
crypto_xrp,2026-05-02,chain,XRP Ledger,14901.0,1313.0,3.57
crypto_xrp,2026-05-03,chain,XRP Ledger,14102.0,616.91,3.18
crypto_xrp,2026-05-04,chain,XRP Ledger,14850.0,1079.0,15.0
crypto_xrp,2026-05-05,chain,XRP Ledger,14352.0,583.0,8.58
crypto_xrp,2026-05-06,chain,XRP Ledger,14782.0,725.0,22.0
crypto_xrp,2026-05-07,chain,XRP Ledger,14509.0,822.0,20.0
crypto_xrp,2026-05-08,chain,XRP Ledger,14109.0,665.0,10.0
crypto_xrp,2026-05-09,chain,XRP Ledger,13947.0,626.69,2.79
crypto_xrp,2026-05-10,chain,XRP Ledger,14159.0,635.0,7.41
crypto_xrp,2026-05-11,chain,XRP Ledger,14376.0,743.0,15.0
crypto_xrp,2026-05-12,chain,XRP Ledger,14771.0,704.0,53.0
crypto_xrp,2026-05-13,chain,XRP Ledger,13777.0,646.0,7.09
crypto_xrp,2026-05-14,chain,XRP Ledger,14698.0,894.0,33.0
crypto_xrp,2026-05-15,chain,XRP Ledger,15011.0,838.0,73.0
crypto_xrp,2026-05-16,chain,XRP Ledger,13203.0,485.0,
crypto_xrp,2026-05-17,chain,XRP Ledger,13054.0,413.0,
crypto_xrp,2026-05-18,chain,XRP Ledger,13172.0,563.0,
crypto_xrp,2026-05-19,chain,XRP Ledger,12870.0,472.0,
crypto_xrp,2026-05-20,chain,XRP Ledger,13049.0,641.0,
crypto_xrp,2026-05-21,chain,XRP Ledger,12931.0,544.0,
crypto_xrp,2026-05-22,chain,XRP Ledger,12558.0,474.0,
crypto_xrp,2026-05-23,chain,XRP Ledger,12679.0,550.0,
crypto_xrp,2026-05-24,chain,XRP Ledger,12585.0,450.0,
crypto_xrp,2026-05-25,chain,XRP Ledger,12660.0,536.0,
crypto_xrp,2026-05-26,chain,XRP Ledger,12487.0,506.0,
crypto_xrp,2026-05-27,chain,XRP Ledger,12395.0,536.0,
crypto_xrp,2026-05-28,chain,XRP Ledger,12551.0,921.0,
crypto_xrp,2026-05-29,chain,XRP Ledger,12082.0,596.0,
crypto_xrp,2026-05-30,chain,XRP Ledger,11934.0,483.0,
crypto_xrp,2026-05-31,chain,XRP Ledger,11739.0,448.0,
crypto_xrp,2026-06-01,chain,XRP Ledger,11529.0,545.0,
crypto_xrp,2026-06-02,chain,XRP Ledger,10890.0,853.0,
crypto_xrp,2026-06-03,chain,XRP Ledger,10801.0,856.0,
crypto_xrp,2026-06-04,chain,XRP Ledger,10725.0,961.0,
crypto_xrp,2026-06-05,chain,XRP Ledger,9654.0,830.0,
crypto_xrp,2026-06-06,chain,XRP Ledger,9280.0,654.0,
crypto_xrp,2026-06-07,chain,XRP Ledger,9625.0,669.0,
crypto_xrp,2026-06-08,chain,XRP Ledger,9608.0,635.0,
crypto_xrp,2026-06-09,chain,XRP Ledger,9442.0,727.0,
crypto_xrp,2026-06-10,chain,XRP Ledger,10262.0,618.0,
crypto_xrp,2026-06-11,chain,XRP Ledger,8955.0,616.0,
crypto_xrp,2026-06-12,chain,XRP Ledger,8857.0,632.0,
crypto_xrp,2026-06-13,chain,XRP Ledger,8890.0,588.0,
crypto_xrp,2026-06-14,chain,XRP Ledger,9063.0,638.0,
crypto_xrp,2026-06-15,chain,XRP Ledger,9353.0,656.0,
crypto_xrp,2026-06-16,chain,XRP Ledger,9139.0,586.0,
crypto_xrp,2026-06-17,chain,XRP Ledger,9048.0,605.0,
crypto_xrp,2026-06-18,chain,XRP Ledger,8768.0,598.0,
crypto_xrp,2026-06-19,chain,XRP Ledger,8665.0,639.0,
crypto_xrp,2026-06-20,chain,XRP Ledger,8562.0,515.0,
crypto_xrp,2026-06-21,chain,XRP Ledger,8468.0,571.0,
crypto_xrp,2026-06-22,chain,XRP Ledger,111533.0,634.0,7.9
crypto_xrp,2026-06-23,chain,XRP Ledger,32412.0,682.0,13.0
crypto_xrp,2026-06-24,chain,XRP Ledger,31543.0,647.09,1.68
crypto_xrp,2026-06-25,chain,XRP Ledger,31157.0,655.0,4.37
crypto_xrp,2026-06-26,chain,XRP Ledger,28422.0,637.34,2.41
crypto_xrp,2026-06-27,chain,XRP Ledger,7294.0,512.55,1.5
crypto_xrp,2026-06-28,chain,XRP Ledger,7265.0,522.28,0.76
crypto_xrp,2026-06-29,chain,XRP Ledger,70332.0,633.55,1.48
crypto_xrp,2026-06-30,chain,XRP Ledger,27996.0,707.0,6.9
crypto_xrp,2026-07-01,chain,XRP Ledger,28661.0,611.92,1.93
crypto_xrp,2026-07-02,chain,XRP Ledger,30090.0,754.0,58.0
crypto_xrp,2026-07-03,chain,XRP Ledger,9117.0,812.0,63.0
crypto_xrp,2026-07-04,chain,XRP Ledger,13306.0,1458.0,263.0
crypto_xrp,2026-07-05,chain,XRP Ledger,8201.0,567.0,18.0
crypto_xrp,2026-07-06,chain,XRP Ledger,92360.0,600.44,2.41
crypto_xrp,2026-07-07,chain,XRP Ledger,28991.0,622.0,4.02
crypto_xrp,2026-07-08,chain,XRP Ledger,28137.0,642.0,23.0
crypto_xrp,2026-07-09,chain,XRP Ledger,28938.0,655.0,52.0
crypto_xrp,2026-07-10,chain,XRP Ledger,26291.0,529.51,2.16
crypto_xrp,2026-07-11,chain,XRP Ledger,7580.0,483.0,8.51
crypto_xrp,2026-07-12,chain,XRP Ledger,7302.0,440.88,1.28
crypto_xrp,2026-07-13,chain,XRP Ledger,68789.0,569.0,11.0
crypto_xrp,2026-07-14,chain,XRP Ledger,28061.0,480.36,2.43
crypto_xrp,2026-07-15,chain,XRP Ledger,28319.0,613.0,32.0
crypto_xrp,2026-07-16,chain,XRP Ledger,29503.0,717.0,56.0
crypto_xrp,2026-07-17,chain,XRP Ledger,26586.0,486.0,4.05
crypto_xrp,2026-07-18,chain,XRP Ledger,7977.0,559.0,36.0
crypto_xrp,2026-07-19,chain,XRP Ledger,7296.0,457.99,1.98
crypto_xrp,2026-07-20,chain,XRP Ledger,70332.0,551.0,26.0
crypto_xrp,2026-07-21,chain,XRP Ledger,27510.0,545.27,2.74
crypto_xrp,2026-07-22,chain,XRP Ledger,27971.0,523.0,8.61
crypto_xrp,2026-07-23,chain,XRP Ledger,28168.0,487.24,2.07
crypto_xrp,2026-07-24,chain,XRP Ledger,34224.0,540.96,2.63
crypto_xrp,2026-07-25,chain,XRP Ledger,7292.0,522.0,7.98
crypto_xrp,2026-07-26,chain,XRP Ledger,7147.0,426.78999999999996,0.88
crypto_xrp,2026-07-27,chain,XRP Ledger,60720.0,537.0,3.44
crypto_xrp,2026-07-28,chain,XRP Ledger,60763.0,536.64,2.87
crypto_xrp,2026-07-29,chain,XRP Ledger,7017.0,470.31,1.1
crypto_xrp,2026-07-30,chain,XRP Ledger,7497.0,513.0,22.0
crypto_xrp,2026-07-31,chain,XRP Ledger,27095.0,532.0,22.0
crypto_xrp,2026-08-01,chain,XRP Ledger,6979.0,460.53,0.84
crypto_xrp,2026-08-02,chain,XRP Ledger,7151.0,460.6,2.51
crypto_xrp,2026-08-03,chain,XRP Ledger,66371.0,465.7,0.9
crypto_xrp,2026-08-04,chain,XRP Ledger,26992.0,527.0,12.0
crypto_xrp,2026-08-05,chain,XRP Ledger,27292.0,578.0,15.0
crypto_xrp,2026-08-06,chain,XRP Ledger,26998.0,840.91,1.93
crypto_xrp,2026-08-07,chain,XRP Ledger,26720.0,550.0,3.57
crypto_xrp,2026-08-08,chain,XRP Ledger,6982.0,450.93,1.19
crypto_xrp,2026-08-09,chain,XRP Ledger,7351.0,514.0,22.0
crypto_xrp,2026-08-10,chain,XRP Ledger,65519.0,491.0,4.17
crypto_xrp,2026-08-11,chain,XRP Ledger,26657.0,502.0,6.54
crypto_xrp,2026-08-12,chain,XRP Ledger,26874.0,557.6,3.19
crypto_xrp,2026-08-13,chain,XRP Ledger,27472.0,613.0,43.0
crypto_xrp,2026-08-14,chain,XRP Ledger,26633.0,510.0,5.02
crypto_xrp,2026-08-15,chain,XRP Ledger,6834.0,453.51,1.16
crypto_xrp,2026-08-16,chain,XRP Ledger,6732.0,416.23,1.05
crypto_xrp,2026-08-17,chain,XRP Ledger,66006.0,457.08000000000004,1.99
crypto_xrp,2026-08-18,chain,XRP Ledger,26688.0,445.58000000000004,1.52
crypto_xrp,2026-08-19,chain,XRP Ledger,27466.0,582.0,18.0
crypto_xrp,2026-08-20,chain,XRP Ledger,29562.0,912.0,59.0
crypto_xrp,2026-08-21,chain,XRP Ledger,30897.0,1034.0,52.0
