asset_id,date,circulating_peg_usd,provider
stable_dai,2019-11-19,1827422,defillama
stable_dai,2019-11-20,7446885,defillama
stable_dai,2019-11-21,9798854,defillama
stable_dai,2019-11-22,13541055,defillama
stable_dai,2019-11-23,15682080,defillama
stable_dai,2019-11-24,18165767,defillama
stable_dai,2019-11-25,18273066,defillama
stable_dai,2019-11-26,20086232,defillama
stable_dai,2019-11-27,20293699,defillama
stable_dai,2019-11-28,20341826,defillama
stable_dai,2019-11-29,21845899,defillama
stable_dai,2019-11-30,22943597,defillama
stable_dai,2019-12-01,23613208,defillama
stable_dai,2019-12-02,25862181,defillama
stable_dai,2019-12-03,42784377,defillama
stable_dai,2019-12-04,49049831,defillama
stable_dai,2019-12-05,49841970,defillama
stable_dai,2019-12-06,51021507,defillama
stable_dai,2019-12-07,53645809,defillama
stable_dai,2019-12-08,54241123,defillama
stable_dai,2019-12-09,56471664,defillama
stable_dai,2019-12-10,58127495,defillama
stable_dai,2019-12-11,58851472,defillama
stable_dai,2019-12-12,60863245,defillama
stable_dai,2019-12-13,61349714,defillama
stable_dai,2019-12-14,62080164,defillama
stable_dai,2019-12-15,62563339,defillama
stable_dai,2019-12-16,63003778,defillama
stable_dai,2019-12-17,65599243,defillama
stable_dai,2019-12-18,64959742,defillama
stable_dai,2019-12-19,65556883,defillama
stable_dai,2019-12-20,67957073,defillama
stable_dai,2019-12-21,68785662,defillama
stable_dai,2019-12-22,69045359,defillama
stable_dai,2019-12-23,69398112,defillama
stable_dai,2019-12-24,69072165,defillama
stable_dai,2019-12-25,69188181,defillama
stable_dai,2019-12-26,69352681,defillama
stable_dai,2019-12-27,68928333,defillama
stable_dai,2019-12-28,69996894,defillama
stable_dai,2019-12-29,70295449,defillama
stable_dai,2019-12-30,70770760,defillama
stable_dai,2019-12-31,70767364,defillama
stable_dai,2020-01-01,71149777,defillama
stable_dai,2020-01-02,72281645,defillama
stable_dai,2020-01-03,72614968,defillama
stable_dai,2020-01-04,73383340,defillama
stable_dai,2020-01-05,73547676,defillama
stable_dai,2020-01-06,74106275,defillama
stable_dai,2020-01-07,77855756,defillama
stable_dai,2020-01-08,80886456,defillama
stable_dai,2020-01-09,81729630,defillama
stable_dai,2020-01-10,81784497,defillama
stable_dai,2020-01-11,83329194,defillama
stable_dai,2020-01-12,83101741,defillama
stable_dai,2020-01-13,84458742,defillama
stable_dai,2020-01-14,85495814,defillama
stable_dai,2020-01-15,87284469,defillama
stable_dai,2020-01-16,87663675,defillama
stable_dai,2020-01-17,89222339,defillama
stable_dai,2020-01-18,94452683,defillama
stable_dai,2020-01-19,95750977,defillama
stable_dai,2020-01-20,96638682,defillama
stable_dai,2020-01-21,97204216,defillama
stable_dai,2020-01-22,98675240,defillama
stable_dai,2020-01-23,99973323,defillama
stable_dai,2020-01-24,100642563,defillama
stable_dai,2020-01-25,101217363,defillama
stable_dai,2020-01-26,101589118,defillama
stable_dai,2020-01-27,102572368,defillama
stable_dai,2020-01-28,103533895,defillama
stable_dai,2020-01-29,105889812,defillama
stable_dai,2020-01-30,105739484,defillama
stable_dai,2020-01-31,107294604,defillama
stable_dai,2020-02-01,107092085,defillama
stable_dai,2020-02-02,107414287,defillama
stable_dai,2020-02-03,106714942,defillama
stable_dai,2020-02-04,107667360,defillama
stable_dai,2020-02-05,110469099,defillama
stable_dai,2020-02-06,111404177,defillama
stable_dai,2020-02-07,112357810,defillama
stable_dai,2020-02-08,113742950,defillama
stable_dai,2020-02-09,113854708,defillama
stable_dai,2020-02-10,115593622,defillama
stable_dai,2020-02-11,115780846,defillama
stable_dai,2020-02-12,116713432,defillama
stable_dai,2020-02-13,118237905,defillama
stable_dai,2020-02-14,121852078,defillama
stable_dai,2020-02-15,123258195,defillama
stable_dai,2020-02-16,124417279,defillama
stable_dai,2020-02-17,126511838,defillama
stable_dai,2020-02-18,125802105,defillama
stable_dai,2020-02-19,121601577,defillama
stable_dai,2020-02-20,119484617,defillama
stable_dai,2020-02-21,119994841,defillama
stable_dai,2020-02-22,120669546,defillama
stable_dai,2020-02-23,119999880,defillama
stable_dai,2020-02-24,121265667,defillama
stable_dai,2020-02-25,122221848,defillama
stable_dai,2020-02-26,124333572,defillama
stable_dai,2020-02-27,122816784,defillama
stable_dai,2020-02-28,122762632,defillama
stable_dai,2020-02-29,120359117,defillama
stable_dai,2020-03-01,119609006,defillama
stable_dai,2020-03-02,118898199,defillama
stable_dai,2020-03-03,117598592,defillama
stable_dai,2020-03-04,118062742,defillama
stable_dai,2020-03-05,118091309,defillama
stable_dai,2020-03-06,117956145,defillama
stable_dai,2020-03-07,121583103,defillama
stable_dai,2020-03-08,122124690,defillama
stable_dai,2020-03-09,120900824,defillama
stable_dai,2020-03-10,120616081,defillama
stable_dai,2020-03-11,119504803,defillama
stable_dai,2020-03-12,120666966,defillama
stable_dai,2020-03-13,113644743,defillama
stable_dai,2020-03-14,99870494,defillama
stable_dai,2020-03-15,97374034,defillama
stable_dai,2020-03-16,99441932,defillama
stable_dai,2020-03-17,94982374,defillama
stable_dai,2020-03-18,92513458,defillama
stable_dai,2020-03-19,95234502,defillama
stable_dai,2020-03-20,82433488,defillama
stable_dai,2020-03-21,85363930,defillama
stable_dai,2020-03-22,84357672,defillama
stable_dai,2020-03-23,83248500,defillama
stable_dai,2020-03-24,83487153,defillama
stable_dai,2020-03-25,84073256,defillama
stable_dai,2020-03-26,83080450,defillama
stable_dai,2020-03-27,83803875,defillama
stable_dai,2020-03-28,82564357,defillama
stable_dai,2020-03-29,83783726,defillama
stable_dai,2020-03-30,83645144,defillama
stable_dai,2020-03-31,83014573,defillama
stable_dai,2020-04-01,84604916,defillama
stable_dai,2020-04-02,85377599,defillama
stable_dai,2020-04-03,87174649,defillama
stable_dai,2020-04-04,87736192,defillama
stable_dai,2020-04-05,87798252,defillama
stable_dai,2020-04-06,87512093,defillama
stable_dai,2020-04-07,87837562,defillama
stable_dai,2020-04-08,82750900,defillama
stable_dai,2020-04-09,81205781,defillama
stable_dai,2020-04-10,81806777,defillama
stable_dai,2020-04-11,81417143,defillama
stable_dai,2020-04-12,82301197,defillama
stable_dai,2020-04-13,81588952,defillama
stable_dai,2020-04-14,81930550,defillama
stable_dai,2020-04-15,81971475,defillama
stable_dai,2020-04-16,82443814,defillama
stable_dai,2020-04-17,83107754,defillama
stable_dai,2020-04-18,82938249,defillama
stable_dai,2020-04-19,85096331,defillama
stable_dai,2020-04-20,88395293,defillama
stable_dai,2020-04-21,89671209,defillama
stable_dai,2020-04-22,90443235,defillama
stable_dai,2020-04-23,91076089,defillama
stable_dai,2020-04-24,94361062,defillama
stable_dai,2020-04-25,96484374,defillama
stable_dai,2020-04-26,97159438,defillama
stable_dai,2020-04-27,97931890,defillama
stable_dai,2020-04-28,98193617,defillama
stable_dai,2020-04-29,98373950,defillama
stable_dai,2020-04-30,101018886,defillama
stable_dai,2020-05-01,101749293,defillama
stable_dai,2020-05-02,100358351,defillama
stable_dai,2020-05-03,108999256,defillama
stable_dai,2020-05-04,111837516,defillama
stable_dai,2020-05-05,111891118,defillama
stable_dai,2020-05-06,112363390,defillama
stable_dai,2020-05-07,112285016,defillama
stable_dai,2020-05-08,111873857,defillama
stable_dai,2020-05-09,111758621,defillama
stable_dai,2020-05-10,112704064,defillama
stable_dai,2020-05-11,110301833,defillama
stable_dai,2020-05-12,109685940,defillama
stable_dai,2020-05-13,109061154,defillama
stable_dai,2020-05-14,108482288,defillama
stable_dai,2020-05-15,109739788,defillama
stable_dai,2020-05-16,110287510,defillama
stable_dai,2020-05-17,110976490,defillama
stable_dai,2020-05-18,111791114,defillama
stable_dai,2020-05-19,114476290,defillama
stable_dai,2020-05-20,114782483,defillama
stable_dai,2020-05-21,120124927,defillama
stable_dai,2020-05-22,119229932,defillama
stable_dai,2020-05-23,124107292,defillama
stable_dai,2020-05-24,121333689,defillama
stable_dai,2020-05-25,121216901,defillama
stable_dai,2020-05-26,121256917,defillama
stable_dai,2020-05-27,120523011,defillama
stable_dai,2020-05-28,120650457,defillama
stable_dai,2020-05-29,120836439,defillama
stable_dai,2020-05-30,122347745,defillama
stable_dai,2020-05-31,126153596,defillama
stable_dai,2020-06-01,130156743,defillama
stable_dai,2020-06-02,126002370,defillama
stable_dai,2020-06-03,121833234,defillama
stable_dai,2020-06-04,132406317,defillama
stable_dai,2020-06-05,132259957,defillama
stable_dai,2020-06-06,132609400,defillama
stable_dai,2020-06-07,132450127,defillama
stable_dai,2020-06-08,135549642,defillama
stable_dai,2020-06-09,135364072,defillama
stable_dai,2020-06-10,121327220,defillama
stable_dai,2020-06-11,121599427,defillama
stable_dai,2020-06-12,125923811,defillama
stable_dai,2020-06-13,123952238,defillama
stable_dai,2020-06-14,123845060,defillama
stable_dai,2020-06-15,119829991,defillama
stable_dai,2020-06-16,116341350,defillama
stable_dai,2020-06-17,117505081,defillama
stable_dai,2020-06-18,119156354,defillama
stable_dai,2020-06-19,120463657,defillama
stable_dai,2020-06-20,125014843,defillama
stable_dai,2020-06-21,126475657,defillama
stable_dai,2020-06-22,125999318,defillama
stable_dai,2020-06-23,130842492,defillama
stable_dai,2020-06-24,128045259,defillama
stable_dai,2020-06-25,129833260,defillama
stable_dai,2020-06-26,128732635,defillama
stable_dai,2020-06-27,129428187,defillama
stable_dai,2020-06-28,130070969,defillama
stable_dai,2020-06-29,129354465,defillama
stable_dai,2020-06-30,129257128,defillama
stable_dai,2020-07-01,129588691,defillama
stable_dai,2020-07-02,148046336,defillama
stable_dai,2020-07-03,149186035,defillama
stable_dai,2020-07-04,164978172,defillama
stable_dai,2020-07-05,170877175,defillama
stable_dai,2020-07-06,176652872,defillama
stable_dai,2020-07-07,182138141,defillama
stable_dai,2020-07-08,186937930,defillama
stable_dai,2020-07-09,189122931,defillama
stable_dai,2020-07-10,189777883,defillama
stable_dai,2020-07-11,192464453,defillama
stable_dai,2020-07-12,201345310,defillama
stable_dai,2020-07-13,194491882,defillama
stable_dai,2020-07-14,198857973,defillama
stable_dai,2020-07-15,199399810,defillama
stable_dai,2020-07-16,200950739,defillama
stable_dai,2020-07-17,201961616,defillama
stable_dai,2020-07-18,210379201,defillama
stable_dai,2020-07-19,212167295,defillama
stable_dai,2020-07-20,221183786,defillama
stable_dai,2020-07-21,220578969,defillama
stable_dai,2020-07-22,222782669,defillama
stable_dai,2020-07-23,224399095,defillama
stable_dai,2020-07-24,260784026,defillama
stable_dai,2020-07-25,285136547,defillama
stable_dai,2020-07-26,254444725,defillama
stable_dai,2020-07-27,276975318,defillama
stable_dai,2020-07-28,287337611,defillama
stable_dai,2020-07-29,301443470,defillama
stable_dai,2020-07-30,330149283,defillama
stable_dai,2020-07-31,347418058,defillama
stable_dai,2020-08-01,370563792,defillama
stable_dai,2020-08-02,368973994,defillama
stable_dai,2020-08-03,369885940,defillama
stable_dai,2020-08-04,385394038,defillama
stable_dai,2020-08-05,386659620,defillama
stable_dai,2020-08-06,389543206,defillama
stable_dai,2020-08-07,380719416,defillama
stable_dai,2020-08-08,384611514,defillama
stable_dai,2020-08-09,383999249,defillama
stable_dai,2020-08-10,383463405,defillama
stable_dai,2020-08-11,424372186,defillama
stable_dai,2020-08-12,428380630,defillama
stable_dai,2020-08-13,425553141,defillama
stable_dai,2020-08-14,435923683,defillama
stable_dai,2020-08-15,415657267,defillama
stable_dai,2020-08-16,415930725,defillama
stable_dai,2020-08-17,423689537,defillama
stable_dai,2020-08-18,429635612,defillama
stable_dai,2020-08-19,428248084,defillama
stable_dai,2020-08-20,422939403,defillama
stable_dai,2020-08-21,433406175,defillama
stable_dai,2020-08-22,435985038,defillama
stable_dai,2020-08-23,443541608,defillama
stable_dai,2020-08-24,445425129,defillama
stable_dai,2020-08-25,449461906,defillama
stable_dai,2020-08-26,450681552,defillama
stable_dai,2020-08-27,453067358,defillama
stable_dai,2020-08-28,450446823,defillama
stable_dai,2020-08-29,449994717,defillama
stable_dai,2020-08-30,442729019,defillama
stable_dai,2020-08-31,448769575,defillama
stable_dai,2020-09-01,445706300,defillama
stable_dai,2020-09-02,468313158,defillama
stable_dai,2020-09-03,493459666,defillama
stable_dai,2020-09-04,520082677,defillama
stable_dai,2020-09-05,467054805,defillama
stable_dai,2020-09-06,442472479,defillama
stable_dai,2020-09-07,432144170,defillama
stable_dai,2020-09-08,438965908,defillama
stable_dai,2020-09-09,440052030,defillama
stable_dai,2020-09-10,438478453,defillama
stable_dai,2020-09-11,462422579,defillama
stable_dai,2020-09-12,467274663,defillama
stable_dai,2020-09-13,473702955,defillama
stable_dai,2020-09-14,473768021,defillama
stable_dai,2020-09-15,542737180,defillama
stable_dai,2020-09-16,614117909,defillama
stable_dai,2020-09-17,576012225,defillama
stable_dai,2020-09-18,638473703,defillama
stable_dai,2020-09-19,696586953,defillama
stable_dai,2020-09-20,786231125,defillama
stable_dai,2020-09-21,807885340,defillama
stable_dai,2020-09-22,835983752,defillama
stable_dai,2020-09-23,850969076,defillama
stable_dai,2020-09-24,895329363,defillama
stable_dai,2020-09-25,905894982,defillama
stable_dai,2020-09-26,904955087,defillama
stable_dai,2020-09-27,926941252,defillama
stable_dai,2020-09-28,926075192,defillama
stable_dai,2020-09-29,912251123,defillama
stable_dai,2020-09-30,912393640,defillama
stable_dai,2020-10-01,905012707,defillama
stable_dai,2020-10-02,879787761,defillama
stable_dai,2020-10-03,879406014,defillama
stable_dai,2020-10-04,873047487,defillama
stable_dai,2020-10-05,870811583,defillama
stable_dai,2020-10-06,868989851,defillama
stable_dai,2020-10-07,879910778,defillama
stable_dai,2020-10-08,874601045,defillama
stable_dai,2020-10-09,877710216,defillama
stable_dai,2020-10-10,895570110,defillama
stable_dai,2020-10-11,902553745,defillama
stable_dai,2020-10-12,916255255,defillama
stable_dai,2020-10-13,918663868,defillama
stable_dai,2020-10-14,939968264,defillama
stable_dai,2020-10-15,919880371,defillama
stable_dai,2020-10-16,916510954,defillama
stable_dai,2020-10-17,914504042,defillama
stable_dai,2020-10-18,911111878,defillama
stable_dai,2020-10-19,912591980,defillama
stable_dai,2020-10-20,908877157,defillama
stable_dai,2020-10-21,915037891,defillama
stable_dai,2020-10-22,925408778,defillama
stable_dai,2020-10-23,920335887,defillama
stable_dai,2020-10-24,944023837,defillama
stable_dai,2020-10-25,940605460,defillama
stable_dai,2020-10-26,941736520,defillama
stable_dai,2020-10-27,936683109,defillama
stable_dai,2020-10-28,951070598,defillama
stable_dai,2020-10-29,949416509,defillama
stable_dai,2020-10-30,944896121,defillama
stable_dai,2020-10-31,933332297,defillama
stable_dai,2020-11-01,934987784,defillama
stable_dai,2020-11-02,945481140,defillama
stable_dai,2020-11-03,954232998,defillama
stable_dai,2020-11-04,960429815,defillama
stable_dai,2020-11-05,950721834,defillama
stable_dai,2020-11-06,954813316,defillama
stable_dai,2020-11-07,960717585,defillama
stable_dai,2020-11-08,961963364,defillama
stable_dai,2020-11-09,960402760,defillama
stable_dai,2020-11-10,965004127,defillama
stable_dai,2020-11-11,971958282,defillama
stable_dai,2020-11-12,1000763129,defillama
stable_dai,2020-11-13,997895359,defillama
stable_dai,2020-11-14,1004871785,defillama
stable_dai,2020-11-15,1008866537,defillama
stable_dai,2020-11-16,1017953549,defillama
stable_dai,2020-11-17,1016148605,defillama
stable_dai,2020-11-18,1016200633,defillama
stable_dai,2020-11-19,1003569677,defillama
stable_dai,2020-11-20,994993027,defillama
stable_dai,2020-11-21,1003964085,defillama
stable_dai,2020-11-22,1021430147,defillama
stable_dai,2020-11-23,1019106432,defillama
stable_dai,2020-11-24,1021978287,defillama
stable_dai,2020-11-25,1040327444,defillama
stable_dai,2020-11-26,1046944869,defillama
stable_dai,2020-11-27,1018550644,defillama
stable_dai,2020-11-28,1018400752,defillama
stable_dai,2020-11-29,1018766804,defillama
stable_dai,2020-11-30,1032744526,defillama
stable_dai,2020-12-01,1053153622,defillama
stable_dai,2020-12-02,1060561105,defillama
stable_dai,2020-12-03,1075054852,defillama
stable_dai,2020-12-04,1082410957,defillama
stable_dai,2020-12-05,1069432514,defillama
stable_dai,2020-12-06,1072362248,defillama
stable_dai,2020-12-07,1080081107,defillama
stable_dai,2020-12-08,1075282317,defillama
stable_dai,2020-12-09,1070751653,defillama
stable_dai,2020-12-10,1085108811,defillama
stable_dai,2020-12-11,1084066686,defillama
stable_dai,2020-12-12,1067245734,defillama
stable_dai,2020-12-13,1096918108,defillama
stable_dai,2020-12-14,1096278224,defillama
stable_dai,2020-12-15,1097264907,defillama
stable_dai,2020-12-16,1099420117,defillama
stable_dai,2020-12-17,1116445402,defillama
stable_dai,2020-12-18,1126334598,defillama
stable_dai,2020-12-19,1125881485,defillama
stable_dai,2020-12-20,1136671407,defillama
stable_dai,2020-12-21,1126025514,defillama
stable_dai,2020-12-22,1127354335,defillama
stable_dai,2020-12-23,1124828786,defillama
stable_dai,2020-12-24,1122542253,defillama
stable_dai,2020-12-25,1118199010,defillama
stable_dai,2020-12-26,1119210792,defillama
stable_dai,2020-12-27,1129131575,defillama
stable_dai,2020-12-28,1108801925,defillama
stable_dai,2020-12-29,1133629308,defillama
stable_dai,2020-12-30,1139324984,defillama
stable_dai,2020-12-31,1157751638,defillama
stable_dai,2021-01-01,1168798537,defillama
stable_dai,2021-01-02,1206386946,defillama
stable_dai,2021-01-03,1184381402,defillama
stable_dai,2021-01-04,1237248731,defillama
stable_dai,2021-01-05,1313564234,defillama
stable_dai,2021-01-06,1320464128,defillama
stable_dai,2021-01-07,1313903814,defillama
stable_dai,2021-01-08,1363763940,defillama
stable_dai,2021-01-09,1391136962,defillama
stable_dai,2021-01-10,1414793450,defillama
stable_dai,2021-01-11,1430017174,defillama
stable_dai,2021-01-12,1373642116,defillama
stable_dai,2021-01-13,1368345717,defillama
stable_dai,2021-01-14,1368857292,defillama
stable_dai,2021-01-15,1408197772,defillama
stable_dai,2021-01-16,1291623497,defillama
stable_dai,2021-01-17,1369636167,defillama
stable_dai,2021-01-18,1383583488,defillama
stable_dai,2021-01-19,1404435449,defillama
stable_dai,2021-01-20,1403869964,defillama
stable_dai,2021-01-21,1408636839,defillama
stable_dai,2021-01-22,1412074525,defillama
stable_dai,2021-01-23,1443167176,defillama
stable_dai,2021-01-24,1462161634,defillama
stable_dai,2021-01-25,1532763463,defillama
stable_dai,2021-01-26,1575230489,defillama
stable_dai,2021-01-27,1594043516,defillama
stable_dai,2021-01-28,1605464380,defillama
stable_dai,2021-01-29,1617008898,defillama
stable_dai,2021-01-30,1626810493,defillama
stable_dai,2021-01-31,1647927266,defillama
stable_dai,2021-02-01,1645893458,defillama
stable_dai,2021-02-02,1655223136,defillama
stable_dai,2021-02-03,1706483387,defillama
stable_dai,2021-02-04,1735622927,defillama
stable_dai,2021-02-05,1769120897,defillama
stable_dai,2021-02-06,1818259930,defillama
stable_dai,2021-02-07,1826607595,defillama
stable_dai,2021-02-08,1801487094,defillama
stable_dai,2021-02-09,1891195984,defillama
stable_dai,2021-02-10,1951419253,defillama
stable_dai,2021-02-11,1965541573,defillama
stable_dai,2021-02-12,2030169942,defillama
stable_dai,2021-02-13,2047789093,defillama
stable_dai,2021-02-14,2070809898,defillama
stable_dai,2021-02-15,2069338903,defillama
stable_dai,2021-02-16,2118562316,defillama
stable_dai,2021-02-17,2196279672,defillama
stable_dai,2021-02-18,2254469387,defillama
stable_dai,2021-02-19,2300764014,defillama
stable_dai,2021-02-20,2323494929,defillama
stable_dai,2021-02-21,2357690696,defillama
stable_dai,2021-02-22,2384083962,defillama
stable_dai,2021-02-23,2368499490,defillama
stable_dai,2021-02-24,2303952211,defillama
stable_dai,2021-02-25,2324728000,defillama
stable_dai,2021-02-26,2334553910,defillama
stable_dai,2021-02-27,2314997565,defillama
stable_dai,2021-02-28,2322934280,defillama
stable_dai,2021-03-01,2355458417,defillama
stable_dai,2021-03-02,2462539959,defillama
stable_dai,2021-03-03,2526670520,defillama
stable_dai,2021-03-04,2529513594,defillama
stable_dai,2021-03-05,2560638680,defillama
stable_dai,2021-03-06,2550377194,defillama
stable_dai,2021-03-07,2582625204,defillama
stable_dai,2021-03-08,2551483990,defillama
stable_dai,2021-03-09,2571575541,defillama
stable_dai,2021-03-10,2634061160,defillama
stable_dai,2021-03-11,2626611377,defillama
stable_dai,2021-03-12,2664592770,defillama
stable_dai,2021-03-13,2717830655,defillama
stable_dai,2021-03-14,2746532427,defillama
stable_dai,2021-03-15,2760920084,defillama
stable_dai,2021-03-16,2777224739,defillama
stable_dai,2021-03-17,2806863352,defillama
stable_dai,2021-03-18,2855121286,defillama
stable_dai,2021-03-19,2873992089,defillama
stable_dai,2021-03-20,2871152682,defillama
stable_dai,2021-03-21,2872010683,defillama
stable_dai,2021-03-22,2893058265,defillama
stable_dai,2021-03-23,2920382550,defillama
stable_dai,2021-03-24,2916556410,defillama
stable_dai,2021-03-25,2915360929,defillama
stable_dai,2021-03-26,2922014258,defillama
stable_dai,2021-03-27,2959347421,defillama
stable_dai,2021-03-28,2976048952,defillama
stable_dai,2021-03-29,2993764422,defillama
stable_dai,2021-03-30,2987650645,defillama
stable_dai,2021-03-31,3014474386,defillama
stable_dai,2021-04-01,3011705402,defillama
stable_dai,2021-04-02,2962556910,defillama
stable_dai,2021-04-03,3034608561,defillama
stable_dai,2021-04-04,3060622618,defillama
stable_dai,2021-04-05,3063684864,defillama
stable_dai,2021-04-06,3050018661,defillama
stable_dai,2021-04-07,3063203544,defillama
stable_dai,2021-04-08,3053418874,defillama
stable_dai,2021-04-09,3042130829,defillama
stable_dai,2021-04-10,3046156927,defillama
stable_dai,2021-04-11,3113531052,defillama
stable_dai,2021-04-12,3144341190,defillama
stable_dai,2021-04-13,3129418363,defillama
stable_dai,2021-04-14,3168233746,defillama
stable_dai,2021-04-15,3147936581,defillama
stable_dai,2021-04-16,3197460209,defillama
stable_dai,2021-04-17,3322633591,defillama
stable_dai,2021-04-18,3438662610,defillama
stable_dai,2021-04-19,3438712732,defillama
stable_dai,2021-04-20,3426128927,defillama
stable_dai,2021-04-21,3441227995,defillama
stable_dai,2021-04-22,3434759752,defillama
stable_dai,2021-04-23,3453534580,defillama
stable_dai,2021-04-24,3431371782,defillama
stable_dai,2021-04-25,3444318494,defillama
stable_dai,2021-04-26,3466755750,defillama
stable_dai,2021-04-27,3484884717,defillama
stable_dai,2021-04-28,3551580225,defillama
stable_dai,2021-04-29,3570467056,defillama
stable_dai,2021-04-30,3669075252,defillama
stable_dai,2021-05-01,3657625960,defillama
stable_dai,2021-05-02,3730505348,defillama
stable_dai,2021-05-03,3781646319,defillama
stable_dai,2021-05-04,3894578566,defillama
stable_dai,2021-05-05,3966445920,defillama
stable_dai,2021-05-06,4094761049,defillama
stable_dai,2021-05-07,4290581874,defillama
stable_dai,2021-05-08,4370206604,defillama
stable_dai,2021-05-09,4408086615,defillama
stable_dai,2021-05-10,4499430226,defillama
stable_dai,2021-05-11,4595900937,defillama
stable_dai,2021-05-12,4591918690,defillama
stable_dai,2021-05-13,4639035871,defillama
stable_dai,2021-05-14,4505297648,defillama
stable_dai,2021-05-15,4597620286,defillama
stable_dai,2021-05-16,4620179233,defillama
stable_dai,2021-05-17,4686832890,defillama
stable_dai,2021-05-18,4729591696,defillama
stable_dai,2021-05-19,4788633355,defillama
stable_dai,2021-05-20,4376926442,defillama
stable_dai,2021-05-21,4251440222,defillama
stable_dai,2021-05-22,4243099943,defillama
stable_dai,2021-05-23,4234575003,defillama
stable_dai,2021-05-24,4050740821,defillama
stable_dai,2021-05-25,4214647418,defillama
stable_dai,2021-05-26,4267899673,defillama
stable_dai,2021-05-27,4373029466,defillama
stable_dai,2021-05-28,4392591425,defillama
stable_dai,2021-05-29,4436860849,defillama
stable_dai,2021-05-30,4495174823,defillama
stable_dai,2021-05-31,4433116486,defillama
stable_dai,2021-06-01,4440488145,defillama
stable_dai,2021-06-02,4415086387,defillama
stable_dai,2021-06-03,4418979016,defillama
stable_dai,2021-06-04,4500086693,defillama
stable_dai,2021-06-05,4546525577,defillama
stable_dai,2021-06-06,4556323041,defillama
stable_dai,2021-06-07,4583005061,defillama
stable_dai,2021-06-08,4654351281,defillama
stable_dai,2021-06-09,4658695716,defillama
stable_dai,2021-06-10,4878864603,defillama
stable_dai,2021-06-11,4880508756,defillama
stable_dai,2021-06-12,4994166239,defillama
stable_dai,2021-06-13,4977173326,defillama
stable_dai,2021-06-14,4994736662,defillama
stable_dai,2021-06-15,5026214220,defillama
stable_dai,2021-06-16,5126674470,defillama
stable_dai,2021-06-17,5103813207,defillama
stable_dai,2021-06-18,4988287531,defillama
stable_dai,2021-06-19,5021340302,defillama
stable_dai,2021-06-20,5035611925,defillama
stable_dai,2021-06-21,4977973655,defillama
stable_dai,2021-06-22,4846303262,defillama
stable_dai,2021-06-23,4837537938,defillama
stable_dai,2021-06-24,4903482771,defillama
stable_dai,2021-06-25,4926705724,defillama
stable_dai,2021-06-26,4889650672,defillama
stable_dai,2021-06-27,4921970208,defillama
stable_dai,2021-06-28,4949183243,defillama
stable_dai,2021-06-29,4956971358,defillama
stable_dai,2021-06-30,4960778698,defillama
stable_dai,2021-07-01,5133348167,defillama
stable_dai,2021-07-02,5172827580,defillama
stable_dai,2021-07-03,5187937686,defillama
stable_dai,2021-07-04,5186793415,defillama
stable_dai,2021-07-05,5194203911,defillama
stable_dai,2021-07-06,5237592994,defillama
stable_dai,2021-07-07,5244019819,defillama
stable_dai,2021-07-08,5245352389,defillama
stable_dai,2021-07-09,5244490231,defillama
stable_dai,2021-07-10,5280511885,defillama
stable_dai,2021-07-11,5252773086,defillama
stable_dai,2021-07-12,5292043802,defillama
stable_dai,2021-07-13,5268703049,defillama
stable_dai,2021-07-14,5236051378,defillama
stable_dai,2021-07-15,5255190577,defillama
stable_dai,2021-07-16,5252267710,defillama
stable_dai,2021-07-17,5247059208,defillama
stable_dai,2021-07-18,5260831397,defillama
stable_dai,2021-07-19,5293158021,defillama
stable_dai,2021-07-20,5228696177,defillama
stable_dai,2021-07-21,5215277330,defillama
stable_dai,2021-07-22,5246019482,defillama
stable_dai,2021-07-23,5256955436,defillama
stable_dai,2021-07-24,5273803015,defillama
stable_dai,2021-07-25,5289285270,defillama
stable_dai,2021-07-26,5296633445,defillama
stable_dai,2021-07-27,5307442592,defillama
stable_dai,2021-07-28,5341667854,defillama
stable_dai,2021-07-29,5367203898,defillama
stable_dai,2021-07-30,5379942745,defillama
stable_dai,2021-07-31,5391646533,defillama
stable_dai,2021-08-01,5394112979,defillama
stable_dai,2021-08-02,5409630448,defillama
stable_dai,2021-08-03,5434599924,defillama
stable_dai,2021-08-04,5448817222,defillama
stable_dai,2021-08-05,5414461051,defillama
stable_dai,2021-08-06,5461101360,defillama
stable_dai,2021-08-07,5461811006,defillama
stable_dai,2021-08-08,5498000382,defillama
stable_dai,2021-08-09,5555842673,defillama
stable_dai,2021-08-10,5532087205,defillama
stable_dai,2021-08-11,5575469233,defillama
stable_dai,2021-08-12,5600687714,defillama
stable_dai,2021-08-13,5632021893,defillama
stable_dai,2021-08-14,5676819812,defillama
stable_dai,2021-08-15,5688684862,defillama
stable_dai,2021-08-16,5741630077,defillama
stable_dai,2021-08-17,5736557951,defillama
stable_dai,2021-08-18,5722002699,defillama
stable_dai,2021-08-19,5735960696,defillama
stable_dai,2021-08-20,5742013248,defillama
stable_dai,2021-08-21,5751803888,defillama
stable_dai,2021-08-22,5771563780,defillama
stable_dai,2021-08-23,5800139321,defillama
stable_dai,2021-08-24,5787999784,defillama
stable_dai,2021-08-25,5787349455,defillama
stable_dai,2021-08-26,5773271142,defillama
stable_dai,2021-08-27,5778564255,defillama
stable_dai,2021-08-28,5825544831,defillama
stable_dai,2021-08-29,5822652586,defillama
stable_dai,2021-08-30,5850913957,defillama
stable_dai,2021-08-31,5842080102,defillama
stable_dai,2021-09-01,5860043256,defillama
stable_dai,2021-09-02,5873154201,defillama
stable_dai,2021-09-03,6060471958,defillama
stable_dai,2021-09-04,6100944794,defillama
stable_dai,2021-09-05,6112981422,defillama
stable_dai,2021-09-06,6147447306,defillama
stable_dai,2021-09-07,6187976964,defillama
stable_dai,2021-09-08,6216941541,defillama
stable_dai,2021-09-09,6231557363,defillama
stable_dai,2021-09-10,6232966612,defillama
stable_dai,2021-09-11,6155063054,defillama
stable_dai,2021-09-12,6283492128,defillama
stable_dai,2021-09-13,6305049658,defillama
stable_dai,2021-09-14,6305138406,defillama
stable_dai,2021-09-15,6286029153,defillama
stable_dai,2021-09-16,6286593817,defillama
stable_dai,2021-09-17,6311184288,defillama
stable_dai,2021-09-18,6337331911,defillama
stable_dai,2021-09-19,6330278299,defillama
stable_dai,2021-09-20,6341811746,defillama
stable_dai,2021-09-21,6087222920,defillama
stable_dai,2021-09-22,6059754074,defillama
stable_dai,2021-09-23,6025413163,defillama
stable_dai,2021-09-24,6094469528,defillama
stable_dai,2021-09-25,6046166700,defillama
stable_dai,2021-09-26,6064950516,defillama
stable_dai,2021-09-27,6079024252,defillama
stable_dai,2021-09-28,6175531614,defillama
stable_dai,2021-09-29,6183354056,defillama
stable_dai,2021-09-30,6191474519,defillama
stable_dai,2021-10-01,6199628073,defillama
stable_dai,2021-10-02,6219165305,defillama
stable_dai,2021-10-03,6219234789,defillama
stable_dai,2021-10-04,6272842279,defillama
stable_dai,2021-10-05,6290092663,defillama
stable_dai,2021-10-06,6313909658,defillama
stable_dai,2021-10-07,6414373278,defillama
stable_dai,2021-10-08,6446972671,defillama
stable_dai,2021-10-09,6493206763,defillama
stable_dai,2021-10-10,6537843670,defillama
stable_dai,2021-10-11,6543645498,defillama
stable_dai,2021-10-12,6554714018,defillama
stable_dai,2021-10-13,6607836165,defillama
stable_dai,2021-10-14,6638638659,defillama
stable_dai,2021-10-15,6770612810,defillama
stable_dai,2021-10-16,6991089765,defillama
stable_dai,2021-10-17,7027588273,defillama
stable_dai,2021-10-18,7011447930,defillama
stable_dai,2021-10-19,7041692492,defillama
stable_dai,2021-10-20,6965713282,defillama
stable_dai,2021-10-21,7151735467,defillama
stable_dai,2021-10-22,7375492356,defillama
stable_dai,2021-10-23,7391874597,defillama
stable_dai,2021-10-24,7387816411,defillama
stable_dai,2021-10-25,7338068313,defillama
stable_dai,2021-10-26,7323409804,defillama
stable_dai,2021-10-27,7339328683,defillama
stable_dai,2021-10-28,7610685581,defillama
stable_dai,2021-10-29,7629526521,defillama
stable_dai,2021-10-30,7689082797,defillama
stable_dai,2021-10-31,7793719922,defillama
stable_dai,2021-11-01,7793187615,defillama
stable_dai,2021-11-02,7820062202,defillama
stable_dai,2021-11-03,7823829841,defillama
stable_dai,2021-11-04,7840534376,defillama
stable_dai,2021-11-05,7807209872,defillama
stable_dai,2021-11-06,8156496509,defillama
stable_dai,2021-11-07,8143534836,defillama
stable_dai,2021-11-08,8124723409,defillama
stable_dai,2021-11-09,8392735006,defillama
stable_dai,2021-11-10,8632800903,defillama
stable_dai,2021-11-11,8581317425,defillama
stable_dai,2021-11-12,8555343741,defillama
stable_dai,2021-11-13,8585602579,defillama
stable_dai,2021-11-14,8532605901,defillama
stable_dai,2021-11-15,8493965627,defillama
stable_dai,2021-11-16,8489573144,defillama
stable_dai,2021-11-17,8487969868,defillama
stable_dai,2021-11-18,8491301228,defillama
stable_dai,2021-11-19,8523835052,defillama
stable_dai,2021-11-20,8634278626,defillama
stable_dai,2021-11-21,8675599843,defillama
stable_dai,2021-11-22,8700649963,defillama
stable_dai,2021-11-23,8633559608,defillama
stable_dai,2021-11-24,8727121905,defillama
stable_dai,2021-11-25,8741336711,defillama
stable_dai,2021-11-26,8789657927,defillama
stable_dai,2021-11-27,8664662320,defillama
stable_dai,2021-11-28,8672228095,defillama
stable_dai,2021-11-29,8718189473,defillama
stable_dai,2021-11-30,8746282291,defillama
stable_dai,2021-12-01,8837878911,defillama
stable_dai,2021-12-02,8900977777,defillama
stable_dai,2021-12-03,8895692505,defillama
stable_dai,2021-12-04,8918506252,defillama
stable_dai,2021-12-05,8920116848,defillama
stable_dai,2021-12-06,8997943463,defillama
stable_dai,2021-12-07,8929086141,defillama
stable_dai,2021-12-08,8950982367,defillama
stable_dai,2021-12-09,8963985218,defillama
stable_dai,2021-12-10,8940055730,defillama
stable_dai,2021-12-11,8864707831,defillama
stable_dai,2021-12-12,8921006869,defillama
stable_dai,2021-12-13,8916776226,defillama
stable_dai,2021-12-14,8860039127,defillama
stable_dai,2021-12-15,8815157626,defillama
stable_dai,2021-12-16,8864564743,defillama
stable_dai,2021-12-17,8878141572,defillama
stable_dai,2021-12-18,8916391856,defillama
stable_dai,2021-12-19,8941451883,defillama
stable_dai,2021-12-20,8917952303,defillama
stable_dai,2021-12-21,9010659458,defillama
stable_dai,2021-12-22,8985537935,defillama
stable_dai,2021-12-23,9012299617,defillama
stable_dai,2021-12-24,9004077004,defillama
stable_dai,2021-12-25,9007732009,defillama
stable_dai,2021-12-26,9026946021,defillama
stable_dai,2021-12-27,9056479534,defillama
stable_dai,2021-12-28,9035134799,defillama
stable_dai,2021-12-29,9011245517,defillama
stable_dai,2021-12-30,8928300276,defillama
stable_dai,2021-12-31,8940196525,defillama
stable_dai,2022-01-01,8945308696,defillama
stable_dai,2022-01-02,8989422829,defillama
stable_dai,2022-01-03,9019830071,defillama
stable_dai,2022-01-04,9061763816,defillama
stable_dai,2022-01-05,9094380378,defillama
stable_dai,2022-01-06,9057614529,defillama
stable_dai,2022-01-07,8981217752,defillama
stable_dai,2022-01-08,9009918264,defillama
stable_dai,2022-01-09,9001314636,defillama
stable_dai,2022-01-10,8930766653,defillama
stable_dai,2022-01-11,9010550582,defillama
stable_dai,2022-01-12,9023033118,defillama
stable_dai,2022-01-13,9081693565,defillama
stable_dai,2022-01-14,9137354809,defillama
stable_dai,2022-01-15,9125697060,defillama
stable_dai,2022-01-16,9170351303,defillama
stable_dai,2022-01-17,9256014687,defillama
stable_dai,2022-01-18,9334794093,defillama
stable_dai,2022-01-19,9331745107,defillama
stable_dai,2022-01-20,9390488156,defillama
stable_dai,2022-01-21,9402774438,defillama
stable_dai,2022-01-22,9166564461,defillama
stable_dai,2022-01-23,9115890348,defillama
stable_dai,2022-01-24,9146456179,defillama
stable_dai,2022-01-25,9293941652,defillama
stable_dai,2022-01-26,9245225217,defillama
stable_dai,2022-01-27,9359921919,defillama
stable_dai,2022-01-28,9167298522,defillama
stable_dai,2022-01-29,9078096308,defillama
stable_dai,2022-01-30,9135717349,defillama
stable_dai,2022-01-31,9137932290,defillama
stable_dai,2022-02-01,9156440883,defillama
stable_dai,2022-02-02,9194270272,defillama
stable_dai,2022-02-03,9170666264,defillama
stable_dai,2022-02-04,9203253257,defillama
stable_dai,2022-02-05,9228979411,defillama
stable_dai,2022-02-06,9322792991,defillama
stable_dai,2022-02-07,9360562441,defillama
stable_dai,2022-02-08,9471465595,defillama
stable_dai,2022-02-09,9667216568,defillama
stable_dai,2022-02-10,9749936627,defillama
stable_dai,2022-02-11,9795528748,defillama
stable_dai,2022-02-12,9837232184,defillama
stable_dai,2022-02-13,9819806817,defillama
stable_dai,2022-02-14,9828935789,defillama
stable_dai,2022-02-15,9810525653,defillama
stable_dai,2022-02-16,9951881495,defillama
stable_dai,2022-02-17,9886213899,defillama
stable_dai,2022-02-18,9781207527,defillama
stable_dai,2022-02-19,9763416968,defillama
stable_dai,2022-02-20,9788916601,defillama
stable_dai,2022-02-21,9759400435,defillama
stable_dai,2022-02-22,9707633715,defillama
stable_dai,2022-02-23,9713767549,defillama
stable_dai,2022-02-24,9652416597,defillama
stable_dai,2022-02-25,9386007628,defillama
stable_dai,2022-02-26,9204072015,defillama
stable_dai,2022-02-27,9230718584,defillama
stable_dai,2022-02-28,9245129542,defillama
stable_dai,2022-03-01,9240847000,defillama
stable_dai,2022-03-02,9268815900,defillama
stable_dai,2022-03-03,9187456231,defillama
stable_dai,2022-03-04,9206698696,defillama
stable_dai,2022-03-05,9298628581,defillama
stable_dai,2022-03-06,9284513192,defillama
stable_dai,2022-03-07,9402892151,defillama
stable_dai,2022-03-08,9433634871,defillama
stable_dai,2022-03-09,9334460386,defillama
stable_dai,2022-03-10,9373881818,defillama
stable_dai,2022-03-11,9369086408,defillama
stable_dai,2022-03-12,9398111117,defillama
stable_dai,2022-03-13,9413440797,defillama
stable_dai,2022-03-14,9409151264,defillama
stable_dai,2022-03-15,9382848887,defillama
stable_dai,2022-03-16,9353951902,defillama
stable_dai,2022-03-17,9383100792,defillama
stable_dai,2022-03-18,9406338555,defillama
stable_dai,2022-03-19,9461621868,defillama
stable_dai,2022-03-20,9472781176,defillama
stable_dai,2022-03-21,9534911277,defillama
stable_dai,2022-03-22,9530425395,defillama
stable_dai,2022-03-23,9498141885,defillama
stable_dai,2022-03-24,9452120845,defillama
stable_dai,2022-03-25,9294100934,defillama
stable_dai,2022-03-26,9268770917,defillama
stable_dai,2022-03-27,9239010996,defillama
stable_dai,2022-03-28,9230632118,defillama
stable_dai,2022-03-29,9208106656,defillama
stable_dai,2022-03-30,9189969454,defillama
stable_dai,2022-03-31,9225282191,defillama
stable_dai,2022-04-01,9191746163,defillama
stable_dai,2022-04-02,9209258512,defillama
stable_dai,2022-04-03,9101860571,defillama
stable_dai,2022-04-04,9076756446,defillama
stable_dai,2022-04-05,9082336345,defillama
stable_dai,2022-04-06,9051936140,defillama
stable_dai,2022-04-07,8979891572,defillama
stable_dai,2022-04-08,8969539323,defillama
stable_dai,2022-04-09,9039566073,defillama
stable_dai,2022-04-10,9025592102,defillama
stable_dai,2022-04-11,9039197449,defillama
stable_dai,2022-04-12,8810968202,defillama
stable_dai,2022-04-13,8765593297,defillama
stable_dai,2022-04-14,8733041613,defillama
stable_dai,2022-04-15,8808394402,defillama
stable_dai,2022-04-16,8791379410,defillama
stable_dai,2022-04-17,8786525084,defillama
stable_dai,2022-04-18,8759156980,defillama
stable_dai,2022-04-19,8725686562,defillama
stable_dai,2022-04-20,8698346734,defillama
stable_dai,2022-04-21,8723783877,defillama
stable_dai,2022-04-22,8704557539,defillama
stable_dai,2022-04-23,8701913872,defillama
stable_dai,2022-04-24,8708868168,defillama
stable_dai,2022-04-25,8716363162,defillama
stable_dai,2022-04-26,8665353293,defillama
stable_dai,2022-04-27,8644835270,defillama
stable_dai,2022-04-28,8599444691,defillama
stable_dai,2022-04-29,8572125680,defillama
stable_dai,2022-04-30,8511787091,defillama
stable_dai,2022-05-01,8459041180,defillama
stable_dai,2022-05-02,8430918903,defillama
stable_dai,2022-05-03,8338995266,defillama
stable_dai,2022-05-04,8289733383,defillama
stable_dai,2022-05-05,8197809049,defillama
stable_dai,2022-05-06,8214309359,defillama
stable_dai,2022-05-07,8159344682,defillama
stable_dai,2022-05-08,7975913291,defillama
stable_dai,2022-05-09,7556916646,defillama
stable_dai,2022-05-10,7163337396,defillama
stable_dai,2022-05-11,6982432940,defillama
stable_dai,2022-05-12,6176756288,defillama
stable_dai,2022-05-13,6007806453,defillama
stable_dai,2022-05-14,6025373194,defillama
stable_dai,2022-05-15,5991514910,defillama
stable_dai,2022-05-16,6043777513,defillama
stable_dai,2022-05-17,6020836694,defillama
stable_dai,2022-05-18,6121651621,defillama
stable_dai,2022-05-19,6100276579,defillama
stable_dai,2022-05-20,6208490700,defillama
stable_dai,2022-05-21,6138517324,defillama
stable_dai,2022-05-22,6116973370,defillama
stable_dai,2022-05-23,6136221943,defillama
stable_dai,2022-05-24,6169374384,defillama
stable_dai,2022-05-25,6171972722,defillama
stable_dai,2022-05-26,6171312742,defillama
stable_dai,2022-05-27,6185381417,defillama
stable_dai,2022-05-28,6205867272,defillama
stable_dai,2022-05-29,6230245585,defillama
stable_dai,2022-05-30,6241135935,defillama
stable_dai,2022-05-31,6294313853,defillama
stable_dai,2022-06-01,6365185693,defillama
stable_dai,2022-06-02,6392362184,defillama
stable_dai,2022-06-03,6408782885,defillama
stable_dai,2022-06-04,6421679437,defillama
stable_dai,2022-06-05,6416268295,defillama
stable_dai,2022-06-06,6434554207,defillama
stable_dai,2022-06-07,6455895760,defillama
stable_dai,2022-06-08,6504511927,defillama
stable_dai,2022-06-09,6571907900,defillama
stable_dai,2022-06-10,6582839696,defillama
stable_dai,2022-06-11,6656095634,defillama
stable_dai,2022-06-12,6613028358,defillama
stable_dai,2022-06-13,6591169762,defillama
stable_dai,2022-06-14,6455314704,defillama
stable_dai,2022-06-15,6357872166,defillama
stable_dai,2022-06-16,6285575425,defillama
stable_dai,2022-06-17,6237242772,defillama
stable_dai,2022-06-18,6367868986,defillama
stable_dai,2022-06-19,6284483284,defillama
stable_dai,2022-06-20,6286172860,defillama
stable_dai,2022-06-21,6280259001,defillama
stable_dai,2022-06-22,6318427671,defillama
stable_dai,2022-06-23,6333330027,defillama
stable_dai,2022-06-24,6328911474,defillama
stable_dai,2022-06-25,6323171707,defillama
stable_dai,2022-06-26,6344501028,defillama
stable_dai,2022-06-27,6322849487,defillama
stable_dai,2022-06-28,6331235461,defillama
stable_dai,2022-06-29,6250595574,defillama
stable_dai,2022-06-30,6322265246,defillama
stable_dai,2022-07-01,6319730151,defillama
stable_dai,2022-07-02,6396450375,defillama
stable_dai,2022-07-03,6406962775,defillama
stable_dai,2022-07-04,6430833317,defillama
stable_dai,2022-07-05,6440188597,defillama
stable_dai,2022-07-06,6433766301,defillama
stable_dai,2022-07-07,6420143840,defillama
stable_dai,2022-07-08,6445656636,defillama
stable_dai,2022-07-09,6461631548,defillama
stable_dai,2022-07-10,6487247003,defillama
stable_dai,2022-07-11,6425483975,defillama
stable_dai,2022-07-12,6454325558,defillama
stable_dai,2022-07-13,6401322933,defillama
stable_dai,2022-07-14,6465404048,defillama
stable_dai,2022-07-15,6496648680,defillama
stable_dai,2022-07-16,6540391831,defillama
stable_dai,2022-07-17,6588727400,defillama
stable_dai,2022-07-18,6713131763,defillama
stable_dai,2022-07-19,6772181520,defillama
stable_dai,2022-07-20,6813842983,defillama
stable_dai,2022-07-21,6833858495,defillama
stable_dai,2022-07-22,6808659864,defillama
stable_dai,2022-07-23,6868818890,defillama
stable_dai,2022-07-24,6918607706,defillama
stable_dai,2022-07-25,6913365132,defillama
stable_dai,2022-07-26,6872863685,defillama
stable_dai,2022-07-27,6883246369,defillama
stable_dai,2022-07-28,6927887133,defillama
stable_dai,2022-07-29,6987503080,defillama
stable_dai,2022-07-30,7017296569,defillama
stable_dai,2022-07-31,7000315771,defillama
stable_dai,2022-08-01,6970932769,defillama
stable_dai,2022-08-02,6990217547,defillama
stable_dai,2022-08-03,6986805787,defillama
stable_dai,2022-08-04,6943602666,defillama
stable_dai,2022-08-05,7019347365,defillama
stable_dai,2022-08-06,7039553415,defillama
stable_dai,2022-08-07,7079507537,defillama
stable_dai,2022-08-08,7007186679,defillama
stable_dai,2022-08-09,7038383739,defillama
stable_dai,2022-08-10,7070219248,defillama
stable_dai,2022-08-11,7111295723,defillama
stable_dai,2022-08-12,7006540068,defillama
stable_dai,2022-08-13,6835569566,defillama
stable_dai,2022-08-14,6850039736,defillama
stable_dai,2022-08-15,6810131427,defillama
stable_dai,2022-08-16,6800406561,defillama
stable_dai,2022-08-17,6774115242,defillama
stable_dai,2022-08-18,6732521880,defillama
stable_dai,2022-08-19,6692115250,defillama
stable_dai,2022-08-20,6641386150,defillama
stable_dai,2022-08-21,6585844907,defillama
stable_dai,2022-08-22,6551101426,defillama
stable_dai,2022-08-23,6527072580,defillama
stable_dai,2022-08-24,6511799141,defillama
stable_dai,2022-08-25,6496625506,defillama
stable_dai,2022-08-26,6511205820,defillama
stable_dai,2022-08-27,6492428510,defillama
stable_dai,2022-08-28,6478053504,defillama
stable_dai,2022-08-29,6472676560,defillama
stable_dai,2022-08-30,6482996497,defillama
stable_dai,2022-08-31,6513654564,defillama
stable_dai,2022-09-01,6512129386,defillama
stable_dai,2022-09-02,6549160998,defillama
stable_dai,2022-09-03,6543246147,defillama
stable_dai,2022-09-04,6535145253,defillama
stable_dai,2022-09-05,6449107023,defillama
stable_dai,2022-09-06,6422655195,defillama
stable_dai,2022-09-07,6408253781,defillama
stable_dai,2022-09-08,6405523031,defillama
stable_dai,2022-09-09,6410185584,defillama
stable_dai,2022-09-10,6411812547,defillama
stable_dai,2022-09-11,6435984181,defillama
stable_dai,2022-09-12,6440832858,defillama
stable_dai,2022-09-13,6423856952,defillama
stable_dai,2022-09-14,6389593937,defillama
stable_dai,2022-09-15,6383386329,defillama
stable_dai,2022-09-16,6371976830,defillama
stable_dai,2022-09-17,6374280158,defillama
stable_dai,2022-09-18,6433988516,defillama
stable_dai,2022-09-19,6426077261,defillama
stable_dai,2022-09-20,6379837459,defillama
stable_dai,2022-09-21,6418571963,defillama
stable_dai,2022-09-22,6412136991,defillama
stable_dai,2022-09-23,6473956364,defillama
stable_dai,2022-09-24,6477347417,defillama
stable_dai,2022-09-25,6471422615,defillama
stable_dai,2022-09-26,6470564787,defillama
stable_dai,2022-09-27,6461496878,defillama
stable_dai,2022-09-28,6449756415,defillama
stable_dai,2022-09-29,6405633520,defillama
stable_dai,2022-09-30,6412476533,defillama
stable_dai,2022-10-01,6410597396,defillama
stable_dai,2022-10-02,6407231969,defillama
stable_dai,2022-10-03,6374829996,defillama
stable_dai,2022-10-04,6328114447,defillama
stable_dai,2022-10-05,6348183702,defillama
stable_dai,2022-10-06,6338818746,defillama
stable_dai,2022-10-07,6329709120,defillama
stable_dai,2022-10-08,6312891896,defillama
stable_dai,2022-10-09,6313922897,defillama
stable_dai,2022-10-10,6306111486,defillama
stable_dai,2022-10-11,6280328560,defillama
stable_dai,2022-10-12,6246283301,defillama
stable_dai,2022-10-13,6202179646,defillama
stable_dai,2022-10-14,6037140991,defillama
stable_dai,2022-10-15,6029027825,defillama
stable_dai,2022-10-16,6018984633,defillama
stable_dai,2022-10-17,6021437582,defillama
stable_dai,2022-10-18,6001394114,defillama
stable_dai,2022-10-19,5913645400,defillama
stable_dai,2022-10-20,5876697210,defillama
stable_dai,2022-10-21,5796976984,defillama
stable_dai,2022-10-22,5748038382,defillama
stable_dai,2022-10-23,5755030445,defillama
stable_dai,2022-10-24,5786191409,defillama
stable_dai,2022-10-25,5785277375,defillama
stable_dai,2022-10-26,5790557229,defillama
stable_dai,2022-10-27,5792095831,defillama
stable_dai,2022-10-28,5797115369,defillama
stable_dai,2022-10-29,5769620018,defillama
stable_dai,2022-10-30,5782823654,defillama
stable_dai,2022-10-31,5774959360,defillama
stable_dai,2022-11-01,5683797889,defillama
stable_dai,2022-11-02,5657479288,defillama
stable_dai,2022-11-03,5668050768,defillama
stable_dai,2022-11-04,5658283048,defillama
stable_dai,2022-11-05,5692143252,defillama
stable_dai,2022-11-06,5722149110,defillama
stable_dai,2022-11-07,5772096726,defillama
stable_dai,2022-11-08,5787183940,defillama
stable_dai,2022-11-09,5751459012,defillama
stable_dai,2022-11-10,5437149036,defillama
stable_dai,2022-11-11,5391555587,defillama
stable_dai,2022-11-12,5394004683,defillama
stable_dai,2022-11-13,5441699507,defillama
stable_dai,2022-11-14,5436348258,defillama
stable_dai,2022-11-15,5466952845,defillama
stable_dai,2022-11-16,5439447582,defillama
stable_dai,2022-11-17,5430814158,defillama
stable_dai,2022-11-18,5449264302,defillama
stable_dai,2022-11-19,5425238337,defillama
stable_dai,2022-11-20,5432064142,defillama
stable_dai,2022-11-21,5405934262,defillama
stable_dai,2022-11-22,5352993996,defillama
stable_dai,2022-11-23,5367921913,defillama
stable_dai,2022-11-24,5243752781,defillama
stable_dai,2022-11-25,5261562431,defillama
stable_dai,2022-11-26,5253903530,defillama
stable_dai,2022-11-27,5266875738,defillama
stable_dai,2022-11-28,5189391074,defillama
stable_dai,2022-11-29,5197232902,defillama
stable_dai,2022-11-30,5177508377,defillama
stable_dai,2022-12-01,5190940506,defillama
stable_dai,2022-12-02,5201199129,defillama
stable_dai,2022-12-03,5223885223,defillama
stable_dai,2022-12-04,5223149757,defillama
stable_dai,2022-12-05,5220263452,defillama
stable_dai,2022-12-06,5219747527,defillama
stable_dai,2022-12-07,5170128638,defillama
stable_dai,2022-12-08,5172166058,defillama
stable_dai,2022-12-09,5176241274,defillama
stable_dai,2022-12-10,5173767279,defillama
stable_dai,2022-12-11,5180175960,defillama
stable_dai,2022-12-12,5174745541,defillama
stable_dai,2022-12-13,5162671193,defillama
stable_dai,2022-12-14,5163529431,defillama
stable_dai,2022-12-15,5152553455,defillama
stable_dai,2022-12-16,5129580148,defillama
stable_dai,2022-12-17,5138333362,defillama
stable_dai,2022-12-18,5147283616,defillama
stable_dai,2022-12-19,5147824207,defillama
stable_dai,2022-12-20,5150611980,defillama
stable_dai,2022-12-21,5170854946,defillama
stable_dai,2022-12-22,5175522378,defillama
stable_dai,2022-12-23,5164093379,defillama
stable_dai,2022-12-24,5152980756,defillama
stable_dai,2022-12-25,5157601809,defillama
stable_dai,2022-12-26,5147332251,defillama
stable_dai,2022-12-27,5136178470,defillama
stable_dai,2022-12-28,5121377390,defillama
stable_dai,2022-12-29,5080248555,defillama
stable_dai,2022-12-30,5077444933,defillama
stable_dai,2022-12-31,5061925238,defillama
stable_dai,2023-01-01,5056502018,defillama
stable_dai,2023-01-02,5052759431,defillama
stable_dai,2023-01-03,5057787126,defillama
stable_dai,2023-01-04,5059363528,defillama
stable_dai,2023-01-05,5035185933,defillama
stable_dai,2023-01-06,5016002044,defillama
stable_dai,2023-01-07,5004284744,defillama
stable_dai,2023-01-08,5047474309,defillama
stable_dai,2023-01-09,5066075174,defillama
stable_dai,2023-01-10,5072548741,defillama
stable_dai,2023-01-11,5072035731,defillama
stable_dai,2023-01-12,5058553959,defillama
stable_dai,2023-01-13,5059736457,defillama
stable_dai,2023-01-14,5085914736,defillama
stable_dai,2023-01-15,5098324191,defillama
stable_dai,2023-01-16,5102948703,defillama
stable_dai,2023-01-17,5099089485,defillama
stable_dai,2023-01-18,5097905769,defillama
stable_dai,2023-01-19,5113297318,defillama
stable_dai,2023-01-20,5112344782,defillama
stable_dai,2023-01-21,5115147602,defillama
stable_dai,2023-01-22,5135175908,defillama
stable_dai,2023-01-23,5138197689,defillama
stable_dai,2023-01-24,5141679004,defillama
stable_dai,2023-01-25,5156257023,defillama
stable_dai,2023-01-26,5156618447,defillama
stable_dai,2023-01-27,5142995166,defillama
stable_dai,2023-01-28,5131479374,defillama
stable_dai,2023-01-29,5136085355,defillama
stable_dai,2023-01-30,5131945540,defillama
stable_dai,2023-01-31,5124448188,defillama
stable_dai,2023-02-01,5109220274,defillama
stable_dai,2023-02-02,5099834061,defillama
stable_dai,2023-02-03,5107263655,defillama
stable_dai,2023-02-04,5095939556,defillama
stable_dai,2023-02-05,5103033741,defillama
stable_dai,2023-02-06,5108661679,defillama
stable_dai,2023-02-07,5106194710,defillama
stable_dai,2023-02-08,5096385107,defillama
stable_dai,2023-02-09,5101680743,defillama
stable_dai,2023-02-10,5089114275,defillama
stable_dai,2023-02-11,5083865127,defillama
stable_dai,2023-02-12,5081238186,defillama
stable_dai,2023-02-13,5082389286,defillama
stable_dai,2023-02-14,5095430331,defillama
stable_dai,2023-02-15,5086432467,defillama
stable_dai,2023-02-16,5087085609,defillama
stable_dai,2023-02-17,5090497126,defillama
stable_dai,2023-02-18,5069755254,defillama
stable_dai,2023-02-19,5082188199,defillama
stable_dai,2023-02-20,5084376219,defillama
stable_dai,2023-02-21,5087755205,defillama
stable_dai,2023-02-22,5025497973,defillama
stable_dai,2023-02-23,5034632736,defillama
stable_dai,2023-02-24,5023801940,defillama
stable_dai,2023-02-25,5022538524,defillama
stable_dai,2023-02-26,5022390510,defillama
stable_dai,2023-02-27,5027887498,defillama
stable_dai,2023-02-28,5031544883,defillama
stable_dai,2023-03-01,5025249703,defillama
stable_dai,2023-03-02,5013821892,defillama
stable_dai,2023-03-03,5022905153,defillama
stable_dai,2023-03-04,5008414439,defillama
stable_dai,2023-03-05,5016539623,defillama
stable_dai,2023-03-06,5002052962,defillama
stable_dai,2023-03-07,5004616099,defillama
stable_dai,2023-03-08,4992034728,defillama
stable_dai,2023-03-09,4978720763,defillama
stable_dai,2023-03-10,4914241779,defillama
stable_dai,2023-03-11,5099872824,defillama
stable_dai,2023-03-12,5829992476,defillama
stable_dai,2023-03-13,6354719957,defillama
stable_dai,2023-03-14,6281301167,defillama
stable_dai,2023-03-15,6040897060,defillama
stable_dai,2023-03-16,5795515043,defillama
stable_dai,2023-03-17,5566042447,defillama
stable_dai,2023-03-18,5459068162,defillama
stable_dai,2023-03-19,5430257937,defillama
stable_dai,2023-03-20,5409493536,defillama
stable_dai,2023-03-21,5399321748,defillama
stable_dai,2023-03-22,5386927527,defillama
stable_dai,2023-03-23,5295219811,defillama
stable_dai,2023-03-24,5283706491,defillama
stable_dai,2023-03-25,5243400361,defillama
stable_dai,2023-03-26,5241821138,defillama
stable_dai,2023-03-27,5234584092,defillama
stable_dai,2023-03-28,5147163334,defillama
stable_dai,2023-03-29,5118816202,defillama
stable_dai,2023-03-30,5103349240,defillama
stable_dai,2023-03-31,5096764173,defillama
stable_dai,2023-04-01,5097219737,defillama
stable_dai,2023-04-02,5098655957,defillama
stable_dai,2023-04-03,5109383566,defillama
stable_dai,2023-04-04,5092490382,defillama
stable_dai,2023-04-05,5093332050,defillama
stable_dai,2023-04-06,5083854788,defillama
stable_dai,2023-04-07,5085068955,defillama
stable_dai,2023-04-08,5082352628,defillama
stable_dai,2023-04-09,5077677554,defillama
stable_dai,2023-04-10,5070362809,defillama
stable_dai,2023-04-11,5056286415,defillama
stable_dai,2023-04-12,5044866926,defillama
stable_dai,2023-04-13,5020927008,defillama
stable_dai,2023-04-14,5010239606,defillama
stable_dai,2023-04-15,5013234144,defillama
stable_dai,2023-04-16,5026673664,defillama
stable_dai,2023-04-17,5015182398,defillama
stable_dai,2023-04-18,4882603473,defillama
stable_dai,2023-04-19,4864412825,defillama
stable_dai,2023-04-20,4857992464,defillama
stable_dai,2023-04-21,4850557997,defillama
stable_dai,2023-04-22,4800943948,defillama
stable_dai,2023-04-23,4780968554,defillama
stable_dai,2023-04-24,4779184914,defillama
stable_dai,2023-04-25,4790025999,defillama
stable_dai,2023-04-26,4788214973,defillama
stable_dai,2023-04-27,4791491746,defillama
stable_dai,2023-04-28,4782182539,defillama
stable_dai,2023-04-29,4732221148,defillama
stable_dai,2023-04-30,4732465508,defillama
stable_dai,2023-05-01,4736276544,defillama
stable_dai,2023-05-02,4728180040,defillama
stable_dai,2023-05-03,4704545501,defillama
stable_dai,2023-05-04,4685816678,defillama
stable_dai,2023-05-05,4681419453,defillama
stable_dai,2023-05-06,4672681864,defillama
stable_dai,2023-05-07,4684342312,defillama
stable_dai,2023-05-08,4685152787,defillama
stable_dai,2023-05-09,4686842442,defillama
stable_dai,2023-05-10,4691134797,defillama
stable_dai,2023-05-11,4689552524,defillama
stable_dai,2023-05-12,4683186811,defillama
stable_dai,2023-05-13,4668987848,defillama
stable_dai,2023-05-14,4668606133,defillama
stable_dai,2023-05-15,4667519689,defillama
stable_dai,2023-05-16,4663501672,defillama
stable_dai,2023-05-17,4664002699,defillama
stable_dai,2023-05-18,4667718936,defillama
stable_dai,2023-05-19,4668603960,defillama
stable_dai,2023-05-20,4666010659,defillama
stable_dai,2023-05-21,4648066388,defillama
stable_dai,2023-05-22,4658779379,defillama
stable_dai,2023-05-23,4655179883,defillama
stable_dai,2023-05-24,4635891798,defillama
stable_dai,2023-05-25,4624612751,defillama
stable_dai,2023-05-26,4622155160,defillama
stable_dai,2023-05-27,4618938219,defillama
stable_dai,2023-05-28,4622298595,defillama
stable_dai,2023-05-29,4623864067,defillama
stable_dai,2023-05-30,4626740896,defillama
stable_dai,2023-05-31,4629017274,defillama
stable_dai,2023-06-01,4619862639,defillama
stable_dai,2023-06-02,4602232131,defillama
stable_dai,2023-06-03,4591182850,defillama
stable_dai,2023-06-04,4589517144,defillama
stable_dai,2023-06-05,4589299270,defillama
stable_dai,2023-06-06,4586122571,defillama
stable_dai,2023-06-07,4573340863,defillama
stable_dai,2023-06-08,4568056316,defillama
stable_dai,2023-06-09,4552607685,defillama
stable_dai,2023-06-10,4542446167,defillama
stable_dai,2023-06-11,4544382326,defillama
stable_dai,2023-06-12,4542050532,defillama
stable_dai,2023-06-13,4516549995,defillama
stable_dai,2023-06-14,4491866997,defillama
stable_dai,2023-06-15,4484712392,defillama
stable_dai,2023-06-16,4390326664,defillama
stable_dai,2023-06-17,4398108246,defillama
stable_dai,2023-06-18,4416537189,defillama
stable_dai,2023-06-19,4426960688,defillama
stable_dai,2023-06-20,4420215648,defillama
stable_dai,2023-06-21,4445905218,defillama
stable_dai,2023-06-22,4424675101,defillama
stable_dai,2023-06-23,4447843472,defillama
stable_dai,2023-06-24,4452673151,defillama
stable_dai,2023-06-25,4454474272,defillama
stable_dai,2023-06-26,4449300505,defillama
stable_dai,2023-06-27,4425650858,defillama
stable_dai,2023-06-28,4410084564,defillama
stable_dai,2023-06-29,4397271965,defillama
stable_dai,2023-06-30,4379764323,defillama
stable_dai,2023-07-01,4344009117,defillama
stable_dai,2023-07-02,4341983422,defillama
stable_dai,2023-07-03,4338410396,defillama
stable_dai,2023-07-04,4333263420,defillama
stable_dai,2023-07-05,4334866213,defillama
stable_dai,2023-07-06,4317257780,defillama
stable_dai,2023-07-07,4310592303,defillama
stable_dai,2023-07-08,4307563296,defillama
stable_dai,2023-07-09,4299681210,defillama
stable_dai,2023-07-10,4293474192,defillama
stable_dai,2023-07-11,4287056748,defillama
stable_dai,2023-07-12,4293116204,defillama
stable_dai,2023-07-13,4282971651,defillama
stable_dai,2023-07-14,4286614846,defillama
stable_dai,2023-07-15,4281243577,defillama
stable_dai,2023-07-16,4282335315,defillama
stable_dai,2023-07-17,4276316834,defillama
stable_dai,2023-07-18,4267715079,defillama
stable_dai,2023-07-19,4266628279,defillama
stable_dai,2023-07-20,4257529974,defillama
stable_dai,2023-07-21,4251104355,defillama
stable_dai,2023-07-22,4230107612,defillama
stable_dai,2023-07-23,4231119449,defillama
stable_dai,2023-07-24,4232543995,defillama
stable_dai,2023-07-25,4201157577,defillama
stable_dai,2023-07-26,4194984831,defillama
stable_dai,2023-07-27,4181562937,defillama
stable_dai,2023-07-28,4175435568,defillama
stable_dai,2023-07-29,4155154881,defillama
stable_dai,2023-07-30,4149437260,defillama
stable_dai,2023-07-31,4153599268,defillama
stable_dai,2023-08-01,4167675662,defillama
stable_dai,2023-08-02,4107008272,defillama
stable_dai,2023-08-03,4080386474,defillama
stable_dai,2023-08-04,4053444400,defillama
stable_dai,2023-08-05,4029865044,defillama
stable_dai,2023-08-06,4035369905,defillama
stable_dai,2023-08-07,4032490489,defillama
stable_dai,2023-08-08,4025817928,defillama
stable_dai,2023-08-09,4042969770,defillama
stable_dai,2023-08-10,4046545252,defillama
stable_dai,2023-08-11,4005561358,defillama
stable_dai,2023-08-12,3969319820,defillama
stable_dai,2023-08-13,4007354627,defillama
stable_dai,2023-08-14,3993144855,defillama
stable_dai,2023-08-15,3964872714,defillama
stable_dai,2023-08-16,3927748770,defillama
stable_dai,2023-08-17,3925028254,defillama
stable_dai,2023-08-18,3933424140,defillama
stable_dai,2023-08-19,3931626061,defillama
stable_dai,2023-08-20,3929053540,defillama
stable_dai,2023-08-21,3969985874,defillama
stable_dai,2023-08-22,5085500655,defillama
stable_dai,2023-08-23,5081764129,defillama
stable_dai,2023-08-24,5065070487,defillama
stable_dai,2023-08-25,5112143122,defillama
stable_dai,2023-08-26,5104549537,defillama
stable_dai,2023-08-27,5134665931,defillama
stable_dai,2023-08-28,5152157924,defillama
stable_dai,2023-08-29,5154730845,defillama
stable_dai,2023-08-30,5197303938,defillama
stable_dai,2023-08-31,5204661950,defillama
stable_dai,2023-09-01,5214990618,defillama
stable_dai,2023-09-02,5201377691,defillama
stable_dai,2023-09-03,5220532564,defillama
stable_dai,2023-09-04,5236386776,defillama
stable_dai,2023-09-05,5227719419,defillama
stable_dai,2023-09-06,5218466328,defillama
stable_dai,2023-09-07,5248477681,defillama
stable_dai,2023-09-08,5240798289,defillama
stable_dai,2023-09-09,5258385392,defillama
stable_dai,2023-09-10,5265512832,defillama
stable_dai,2023-09-11,5290034840,defillama
stable_dai,2023-09-12,5300287318,defillama
stable_dai,2023-09-13,5314066059,defillama
stable_dai,2023-09-14,5334090820,defillama
stable_dai,2023-09-15,5361328213,defillama
stable_dai,2023-09-16,5370670849,defillama
stable_dai,2023-09-17,5391639726,defillama
stable_dai,2023-09-18,5425403996,defillama
stable_dai,2023-09-19,5410308346,defillama
stable_dai,2023-09-20,5415874632,defillama
stable_dai,2023-09-21,5422717843,defillama
stable_dai,2023-09-22,5428867004,defillama
stable_dai,2023-09-23,5432447136,defillama
stable_dai,2023-09-24,5458992191,defillama
stable_dai,2023-09-25,5463760141,defillama
stable_dai,2023-09-26,5461293854,defillama
stable_dai,2023-09-27,5458298456,defillama
stable_dai,2023-09-28,5453864063,defillama
stable_dai,2023-09-29,5475998005,defillama
stable_dai,2023-09-30,5485378687,defillama
stable_dai,2023-10-01,5478876919,defillama
stable_dai,2023-10-02,5485345143,defillama
stable_dai,2023-10-03,5495064665,defillama
stable_dai,2023-10-04,5477242060,defillama
stable_dai,2023-10-05,5472486832,defillama
stable_dai,2023-10-06,5471003803,defillama
stable_dai,2023-10-07,5477264779,defillama
stable_dai,2023-10-08,5487036588,defillama
stable_dai,2023-10-09,5497513155,defillama
stable_dai,2023-10-10,5506574128,defillama
stable_dai,2023-10-11,5501287634,defillama
stable_dai,2023-10-12,5483900054,defillama
stable_dai,2023-10-13,5450677235,defillama
stable_dai,2023-10-14,5458065205,defillama
stable_dai,2023-10-15,5476087407,defillama
stable_dai,2023-10-16,5483128141,defillama
stable_dai,2023-10-17,5476174356,defillama
stable_dai,2023-10-18,5484577126,defillama
stable_dai,2023-10-19,5483484755,defillama
stable_dai,2023-10-20,5516688459,defillama
stable_dai,2023-10-21,5540157449,defillama
stable_dai,2023-10-22,5550758859,defillama
stable_dai,2023-10-23,5554864953,defillama
stable_dai,2023-10-24,5510883570,defillama
stable_dai,2023-10-25,5483672839,defillama
stable_dai,2023-10-26,5480575965,defillama
stable_dai,2023-10-27,5495332659,defillama
stable_dai,2023-10-28,5468731144,defillama
stable_dai,2023-10-29,5444691075,defillama
stable_dai,2023-10-30,5436257315,defillama
stable_dai,2023-10-31,5342821155,defillama
stable_dai,2023-11-01,5287336681,defillama
stable_dai,2023-11-02,5337492124,defillama
stable_dai,2023-11-03,5326571398,defillama
stable_dai,2023-11-04,5331439343,defillama
stable_dai,2023-11-05,5349348702,defillama
stable_dai,2023-11-06,5344181928,defillama
stable_dai,2023-11-07,5330370526,defillama
stable_dai,2023-11-08,5317462505,defillama
stable_dai,2023-11-09,5283067262,defillama
stable_dai,2023-11-10,5275335773,defillama
stable_dai,2023-11-11,5256992533,defillama
stable_dai,2023-11-12,5286480319,defillama
stable_dai,2023-11-13,5270872341,defillama
stable_dai,2023-11-14,5254549206,defillama
stable_dai,2023-11-15,5227581784,defillama
stable_dai,2023-11-16,5215510801,defillama
stable_dai,2023-11-17,5207365932,defillama
stable_dai,2023-11-18,5196263570,defillama
stable_dai,2023-11-19,5210481998,defillama
stable_dai,2023-11-20,5232165262,defillama
stable_dai,2023-11-21,5223326418,defillama
stable_dai,2023-11-22,5236274967,defillama
stable_dai,2023-11-23,5235805645,defillama
stable_dai,2023-11-24,5234612331,defillama
stable_dai,2023-11-25,5268065361,defillama
stable_dai,2023-11-26,5285673286,defillama
stable_dai,2023-11-27,5290788423,defillama
stable_dai,2023-11-28,5277763272,defillama
stable_dai,2023-11-29,5281642076,defillama
stable_dai,2023-11-30,5279748080,defillama
stable_dai,2023-12-01,5281563851,defillama
stable_dai,2023-12-02,5274416214,defillama
stable_dai,2023-12-03,5260495810,defillama
stable_dai,2023-12-04,5282108988,defillama
stable_dai,2023-12-05,5296753627,defillama
stable_dai,2023-12-06,5294583435,defillama
stable_dai,2023-12-07,5312218620,defillama
stable_dai,2023-12-08,5324896820,defillama
stable_dai,2023-12-09,5341425790,defillama
stable_dai,2023-12-10,5360690841,defillama
stable_dai,2023-12-11,5366211499,defillama
stable_dai,2023-12-12,5324118362,defillama
stable_dai,2023-12-13,5225223485,defillama
stable_dai,2023-12-14,5205753750,defillama
stable_dai,2023-12-15,5203731059,defillama
stable_dai,2023-12-16,5186598849,defillama
stable_dai,2023-12-17,5218317603,defillama
stable_dai,2023-12-18,5219995202,defillama
stable_dai,2023-12-19,5229859277,defillama
stable_dai,2023-12-20,5226985397,defillama
stable_dai,2023-12-21,5228354219,defillama
stable_dai,2023-12-22,5228821710,defillama
stable_dai,2023-12-23,5243131404,defillama
stable_dai,2023-12-24,5268833981,defillama
stable_dai,2023-12-25,5267079542,defillama
stable_dai,2023-12-26,5250732612,defillama
stable_dai,2023-12-27,5229957177,defillama
stable_dai,2023-12-28,5225992129,defillama
stable_dai,2023-12-29,5202648234,defillama
stable_dai,2023-12-30,5200956943,defillama
stable_dai,2023-12-31,5189602665,defillama
stable_dai,2024-01-01,5165963739,defillama
stable_dai,2024-01-02,5204611604,defillama
stable_dai,2024-01-03,5221682248,defillama
stable_dai,2024-01-04,5231656231,defillama
stable_dai,2024-01-05,5230133850,defillama
stable_dai,2024-01-06,5202018899,defillama
stable_dai,2024-01-07,5203035418,defillama
stable_dai,2024-01-08,5212861627,defillama
stable_dai,2024-01-09,5235400551,defillama
stable_dai,2024-01-10,5237727137,defillama
stable_dai,2024-01-11,5242203237,defillama
stable_dai,2024-01-12,5231937329,defillama
stable_dai,2024-01-13,5190655663,defillama
stable_dai,2024-01-14,5186211420,defillama
stable_dai,2024-01-15,5150822003,defillama
stable_dai,2024-01-16,5141979515,defillama
stable_dai,2024-01-17,5138381160,defillama
stable_dai,2024-01-18,5130679613,defillama
stable_dai,2024-01-19,5120786675,defillama
stable_dai,2024-01-20,5110141693,defillama
stable_dai,2024-01-21,5108789741,defillama
stable_dai,2024-01-22,5104227326,defillama
stable_dai,2024-01-23,5083879257,defillama
stable_dai,2024-01-24,5104236372,defillama
stable_dai,2024-01-25,5128691104,defillama
stable_dai,2024-01-26,5152183954,defillama
stable_dai,2024-01-27,5163763715,defillama
stable_dai,2024-01-28,5164417543,defillama
stable_dai,2024-01-29,5165742513,defillama
stable_dai,2024-01-30,5154738424,defillama
stable_dai,2024-01-31,4888965331,defillama
stable_dai,2024-02-01,4827538760,defillama
stable_dai,2024-02-02,4826453607,defillama
stable_dai,2024-02-03,4813793555,defillama
stable_dai,2024-02-04,4818518677,defillama
stable_dai,2024-02-05,4818536288,defillama
stable_dai,2024-02-06,4800107651,defillama
stable_dai,2024-02-07,4810955896,defillama
stable_dai,2024-02-08,4802324962,defillama
stable_dai,2024-02-09,4804373570,defillama
stable_dai,2024-02-10,4820192058,defillama
stable_dai,2024-02-11,4837400591,defillama
stable_dai,2024-02-12,4851403888,defillama
stable_dai,2024-02-13,4819384497,defillama
stable_dai,2024-02-14,4811112499,defillama
stable_dai,2024-02-15,4806302281,defillama
stable_dai,2024-02-16,4836878225,defillama
stable_dai,2024-02-17,4823566990,defillama
stable_dai,2024-02-18,4844204179,defillama
stable_dai,2024-02-19,4852479347,defillama
stable_dai,2024-02-20,4897517416,defillama
stable_dai,2024-02-21,4858090731,defillama
stable_dai,2024-02-22,4859889895,defillama
stable_dai,2024-02-23,4833497577,defillama
stable_dai,2024-02-24,4854271125,defillama
stable_dai,2024-02-25,4868600025,defillama
stable_dai,2024-02-26,4872640509,defillama
stable_dai,2024-02-27,4893923621,defillama
stable_dai,2024-02-28,4904084525,defillama
stable_dai,2024-02-29,4918653402,defillama
stable_dai,2024-03-01,4926300774,defillama
stable_dai,2024-03-02,4944380165,defillama
stable_dai,2024-03-03,4922861441,defillama
stable_dai,2024-03-04,4927481093,defillama
stable_dai,2024-03-05,4885233745,defillama
stable_dai,2024-03-06,4705471600,defillama
stable_dai,2024-03-07,4776331749,defillama
stable_dai,2024-03-08,4375266494,defillama
stable_dai,2024-03-09,4337628063,defillama
stable_dai,2024-03-10,4335687531,defillama
stable_dai,2024-03-11,4511057722,defillama
stable_dai,2024-03-12,4507244343,defillama
stable_dai,2024-03-13,4503268947,defillama
stable_dai,2024-03-14,4523044713,defillama
stable_dai,2024-03-15,4525317401,defillama
stable_dai,2024-03-16,4613927584,defillama
stable_dai,2024-03-17,4664961848,defillama
stable_dai,2024-03-18,4620024649,defillama
stable_dai,2024-03-19,4678125828,defillama
stable_dai,2024-03-20,4633344856,defillama
stable_dai,2024-03-21,4604280265,defillama
stable_dai,2024-03-22,4627953557,defillama
stable_dai,2024-03-23,4707116462,defillama
stable_dai,2024-03-24,4776386201,defillama
stable_dai,2024-03-25,4825561840,defillama
stable_dai,2024-03-26,4725382299,defillama
stable_dai,2024-03-27,4754423579,defillama
stable_dai,2024-03-28,4748062281,defillama
stable_dai,2024-03-29,4759597317,defillama
stable_dai,2024-03-30,4832072824,defillama
stable_dai,2024-03-31,4828051348,defillama
stable_dai,2024-04-01,4835983113,defillama
stable_dai,2024-04-02,4899900513,defillama
stable_dai,2024-04-03,4905662706,defillama
stable_dai,2024-04-04,4877319619,defillama
stable_dai,2024-04-05,4930671598,defillama
stable_dai,2024-04-06,4984402452,defillama
stable_dai,2024-04-07,5051518842,defillama
stable_dai,2024-04-08,5021897481,defillama
stable_dai,2024-04-09,4804709294,defillama
stable_dai,2024-04-10,4745275334,defillama
stable_dai,2024-04-11,4791804133,defillama
stable_dai,2024-04-12,4809921395,defillama
stable_dai,2024-04-13,4879073069,defillama
stable_dai,2024-04-14,5066747800,defillama
stable_dai,2024-04-15,5013641149,defillama
stable_dai,2024-04-16,4933211904,defillama
stable_dai,2024-04-17,5038634509,defillama
stable_dai,2024-04-18,4942929906,defillama
stable_dai,2024-04-19,4983628640,defillama
stable_dai,2024-04-20,5026871069,defillama
stable_dai,2024-04-21,5084628478,defillama
stable_dai,2024-04-22,5109574475,defillama
stable_dai,2024-04-23,5169522878,defillama
stable_dai,2024-04-24,5179273924,defillama
stable_dai,2024-04-25,5152864745,defillama
stable_dai,2024-04-26,5152864745,defillama
stable_dai,2024-04-27,5152864745,defillama
stable_dai,2024-04-28,5233382290,defillama
stable_dai,2024-04-29,5220228876,defillama
stable_dai,2024-04-30,5196443681,defillama
stable_dai,2024-05-01,5177369095,defillama
stable_dai,2024-05-02,5131533729,defillama
stable_dai,2024-05-03,5196508370,defillama
stable_dai,2024-05-04,5259423092,defillama
stable_dai,2024-05-05,5359966945,defillama
stable_dai,2024-05-06,5381020141,defillama
stable_dai,2024-05-07,5298037980,defillama
stable_dai,2024-05-08,5326701230,defillama
stable_dai,2024-05-09,5345800382,defillama
stable_dai,2024-05-10,5369776222,defillama
stable_dai,2024-05-11,5389227165,defillama
stable_dai,2024-05-12,5399953108,defillama
stable_dai,2024-05-13,5403007833,defillama
stable_dai,2024-05-14,5402107390,defillama
stable_dai,2024-05-15,5371420784,defillama
stable_dai,2024-05-16,5395696644,defillama
stable_dai,2024-05-17,5367325779,defillama
stable_dai,2024-05-18,5365025710,defillama
stable_dai,2024-05-19,5431507980,defillama
stable_dai,2024-05-20,5441765105,defillama
stable_dai,2024-05-21,5314025953,defillama
stable_dai,2024-05-22,5251265002,defillama
stable_dai,2024-05-23,5239848654,defillama
stable_dai,2024-05-24,5208664265,defillama
stable_dai,2024-05-25,5224029735,defillama
stable_dai,2024-05-26,5225529089,defillama
stable_dai,2024-05-27,5202531174,defillama
stable_dai,2024-05-28,5251804148,defillama
stable_dai,2024-05-29,5243347930,defillama
stable_dai,2024-05-30,5238393412,defillama
stable_dai,2024-05-31,5263559988,defillama
stable_dai,2024-06-01,5220339281,defillama
stable_dai,2024-06-02,5230448781,defillama
stable_dai,2024-06-03,5198196857,defillama
stable_dai,2024-06-04,5162614163,defillama
stable_dai,2024-06-05,5176585036,defillama
stable_dai,2024-06-06,5222080202,defillama
stable_dai,2024-06-07,5182420203,defillama
stable_dai,2024-06-08,5194019101,defillama
stable_dai,2024-06-09,5177628553,defillama
stable_dai,2024-06-10,5185085202,defillama
stable_dai,2024-06-11,5207668727,defillama
stable_dai,2024-06-12,5199461254,defillama
stable_dai,2024-06-13,5204556378,defillama
stable_dai,2024-06-14,5187435162,defillama
stable_dai,2024-06-15,5139224651,defillama
stable_dai,2024-06-16,5159096906,defillama
stable_dai,2024-06-17,5156274171,defillama
stable_dai,2024-06-18,5184815991,defillama
stable_dai,2024-06-19,5180585051,defillama
stable_dai,2024-06-20,5171704918,defillama
stable_dai,2024-06-21,5102448694,defillama
stable_dai,2024-06-22,5088470675,defillama
stable_dai,2024-06-23,5127254600,defillama
stable_dai,2024-06-24,5125725796,defillama
stable_dai,2024-06-25,5097823454,defillama
stable_dai,2024-06-26,5105194146,defillama
stable_dai,2024-06-27,5057378514,defillama
stable_dai,2024-06-28,5084537873,defillama
stable_dai,2024-06-29,5045777381,defillama
stable_dai,2024-06-30,5059898651,defillama
stable_dai,2024-07-01,5006678278,defillama
stable_dai,2024-07-02,5071697251,defillama
stable_dai,2024-07-03,5093245199,defillama
stable_dai,2024-07-04,5092885598,defillama
stable_dai,2024-07-05,5061042128,defillama
stable_dai,2024-07-06,5115847757,defillama
stable_dai,2024-07-07,5241870753,defillama
stable_dai,2024-07-08,5241766920,defillama
stable_dai,2024-07-09,5165551744,defillama
stable_dai,2024-07-10,5172932255,defillama
stable_dai,2024-07-11,5174879782,defillama
stable_dai,2024-07-12,5192864640,defillama
stable_dai,2024-07-13,5202357448,defillama
stable_dai,2024-07-14,5278861377,defillama
stable_dai,2024-07-15,5263458817,defillama
stable_dai,2024-07-16,5246534840,defillama
stable_dai,2024-07-17,5270551552,defillama
stable_dai,2024-07-18,5244543633,defillama
stable_dai,2024-07-19,5226794838,defillama
stable_dai,2024-07-20,5262517642,defillama
stable_dai,2024-07-21,5384995435,defillama
stable_dai,2024-07-22,5339474351,defillama
stable_dai,2024-07-23,5244089682,defillama
stable_dai,2024-07-24,5241209930,defillama
stable_dai,2024-07-25,5194000256,defillama
stable_dai,2024-07-26,5181521977,defillama
stable_dai,2024-07-27,5166847292,defillama
stable_dai,2024-07-28,5187379354,defillama
stable_dai,2024-07-29,5184240282,defillama
stable_dai,2024-07-30,5142554872,defillama
stable_dai,2024-07-31,5211038903,defillama
stable_dai,2024-08-01,5192410234,defillama
stable_dai,2024-08-02,5183109255,defillama
stable_dai,2024-08-03,5163523193,defillama
stable_dai,2024-08-04,5163248222,defillama
stable_dai,2024-08-05,5194070733,defillama
stable_dai,2024-08-06,5139807442,defillama
stable_dai,2024-08-07,5158694914,defillama
stable_dai,2024-08-08,5133266143,defillama
stable_dai,2024-08-09,5151049661,defillama
stable_dai,2024-08-10,5134541826,defillama
stable_dai,2024-08-11,5139759558,defillama
stable_dai,2024-08-12,5120704231,defillama
stable_dai,2024-08-13,5119252553,defillama
stable_dai,2024-08-14,5116828819,defillama
stable_dai,2024-08-15,5151259199,defillama
stable_dai,2024-08-16,5141685459,defillama
stable_dai,2024-08-17,5156450650,defillama
stable_dai,2024-08-18,5169136151,defillama
stable_dai,2024-08-19,5159837601,defillama
stable_dai,2024-08-20,5099068230,defillama
stable_dai,2024-08-21,5086691055,defillama
stable_dai,2024-08-22,5075742178,defillama
stable_dai,2024-08-23,5064840112,defillama
stable_dai,2024-08-24,5064294429,defillama
stable_dai,2024-08-25,5061812234,defillama
stable_dai,2024-08-26,5074245347,defillama
stable_dai,2024-08-27,5245621195,defillama
stable_dai,2024-08-28,5262973216,defillama
stable_dai,2024-08-29,5257490072,defillama
stable_dai,2024-08-30,5252800988,defillama
stable_dai,2024-08-31,5250188562,defillama
stable_dai,2024-09-01,5250389230,defillama
stable_dai,2024-09-02,5248725226,defillama
stable_dai,2024-09-03,5247378342,defillama
stable_dai,2024-09-04,5260469202,defillama
stable_dai,2024-09-05,5191734561,defillama
stable_dai,2024-09-06,5162257231,defillama
stable_dai,2024-09-07,5264299083,defillama
stable_dai,2024-09-08,5292441667,defillama
stable_dai,2024-09-09,5294525835,defillama
stable_dai,2024-09-10,5266765914,defillama
stable_dai,2024-09-11,5278258868,defillama
stable_dai,2024-09-12,5283507994,defillama
stable_dai,2024-09-13,5290468033,defillama
stable_dai,2024-09-14,5317956744,defillama
stable_dai,2024-09-15,5335461087,defillama
stable_dai,2024-09-16,5336019406,defillama
stable_dai,2024-09-17,5331747721,defillama
stable_dai,2024-09-18,5288985085,defillama
stable_dai,2024-09-19,5248963362,defillama
stable_dai,2024-09-20,5143308716,defillama
stable_dai,2024-09-21,5064170284,defillama
stable_dai,2024-09-22,5059614457,defillama
stable_dai,2024-09-23,5060304115,defillama
stable_dai,2024-09-24,5099513894,defillama
stable_dai,2024-09-25,5025282288,defillama
stable_dai,2024-09-26,5070154460,defillama
stable_dai,2024-09-27,5083642184,defillama
stable_dai,2024-09-28,5005224894,defillama
stable_dai,2024-09-29,5007662371,defillama
stable_dai,2024-09-30,5034617474,defillama
stable_dai,2024-10-01,5032042887,defillama
stable_dai,2024-10-02,4824456080,defillama
stable_dai,2024-10-03,5028699192,defillama
stable_dai,2024-10-04,5004472959,defillama
stable_dai,2024-10-05,5001517457,defillama
stable_dai,2024-10-06,5006763509,defillama
stable_dai,2024-10-07,5025072669,defillama
stable_dai,2024-10-08,5223084077,defillama
stable_dai,2024-10-09,5207741227,defillama
stable_dai,2024-10-10,5179077195,defillama
stable_dai,2024-10-11,5167285399,defillama
stable_dai,2024-10-12,5144870249,defillama
stable_dai,2024-10-13,5151454175,defillama
stable_dai,2024-10-14,5144953928,defillama
stable_dai,2024-10-15,5117403995,defillama
stable_dai,2024-10-16,5118841949,defillama
stable_dai,2024-10-17,5128547976,defillama
stable_dai,2024-10-18,5100112723,defillama
stable_dai,2024-10-19,5105872823,defillama
stable_dai,2024-10-20,5108705680,defillama
stable_dai,2024-10-21,5115274903,defillama
stable_dai,2024-10-22,5037390714,defillama
stable_dai,2024-10-23,4972777090,defillama
stable_dai,2024-10-24,4953499556,defillama
stable_dai,2024-10-25,4957333500,defillama
stable_dai,2024-10-26,4887948352,defillama
stable_dai,2024-10-27,4931004631,defillama
stable_dai,2024-10-28,4908916414,defillama
stable_dai,2024-10-29,4875341841,defillama
stable_dai,2024-10-30,4903706123,defillama
stable_dai,2024-10-31,4923791009,defillama
stable_dai,2024-11-01,4818538160,defillama
stable_dai,2024-11-02,4887510128,defillama
stable_dai,2024-11-03,4866672663,defillama
stable_dai,2024-11-04,4869731294,defillama
stable_dai,2024-11-05,4881208075,defillama
stable_dai,2024-11-06,4770932181,defillama
stable_dai,2024-11-07,4789713288,defillama
stable_dai,2024-11-08,4714703495,defillama
stable_dai,2024-11-09,4741598963,defillama
stable_dai,2024-11-10,4732826359,defillama
stable_dai,2024-11-11,4717696838,defillama
stable_dai,2024-11-12,4725164276,defillama
stable_dai,2024-11-13,4623736095,defillama
stable_dai,2024-11-14,4662047019,defillama
stable_dai,2024-11-15,4658992790,defillama
stable_dai,2024-11-16,4651051771,defillama
stable_dai,2024-11-17,4663990538,defillama
stable_dai,2024-11-18,4668229269,defillama
stable_dai,2024-11-19,4646976240,defillama
stable_dai,2024-11-20,4701725213,defillama
stable_dai,2024-11-21,4732346767,defillama
stable_dai,2024-11-22,4740551451,defillama
stable_dai,2024-11-23,4711275311,defillama
stable_dai,2024-11-24,4754681041,defillama
stable_dai,2024-11-25,4719211757,defillama
stable_dai,2024-11-26,4725129579,defillama
stable_dai,2024-11-27,4618775110,defillama
stable_dai,2024-11-28,4721181538,defillama
stable_dai,2024-11-29,4731049419,defillama
stable_dai,2024-11-30,4748066014,defillama
stable_dai,2024-12-01,4679310592,defillama
stable_dai,2024-12-02,4698764800,defillama
stable_dai,2024-12-03,4701166982,defillama
stable_dai,2024-12-04,4690069583,defillama
stable_dai,2024-12-05,4641422652,defillama
stable_dai,2024-12-06,4566986153,defillama
stable_dai,2024-12-07,4549571616,defillama
stable_dai,2024-12-08,4541429208,defillama
stable_dai,2024-12-09,4575583791,defillama
stable_dai,2024-12-10,4474363410,defillama
stable_dai,2024-12-11,4508369530,defillama
stable_dai,2024-12-12,4517821587,defillama
stable_dai,2024-12-13,4501669234,defillama
stable_dai,2024-12-14,4522955041,defillama
stable_dai,2024-12-15,4535021066,defillama
stable_dai,2024-12-16,4502641688,defillama
stable_dai,2024-12-17,4527044125,defillama
stable_dai,2024-12-18,4540925916,defillama
stable_dai,2024-12-19,4516978210,defillama
stable_dai,2024-12-20,4504925625,defillama
stable_dai,2024-12-21,4444830848,defillama
stable_dai,2024-12-22,4447050653,defillama
stable_dai,2024-12-23,4411682724,defillama
stable_dai,2024-12-24,4428784357,defillama
stable_dai,2024-12-25,4440612815,defillama
stable_dai,2024-12-26,4468939887,defillama
stable_dai,2024-12-27,4480101616,defillama
stable_dai,2024-12-28,4449148228,defillama
stable_dai,2024-12-29,4448352261,defillama
stable_dai,2024-12-30,4331545453,defillama
stable_dai,2024-12-31,4421204638,defillama
stable_dai,2025-01-01,4380836798,defillama
stable_dai,2025-01-02,4294642095,defillama
stable_dai,2025-01-03,4409342550,defillama
stable_dai,2025-01-04,4452780050,defillama
stable_dai,2025-01-05,4462045779,defillama
stable_dai,2025-01-06,4474339673,defillama
stable_dai,2025-01-07,4492030577,defillama
stable_dai,2025-01-08,4450509752,defillama
stable_dai,2025-01-09,4444059899,defillama
stable_dai,2025-01-10,4463305030,defillama
stable_dai,2025-01-11,4431995174,defillama
stable_dai,2025-01-12,4416269532,defillama
stable_dai,2025-01-13,4489556096,defillama
stable_dai,2025-01-14,4514065085,defillama
stable_dai,2025-01-15,4524402833,defillama
stable_dai,2025-01-16,4676416507,defillama
stable_dai,2025-01-17,4626015840,defillama
stable_dai,2025-01-18,4719582936,defillama
stable_dai,2025-01-19,4664147565,defillama
stable_dai,2025-01-20,4595823209,defillama
stable_dai,2025-01-21,4606617642,defillama
stable_dai,2025-01-22,4646228006,defillama
stable_dai,2025-01-23,4660289009,defillama
stable_dai,2025-01-24,4667157289,defillama
stable_dai,2025-01-25,4705721320,defillama
stable_dai,2025-01-26,4719681071,defillama
stable_dai,2025-01-27,4719078066,defillama
stable_dai,2025-01-28,4628354124,defillama
stable_dai,2025-01-29,4673413666,defillama
stable_dai,2025-01-30,4701307592,defillama
stable_dai,2025-01-31,4696236324,defillama
stable_dai,2025-02-01,4672688427,defillama
stable_dai,2025-02-02,4641515863,defillama
stable_dai,2025-02-03,4576424327,defillama
stable_dai,2025-02-04,4543564215,defillama
stable_dai,2025-02-05,4534196096,defillama
stable_dai,2025-02-06,4532439674,defillama
stable_dai,2025-02-07,4568359273,defillama
stable_dai,2025-02-08,4562149987,defillama
stable_dai,2025-02-09,4518532348,defillama
stable_dai,2025-02-10,4503270853,defillama
stable_dai,2025-02-11,4485779157,defillama
stable_dai,2025-02-12,4505883349,defillama
stable_dai,2025-02-13,4518979558,defillama
stable_dai,2025-02-14,4558976956,defillama
stable_dai,2025-02-15,4583101230,defillama
stable_dai,2025-02-16,4619058805,defillama
stable_dai,2025-02-17,4619360981,defillama
stable_dai,2025-02-18,4637106427,defillama
stable_dai,2025-02-19,4647349048,defillama
stable_dai,2025-02-20,4687868084,defillama
stable_dai,2025-02-21,4742809179,defillama
stable_dai,2025-02-22,4624034260,defillama
stable_dai,2025-02-23,4672019757,defillama
stable_dai,2025-02-24,4700593001,defillama
stable_dai,2025-02-25,4626022389,defillama
stable_dai,2025-02-26,4406310710,defillama
stable_dai,2025-02-27,4302098440,defillama
stable_dai,2025-02-28,4290137029,defillama
stable_dai,2025-03-01,4345152052,defillama
stable_dai,2025-03-02,4358487123,defillama
stable_dai,2025-03-03,4397361090,defillama
stable_dai,2025-03-04,4393573328,defillama
stable_dai,2025-03-05,4406799538,defillama
stable_dai,2025-03-06,4408795244,defillama
stable_dai,2025-03-07,4419554302,defillama
stable_dai,2025-03-08,4403893214,defillama
stable_dai,2025-03-09,4400530509,defillama
stable_dai,2025-03-10,4389069441,defillama
stable_dai,2025-03-11,4277856988,defillama
stable_dai,2025-03-12,4218420313,defillama
stable_dai,2025-03-13,4223938041,defillama
stable_dai,2025-03-14,4186517453,defillama
stable_dai,2025-03-15,4206474607,defillama
stable_dai,2025-03-16,4224976708,defillama
stable_dai,2025-03-17,4228283974,defillama
stable_dai,2025-03-18,4231055894,defillama
stable_dai,2025-03-19,4243548410,defillama
stable_dai,2025-03-20,4264869293,defillama
stable_dai,2025-03-21,4223674652,defillama
stable_dai,2025-03-22,4164160717,defillama
stable_dai,2025-03-23,4163647882,defillama
stable_dai,2025-03-24,4181910365,defillama
stable_dai,2025-03-25,4318513179,defillama
stable_dai,2025-03-26,4309981641,defillama
stable_dai,2025-03-27,4319788641,defillama
stable_dai,2025-03-28,4293350590,defillama
stable_dai,2025-03-29,4143219090,defillama
stable_dai,2025-03-30,4153164287,defillama
stable_dai,2025-03-31,4154579376,defillama
stable_dai,2025-04-01,4199910423,defillama
stable_dai,2025-04-02,4230543481,defillama
stable_dai,2025-04-03,4169573659,defillama
stable_dai,2025-04-04,4167249812,defillama
stable_dai,2025-04-05,4122097190,defillama
stable_dai,2025-04-06,4149248913,defillama
stable_dai,2025-04-07,4133271968,defillama
stable_dai,2025-04-08,4109895677,defillama
stable_dai,2025-04-09,4045459578,defillama
stable_dai,2025-04-10,4041301799,defillama
stable_dai,2025-04-11,4013915323,defillama
stable_dai,2025-04-12,3983345226,defillama
stable_dai,2025-04-13,3997808141,defillama
stable_dai,2025-04-14,3998481538,defillama
stable_dai,2025-04-15,4008416662,defillama
stable_dai,2025-04-16,4041497102,defillama
stable_dai,2025-04-17,4059098486,defillama
stable_dai,2025-04-18,4055727593,defillama
stable_dai,2025-04-19,3995975343,defillama
stable_dai,2025-04-20,4018734882,defillama
stable_dai,2025-04-21,4022274954,defillama
stable_dai,2025-04-22,4050501776,defillama
stable_dai,2025-04-23,4121578815,defillama
stable_dai,2025-04-24,4112749848,defillama
stable_dai,2025-04-25,4123107052,defillama
stable_dai,2025-04-26,4142389353,defillama
stable_dai,2025-04-27,4146123736,defillama
stable_dai,2025-04-28,4151718093,defillama
stable_dai,2025-04-29,4110595770,defillama
stable_dai,2025-04-30,4116205211,defillama
stable_dai,2025-05-01,4117932140,defillama
stable_dai,2025-05-02,4103921264,defillama
stable_dai,2025-05-03,4104326110,defillama
stable_dai,2025-05-04,4110755539,defillama
stable_dai,2025-05-05,4136130204,defillama
stable_dai,2025-05-06,4113891613,defillama
stable_dai,2025-05-07,4155693211,defillama
stable_dai,2025-05-08,4166420644,defillama
stable_dai,2025-05-09,4232518018,defillama
stable_dai,2025-05-10,4338183442,defillama
stable_dai,2025-05-11,4373579600,defillama
stable_dai,2025-05-12,4440040166,defillama
stable_dai,2025-05-13,4480445605,defillama
stable_dai,2025-05-14,4516947316,defillama
stable_dai,2025-05-15,4522892696,defillama
stable_dai,2025-05-16,4517591889,defillama
stable_dai,2025-05-17,4514040694,defillama
stable_dai,2025-05-18,4510082588,defillama
stable_dai,2025-05-19,4501403241,defillama
stable_dai,2025-05-20,4497156156,defillama
stable_dai,2025-05-21,4523206915,defillama
stable_dai,2025-05-22,4537173637,defillama
stable_dai,2025-05-23,4652215854,defillama
stable_dai,2025-05-24,4512499033,defillama
stable_dai,2025-05-25,4522596198,defillama
stable_dai,2025-05-26,4520030403,defillama
stable_dai,2025-05-27,4514608899,defillama
stable_dai,2025-05-28,4533870175,defillama
stable_dai,2025-05-29,4576076917,defillama
stable_dai,2025-05-30,4707902449,defillama
stable_dai,2025-05-31,4712361266,defillama
stable_dai,2025-06-01,4785269789,defillama
stable_dai,2025-06-02,4760910431,defillama
stable_dai,2025-06-03,4317028497,defillama
stable_dai,2025-06-04,4375350753,defillama
stable_dai,2025-06-05,4322987316,defillama
stable_dai,2025-06-06,4325511084,defillama
stable_dai,2025-06-07,4359861201,defillama
stable_dai,2025-06-08,4352134650,defillama
stable_dai,2025-06-09,4354912362,defillama
stable_dai,2025-06-10,4378333297,defillama
stable_dai,2025-06-11,4408602585,defillama
stable_dai,2025-06-12,4444617283,defillama
stable_dai,2025-06-13,4411675212,defillama
stable_dai,2025-06-14,4376624666,defillama
stable_dai,2025-06-15,4368891290,defillama
stable_dai,2025-06-16,4362686211,defillama
stable_dai,2025-06-17,4364612855,defillama
stable_dai,2025-06-18,4549317239,defillama
stable_dai,2025-06-19,4617213946,defillama
stable_dai,2025-06-20,4485532051,defillama
stable_dai,2025-06-21,4455718206,defillama
stable_dai,2025-06-22,4456874362,defillama
stable_dai,2025-06-23,4454274984,defillama
stable_dai,2025-06-24,4370084709,defillama
stable_dai,2025-06-25,4363789212,defillama
stable_dai,2025-06-26,4335862971,defillama
stable_dai,2025-06-27,4334515995,defillama
stable_dai,2025-06-28,4328791041,defillama
stable_dai,2025-06-29,4324523800,defillama
stable_dai,2025-06-30,4293552852,defillama
stable_dai,2025-07-01,4283719415,defillama
stable_dai,2025-07-02,4273942079,defillama
stable_dai,2025-07-03,4282111135,defillama
stable_dai,2025-07-04,4288130225,defillama
stable_dai,2025-07-05,4324577462,defillama
stable_dai,2025-07-06,4319334817,defillama
stable_dai,2025-07-07,4324140469,defillama
stable_dai,2025-07-08,4301874887,defillama
stable_dai,2025-07-09,4312471548,defillama
stable_dai,2025-07-10,4329959584,defillama
stable_dai,2025-07-11,4338807615,defillama
stable_dai,2025-07-12,4323367880,defillama
stable_dai,2025-07-13,4307585599,defillama
stable_dai,2025-07-14,4318058824,defillama
stable_dai,2025-07-15,4316276986,defillama
stable_dai,2025-07-16,4321148560,defillama
stable_dai,2025-07-17,4345363947,defillama
stable_dai,2025-07-18,4357889139,defillama
stable_dai,2025-07-19,4382778226,defillama
stable_dai,2025-07-20,4367047233,defillama
stable_dai,2025-07-21,4352802235,defillama
stable_dai,2025-07-22,4358461059,defillama
stable_dai,2025-07-23,4352973958,defillama
stable_dai,2025-07-24,4353151268,defillama
stable_dai,2025-07-25,4337775382,defillama
stable_dai,2025-07-26,4328559311,defillama
stable_dai,2025-07-27,4370614948,defillama
stable_dai,2025-07-28,4367140547,defillama
stable_dai,2025-07-29,4364167396,defillama
stable_dai,2025-07-30,4348209281,defillama
stable_dai,2025-07-31,4345415885,defillama
stable_dai,2025-08-01,4336627459,defillama
stable_dai,2025-08-02,4306166127,defillama
stable_dai,2025-08-03,4306161135,defillama
stable_dai,2025-08-04,4330384264,defillama
stable_dai,2025-08-05,4332442392,defillama
stable_dai,2025-08-06,4326660717,defillama
stable_dai,2025-08-07,4316393227,defillama
stable_dai,2025-08-08,4361483857,defillama
stable_dai,2025-08-09,4375029669,defillama
stable_dai,2025-08-10,4392050247,defillama
stable_dai,2025-08-11,4396252577,defillama
stable_dai,2025-08-12,4459236389,defillama
stable_dai,2025-08-13,4446722000,defillama
stable_dai,2025-08-14,4506420580,defillama
stable_dai,2025-08-15,4615527729,defillama
stable_dai,2025-08-16,4623159361,defillama
stable_dai,2025-08-17,4623159361,defillama
stable_dai,2025-08-18,4697675643,defillama
stable_dai,2025-08-19,4699066239,defillama
stable_dai,2025-08-20,4856730643,defillama
stable_dai,2025-08-21,4856730643,defillama
stable_dai,2025-08-22,4786098805,defillama
stable_dai,2025-08-23,4786098805,defillama
stable_dai,2025-08-24,4870739229,defillama
stable_dai,2025-08-25,4936310361,defillama
stable_dai,2025-08-26,5126136160,defillama
stable_dai,2025-08-27,5092347130,defillama
stable_dai,2025-08-28,5193203689,defillama
stable_dai,2025-08-29,5262936383,defillama
stable_dai,2025-08-30,5224490613,defillama
stable_dai,2025-08-31,5177986392,defillama
stable_dai,2025-09-01,5130735111,defillama
stable_dai,2025-09-02,5187889523,defillama
stable_dai,2025-09-03,5164743083,defillama
stable_dai,2025-09-04,5146855964,defillama
stable_dai,2025-09-05,5123561395,defillama
stable_dai,2025-09-06,5085637970,defillama
stable_dai,2025-09-07,5018025089,defillama
stable_dai,2025-09-08,5011855231,defillama
stable_dai,2025-09-09,4967114532,defillama
stable_dai,2025-09-10,4972505107,defillama
stable_dai,2025-09-11,4968561188,defillama
stable_dai,2025-09-12,4978883845,defillama
stable_dai,2025-09-13,5037819649,defillama
stable_dai,2025-09-14,5102380119,defillama
stable_dai,2025-09-15,5105901707,defillama
stable_dai,2025-09-16,5096960642,defillama
stable_dai,2025-09-17,5105908208,defillama
stable_dai,2025-09-18,5094999735,defillama
stable_dai,2025-09-19,5095916129,defillama
stable_dai,2025-09-20,5111325155,defillama
stable_dai,2025-09-21,5146392690,defillama
stable_dai,2025-09-22,5201818098,defillama
stable_dai,2025-09-23,5192582332,defillama
stable_dai,2025-09-24,5179254605,defillama
stable_dai,2025-09-25,5183706922,defillama
stable_dai,2025-09-26,5375093495,defillama
stable_dai,2025-09-27,5101815464,defillama
stable_dai,2025-09-28,5079336792,defillama
stable_dai,2025-09-29,5091287970,defillama
stable_dai,2025-09-30,5079987913,defillama
stable_dai,2025-10-01,5076538968,defillama
stable_dai,2025-10-02,5070219665,defillama
stable_dai,2025-10-03,5017462739,defillama
stable_dai,2025-10-04,5050620483,defillama
stable_dai,2025-10-05,5044867482,defillama
stable_dai,2025-10-06,5029577197,defillama
stable_dai,2025-10-07,5012917849,defillama
stable_dai,2025-10-08,5014506975,defillama
stable_dai,2025-10-09,5024809477,defillama
stable_dai,2025-10-10,5080312544,defillama
stable_dai,2025-10-11,5100931368,defillama
stable_dai,2025-10-12,5110335539,defillama
stable_dai,2025-10-13,5063436451,defillama
stable_dai,2025-10-14,5000049633,defillama
stable_dai,2025-10-15,5009512081,defillama
stable_dai,2025-10-16,5039577535,defillama
stable_dai,2025-10-17,5057867285,defillama
stable_dai,2025-10-18,5044730829,defillama
stable_dai,2025-10-19,5076024023,defillama
stable_dai,2025-10-20,5099540731,defillama
stable_dai,2025-10-21,5140933909,defillama
stable_dai,2025-10-22,5107494578,defillama
stable_dai,2025-10-23,5139490607,defillama
stable_dai,2025-10-24,5144626176,defillama
stable_dai,2025-10-25,5148451944,defillama
stable_dai,2025-10-26,5158121747,defillama
stable_dai,2025-10-27,5130091937,defillama
stable_dai,2025-10-28,5126983665,defillama
stable_dai,2025-10-29,5129602337,defillama
stable_dai,2025-10-30,4873486485,defillama
stable_dai,2025-10-31,5127567751,defillama
stable_dai,2025-11-01,5101028008,defillama
stable_dai,2025-11-02,5089596629,defillama
stable_dai,2025-11-03,5118341097,defillama
stable_dai,2025-11-04,5146694738,defillama
stable_dai,2025-11-05,5106481200,defillama
stable_dai,2025-11-06,5049193762,defillama
stable_dai,2025-11-07,5000361402,defillama
stable_dai,2025-11-08,4875206464,defillama
stable_dai,2025-11-09,4884119515,defillama
stable_dai,2025-11-10,4873538347,defillama
stable_dai,2025-11-11,4915144153,defillama
stable_dai,2025-11-12,4895918504,defillama
stable_dai,2025-11-13,4889384532,defillama
stable_dai,2025-11-14,4872675534,defillama
stable_dai,2025-11-15,4855191255,defillama
stable_dai,2025-11-16,4855792149,defillama
stable_dai,2025-11-17,4847490408,defillama
stable_dai,2025-11-18,4840097393,defillama
stable_dai,2025-11-19,4859123525,defillama
stable_dai,2025-11-20,4822393421,defillama
stable_dai,2025-11-21,4818210103,defillama
stable_dai,2025-11-22,4731933893,defillama
stable_dai,2025-11-23,4721875767,defillama
stable_dai,2025-11-24,4738365856,defillama
stable_dai,2025-11-25,4754092446,defillama
stable_dai,2025-11-26,4774136149,defillama
stable_dai,2025-11-27,4785256607,defillama
stable_dai,2025-11-28,4773799311,defillama
stable_dai,2025-11-29,4770145614,defillama
stable_dai,2025-11-30,4753692442,defillama
stable_dai,2025-12-01,4753889610,defillama
stable_dai,2025-12-02,4690055650,defillama
stable_dai,2025-12-03,4674743567,defillama
stable_dai,2025-12-04,4649699916,defillama
stable_dai,2025-12-05,4646410788,defillama
stable_dai,2025-12-06,4637547341,defillama
stable_dai,2025-12-07,4632712503,defillama
stable_dai,2025-12-08,4636709523,defillama
stable_dai,2025-12-09,4627042261,defillama
stable_dai,2025-12-10,4650454463,defillama
stable_dai,2025-12-11,4640766266,defillama
stable_dai,2025-12-12,4626690637,defillama
stable_dai,2025-12-13,4639211192,defillama
stable_dai,2025-12-14,4639172159,defillama
stable_dai,2025-12-15,4649815779,defillama
stable_dai,2025-12-16,4638898299,defillama
stable_dai,2025-12-17,4623598588,defillama
stable_dai,2025-12-18,4612195081,defillama
stable_dai,2025-12-19,4593439716,defillama
stable_dai,2025-12-20,4577336198,defillama
stable_dai,2025-12-21,4553390270,defillama
stable_dai,2025-12-22,4560912913,defillama
stable_dai,2025-12-23,4549595234,defillama
stable_dai,2025-12-24,4543225932,defillama
stable_dai,2025-12-25,4526943030,defillama
stable_dai,2025-12-26,4540482721,defillama
stable_dai,2025-12-27,4527874174,defillama
stable_dai,2025-12-28,4536100832,defillama
stable_dai,2025-12-29,4530154371,defillama
stable_dai,2025-12-30,4516421273,defillama
stable_dai,2025-12-31,4498019202,defillama
stable_dai,2026-01-01,4496983667,defillama
stable_dai,2026-01-02,4494234866,defillama
stable_dai,2026-01-03,4495381119,defillama
stable_dai,2026-01-04,4496697668,defillama
stable_dai,2026-01-05,4498239157,defillama
stable_dai,2026-01-06,4498374555,defillama
stable_dai,2026-01-07,4520350744,defillama
stable_dai,2026-01-08,4516851380,defillama
stable_dai,2026-01-09,4510672480,defillama
stable_dai,2026-01-10,4509941993,defillama
stable_dai,2026-01-11,4509772160,defillama
stable_dai,2026-01-12,4535297983,defillama
stable_dai,2026-01-13,4529360339,defillama
stable_dai,2026-01-14,4623354540,defillama
stable_dai,2026-01-15,4689198725,defillama
stable_dai,2026-01-16,4688701870,defillama
stable_dai,2026-01-17,4681878893,defillama
stable_dai,2026-01-18,4684630653,defillama
stable_dai,2026-01-19,4691200241,defillama
stable_dai,2026-01-20,4654528495,defillama
stable_dai,2026-01-21,4645075157,defillama
stable_dai,2026-01-22,4643461409,defillama
stable_dai,2026-01-23,4651309544,defillama
stable_dai,2026-01-24,4628978707,defillama
stable_dai,2026-01-25,4625169969,defillama
stable_dai,2026-01-26,4620835552,defillama
stable_dai,2026-01-27,4628264254,defillama
stable_dai,2026-01-28,4599790050,defillama
stable_dai,2026-01-29,4612903599,defillama
stable_dai,2026-01-30,4599751178,defillama
stable_dai,2026-01-31,4712926702,defillama
stable_dai,2026-02-01,4712926702,defillama
stable_dai,2026-02-02,4712926702,defillama
stable_dai,2026-02-03,4712926702,defillama
stable_dai,2026-02-04,4712926702,defillama
stable_dai,2026-02-05,4712926702,defillama
stable_dai,2026-02-06,4712926702,defillama
stable_dai,2026-02-07,4712926702,defillama
stable_dai,2026-02-08,4712926702,defillama
stable_dai,2026-02-09,4712924027,defillama
stable_dai,2026-02-10,4425929216,defillama
stable_dai,2026-02-11,4427740024,defillama
stable_dai,2026-02-12,4408524025,defillama
stable_dai,2026-02-13,4406334208,defillama
stable_dai,2026-02-14,4386583708,defillama
stable_dai,2026-02-15,4392025886,defillama
stable_dai,2026-02-16,4387811842,defillama
stable_dai,2026-02-17,4385921989,defillama
stable_dai,2026-02-18,4391878869,defillama
stable_dai,2026-02-19,4436281851,defillama
stable_dai,2026-02-20,4429542322,defillama
stable_dai,2026-02-21,4422130493,defillama
stable_dai,2026-02-22,4406003653,defillama
stable_dai,2026-02-23,4409493910,defillama
stable_dai,2026-02-24,4412332200,defillama
stable_dai,2026-02-25,4417086909,defillama
stable_dai,2026-02-26,4436583529,defillama
stable_dai,2026-02-27,4435314208,defillama
stable_dai,2026-02-28,4408202520,defillama
stable_dai,2026-03-01,4405917188,defillama
stable_dai,2026-03-02,4427391497,defillama
stable_dai,2026-03-03,4455132583,defillama
stable_dai,2026-03-04,4449091035,defillama
stable_dai,2026-03-05,4494843320,defillama
stable_dai,2026-03-06,4506989684,defillama
stable_dai,2026-03-07,4500251887,defillama
stable_dai,2026-03-08,4516080248,defillama
stable_dai,2026-03-09,4536428203,defillama
stable_dai,2026-03-10,4519797111,defillama
stable_dai,2026-03-11,4528146840,defillama
stable_dai,2026-03-12,4509178613,defillama
stable_dai,2026-03-13,4522591789,defillama
stable_dai,2026-03-14,4538839141,defillama
stable_dai,2026-03-15,4236640988,defillama
stable_dai,2026-03-16,4537774282,defillama
stable_dai,2026-03-17,4540905498,defillama
stable_dai,2026-03-18,4550566712,defillama
stable_dai,2026-03-19,4552362342,defillama
stable_dai,2026-03-20,4564953231,defillama
stable_dai,2026-03-21,4569425093,defillama
stable_dai,2026-03-22,4574276146,defillama
stable_dai,2026-03-23,4569898160,defillama
stable_dai,2026-03-24,4560867392,defillama
stable_dai,2026-03-25,4553651574,defillama
stable_dai,2026-03-26,4565969545,defillama
stable_dai,2026-03-27,4562968875,defillama
stable_dai,2026-03-28,4555333498,defillama
stable_dai,2026-03-29,4557506012,defillama
stable_dai,2026-03-30,4580431389,defillama
stable_dai,2026-03-31,4609363234,defillama
stable_dai,2026-04-01,4654260704,defillama
stable_dai,2026-04-02,4690847518,defillama
stable_dai,2026-04-03,4685438369,defillama
stable_dai,2026-04-04,4691428474,defillama
stable_dai,2026-04-05,4701713095,defillama
stable_dai,2026-04-06,4701924546,defillama
stable_dai,2026-04-07,4720476441,defillama
stable_dai,2026-04-08,4699168394,defillama
stable_dai,2026-04-09,4664171018,defillama
stable_dai,2026-04-10,4664957748,defillama
stable_dai,2026-04-11,4668742668,defillama
stable_dai,2026-04-12,4671517547,defillama
stable_dai,2026-04-13,4654557535,defillama
stable_dai,2026-04-14,4623981430,defillama
stable_dai,2026-04-15,4609996538,defillama
stable_dai,2026-04-16,4581943229,defillama
stable_dai,2026-04-17,4592471753,defillama
stable_dai,2026-04-18,4603309443,defillama
stable_dai,2026-04-19,4597274399,defillama
stable_dai,2026-04-20,4616828089,defillama
stable_dai,2026-04-21,4651632293,defillama
stable_dai,2026-04-22,4678927484,defillama
stable_dai,2026-04-23,4669928082,defillama
stable_dai,2026-04-24,4663218362,defillama
stable_dai,2026-04-25,4660922594,defillama
stable_dai,2026-04-26,4668271518,defillama
stable_dai,2026-04-27,4672450352,defillama
stable_dai,2026-04-28,4656699447,defillama
stable_dai,2026-04-29,4658484411,defillama
stable_dai,2026-04-30,4651874388,defillama
stable_dai,2026-05-01,4643597451,defillama
stable_dai,2026-05-02,4632188490,defillama
stable_dai,2026-05-03,4619561723,defillama
stable_dai,2026-05-04,4628469774,defillama
stable_dai,2026-05-05,4614776797,defillama
stable_dai,2026-05-06,4627250932,defillama
stable_dai,2026-05-07,4640686862,defillama
stable_dai,2026-05-08,4641854756,defillama
stable_dai,2026-05-09,4662421561,defillama
stable_dai,2026-05-10,4657096322,defillama
stable_dai,2026-05-11,4658758600,defillama
stable_dai,2026-05-12,4641581033,defillama
stable_dai,2026-05-13,4623108096,defillama
stable_dai,2026-05-14,4614173638,defillama
stable_dai,2026-05-15,4626293016,defillama
stable_dai,2026-05-16,4614758692,defillama
stable_dai,2026-05-17,4613576651,defillama
stable_dai,2026-05-18,4607505569,defillama
stable_dai,2026-05-19,4598396954,defillama
stable_dai,2026-05-20,4592875317,defillama
stable_dai,2026-05-21,4591885069,defillama
stable_dai,2026-05-22,4575447236,defillama
stable_dai,2026-05-23,4575882520,defillama
stable_dai,2026-05-24,4579419937,defillama
stable_dai,2026-05-25,4586670174,defillama
stable_dai,2026-05-26,4592552324,defillama
stable_dai,2026-05-27,4611815271,defillama
stable_dai,2026-05-28,4610489878,defillama
stable_dai,2026-05-29,4595703111,defillama
stable_dai,2026-05-30,4593766698,defillama
stable_dai,2026-05-31,4583566147,defillama
stable_dai,2026-06-01,4585451211,defillama
stable_dai,2026-06-02,4600990186,defillama
stable_dai,2026-06-03,4590512284,defillama
stable_dai,2026-06-04,4579545894,defillama
stable_dai,2026-06-05,4560078594,defillama
stable_dai,2026-06-06,4516803161,defillama
stable_dai,2026-06-07,4499700546,defillama
stable_dai,2026-06-08,4483871104,defillama
stable_dai,2026-06-09,4444460411,defillama
stable_dai,2026-06-10,4421278869,defillama
stable_dai,2026-06-11,4434261285,defillama
stable_dai,2026-06-12,4422512556,defillama
stable_dai,2026-06-13,4414572858,defillama
stable_dai,2026-06-14,4417915166,defillama
stable_dai,2026-06-15,4418459219,defillama
stable_dai,2026-06-16,4416951792,defillama
stable_dai,2026-06-17,4401503597,defillama
stable_dai,2026-06-18,4387981506,defillama
stable_dai,2026-06-19,4385439436,defillama
stable_dai,2026-06-20,4389507770,defillama
stable_dai,2026-06-21,4470316976,defillama
stable_dai,2026-06-22,4473918812,defillama
stable_dai,2026-06-23,4877439345,defillama
stable_dai,2026-06-24,4868870365,defillama
stable_dai,2026-06-25,4872959643,defillama
stable_dai,2026-06-26,4850385120,defillama
stable_dai,2026-06-27,4848528926,defillama
stable_dai,2026-06-28,4846503662,defillama
stable_dai,2026-06-29,4843582687,defillama
stable_dai,2026-06-30,4848895933,defillama
stable_dai,2026-07-01,4845672099,defillama
stable_dai,2026-07-02,4841274806,defillama
stable_dai,2026-07-03,4842859613,defillama
stable_dai,2026-07-04,4852163687,defillama
stable_dai,2026-07-05,4850468972,defillama
stable_dai,2026-07-06,4848055478,defillama
stable_dai,2026-07-07,4851282082,defillama
stable_dai,2026-07-08,4855906529,defillama
stable_dai,2026-07-09,4861353541,defillama
stable_dai,2026-07-10,4873547225,defillama
stable_dai,2026-07-11,4876044398,defillama
stable_dai,2026-07-12,4865154242,defillama
stable_dai,2026-07-13,4863340748,defillama
stable_dai,2026-07-14,4860239204,defillama
stable_dai,2026-07-15,4871259995,defillama
stable_dai,2026-07-16,4856245061,defillama
stable_dai,2026-07-17,4852323483,defillama
stable_dai,2026-07-18,4856717782,defillama
stable_dai,2026-07-19,4851309730,defillama
stable_dai,2026-07-20,4846756333,defillama
stable_dai,2026-07-21,4843597860,defillama
stable_dai,2026-07-22,4849439243,defillama
stable_dai,2026-07-23,4852549488,defillama
stable_dai,2026-07-24,4858182160,defillama
stable_dai,2026-07-25,4853982218,defillama
stable_dai,2026-07-26,4854258520,defillama
stable_dai,2026-07-27,4861367692,defillama
stable_dai,2026-07-28,4805035368,defillama
stable_dai,2026-07-29,4803509611,defillama
stable_dai,2026-07-30,4796209306,defillama
stable_dai,2026-07-31,4809183157,defillama
stable_dai,2026-08-01,4789019647,defillama
stable_dai,2026-08-02,4801249521,defillama
stable_dai,2026-08-03,4803102973,defillama
stable_dai,2026-08-04,4801325018,defillama
stable_dai,2026-08-05,4800062140,defillama
stable_dai,2026-08-06,4811964853,defillama
stable_dai,2026-08-07,4794493047,defillama
stable_dai,2026-08-08,4805330658,defillama
stable_dai,2026-08-09,4795302970,defillama
stable_dai,2026-08-10,4792035416,defillama
stable_dai,2026-08-11,4791536270,defillama
stable_dai,2026-08-12,4782888733,defillama
stable_dai,2026-08-13,4788903806,defillama
stable_dai,2026-08-14,4790144577,defillama
stable_dai,2026-08-15,4780174149,defillama
stable_dai,2026-08-16,4775477538,defillama
stable_dai,2026-08-17,4766890510,defillama
stable_dai,2026-08-18,4766335410,defillama
stable_dai,2026-08-19,4767005665,defillama
stable_dai,2026-08-20,4768010752,defillama
stable_dai,2026-08-21,4779843579,defillama
stable_dai,2026-08-22,4783139702.449617,defillama
stable_fdusd,2023-05-27,1033,defillama
stable_fdusd,2023-05-28,1033,defillama
stable_fdusd,2023-05-29,1033,defillama
stable_fdusd,2023-05-30,533,defillama
stable_fdusd,2023-05-31,533,defillama
stable_fdusd,2023-06-01,533,defillama
stable_fdusd,2023-06-02,533,defillama
stable_fdusd,2023-06-03,533,defillama
stable_fdusd,2023-06-04,533,defillama
stable_fdusd,2023-06-05,533,defillama
stable_fdusd,2023-06-06,533,defillama
stable_fdusd,2023-06-07,533,defillama
stable_fdusd,2023-06-08,533,defillama
stable_fdusd,2023-06-09,533,defillama
stable_fdusd,2023-06-10,533,defillama
stable_fdusd,2023-06-11,533,defillama
stable_fdusd,2023-06-12,533,defillama
stable_fdusd,2023-06-13,533,defillama
stable_fdusd,2023-06-14,533,defillama
stable_fdusd,2023-06-15,533,defillama
stable_fdusd,2023-06-16,533,defillama
stable_fdusd,2023-06-17,533,defillama
stable_fdusd,2023-06-18,533,defillama
stable_fdusd,2023-06-19,533,defillama
stable_fdusd,2023-06-20,533,defillama
stable_fdusd,2023-06-21,533,defillama
stable_fdusd,2023-06-22,533,defillama
stable_fdusd,2023-06-23,533,defillama
stable_fdusd,2023-06-24,533,defillama
stable_fdusd,2023-06-25,533,defillama
stable_fdusd,2023-06-26,533,defillama
stable_fdusd,2023-06-27,1074,defillama
stable_fdusd,2023-06-28,1074,defillama
stable_fdusd,2023-06-29,1074,defillama
stable_fdusd,2023-06-30,1074,defillama
stable_fdusd,2023-07-01,1074,defillama
stable_fdusd,2023-07-02,1074,defillama
stable_fdusd,2023-07-03,1074,defillama
stable_fdusd,2023-07-04,1074,defillama
stable_fdusd,2023-07-05,1074,defillama
stable_fdusd,2023-07-06,1074,defillama
stable_fdusd,2023-07-07,1074,defillama
stable_fdusd,2023-07-08,1074,defillama
stable_fdusd,2023-07-09,1074,defillama
stable_fdusd,2023-07-10,1074,defillama
stable_fdusd,2023-07-11,1074,defillama
stable_fdusd,2023-07-12,1874,defillama
stable_fdusd,2023-07-13,1001713,defillama
stable_fdusd,2023-07-14,501713,defillama
stable_fdusd,2023-07-15,1114215,defillama
stable_fdusd,2023-07-16,1114215,defillama
stable_fdusd,2023-07-17,1114215,defillama
stable_fdusd,2023-07-18,5113415,defillama
stable_fdusd,2023-07-19,5113415,defillama
stable_fdusd,2023-07-20,5113415,defillama
stable_fdusd,2023-07-21,5113415,defillama
stable_fdusd,2023-07-22,5113415,defillama
stable_fdusd,2023-07-23,5113415,defillama
stable_fdusd,2023-07-24,5113415,defillama
stable_fdusd,2023-07-25,5113415,defillama
stable_fdusd,2023-07-26,10110415,defillama
stable_fdusd,2023-07-27,20104415,defillama
stable_fdusd,2023-07-28,20204355,defillama
stable_fdusd,2023-07-29,20204355,defillama
stable_fdusd,2023-07-30,20204355,defillama
stable_fdusd,2023-07-31,20204355,defillama
stable_fdusd,2023-08-01,21194355,defillama
stable_fdusd,2023-08-02,154452355,defillama
stable_fdusd,2023-08-03,257547455,defillama
stable_fdusd,2023-08-04,258547543,defillama
stable_fdusd,2023-08-05,291560543,defillama
stable_fdusd,2023-08-06,291560543,defillama
stable_fdusd,2023-08-07,291560543,defillama
stable_fdusd,2023-08-08,291784647,defillama
stable_fdusd,2023-08-09,290884747,defillama
stable_fdusd,2023-08-10,300784747,defillama
stable_fdusd,2023-08-11,300784747,defillama
stable_fdusd,2023-08-12,305784747,defillama
stable_fdusd,2023-08-13,308784747,defillama
stable_fdusd,2023-08-14,308784747,defillama
stable_fdusd,2023-08-15,305784747,defillama
stable_fdusd,2023-08-16,305783747,defillama
stable_fdusd,2023-08-17,305783747,defillama
stable_fdusd,2023-08-18,312783747,defillama
stable_fdusd,2023-08-19,312792747,defillama
stable_fdusd,2023-08-20,312792747,defillama
stable_fdusd,2023-08-21,312792747,defillama
stable_fdusd,2023-08-22,312792747,defillama
stable_fdusd,2023-08-23,312792747,defillama
stable_fdusd,2023-08-24,312996747,defillama
stable_fdusd,2023-08-25,323996727,defillama
stable_fdusd,2023-08-26,323997227,defillama
stable_fdusd,2023-08-27,323997227,defillama
stable_fdusd,2023-08-28,323997227,defillama
stable_fdusd,2023-08-29,325047307,defillama
stable_fdusd,2023-08-30,325047307,defillama
stable_fdusd,2023-08-31,325197279,defillama
stable_fdusd,2023-09-01,362796795,defillama
stable_fdusd,2023-09-02,382786795,defillama
stable_fdusd,2023-09-03,382786795,defillama
stable_fdusd,2023-09-04,382786795,defillama
stable_fdusd,2023-09-05,382786795,defillama
stable_fdusd,2023-09-06,382786795,defillama
stable_fdusd,2023-09-07,394463067,defillama
stable_fdusd,2023-09-08,393963117,defillama
stable_fdusd,2023-09-09,393963117,defillama
stable_fdusd,2023-09-10,393963117,defillama
stable_fdusd,2023-09-11,393963117,defillama
stable_fdusd,2023-09-12,393963117,defillama
stable_fdusd,2023-09-13,393963117,defillama
stable_fdusd,2023-09-14,394063097,defillama
stable_fdusd,2023-09-15,394063097,defillama
stable_fdusd,2023-09-16,394063097,defillama
stable_fdusd,2023-09-17,394063097,defillama
stable_fdusd,2023-09-18,394063097,defillama
stable_fdusd,2023-09-19,393868097,defillama
stable_fdusd,2023-09-20,393868097,defillama
stable_fdusd,2023-09-21,393868097,defillama
stable_fdusd,2023-09-22,393868097,defillama
stable_fdusd,2023-09-23,393868597,defillama
stable_fdusd,2023-09-24,393868597,defillama
stable_fdusd,2023-09-25,393868597,defillama
stable_fdusd,2023-09-26,392163578,defillama
stable_fdusd,2023-09-27,386463578,defillama
stable_fdusd,2023-09-28,386463578,defillama
stable_fdusd,2023-09-29,406763578,defillama
stable_fdusd,2023-09-30,406763578,defillama
stable_fdusd,2023-10-01,406763578,defillama
stable_fdusd,2023-10-02,406763578,defillama
stable_fdusd,2023-10-03,406763578,defillama
stable_fdusd,2023-10-04,406763578,defillama
stable_fdusd,2023-10-05,406763578,defillama
stable_fdusd,2023-10-06,406763578,defillama
stable_fdusd,2023-10-07,409761178,defillama
stable_fdusd,2023-10-08,409761178,defillama
stable_fdusd,2023-10-09,409761178,defillama
stable_fdusd,2023-10-10,409761178,defillama
stable_fdusd,2023-10-11,406751178,defillama
stable_fdusd,2023-10-12,462728171,defillama
stable_fdusd,2023-10-13,467728161,defillama
stable_fdusd,2023-10-14,467728161,defillama
stable_fdusd,2023-10-15,467728161,defillama
stable_fdusd,2023-10-16,467728161,defillama
stable_fdusd,2023-10-17,467728161,defillama
stable_fdusd,2023-10-18,467728161,defillama
stable_fdusd,2023-10-19,473728051,defillama
stable_fdusd,2023-10-20,479727841,defillama
stable_fdusd,2023-10-21,479727941,defillama
stable_fdusd,2023-10-22,479727941,defillama
stable_fdusd,2023-10-23,479727941,defillama
stable_fdusd,2023-10-24,479727941,defillama
stable_fdusd,2023-10-25,479727941,defillama
stable_fdusd,2023-10-26,469727941,defillama
stable_fdusd,2023-10-27,468686206,defillama
stable_fdusd,2023-10-28,468686206,defillama
stable_fdusd,2023-10-29,468686206,defillama
stable_fdusd,2023-10-30,468686206,defillama
stable_fdusd,2023-10-31,467686206,defillama
stable_fdusd,2023-11-01,563046158,defillama
stable_fdusd,2023-11-02,589647117,defillama
stable_fdusd,2023-11-03,589647117,defillama
stable_fdusd,2023-11-04,639622117,defillama
stable_fdusd,2023-11-05,683600117,defillama
stable_fdusd,2023-11-06,683600117,defillama
stable_fdusd,2023-11-07,683600117,defillama
stable_fdusd,2023-11-08,683600117,defillama
stable_fdusd,2023-11-09,683600117,defillama
stable_fdusd,2023-11-10,682337471,defillama
stable_fdusd,2023-11-11,682387471,defillama
stable_fdusd,2023-11-12,682387471,defillama
stable_fdusd,2023-11-13,682387471,defillama
stable_fdusd,2023-11-14,682387471,defillama
stable_fdusd,2023-11-15,682337471,defillama
stable_fdusd,2023-11-16,682337471,defillama
stable_fdusd,2023-11-17,681288135,defillama
stable_fdusd,2023-11-18,681288135,defillama
stable_fdusd,2023-11-19,681288135,defillama
stable_fdusd,2023-11-20,681288135,defillama
stable_fdusd,2023-11-21,681288135,defillama
stable_fdusd,2023-11-22,681288135,defillama
stable_fdusd,2023-11-23,679938968,defillama
stable_fdusd,2023-11-24,678626248,defillama
stable_fdusd,2023-11-25,778626248,defillama
stable_fdusd,2023-11-26,778626248,defillama
stable_fdusd,2023-11-27,778626248,defillama
stable_fdusd,2023-11-28,777601972,defillama
stable_fdusd,2023-11-29,775602972,defillama
stable_fdusd,2023-11-30,845652972,defillama
stable_fdusd,2023-12-01,965652972,defillama
stable_fdusd,2023-12-02,966652972,defillama
stable_fdusd,2023-12-03,966652972,defillama
stable_fdusd,2023-12-04,966652972,defillama
stable_fdusd,2023-12-05,966652972,defillama
stable_fdusd,2023-12-06,1069142972,defillama
stable_fdusd,2023-12-07,1068142384,defillama
stable_fdusd,2023-12-08,1070141891,defillama
stable_fdusd,2023-12-09,1070141891,defillama
stable_fdusd,2023-12-10,1070141891,defillama
stable_fdusd,2023-12-11,1070141891,defillama
stable_fdusd,2023-12-12,1070141891,defillama
stable_fdusd,2023-12-13,1073141881,defillama
stable_fdusd,2023-12-14,1346894739,defillama
stable_fdusd,2023-12-15,1396067782,defillama
stable_fdusd,2023-12-16,1656786754,defillama
stable_fdusd,2023-12-17,1656786754,defillama
stable_fdusd,2023-12-18,1656786754,defillama
stable_fdusd,2023-12-19,1630784887,defillama
stable_fdusd,2023-12-20,1796240377,defillama
stable_fdusd,2023-12-21,1795341367,defillama
stable_fdusd,2023-12-22,1795340367,defillama
stable_fdusd,2023-12-23,1795341367,defillama
stable_fdusd,2023-12-24,1795341367,defillama
stable_fdusd,2023-12-25,1795341367,defillama
stable_fdusd,2023-12-26,1795341367,defillama
stable_fdusd,2023-12-27,1795341367,defillama
stable_fdusd,2023-12-28,1794178373,defillama
stable_fdusd,2023-12-29,1801091367,defillama
stable_fdusd,2023-12-30,1801091367,defillama
stable_fdusd,2023-12-31,1801091367,defillama
stable_fdusd,2024-01-01,1801091367,defillama
stable_fdusd,2024-01-02,1801091367,defillama
stable_fdusd,2024-01-03,1801091267,defillama
stable_fdusd,2024-01-04,1801090767,defillama
stable_fdusd,2024-01-05,1801090767,defillama
stable_fdusd,2024-01-06,1838136728,defillama
stable_fdusd,2024-01-07,1838136728,defillama
stable_fdusd,2024-01-08,1838136728,defillama
stable_fdusd,2024-01-09,1938086728,defillama
stable_fdusd,2024-01-10,2038036728,defillama
stable_fdusd,2024-01-11,2023036728,defillama
stable_fdusd,2024-01-12,2025986728,defillama
stable_fdusd,2024-01-13,2018986628,defillama
stable_fdusd,2024-01-14,2018986628,defillama
stable_fdusd,2024-01-15,2018986628,defillama
stable_fdusd,2024-01-16,2018986728,defillama
stable_fdusd,2024-01-17,2094156728,defillama
stable_fdusd,2024-01-18,2119146708,defillama
stable_fdusd,2024-01-19,1740081994,defillama
stable_fdusd,2024-01-20,2053661450,defillama
stable_fdusd,2024-01-21,2053661450,defillama
stable_fdusd,2024-01-22,2053661450,defillama
stable_fdusd,2024-01-23,2244253922,defillama
stable_fdusd,2024-01-24,2244263912,defillama
stable_fdusd,2024-01-25,2244263912,defillama
stable_fdusd,2024-01-26,2204357912,defillama
stable_fdusd,2024-01-27,2179793467,defillama
stable_fdusd,2024-01-28,2179793467,defillama
stable_fdusd,2024-01-29,2179793467,defillama
stable_fdusd,2024-01-30,2170788234,defillama
stable_fdusd,2024-01-31,2168278951,defillama
stable_fdusd,2024-02-01,2168278450,defillama
stable_fdusd,2024-02-02,2174378460,defillama
stable_fdusd,2024-02-03,2174378460,defillama
stable_fdusd,2024-02-04,2174378460,defillama
stable_fdusd,2024-02-05,2174378460,defillama
stable_fdusd,2024-02-06,2174378460,defillama
stable_fdusd,2024-02-07,2153378460,defillama
stable_fdusd,2024-02-08,2113378460,defillama
stable_fdusd,2024-02-09,2271259470,defillama
stable_fdusd,2024-02-10,2350046122,defillama
stable_fdusd,2024-02-11,2350046122,defillama
stable_fdusd,2024-02-12,2350046122,defillama
stable_fdusd,2024-02-13,2350046122,defillama
stable_fdusd,2024-02-14,2402007502,defillama
stable_fdusd,2024-02-15,2423984502,defillama
stable_fdusd,2024-02-16,2431684234,defillama
stable_fdusd,2024-02-17,2433573931,defillama
stable_fdusd,2024-02-18,2433573931,defillama
stable_fdusd,2024-02-19,2433573931,defillama
stable_fdusd,2024-02-20,2426573931,defillama
stable_fdusd,2024-02-21,2383573951,defillama
stable_fdusd,2024-02-22,2447022250,defillama
stable_fdusd,2024-02-23,2697933901,defillama
stable_fdusd,2024-02-24,2896837853,defillama
stable_fdusd,2024-02-25,2896837853,defillama
stable_fdusd,2024-02-26,2896837853,defillama
stable_fdusd,2024-02-27,2896837853,defillama
stable_fdusd,2024-02-28,2930837853,defillama
stable_fdusd,2024-02-29,2929647853,defillama
stable_fdusd,2024-03-01,2916147853,defillama
stable_fdusd,2024-03-02,2876645956,defillama
stable_fdusd,2024-03-03,2876645956,defillama
stable_fdusd,2024-03-04,2876645956,defillama
stable_fdusd,2024-03-05,2836645855,defillama
stable_fdusd,2024-03-06,2756182477,defillama
stable_fdusd,2024-03-07,2722873510,defillama
stable_fdusd,2024-03-08,2779866407,defillama
stable_fdusd,2024-03-09,2915348169,defillama
stable_fdusd,2024-03-10,2915348169,defillama
stable_fdusd,2024-03-11,2915348169,defillama
stable_fdusd,2024-03-12,2865348169,defillama
stable_fdusd,2024-03-13,2704348169,defillama
stable_fdusd,2024-03-14,2554348169,defillama
stable_fdusd,2024-03-15,2635337858,defillama
stable_fdusd,2024-03-16,2634337858,defillama
stable_fdusd,2024-03-17,2634337858,defillama
stable_fdusd,2024-03-18,2634337858,defillama
stable_fdusd,2024-03-19,2621537858,defillama
stable_fdusd,2024-03-20,2515107199,defillama
stable_fdusd,2024-03-21,2361607198,defillama
stable_fdusd,2024-03-22,2306607197,defillama
stable_fdusd,2024-03-23,2246524146,defillama
stable_fdusd,2024-03-24,2246524146,defillama
stable_fdusd,2024-03-25,2246524146,defillama
stable_fdusd,2024-03-26,2245524046,defillama
stable_fdusd,2024-03-27,2250816395,defillama
stable_fdusd,2024-03-28,2190155538,defillama
stable_fdusd,2024-03-29,2173955537,defillama
stable_fdusd,2024-03-30,2173955537,defillama
stable_fdusd,2024-03-31,2173955537,defillama
stable_fdusd,2024-04-01,2173955537,defillama
stable_fdusd,2024-04-02,2191649037,defillama
stable_fdusd,2024-04-03,2144149036,defillama
stable_fdusd,2024-04-04,2134449176,defillama
stable_fdusd,2024-04-05,2502697836,defillama
stable_fdusd,2024-04-06,3148527958,defillama
stable_fdusd,2024-04-07,3148527958,defillama
stable_fdusd,2024-04-08,3148527958,defillama
stable_fdusd,2024-04-09,3134634088,defillama
stable_fdusd,2024-04-10,2993134073,defillama
stable_fdusd,2024-04-11,2922134073,defillama
stable_fdusd,2024-04-12,2953119573,defillama
stable_fdusd,2024-04-13,3580672533,defillama
stable_fdusd,2024-04-14,3580672533,defillama
stable_fdusd,2024-04-15,3580672533,defillama
stable_fdusd,2024-04-16,3602460414,defillama
stable_fdusd,2024-04-17,3536189005,defillama
stable_fdusd,2024-04-18,3372937155,defillama
stable_fdusd,2024-04-19,3297875213,defillama
stable_fdusd,2024-04-20,3212875203,defillama
stable_fdusd,2024-04-21,3212875203,defillama
stable_fdusd,2024-04-22,3212875203,defillama
stable_fdusd,2024-04-23,3365002466,defillama
stable_fdusd,2024-04-24,3505917487,defillama
stable_fdusd,2024-04-25,4030883681,defillama
stable_fdusd,2024-04-26,4037382081,defillama
stable_fdusd,2024-04-27,4042380631,defillama
stable_fdusd,2024-04-28,4042380631,defillama
stable_fdusd,2024-04-29,4042380631,defillama
stable_fdusd,2024-04-30,3941764447,defillama
stable_fdusd,2024-05-01,3822612760,defillama
stable_fdusd,2024-05-02,3822612760,defillama
stable_fdusd,2024-05-03,3538317441,defillama
stable_fdusd,2024-05-04,3480609672,defillama
stable_fdusd,2024-05-05,3480609672,defillama
stable_fdusd,2024-05-06,3480609672,defillama
stable_fdusd,2024-05-07,3484610662,defillama
stable_fdusd,2024-05-08,3456097162,defillama
stable_fdusd,2024-05-09,3460096564,defillama
stable_fdusd,2024-05-10,3437049562,defillama
stable_fdusd,2024-05-11,3440049552,defillama
stable_fdusd,2024-05-12,3440049552,defillama
stable_fdusd,2024-05-13,3440049552,defillama
stable_fdusd,2024-05-14,3470049552,defillama
stable_fdusd,2024-05-15,3429089348,defillama
stable_fdusd,2024-05-16,3429089348,defillama
stable_fdusd,2024-05-17,3246699102,defillama
stable_fdusd,2024-05-18,3178878228,defillama
stable_fdusd,2024-05-19,3178878228,defillama
stable_fdusd,2024-05-20,3178878228,defillama
stable_fdusd,2024-05-21,3161132228,defillama
stable_fdusd,2024-05-22,3036763961,defillama
stable_fdusd,2024-05-23,3036763961,defillama
stable_fdusd,2024-05-24,2959763960,defillama
stable_fdusd,2024-05-25,2763869169,defillama
stable_fdusd,2024-05-26,2763869169,defillama
stable_fdusd,2024-05-27,2763869169,defillama
stable_fdusd,2024-05-28,2744876974,defillama
stable_fdusd,2024-05-29,2617865885,defillama
stable_fdusd,2024-05-30,2588165884,defillama
stable_fdusd,2024-05-31,2540265883,defillama
stable_fdusd,2024-06-01,2528118207,defillama
stable_fdusd,2024-06-02,2528118207,defillama
stable_fdusd,2024-06-03,2528118207,defillama
stable_fdusd,2024-06-04,2433451871,defillama
stable_fdusd,2024-06-05,2386439295,defillama
stable_fdusd,2024-06-06,2376464570,defillama
stable_fdusd,2024-06-07,2570924216,defillama
stable_fdusd,2024-06-08,2900819771,defillama
stable_fdusd,2024-06-09,2900819771,defillama
stable_fdusd,2024-06-10,2900819771,defillama
stable_fdusd,2024-06-11,2813923956,defillama
stable_fdusd,2024-06-12,2556915571,defillama
stable_fdusd,2024-06-13,2422432197,defillama
stable_fdusd,2024-06-14,2330932289,defillama
stable_fdusd,2024-06-15,2171431386,defillama
stable_fdusd,2024-06-16,2171431386,defillama
stable_fdusd,2024-06-17,2171431386,defillama
stable_fdusd,2024-06-18,2066440386,defillama
stable_fdusd,2024-06-19,2005435200,defillama
stable_fdusd,2024-06-20,1993735200,defillama
stable_fdusd,2024-06-21,1992235200,defillama
stable_fdusd,2024-06-22,1914888899,defillama
stable_fdusd,2024-06-23,1914888899,defillama
stable_fdusd,2024-06-24,1914888899,defillama
stable_fdusd,2024-06-25,1856256898,defillama
stable_fdusd,2024-06-26,1846256898,defillama
stable_fdusd,2024-06-27,1854756871,defillama
stable_fdusd,2024-06-28,1830756842,defillama
stable_fdusd,2024-06-29,1803771486,defillama
stable_fdusd,2024-06-30,1803771486,defillama
stable_fdusd,2024-07-01,1703171486,defillama
stable_fdusd,2024-07-02,1699171486,defillama
stable_fdusd,2024-07-03,1633171486,defillama
stable_fdusd,2024-07-04,1615471486,defillama
stable_fdusd,2024-07-05,1615471486,defillama
stable_fdusd,2024-07-06,1539749390,defillama
stable_fdusd,2024-07-07,1539749390,defillama
stable_fdusd,2024-07-08,1539749390,defillama
stable_fdusd,2024-07-09,1539589390,defillama
stable_fdusd,2024-07-10,1533056539,defillama
stable_fdusd,2024-07-11,1534266539,defillama
stable_fdusd,2024-07-12,1526866494,defillama
stable_fdusd,2024-07-13,1554366494,defillama
stable_fdusd,2024-07-14,1554366494,defillama
stable_fdusd,2024-07-15,1554366494,defillama
stable_fdusd,2024-07-16,1554516494,defillama
stable_fdusd,2024-07-17,1588516411,defillama
stable_fdusd,2024-07-18,1587016411,defillama
stable_fdusd,2024-07-19,1630065310,defillama
stable_fdusd,2024-07-20,1613065215,defillama
stable_fdusd,2024-07-21,1613065215,defillama
stable_fdusd,2024-07-22,1613065215,defillama
stable_fdusd,2024-07-23,1613065215,defillama
stable_fdusd,2024-07-24,1647565132,defillama
stable_fdusd,2024-07-25,1645565132,defillama
stable_fdusd,2024-07-26,1633265132,defillama
stable_fdusd,2024-07-27,1631865132,defillama
stable_fdusd,2024-07-28,1631865132,defillama
stable_fdusd,2024-07-29,1631865132,defillama
stable_fdusd,2024-07-30,1631865132,defillama
stable_fdusd,2024-07-31,1629865232,defillama
stable_fdusd,2024-08-01,1629865232,defillama
stable_fdusd,2024-08-02,1634864232,defillama
stable_fdusd,2024-08-03,1628364232,defillama
stable_fdusd,2024-08-04,1628364232,defillama
stable_fdusd,2024-08-05,1628364232,defillama
stable_fdusd,2024-08-06,1662664232,defillama
stable_fdusd,2024-08-07,1627033296,defillama
stable_fdusd,2024-08-08,1608031296,defillama
stable_fdusd,2024-08-09,1585117446,defillama
stable_fdusd,2024-08-10,1585117446,defillama
stable_fdusd,2024-08-11,1585117446,defillama
stable_fdusd,2024-08-12,1585117446,defillama
stable_fdusd,2024-08-13,1581617446,defillama
stable_fdusd,2024-08-14,1676617446,defillama
stable_fdusd,2024-08-15,1736617446,defillama
stable_fdusd,2024-08-16,1859617206,defillama
stable_fdusd,2024-08-17,2018643498,defillama
stable_fdusd,2024-08-18,2018643498,defillama
stable_fdusd,2024-08-19,2018643498,defillama
stable_fdusd,2024-08-20,2072143489,defillama
stable_fdusd,2024-08-21,2146142351,defillama
stable_fdusd,2024-08-22,2325640686,defillama
stable_fdusd,2024-08-23,2434925888,defillama
stable_fdusd,2024-08-24,2816269767,defillama
stable_fdusd,2024-08-25,2816269767,defillama
stable_fdusd,2024-08-26,2816269767,defillama
stable_fdusd,2024-08-27,2815269767,defillama
stable_fdusd,2024-08-28,2778269767,defillama
stable_fdusd,2024-08-29,2688163667,defillama
stable_fdusd,2024-08-30,2577163497,defillama
stable_fdusd,2024-08-31,2478163497,defillama
stable_fdusd,2024-09-01,2478163497,defillama
stable_fdusd,2024-09-02,2478163497,defillama
stable_fdusd,2024-09-03,2478163497,defillama
stable_fdusd,2024-09-04,2405263497,defillama
stable_fdusd,2024-09-05,2325281164,defillama
stable_fdusd,2024-09-06,2305281164,defillama
stable_fdusd,2024-09-07,2243781164,defillama
stable_fdusd,2024-09-08,2243781164,defillama
stable_fdusd,2024-09-09,2243781164,defillama
stable_fdusd,2024-09-10,2230871064,defillama
stable_fdusd,2024-09-11,2206871064,defillama
stable_fdusd,2024-09-12,2209871064,defillama
stable_fdusd,2024-09-13,2195071064,defillama
stable_fdusd,2024-09-14,2195071064,defillama
stable_fdusd,2024-09-15,2195071064,defillama
stable_fdusd,2024-09-16,2195071064,defillama
stable_fdusd,2024-09-17,2419506237,defillama
stable_fdusd,2024-09-18,2553385226,defillama
stable_fdusd,2024-09-19,2618375325,defillama
stable_fdusd,2024-09-20,2610575194,defillama
stable_fdusd,2024-09-21,2620474678,defillama
stable_fdusd,2024-09-22,2620474678,defillama
stable_fdusd,2024-09-23,2620474678,defillama
stable_fdusd,2024-09-24,2680452279,defillama
stable_fdusd,2024-09-25,2674424494,defillama
stable_fdusd,2024-09-26,2706423567,defillama
stable_fdusd,2024-09-27,2598423692,defillama
stable_fdusd,2024-09-28,2506012371,defillama
stable_fdusd,2024-09-29,2506012371,defillama
stable_fdusd,2024-09-30,2506012371,defillama
stable_fdusd,2024-10-01,2497050930,defillama
stable_fdusd,2024-10-02,2479050927,defillama
stable_fdusd,2024-10-03,2413554214,defillama
stable_fdusd,2024-10-04,2348233146,defillama
stable_fdusd,2024-10-05,2295444199,defillama
stable_fdusd,2024-10-06,2295444199,defillama
stable_fdusd,2024-10-07,2295444199,defillama
stable_fdusd,2024-10-08,2295344199,defillama
stable_fdusd,2024-10-09,2595051802,defillama
stable_fdusd,2024-10-10,2879835359,defillama
stable_fdusd,2024-10-11,2877636349,defillama
stable_fdusd,2024-10-12,2877636349,defillama
stable_fdusd,2024-10-13,2877636349,defillama
stable_fdusd,2024-10-14,2877636349,defillama
stable_fdusd,2024-10-15,2834135348,defillama
stable_fdusd,2024-10-16,2684177620,defillama
stable_fdusd,2024-10-17,2577416435,defillama
stable_fdusd,2024-10-18,2501915985,defillama
stable_fdusd,2024-10-19,2436863386,defillama
stable_fdusd,2024-10-20,2436863386,defillama
stable_fdusd,2024-10-21,2436863386,defillama
stable_fdusd,2024-10-22,2420078046,defillama
stable_fdusd,2024-10-23,2366272046,defillama
stable_fdusd,2024-10-24,2318155350,defillama
stable_fdusd,2024-10-25,2306097624,defillama
stable_fdusd,2024-10-26,2306097824,defillama
stable_fdusd,2024-10-27,2306097824,defillama
stable_fdusd,2024-10-28,2306097824,defillama
stable_fdusd,2024-10-29,2277700606,defillama
stable_fdusd,2024-10-30,2257600606,defillama
stable_fdusd,2024-10-31,2227925328,defillama
stable_fdusd,2024-11-01,2217925228,defillama
stable_fdusd,2024-11-02,2157112713,defillama
stable_fdusd,2024-11-03,2157112713,defillama
stable_fdusd,2024-11-04,2157112713,defillama
stable_fdusd,2024-11-05,2118323483,defillama
stable_fdusd,2024-11-06,2048841489,defillama
stable_fdusd,2024-11-07,2035820355,defillama
stable_fdusd,2024-11-08,2026471471,defillama
stable_fdusd,2024-11-09,2025969278,defillama
stable_fdusd,2024-11-10,2025969278,defillama
stable_fdusd,2024-11-11,2025969278,defillama
stable_fdusd,2024-11-12,2025969078,defillama
stable_fdusd,2024-11-13,2003322888,defillama
stable_fdusd,2024-11-14,1990910419,defillama
stable_fdusd,2024-11-15,2071972222,defillama
stable_fdusd,2024-11-16,2286826035,defillama
stable_fdusd,2024-11-17,2286826035,defillama
stable_fdusd,2024-11-18,2286826035,defillama
stable_fdusd,2024-11-19,2286826035,defillama
stable_fdusd,2024-11-20,2146778054,defillama
stable_fdusd,2024-11-21,2002978048,defillama
stable_fdusd,2024-11-22,1947202685,defillama
stable_fdusd,2024-11-23,1901196996,defillama
stable_fdusd,2024-11-24,1901196996,defillama
stable_fdusd,2024-11-25,1901196996,defillama
stable_fdusd,2024-11-26,1828687406,defillama
stable_fdusd,2024-11-27,1774221537,defillama
stable_fdusd,2024-11-28,1705121520,defillama
stable_fdusd,2024-11-29,1705121520,defillama
stable_fdusd,2024-11-30,1667121520,defillama
stable_fdusd,2024-12-01,1667121520,defillama
stable_fdusd,2024-12-02,1667121520,defillama
stable_fdusd,2024-12-03,1590350538,defillama
stable_fdusd,2024-12-04,1569550538,defillama
stable_fdusd,2024-12-05,1552534157,defillama
stable_fdusd,2024-12-06,1529344157,defillama
stable_fdusd,2024-12-07,1520344157,defillama
stable_fdusd,2024-12-08,1520344157,defillama
stable_fdusd,2024-12-09,1520344157,defillama
stable_fdusd,2024-12-10,1468674157,defillama
stable_fdusd,2024-12-11,1461899386,defillama
stable_fdusd,2024-12-12,1422917788,defillama
stable_fdusd,2024-12-13,1417918288,defillama
stable_fdusd,2024-12-14,1716048866,defillama
stable_fdusd,2024-12-15,1716048866,defillama
stable_fdusd,2024-12-16,1716048866,defillama
stable_fdusd,2024-12-17,1537943368,defillama
stable_fdusd,2024-12-18,1490421224,defillama
stable_fdusd,2024-12-19,1458921228,defillama
stable_fdusd,2024-12-20,1444264915,defillama
stable_fdusd,2024-12-21,1425586463,defillama
stable_fdusd,2024-12-22,1425586463,defillama
stable_fdusd,2024-12-23,1425586463,defillama
stable_fdusd,2024-12-24,1628085033,defillama
stable_fdusd,2024-12-25,1740455645,defillama
stable_fdusd,2024-12-26,1740455645,defillama
stable_fdusd,2024-12-27,1891998562,defillama
stable_fdusd,2024-12-28,1935103912,defillama
stable_fdusd,2024-12-29,1935103912,defillama
stable_fdusd,2024-12-30,1935103912,defillama
stable_fdusd,2024-12-31,1905103912,defillama
stable_fdusd,2025-01-01,1870103412,defillama
stable_fdusd,2025-01-02,1870103412,defillama
stable_fdusd,2025-01-03,1812009808,defillama
stable_fdusd,2025-01-04,1714709806,defillama
stable_fdusd,2025-01-05,1714709806,defillama
stable_fdusd,2025-01-06,1714709806,defillama
stable_fdusd,2025-01-07,1624819641,defillama
stable_fdusd,2025-01-08,1588819641,defillama
stable_fdusd,2025-01-09,1506119645,defillama
stable_fdusd,2025-01-10,1490619645,defillama
stable_fdusd,2025-01-11,1484058293,defillama
stable_fdusd,2025-01-12,1484058293,defillama
stable_fdusd,2025-01-13,1484058293,defillama
stable_fdusd,2025-01-14,1449047472,defillama
stable_fdusd,2025-01-15,1485447446,defillama
stable_fdusd,2025-01-16,1540353478,defillama
stable_fdusd,2025-01-17,1604083478,defillama
stable_fdusd,2025-01-18,1672065478,defillama
stable_fdusd,2025-01-19,1672065478,defillama
stable_fdusd,2025-01-20,1672065478,defillama
stable_fdusd,2025-01-21,1653564278,defillama
stable_fdusd,2025-01-22,1600814278,defillama
stable_fdusd,2025-01-23,1695805051,defillama
stable_fdusd,2025-01-24,1694305041,defillama
stable_fdusd,2025-01-25,1692974157,defillama
stable_fdusd,2025-01-26,1692974157,defillama
stable_fdusd,2025-01-27,1692974157,defillama
stable_fdusd,2025-01-28,1690974157,defillama
stable_fdusd,2025-01-29,1690984117,defillama
stable_fdusd,2025-01-30,1690984117,defillama
stable_fdusd,2025-01-31,1690984117,defillama
stable_fdusd,2025-02-01,1746984117,defillama
stable_fdusd,2025-02-02,1746984117,defillama
stable_fdusd,2025-02-03,1746984117,defillama
stable_fdusd,2025-02-04,1715484117,defillama
stable_fdusd,2025-02-05,1715584089,defillama
stable_fdusd,2025-02-06,1786022978,defillama
stable_fdusd,2025-02-07,1783922978,defillama
stable_fdusd,2025-02-08,1783922978,defillama
stable_fdusd,2025-02-09,1783922978,defillama
stable_fdusd,2025-02-10,1783922978,defillama
stable_fdusd,2025-02-11,1783923088,defillama
stable_fdusd,2025-02-12,1780923088,defillama
stable_fdusd,2025-02-13,1778623188,defillama
stable_fdusd,2025-02-14,1826123105,defillama
stable_fdusd,2025-02-15,1826124104,defillama
stable_fdusd,2025-02-16,1826124104,defillama
stable_fdusd,2025-02-17,1826124104,defillama
stable_fdusd,2025-02-18,1824624104,defillama
stable_fdusd,2025-02-19,1777659202,defillama
stable_fdusd,2025-02-20,1779459200,defillama
stable_fdusd,2025-02-21,1780823869,defillama
stable_fdusd,2025-02-22,1780823869,defillama
stable_fdusd,2025-02-23,1780823869,defillama
stable_fdusd,2025-02-24,1780823869,defillama
stable_fdusd,2025-02-25,1781663360,defillama
stable_fdusd,2025-02-26,1818563310,defillama
stable_fdusd,2025-02-27,1874562799,defillama
stable_fdusd,2025-02-28,1879062799,defillama
stable_fdusd,2025-03-01,1777033436,defillama
stable_fdusd,2025-03-02,1777033436,defillama
stable_fdusd,2025-03-03,1777033436,defillama
stable_fdusd,2025-03-04,1807033436,defillama
stable_fdusd,2025-03-05,1792033436,defillama
stable_fdusd,2025-03-06,1787033436,defillama
stable_fdusd,2025-03-07,1839433380,defillama
stable_fdusd,2025-03-08,1844825668,defillama
stable_fdusd,2025-03-09,1844825666,defillama
stable_fdusd,2025-03-10,1844825666,defillama
stable_fdusd,2025-03-11,1844825666,defillama
stable_fdusd,2025-03-12,1822825666,defillama
stable_fdusd,2025-03-13,1812825666,defillama
stable_fdusd,2025-03-14,1797826666,defillama
stable_fdusd,2025-03-15,1813626666,defillama
stable_fdusd,2025-03-16,1813626666,defillama
stable_fdusd,2025-03-17,1813626666,defillama
stable_fdusd,2025-03-18,1810850974,defillama
stable_fdusd,2025-03-19,1816698783,defillama
stable_fdusd,2025-03-20,1835698783,defillama
stable_fdusd,2025-03-21,2029486700,defillama
stable_fdusd,2025-03-22,2214056589,defillama
stable_fdusd,2025-03-23,2214056589,defillama
stable_fdusd,2025-03-24,2214056589,defillama
stable_fdusd,2025-03-25,2194056589,defillama
stable_fdusd,2025-03-26,2170265250,defillama
stable_fdusd,2025-03-27,2125228236,defillama
stable_fdusd,2025-03-28,2125228236,defillama
stable_fdusd,2025-03-29,2323196707,defillama
stable_fdusd,2025-03-30,2323196704,defillama
stable_fdusd,2025-03-31,2323196704,defillama
stable_fdusd,2025-04-01,2323196704,defillama
stable_fdusd,2025-04-02,2303196704,defillama
stable_fdusd,2025-04-03,2336424106,defillama
stable_fdusd,2025-04-04,2099185019,defillama
stable_fdusd,2025-04-05,1923237706,defillama
stable_fdusd,2025-04-06,1923237705,defillama
stable_fdusd,2025-04-07,1923237705,defillama
stable_fdusd,2025-04-08,1772603065,defillama
stable_fdusd,2025-04-09,1678770039,defillama
stable_fdusd,2025-04-10,1570201325,defillama
stable_fdusd,2025-04-11,1552385561,defillama
stable_fdusd,2025-04-12,1482373551,defillama
stable_fdusd,2025-04-13,1482373550,defillama
stable_fdusd,2025-04-14,1482373550,defillama
stable_fdusd,2025-04-15,1413375855,defillama
stable_fdusd,2025-04-16,1374513799,defillama
stable_fdusd,2025-04-17,1340407580,defillama
stable_fdusd,2025-04-18,1325607095,defillama
stable_fdusd,2025-04-19,1325607095,defillama
stable_fdusd,2025-04-20,1325607095,defillama
stable_fdusd,2025-04-21,1325607095,defillama
stable_fdusd,2025-04-22,1361890632,defillama
stable_fdusd,2025-04-23,1306094294,defillama
stable_fdusd,2025-04-24,1262094283,defillama
stable_fdusd,2025-04-25,1252194283,defillama
stable_fdusd,2025-04-26,1248166472,defillama
stable_fdusd,2025-04-27,1248166472,defillama
stable_fdusd,2025-04-28,1248166472,defillama
stable_fdusd,2025-04-29,1214666472,defillama
stable_fdusd,2025-04-30,1211166472,defillama
stable_fdusd,2025-05-01,1211166472,defillama
stable_fdusd,2025-05-02,1211166472,defillama
stable_fdusd,2025-05-03,1207066472,defillama
stable_fdusd,2025-05-04,1207066472,defillama
stable_fdusd,2025-05-05,1207066472,defillama
stable_fdusd,2025-05-06,1203566472,defillama
stable_fdusd,2025-05-07,1280566101,defillama
stable_fdusd,2025-05-08,1280566401,defillama
stable_fdusd,2025-05-09,1267266095,defillama
stable_fdusd,2025-05-10,1252678224,defillama
stable_fdusd,2025-05-11,1252678224,defillama
stable_fdusd,2025-05-12,1252678224,defillama
stable_fdusd,2025-05-13,1252678224,defillama
stable_fdusd,2025-05-14,1251678219,defillama
stable_fdusd,2025-05-15,1249678319,defillama
stable_fdusd,2025-05-16,1249678219,defillama
stable_fdusd,2025-05-17,1248178219,defillama
stable_fdusd,2025-05-18,1248178219,defillama
stable_fdusd,2025-05-19,1248178218,defillama
stable_fdusd,2025-05-20,1246678218,defillama
stable_fdusd,2025-05-21,1246678218,defillama
stable_fdusd,2025-05-22,1262676218,defillama
stable_fdusd,2025-05-23,1322369918,defillama
stable_fdusd,2025-05-24,1381375299,defillama
stable_fdusd,2025-05-25,1381375299,defillama
stable_fdusd,2025-05-26,1381375299,defillama
stable_fdusd,2025-05-27,1381225000,defillama
stable_fdusd,2025-05-28,1371225000,defillama
stable_fdusd,2025-05-29,1368525150,defillama
stable_fdusd,2025-05-30,1376121004,defillama
stable_fdusd,2025-05-31,1405120904,defillama
stable_fdusd,2025-06-01,1405120904,defillama
stable_fdusd,2025-06-02,1405120904,defillama
stable_fdusd,2025-06-03,1352120994,defillama
stable_fdusd,2025-06-04,1338021089,defillama
stable_fdusd,2025-06-05,1338021089,defillama
stable_fdusd,2025-06-06,1323426165,defillama
stable_fdusd,2025-06-07,1303376165,defillama
stable_fdusd,2025-06-08,1303376165,defillama
stable_fdusd,2025-06-09,1303376165,defillama
stable_fdusd,2025-06-10,1287561165,defillama
stable_fdusd,2025-06-11,1261561165,defillama
stable_fdusd,2025-06-12,1262311165,defillama
stable_fdusd,2025-06-13,1256311165,defillama
stable_fdusd,2025-06-14,1256311165,defillama
stable_fdusd,2025-06-15,1256311165,defillama
stable_fdusd,2025-06-16,1256311165,defillama
stable_fdusd,2025-06-17,1259841538,defillama
stable_fdusd,2025-06-18,1259841538,defillama
stable_fdusd,2025-06-19,1253841998,defillama
stable_fdusd,2025-06-20,1249842098,defillama
stable_fdusd,2025-06-21,1243342098,defillama
stable_fdusd,2025-06-22,1243342098,defillama
stable_fdusd,2025-06-23,1243342098,defillama
stable_fdusd,2025-06-24,1242739056,defillama
stable_fdusd,2025-06-25,1274274646,defillama
stable_fdusd,2025-06-26,1251274646,defillama
stable_fdusd,2025-06-27,1226774646,defillama
stable_fdusd,2025-06-28,1225274646,defillama
stable_fdusd,2025-06-29,1225274646,defillama
stable_fdusd,2025-06-30,1225274646,defillama
stable_fdusd,2025-07-01,1216182959,defillama
stable_fdusd,2025-07-02,1216692355,defillama
stable_fdusd,2025-07-03,1212391352,defillama
stable_fdusd,2025-07-04,1214890350,defillama
stable_fdusd,2025-07-05,1218560737,defillama
stable_fdusd,2025-07-06,1218560737,defillama
stable_fdusd,2025-07-07,1218560737,defillama
stable_fdusd,2025-07-08,1204823057,defillama
stable_fdusd,2025-07-09,1190574167,defillama
stable_fdusd,2025-07-10,1193472963,defillama
stable_fdusd,2025-07-11,1197999453,defillama
stable_fdusd,2025-07-12,1200209066,defillama
stable_fdusd,2025-07-13,1200209066,defillama
stable_fdusd,2025-07-14,1200209066,defillama
stable_fdusd,2025-07-15,1202812655,defillama
stable_fdusd,2025-07-16,1199878082,defillama
stable_fdusd,2025-07-17,1193145800,defillama
stable_fdusd,2025-07-18,1211483462,defillama
stable_fdusd,2025-07-19,1228919898,defillama
stable_fdusd,2025-07-20,1228919898,defillama
stable_fdusd,2025-07-21,1228919898,defillama
stable_fdusd,2025-07-22,1210318356,defillama
stable_fdusd,2025-07-23,1173567668,defillama
stable_fdusd,2025-07-24,1169863986,defillama
stable_fdusd,2025-07-25,1152234851,defillama
stable_fdusd,2025-07-26,1110568900,defillama
stable_fdusd,2025-07-27,1110568900,defillama
stable_fdusd,2025-07-28,1110568900,defillama
stable_fdusd,2025-07-29,1119985941,defillama
stable_fdusd,2025-07-30,1088180321,defillama
stable_fdusd,2025-07-31,1055423641,defillama
stable_fdusd,2025-08-01,1051659699,defillama
stable_fdusd,2025-08-02,1032895054,defillama
stable_fdusd,2025-08-03,1032895054,defillama
stable_fdusd,2025-08-04,1032895054,defillama
stable_fdusd,2025-08-05,1036935592,defillama
stable_fdusd,2025-08-06,1019294970,defillama
stable_fdusd,2025-08-07,1011447975,defillama
stable_fdusd,2025-08-08,1022340858,defillama
stable_fdusd,2025-08-09,1047178545,defillama
stable_fdusd,2025-08-10,1047178545,defillama
stable_fdusd,2025-08-11,1047178545,defillama
stable_fdusd,2025-08-12,1056954935,defillama
stable_fdusd,2025-08-13,1062353803,defillama
stable_fdusd,2025-08-14,1057063738,defillama
stable_fdusd,2025-08-15,1022275840,defillama
stable_fdusd,2025-08-16,1035037839,defillama
stable_fdusd,2025-08-17,1035037839,defillama
stable_fdusd,2025-08-18,1035037839,defillama
stable_fdusd,2025-08-19,1034536451,defillama
stable_fdusd,2025-08-20,983617180,defillama
stable_fdusd,2025-08-21,980116880,defillama
stable_fdusd,2025-08-22,971972694,defillama
stable_fdusd,2025-08-23,945519396,defillama
stable_fdusd,2025-08-24,945519396,defillama
stable_fdusd,2025-08-25,945519396,defillama
stable_fdusd,2025-08-26,938606561,defillama
stable_fdusd,2025-08-27,928992879,defillama
stable_fdusd,2025-08-28,922881775,defillama
stable_fdusd,2025-08-29,912906775,defillama
stable_fdusd,2025-08-30,909549387,defillama
stable_fdusd,2025-08-31,909549387,defillama
stable_fdusd,2025-09-01,909549386,defillama
stable_fdusd,2025-09-02,902301547,defillama
stable_fdusd,2025-09-03,899635093,defillama
stable_fdusd,2025-09-04,892121791,defillama
stable_fdusd,2025-09-05,904969557,defillama
stable_fdusd,2025-09-06,868179304,defillama
stable_fdusd,2025-09-07,868179304,defillama
stable_fdusd,2025-09-08,868179304,defillama
stable_fdusd,2025-09-09,863916213,defillama
stable_fdusd,2025-09-10,870792056,defillama
stable_fdusd,2025-09-11,864653206,defillama
stable_fdusd,2025-09-12,870877310,defillama
stable_fdusd,2025-09-13,875396071,defillama
stable_fdusd,2025-09-14,875396071,defillama
stable_fdusd,2025-09-15,875396068,defillama
stable_fdusd,2025-09-16,884309609,defillama
stable_fdusd,2025-09-17,897698262,defillama
stable_fdusd,2025-09-18,901695060,defillama
stable_fdusd,2025-09-19,904001057,defillama
stable_fdusd,2025-09-20,895499157,defillama
stable_fdusd,2025-09-21,895499157,defillama
stable_fdusd,2025-09-22,895499157,defillama
stable_fdusd,2025-09-23,893498357,defillama
stable_fdusd,2025-09-24,908548243,defillama
stable_fdusd,2025-09-25,870547450,defillama
stable_fdusd,2025-09-26,822454678,defillama
stable_fdusd,2025-09-27,834550004,defillama
stable_fdusd,2025-09-28,834550004,defillama
stable_fdusd,2025-09-29,834550004,defillama
stable_fdusd,2025-09-30,815712675,defillama
stable_fdusd,2025-10-01,826605868,defillama
stable_fdusd,2025-10-02,831850333,defillama
stable_fdusd,2025-10-03,847018795,defillama
stable_fdusd,2025-10-04,826327505,defillama
stable_fdusd,2025-10-05,826327505,defillama
stable_fdusd,2025-10-06,826327505,defillama
stable_fdusd,2025-10-07,822069078,defillama
stable_fdusd,2025-10-08,836387263,defillama
stable_fdusd,2025-10-09,836387263,defillama
stable_fdusd,2025-10-10,832194363,defillama
stable_fdusd,2025-10-11,831984352,defillama
stable_fdusd,2025-10-12,831984352,defillama
stable_fdusd,2025-10-13,831984352,defillama
stable_fdusd,2025-10-14,839503800,defillama
stable_fdusd,2025-10-15,805286370,defillama
stable_fdusd,2025-10-16,795286360,defillama
stable_fdusd,2025-10-17,773286460,defillama
stable_fdusd,2025-10-18,758291256,defillama
stable_fdusd,2025-10-19,758291256,defillama
stable_fdusd,2025-10-20,758291256,defillama
stable_fdusd,2025-10-21,758889747,defillama
stable_fdusd,2025-10-22,748889747,defillama
stable_fdusd,2025-10-23,748889747,defillama
stable_fdusd,2025-10-24,748889747,defillama
stable_fdusd,2025-10-25,750942427,defillama
stable_fdusd,2025-10-26,750942427,defillama
stable_fdusd,2025-10-27,750942427,defillama
stable_fdusd,2025-10-28,763911334,defillama
stable_fdusd,2025-10-29,763899967,defillama
stable_fdusd,2025-10-30,768334659,defillama
stable_fdusd,2025-10-31,768334659,defillama
stable_fdusd,2025-11-01,773157919,defillama
stable_fdusd,2025-11-02,773157919,defillama
stable_fdusd,2025-11-03,773157919,defillama
stable_fdusd,2025-11-04,751280150,defillama
stable_fdusd,2025-11-05,737280150,defillama
stable_fdusd,2025-11-06,737280150,defillama
stable_fdusd,2025-11-07,732219950,defillama
stable_fdusd,2025-11-08,732302629,defillama
stable_fdusd,2025-11-09,732302629,defillama
stable_fdusd,2025-11-10,732302629,defillama
stable_fdusd,2025-11-11,729302629,defillama
stable_fdusd,2025-11-12,732301428,defillama
stable_fdusd,2025-11-13,728269626,defillama
stable_fdusd,2025-11-14,729019226,defillama
stable_fdusd,2025-11-15,718214469,defillama
stable_fdusd,2025-11-16,718214469,defillama
stable_fdusd,2025-11-17,718214469,defillama
stable_fdusd,2025-11-18,715121168,defillama
stable_fdusd,2025-11-19,709407513,defillama
stable_fdusd,2025-11-20,713534144,defillama
stable_fdusd,2025-11-21,690768312,defillama
stable_fdusd,2025-11-22,690363198,defillama
stable_fdusd,2025-11-23,690363198,defillama
stable_fdusd,2025-11-24,690363198,defillama
stable_fdusd,2025-11-25,670525906,defillama
stable_fdusd,2025-11-26,671846536,defillama
stable_fdusd,2025-11-27,675774279,defillama
stable_fdusd,2025-11-28,675364287,defillama
stable_fdusd,2025-11-29,672811228,defillama
stable_fdusd,2025-11-30,672811228,defillama
stable_fdusd,2025-12-01,672811228,defillama
stable_fdusd,2025-12-02,657160067,defillama
stable_fdusd,2025-12-03,612490823,defillama
stable_fdusd,2025-12-04,608072062,defillama
stable_fdusd,2025-12-05,600790407,defillama
stable_fdusd,2025-12-06,590881382,defillama
stable_fdusd,2025-12-07,590881382,defillama
stable_fdusd,2025-12-08,590881382,defillama
stable_fdusd,2025-12-09,581471934,defillama
stable_fdusd,2025-12-10,575067785,defillama
stable_fdusd,2025-12-11,501063809,defillama
stable_fdusd,2025-12-12,445657333,defillama
stable_fdusd,2025-12-13,443157337,defillama
stable_fdusd,2025-12-14,443157337,defillama
stable_fdusd,2025-12-15,443157337,defillama
stable_fdusd,2025-12-16,315657337,defillama
stable_fdusd,2025-12-17,265339188,defillama
stable_fdusd,2025-12-18,518827555,defillama
stable_fdusd,2025-12-19,518424376,defillama
stable_fdusd,2025-12-20,518424376,defillama
stable_fdusd,2025-12-21,518424376,defillama
stable_fdusd,2025-12-22,518424376,defillama
stable_fdusd,2025-12-23,518424376,defillama
stable_fdusd,2025-12-24,519314247,defillama
stable_fdusd,2025-12-25,516314247,defillama
stable_fdusd,2025-12-26,516314247,defillama
stable_fdusd,2025-12-27,516314246,defillama
stable_fdusd,2025-12-28,516314246,defillama
stable_fdusd,2025-12-29,516314246,defillama
stable_fdusd,2025-12-30,516314246,defillama
stable_fdusd,2025-12-31,516314246,defillama
stable_fdusd,2026-01-01,516314246,defillama
stable_fdusd,2026-01-02,516314246,defillama
stable_fdusd,2026-01-03,506314246,defillama
stable_fdusd,2026-01-04,506314246,defillama
stable_fdusd,2026-01-05,506314246,defillama
stable_fdusd,2026-01-06,506314246,defillama
stable_fdusd,2026-01-07,506314246,defillama
stable_fdusd,2026-01-08,506314246,defillama
stable_fdusd,2026-01-09,496314246,defillama
stable_fdusd,2026-01-10,496314246,defillama
stable_fdusd,2026-01-11,496314246,defillama
stable_fdusd,2026-01-12,496314246,defillama
stable_fdusd,2026-01-13,494523227,defillama
stable_fdusd,2026-01-14,494523227,defillama
stable_fdusd,2026-01-15,494645501,defillama
stable_fdusd,2026-01-16,506642193,defillama
stable_fdusd,2026-01-17,503642193,defillama
stable_fdusd,2026-01-18,503642193,defillama
stable_fdusd,2026-01-19,503642193,defillama
stable_fdusd,2026-01-20,499642593,defillama
stable_fdusd,2026-01-21,499642593,defillama
stable_fdusd,2026-01-22,508095470,defillama
stable_fdusd,2026-01-23,506593217,defillama
stable_fdusd,2026-01-24,504590414,defillama
stable_fdusd,2026-01-25,504590414,defillama
stable_fdusd,2026-01-26,504590414,defillama
stable_fdusd,2026-01-27,496560455,defillama
stable_fdusd,2026-01-28,491560455,defillama
stable_fdusd,2026-01-29,468155443,defillama
stable_fdusd,2026-01-30,465149030,defillama
stable_fdusd,2026-01-31,456143819,defillama
stable_fdusd,2026-02-01,456143819,defillama
stable_fdusd,2026-02-02,456143819,defillama
stable_fdusd,2026-02-03,450041173,defillama
stable_fdusd,2026-02-04,444037768,defillama
stable_fdusd,2026-02-05,435828620,defillama
stable_fdusd,2026-02-06,429823608,defillama
stable_fdusd,2026-02-07,412715236,defillama
stable_fdusd,2026-02-08,412715236,defillama
stable_fdusd,2026-02-09,412715236,defillama
stable_fdusd,2026-02-10,397715236,defillama
stable_fdusd,2026-02-11,397715236,defillama
stable_fdusd,2026-02-12,395412031,defillama
stable_fdusd,2026-02-13,395412031,defillama
stable_fdusd,2026-02-14,395411931,defillama
stable_fdusd,2026-02-15,395411931,defillama
stable_fdusd,2026-02-16,395411931,defillama
stable_fdusd,2026-02-17,395411931,defillama
stable_fdusd,2026-02-18,395411931,defillama
stable_fdusd,2026-02-19,395411931,defillama
stable_fdusd,2026-02-20,395411931,defillama
stable_fdusd,2026-02-21,394590429,defillama
stable_fdusd,2026-02-22,394590429,defillama
stable_fdusd,2026-02-23,394590429,defillama
stable_fdusd,2026-02-24,394590529,defillama
stable_fdusd,2026-02-25,385690529,defillama
stable_fdusd,2026-02-26,386002473,defillama
stable_fdusd,2026-02-27,380002473,defillama
stable_fdusd,2026-02-28,380414903,defillama
stable_fdusd,2026-03-01,380414903,defillama
stable_fdusd,2026-03-02,380414903,defillama
stable_fdusd,2026-03-03,375515692,defillama
stable_fdusd,2026-03-04,375515692,defillama
stable_fdusd,2026-03-05,369115192,defillama
stable_fdusd,2026-03-06,373318544,defillama
stable_fdusd,2026-03-07,373318544,defillama
stable_fdusd,2026-03-08,373318544,defillama
stable_fdusd,2026-03-09,373318544,defillama
stable_fdusd,2026-03-10,373318544,defillama
stable_fdusd,2026-03-11,374421054,defillama
stable_fdusd,2026-03-12,374421054,defillama
stable_fdusd,2026-03-13,374833677,defillama
stable_fdusd,2026-03-14,374833677,defillama
stable_fdusd,2026-03-15,374833677,defillama
stable_fdusd,2026-03-16,374833677,defillama
stable_fdusd,2026-03-17,377447654,defillama
stable_fdusd,2026-03-18,381165431,defillama
stable_fdusd,2026-03-19,384721409,defillama
stable_fdusd,2026-03-20,384731409,defillama
stable_fdusd,2026-03-21,385831189,defillama
stable_fdusd,2026-03-22,385831189,defillama
stable_fdusd,2026-03-23,385831189,defillama
stable_fdusd,2026-03-24,385831189,defillama
stable_fdusd,2026-03-25,385831189,defillama
stable_fdusd,2026-03-26,385831189,defillama
stable_fdusd,2026-03-27,395831189,defillama
stable_fdusd,2026-03-28,398629868,defillama
stable_fdusd,2026-03-29,398629868,defillama
stable_fdusd,2026-03-30,398629868,defillama
stable_fdusd,2026-03-31,396427998,defillama
stable_fdusd,2026-04-01,394265797,defillama
stable_fdusd,2026-04-02,394265797,defillama
stable_fdusd,2026-04-03,394265797,defillama
stable_fdusd,2026-04-04,394265797,defillama
stable_fdusd,2026-04-05,394265797,defillama
stable_fdusd,2026-04-06,394265797,defillama
stable_fdusd,2026-04-07,394265797,defillama
stable_fdusd,2026-04-08,395985178,defillama
stable_fdusd,2026-04-09,396985179,defillama
stable_fdusd,2026-04-10,396985179,defillama
stable_fdusd,2026-04-11,398985181,defillama
stable_fdusd,2026-04-12,398985181,defillama
stable_fdusd,2026-04-13,398985181,defillama
stable_fdusd,2026-04-14,400985183,defillama
stable_fdusd,2026-04-15,404985187,defillama
stable_fdusd,2026-04-16,407985190,defillama
stable_fdusd,2026-04-17,410985193,defillama
stable_fdusd,2026-04-18,413985196,defillama
stable_fdusd,2026-04-19,413985196,defillama
stable_fdusd,2026-04-20,413985196,defillama
stable_fdusd,2026-04-21,415985197,defillama
stable_fdusd,2026-04-22,418985200,defillama
stable_fdusd,2026-04-23,412483200,defillama
stable_fdusd,2026-04-24,415483203,defillama
stable_fdusd,2026-04-25,415483103,defillama
stable_fdusd,2026-04-26,415483103,defillama
stable_fdusd,2026-04-27,415483103,defillama
stable_fdusd,2026-04-28,413100491,defillama
stable_fdusd,2026-04-29,410149003,defillama
stable_fdusd,2026-04-30,406727444,defillama
stable_fdusd,2026-05-01,402874164,defillama
stable_fdusd,2026-05-02,402874164,defillama
stable_fdusd,2026-05-03,402874164,defillama
stable_fdusd,2026-05-04,402874164,defillama
stable_fdusd,2026-05-05,402874164,defillama
stable_fdusd,2026-05-06,403229232,defillama
stable_fdusd,2026-05-07,404742557,defillama
stable_fdusd,2026-05-08,404742557,defillama
stable_fdusd,2026-05-09,399732758,defillama
stable_fdusd,2026-05-10,399732758,defillama
stable_fdusd,2026-05-11,399732758,defillama
stable_fdusd,2026-05-12,405519932,defillama
stable_fdusd,2026-05-13,410528343,defillama
stable_fdusd,2026-05-14,409673718,defillama
stable_fdusd,2026-05-15,398776853,defillama
stable_fdusd,2026-05-16,394464716,defillama
stable_fdusd,2026-05-17,394464716,defillama
stable_fdusd,2026-05-18,394464716,defillama
stable_fdusd,2026-05-19,392457342,defillama
stable_fdusd,2026-05-20,377148542,defillama
stable_fdusd,2026-05-21,377148542,defillama
stable_fdusd,2026-05-22,377148542,defillama
stable_fdusd,2026-05-23,374148543,defillama
stable_fdusd,2026-05-24,374148543,defillama
stable_fdusd,2026-05-25,374148543,defillama
stable_fdusd,2026-05-26,374148543,defillama
stable_fdusd,2026-05-27,374148543,defillama
stable_fdusd,2026-05-28,374148543,defillama
stable_fdusd,2026-05-29,366705122,defillama
stable_fdusd,2026-05-30,354689860,defillama
stable_fdusd,2026-05-31,354689860,defillama
stable_fdusd,2026-06-01,354689860,defillama
stable_fdusd,2026-06-02,339689860,defillama
stable_fdusd,2026-06-03,339689860,defillama
stable_fdusd,2026-06-04,339689860,defillama
stable_fdusd,2026-06-05,339689860,defillama
stable_fdusd,2026-06-06,339689860,defillama
stable_fdusd,2026-06-07,339689860,defillama
stable_fdusd,2026-06-08,339689860,defillama
stable_fdusd,2026-06-09,339689860,defillama
stable_fdusd,2026-06-10,339689860,defillama
stable_fdusd,2026-06-11,339689860,defillama
stable_fdusd,2026-06-12,337517620,defillama
stable_fdusd,2026-06-13,337517620,defillama
stable_fdusd,2026-06-14,337517620,defillama
stable_fdusd,2026-06-15,337517620,defillama
stable_fdusd,2026-06-16,352517620,defillama
stable_fdusd,2026-06-17,352517620,defillama
stable_fdusd,2026-06-18,352517620,defillama
stable_fdusd,2026-06-19,352517620,defillama
stable_fdusd,2026-06-20,352517620,defillama
stable_fdusd,2026-06-21,352517620,defillama
stable_fdusd,2026-06-22,352517620,defillama
stable_fdusd,2026-06-23,352517619,defillama
stable_fdusd,2026-06-24,352517619,defillama
stable_fdusd,2026-06-25,350117619,defillama
stable_fdusd,2026-06-26,350117619,defillama
stable_fdusd,2026-06-27,350117619,defillama
stable_fdusd,2026-06-28,350117619,defillama
stable_fdusd,2026-06-29,350117619,defillama
stable_fdusd,2026-06-30,350117619,defillama
stable_fdusd,2026-07-01,350117619,defillama
stable_fdusd,2026-07-02,350117619,defillama
stable_fdusd,2026-07-03,350117619,defillama
stable_fdusd,2026-07-04,350117619,defillama
stable_fdusd,2026-07-05,350117619,defillama
stable_fdusd,2026-07-06,350117619,defillama
stable_fdusd,2026-07-07,348117619,defillama
stable_fdusd,2026-07-08,348117619,defillama
stable_fdusd,2026-07-09,348117619,defillama
stable_fdusd,2026-07-10,348106619,defillama
stable_fdusd,2026-07-11,348156619,defillama
stable_fdusd,2026-07-12,348156619,defillama
stable_fdusd,2026-07-13,348156619,defillama
stable_fdusd,2026-07-14,348156619,defillama
stable_fdusd,2026-07-15,348156619,defillama
stable_fdusd,2026-07-16,348156619,defillama
stable_fdusd,2026-07-17,347156619,defillama
stable_fdusd,2026-07-18,347156619,defillama
stable_fdusd,2026-07-19,347156619,defillama
stable_fdusd,2026-07-20,347156619,defillama
stable_fdusd,2026-07-21,347156619,defillama
stable_fdusd,2026-07-22,347156619,defillama
stable_fdusd,2026-07-23,347156619,defillama
stable_fdusd,2026-07-24,347156619,defillama
stable_fdusd,2026-07-25,347156619,defillama
stable_fdusd,2026-07-26,347156619,defillama
stable_fdusd,2026-07-27,347156619,defillama
stable_fdusd,2026-07-28,347156619,defillama
stable_fdusd,2026-07-29,347156619,defillama
stable_fdusd,2026-07-30,350156619,defillama
stable_fdusd,2026-07-31,350156619,defillama
stable_fdusd,2026-08-01,350156619,defillama
stable_fdusd,2026-08-02,350156619,defillama
stable_fdusd,2026-08-03,350156619,defillama
stable_fdusd,2026-08-04,350156619,defillama
stable_fdusd,2026-08-05,350156619,defillama
stable_fdusd,2026-08-06,351747721,defillama
stable_fdusd,2026-08-07,351747721,defillama
stable_fdusd,2026-08-08,351747721,defillama
stable_fdusd,2026-08-09,351747721,defillama
stable_fdusd,2026-08-10,351747721,defillama
stable_fdusd,2026-08-11,351747721,defillama
stable_fdusd,2026-08-12,351747721,defillama
stable_fdusd,2026-08-13,351747721,defillama
stable_fdusd,2026-08-14,351747721,defillama
stable_fdusd,2026-08-15,351747721,defillama
stable_fdusd,2026-08-16,351747721,defillama
stable_fdusd,2026-08-17,351747721,defillama
stable_fdusd,2026-08-18,351747721,defillama
stable_fdusd,2026-08-19,351923721,defillama
stable_fdusd,2026-08-20,351923721,defillama
stable_fdusd,2026-08-21,351923721,defillama
stable_fdusd,2026-08-22,351923621.35969394,defillama
stable_frax,2020-12-21,30869582,defillama
stable_frax,2020-12-22,30869582,defillama
stable_frax,2020-12-23,27914354,defillama
stable_frax,2020-12-24,25619284,defillama
stable_frax,2020-12-25,24656504,defillama
stable_frax,2020-12-26,24918933,defillama
stable_frax,2020-12-27,24711253,defillama
stable_frax,2020-12-28,24826457,defillama
stable_frax,2020-12-29,27334160,defillama
stable_frax,2020-12-30,32345609,defillama
stable_frax,2020-12-31,56528801,defillama
stable_frax,2021-01-01,57389050,defillama
stable_frax,2021-01-02,71772628,defillama
stable_frax,2021-01-03,78289716,defillama
stable_frax,2021-01-04,78876978,defillama
stable_frax,2021-01-05,76277371,defillama
stable_frax,2021-01-06,77017944,defillama
stable_frax,2021-01-07,78335941,defillama
stable_frax,2021-01-08,76765961,defillama
stable_frax,2021-01-09,79297692,defillama
stable_frax,2021-01-10,81233221,defillama
stable_frax,2021-01-11,90274657,defillama
stable_frax,2021-01-12,92606706,defillama
stable_frax,2021-01-13,96899299,defillama
stable_frax,2021-01-14,100855564,defillama
stable_frax,2021-01-15,105241349,defillama
stable_frax,2021-01-16,110335305,defillama
stable_frax,2021-01-17,119990623,defillama
stable_frax,2021-01-18,123762603,defillama
stable_frax,2021-01-19,129539791,defillama
stable_frax,2021-01-20,134661097,defillama
stable_frax,2021-01-21,135199564,defillama
stable_frax,2021-01-22,125047957,defillama
stable_frax,2021-01-23,119757020,defillama
stable_frax,2021-01-24,102916458,defillama
stable_frax,2021-01-25,105914745,defillama
stable_frax,2021-01-26,105332034,defillama
stable_frax,2021-01-27,97512601,defillama
stable_frax,2021-01-28,87390206,defillama
stable_frax,2021-01-29,84927643,defillama
stable_frax,2021-01-30,85235563,defillama
stable_frax,2021-01-31,83567866,defillama
stable_frax,2021-02-01,85228117,defillama
stable_frax,2021-02-02,83355881,defillama
stable_frax,2021-02-03,82542322,defillama
stable_frax,2021-02-04,82662163,defillama
stable_frax,2021-02-05,79647909,defillama
stable_frax,2021-02-06,79777272,defillama
stable_frax,2021-02-07,78568385,defillama
stable_frax,2021-02-08,79556283,defillama
stable_frax,2021-02-09,79944129,defillama
stable_frax,2021-02-10,81494697,defillama
stable_frax,2021-02-11,81100468,defillama
stable_frax,2021-02-12,81074410,defillama
stable_frax,2021-02-13,81198439,defillama
stable_frax,2021-02-14,82003998,defillama
stable_frax,2021-02-15,81924033,defillama
stable_frax,2021-02-16,82136782,defillama
stable_frax,2021-02-17,82968369,defillama
stable_frax,2021-02-18,82291344,defillama
stable_frax,2021-02-19,92126876,defillama
stable_frax,2021-02-20,92045852,defillama
stable_frax,2021-02-21,93277609,defillama
stable_frax,2021-02-22,92012973,defillama
stable_frax,2021-02-23,89714122,defillama
stable_frax,2021-02-24,84533213,defillama
stable_frax,2021-02-25,82704162,defillama
stable_frax,2021-02-26,80628641,defillama
stable_frax,2021-02-27,80241556,defillama
stable_frax,2021-02-28,81964157,defillama
stable_frax,2021-03-01,81869955,defillama
stable_frax,2021-03-02,84788805,defillama
stable_frax,2021-03-03,84155678,defillama
stable_frax,2021-03-04,84358379,defillama
stable_frax,2021-03-05,85080084,defillama
stable_frax,2021-03-06,84976160,defillama
stable_frax,2021-03-07,84561948,defillama
stable_frax,2021-03-08,86313525,defillama
stable_frax,2021-03-09,86441601,defillama
stable_frax,2021-03-10,89018113,defillama
stable_frax,2021-03-11,88351270,defillama
stable_frax,2021-03-12,90649866,defillama
stable_frax,2021-03-13,96104005,defillama
stable_frax,2021-03-14,103953202,defillama
stable_frax,2021-03-15,109959657,defillama
stable_frax,2021-03-16,111917334,defillama
stable_frax,2021-03-17,111458988,defillama
stable_frax,2021-03-18,111509107,defillama
stable_frax,2021-03-19,110903303,defillama
stable_frax,2021-03-20,110688230,defillama
stable_frax,2021-03-21,110429734,defillama
stable_frax,2021-03-22,110551524,defillama
stable_frax,2021-03-23,108132767,defillama
stable_frax,2021-03-24,107367014,defillama
stable_frax,2021-03-25,107519251,defillama
stable_frax,2021-03-26,103559951,defillama
stable_frax,2021-03-27,105618575,defillama
stable_frax,2021-03-28,105518044,defillama
stable_frax,2021-03-29,106401108,defillama
stable_frax,2021-03-30,108913907,defillama
stable_frax,2021-03-31,110973426,defillama
stable_frax,2021-04-01,112839959,defillama
stable_frax,2021-04-02,112887484,defillama
stable_frax,2021-04-03,116293409,defillama
stable_frax,2021-04-04,114786110,defillama
stable_frax,2021-04-05,115542104,defillama
stable_frax,2021-04-06,115149715,defillama
stable_frax,2021-04-07,115992730,defillama
stable_frax,2021-04-08,115265622,defillama
stable_frax,2021-04-09,115992196,defillama
stable_frax,2021-04-10,115623108,defillama
stable_frax,2021-04-11,116679340,defillama
stable_frax,2021-04-12,116865207,defillama
stable_frax,2021-04-13,116661619,defillama
stable_frax,2021-04-14,117011906,defillama
stable_frax,2021-04-15,115741816,defillama
stable_frax,2021-04-16,115423015,defillama
stable_frax,2021-04-17,115192164,defillama
stable_frax,2021-04-18,114563145,defillama
stable_frax,2021-04-19,114705092,defillama
stable_frax,2021-04-20,113623538,defillama
stable_frax,2021-04-21,114761816,defillama
stable_frax,2021-04-22,114972839,defillama
stable_frax,2021-04-23,117509536,defillama
stable_frax,2021-04-24,116791748,defillama
stable_frax,2021-04-25,114527476,defillama
stable_frax,2021-04-26,116092670,defillama
stable_frax,2021-04-27,115918598,defillama
stable_frax,2021-04-28,116742469,defillama
stable_frax,2021-04-29,118385258,defillama
stable_frax,2021-04-30,119253690,defillama
stable_frax,2021-05-01,120697323,defillama
stable_frax,2021-05-02,122176937,defillama
stable_frax,2021-05-03,126651952,defillama
stable_frax,2021-05-04,132549012,defillama
stable_frax,2021-05-05,130439433,defillama
stable_frax,2021-05-06,131548750,defillama
stable_frax,2021-05-07,132430907,defillama
stable_frax,2021-05-08,133276176,defillama
stable_frax,2021-05-09,133454445,defillama
stable_frax,2021-05-10,135242375,defillama
stable_frax,2021-05-11,134194129,defillama
stable_frax,2021-05-12,140054631,defillama
stable_frax,2021-05-13,141082489,defillama
stable_frax,2021-05-14,137854172,defillama
stable_frax,2021-05-15,133256437,defillama
stable_frax,2021-05-16,131258830,defillama
stable_frax,2021-05-17,128769436,defillama
stable_frax,2021-05-18,125299869,defillama
stable_frax,2021-05-19,123746714,defillama
stable_frax,2021-05-20,120592620,defillama
stable_frax,2021-05-21,120563871,defillama
stable_frax,2021-05-22,119489984,defillama
stable_frax,2021-05-23,117066462,defillama
stable_frax,2021-05-24,111878206,defillama
stable_frax,2021-05-25,112619714,defillama
stable_frax,2021-05-26,111910163,defillama
stable_frax,2021-05-27,112826195,defillama
stable_frax,2021-05-28,111619814,defillama
stable_frax,2021-05-29,112115884,defillama
stable_frax,2021-05-30,114008749,defillama
stable_frax,2021-05-31,115866638,defillama
stable_frax,2021-06-01,117749977,defillama
stable_frax,2021-06-02,119456049,defillama
stable_frax,2021-06-03,120555416,defillama
stable_frax,2021-06-04,122171586,defillama
stable_frax,2021-06-05,121196437,defillama
stable_frax,2021-06-06,121420994,defillama
stable_frax,2021-06-07,121201937,defillama
stable_frax,2021-06-08,120194620,defillama
stable_frax,2021-06-09,117078356,defillama
stable_frax,2021-06-10,117033883,defillama
stable_frax,2021-06-11,116590769,defillama
stable_frax,2021-06-12,115623345,defillama
stable_frax,2021-06-13,116452978,defillama
stable_frax,2021-06-14,116463422,defillama
stable_frax,2021-06-15,117950347,defillama
stable_frax,2021-06-16,117438312,defillama
stable_frax,2021-06-17,116448149,defillama
stable_frax,2021-06-18,117686840,defillama
stable_frax,2021-06-19,118710629,defillama
stable_frax,2021-06-20,123380447,defillama
stable_frax,2021-06-21,131709339,defillama
stable_frax,2021-06-22,140721940,defillama
stable_frax,2021-06-23,128853618,defillama
stable_frax,2021-06-24,132983316,defillama
stable_frax,2021-06-25,133188921,defillama
stable_frax,2021-06-26,139927315,defillama
stable_frax,2021-06-27,142621259,defillama
stable_frax,2021-06-28,145376143,defillama
stable_frax,2021-06-29,161116683,defillama
stable_frax,2021-06-30,181206642,defillama
stable_frax,2021-07-01,182025420,defillama
stable_frax,2021-07-02,191511092,defillama
stable_frax,2021-07-03,198142348,defillama
stable_frax,2021-07-04,212718726,defillama
stable_frax,2021-07-05,212057340,defillama
stable_frax,2021-07-06,211963855,defillama
stable_frax,2021-07-07,218265667,defillama
stable_frax,2021-07-08,216717318,defillama
stable_frax,2021-07-09,224960740,defillama
stable_frax,2021-07-10,230574010,defillama
stable_frax,2021-07-11,230890272,defillama
stable_frax,2021-07-12,229861406,defillama
stable_frax,2021-07-13,230999912,defillama
stable_frax,2021-07-14,230933466,defillama
stable_frax,2021-07-15,230109265,defillama
stable_frax,2021-07-16,233398647,defillama
stable_frax,2021-07-17,232151408,defillama
stable_frax,2021-07-18,236901440,defillama
stable_frax,2021-07-19,237321942,defillama
stable_frax,2021-07-20,238067020,defillama
stable_frax,2021-07-21,242670943,defillama
stable_frax,2021-07-22,243595029,defillama
stable_frax,2021-07-23,243171134,defillama
stable_frax,2021-07-24,243799509,defillama
stable_frax,2021-07-25,243283737,defillama
stable_frax,2021-07-26,246031106,defillama
stable_frax,2021-07-27,244866530,defillama
stable_frax,2021-07-28,245836656,defillama
stable_frax,2021-07-29,252802115,defillama
stable_frax,2021-07-30,253185197,defillama
stable_frax,2021-07-31,258685477,defillama
stable_frax,2021-08-01,259959783,defillama
stable_frax,2021-08-02,258988898,defillama
stable_frax,2021-08-03,259978235,defillama
stable_frax,2021-08-04,260579140,defillama
stable_frax,2021-08-05,260707859,defillama
stable_frax,2021-08-06,260414908,defillama
stable_frax,2021-08-07,260437853,defillama
stable_frax,2021-08-08,260783791,defillama
stable_frax,2021-08-09,259115538,defillama
stable_frax,2021-08-10,260419509,defillama
stable_frax,2021-08-11,259807714,defillama
stable_frax,2021-08-12,259527029,defillama
stable_frax,2021-08-13,260720888,defillama
stable_frax,2021-08-14,261672400,defillama
stable_frax,2021-08-15,256628454,defillama
stable_frax,2021-08-16,271590446,defillama
stable_frax,2021-08-17,272833801,defillama
stable_frax,2021-08-18,278301380,defillama
stable_frax,2021-08-19,278986879,defillama
stable_frax,2021-08-20,282090410,defillama
stable_frax,2021-08-21,287238445,defillama
stable_frax,2021-08-22,298884513,defillama
stable_frax,2021-08-23,302321712,defillama
stable_frax,2021-08-24,307120135,defillama
stable_frax,2021-08-25,307415415,defillama
stable_frax,2021-08-26,307670334,defillama
stable_frax,2021-08-27,310754600,defillama
stable_frax,2021-08-28,310654429,defillama
stable_frax,2021-08-29,311472282,defillama
stable_frax,2021-08-30,311150865,defillama
stable_frax,2021-08-31,310049160,defillama
stable_frax,2021-09-01,311968669,defillama
stable_frax,2021-09-02,316518079,defillama
stable_frax,2021-09-03,313349340,defillama
stable_frax,2021-09-04,313252370,defillama
stable_frax,2021-09-05,315188682,defillama
stable_frax,2021-09-06,313168688,defillama
stable_frax,2021-09-07,317235260,defillama
stable_frax,2021-09-08,315777796,defillama
stable_frax,2021-09-09,316077324,defillama
stable_frax,2021-09-10,317237546,defillama
stable_frax,2021-09-11,316889821,defillama
stable_frax,2021-09-12,315083413,defillama
stable_frax,2021-09-13,316935400,defillama
stable_frax,2021-09-14,323889080,defillama
stable_frax,2021-09-15,323188407,defillama
stable_frax,2021-09-16,325173047,defillama
stable_frax,2021-09-17,329452514,defillama
stable_frax,2021-09-18,329772092,defillama
stable_frax,2021-09-19,337493047,defillama
stable_frax,2021-09-20,342108477,defillama
stable_frax,2021-09-21,335246326,defillama
stable_frax,2021-09-22,334550285,defillama
stable_frax,2021-09-23,340069594,defillama
stable_frax,2021-09-24,339521492,defillama
stable_frax,2021-09-25,341904204,defillama
stable_frax,2021-09-26,341277605,defillama
stable_frax,2021-09-27,341934261,defillama
stable_frax,2021-09-28,335861138,defillama
stable_frax,2021-09-29,346311100,defillama
stable_frax,2021-09-30,352350389,defillama
stable_frax,2021-10-01,350182643,defillama
stable_frax,2021-10-02,351257107,defillama
stable_frax,2021-10-03,347853608,defillama
stable_frax,2021-10-04,352306858,defillama
stable_frax,2021-10-05,352247441,defillama
stable_frax,2021-10-06,352178690,defillama
stable_frax,2021-10-07,368483795,defillama
stable_frax,2021-10-08,371998485,defillama
stable_frax,2021-10-09,383442464,defillama
stable_frax,2021-10-10,394757250,defillama
stable_frax,2021-10-11,393876895,defillama
stable_frax,2021-10-12,396194350,defillama
stable_frax,2021-10-13,404640036,defillama
stable_frax,2021-10-14,407923047,defillama
stable_frax,2021-10-15,423892655,defillama
stable_frax,2021-10-16,423496680,defillama
stable_frax,2021-10-17,443610323,defillama
stable_frax,2021-10-18,451312638,defillama
stable_frax,2021-10-19,450186367,defillama
stable_frax,2021-10-20,464204327,defillama
stable_frax,2021-10-21,465295242,defillama
stable_frax,2021-10-22,480415968,defillama
stable_frax,2021-10-23,477300918,defillama
stable_frax,2021-10-24,497980853,defillama
stable_frax,2021-10-25,494362703,defillama
stable_frax,2021-10-26,505372285,defillama
stable_frax,2021-10-27,522062503,defillama
stable_frax,2021-10-28,540679643,defillama
stable_frax,2021-10-29,553654574,defillama
stable_frax,2021-10-30,592032323,defillama
stable_frax,2021-10-31,608540795,defillama
stable_frax,2021-11-01,605267447,defillama
stable_frax,2021-11-02,621172758,defillama
stable_frax,2021-11-03,628144622,defillama
stable_frax,2021-11-04,648333169,defillama
stable_frax,2021-11-05,656850919,defillama
stable_frax,2021-11-06,659468428,defillama
stable_frax,2021-11-07,679978906,defillama
stable_frax,2021-11-08,682910641,defillama
stable_frax,2021-11-09,733686621,defillama
stable_frax,2021-11-10,821401545,defillama
stable_frax,2021-11-11,839166784,defillama
stable_frax,2021-11-12,851124607,defillama
stable_frax,2021-11-13,900275773,defillama
stable_frax,2021-11-14,947821382,defillama
stable_frax,2021-11-15,950984284,defillama
stable_frax,2021-11-16,971357708,defillama
stable_frax,2021-11-17,997474397,defillama
stable_frax,2021-11-18,997856219,defillama
stable_frax,2021-11-19,1023451654,defillama
stable_frax,2021-11-20,1060986963,defillama
stable_frax,2021-11-21,1092749946,defillama
stable_frax,2021-11-22,1100411861,defillama
stable_frax,2021-11-23,1121427262,defillama
stable_frax,2021-11-24,1136634147,defillama
stable_frax,2021-11-25,1137805665,defillama
stable_frax,2021-11-26,1142070886,defillama
stable_frax,2021-11-27,1127907113,defillama
stable_frax,2021-11-28,1154641138,defillama
stable_frax,2021-11-29,1203069212,defillama
stable_frax,2021-11-30,1218031971,defillama
stable_frax,2021-12-01,1229042713,defillama
stable_frax,2021-12-02,1248504713,defillama
stable_frax,2021-12-03,1253104895,defillama
stable_frax,2021-12-04,1260437334,defillama
stable_frax,2021-12-05,1256693566,defillama
stable_frax,2021-12-06,1262298737,defillama
stable_frax,2021-12-07,1290794248,defillama
stable_frax,2021-12-08,1349672580,defillama
stable_frax,2021-12-09,1374271206,defillama
stable_frax,2021-12-10,1426657277,defillama
stable_frax,2021-12-11,1417503855,defillama
stable_frax,2021-12-12,1436589635,defillama
stable_frax,2021-12-13,1466781184,defillama
stable_frax,2021-12-14,1485756753,defillama
stable_frax,2021-12-15,1488977346,defillama
stable_frax,2021-12-16,1486063162,defillama
stable_frax,2021-12-17,1479785955,defillama
stable_frax,2021-12-18,1486690937,defillama
stable_frax,2021-12-19,1507227237,defillama
stable_frax,2021-12-20,1510761615,defillama
stable_frax,2021-12-21,1518390282,defillama
stable_frax,2021-12-22,1516939018,defillama
stable_frax,2021-12-23,1539821006,defillama
stable_frax,2021-12-24,1613748387,defillama
stable_frax,2021-12-25,1621135016,defillama
stable_frax,2021-12-26,1621146229,defillama
stable_frax,2021-12-27,1627273417,defillama
stable_frax,2021-12-28,1613753860,defillama
stable_frax,2021-12-29,1675551288,defillama
stable_frax,2021-12-30,1738003392,defillama
stable_frax,2021-12-31,1769768653,defillama
stable_frax,2022-01-01,1812050600,defillama
stable_frax,2022-01-02,1832826729,defillama
stable_frax,2022-01-03,1867007114,defillama
stable_frax,2022-01-04,1900565770,defillama
stable_frax,2022-01-05,1947057934,defillama
stable_frax,2022-01-06,1933685676,defillama
stable_frax,2022-01-07,1933321375,defillama
stable_frax,2022-01-08,1931540732,defillama
stable_frax,2022-01-09,1919668588,defillama
stable_frax,2022-01-10,1922085616,defillama
stable_frax,2022-01-11,2021057559,defillama
stable_frax,2022-01-12,2094948052,defillama
stable_frax,2022-01-13,2093556971,defillama
stable_frax,2022-01-14,2117560700,defillama
stable_frax,2022-01-15,2105483211,defillama
stable_frax,2022-01-16,2168544540,defillama
stable_frax,2022-01-17,2175366519,defillama
stable_frax,2022-01-18,2226496054,defillama
stable_frax,2022-01-19,2232309146,defillama
stable_frax,2022-01-20,2408301935,defillama
stable_frax,2022-01-21,2649180733,defillama
stable_frax,2022-01-22,2643893400,defillama
stable_frax,2022-01-23,2588094910,defillama
stable_frax,2022-01-24,2655498190,defillama
stable_frax,2022-01-25,2650487215,defillama
stable_frax,2022-01-26,2641741789,defillama
stable_frax,2022-01-27,2638428645,defillama
stable_frax,2022-01-28,2649326085,defillama
stable_frax,2022-01-29,2634186936,defillama
stable_frax,2022-01-30,2639673377,defillama
stable_frax,2022-01-31,2646560817,defillama
stable_frax,2022-02-01,2641439437,defillama
stable_frax,2022-02-02,2653710654,defillama
stable_frax,2022-02-03,2634595187,defillama
stable_frax,2022-02-04,2655124281,defillama
stable_frax,2022-02-05,2644039980,defillama
stable_frax,2022-02-06,2659442833,defillama
stable_frax,2022-02-07,2658162367,defillama
stable_frax,2022-02-08,2639062527,defillama
stable_frax,2022-02-09,2658683405,defillama
stable_frax,2022-02-10,2649126715,defillama
stable_frax,2022-02-11,2642022956,defillama
stable_frax,2022-02-12,2654269060,defillama
stable_frax,2022-02-13,2654033732,defillama
stable_frax,2022-02-14,2654538026,defillama
stable_frax,2022-02-15,2655244959,defillama
stable_frax,2022-02-16,2662890958,defillama
stable_frax,2022-02-17,2647291437,defillama
stable_frax,2022-02-18,2653714320,defillama
stable_frax,2022-02-19,2661037759,defillama
stable_frax,2022-02-20,2657757365,defillama
stable_frax,2022-02-21,2656887107,defillama
stable_frax,2022-02-22,2648273765,defillama
stable_frax,2022-02-23,2664065457,defillama
stable_frax,2022-02-24,2654383616,defillama
stable_frax,2022-02-25,2658337901,defillama
stable_frax,2022-02-26,2798110199,defillama
stable_frax,2022-02-27,2807564947,defillama
stable_frax,2022-02-28,2861508206,defillama
stable_frax,2022-03-01,2860174081,defillama
stable_frax,2022-03-02,2851273729,defillama
stable_frax,2022-03-03,2898464905,defillama
stable_frax,2022-03-04,2904666536,defillama
stable_frax,2022-03-05,2903224550,defillama
stable_frax,2022-03-06,2906076948,defillama
stable_frax,2022-03-07,2901906626,defillama
stable_frax,2022-03-08,2903046359,defillama
stable_frax,2022-03-09,2902550869,defillama
stable_frax,2022-03-10,2903728674,defillama
stable_frax,2022-03-11,2902159579,defillama
stable_frax,2022-03-12,2900371549,defillama
stable_frax,2022-03-13,2907207255,defillama
stable_frax,2022-03-14,2898278194,defillama
stable_frax,2022-03-15,2914273111,defillama
stable_frax,2022-03-16,2873702897,defillama
stable_frax,2022-03-17,2879286361,defillama
stable_frax,2022-03-18,2868198198,defillama
stable_frax,2022-03-19,2827507876,defillama
stable_frax,2022-03-20,2809256924,defillama
stable_frax,2022-03-21,2806888827,defillama
stable_frax,2022-03-22,2809301366,defillama
stable_frax,2022-03-23,2786499107,defillama
stable_frax,2022-03-24,2789442694,defillama
stable_frax,2022-03-25,2784873023,defillama
stable_frax,2022-03-26,2790375574,defillama
stable_frax,2022-03-27,2793036230,defillama
stable_frax,2022-03-28,2785776191,defillama
stable_frax,2022-03-29,2685845540,defillama
stable_frax,2022-03-30,2688862042,defillama
stable_frax,2022-03-31,2693292526,defillama
stable_frax,2022-04-01,2681511843,defillama
stable_frax,2022-04-02,2695361787,defillama
stable_frax,2022-04-03,2686407352,defillama
stable_frax,2022-04-04,2684707494,defillama
stable_frax,2022-04-05,2787637031,defillama
stable_frax,2022-04-06,2786874882,defillama
stable_frax,2022-04-07,2677876338,defillama
stable_frax,2022-04-08,2692194037,defillama
stable_frax,2022-04-09,2684722218,defillama
stable_frax,2022-04-10,2691619228,defillama
stable_frax,2022-04-11,2684341850,defillama
stable_frax,2022-04-12,2697148908,defillama
stable_frax,2022-04-13,2704895604,defillama
stable_frax,2022-04-14,2698765240,defillama
stable_frax,2022-04-15,2700498765,defillama
stable_frax,2022-04-16,2702083195,defillama
stable_frax,2022-04-17,2700957016,defillama
stable_frax,2022-04-18,2694944278,defillama
stable_frax,2022-04-19,2699700789,defillama
stable_frax,2022-04-20,2696978256,defillama
stable_frax,2022-04-21,2696744938,defillama
stable_frax,2022-04-22,2697385795,defillama
stable_frax,2022-04-23,2702137950,defillama
stable_frax,2022-04-24,2695316000,defillama
stable_frax,2022-04-25,2690787639,defillama
stable_frax,2022-04-26,2693824357,defillama
stable_frax,2022-04-27,2694480870,defillama
stable_frax,2022-04-28,2696157994,defillama
stable_frax,2022-04-29,2692945230,defillama
stable_frax,2022-04-30,2698787477,defillama
stable_frax,2022-05-01,2702884757,defillama
stable_frax,2022-05-02,2637932941,defillama
stable_frax,2022-05-03,2635455569,defillama
stable_frax,2022-05-04,2635708852,defillama
stable_frax,2022-05-05,2635435777,defillama
stable_frax,2022-05-06,2640027929,defillama
stable_frax,2022-05-07,2642921359,defillama
stable_frax,2022-05-08,2645982431,defillama
stable_frax,2022-05-09,2636365039,defillama
stable_frax,2022-05-10,2646149160,defillama
stable_frax,2022-05-11,2599896582,defillama
stable_frax,2022-05-12,1993564333,defillama
stable_frax,2022-05-13,1705706683,defillama
stable_frax,2022-05-14,1501083254,defillama
stable_frax,2022-05-15,1484813940,defillama
stable_frax,2022-05-16,1484813940,defillama
stable_frax,2022-05-17,1497368940,defillama
stable_frax,2022-05-18,1485181323,defillama
stable_frax,2022-05-19,1435181323,defillama
stable_frax,2022-05-20,1419810672,defillama
stable_frax,2022-05-21,1419810672,defillama
stable_frax,2022-05-22,1419810672,defillama
stable_frax,2022-05-23,1412383372,defillama
stable_frax,2022-05-24,1412383372,defillama
stable_frax,2022-05-25,1412383372,defillama
stable_frax,2022-05-26,1417383372,defillama
stable_frax,2022-05-27,1417292622,defillama
stable_frax,2022-05-28,1417292622,defillama
stable_frax,2022-05-29,1426192622,defillama
stable_frax,2022-05-30,1426192622,defillama
stable_frax,2022-05-31,1426192622,defillama
stable_frax,2022-06-01,1426192622,defillama
stable_frax,2022-06-02,1427192622,defillama
stable_frax,2022-06-03,1427192622,defillama
stable_frax,2022-06-04,1477192622,defillama
stable_frax,2022-06-05,1477192622,defillama
stable_frax,2022-06-06,1477192622,defillama
stable_frax,2022-06-07,1477192622,defillama
stable_frax,2022-06-08,1497192622,defillama
stable_frax,2022-06-09,1493193622,defillama
stable_frax,2022-06-10,1492056122,defillama
stable_frax,2022-06-11,1512056122,defillama
stable_frax,2022-06-12,1512056122,defillama
stable_frax,2022-06-13,1511806122,defillama
stable_frax,2022-06-14,1511806122,defillama
stable_frax,2022-06-15,1511806122,defillama
stable_frax,2022-06-16,1462410176,defillama
stable_frax,2022-06-17,1461590176,defillama
stable_frax,2022-06-18,1461590176,defillama
stable_frax,2022-06-19,1427314189,defillama
stable_frax,2022-06-20,1427314189,defillama
stable_frax,2022-06-21,1426714189,defillama
stable_frax,2022-06-22,1426714189,defillama
stable_frax,2022-06-23,1426914189,defillama
stable_frax,2022-06-24,1426914189,defillama
stable_frax,2022-06-25,1396914189,defillama
stable_frax,2022-06-26,1396914189,defillama
stable_frax,2022-06-27,1396914189,defillama
stable_frax,2022-06-28,1366914189,defillama
stable_frax,2022-06-29,1366914189,defillama
stable_frax,2022-06-30,1366914189,defillama
stable_frax,2022-07-01,1366587439,defillama
stable_frax,2022-07-02,1366587439,defillama
stable_frax,2022-07-03,1366587439,defillama
stable_frax,2022-07-04,1366587439,defillama
stable_frax,2022-07-05,1366324118,defillama
stable_frax,2022-07-06,1366324118,defillama
stable_frax,2022-07-07,1366324118,defillama
stable_frax,2022-07-08,1366324118,defillama
stable_frax,2022-07-09,1366324118,defillama
stable_frax,2022-07-10,1366324118,defillama
stable_frax,2022-07-11,1366058927,defillama
stable_frax,2022-07-12,1366058927,defillama
stable_frax,2022-07-13,1366058927,defillama
stable_frax,2022-07-14,1366058927,defillama
stable_frax,2022-07-15,1366058927,defillama
stable_frax,2022-07-16,1366058927,defillama
stable_frax,2022-07-17,1366058927,defillama
stable_frax,2022-07-18,1366058927,defillama
stable_frax,2022-07-19,1366058927,defillama
stable_frax,2022-07-20,1386058927,defillama
stable_frax,2022-07-21,1406058927,defillama
stable_frax,2022-07-22,1406058927,defillama
stable_frax,2022-07-23,1406058927,defillama
stable_frax,2022-07-24,1406058927,defillama
stable_frax,2022-07-25,1406058927,defillama
stable_frax,2022-07-26,1406058927,defillama
stable_frax,2022-07-27,1406058927,defillama
stable_frax,2022-07-28,1406058927,defillama
stable_frax,2022-07-29,1426058927,defillama
stable_frax,2022-07-30,1446058927,defillama
stable_frax,2022-07-31,1466058927,defillama
stable_frax,2022-08-01,1466058927,defillama
stable_frax,2022-08-02,1466058927,defillama
stable_frax,2022-08-03,1466058927,defillama
stable_frax,2022-08-04,1425995664,defillama
stable_frax,2022-08-05,1425995664,defillama
stable_frax,2022-08-06,1425995664,defillama
stable_frax,2022-08-07,1425995664,defillama
stable_frax,2022-08-08,1425995664,defillama
stable_frax,2022-08-09,1425995664,defillama
stable_frax,2022-08-10,1421695664,defillama
stable_frax,2022-08-11,1421695664,defillama
stable_frax,2022-08-12,1421695664,defillama
stable_frax,2022-08-13,1431695664,defillama
stable_frax,2022-08-14,1431695664,defillama
stable_frax,2022-08-15,1431695664,defillama
stable_frax,2022-08-16,1431695664,defillama
stable_frax,2022-08-17,1431695664,defillama
stable_frax,2022-08-18,1446695664,defillama
stable_frax,2022-08-19,1446695664,defillama
stable_frax,2022-08-20,1446695664,defillama
stable_frax,2022-08-21,1446695664,defillama
stable_frax,2022-08-22,1446695664,defillama
stable_frax,2022-08-23,1448771031,defillama
stable_frax,2022-08-24,1448771031,defillama
stable_frax,2022-08-25,1448771031,defillama
stable_frax,2022-08-26,1448771031,defillama
stable_frax,2022-08-27,1448771031,defillama
stable_frax,2022-08-28,1498771031,defillama
stable_frax,2022-08-29,1498771031,defillama
stable_frax,2022-08-30,1498771031,defillama
stable_frax,2022-08-31,1498771031,defillama
stable_frax,2022-09-01,1498771031,defillama
stable_frax,2022-09-02,1491128187,defillama
stable_frax,2022-09-03,1491128187,defillama
stable_frax,2022-09-04,1491128187,defillama
stable_frax,2022-09-05,1491128187,defillama
stable_frax,2022-09-06,1484779698,defillama
stable_frax,2022-09-07,1484779698,defillama
stable_frax,2022-09-08,1484779698,defillama
stable_frax,2022-09-09,1484779698,defillama
stable_frax,2022-09-10,1468020528,defillama
stable_frax,2022-09-11,1468020528,defillama
stable_frax,2022-09-12,1468020528,defillama
stable_frax,2022-09-13,1468020528,defillama
stable_frax,2022-09-14,1468020528,defillama
stable_frax,2022-09-15,1422748540,defillama
stable_frax,2022-09-16,1422748540,defillama
stable_frax,2022-09-17,1422748540,defillama
stable_frax,2022-09-18,1422748540,defillama
stable_frax,2022-09-19,1421721790,defillama
stable_frax,2022-09-20,1361215653,defillama
stable_frax,2022-09-21,1361215653,defillama
stable_frax,2022-09-22,1361215653,defillama
stable_frax,2022-09-23,1355965653,defillama
stable_frax,2022-09-24,1355965653,defillama
stable_frax,2022-09-25,1355965653,defillama
stable_frax,2022-09-26,1355965653,defillama
stable_frax,2022-09-27,1355965653,defillama
stable_frax,2022-09-28,1355965653,defillama
stable_frax,2022-09-29,1356065653,defillama
stable_frax,2022-09-30,1356065653,defillama
stable_frax,2022-10-01,1356065653,defillama
stable_frax,2022-10-02,1356065653,defillama
stable_frax,2022-10-03,1358065653,defillama
stable_frax,2022-10-04,1358065653,defillama
stable_frax,2022-10-05,1358065653,defillama
stable_frax,2022-10-06,1358065653,defillama
stable_frax,2022-10-07,1356658793,defillama
stable_frax,2022-10-08,1360658793,defillama
stable_frax,2022-10-09,1360658793,defillama
stable_frax,2022-10-10,1360658793,defillama
stable_frax,2022-10-11,1360608793,defillama
stable_frax,2022-10-12,1360608793,defillama
stable_frax,2022-10-13,1360608793,defillama
stable_frax,2022-10-14,1360608793,defillama
stable_frax,2022-10-15,1360608793,defillama
stable_frax,2022-10-16,1360608793,defillama
stable_frax,2022-10-17,1360608793,defillama
stable_frax,2022-10-18,1363108793,defillama
stable_frax,2022-10-19,1363108793,defillama
stable_frax,2022-10-20,1363108793,defillama
stable_frax,2022-10-21,1363108793,defillama
stable_frax,2022-10-22,1365108793,defillama
stable_frax,2022-10-23,1365108793,defillama
stable_frax,2022-10-24,1366108793,defillama
stable_frax,2022-10-25,1215821863,defillama
stable_frax,2022-10-26,1215821863,defillama
stable_frax,2022-10-27,1215821863,defillama
stable_frax,2022-10-28,1215821863,defillama
stable_frax,2022-10-29,1215821863,defillama
stable_frax,2022-10-30,1215821863,defillama
stable_frax,2022-10-31,1216821863,defillama
stable_frax,2022-11-01,1216821863,defillama
stable_frax,2022-11-02,1211933898,defillama
stable_frax,2022-11-03,1211933898,defillama
stable_frax,2022-11-04,1211933898,defillama
stable_frax,2022-11-05,1220433898,defillama
stable_frax,2022-11-06,1224333898,defillama
stable_frax,2022-11-07,1224333898,defillama
stable_frax,2022-11-08,1224333898,defillama
stable_frax,2022-11-09,1224333898,defillama
stable_frax,2022-11-10,1222333898,defillama
stable_frax,2022-11-11,1222333898,defillama
stable_frax,2022-11-12,1222333898,defillama
stable_frax,2022-11-13,1222333898,defillama
stable_frax,2022-11-14,1179152394,defillama
stable_frax,2022-11-15,1177827327,defillama
stable_frax,2022-11-16,1177827327,defillama
stable_frax,2022-11-17,1177827327,defillama
stable_frax,2022-11-18,1177827327,defillama
stable_frax,2022-11-19,1177827327,defillama
stable_frax,2022-11-20,1177827327,defillama
stable_frax,2022-11-21,1177827327,defillama
stable_frax,2022-11-22,1177827327,defillama
stable_frax,2022-11-23,1177827327,defillama
stable_frax,2022-11-24,1177827327,defillama
stable_frax,2022-11-25,1177827327,defillama
stable_frax,2022-11-26,1177827327,defillama
stable_frax,2022-11-27,1177827327,defillama
stable_frax,2022-11-28,1177827327,defillama
stable_frax,2022-11-29,1027827327,defillama
stable_frax,2022-11-30,1021827327,defillama
stable_frax,2022-12-01,1018227133,defillama
stable_frax,2022-12-02,1018227133,defillama
stable_frax,2022-12-03,1018227133,defillama
stable_frax,2022-12-04,1018227133,defillama
stable_frax,2022-12-05,1018227133,defillama
stable_frax,2022-12-06,1018027133,defillama
stable_frax,2022-12-07,1018027133,defillama
stable_frax,2022-12-08,1023027133,defillama
stable_frax,2022-12-09,1023027133,defillama
stable_frax,2022-12-10,1023027133,defillama
stable_frax,2022-12-11,1023027133,defillama
stable_frax,2022-12-12,1023027133,defillama
stable_frax,2022-12-13,1023027133,defillama
stable_frax,2022-12-14,1023027133,defillama
stable_frax,2022-12-15,1023027133,defillama
stable_frax,2022-12-16,1023027133,defillama
stable_frax,2022-12-17,1023027133,defillama
stable_frax,2022-12-18,1023027133,defillama
stable_frax,2022-12-19,1023027133,defillama
stable_frax,2022-12-20,1023027133,defillama
stable_frax,2022-12-21,1023027133,defillama
stable_frax,2022-12-22,1022743133,defillama
stable_frax,2022-12-23,1022743133,defillama
stable_frax,2022-12-24,1018393133,defillama
stable_frax,2022-12-25,1018393133,defillama
stable_frax,2022-12-26,1018393133,defillama
stable_frax,2022-12-27,1018393133,defillama
stable_frax,2022-12-28,1018393133,defillama
stable_frax,2022-12-29,1018393133,defillama
stable_frax,2022-12-30,1018393133,defillama
stable_frax,2022-12-31,1018393133,defillama
stable_frax,2023-01-01,1018393133,defillama
stable_frax,2023-01-02,1018393133,defillama
stable_frax,2023-01-03,1018393133,defillama
stable_frax,2023-01-04,1018393133,defillama
stable_frax,2023-01-05,1018393133,defillama
stable_frax,2023-01-06,1018393133,defillama
stable_frax,2023-01-07,1018393133,defillama
stable_frax,2023-01-08,1018393133,defillama
stable_frax,2023-01-09,1018393133,defillama
stable_frax,2023-01-10,1018393133,defillama
stable_frax,2023-01-11,1018393133,defillama
stable_frax,2023-01-12,1018393133,defillama
stable_frax,2023-01-13,1018393133,defillama
stable_frax,2023-01-14,1018393133,defillama
stable_frax,2023-01-15,1018393133,defillama
stable_frax,2023-01-16,1018393133,defillama
stable_frax,2023-01-17,1018393133,defillama
stable_frax,2023-01-18,1018393133,defillama
stable_frax,2023-01-19,1018393133,defillama
stable_frax,2023-01-20,1018393133,defillama
stable_frax,2023-01-21,1018393133,defillama
stable_frax,2023-01-22,1018393133,defillama
stable_frax,2023-01-23,1018393133,defillama
stable_frax,2023-01-24,1018393133,defillama
stable_frax,2023-01-25,1018393133,defillama
stable_frax,2023-01-26,1018393133,defillama
stable_frax,2023-01-27,1018393133,defillama
stable_frax,2023-01-28,1018393133,defillama
stable_frax,2023-01-29,1018393133,defillama
stable_frax,2023-01-30,1018393133,defillama
stable_frax,2023-01-31,1023393133,defillama
stable_frax,2023-02-01,1023393133,defillama
stable_frax,2023-02-02,1023393133,defillama
stable_frax,2023-02-03,1023393133,defillama
stable_frax,2023-02-04,1023393133,defillama
stable_frax,2023-02-05,1023393133,defillama
stable_frax,2023-02-06,1023393133,defillama
stable_frax,2023-02-07,1023353133,defillama
stable_frax,2023-02-08,1023353133,defillama
stable_frax,2023-02-09,1023353133,defillama
stable_frax,2023-02-10,1024353133,defillama
stable_frax,2023-02-11,1024353133,defillama
stable_frax,2023-02-12,1024353133,defillama
stable_frax,2023-02-13,1024353133,defillama
stable_frax,2023-02-14,1024353133,defillama
stable_frax,2023-02-15,1024353133,defillama
stable_frax,2023-02-16,1029353133,defillama
stable_frax,2023-02-17,1033353133,defillama
stable_frax,2023-02-18,1033353133,defillama
stable_frax,2023-02-19,1033353133,defillama
stable_frax,2023-02-20,1033353133,defillama
stable_frax,2023-02-21,1033353133,defillama
stable_frax,2023-02-22,1033353133,defillama
stable_frax,2023-02-23,1033353133,defillama
stable_frax,2023-02-24,1033353133,defillama
stable_frax,2023-02-25,1039853133,defillama
stable_frax,2023-02-26,1039853133,defillama
stable_frax,2023-02-27,1039853133,defillama
stable_frax,2023-02-28,1039853133,defillama
stable_frax,2023-03-01,1039853133,defillama
stable_frax,2023-03-02,1039853133,defillama
stable_frax,2023-03-03,1039853133,defillama
stable_frax,2023-03-04,1039853133,defillama
stable_frax,2023-03-05,1039853133,defillama
stable_frax,2023-03-06,1039853133,defillama
stable_frax,2023-03-07,1039853133,defillama
stable_frax,2023-03-08,1039853133,defillama
stable_frax,2023-03-09,1044853133,defillama
stable_frax,2023-03-10,1044853133,defillama
stable_frax,2023-03-11,1044853133,defillama
stable_frax,2023-03-12,1044853133,defillama
stable_frax,2023-03-13,1044853133,defillama
stable_frax,2023-03-14,1044853133,defillama
stable_frax,2023-03-15,1044853133,defillama
stable_frax,2023-03-16,1044853133,defillama
stable_frax,2023-03-17,1044853133,defillama
stable_frax,2023-03-18,1044853133,defillama
stable_frax,2023-03-19,1044853133,defillama
stable_frax,2023-03-20,1044853133,defillama
stable_frax,2023-03-21,1044853133,defillama
stable_frax,2023-03-22,1044853133,defillama
stable_frax,2023-03-23,1044853133,defillama
stable_frax,2023-03-24,1044853133,defillama
stable_frax,2023-03-25,1044853133,defillama
stable_frax,2023-03-26,1044853133,defillama
stable_frax,2023-03-27,1044853133,defillama
stable_frax,2023-03-28,1044853133,defillama
stable_frax,2023-03-29,1044853133,defillama
stable_frax,2023-03-30,1044853133,defillama
stable_frax,2023-03-31,1044853133,defillama
stable_frax,2023-04-01,1044853133,defillama
stable_frax,2023-04-02,1044853133,defillama
stable_frax,2023-04-03,1044853133,defillama
stable_frax,2023-04-04,1044853133,defillama
stable_frax,2023-04-05,1044853133,defillama
stable_frax,2023-04-06,1044853133,defillama
stable_frax,2023-04-07,1044853133,defillama
stable_frax,2023-04-08,1044853133,defillama
stable_frax,2023-04-09,1044853133,defillama
stable_frax,2023-04-10,1044853133,defillama
stable_frax,2023-04-11,1044853133,defillama
stable_frax,2023-04-12,1044853133,defillama
stable_frax,2023-04-13,1044853133,defillama
stable_frax,2023-04-14,1044853133,defillama
stable_frax,2023-04-15,1044853133,defillama
stable_frax,2023-04-16,1044853133,defillama
stable_frax,2023-04-17,1044853133,defillama
stable_frax,2023-04-18,1039141409,defillama
stable_frax,2023-04-19,1039141409,defillama
stable_frax,2023-04-20,1039141409,defillama
stable_frax,2023-04-21,1039141409,defillama
stable_frax,2023-04-22,1039141409,defillama
stable_frax,2023-04-23,1039141409,defillama
stable_frax,2023-04-24,1039141409,defillama
stable_frax,2023-04-25,1039141409,defillama
stable_frax,2023-04-26,1004141409,defillama
stable_frax,2023-04-27,1004141409,defillama
stable_frax,2023-04-28,1004141409,defillama
stable_frax,2023-04-29,1004141409,defillama
stable_frax,2023-04-30,1004141409,defillama
stable_frax,2023-05-01,1004141409,defillama
stable_frax,2023-05-02,1004141409,defillama
stable_frax,2023-05-03,1004141409,defillama
stable_frax,2023-05-04,1004141409,defillama
stable_frax,2023-05-05,1004141409,defillama
stable_frax,2023-05-06,1004141409,defillama
stable_frax,2023-05-07,1004141409,defillama
stable_frax,2023-05-08,1004141409,defillama
stable_frax,2023-05-09,1004141409,defillama
stable_frax,2023-05-10,1004141409,defillama
stable_frax,2023-05-11,1004141409,defillama
stable_frax,2023-05-12,1004141409,defillama
stable_frax,2023-05-13,1004141409,defillama
stable_frax,2023-05-14,1004141409,defillama
stable_frax,2023-05-15,1004141409,defillama
stable_frax,2023-05-16,1004141409,defillama
stable_frax,2023-05-17,1004141409,defillama
stable_frax,2023-05-18,1004141409,defillama
stable_frax,2023-05-19,1004141409,defillama
stable_frax,2023-05-20,1004141409,defillama
stable_frax,2023-05-21,1004141409,defillama
stable_frax,2023-05-22,1004141409,defillama
stable_frax,2023-05-23,1004141409,defillama
stable_frax,2023-05-24,1004141409,defillama
stable_frax,2023-05-25,1004141409,defillama
stable_frax,2023-05-26,1004141409,defillama
stable_frax,2023-05-27,1004141409,defillama
stable_frax,2023-05-28,1004141409,defillama
stable_frax,2023-05-29,1004141409,defillama
stable_frax,2023-05-30,1004141409,defillama
stable_frax,2023-05-31,1004141409,defillama
stable_frax,2023-06-01,1004141409,defillama
stable_frax,2023-06-02,1004141409,defillama
stable_frax,2023-06-03,1004141409,defillama
stable_frax,2023-06-04,1004141409,defillama
stable_frax,2023-06-05,1004141409,defillama
stable_frax,2023-06-06,1004141409,defillama
stable_frax,2023-06-07,1004141409,defillama
stable_frax,2023-06-08,1004141409,defillama
stable_frax,2023-06-09,1004141409,defillama
stable_frax,2023-06-10,1004141409,defillama
stable_frax,2023-06-11,1004141409,defillama
stable_frax,2023-06-12,1004141409,defillama
stable_frax,2023-06-13,1004141409,defillama
stable_frax,2023-06-14,1004141409,defillama
stable_frax,2023-06-15,1004141409,defillama
stable_frax,2023-06-16,1004141409,defillama
stable_frax,2023-06-17,1004141409,defillama
stable_frax,2023-06-18,1004141409,defillama
stable_frax,2023-06-19,1004141409,defillama
stable_frax,2023-06-20,1004141409,defillama
stable_frax,2023-06-21,1004141409,defillama
stable_frax,2023-06-22,1004141409,defillama
stable_frax,2023-06-23,1004141409,defillama
stable_frax,2023-06-24,1004141409,defillama
stable_frax,2023-06-25,1004141409,defillama
stable_frax,2023-06-26,1004141409,defillama
stable_frax,2023-06-27,1004141409,defillama
stable_frax,2023-06-28,1004141409,defillama
stable_frax,2023-06-29,1004141409,defillama
stable_frax,2023-06-30,1004141409,defillama
stable_frax,2023-07-01,1004141409,defillama
stable_frax,2023-07-02,1004141409,defillama
stable_frax,2023-07-03,1004141409,defillama
stable_frax,2023-07-04,1004141409,defillama
stable_frax,2023-07-05,1004141409,defillama
stable_frax,2023-07-06,1004141409,defillama
stable_frax,2023-07-07,1004141409,defillama
stable_frax,2023-07-08,1004141409,defillama
stable_frax,2023-07-09,1004141409,defillama
stable_frax,2023-07-10,1004141409,defillama
stable_frax,2023-07-11,1004141409,defillama
stable_frax,2023-07-12,1004141409,defillama
stable_frax,2023-07-13,1004141409,defillama
stable_frax,2023-07-14,1004141409,defillama
stable_frax,2023-07-15,1004141409,defillama
stable_frax,2023-07-16,1004141409,defillama
stable_frax,2023-07-17,1004141409,defillama
stable_frax,2023-07-18,1004141409,defillama
stable_frax,2023-07-19,1004141409,defillama
stable_frax,2023-07-20,1004141409,defillama
stable_frax,2023-07-21,1004141409,defillama
stable_frax,2023-07-22,1004141409,defillama
stable_frax,2023-07-23,922641409,defillama
stable_frax,2023-07-24,912641409,defillama
stable_frax,2023-07-25,912641409,defillama
stable_frax,2023-07-26,912641409,defillama
stable_frax,2023-07-27,912641409,defillama
stable_frax,2023-07-28,912641409,defillama
stable_frax,2023-07-29,912641409,defillama
stable_frax,2023-07-30,912641409,defillama
stable_frax,2023-07-31,812641409,defillama
stable_frax,2023-08-01,812641409,defillama
stable_frax,2023-08-02,812641409,defillama
stable_frax,2023-08-03,812641409,defillama
stable_frax,2023-08-04,812641409,defillama
stable_frax,2023-08-05,812641409,defillama
stable_frax,2023-08-06,812641409,defillama
stable_frax,2023-08-07,812641409,defillama
stable_frax,2023-08-08,812641409,defillama
stable_frax,2023-08-09,812641409,defillama
stable_frax,2023-08-10,812641409,defillama
stable_frax,2023-08-11,812641409,defillama
stable_frax,2023-08-12,812641409,defillama
stable_frax,2023-08-13,812641409,defillama
stable_frax,2023-08-14,812641409,defillama
stable_frax,2023-08-15,812641409,defillama
stable_frax,2023-08-16,812641409,defillama
stable_frax,2023-08-17,806724883,defillama
stable_frax,2023-08-18,806724883,defillama
stable_frax,2023-08-19,806723781,defillama
stable_frax,2023-08-20,806723781,defillama
stable_frax,2023-08-21,806723781,defillama
stable_frax,2023-08-22,806723781,defillama
stable_frax,2023-08-23,806723781,defillama
stable_frax,2023-08-24,806723781,defillama
stable_frax,2023-08-25,806723781,defillama
stable_frax,2023-08-26,806723781,defillama
stable_frax,2023-08-27,806723781,defillama
stable_frax,2023-08-28,806723781,defillama
stable_frax,2023-08-29,806723781,defillama
stable_frax,2023-08-30,806723781,defillama
stable_frax,2023-08-31,806723781,defillama
stable_frax,2023-09-01,806723781,defillama
stable_frax,2023-09-02,806723781,defillama
stable_frax,2023-09-03,806723781,defillama
stable_frax,2023-09-04,806723781,defillama
stable_frax,2023-09-05,746723781,defillama
stable_frax,2023-09-06,746723781,defillama
stable_frax,2023-09-07,671723781,defillama
stable_frax,2023-09-08,671723781,defillama
stable_frax,2023-09-09,671723781,defillama
stable_frax,2023-09-10,671723781,defillama
stable_frax,2023-09-11,671723781,defillama
stable_frax,2023-09-12,671723781,defillama
stable_frax,2023-09-13,671723781,defillama
stable_frax,2023-09-14,671723781,defillama
stable_frax,2023-09-15,671723781,defillama
stable_frax,2023-09-16,671723781,defillama
stable_frax,2023-09-17,671723781,defillama
stable_frax,2023-09-18,671723781,defillama
stable_frax,2023-09-19,671723781,defillama
stable_frax,2023-09-20,671723781,defillama
stable_frax,2023-09-21,671723781,defillama
stable_frax,2023-09-22,671723781,defillama
stable_frax,2023-09-23,671723781,defillama
stable_frax,2023-09-24,671723781,defillama
stable_frax,2023-09-25,671723781,defillama
stable_frax,2023-09-26,671723781,defillama
stable_frax,2023-09-27,671723781,defillama
stable_frax,2023-09-28,671723781,defillama
stable_frax,2023-09-29,671723781,defillama
stable_frax,2023-09-30,671723781,defillama
stable_frax,2023-10-01,671723781,defillama
stable_frax,2023-10-02,671723781,defillama
stable_frax,2023-10-03,671723781,defillama
stable_frax,2023-10-04,671723781,defillama
stable_frax,2023-10-05,671723781,defillama
stable_frax,2023-10-06,671723781,defillama
stable_frax,2023-10-07,671723781,defillama
stable_frax,2023-10-08,671723781,defillama
stable_frax,2023-10-09,671723781,defillama
stable_frax,2023-10-10,671723781,defillama
stable_frax,2023-10-11,671723781,defillama
stable_frax,2023-10-12,671723781,defillama
stable_frax,2023-10-13,671723781,defillama
stable_frax,2023-10-14,671723781,defillama
stable_frax,2023-10-15,671723781,defillama
stable_frax,2023-10-16,671723781,defillama
stable_frax,2023-10-17,671723781,defillama
stable_frax,2023-10-18,671723781,defillama
stable_frax,2023-10-19,671723781,defillama
stable_frax,2023-10-20,671723781,defillama
stable_frax,2023-10-21,671723781,defillama
stable_frax,2023-10-22,671723781,defillama
stable_frax,2023-10-23,671723781,defillama
stable_frax,2023-10-24,671723781,defillama
stable_frax,2023-10-25,671723781,defillama
stable_frax,2023-10-26,671723781,defillama
stable_frax,2023-10-27,671723781,defillama
stable_frax,2023-10-28,671723781,defillama
stable_frax,2023-10-29,671723781,defillama
stable_frax,2023-10-30,671723781,defillama
stable_frax,2023-10-31,671723781,defillama
stable_frax,2023-11-01,671723781,defillama
stable_frax,2023-11-02,671723781,defillama
stable_frax,2023-11-03,671723781,defillama
stable_frax,2023-11-04,671723781,defillama
stable_frax,2023-11-05,671723781,defillama
stable_frax,2023-11-06,671723781,defillama
stable_frax,2023-11-07,671723781,defillama
stable_frax,2023-11-08,671723781,defillama
stable_frax,2023-11-09,671723781,defillama
stable_frax,2023-11-10,671723781,defillama
stable_frax,2023-11-11,671723781,defillama
stable_frax,2023-11-12,671723781,defillama
stable_frax,2023-11-13,671723781,defillama
stable_frax,2023-11-14,671723781,defillama
stable_frax,2023-11-15,670963781,defillama
stable_frax,2023-11-16,670673781,defillama
stable_frax,2023-11-17,670673781,defillama
stable_frax,2023-11-18,670673781,defillama
stable_frax,2023-11-19,670673781,defillama
stable_frax,2023-11-20,670673781,defillama
stable_frax,2023-11-21,670673781,defillama
stable_frax,2023-11-22,670673781,defillama
stable_frax,2023-11-23,670083781,defillama
stable_frax,2023-11-24,670083781,defillama
stable_frax,2023-11-25,669863781,defillama
stable_frax,2023-11-26,669863781,defillama
stable_frax,2023-11-27,669655736,defillama
stable_frax,2023-11-28,669655736,defillama
stable_frax,2023-11-29,669655736,defillama
stable_frax,2023-11-30,669655736,defillama
stable_frax,2023-12-01,669655736,defillama
stable_frax,2023-12-02,669655736,defillama
stable_frax,2023-12-03,669655736,defillama
stable_frax,2023-12-04,669655736,defillama
stable_frax,2023-12-05,669655736,defillama
stable_frax,2023-12-06,669655736,defillama
stable_frax,2023-12-07,669655736,defillama
stable_frax,2023-12-08,649655736,defillama
stable_frax,2023-12-09,649655736,defillama
stable_frax,2023-12-10,649655736,defillama
stable_frax,2023-12-11,649655736,defillama
stable_frax,2023-12-12,649655736,defillama
stable_frax,2023-12-13,649655736,defillama
stable_frax,2023-12-14,649655736,defillama
stable_frax,2023-12-15,649655736,defillama
stable_frax,2023-12-16,649462236,defillama
stable_frax,2023-12-17,649462236,defillama
stable_frax,2023-12-18,649462236,defillama
stable_frax,2023-12-19,649462236,defillama
stable_frax,2023-12-20,649462236,defillama
stable_frax,2023-12-21,649462236,defillama
stable_frax,2023-12-22,649462236,defillama
stable_frax,2023-12-23,649462236,defillama
stable_frax,2023-12-24,649462236,defillama
stable_frax,2023-12-25,649462236,defillama
stable_frax,2023-12-26,649462236,defillama
stable_frax,2023-12-27,649462236,defillama
stable_frax,2023-12-28,649462236,defillama
stable_frax,2023-12-29,649462236,defillama
stable_frax,2023-12-30,649462236,defillama
stable_frax,2023-12-31,649462236,defillama
stable_frax,2024-01-01,649462236,defillama
stable_frax,2024-01-02,649462236,defillama
stable_frax,2024-01-03,649462236,defillama
stable_frax,2024-01-04,649462236,defillama
stable_frax,2024-01-05,649462236,defillama
stable_frax,2024-01-06,649462236,defillama
stable_frax,2024-01-07,649462236,defillama
stable_frax,2024-01-08,649462236,defillama
stable_frax,2024-01-09,649462236,defillama
stable_frax,2024-01-10,649462236,defillama
stable_frax,2024-01-11,649462236,defillama
stable_frax,2024-01-12,649462236,defillama
stable_frax,2024-01-13,649462236,defillama
stable_frax,2024-01-14,649462236,defillama
stable_frax,2024-01-15,649462236,defillama
stable_frax,2024-01-16,649462236,defillama
stable_frax,2024-01-17,649462236,defillama
stable_frax,2024-01-18,649462236,defillama
stable_frax,2024-01-19,649462236,defillama
stable_frax,2024-01-20,649462236,defillama
stable_frax,2024-01-21,649462236,defillama
stable_frax,2024-01-22,649462236,defillama
stable_frax,2024-01-23,649462236,defillama
stable_frax,2024-01-24,649462236,defillama
stable_frax,2024-01-25,649462236,defillama
stable_frax,2024-01-26,649462236,defillama
stable_frax,2024-01-27,649462236,defillama
stable_frax,2024-01-28,649462236,defillama
stable_frax,2024-01-29,649462236,defillama
stable_frax,2024-01-30,649462236,defillama
stable_frax,2024-01-31,649462236,defillama
stable_frax,2024-02-01,649462236,defillama
stable_frax,2024-02-02,649462236,defillama
stable_frax,2024-02-03,649462236,defillama
stable_frax,2024-02-04,649462236,defillama
stable_frax,2024-02-05,649462236,defillama
stable_frax,2024-02-06,649462236,defillama
stable_frax,2024-02-07,649462236,defillama
stable_frax,2024-02-08,649462236,defillama
stable_frax,2024-02-09,649462236,defillama
stable_frax,2024-02-10,649462236,defillama
stable_frax,2024-02-11,649462236,defillama
stable_frax,2024-02-12,649462236,defillama
stable_frax,2024-02-13,649462236,defillama
stable_frax,2024-02-14,649462236,defillama
stable_frax,2024-02-15,649462236,defillama
stable_frax,2024-02-16,649462236,defillama
stable_frax,2024-02-17,649462236,defillama
stable_frax,2024-02-18,649462236,defillama
stable_frax,2024-02-19,649462236,defillama
stable_frax,2024-02-20,649462236,defillama
stable_frax,2024-02-21,649462236,defillama
stable_frax,2024-02-22,649462236,defillama
stable_frax,2024-02-23,649462236,defillama
stable_frax,2024-02-24,649462236,defillama
stable_frax,2024-02-25,649462236,defillama
stable_frax,2024-02-26,649462236,defillama
stable_frax,2024-02-27,649462236,defillama
stable_frax,2024-02-28,649462236,defillama
stable_frax,2024-02-29,649462236,defillama
stable_frax,2024-03-01,649462236,defillama
stable_frax,2024-03-02,649462236,defillama
stable_frax,2024-03-03,649462236,defillama
stable_frax,2024-03-04,649462236,defillama
stable_frax,2024-03-05,649462236,defillama
stable_frax,2024-03-06,649462236,defillama
stable_frax,2024-03-07,649462236,defillama
stable_frax,2024-03-08,649462236,defillama
stable_frax,2024-03-09,649462236,defillama
stable_frax,2024-03-10,649462236,defillama
stable_frax,2024-03-11,649462236,defillama
stable_frax,2024-03-12,649462236,defillama
stable_frax,2024-03-13,649462236,defillama
stable_frax,2024-03-14,649462236,defillama
stable_frax,2024-03-15,649462236,defillama
stable_frax,2024-03-16,397325442,defillama
stable_frax,2024-03-17,399166091,defillama
stable_frax,2024-03-18,398659188,defillama
stable_frax,2024-03-19,398299867,defillama
stable_frax,2024-03-20,398633082,defillama
stable_frax,2024-03-21,398717212,defillama
stable_frax,2024-03-22,398746576,defillama
stable_frax,2024-03-23,398510296,defillama
stable_frax,2024-03-24,398218484,defillama
stable_frax,2024-03-25,398471647,defillama
stable_frax,2024-03-26,398267988,defillama
stable_frax,2024-03-27,398140585,defillama
stable_frax,2024-03-28,399312467,defillama
stable_frax,2024-03-29,391345751,defillama
stable_frax,2024-03-30,392115259,defillama
stable_frax,2024-03-31,392167022,defillama
stable_frax,2024-04-01,391897309,defillama
stable_frax,2024-04-02,392192653,defillama
stable_frax,2024-04-03,392669031,defillama
stable_frax,2024-04-04,393018793,defillama
stable_frax,2024-04-05,393014315,defillama
stable_frax,2024-04-06,390135140,defillama
stable_frax,2024-04-07,389452701,defillama
stable_frax,2024-04-08,389270862,defillama
stable_frax,2024-04-09,386395200,defillama
stable_frax,2024-04-10,387294583,defillama
stable_frax,2024-04-11,394257343,defillama
stable_frax,2024-04-12,394019086,defillama
stable_frax,2024-04-13,395592994,defillama
stable_frax,2024-04-14,395650707,defillama
stable_frax,2024-04-15,394579223,defillama
stable_frax,2024-04-16,398374849,defillama
stable_frax,2024-04-17,398117437,defillama
stable_frax,2024-04-18,329759714,defillama
stable_frax,2024-04-19,377624752,defillama
stable_frax,2024-04-20,384208356,defillama
stable_frax,2024-04-21,384086905,defillama
stable_frax,2024-04-22,384873685,defillama
stable_frax,2024-04-23,384633475,defillama
stable_frax,2024-04-24,384816849,defillama
stable_frax,2024-04-25,382978051,defillama
stable_frax,2024-04-26,381818574,defillama
stable_frax,2024-04-27,380586813,defillama
stable_frax,2024-04-28,380640094,defillama
stable_frax,2024-04-29,380363557,defillama
stable_frax,2024-04-30,380817294,defillama
stable_frax,2024-05-01,381081174,defillama
stable_frax,2024-05-02,381808501,defillama
stable_frax,2024-05-03,389972831,defillama
stable_frax,2024-05-04,389126385,defillama
stable_frax,2024-05-05,394790700,defillama
stable_frax,2024-05-06,394310356,defillama
stable_frax,2024-05-07,394520898,defillama
stable_frax,2024-05-08,394632664,defillama
stable_frax,2024-05-09,394519563,defillama
stable_frax,2024-05-10,394459364,defillama
stable_frax,2024-05-11,397305325,defillama
stable_frax,2024-05-12,396835653,defillama
stable_frax,2024-05-13,398125249,defillama
stable_frax,2024-05-14,398511931,defillama
stable_frax,2024-05-15,400247220,defillama
stable_frax,2024-05-16,401133382,defillama
stable_frax,2024-05-17,409660816,defillama
stable_frax,2024-05-18,409889708,defillama
stable_frax,2024-05-19,409172474,defillama
stable_frax,2024-05-20,409012272,defillama
stable_frax,2024-05-21,409857211,defillama
stable_frax,2024-05-22,409569120,defillama
stable_frax,2024-05-23,408043142,defillama
stable_frax,2024-05-24,408984828,defillama
stable_frax,2024-05-25,409485620,defillama
stable_frax,2024-05-26,409334883,defillama
stable_frax,2024-05-27,409054261,defillama
stable_frax,2024-05-28,409352311,defillama
stable_frax,2024-05-29,409563694,defillama
stable_frax,2024-05-30,381736002,defillama
stable_frax,2024-05-31,381923653,defillama
stable_frax,2024-06-01,374735673,defillama
stable_frax,2024-06-02,374983602,defillama
stable_frax,2024-06-03,375145576,defillama
stable_frax,2024-06-04,375156202,defillama
stable_frax,2024-06-05,374570096,defillama
stable_frax,2024-06-06,375530704,defillama
stable_frax,2024-06-07,374188987,defillama
stable_frax,2024-06-08,374477896,defillama
stable_frax,2024-06-09,374666353,defillama
stable_frax,2024-06-10,374479026,defillama
stable_frax,2024-06-11,374464507,defillama
stable_frax,2024-06-12,375187183,defillama
stable_frax,2024-06-13,383518810,defillama
stable_frax,2024-06-14,384768663,defillama
stable_frax,2024-06-15,385487784,defillama
stable_frax,2024-06-16,385606109,defillama
stable_frax,2024-06-17,384804544,defillama
stable_frax,2024-06-18,385166930,defillama
stable_frax,2024-06-19,383713571,defillama
stable_frax,2024-06-20,383895180,defillama
stable_frax,2024-06-21,386221686,defillama
stable_frax,2024-06-22,385832117,defillama
stable_frax,2024-06-23,385913935,defillama
stable_frax,2024-06-24,386865535,defillama
stable_frax,2024-06-25,387347599,defillama
stable_frax,2024-06-26,388265845,defillama
stable_frax,2024-06-27,385682831,defillama
stable_frax,2024-06-28,385826972,defillama
stable_frax,2024-06-29,385986721,defillama
stable_frax,2024-06-30,385986943,defillama
stable_frax,2024-07-01,389640732,defillama
stable_frax,2024-07-02,390708233,defillama
stable_frax,2024-07-03,390876264,defillama
stable_frax,2024-07-04,394290336,defillama
stable_frax,2024-07-05,397750814,defillama
stable_frax,2024-07-06,388105661,defillama
stable_frax,2024-07-07,388276942,defillama
stable_frax,2024-07-08,387982152,defillama
stable_frax,2024-07-09,388063406,defillama
stable_frax,2024-07-10,388087251,defillama
stable_frax,2024-07-11,388114071,defillama
stable_frax,2024-07-12,389492203,defillama
stable_frax,2024-07-13,396858468,defillama
stable_frax,2024-07-14,397014700,defillama
stable_frax,2024-07-15,395161706,defillama
stable_frax,2024-07-16,395986833,defillama
stable_frax,2024-07-17,396452572,defillama
stable_frax,2024-07-18,397152681,defillama
stable_frax,2024-07-19,397494638,defillama
stable_frax,2024-07-20,399084111,defillama
stable_frax,2024-07-21,399396004,defillama
stable_frax,2024-07-22,400963705,defillama
stable_frax,2024-07-23,400960437,defillama
stable_frax,2024-07-24,399878247,defillama
stable_frax,2024-07-25,400448144,defillama
stable_frax,2024-07-26,400706316,defillama
stable_frax,2024-07-27,388454837,defillama
stable_frax,2024-07-28,390215715,defillama
stable_frax,2024-07-29,390143206,defillama
stable_frax,2024-07-30,391274239,defillama
stable_frax,2024-07-31,393048548,defillama
stable_frax,2024-08-01,390797130,defillama
stable_frax,2024-08-02,380554507,defillama
stable_frax,2024-08-03,380507375,defillama
stable_frax,2024-08-04,380937401,defillama
stable_frax,2024-08-05,378278859,defillama
stable_frax,2024-08-06,357615263,defillama
stable_frax,2024-08-07,357689851,defillama
stable_frax,2024-08-08,360040625,defillama
stable_frax,2024-08-09,359732967,defillama
stable_frax,2024-08-10,362472119,defillama
stable_frax,2024-08-11,361097249,defillama
stable_frax,2024-08-12,361180949,defillama
stable_frax,2024-08-13,375018351,defillama
stable_frax,2024-08-14,373953758,defillama
stable_frax,2024-08-15,370820054,defillama
stable_frax,2024-08-16,371303736,defillama
stable_frax,2024-08-17,367244089,defillama
stable_frax,2024-08-18,368571728,defillama
stable_frax,2024-08-19,368452025,defillama
stable_frax,2024-08-20,367300147,defillama
stable_frax,2024-08-21,367480030,defillama
stable_frax,2024-08-22,367905002,defillama
stable_frax,2024-08-23,368499103,defillama
stable_frax,2024-08-24,371104038,defillama
stable_frax,2024-08-25,371200397,defillama
stable_frax,2024-08-26,371123922,defillama
stable_frax,2024-08-27,370780360,defillama
stable_frax,2024-08-28,371891886,defillama
stable_frax,2024-08-29,376077670,defillama
stable_frax,2024-08-30,375959058,defillama
stable_frax,2024-08-31,367405914,defillama
stable_frax,2024-09-01,367764085,defillama
stable_frax,2024-09-02,368662218,defillama
stable_frax,2024-09-03,367020223,defillama
stable_frax,2024-09-04,359520977,defillama
stable_frax,2024-09-05,359913457,defillama
stable_frax,2024-09-06,358669782,defillama
stable_frax,2024-09-07,358653892,defillama
stable_frax,2024-09-08,357647868,defillama
stable_frax,2024-09-09,357585835,defillama
stable_frax,2024-09-10,358216380,defillama
stable_frax,2024-09-11,357884244,defillama
stable_frax,2024-09-12,358110709,defillama
stable_frax,2024-09-13,359439423,defillama
stable_frax,2024-09-14,359277657,defillama
stable_frax,2024-09-15,359859745,defillama
stable_frax,2024-09-16,360193739,defillama
stable_frax,2024-09-17,361561528,defillama
stable_frax,2024-09-18,354854345,defillama
stable_frax,2024-09-19,355777967,defillama
stable_frax,2024-09-20,356158836,defillama
stable_frax,2024-09-21,356685790,defillama
stable_frax,2024-09-22,356885598,defillama
stable_frax,2024-09-23,356160856,defillama
stable_frax,2024-09-24,356591932,defillama
stable_frax,2024-09-25,356772083,defillama
stable_frax,2024-09-26,355571952,defillama
stable_frax,2024-09-27,355750268,defillama
stable_frax,2024-09-28,356075736,defillama
stable_frax,2024-09-29,354677109,defillama
stable_frax,2024-09-30,353236561,defillama
stable_frax,2024-10-01,357979496,defillama
stable_frax,2024-10-02,358174274,defillama
stable_frax,2024-10-03,361373405,defillama
stable_frax,2024-10-04,361295463,defillama
stable_frax,2024-10-05,361405998,defillama
stable_frax,2024-10-06,363002888,defillama
stable_frax,2024-10-07,363423270,defillama
stable_frax,2024-10-08,363377408,defillama
stable_frax,2024-10-09,363350782,defillama
stable_frax,2024-10-10,363640743,defillama
stable_frax,2024-10-11,364068017,defillama
stable_frax,2024-10-12,364546619,defillama
stable_frax,2024-10-13,363928470,defillama
stable_frax,2024-10-14,365066359,defillama
stable_frax,2024-10-15,365094910,defillama
stable_frax,2024-10-16,365065280,defillama
stable_frax,2024-10-17,362310627,defillama
stable_frax,2024-10-18,362548945,defillama
stable_frax,2024-10-19,361211306,defillama
stable_frax,2024-10-20,362121333,defillama
stable_frax,2024-10-21,362059712,defillama
stable_frax,2024-10-22,362435102,defillama
stable_frax,2024-10-23,362565990,defillama
stable_frax,2024-10-24,361236504,defillama
stable_frax,2024-10-25,361718630,defillama
stable_frax,2024-10-26,363197920,defillama
stable_frax,2024-10-27,363335887,defillama
stable_frax,2024-10-28,363281978,defillama
stable_frax,2024-10-29,363440689,defillama
stable_frax,2024-10-30,363407448,defillama
stable_frax,2024-10-31,362695583,defillama
stable_frax,2024-11-01,364466464,defillama
stable_frax,2024-11-02,364972917,defillama
stable_frax,2024-11-03,365161659,defillama
stable_frax,2024-11-04,364903928,defillama
stable_frax,2024-11-05,365141402,defillama
stable_frax,2024-11-06,364580271,defillama
stable_frax,2024-11-07,364948184,defillama
stable_frax,2024-11-08,363577818,defillama
stable_frax,2024-11-09,363535292,defillama
stable_frax,2024-11-10,364354797,defillama
stable_frax,2024-11-11,364528946,defillama
stable_frax,2024-11-12,368775541,defillama
stable_frax,2024-11-13,370317721,defillama
stable_frax,2024-11-14,368784599,defillama
stable_frax,2024-11-15,365325664,defillama
stable_frax,2024-11-16,357312891,defillama
stable_frax,2024-11-17,357521236,defillama
stable_frax,2024-11-18,357242099,defillama
stable_frax,2024-11-19,356135031,defillama
stable_frax,2024-11-20,363101866,defillama
stable_frax,2024-11-21,363101866,defillama
stable_frax,2024-11-22,363101866,defillama
stable_frax,2024-11-23,379572681,defillama
stable_frax,2024-11-24,393776981,defillama
stable_frax,2024-11-25,394750705,defillama
stable_frax,2024-11-26,334764113,defillama
stable_frax,2024-11-27,335365610,defillama
stable_frax,2024-11-28,340896792,defillama
stable_frax,2024-11-29,354302468,defillama
stable_frax,2024-11-30,354635721,defillama
stable_frax,2024-12-01,354500521,defillama
stable_frax,2024-12-02,354488128,defillama
stable_frax,2024-12-03,358414427,defillama
stable_frax,2024-12-04,352932209,defillama
stable_frax,2024-12-05,351166721,defillama
stable_frax,2024-12-06,350142375,defillama
stable_frax,2024-12-07,348094994,defillama
stable_frax,2024-12-08,345844998,defillama
stable_frax,2024-12-09,344233311,defillama
stable_frax,2024-12-10,343602962,defillama
stable_frax,2024-12-11,344580641,defillama
stable_frax,2024-12-12,344450612,defillama
stable_frax,2024-12-13,345444618,defillama
stable_frax,2024-12-14,345412740,defillama
stable_frax,2024-12-15,346221350,defillama
stable_frax,2024-12-16,332431505,defillama
stable_frax,2024-12-17,332337059,defillama
stable_frax,2024-12-18,331195148,defillama
stable_frax,2024-12-19,331305287,defillama
stable_frax,2024-12-20,331061921,defillama
stable_frax,2024-12-21,331970553,defillama
stable_frax,2024-12-22,331837044,defillama
stable_frax,2024-12-23,332141075,defillama
stable_frax,2024-12-24,333495009,defillama
stable_frax,2024-12-25,334051484,defillama
stable_frax,2024-12-26,333830993,defillama
stable_frax,2024-12-27,338820601,defillama
stable_frax,2024-12-28,332791490,defillama
stable_frax,2024-12-29,332622359,defillama
stable_frax,2024-12-30,333166651,defillama
stable_frax,2024-12-31,315425933,defillama
stable_frax,2025-01-01,317089306,defillama
stable_frax,2025-01-02,317166318,defillama
stable_frax,2025-01-03,317093964,defillama
stable_frax,2025-01-04,316506880,defillama
stable_frax,2025-01-05,316482428,defillama
stable_frax,2025-01-06,316361690,defillama
stable_frax,2025-01-07,316612642,defillama
stable_frax,2025-01-08,316575444,defillama
stable_frax,2025-01-09,316914092,defillama
stable_frax,2025-01-10,316931927,defillama
stable_frax,2025-01-11,317101888,defillama
stable_frax,2025-01-12,317113980,defillama
stable_frax,2025-01-13,317207830,defillama
stable_frax,2025-01-14,317317753,defillama
stable_frax,2025-01-15,317253724,defillama
stable_frax,2025-01-16,317613715,defillama
stable_frax,2025-01-17,317776852,defillama
stable_frax,2025-01-18,318012094,defillama
stable_frax,2025-01-19,318628735,defillama
stable_frax,2025-01-20,318667935,defillama
stable_frax,2025-01-21,319168615,defillama
stable_frax,2025-01-22,319505117,defillama
stable_frax,2025-01-23,319310770,defillama
stable_frax,2025-01-24,319488778,defillama
stable_frax,2025-01-25,319116339,defillama
stable_frax,2025-01-26,319097970,defillama
stable_frax,2025-01-27,319084790,defillama
stable_frax,2025-01-28,319183128,defillama
stable_frax,2025-01-29,318879630,defillama
stable_frax,2025-01-30,319131129,defillama
stable_frax,2025-01-31,318980667,defillama
stable_frax,2025-02-01,319134388,defillama
stable_frax,2025-02-02,318933506,defillama
stable_frax,2025-02-03,318917775,defillama
stable_frax,2025-02-04,318996993,defillama
stable_frax,2025-02-05,318531789,defillama
stable_frax,2025-02-06,317552789,defillama
stable_frax,2025-02-07,325562551,defillama
stable_frax,2025-02-08,325682649,defillama
stable_frax,2025-02-09,325513549,defillama
stable_frax,2025-02-10,325571373,defillama
stable_frax,2025-02-11,331685220,defillama
stable_frax,2025-02-12,333099701,defillama
stable_frax,2025-02-13,333133506,defillama
stable_frax,2025-02-14,333645845,defillama
stable_frax,2025-02-15,333895501,defillama
stable_frax,2025-02-16,333936000,defillama
stable_frax,2025-02-17,334132533,defillama
stable_frax,2025-02-18,334015700,defillama
stable_frax,2025-02-19,337450863,defillama
stable_frax,2025-02-20,316837648,defillama
stable_frax,2025-02-21,318033695,defillama
stable_frax,2025-02-22,318340434,defillama
stable_frax,2025-02-23,322263977,defillama
stable_frax,2025-02-24,323073553,defillama
stable_frax,2025-02-25,286878684,defillama
stable_frax,2025-02-26,286887844,defillama
stable_frax,2025-02-27,287195331,defillama
stable_frax,2025-02-28,287269989,defillama
stable_frax,2025-03-01,287184976,defillama
stable_frax,2025-03-02,266368704,defillama
stable_frax,2025-03-03,266449195,defillama
stable_frax,2025-03-04,264770854,defillama
stable_frax,2025-03-05,265085602,defillama
stable_frax,2025-03-06,265247059,defillama
stable_frax,2025-03-07,265121054,defillama
stable_frax,2025-03-08,265202653,defillama
stable_frax,2025-03-09,265389485,defillama
stable_frax,2025-03-10,265405409,defillama
stable_frax,2025-03-11,248190958,defillama
stable_frax,2025-03-12,248138930,defillama
stable_frax,2025-03-13,245464648,defillama
stable_frax,2025-03-14,241334121,defillama
stable_frax,2025-03-15,240593212,defillama
stable_frax,2025-03-16,240640042,defillama
stable_frax,2025-03-17,240747238,defillama
stable_frax,2025-03-18,240280140,defillama
stable_frax,2025-03-19,240777693,defillama
stable_frax,2025-03-20,238762399,defillama
stable_frax,2025-03-21,241304980,defillama
stable_frax,2025-03-22,240969680,defillama
stable_frax,2025-03-23,242310507,defillama
stable_frax,2025-03-24,242142213,defillama
stable_frax,2025-03-25,233906955,defillama
stable_frax,2025-03-26,233914269,defillama
stable_frax,2025-03-27,235882804,defillama
stable_frax,2025-03-28,217444001,defillama
stable_frax,2025-03-29,217257892,defillama
stable_frax,2025-03-30,218148878,defillama
stable_frax,2025-03-31,218367488,defillama
stable_frax,2025-04-01,218334391,defillama
stable_frax,2025-04-02,217235066,defillama
stable_frax,2025-04-03,216698588,defillama
stable_frax,2025-04-04,216582423,defillama
stable_frax,2025-04-05,216589778,defillama
stable_frax,2025-04-06,216725978,defillama
stable_frax,2025-04-07,216696106,defillama
stable_frax,2025-04-08,216900295,defillama
stable_frax,2025-04-09,211081978,defillama
stable_frax,2025-04-10,211122622,defillama
stable_frax,2025-04-11,210940164,defillama
stable_frax,2025-04-12,209758737,defillama
stable_frax,2025-04-13,209684456,defillama
stable_frax,2025-04-14,209619796,defillama
stable_frax,2025-04-15,209613449,defillama
stable_frax,2025-04-16,209635197,defillama
stable_frax,2025-04-17,209521914,defillama
stable_frax,2025-04-18,209563948,defillama
stable_frax,2025-04-19,209563948,defillama
stable_frax,2025-04-20,209563948,defillama
stable_frax,2025-04-21,209563948,defillama
stable_frax,2025-04-22,209563948,defillama
stable_frax,2025-04-23,202075566,defillama
stable_frax,2025-04-24,203021348,defillama
stable_frax,2025-04-25,201754410,defillama
stable_frax,2025-04-26,203608217,defillama
stable_frax,2025-04-27,203439192,defillama
stable_frax,2025-04-28,203394547,defillama
stable_frax,2025-04-29,203393001,defillama
stable_frax,2025-04-30,211776039,defillama
stable_frax,2025-05-01,211705015,defillama
stable_frax,2025-05-02,211377971,defillama
stable_frax,2025-05-03,209956547,defillama
stable_frax,2025-05-04,209879171,defillama
stable_frax,2025-05-05,209735276,defillama
stable_frax,2025-05-06,207119535,defillama
stable_frax,2025-05-07,207490817,defillama
stable_frax,2025-05-08,209009913,defillama
stable_frax,2025-05-09,209063516,defillama
stable_frax,2025-05-10,204677551,defillama
stable_frax,2025-05-11,204122603,defillama
stable_frax,2025-05-12,204121872,defillama
stable_frax,2025-05-13,204178850,defillama
stable_frax,2025-05-14,211523070,defillama
stable_frax,2025-05-15,201883896,defillama
stable_frax,2025-05-16,201446831,defillama
stable_frax,2025-05-17,201947382,defillama
stable_frax,2025-05-18,201983592,defillama
stable_frax,2025-05-19,202554390,defillama
stable_frax,2025-05-20,202259337,defillama
stable_frax,2025-05-21,202263149,defillama
stable_frax,2025-05-22,202532588,defillama
stable_frax,2025-05-23,189994922,defillama
stable_frax,2025-05-24,189925316,defillama
stable_frax,2025-05-25,190220894,defillama
stable_frax,2025-05-26,190166583,defillama
stable_frax,2025-05-27,190209003,defillama
stable_frax,2025-05-28,190112905,defillama
stable_frax,2025-05-29,190198726,defillama
stable_frax,2025-05-30,190045605,defillama
stable_frax,2025-05-31,190163132,defillama
stable_frax,2025-06-01,191109725,defillama
stable_frax,2025-06-02,191104436,defillama
stable_frax,2025-06-03,191120885,defillama
stable_frax,2025-06-04,191067971,defillama
stable_frax,2025-06-05,190778800,defillama
stable_frax,2025-06-06,190481481,defillama
stable_frax,2025-06-07,187668379,defillama
stable_frax,2025-06-08,187670535,defillama
stable_frax,2025-06-09,187616075,defillama
stable_frax,2025-06-10,188837499,defillama
stable_frax,2025-06-11,189359501,defillama
stable_frax,2025-06-12,190717376,defillama
stable_frax,2025-06-13,190759879,defillama
stable_frax,2025-06-14,190859432,defillama
stable_frax,2025-06-15,190851299,defillama
stable_frax,2025-06-16,190692842,defillama
stable_frax,2025-06-17,190445879,defillama
stable_frax,2025-06-18,191446833,defillama
stable_frax,2025-06-19,189014149,defillama
stable_frax,2025-06-20,188766596,defillama
stable_frax,2025-06-21,189027508,defillama
stable_frax,2025-06-22,189002643,defillama
stable_frax,2025-06-23,189092138,defillama
stable_frax,2025-06-24,189162014,defillama
stable_frax,2025-06-25,189127743,defillama
stable_frax,2025-06-26,188719422,defillama
stable_frax,2025-06-27,176947493,defillama
stable_frax,2025-06-28,176752037,defillama
stable_frax,2025-06-29,175607213,defillama
stable_frax,2025-06-30,175739574,defillama
stable_frax,2025-07-01,175835503,defillama
stable_frax,2025-07-02,174169530,defillama
stable_frax,2025-07-03,173657008,defillama
stable_frax,2025-07-04,173576353,defillama
stable_frax,2025-07-05,172758404,defillama
stable_frax,2025-07-06,172707471,defillama
stable_frax,2025-07-07,172496053,defillama
stable_frax,2025-07-08,172113136,defillama
stable_frax,2025-07-09,172189859,defillama
stable_frax,2025-07-10,170982112,defillama
stable_frax,2025-07-11,168895967,defillama
stable_frax,2025-07-12,169329749,defillama
stable_frax,2025-07-13,169213440,defillama
stable_frax,2025-07-14,169259911,defillama
stable_frax,2025-07-15,168681240,defillama
stable_frax,2025-07-16,168301613,defillama
stable_frax,2025-07-17,168140325,defillama
stable_frax,2025-07-18,168882183,defillama
stable_frax,2025-07-19,169826611,defillama
stable_frax,2025-07-20,170375016,defillama
stable_frax,2025-07-21,172372791,defillama
stable_frax,2025-07-22,172078722,defillama
stable_frax,2025-07-23,172394056,defillama
stable_frax,2025-07-24,172751071,defillama
stable_frax,2025-07-25,170022339,defillama
stable_frax,2025-07-26,169917285,defillama
stable_frax,2025-07-27,171142167,defillama
stable_frax,2025-07-28,173250032,defillama
stable_frax,2025-07-29,173488063,defillama
stable_frax,2025-07-30,173638034,defillama
stable_frax,2025-07-31,174344367,defillama
stable_frax,2025-08-01,175780471,defillama
stable_frax,2025-08-02,175755020,defillama
stable_frax,2025-08-03,176014479,defillama
stable_frax,2025-08-04,176177649,defillama
stable_frax,2025-08-05,176678066,defillama
stable_frax,2025-08-06,178270408,defillama
stable_frax,2025-08-07,180118443,defillama
stable_frax,2025-08-08,182086049,defillama
stable_frax,2025-08-09,182274375,defillama
stable_frax,2025-08-10,182982109,defillama
stable_frax,2025-08-11,182656710,defillama
stable_frax,2025-08-12,180542306,defillama
stable_frax,2025-08-13,180448189,defillama
stable_frax,2025-08-14,181791439,defillama
stable_frax,2025-08-15,181290844,defillama
stable_frax,2025-08-16,182199150,defillama
stable_frax,2025-08-18,184227785,defillama
stable_frax,2025-08-20,185571068,defillama
stable_frax,2025-08-22,181116709,defillama
stable_frax,2025-08-24,181267736,defillama
stable_frax,2025-08-25,181038573,defillama
stable_frax,2025-08-26,181007252,defillama
stable_frax,2025-08-27,181435567,defillama
stable_frax,2025-08-28,181155034,defillama
stable_frax,2025-08-29,180996650,defillama
stable_frax,2025-08-30,180822965,defillama
stable_frax,2025-08-31,180402222,defillama
stable_frax,2025-09-01,180076164,defillama
stable_frax,2025-09-02,180075169,defillama
stable_frax,2025-09-03,141937521,defillama
stable_frax,2025-09-04,142839060,defillama
stable_frax,2025-09-05,142501901,defillama
stable_frax,2025-09-06,142233295,defillama
stable_frax,2025-09-07,142260344,defillama
stable_frax,2025-09-08,141989290,defillama
stable_frax,2025-09-09,142465494,defillama
stable_frax,2025-09-10,141208133,defillama
stable_frax,2025-09-11,140915310,defillama
stable_frax,2025-09-12,140522896,defillama
stable_frax,2025-09-13,140271898,defillama
stable_frax,2025-09-14,140288478,defillama
stable_frax,2025-09-15,139988884,defillama
stable_frax,2025-09-16,140024358,defillama
stable_frax,2025-09-17,140025568,defillama
stable_frax,2025-09-18,139934127,defillama
stable_frax,2025-09-19,143496792,defillama
stable_frax,2025-09-20,143272850,defillama
stable_frax,2025-09-21,143531532,defillama
stable_frax,2025-09-22,142399944,defillama
stable_frax,2025-09-23,141784786,defillama
stable_frax,2025-09-24,140465859,defillama
stable_frax,2025-09-25,140413904,defillama
stable_frax,2025-09-26,138579566,defillama
stable_frax,2025-09-27,137991786,defillama
stable_frax,2025-09-28,137932914,defillama
stable_frax,2025-09-29,136005512,defillama
stable_frax,2025-09-30,135849357,defillama
stable_frax,2025-10-01,136189006,defillama
stable_frax,2025-10-02,135935532,defillama
stable_frax,2025-10-03,136242008,defillama
stable_frax,2025-10-04,136177687,defillama
stable_frax,2025-10-05,135829369,defillama
stable_frax,2025-10-06,135772916,defillama
stable_frax,2025-10-07,135602546,defillama
stable_frax,2025-10-08,135486703,defillama
stable_frax,2025-10-09,135107441,defillama
stable_frax,2025-10-10,135119449,defillama
stable_frax,2025-10-11,134814431,defillama
stable_frax,2025-10-12,132595853,defillama
stable_frax,2025-10-13,132541232,defillama
stable_frax,2025-10-14,128679976,defillama
stable_frax,2025-10-15,128600367,defillama
stable_frax,2025-10-16,128891641,defillama
stable_frax,2025-10-17,129257086,defillama
stable_frax,2025-10-18,137140895,defillama
stable_frax,2025-10-19,137380677,defillama
stable_frax,2025-10-20,137734248,defillama
stable_frax,2025-10-21,143916479,defillama
stable_frax,2025-10-22,145236740,defillama
stable_frax,2025-10-23,145229420,defillama
stable_frax,2025-10-24,156400287,defillama
stable_frax,2025-10-25,197761642,defillama
stable_frax,2025-10-26,198319908,defillama
stable_frax,2025-10-27,198435720,defillama
stable_frax,2025-10-28,196285091,defillama
stable_frax,2025-10-29,195291651,defillama
stable_frax,2025-10-30,195379352,defillama
stable_frax,2025-10-31,199395413,defillama
stable_frax,2025-11-01,200149082,defillama
stable_frax,2025-11-02,200115416,defillama
stable_frax,2025-11-03,199665593,defillama
stable_frax,2025-11-04,198630447,defillama
stable_frax,2025-11-05,188347557,defillama
stable_frax,2025-11-06,188376191,defillama
stable_frax,2025-11-07,185922154,defillama
stable_frax,2025-11-08,184264359,defillama
stable_frax,2025-11-09,184733254,defillama
stable_frax,2025-11-10,187922379,defillama
stable_frax,2025-11-11,190078977,defillama
stable_frax,2025-11-12,189384167,defillama
stable_frax,2025-11-13,189632771,defillama
stable_frax,2025-11-14,188428941,defillama
stable_frax,2025-11-15,185581542,defillama
stable_frax,2025-11-16,185570545,defillama
stable_frax,2025-11-17,186784286,defillama
stable_frax,2025-11-18,186751803,defillama
stable_frax,2025-11-19,186739782,defillama
stable_frax,2025-11-20,186372011,defillama
stable_frax,2025-11-21,185840851,defillama
stable_frax,2025-11-22,182569521,defillama
stable_frax,2025-11-23,182509149,defillama
stable_frax,2025-11-24,187018421,defillama
stable_frax,2025-11-25,187276081,defillama
stable_frax,2025-11-26,186922970,defillama
stable_frax,2025-11-27,187654932,defillama
stable_frax,2025-11-28,190151607,defillama
stable_frax,2025-11-29,190252863,defillama
stable_frax,2025-11-30,189876933,defillama
stable_frax,2025-12-01,189735235,defillama
stable_frax,2025-12-02,188561700,defillama
stable_frax,2025-12-03,191409054,defillama
stable_frax,2025-12-04,218711709,defillama
stable_frax,2025-12-05,220717037,defillama
stable_frax,2025-12-06,220609798,defillama
stable_frax,2025-12-07,220609798,defillama
stable_frax,2025-12-08,220991419,defillama
stable_frax,2025-12-09,222992699,defillama
stable_frax,2025-12-10,217819615,defillama
stable_frax,2025-12-11,217188392,defillama
stable_frax,2025-12-12,217946810,defillama
stable_frax,2025-12-13,216969453,defillama
stable_frax,2025-12-14,216934272,defillama
stable_frax,2025-12-15,216750028,defillama
stable_frax,2025-12-16,216955419,defillama
stable_frax,2025-12-17,218774929,defillama
stable_frax,2025-12-18,207277737,defillama
stable_frax,2025-12-19,207771286,defillama
stable_frax,2025-12-20,215150130,defillama
stable_frax,2025-12-21,214824050,defillama
stable_frax,2025-12-22,215105555,defillama
stable_frax,2025-12-23,222925720,defillama
stable_frax,2025-12-24,229072211,defillama
stable_frax,2025-12-25,230773057,defillama
stable_frax,2025-12-26,230739801,defillama
stable_frax,2025-12-27,230245772,defillama
stable_frax,2025-12-28,215288177,defillama
stable_frax,2025-12-29,215339077,defillama
stable_frax,2025-12-30,212809745,defillama
stable_frax,2025-12-31,212315390,defillama
stable_frax,2026-01-01,210060572,defillama
stable_frax,2026-01-02,211778260,defillama
stable_frax,2026-01-03,214448274,defillama
stable_frax,2026-01-04,214480147,defillama
stable_frax,2026-01-05,214798386,defillama
stable_frax,2026-01-06,218384179,defillama
stable_frax,2026-01-07,218759825,defillama
stable_frax,2026-01-08,215057542,defillama
stable_frax,2026-01-09,212829399,defillama
stable_frax,2026-01-10,213530835,defillama
stable_frax,2026-01-11,213447279,defillama
stable_frax,2026-01-12,213666642,defillama
stable_frax,2026-01-13,213782860,defillama
stable_frax,2026-01-14,218284301,defillama
stable_frax,2026-01-15,219017786,defillama
stable_frax,2026-01-16,210250461,defillama
stable_frax,2026-01-17,210196203,defillama
stable_frax,2026-01-18,210193784,defillama
stable_frax,2026-01-19,210136485,defillama
stable_frax,2026-01-20,208982926,defillama
stable_frax,2026-01-21,204198667,defillama
stable_frax,2026-01-22,205833286,defillama
stable_frax,2026-01-23,204969614,defillama
stable_frax,2026-01-24,211575846,defillama
stable_frax,2026-01-25,210959375,defillama
stable_frax,2026-01-26,210900307,defillama
stable_frax,2026-01-27,211068545,defillama
stable_frax,2026-01-28,208741888,defillama
stable_frax,2026-01-29,208326312,defillama
stable_frax,2026-01-30,204217210,defillama
stable_frax,2026-01-31,203412221,defillama
stable_frax,2026-02-01,197579074,defillama
stable_frax,2026-02-02,197394222,defillama
stable_frax,2026-02-03,198713921,defillama
stable_frax,2026-02-04,198322745,defillama
stable_frax,2026-02-05,197026539,defillama
stable_frax,2026-02-06,192734018,defillama
stable_frax,2026-02-07,192717802,defillama
stable_frax,2026-02-08,191625080,defillama
stable_frax,2026-02-09,193013021,defillama
stable_frax,2026-02-10,192338253,defillama
stable_frax,2026-02-11,193067625,defillama
stable_frax,2026-02-12,192356225,defillama
stable_frax,2026-02-13,197677877,defillama
stable_frax,2026-02-14,199637662,defillama
stable_frax,2026-02-15,200980095,defillama
stable_frax,2026-02-16,200948247,defillama
stable_frax,2026-02-17,199299724,defillama
stable_frax,2026-02-18,199254720,defillama
stable_frax,2026-02-19,199236628,defillama
stable_frax,2026-02-20,199290058,defillama
stable_frax,2026-02-21,200123774,defillama
stable_frax,2026-02-22,200943349,defillama
stable_frax,2026-02-23,200864472,defillama
stable_frax,2026-02-24,199919028,defillama
stable_frax,2026-02-25,198739861,defillama
stable_frax,2026-02-26,200556778,defillama
stable_frax,2026-02-27,200614947,defillama
stable_frax,2026-02-28,199966335,defillama
stable_frax,2026-03-01,200170347,defillama
stable_frax,2026-03-02,200271132,defillama
stable_frax,2026-03-03,200322998,defillama
stable_frax,2026-03-04,200181231,defillama
stable_frax,2026-03-05,203826399,defillama
stable_frax,2026-03-06,203385261,defillama
stable_frax,2026-03-07,203039141,defillama
stable_frax,2026-03-08,202778041,defillama
stable_frax,2026-03-09,200802874,defillama
stable_frax,2026-03-10,201682491,defillama
stable_frax,2026-03-11,204178653,defillama
stable_frax,2026-03-12,204326173,defillama
stable_frax,2026-03-13,206309219,defillama
stable_frax,2026-03-14,209704605,defillama
stable_frax,2026-03-15,209854494,defillama
stable_frax,2026-03-16,210739239,defillama
stable_frax,2026-03-17,213595244,defillama
stable_frax,2026-03-18,213386273,defillama
stable_frax,2026-03-19,214845717,defillama
stable_frax,2026-03-20,213611028,defillama
stable_frax,2026-03-21,213519254,defillama
stable_frax,2026-03-22,214197963,defillama
stable_frax,2026-03-23,212267254,defillama
stable_frax,2026-03-24,211874892,defillama
stable_frax,2026-03-25,211253074,defillama
stable_frax,2026-03-26,212049519,defillama
stable_frax,2026-03-27,211157573,defillama
stable_frax,2026-03-28,199399174,defillama
stable_frax,2026-03-29,199119263,defillama
stable_frax,2026-03-30,198895333,defillama
stable_frax,2026-03-31,198880276,defillama
stable_frax,2026-04-01,198819821,defillama
stable_frax,2026-04-02,199992848,defillama
stable_frax,2026-04-03,198625449,defillama
stable_frax,2026-04-04,185409451,defillama
stable_frax,2026-04-05,185489997,defillama
stable_frax,2026-04-06,185707103,defillama
stable_frax,2026-04-07,188228994,defillama
stable_frax,2026-04-08,197887689,defillama
stable_frax,2026-04-09,200188461,defillama
stable_frax,2026-04-10,199839881,defillama
stable_frax,2026-04-11,199525576,defillama
stable_frax,2026-04-12,199278453,defillama
stable_frax,2026-04-13,198963647,defillama
stable_frax,2026-04-14,200644659,defillama
stable_frax,2026-04-15,200264945,defillama
stable_frax,2026-04-16,200544198,defillama
stable_frax,2026-04-17,197273684,defillama
stable_frax,2026-04-18,200115432,defillama
stable_frax,2026-04-19,200513276,defillama
stable_frax,2026-04-20,200417625,defillama
stable_frax,2026-04-21,195285894,defillama
stable_frax,2026-04-22,195123333,defillama
stable_frax,2026-04-23,194851862,defillama
stable_frax,2026-04-24,191969351,defillama
stable_frax,2026-04-25,191171739,defillama
stable_frax,2026-04-26,190943015,defillama
stable_frax,2026-04-27,190821702,defillama
stable_frax,2026-04-28,189714233,defillama
stable_frax,2026-04-29,189893190,defillama
stable_frax,2026-04-30,191516554,defillama
stable_frax,2026-05-01,193345890,defillama
stable_frax,2026-05-02,194177945,defillama
stable_frax,2026-05-03,193959796,defillama
stable_frax,2026-05-04,194824061,defillama
stable_frax,2026-05-05,195383618,defillama
stable_frax,2026-05-06,194905382,defillama
stable_frax,2026-05-07,194864704,defillama
stable_frax,2026-05-08,194755050,defillama
stable_frax,2026-05-09,195942018,defillama
stable_frax,2026-05-10,195529099,defillama
stable_frax,2026-05-11,195484895,defillama
stable_frax,2026-05-12,195399271,defillama
stable_frax,2026-05-13,198300383,defillama
stable_frax,2026-05-14,198257936,defillama
stable_frax,2026-05-15,198225296,defillama
stable_frax,2026-05-16,197157560,defillama
stable_frax,2026-05-17,192780657,defillama
stable_frax,2026-05-18,192001870,defillama
stable_frax,2026-05-19,190093683,defillama
stable_frax,2026-05-20,193167851,defillama
stable_frax,2026-05-21,193161869,defillama
stable_frax,2026-05-22,199338742,defillama
stable_frax,2026-05-23,197306532,defillama
stable_frax,2026-05-24,197975942,defillama
stable_frax,2026-05-25,198556565,defillama
stable_frax,2026-05-26,198397904,defillama
stable_frax,2026-05-27,197403188,defillama
stable_frax,2026-05-28,197219442,defillama
stable_frax,2026-05-29,206749754,defillama
stable_frax,2026-05-30,206266987,defillama
stable_frax,2026-05-31,206080405,defillama
stable_frax,2026-06-01,206012661,defillama
stable_frax,2026-06-02,205507551,defillama
stable_frax,2026-06-03,200322269,defillama
stable_frax,2026-06-04,202574529,defillama
stable_frax,2026-06-05,201432213,defillama
stable_frax,2026-06-06,201771606,defillama
stable_frax,2026-06-07,201429226,defillama
stable_frax,2026-06-08,201955292,defillama
stable_frax,2026-06-09,202027289,defillama
stable_frax,2026-06-10,200977258,defillama
stable_frax,2026-06-11,199191943,defillama
stable_frax,2026-06-12,197954526,defillama
stable_frax,2026-06-13,197818017,defillama
stable_frax,2026-06-14,197764324,defillama
stable_frax,2026-06-15,197695225,defillama
stable_frax,2026-06-16,196143772,defillama
stable_frax,2026-06-17,195157718,defillama
stable_frax,2026-06-18,193528406,defillama
stable_frax,2026-06-19,188843721,defillama
stable_frax,2026-06-20,188372989,defillama
stable_frax,2026-06-21,188247374,defillama
stable_frax,2026-06-22,188030794,defillama
stable_frax,2026-06-23,188023773,defillama
stable_frax,2026-06-24,182879268,defillama
stable_frax,2026-06-25,183890177,defillama
stable_frax,2026-06-26,184365023,defillama
stable_frax,2026-06-27,183829605,defillama
stable_frax,2026-06-28,184720171,defillama
stable_frax,2026-06-29,184168495,defillama
stable_frax,2026-06-30,184148878,defillama
stable_frax,2026-07-01,183580262,defillama
stable_frax,2026-07-02,183897547,defillama
stable_frax,2026-07-03,184079164,defillama
stable_frax,2026-07-04,183240357,defillama
stable_frax,2026-07-05,183022672,defillama
stable_frax,2026-07-06,182870989,defillama
stable_frax,2026-07-07,182753455,defillama
stable_frax,2026-07-08,180535056,defillama
stable_frax,2026-07-09,171615456,defillama
stable_frax,2026-07-10,172019375,defillama
stable_frax,2026-07-11,172257189,defillama
stable_frax,2026-07-12,172065152,defillama
stable_frax,2026-07-13,172436977,defillama
stable_frax,2026-07-14,171076021,defillama
stable_frax,2026-07-15,172105865,defillama
stable_frax,2026-07-16,172874300,defillama
stable_frax,2026-07-17,172007362,defillama
stable_frax,2026-07-18,166494332,defillama
stable_frax,2026-07-19,167490288,defillama
stable_frax,2026-07-20,167352201,defillama
stable_frax,2026-07-21,168165413,defillama
stable_frax,2026-07-22,168059633,defillama
stable_frax,2026-07-23,167663544,defillama
stable_frax,2026-07-24,167203899,defillama
stable_frax,2026-07-25,156850866,defillama
stable_frax,2026-07-26,156982209,defillama
stable_frax,2026-07-27,156852236,defillama
stable_frax,2026-07-28,157082649,defillama
stable_frax,2026-07-29,158150468,defillama
stable_frax,2026-07-30,158093872,defillama
stable_frax,2026-07-31,159442895,defillama
stable_frax,2026-08-01,158293384,defillama
stable_frax,2026-08-02,157807308,defillama
stable_frax,2026-08-03,157455252,defillama
stable_frax,2026-08-04,157488909,defillama
stable_frax,2026-08-05,156911357,defillama
stable_frax,2026-08-06,156580918,defillama
stable_frax,2026-08-07,157212449,defillama
stable_frax,2026-08-08,159730852,defillama
stable_frax,2026-08-09,159635360,defillama
stable_frax,2026-08-10,159622944,defillama
stable_frax,2026-08-11,162075945,defillama
stable_frax,2026-08-12,158825499,defillama
stable_frax,2026-08-13,158405079,defillama
stable_frax,2026-08-14,159721307,defillama
stable_frax,2026-08-15,161290287,defillama
stable_frax,2026-08-16,160657117,defillama
stable_frax,2026-08-17,160494492,defillama
stable_frax,2026-08-18,159922395,defillama
stable_frax,2026-08-19,159242394,defillama
stable_frax,2026-08-20,161900384,defillama
stable_frax,2026-08-21,162368116,defillama
stable_frax,2026-08-22,161447423.22457904,defillama
stable_gho,2023-07-15,279303,defillama
stable_gho,2023-07-16,1328343,defillama
stable_gho,2023-07-17,2220643,defillama
stable_gho,2023-07-18,2764489,defillama
stable_gho,2023-07-19,3147673,defillama
stable_gho,2023-07-20,3515603,defillama
stable_gho,2023-07-21,5528083,defillama
stable_gho,2023-07-22,6154328,defillama
stable_gho,2023-07-23,6705797,defillama
stable_gho,2023-07-24,7116216,defillama
stable_gho,2023-07-25,7895892,defillama
stable_gho,2023-07-26,7779649,defillama
stable_gho,2023-07-27,8134611,defillama
stable_gho,2023-07-28,8242917,defillama
stable_gho,2023-07-29,8709114,defillama
stable_gho,2023-07-30,9006204,defillama
stable_gho,2023-07-31,9449773,defillama
stable_gho,2023-08-01,9947833,defillama
stable_gho,2023-08-02,10790944,defillama
stable_gho,2023-08-03,11271505,defillama
stable_gho,2023-08-04,12067313,defillama
stable_gho,2023-08-05,13222345,defillama
stable_gho,2023-08-06,13731389,defillama
stable_gho,2023-08-07,13805567,defillama
stable_gho,2023-08-08,17525070,defillama
stable_gho,2023-08-09,19036202,defillama
stable_gho,2023-08-10,17259170,defillama
stable_gho,2023-08-11,18194756,defillama
stable_gho,2023-08-12,19779567,defillama
stable_gho,2023-08-13,20328138,defillama
stable_gho,2023-08-14,20197742,defillama
stable_gho,2023-08-15,22473222,defillama
stable_gho,2023-08-16,23433855,defillama
stable_gho,2023-08-17,22415399,defillama
stable_gho,2023-08-18,20763704,defillama
stable_gho,2023-08-19,20818625,defillama
stable_gho,2023-08-20,21363054,defillama
stable_gho,2023-08-21,21470993,defillama
stable_gho,2023-08-22,21982151,defillama
stable_gho,2023-08-23,23398281,defillama
stable_gho,2023-08-24,23693784,defillama
stable_gho,2023-08-25,23974797,defillama
stable_gho,2023-08-26,23974797,defillama
stable_gho,2023-08-27,23974797,defillama
stable_gho,2023-08-28,23974797,defillama
stable_gho,2023-08-29,23974797,defillama
stable_gho,2023-08-30,23960799,defillama
stable_gho,2023-08-31,23617358,defillama
stable_gho,2023-09-01,23611542,defillama
stable_gho,2023-09-02,23606776,defillama
stable_gho,2023-09-03,24087096,defillama
stable_gho,2023-09-04,24486181,defillama
stable_gho,2023-09-05,24950741,defillama
stable_gho,2023-09-06,21158651,defillama
stable_gho,2023-09-07,21575150,defillama
stable_gho,2023-09-08,21749441,defillama
stable_gho,2023-09-09,21832485,defillama
stable_gho,2023-09-10,21831554,defillama
stable_gho,2023-09-11,22410724,defillama
stable_gho,2023-09-12,22751431,defillama
stable_gho,2023-09-13,22852603,defillama
stable_gho,2023-09-14,23036941,defillama
stable_gho,2023-09-15,23233482,defillama
stable_gho,2023-09-16,23337476,defillama
stable_gho,2023-09-17,23460103,defillama
stable_gho,2023-09-18,23549639,defillama
stable_gho,2023-09-19,23375702,defillama
stable_gho,2023-09-20,23140701,defillama
stable_gho,2023-09-21,22948338,defillama
stable_gho,2023-09-22,22884437,defillama
stable_gho,2023-09-23,22726150,defillama
stable_gho,2023-09-24,22834335,defillama
stable_gho,2023-09-25,22777794,defillama
stable_gho,2023-09-26,22710750,defillama
stable_gho,2023-09-27,22763606,defillama
stable_gho,2023-09-28,22260241,defillama
stable_gho,2023-09-29,22725558,defillama
stable_gho,2023-09-30,22907400,defillama
stable_gho,2023-10-01,23097801,defillama
stable_gho,2023-10-02,23174764,defillama
stable_gho,2023-10-03,23523875,defillama
stable_gho,2023-10-04,23822222,defillama
stable_gho,2023-10-05,23944095,defillama
stable_gho,2023-10-06,24008815,defillama
stable_gho,2023-10-07,23927663,defillama
stable_gho,2023-10-08,24279319,defillama
stable_gho,2023-10-09,24328794,defillama
stable_gho,2023-10-10,24259966,defillama
stable_gho,2023-10-11,24289087,defillama
stable_gho,2023-10-12,24425140,defillama
stable_gho,2023-10-13,24822737,defillama
stable_gho,2023-10-14,24903402,defillama
stable_gho,2023-10-15,24988111,defillama
stable_gho,2023-10-16,24859701,defillama
stable_gho,2023-10-17,25118191,defillama
stable_gho,2023-10-18,25360753,defillama
stable_gho,2023-10-19,24925172,defillama
stable_gho,2023-10-20,23918794,defillama
stable_gho,2023-10-21,24093302,defillama
stable_gho,2023-10-22,24472217,defillama
stable_gho,2023-10-23,24687335,defillama
stable_gho,2023-10-24,25524414,defillama
stable_gho,2023-10-25,26381356,defillama
stable_gho,2023-10-26,26739982,defillama
stable_gho,2023-10-27,26460273,defillama
stable_gho,2023-10-28,26688353,defillama
stable_gho,2023-10-29,26862409,defillama
stable_gho,2023-10-30,26943062,defillama
stable_gho,2023-10-31,28046868,defillama
stable_gho,2023-11-01,28065061,defillama
stable_gho,2023-11-02,27703225,defillama
stable_gho,2023-11-03,28210395,defillama
stable_gho,2023-11-04,28296687,defillama
stable_gho,2023-11-05,29406451,defillama
stable_gho,2023-11-06,30118290,defillama
stable_gho,2023-11-07,30381955,defillama
stable_gho,2023-11-08,30749264,defillama
stable_gho,2023-11-09,30938044,defillama
stable_gho,2023-11-10,32054816,defillama
stable_gho,2023-11-11,32337070,defillama
stable_gho,2023-11-12,32273429,defillama
stable_gho,2023-11-13,33124858,defillama
stable_gho,2023-11-14,34866297,defillama
stable_gho,2023-11-15,34849158,defillama
stable_gho,2023-11-16,33473423,defillama
stable_gho,2023-11-17,33417962,defillama
stable_gho,2023-11-18,32436713,defillama
stable_gho,2023-11-19,32501042,defillama
stable_gho,2023-11-20,33987448,defillama
stable_gho,2023-11-21,34698523,defillama
stable_gho,2023-11-22,33511452,defillama
stable_gho,2023-11-23,34680788,defillama
stable_gho,2023-11-24,34617895,defillama
stable_gho,2023-11-25,34738241,defillama
stable_gho,2023-11-26,34513792,defillama
stable_gho,2023-11-27,34612489,defillama
stable_gho,2023-11-28,34692304,defillama
stable_gho,2023-11-29,34846989,defillama
stable_gho,2023-11-30,34796567,defillama
stable_gho,2023-12-01,34831530,defillama
stable_gho,2023-12-02,34834254,defillama
stable_gho,2023-12-03,34830946,defillama
stable_gho,2023-12-04,34788488,defillama
stable_gho,2023-12-05,34820307,defillama
stable_gho,2023-12-06,34814803,defillama
stable_gho,2023-12-07,34802663,defillama
stable_gho,2023-12-08,34809624,defillama
stable_gho,2023-12-09,34805967,defillama
stable_gho,2023-12-10,34800441,defillama
stable_gho,2023-12-11,34797450,defillama
stable_gho,2023-12-12,34789064,defillama
stable_gho,2023-12-13,34787675,defillama
stable_gho,2023-12-14,34784639,defillama
stable_gho,2023-12-15,34778119,defillama
stable_gho,2023-12-16,34773957,defillama
stable_gho,2023-12-17,34762854,defillama
stable_gho,2023-12-18,34755305,defillama
stable_gho,2023-12-19,34759977,defillama
stable_gho,2023-12-20,34756237,defillama
stable_gho,2023-12-21,34750562,defillama
stable_gho,2023-12-22,34723681,defillama
stable_gho,2023-12-23,34747109,defillama
stable_gho,2023-12-24,34741842,defillama
stable_gho,2023-12-25,34736569,defillama
stable_gho,2023-12-26,34731714,defillama
stable_gho,2023-12-27,34730210,defillama
stable_gho,2023-12-28,34722243,defillama
stable_gho,2023-12-29,34716834,defillama
stable_gho,2023-12-30,34711738,defillama
stable_gho,2023-12-31,34707009,defillama
stable_gho,2024-01-01,34705095,defillama
stable_gho,2024-01-02,34697524,defillama
stable_gho,2024-01-03,34694314,defillama
stable_gho,2024-01-04,34686668,defillama
stable_gho,2024-01-05,34690380,defillama
stable_gho,2024-01-06,34685355,defillama
stable_gho,2024-01-07,34679368,defillama
stable_gho,2024-01-08,34670557,defillama
stable_gho,2024-01-09,34668634,defillama
stable_gho,2024-01-10,34663533,defillama
stable_gho,2024-01-11,34657182,defillama
stable_gho,2024-01-12,34655954,defillama
stable_gho,2024-01-13,34648325,defillama
stable_gho,2024-01-14,34644488,defillama
stable_gho,2024-01-15,34637575,defillama
stable_gho,2024-01-16,34624111,defillama
stable_gho,2024-01-17,34629692,defillama
stable_gho,2024-01-18,34601309,defillama
stable_gho,2024-01-19,34617659,defillama
stable_gho,2024-01-20,34617659,defillama
stable_gho,2024-01-21,34609683,defillama
stable_gho,2024-01-22,34587131,defillama
stable_gho,2024-01-23,34577888,defillama
stable_gho,2024-01-24,34595083,defillama
stable_gho,2024-01-25,34592726,defillama
stable_gho,2024-01-26,34603048,defillama
stable_gho,2024-01-27,34599172,defillama
stable_gho,2024-01-28,34594183,defillama
stable_gho,2024-01-29,34586317,defillama
stable_gho,2024-01-30,34558960,defillama
stable_gho,2024-01-31,34571525,defillama
stable_gho,2024-02-01,34551707,defillama
stable_gho,2024-02-02,34569893,defillama
stable_gho,2024-02-03,34505197,defillama
stable_gho,2024-02-04,34563105,defillama
stable_gho,2024-02-05,34562121,defillama
stable_gho,2024-02-06,34557046,defillama
stable_gho,2024-02-07,34551544,defillama
stable_gho,2024-02-08,34547078,defillama
stable_gho,2024-02-09,34547078,defillama
stable_gho,2024-02-10,34541878,defillama
stable_gho,2024-02-11,34541878,defillama
stable_gho,2024-02-12,34532962,defillama
stable_gho,2024-02-13,34523049,defillama
stable_gho,2024-02-14,34511457,defillama
stable_gho,2024-02-15,34506306,defillama
stable_gho,2024-02-16,34499657,defillama
stable_gho,2024-02-17,34495623,defillama
stable_gho,2024-02-18,34490292,defillama
stable_gho,2024-02-19,34485714,defillama
stable_gho,2024-02-20,34482970,defillama
stable_gho,2024-02-21,34474524,defillama
stable_gho,2024-02-22,34474524,defillama
stable_gho,2024-02-23,34465380,defillama
stable_gho,2024-02-24,34448574,defillama
stable_gho,2024-02-25,34451115,defillama
stable_gho,2024-02-26,34449418,defillama
stable_gho,2024-02-27,34442142,defillama
stable_gho,2024-02-28,34436565,defillama
stable_gho,2024-02-29,34429886,defillama
stable_gho,2024-03-01,34428402,defillama
stable_gho,2024-03-02,35179486,defillama
stable_gho,2024-03-03,39424668,defillama
stable_gho,2024-03-04,39422668,defillama
stable_gho,2024-03-05,39413574,defillama
stable_gho,2024-03-06,39405278,defillama
stable_gho,2024-03-07,39398070,defillama
stable_gho,2024-03-08,39392887,defillama
stable_gho,2024-03-09,39371664,defillama
stable_gho,2024-03-10,39385638,defillama
stable_gho,2024-03-11,39372975,defillama
stable_gho,2024-03-12,39363987,defillama
stable_gho,2024-03-13,39360065,defillama
stable_gho,2024-03-14,39360065,defillama
stable_gho,2024-03-15,39343716,defillama
stable_gho,2024-03-16,39335874,defillama
stable_gho,2024-03-17,39335726,defillama
stable_gho,2024-03-18,39334990,defillama
stable_gho,2024-03-19,39327384,defillama
stable_gho,2024-03-20,39332023,defillama
stable_gho,2024-03-21,39326086,defillama
stable_gho,2024-03-22,39325386,defillama
stable_gho,2024-03-23,39315386,defillama
stable_gho,2024-03-24,39297766,defillama
stable_gho,2024-03-25,39290621,defillama
stable_gho,2024-03-26,39290621,defillama
stable_gho,2024-03-27,39273268,defillama
stable_gho,2024-03-28,39273168,defillama
stable_gho,2024-03-29,41262396,defillama
stable_gho,2024-03-30,41254694,defillama
stable_gho,2024-03-31,41245639,defillama
stable_gho,2024-04-01,41244676,defillama
stable_gho,2024-04-02,41128905,defillama
stable_gho,2024-04-03,45230441,defillama
stable_gho,2024-04-04,45230441,defillama
stable_gho,2024-04-05,45229914,defillama
stable_gho,2024-04-06,45203312,defillama
stable_gho,2024-04-07,45196814,defillama
stable_gho,2024-04-08,45199135,defillama
stable_gho,2024-04-09,44913321,defillama
stable_gho,2024-04-10,46188776,defillama
stable_gho,2024-04-11,47180845,defillama
stable_gho,2024-04-12,47159184,defillama
stable_gho,2024-04-13,46888874,defillama
stable_gho,2024-04-14,46950150,defillama
stable_gho,2024-04-15,47185052,defillama
stable_gho,2024-04-16,47157508,defillama
stable_gho,2024-04-17,47159466,defillama
stable_gho,2024-04-18,47097264,defillama
stable_gho,2024-04-19,47125279,defillama
stable_gho,2024-04-20,47125684,defillama
stable_gho,2024-04-21,46972311,defillama
stable_gho,2024-04-22,47108880,defillama
stable_gho,2024-04-23,49098600,defillama
stable_gho,2024-04-24,49096720,defillama
stable_gho,2024-04-25,49029397,defillama
stable_gho,2024-04-26,48968947,defillama
stable_gho,2024-04-27,48979582,defillama
stable_gho,2024-04-28,48943419,defillama
stable_gho,2024-04-29,49010227,defillama
stable_gho,2024-04-30,49012604,defillama
stable_gho,2024-05-01,48998570,defillama
stable_gho,2024-05-02,48999700,defillama
stable_gho,2024-05-03,50800986,defillama
stable_gho,2024-05-04,51103233,defillama
stable_gho,2024-05-05,51228021,defillama
stable_gho,2024-05-06,51338427,defillama
stable_gho,2024-05-07,50767708,defillama
stable_gho,2024-05-08,50453310,defillama
stable_gho,2024-05-09,52183122,defillama
stable_gho,2024-05-10,51568005,defillama
stable_gho,2024-05-11,51838946,defillama
stable_gho,2024-05-12,51558196,defillama
stable_gho,2024-05-13,52868053,defillama
stable_gho,2024-05-14,54303233,defillama
stable_gho,2024-05-15,54720863,defillama
stable_gho,2024-05-16,56853506,defillama
stable_gho,2024-05-17,58023452,defillama
stable_gho,2024-05-18,58817526,defillama
stable_gho,2024-05-19,58609544,defillama
stable_gho,2024-05-20,59428605,defillama
stable_gho,2024-05-21,59715568,defillama
stable_gho,2024-05-22,59632642,defillama
stable_gho,2024-05-23,60327859,defillama
stable_gho,2024-05-24,60089324,defillama
stable_gho,2024-05-25,60424459,defillama
stable_gho,2024-05-26,61059621,defillama
stable_gho,2024-05-27,62188347,defillama
stable_gho,2024-05-28,62634855,defillama
stable_gho,2024-05-29,63275639,defillama
stable_gho,2024-05-30,64433315,defillama
stable_gho,2024-05-31,64943080,defillama
stable_gho,2024-06-01,66646478,defillama
stable_gho,2024-06-02,70106445,defillama
stable_gho,2024-06-03,70089430,defillama
stable_gho,2024-06-04,77062159,defillama
stable_gho,2024-06-05,77064058,defillama
stable_gho,2024-06-06,84004495,defillama
stable_gho,2024-06-07,83992078,defillama
stable_gho,2024-06-08,86189601,defillama
stable_gho,2024-06-09,86701335,defillama
stable_gho,2024-06-10,86746763,defillama
stable_gho,2024-06-11,86922517,defillama
stable_gho,2024-06-12,88743128,defillama
stable_gho,2024-06-13,88782395,defillama
stable_gho,2024-06-14,88676134,defillama
stable_gho,2024-06-15,88491273,defillama
stable_gho,2024-06-16,88817083,defillama
stable_gho,2024-06-17,88761782,defillama
stable_gho,2024-06-18,88942978,defillama
stable_gho,2024-06-19,88949020,defillama
stable_gho,2024-06-20,88793580,defillama
stable_gho,2024-06-21,89350723,defillama
stable_gho,2024-06-22,90954384,defillama
stable_gho,2024-06-23,89855866,defillama
stable_gho,2024-06-24,89081442,defillama
stable_gho,2024-06-25,88833056,defillama
stable_gho,2024-06-26,88544609,defillama
stable_gho,2024-06-27,88573957,defillama
stable_gho,2024-06-28,88869606,defillama
stable_gho,2024-06-29,88819993,defillama
stable_gho,2024-06-30,88854763,defillama
stable_gho,2024-07-01,88959138,defillama
stable_gho,2024-07-02,89160901,defillama
stable_gho,2024-07-03,89378709,defillama
stable_gho,2024-07-04,89358425,defillama
stable_gho,2024-07-05,88538041,defillama
stable_gho,2024-07-06,88200277,defillama
stable_gho,2024-07-07,88648958,defillama
stable_gho,2024-07-08,89234775,defillama
stable_gho,2024-07-09,89439425,defillama
stable_gho,2024-07-10,89472734,defillama
stable_gho,2024-07-11,92729520,defillama
stable_gho,2024-07-12,93462974,defillama
stable_gho,2024-07-13,93561134,defillama
stable_gho,2024-07-14,93579187,defillama
stable_gho,2024-07-15,93760944,defillama
stable_gho,2024-07-16,95282579,defillama
stable_gho,2024-07-17,96657923,defillama
stable_gho,2024-07-18,97459692,defillama
stable_gho,2024-07-19,96502319,defillama
stable_gho,2024-07-20,97710887,defillama
stable_gho,2024-07-21,98115190,defillama
stable_gho,2024-07-22,98770538,defillama
stable_gho,2024-07-23,100395625,defillama
stable_gho,2024-07-24,100894794,defillama
stable_gho,2024-07-25,101348470,defillama
stable_gho,2024-07-26,100993161,defillama
stable_gho,2024-07-27,101509096,defillama
stable_gho,2024-07-28,102213636,defillama
stable_gho,2024-07-29,102669528,defillama
stable_gho,2024-07-30,102981892,defillama
stable_gho,2024-07-31,102966556,defillama
stable_gho,2024-08-01,102948866,defillama
stable_gho,2024-08-02,102774322,defillama
stable_gho,2024-08-03,101115419,defillama
stable_gho,2024-08-04,101243222,defillama
stable_gho,2024-08-05,100838500,defillama
stable_gho,2024-08-06,95378510,defillama
stable_gho,2024-08-07,98006230,defillama
stable_gho,2024-08-08,100037822,defillama
stable_gho,2024-08-09,101564019,defillama
stable_gho,2024-08-10,102723322,defillama
stable_gho,2024-08-11,104368550,defillama
stable_gho,2024-08-12,104583786,defillama
stable_gho,2024-08-13,106712709,defillama
stable_gho,2024-08-14,111470327,defillama
stable_gho,2024-08-15,113053895,defillama
stable_gho,2024-08-16,114560020,defillama
stable_gho,2024-08-17,114916816,defillama
stable_gho,2024-08-18,114766455,defillama
stable_gho,2024-08-19,114648077,defillama
stable_gho,2024-08-20,114743080,defillama
stable_gho,2024-08-21,117660001,defillama
stable_gho,2024-08-22,117949328,defillama
stable_gho,2024-08-23,118245569,defillama
stable_gho,2024-08-24,118664179,defillama
stable_gho,2024-08-25,119784017,defillama
stable_gho,2024-08-26,120459573,defillama
stable_gho,2024-08-27,120173457,defillama
stable_gho,2024-08-28,119982403,defillama
stable_gho,2024-08-29,119203956,defillama
stable_gho,2024-08-30,119445662,defillama
stable_gho,2024-08-31,121226673,defillama
stable_gho,2024-09-01,121543987,defillama
stable_gho,2024-09-02,121287844,defillama
stable_gho,2024-09-03,122447857,defillama
stable_gho,2024-09-04,123346070,defillama
stable_gho,2024-09-05,126163934,defillama
stable_gho,2024-09-06,126606748,defillama
stable_gho,2024-09-07,131522608,defillama
stable_gho,2024-09-08,134408878,defillama
stable_gho,2024-09-09,134431097,defillama
stable_gho,2024-09-10,134144047,defillama
stable_gho,2024-09-11,134985395,defillama
stable_gho,2024-09-12,135392896,defillama
stable_gho,2024-09-13,136227610,defillama
stable_gho,2024-09-14,140378786,defillama
stable_gho,2024-09-15,141173963,defillama
stable_gho,2024-09-16,141269568,defillama
stable_gho,2024-09-17,141506803,defillama
stable_gho,2024-09-18,142054650,defillama
stable_gho,2024-09-19,142577051,defillama
stable_gho,2024-09-20,146832543,defillama
stable_gho,2024-09-21,150750886,defillama
stable_gho,2024-09-22,148372085,defillama
stable_gho,2024-09-23,149161988,defillama
stable_gho,2024-09-24,149385487,defillama
stable_gho,2024-09-25,150142259,defillama
stable_gho,2024-09-26,151880217,defillama
stable_gho,2024-09-27,152571313,defillama
stable_gho,2024-09-28,152140791,defillama
stable_gho,2024-09-29,151773441,defillama
stable_gho,2024-09-30,152301130,defillama
stable_gho,2024-10-01,153279508,defillama
stable_gho,2024-10-02,153625024,defillama
stable_gho,2024-10-03,154899602,defillama
stable_gho,2024-10-04,155783422,defillama
stable_gho,2024-10-05,157495975,defillama
stable_gho,2024-10-06,157718839,defillama
stable_gho,2024-10-07,158064781,defillama
stable_gho,2024-10-08,158207249,defillama
stable_gho,2024-10-09,159010028,defillama
stable_gho,2024-10-10,159275336,defillama
stable_gho,2024-10-11,154555294,defillama
stable_gho,2024-10-12,145214919,defillama
stable_gho,2024-10-13,147617870,defillama
stable_gho,2024-10-14,151827988,defillama
stable_gho,2024-10-15,152724490,defillama
stable_gho,2024-10-16,156028847,defillama
stable_gho,2024-10-17,156483461,defillama
stable_gho,2024-10-18,157320539,defillama
stable_gho,2024-10-19,157807631,defillama
stable_gho,2024-10-20,159417080,defillama
stable_gho,2024-10-21,159841280,defillama
stable_gho,2024-10-22,161353848,defillama
stable_gho,2024-10-23,162899727,defillama
stable_gho,2024-10-24,163675620,defillama
stable_gho,2024-10-25,166939070,defillama
stable_gho,2024-10-26,166488281,defillama
stable_gho,2024-10-27,167151879,defillama
stable_gho,2024-10-28,168306000,defillama
stable_gho,2024-10-29,167785677,defillama
stable_gho,2024-10-30,170798621,defillama
stable_gho,2024-10-31,172191527,defillama
stable_gho,2024-11-01,180326515,defillama
stable_gho,2024-11-02,177975481,defillama
stable_gho,2024-11-03,178219687,defillama
stable_gho,2024-11-04,178242912,defillama
stable_gho,2024-11-05,175691228,defillama
stable_gho,2024-11-06,174940941,defillama
stable_gho,2024-11-07,172544310,defillama
stable_gho,2024-11-08,174603628,defillama
stable_gho,2024-11-09,174954979,defillama
stable_gho,2024-11-10,177134835,defillama
stable_gho,2024-11-11,178758382,defillama
stable_gho,2024-11-12,181068321,defillama
stable_gho,2024-11-13,183457307,defillama
stable_gho,2024-11-14,182903222,defillama
stable_gho,2024-11-15,183387521,defillama
stable_gho,2024-11-16,182796023,defillama
stable_gho,2024-11-17,182812138,defillama
stable_gho,2024-11-18,183139895,defillama
stable_gho,2024-11-19,183080608,defillama
stable_gho,2024-11-20,182313652,defillama
stable_gho,2024-11-21,178327101,defillama
stable_gho,2024-11-22,171223851,defillama
stable_gho,2024-11-23,173525573,defillama
stable_gho,2024-11-24,174441418,defillama
stable_gho,2024-11-25,173397389,defillama
stable_gho,2024-11-26,172263557,defillama
stable_gho,2024-11-27,173043819,defillama
stable_gho,2024-11-28,174710381,defillama
stable_gho,2024-11-29,177851058,defillama
stable_gho,2024-11-30,176093805,defillama
stable_gho,2024-12-01,165498046,defillama
stable_gho,2024-12-02,163828722,defillama
stable_gho,2024-12-03,169134263,defillama
stable_gho,2024-12-04,169029020,defillama
stable_gho,2024-12-05,167312261,defillama
stable_gho,2024-12-06,168945556,defillama
stable_gho,2024-12-07,168928088,defillama
stable_gho,2024-12-08,168877000,defillama
stable_gho,2024-12-09,168868659,defillama
stable_gho,2024-12-10,168811802,defillama
stable_gho,2024-12-11,168115908,defillama
stable_gho,2024-12-12,162478684,defillama
stable_gho,2024-12-13,159587775,defillama
stable_gho,2024-12-14,158365906,defillama
stable_gho,2024-12-15,155537996,defillama
stable_gho,2024-12-16,155086525,defillama
stable_gho,2024-12-17,157382348,defillama
stable_gho,2024-12-18,155290038,defillama
stable_gho,2024-12-19,155329521,defillama
stable_gho,2024-12-20,154076571,defillama
stable_gho,2024-12-21,151969601,defillama
stable_gho,2024-12-22,148997692,defillama
stable_gho,2024-12-23,148832308,defillama
stable_gho,2024-12-24,148542688,defillama
stable_gho,2024-12-25,148342254,defillama
stable_gho,2024-12-26,147849197,defillama
stable_gho,2024-12-27,147316791,defillama
stable_gho,2024-12-28,145452304,defillama
stable_gho,2024-12-29,145143964,defillama
stable_gho,2024-12-30,145503349,defillama
stable_gho,2024-12-31,146068028,defillama
stable_gho,2025-01-01,146299285,defillama
stable_gho,2025-01-02,146692812,defillama
stable_gho,2025-01-03,147057590,defillama
stable_gho,2025-01-04,146499928,defillama
stable_gho,2025-01-05,146930296,defillama
stable_gho,2025-01-06,147120088,defillama
stable_gho,2025-01-07,147124816,defillama
stable_gho,2025-01-08,148237806,defillama
stable_gho,2025-01-09,148708385,defillama
stable_gho,2025-01-10,148604251,defillama
stable_gho,2025-01-11,147521976,defillama
stable_gho,2025-01-12,145767873,defillama
stable_gho,2025-01-13,156678208,defillama
stable_gho,2025-01-14,159308923,defillama
stable_gho,2025-01-15,162426109,defillama
stable_gho,2025-01-16,164092431,defillama
stable_gho,2025-01-17,165935546,defillama
stable_gho,2025-01-18,166887263,defillama
stable_gho,2025-01-19,171407633,defillama
stable_gho,2025-01-20,172667450,defillama
stable_gho,2025-01-21,173393664,defillama
stable_gho,2025-01-22,173675644,defillama
stable_gho,2025-01-23,173585704,defillama
stable_gho,2025-01-24,175708016,defillama
stable_gho,2025-01-25,176819631,defillama
stable_gho,2025-01-26,178979034,defillama
stable_gho,2025-01-27,178453847,defillama
stable_gho,2025-01-28,178844732,defillama
stable_gho,2025-01-29,178878508,defillama
stable_gho,2025-01-30,182676150,defillama
stable_gho,2025-01-31,182309622,defillama
stable_gho,2025-02-01,182265870,defillama
stable_gho,2025-02-02,182238493,defillama
stable_gho,2025-02-03,180719663,defillama
stable_gho,2025-02-04,178593391,defillama
stable_gho,2025-02-05,182530894,defillama
stable_gho,2025-02-06,182527985,defillama
stable_gho,2025-02-07,187478041,defillama
stable_gho,2025-02-08,186620009,defillama
stable_gho,2025-02-09,187464474,defillama
stable_gho,2025-02-10,187936254,defillama
stable_gho,2025-02-11,191492405,defillama
stable_gho,2025-02-12,191040317,defillama
stable_gho,2025-02-13,190512114,defillama
stable_gho,2025-02-14,193313585,defillama
stable_gho,2025-02-15,195676183,defillama
stable_gho,2025-02-16,197416162,defillama
stable_gho,2025-02-17,198501189,defillama
stable_gho,2025-02-18,198551690,defillama
stable_gho,2025-02-19,198023004,defillama
stable_gho,2025-02-20,197632221,defillama
stable_gho,2025-02-21,202596346,defillama
stable_gho,2025-02-22,203686140,defillama
stable_gho,2025-02-23,203000146,defillama
stable_gho,2025-02-24,206438426,defillama
stable_gho,2025-02-25,208463617,defillama
stable_gho,2025-02-26,208232291,defillama
stable_gho,2025-02-27,210400632,defillama
stable_gho,2025-02-28,209885702,defillama
stable_gho,2025-03-01,207166555,defillama
stable_gho,2025-03-02,207798382,defillama
stable_gho,2025-03-03,210916139,defillama
stable_gho,2025-03-04,210056603,defillama
stable_gho,2025-03-05,208437245,defillama
stable_gho,2025-03-06,205512807,defillama
stable_gho,2025-03-07,205377126,defillama
stable_gho,2025-03-08,204576829,defillama
stable_gho,2025-03-09,203475934,defillama
stable_gho,2025-03-10,202367602,defillama
stable_gho,2025-03-11,203679804,defillama
stable_gho,2025-03-12,203437977,defillama
stable_gho,2025-03-13,203946726,defillama
stable_gho,2025-03-14,202494660,defillama
stable_gho,2025-03-15,205321208,defillama
stable_gho,2025-03-16,205194839,defillama
stable_gho,2025-03-17,203750598,defillama
stable_gho,2025-03-18,202695404,defillama
stable_gho,2025-03-19,209310096,defillama
stable_gho,2025-03-20,210459288,defillama
stable_gho,2025-03-21,210854893,defillama
stable_gho,2025-03-22,212560651,defillama
stable_gho,2025-03-23,212631405,defillama
stable_gho,2025-03-24,211242284,defillama
stable_gho,2025-03-25,211549373,defillama
stable_gho,2025-03-26,208732646,defillama
stable_gho,2025-03-27,208146242,defillama
stable_gho,2025-03-28,208455386,defillama
stable_gho,2025-03-29,214679597,defillama
stable_gho,2025-03-30,213644900,defillama
stable_gho,2025-03-31,213712490,defillama
stable_gho,2025-04-01,213276030,defillama
stable_gho,2025-04-02,213228263,defillama
stable_gho,2025-04-03,213274958,defillama
stable_gho,2025-04-04,211731211,defillama
stable_gho,2025-04-05,211509199,defillama
stable_gho,2025-04-06,211158031,defillama
stable_gho,2025-04-07,204884091,defillama
stable_gho,2025-04-08,201157518,defillama
stable_gho,2025-04-09,200934330,defillama
stable_gho,2025-04-10,209366901,defillama
stable_gho,2025-04-11,211097547,defillama
stable_gho,2025-04-12,209880707,defillama
stable_gho,2025-04-13,211115756,defillama
stable_gho,2025-04-14,211137033,defillama
stable_gho,2025-04-15,211120694,defillama
stable_gho,2025-04-16,210318976,defillama
stable_gho,2025-04-17,212018010,defillama
stable_gho,2025-04-18,217174469,defillama
stable_gho,2025-04-19,217770137,defillama
stable_gho,2025-04-20,218987302,defillama
stable_gho,2025-04-21,219607363,defillama
stable_gho,2025-04-22,220438317,defillama
stable_gho,2025-04-23,220000349,defillama
stable_gho,2025-04-24,220037655,defillama
stable_gho,2025-04-25,220549789,defillama
stable_gho,2025-04-26,220790308,defillama
stable_gho,2025-04-27,225495970,defillama
stable_gho,2025-04-28,222362923,defillama
stable_gho,2025-04-29,232396737,defillama
stable_gho,2025-04-30,233134448,defillama
stable_gho,2025-05-01,233652374,defillama
stable_gho,2025-05-02,239429087,defillama
stable_gho,2025-05-03,241370855,defillama
stable_gho,2025-05-04,241352460,defillama
stable_gho,2025-05-05,242709043,defillama
stable_gho,2025-05-06,243402356,defillama
stable_gho,2025-05-07,243654829,defillama
stable_gho,2025-05-08,244042492,defillama
stable_gho,2025-05-09,256579469,defillama
stable_gho,2025-05-10,261767348,defillama
stable_gho,2025-05-11,262555421,defillama
stable_gho,2025-05-12,263093828,defillama
stable_gho,2025-05-13,264615258,defillama
stable_gho,2025-05-14,264687216,defillama
stable_gho,2025-05-15,264616048,defillama
stable_gho,2025-05-16,264097930,defillama
stable_gho,2025-05-17,262474777,defillama
stable_gho,2025-05-18,262153730,defillama
stable_gho,2025-05-19,258952566,defillama
stable_gho,2025-05-20,261632639,defillama
stable_gho,2025-05-21,261277715,defillama
stable_gho,2025-05-22,260498771,defillama
stable_gho,2025-05-23,257575748,defillama
stable_gho,2025-05-24,253477619,defillama
stable_gho,2025-05-25,251637837,defillama
stable_gho,2025-05-26,251288198,defillama
stable_gho,2025-05-27,251004493,defillama
stable_gho,2025-05-28,250939978,defillama
stable_gho,2025-05-29,249246746,defillama
stable_gho,2025-05-30,245987405,defillama
stable_gho,2025-05-31,246920655,defillama
stable_gho,2025-06-01,244368100,defillama
stable_gho,2025-06-02,238346841,defillama
stable_gho,2025-06-03,239353707,defillama
stable_gho,2025-06-04,238168485,defillama
stable_gho,2025-06-05,238527014,defillama
stable_gho,2025-06-06,239113126,defillama
stable_gho,2025-06-07,234486482,defillama
stable_gho,2025-06-08,234257573,defillama
stable_gho,2025-06-09,223716404,defillama
stable_gho,2025-06-10,222027096,defillama
stable_gho,2025-06-11,218946645,defillama
stable_gho,2025-06-12,218337482,defillama
stable_gho,2025-06-13,218953310,defillama
stable_gho,2025-06-14,219061500,defillama
stable_gho,2025-06-15,219060340,defillama
stable_gho,2025-06-16,219045454,defillama
stable_gho,2025-06-17,219026561,defillama
stable_gho,2025-06-18,216479089,defillama
stable_gho,2025-06-19,223552189,defillama
stable_gho,2025-06-20,223360228,defillama
stable_gho,2025-06-21,227720946,defillama
stable_gho,2025-06-22,223659661,defillama
stable_gho,2025-06-23,238190439,defillama
stable_gho,2025-06-24,248576866,defillama
stable_gho,2025-06-25,234491364,defillama
stable_gho,2025-06-26,230729879,defillama
stable_gho,2025-06-27,225383200,defillama
stable_gho,2025-06-28,224286097,defillama
stable_gho,2025-06-29,224151886,defillama
stable_gho,2025-06-30,224263086,defillama
stable_gho,2025-07-01,224937059,defillama
stable_gho,2025-07-02,224891231,defillama
stable_gho,2025-07-03,226667321,defillama
stable_gho,2025-07-04,301995991,defillama
stable_gho,2025-07-05,301996241,defillama
stable_gho,2025-07-06,301996241,defillama
stable_gho,2025-07-07,301996241,defillama
stable_gho,2025-07-08,301996241,defillama
stable_gho,2025-07-09,311996832,defillama
stable_gho,2025-07-10,311997253,defillama
stable_gho,2025-07-11,312000431,defillama
stable_gho,2025-07-12,312011043,defillama
stable_gho,2025-07-13,312028246,defillama
stable_gho,2025-07-14,312084036,defillama
stable_gho,2025-07-15,312084036,defillama
stable_gho,2025-07-16,312084036,defillama
stable_gho,2025-07-17,312085753,defillama
stable_gho,2025-07-18,312085753,defillama
stable_gho,2025-07-19,314260478,defillama
stable_gho,2025-07-20,314227249,defillama
stable_gho,2025-07-21,314227249,defillama
stable_gho,2025-07-22,314227072,defillama
stable_gho,2025-07-23,314227072,defillama
stable_gho,2025-07-24,314286068,defillama
stable_gho,2025-07-25,314286098,defillama
stable_gho,2025-07-26,312707210,defillama
stable_gho,2025-07-27,310611031,defillama
stable_gho,2025-07-28,310606319,defillama
stable_gho,2025-07-29,309079483,defillama
stable_gho,2025-07-30,305699090,defillama
stable_gho,2025-07-31,305699090,defillama
stable_gho,2025-08-01,304968104,defillama
stable_gho,2025-08-02,304968104,defillama
stable_gho,2025-08-03,305369254,defillama
stable_gho,2025-08-04,305369254,defillama
stable_gho,2025-08-05,305369254,defillama
stable_gho,2025-08-06,305369254,defillama
stable_gho,2025-08-07,305369274,defillama
stable_gho,2025-08-08,335549241,defillama
stable_gho,2025-08-09,335664954,defillama
stable_gho,2025-08-10,335702152,defillama
stable_gho,2025-08-11,335763077,defillama
stable_gho,2025-08-12,335897162,defillama
stable_gho,2025-08-13,335897162,defillama
stable_gho,2025-08-14,349400422,defillama
stable_gho,2025-08-15,349404977,defillama
stable_gho,2025-08-16,349404977,defillama
stable_gho,2025-08-17,349404977,defillama
stable_gho,2025-08-18,349404977,defillama
stable_gho,2025-08-19,349404977,defillama
stable_gho,2025-08-20,349404977,defillama
stable_gho,2025-08-21,349404977,defillama
stable_gho,2025-08-22,349404977,defillama
stable_gho,2025-08-23,349406453,defillama
stable_gho,2025-08-24,349431153,defillama
stable_gho,2025-08-25,349431155,defillama
stable_gho,2025-08-26,349431155,defillama
stable_gho,2025-08-27,349469786,defillama
stable_gho,2025-08-28,350471349,defillama
stable_gho,2025-08-29,350471349,defillama
stable_gho,2025-08-30,350471349,defillama
stable_gho,2025-08-31,350489127,defillama
stable_gho,2025-09-01,350489127,defillama
stable_gho,2025-09-02,350489127,defillama
stable_gho,2025-09-03,350489127,defillama
stable_gho,2025-09-04,350489127,defillama
stable_gho,2025-09-05,350489135,defillama
stable_gho,2025-09-06,350489135,defillama
stable_gho,2025-09-07,350489145,defillama
stable_gho,2025-09-08,351952799,defillama
stable_gho,2025-09-09,351989137,defillama
stable_gho,2025-09-10,351989137,defillama
stable_gho,2025-09-11,352139137,defillama
stable_gho,2025-09-12,352239823,defillama
stable_gho,2025-09-13,352589307,defillama
stable_gho,2025-09-14,352589555,defillama
stable_gho,2025-09-15,352589555,defillama
stable_gho,2025-09-16,352781746,defillama
stable_gho,2025-09-17,352781746,defillama
stable_gho,2025-09-18,352781746,defillama
stable_gho,2025-09-19,352781746,defillama
stable_gho,2025-09-20,352781746,defillama
stable_gho,2025-09-21,352781746,defillama
stable_gho,2025-09-22,352783922,defillama
stable_gho,2025-09-23,352783922,defillama
stable_gho,2025-09-24,352783922,defillama
stable_gho,2025-09-25,352783922,defillama
stable_gho,2025-09-26,352783922,defillama
stable_gho,2025-09-27,352821319,defillama
stable_gho,2025-09-28,352821319,defillama
stable_gho,2025-09-29,352821319,defillama
stable_gho,2025-09-30,352821319,defillama
stable_gho,2025-10-01,352821323,defillama
stable_gho,2025-10-02,352821323,defillama
stable_gho,2025-10-03,352821323,defillama
stable_gho,2025-10-04,352821323,defillama
stable_gho,2025-10-05,352821578,defillama
stable_gho,2025-10-06,352821578,defillama
stable_gho,2025-10-07,352821578,defillama
stable_gho,2025-10-08,353429169,defillama
stable_gho,2025-10-09,353975260,defillama
stable_gho,2025-10-10,354007588,defillama
stable_gho,2025-10-11,354741889,defillama
stable_gho,2025-10-12,359828267,defillama
stable_gho,2025-10-13,364526236,defillama
stable_gho,2025-10-14,367007414,defillama
stable_gho,2025-10-15,368421008,defillama
stable_gho,2025-10-16,368426339,defillama
stable_gho,2025-10-17,372426339,defillama
stable_gho,2025-10-18,380551590,defillama
stable_gho,2025-10-19,384453227,defillama
stable_gho,2025-10-20,387273534,defillama
stable_gho,2025-10-21,405752727,defillama
stable_gho,2025-10-22,422761812,defillama
stable_gho,2025-10-23,422761812,defillama
stable_gho,2025-10-24,422761812,defillama
stable_gho,2025-10-25,407761812,defillama
stable_gho,2025-10-26,407761812,defillama
stable_gho,2025-10-27,407767497,defillama
stable_gho,2025-10-28,407899238,defillama
stable_gho,2025-10-29,427899238,defillama
stable_gho,2025-10-30,427899238,defillama
stable_gho,2025-10-31,427899238,defillama
stable_gho,2025-11-01,427899238,defillama
stable_gho,2025-11-02,427899242,defillama
stable_gho,2025-11-03,427899242,defillama
stable_gho,2025-11-04,427899242,defillama
stable_gho,2025-11-05,428115056,defillama
stable_gho,2025-11-06,428118222,defillama
stable_gho,2025-11-07,428118222,defillama
stable_gho,2025-11-08,438118222,defillama
stable_gho,2025-11-09,438118222,defillama
stable_gho,2025-11-10,438118371,defillama
stable_gho,2025-11-11,438118371,defillama
stable_gho,2025-11-12,438119011,defillama
stable_gho,2025-11-13,438119011,defillama
stable_gho,2025-11-14,438119011,defillama
stable_gho,2025-11-15,446389402,defillama
stable_gho,2025-11-16,446669257,defillama
stable_gho,2025-11-17,446682990,defillama
stable_gho,2025-11-18,452092262,defillama
stable_gho,2025-11-19,454321600,defillama
stable_gho,2025-11-20,454321600,defillama
stable_gho,2025-11-21,419251723,defillama
stable_gho,2025-11-22,419017158,defillama
stable_gho,2025-11-23,419017158,defillama
stable_gho,2025-11-24,419017158,defillama
stable_gho,2025-11-25,419017158,defillama
stable_gho,2025-11-26,419017158,defillama
stable_gho,2025-11-27,419017158,defillama
stable_gho,2025-11-28,419017158,defillama
stable_gho,2025-11-29,419017158,defillama
stable_gho,2025-11-30,419048251,defillama
stable_gho,2025-12-01,419048251,defillama
stable_gho,2025-12-02,419048251,defillama
stable_gho,2025-12-03,425479841,defillama
stable_gho,2025-12-04,428410790,defillama
stable_gho,2025-12-05,429408701,defillama
stable_gho,2025-12-06,429833663,defillama
stable_gho,2025-12-07,431644058,defillama
stable_gho,2025-12-08,437568316,defillama
stable_gho,2025-12-09,441908946,defillama
stable_gho,2025-12-10,450376532,defillama
stable_gho,2025-12-11,451731572,defillama
stable_gho,2025-12-12,454887414,defillama
stable_gho,2025-12-13,457796894,defillama
stable_gho,2025-12-14,459187292,defillama
stable_gho,2025-12-15,462665301,defillama
stable_gho,2025-12-16,466832260,defillama
stable_gho,2025-12-17,469780871,defillama
stable_gho,2025-12-18,476805142,defillama
stable_gho,2025-12-19,483750770,defillama
stable_gho,2025-12-20,495256818,defillama
stable_gho,2025-12-21,495256818,defillama
stable_gho,2025-12-22,495256818,defillama
stable_gho,2025-12-23,495256818,defillama
stable_gho,2025-12-24,495256818,defillama
stable_gho,2025-12-25,495256818,defillama
stable_gho,2025-12-26,495256818,defillama
stable_gho,2025-12-27,495256818,defillama
stable_gho,2025-12-28,495256818,defillama
stable_gho,2025-12-29,495256818,defillama
stable_gho,2025-12-30,495256818,defillama
stable_gho,2025-12-31,495256818,defillama
stable_gho,2026-01-01,495235347,defillama
stable_gho,2026-01-02,495043411,defillama
stable_gho,2026-01-03,495043411,defillama
stable_gho,2026-01-04,495043411,defillama
stable_gho,2026-01-05,495043411,defillama
stable_gho,2026-01-06,495135688,defillama
stable_gho,2026-01-07,495135688,defillama
stable_gho,2026-01-08,495125435,defillama
stable_gho,2026-01-09,495094813,defillama
stable_gho,2026-01-10,495092395,defillama
stable_gho,2026-01-11,495085778,defillama
stable_gho,2026-01-12,495059193,defillama
stable_gho,2026-01-13,495024221,defillama
stable_gho,2026-01-14,495001942,defillama
stable_gho,2026-01-15,495001942,defillama
stable_gho,2026-01-16,495001942,defillama
stable_gho,2026-01-17,495002230,defillama
stable_gho,2026-01-18,495002230,defillama
stable_gho,2026-01-19,495002230,defillama
stable_gho,2026-01-20,495100331,defillama
stable_gho,2026-01-21,495100331,defillama
stable_gho,2026-01-22,495100331,defillama
stable_gho,2026-01-23,495100331,defillama
stable_gho,2026-01-24,495100331,defillama
stable_gho,2026-01-25,495100331,defillama
stable_gho,2026-01-26,495105050,defillama
stable_gho,2026-01-27,495105050,defillama
stable_gho,2026-01-28,512415313,defillama
stable_gho,2026-01-29,512376369,defillama
stable_gho,2026-01-30,509951609,defillama
stable_gho,2026-01-31,508827682,defillama
stable_gho,2026-02-01,507824915,defillama
stable_gho,2026-02-02,507729093,defillama
stable_gho,2026-02-03,508496503,defillama
stable_gho,2026-02-04,516956503,defillama
stable_gho,2026-02-05,524609558,defillama
stable_gho,2026-02-06,525284975,defillama
stable_gho,2026-02-07,527437858,defillama
stable_gho,2026-02-08,527437858,defillama
stable_gho,2026-02-09,527437881,defillama
stable_gho,2026-02-10,527437881,defillama
stable_gho,2026-02-11,527437881,defillama
stable_gho,2026-02-12,527437881,defillama
stable_gho,2026-02-13,527437881,defillama
stable_gho,2026-02-14,527437881,defillama
stable_gho,2026-02-15,527437881,defillama
stable_gho,2026-02-16,527437881,defillama
stable_gho,2026-02-17,527437875,defillama
stable_gho,2026-02-18,527437882,defillama
stable_gho,2026-02-19,527437882,defillama
stable_gho,2026-02-20,527437882,defillama
stable_gho,2026-02-21,527437882,defillama
stable_gho,2026-02-22,527437882,defillama
stable_gho,2026-02-23,527437882,defillama
stable_gho,2026-02-24,527437882,defillama
stable_gho,2026-02-25,527437882,defillama
stable_gho,2026-02-26,527437882,defillama
stable_gho,2026-02-27,527437882,defillama
stable_gho,2026-02-28,527437882,defillama
stable_gho,2026-03-01,527437882,defillama
stable_gho,2026-03-02,527437882,defillama
stable_gho,2026-03-03,527437882,defillama
stable_gho,2026-03-04,527437882,defillama
stable_gho,2026-03-05,544000000,defillama
stable_gho,2026-03-06,544000000,defillama
stable_gho,2026-03-07,564000000,defillama
stable_gho,2026-03-08,564000000,defillama
stable_gho,2026-03-09,564000000,defillama
stable_gho,2026-03-10,564000000,defillama
stable_gho,2026-03-11,574000000,defillama
stable_gho,2026-03-12,574000000,defillama
stable_gho,2026-03-13,584000000,defillama
stable_gho,2026-03-14,584000000,defillama
stable_gho,2026-03-15,584000000,defillama
stable_gho,2026-03-16,584000000,defillama
stable_gho,2026-03-17,584000000,defillama
stable_gho,2026-03-18,584000000,defillama
stable_gho,2026-03-19,584000000,defillama
stable_gho,2026-03-20,584000000,defillama
stable_gho,2026-03-21,584000000,defillama
stable_gho,2026-03-22,584000000,defillama
stable_gho,2026-03-23,584000000,defillama
stable_gho,2026-03-24,584000000,defillama
stable_gho,2026-03-25,584000000,defillama
stable_gho,2026-03-26,584000000,defillama
stable_gho,2026-03-27,584000000,defillama
stable_gho,2026-03-28,584000000,defillama
stable_gho,2026-03-29,584000000,defillama
stable_gho,2026-03-30,584000000,defillama
stable_gho,2026-03-31,584000000,defillama
stable_gho,2026-04-01,584000000,defillama
stable_gho,2026-04-02,584000000,defillama
stable_gho,2026-04-03,584000000,defillama
stable_gho,2026-04-04,584000000,defillama
stable_gho,2026-04-05,584000000,defillama
stable_gho,2026-04-06,584000000,defillama
stable_gho,2026-04-07,584000000,defillama
stable_gho,2026-04-08,584000000,defillama
stable_gho,2026-04-09,584000000,defillama
stable_gho,2026-04-10,584000000,defillama
stable_gho,2026-04-11,584000000,defillama
stable_gho,2026-04-12,584000000,defillama
stable_gho,2026-04-13,584000000,defillama
stable_gho,2026-04-14,584000000,defillama
stable_gho,2026-04-15,584000000,defillama
stable_gho,2026-04-16,584000000,defillama
stable_gho,2026-04-17,584000000,defillama
stable_gho,2026-04-18,584000000,defillama
stable_gho,2026-04-19,584000000,defillama
stable_gho,2026-04-20,584000000,defillama
stable_gho,2026-04-21,584000000,defillama
stable_gho,2026-04-22,584000000,defillama
stable_gho,2026-04-23,584000000,defillama
stable_gho,2026-04-24,584000000,defillama
stable_gho,2026-04-25,584000000,defillama
stable_gho,2026-04-26,584000000,defillama
stable_gho,2026-04-27,584000000,defillama
stable_gho,2026-04-28,584000000,defillama
stable_gho,2026-04-29,584000000,defillama
stable_gho,2026-04-30,584000000,defillama
stable_gho,2026-05-01,584000000,defillama
stable_gho,2026-05-02,584000000,defillama
stable_gho,2026-05-03,584000000,defillama
stable_gho,2026-05-04,584000000,defillama
stable_gho,2026-05-05,584000000,defillama
stable_gho,2026-05-06,584000000,defillama
stable_gho,2026-05-07,584000000,defillama
stable_gho,2026-05-08,584000000,defillama
stable_gho,2026-05-09,584000000,defillama
stable_gho,2026-05-10,584000000,defillama
stable_gho,2026-05-11,584000000,defillama
stable_gho,2026-05-12,584000000,defillama
stable_gho,2026-05-13,584000000,defillama
stable_gho,2026-05-14,584000000,defillama
stable_gho,2026-05-15,584000000,defillama
stable_gho,2026-05-16,584000000,defillama
stable_gho,2026-05-17,584000000,defillama
stable_gho,2026-05-18,584000000,defillama
stable_gho,2026-05-19,584000000,defillama
stable_gho,2026-05-20,584000000,defillama
stable_gho,2026-05-21,584000000,defillama
stable_gho,2026-05-22,584000000,defillama
stable_gho,2026-05-23,584000000,defillama
stable_gho,2026-05-24,584000000,defillama
stable_gho,2026-05-25,584000000,defillama
stable_gho,2026-05-26,584000000,defillama
stable_gho,2026-05-27,584000000,defillama
stable_gho,2026-05-28,584000000,defillama
stable_gho,2026-05-29,584000000,defillama
stable_gho,2026-05-30,584000000,defillama
stable_gho,2026-05-31,584000000,defillama
stable_gho,2026-06-01,584000000,defillama
stable_gho,2026-06-02,584000000,defillama
stable_gho,2026-06-03,584000000,defillama
stable_gho,2026-06-04,584000000,defillama
stable_gho,2026-06-05,584000000,defillama
stable_gho,2026-06-06,584000000,defillama
stable_gho,2026-06-07,584000000,defillama
stable_gho,2026-06-08,584000000,defillama
stable_gho,2026-06-09,584000000,defillama
stable_gho,2026-06-10,584000000,defillama
stable_gho,2026-06-11,599000000,defillama
stable_gho,2026-06-12,599000000,defillama
stable_gho,2026-06-13,599000000,defillama
stable_gho,2026-06-14,599000000,defillama
stable_gho,2026-06-15,599000000,defillama
stable_gho,2026-06-16,599000000,defillama
stable_gho,2026-06-17,599000000,defillama
stable_gho,2026-06-18,599000000,defillama
stable_gho,2026-06-19,599000000,defillama
stable_gho,2026-06-20,599000000,defillama
stable_gho,2026-06-21,599000000,defillama
stable_gho,2026-06-22,599000000,defillama
stable_gho,2026-06-23,599000000,defillama
stable_gho,2026-06-24,599000000,defillama
stable_gho,2026-06-25,599000000,defillama
stable_gho,2026-06-26,599000000,defillama
stable_gho,2026-06-27,599000000,defillama
stable_gho,2026-06-28,599000000,defillama
stable_gho,2026-06-29,599000000,defillama
stable_gho,2026-06-30,599000000,defillama
stable_gho,2026-07-01,599000000,defillama
stable_gho,2026-07-02,599000000,defillama
stable_gho,2026-07-03,599000000,defillama
stable_gho,2026-07-04,599000000,defillama
stable_gho,2026-07-05,599000000,defillama
stable_gho,2026-07-06,599000000,defillama
stable_gho,2026-07-07,599000000,defillama
stable_gho,2026-07-08,599000000,defillama
stable_gho,2026-07-09,599000000,defillama
stable_gho,2026-07-10,599000000,defillama
stable_gho,2026-07-11,599000000,defillama
stable_gho,2026-07-12,599000000,defillama
stable_gho,2026-07-13,599000000,defillama
stable_gho,2026-07-14,599000000,defillama
stable_gho,2026-07-15,599000000,defillama
stable_gho,2026-07-16,599000000,defillama
stable_gho,2026-07-17,599000000,defillama
stable_gho,2026-07-18,599000000,defillama
stable_gho,2026-07-19,649000000,defillama
stable_gho,2026-07-20,649000000,defillama
stable_gho,2026-07-21,649000000,defillama
stable_gho,2026-07-22,649000000,defillama
stable_gho,2026-07-23,649000000,defillama
stable_gho,2026-07-24,649000000,defillama
stable_gho,2026-07-25,649000000,defillama
stable_gho,2026-07-26,649000000,defillama
stable_gho,2026-07-27,649000000,defillama
stable_gho,2026-07-28,649000000,defillama
stable_gho,2026-07-29,649000000,defillama
stable_gho,2026-07-30,649000000,defillama
stable_gho,2026-07-31,649000000,defillama
stable_gho,2026-08-01,649000000,defillama
stable_gho,2026-08-02,649000000,defillama
stable_gho,2026-08-03,649000000,defillama
stable_gho,2026-08-04,649000000,defillama
stable_gho,2026-08-05,649000000,defillama
stable_gho,2026-08-06,699000000,defillama
stable_gho,2026-08-07,699000000,defillama
stable_gho,2026-08-08,699000000,defillama
stable_gho,2026-08-09,699000000,defillama
stable_gho,2026-08-10,699000000,defillama
stable_gho,2026-08-11,699000000,defillama
stable_gho,2026-08-12,699000000,defillama
stable_gho,2026-08-13,699000000,defillama
stable_gho,2026-08-14,699000000,defillama
stable_gho,2026-08-15,699000000,defillama
stable_gho,2026-08-16,699000000,defillama
stable_gho,2026-08-17,699000000,defillama
stable_gho,2026-08-18,699000000,defillama
stable_gho,2026-08-19,699000000,defillama
stable_gho,2026-08-20,699000000,defillama
stable_gho,2026-08-21,699000000,defillama
stable_gho,2026-08-22,699000000,defillama
stable_pyusd,2023-08-08,78,defillama
stable_pyusd,2023-08-09,78,defillama
stable_pyusd,2023-08-10,98,defillama
stable_pyusd,2023-08-11,127,defillama
stable_pyusd,2023-08-12,177,defillama
stable_pyusd,2023-08-13,187,defillama
stable_pyusd,2023-08-14,235,defillama
stable_pyusd,2023-08-15,307,defillama
stable_pyusd,2023-08-16,373,defillama
stable_pyusd,2023-08-17,383,defillama
stable_pyusd,2023-08-18,510,defillama
stable_pyusd,2023-08-19,2000809,defillama
stable_pyusd,2023-08-20,2000867,defillama
stable_pyusd,2023-08-21,2000946,defillama
stable_pyusd,2023-08-22,2001443,defillama
stable_pyusd,2023-08-23,2002805,defillama
stable_pyusd,2023-08-24,2003121,defillama
stable_pyusd,2023-08-25,3502226,defillama
stable_pyusd,2023-08-26,3503757,defillama
stable_pyusd,2023-08-27,4500830,defillama
stable_pyusd,2023-08-28,4501182,defillama
stable_pyusd,2023-08-29,4500162,defillama
stable_pyusd,2023-08-30,4500021,defillama
stable_pyusd,2023-08-31,4499342,defillama
stable_pyusd,2023-09-01,5496706,defillama
stable_pyusd,2023-09-02,5491848,defillama
stable_pyusd,2023-09-03,5486177,defillama
stable_pyusd,2023-09-04,5484377,defillama
stable_pyusd,2023-09-05,5481390,defillama
stable_pyusd,2023-09-06,5467830,defillama
stable_pyusd,2023-09-07,5478200,defillama
stable_pyusd,2023-09-08,5505903,defillama
stable_pyusd,2023-09-09,6521781,defillama
stable_pyusd,2023-09-10,6497558,defillama
stable_pyusd,2023-09-11,6497847,defillama
stable_pyusd,2023-09-12,6493311,defillama
stable_pyusd,2023-09-13,6479452,defillama
stable_pyusd,2023-09-14,7480344,defillama
stable_pyusd,2023-09-15,7562877,defillama
stable_pyusd,2023-09-16,8347927,defillama
stable_pyusd,2023-09-17,8360003,defillama
stable_pyusd,2023-09-18,8359931,defillama
stable_pyusd,2023-09-19,8459141,defillama
stable_pyusd,2023-09-20,9007344,defillama
stable_pyusd,2023-09-21,9002421,defillama
stable_pyusd,2023-09-22,9456482,defillama
stable_pyusd,2023-09-23,9455908,defillama
stable_pyusd,2023-09-24,9447639,defillama
stable_pyusd,2023-09-25,9545841,defillama
stable_pyusd,2023-09-26,9626215,defillama
stable_pyusd,2023-09-27,10520771,defillama
stable_pyusd,2023-09-28,10496046,defillama
stable_pyusd,2023-09-29,10931300,defillama
stable_pyusd,2023-09-30,60919231,defillama
stable_pyusd,2023-10-01,60911814,defillama
stable_pyusd,2023-10-02,60901029,defillama
stable_pyusd,2023-10-03,60905285,defillama
stable_pyusd,2023-10-04,59981449,defillama
stable_pyusd,2023-10-05,59976507,defillama
stable_pyusd,2023-10-06,75753363,defillama
stable_pyusd,2023-10-07,75755618,defillama
stable_pyusd,2023-10-08,75755003,defillama
stable_pyusd,2023-10-09,75751760,defillama
stable_pyusd,2023-10-10,75752960,defillama
stable_pyusd,2023-10-11,86354575,defillama
stable_pyusd,2023-10-12,86296757,defillama
stable_pyusd,2023-10-13,86291467,defillama
stable_pyusd,2023-10-14,86294366,defillama
stable_pyusd,2023-10-15,86284491,defillama
stable_pyusd,2023-10-16,86285936,defillama
stable_pyusd,2023-10-17,86281523,defillama
stable_pyusd,2023-10-18,96820402,defillama
stable_pyusd,2023-10-19,96816326,defillama
stable_pyusd,2023-10-20,96621875,defillama
stable_pyusd,2023-10-21,96628208,defillama
stable_pyusd,2023-10-22,96632811,defillama
stable_pyusd,2023-10-23,114643065,defillama
stable_pyusd,2023-10-24,96611888,defillama
stable_pyusd,2023-10-25,107213645,defillama
stable_pyusd,2023-10-26,114669811,defillama
stable_pyusd,2023-10-27,114682374,defillama
stable_pyusd,2023-10-28,114670905,defillama
stable_pyusd,2023-10-29,114652792,defillama
stable_pyusd,2023-10-30,114649679,defillama
stable_pyusd,2023-10-31,114584921,defillama
stable_pyusd,2023-11-01,114584984,defillama
stable_pyusd,2023-11-02,114558671,defillama
stable_pyusd,2023-11-03,114550848,defillama
stable_pyusd,2023-11-04,114569735,defillama
stable_pyusd,2023-11-05,114573675,defillama
stable_pyusd,2023-11-06,114577224,defillama
stable_pyusd,2023-11-07,114627552,defillama
stable_pyusd,2023-11-08,114628145,defillama
stable_pyusd,2023-11-09,114638771,defillama
stable_pyusd,2023-11-10,114641628,defillama
stable_pyusd,2023-11-11,114635412,defillama
stable_pyusd,2023-11-12,114335314,defillama
stable_pyusd,2023-11-13,114346055,defillama
stable_pyusd,2023-11-14,114338177,defillama
stable_pyusd,2023-11-15,114397056,defillama
stable_pyusd,2023-11-16,113880303,defillama
stable_pyusd,2023-11-17,114142249,defillama
stable_pyusd,2023-11-18,113700400,defillama
stable_pyusd,2023-11-19,114209958,defillama
stable_pyusd,2023-11-20,114722045,defillama
stable_pyusd,2023-11-21,113426106,defillama
stable_pyusd,2023-11-22,113811907,defillama
stable_pyusd,2023-11-23,113495745,defillama
stable_pyusd,2023-11-24,113809689,defillama
stable_pyusd,2023-11-25,113152497,defillama
stable_pyusd,2023-11-26,113546281,defillama
stable_pyusd,2023-11-27,113687801,defillama
stable_pyusd,2023-11-28,113695045,defillama
stable_pyusd,2023-11-29,113801494,defillama
stable_pyusd,2023-11-30,113384862,defillama
stable_pyusd,2023-12-01,115112704,defillama
stable_pyusd,2023-12-02,115657421,defillama
stable_pyusd,2023-12-03,115681017,defillama
stable_pyusd,2023-12-04,115481839,defillama
stable_pyusd,2023-12-05,118956005,defillama
stable_pyusd,2023-12-06,126531732,defillama
stable_pyusd,2023-12-07,126523085,defillama
stable_pyusd,2023-12-08,137598478,defillama
stable_pyusd,2023-12-09,139236745,defillama
stable_pyusd,2023-12-10,139734293,defillama
stable_pyusd,2023-12-11,139737886,defillama
stable_pyusd,2023-12-12,141519992,defillama
stable_pyusd,2023-12-13,143419828,defillama
stable_pyusd,2023-12-14,187476774,defillama
stable_pyusd,2023-12-15,187821127,defillama
stable_pyusd,2023-12-16,200250061,defillama
stable_pyusd,2023-12-17,199946995,defillama
stable_pyusd,2023-12-18,199945372,defillama
stable_pyusd,2023-12-19,231444854,defillama
stable_pyusd,2023-12-20,234022187,defillama
stable_pyusd,2023-12-21,233016831,defillama
stable_pyusd,2023-12-22,234525001,defillama
stable_pyusd,2023-12-23,234532258,defillama
stable_pyusd,2023-12-24,234521177,defillama
stable_pyusd,2023-12-25,234541073,defillama
stable_pyusd,2023-12-26,234561386,defillama
stable_pyusd,2023-12-27,234570605,defillama
stable_pyusd,2023-12-28,238031732,defillama
stable_pyusd,2023-12-29,235930252,defillama
stable_pyusd,2023-12-30,234056975,defillama
stable_pyusd,2023-12-31,234087336,defillama
stable_pyusd,2024-01-01,234082102,defillama
stable_pyusd,2024-01-02,234079473,defillama
stable_pyusd,2024-01-03,234657243,defillama
stable_pyusd,2024-01-04,234622151,defillama
stable_pyusd,2024-01-05,234825792,defillama
stable_pyusd,2024-01-06,244220147,defillama
stable_pyusd,2024-01-07,244230450,defillama
stable_pyusd,2024-01-08,244225266,defillama
stable_pyusd,2024-01-09,248458567,defillama
stable_pyusd,2024-01-10,259320428,defillama
stable_pyusd,2024-01-11,259376024,defillama
stable_pyusd,2024-01-12,261157908,defillama
stable_pyusd,2024-01-13,263410934,defillama
stable_pyusd,2024-01-14,267320920,defillama
stable_pyusd,2024-01-15,269672892,defillama
stable_pyusd,2024-01-16,266992764,defillama
stable_pyusd,2024-01-17,264187704,defillama
stable_pyusd,2024-01-18,269838871,defillama
stable_pyusd,2024-01-19,271051934,defillama
stable_pyusd,2024-01-20,271118646,defillama
stable_pyusd,2024-01-21,274583369,defillama
stable_pyusd,2024-01-22,274595815,defillama
stable_pyusd,2024-01-23,269407211,defillama
stable_pyusd,2024-01-24,269236059,defillama
stable_pyusd,2024-01-25,269863745,defillama
stable_pyusd,2024-01-26,269938017,defillama
stable_pyusd,2024-01-27,269975594,defillama
stable_pyusd,2024-01-28,270008915,defillama
stable_pyusd,2024-01-29,270011115,defillama
stable_pyusd,2024-01-30,270051908,defillama
stable_pyusd,2024-01-31,269472806,defillama
stable_pyusd,2024-02-01,270482814,defillama
stable_pyusd,2024-02-02,271089983,defillama
stable_pyusd,2024-02-03,271397450,defillama
stable_pyusd,2024-02-04,271420451,defillama
stable_pyusd,2024-02-05,271411549,defillama
stable_pyusd,2024-02-06,271414548,defillama
stable_pyusd,2024-02-07,271404881,defillama
stable_pyusd,2024-02-08,271383468,defillama
stable_pyusd,2024-02-09,269427974,defillama
stable_pyusd,2024-02-10,270192789,defillama
stable_pyusd,2024-02-11,270195911,defillama
stable_pyusd,2024-02-12,270191711,defillama
stable_pyusd,2024-02-13,267146328,defillama
stable_pyusd,2024-02-14,267482793,defillama
stable_pyusd,2024-02-15,265429852,defillama
stable_pyusd,2024-02-16,272036623,defillama
stable_pyusd,2024-02-17,271356646,defillama
stable_pyusd,2024-02-18,277404416,defillama
stable_pyusd,2024-02-19,277262457,defillama
stable_pyusd,2024-02-20,271811692,defillama
stable_pyusd,2024-02-21,273138182,defillama
stable_pyusd,2024-02-22,272897273,defillama
stable_pyusd,2024-02-23,272620010,defillama
stable_pyusd,2024-02-24,272598538,defillama
stable_pyusd,2024-02-25,272621761,defillama
stable_pyusd,2024-02-26,272252875,defillama
stable_pyusd,2024-02-27,281987555,defillama
stable_pyusd,2024-02-28,274010413,defillama
stable_pyusd,2024-02-29,274014969,defillama
stable_pyusd,2024-03-01,272766157,defillama
stable_pyusd,2024-03-02,232827769,defillama
stable_pyusd,2024-03-03,232863111,defillama
stable_pyusd,2024-03-04,232893704,defillama
stable_pyusd,2024-03-05,188447295,defillama
stable_pyusd,2024-03-06,190945561,defillama
stable_pyusd,2024-03-07,190929931,defillama
stable_pyusd,2024-03-08,190313921,defillama
stable_pyusd,2024-03-09,191862375,defillama
stable_pyusd,2024-03-10,191197995,defillama
stable_pyusd,2024-03-11,193513896,defillama
stable_pyusd,2024-03-12,191079836,defillama
stable_pyusd,2024-03-13,181675531,defillama
stable_pyusd,2024-03-14,176424277,defillama
stable_pyusd,2024-03-15,174098276,defillama
stable_pyusd,2024-03-16,157546165,defillama
stable_pyusd,2024-03-17,160009791,defillama
stable_pyusd,2024-03-18,157632684,defillama
stable_pyusd,2024-03-19,157450723,defillama
stable_pyusd,2024-03-20,157735002,defillama
stable_pyusd,2024-03-21,157749960,defillama
stable_pyusd,2024-03-22,157239055,defillama
stable_pyusd,2024-03-23,157260079,defillama
stable_pyusd,2024-03-24,157275257,defillama
stable_pyusd,2024-03-25,157274567,defillama
stable_pyusd,2024-03-26,157440630,defillama
stable_pyusd,2024-03-27,157528244,defillama
stable_pyusd,2024-03-28,157545027,defillama
stable_pyusd,2024-03-29,157946806,defillama
stable_pyusd,2024-03-30,158328962,defillama
stable_pyusd,2024-03-31,158351953,defillama
stable_pyusd,2024-04-01,158328446,defillama
stable_pyusd,2024-04-02,158278372,defillama
stable_pyusd,2024-04-03,159616047,defillama
stable_pyusd,2024-04-04,159695294,defillama
stable_pyusd,2024-04-05,160380234,defillama
stable_pyusd,2024-04-06,159771060,defillama
stable_pyusd,2024-04-07,159776151,defillama
stable_pyusd,2024-04-08,159753991,defillama
stable_pyusd,2024-04-09,160770798,defillama
stable_pyusd,2024-04-10,160147590,defillama
stable_pyusd,2024-04-11,161122649,defillama
stable_pyusd,2024-04-12,161479024,defillama
stable_pyusd,2024-04-13,161098820,defillama
stable_pyusd,2024-04-14,160284046,defillama
stable_pyusd,2024-04-15,161323556,defillama
stable_pyusd,2024-04-16,161925076,defillama
stable_pyusd,2024-04-17,167701076,defillama
stable_pyusd,2024-04-18,166499401,defillama
stable_pyusd,2024-04-19,165881396,defillama
stable_pyusd,2024-04-20,165321431,defillama
stable_pyusd,2024-04-21,162490012,defillama
stable_pyusd,2024-04-22,161774097,defillama
stable_pyusd,2024-04-23,161329893,defillama
stable_pyusd,2024-04-24,161171702,defillama
stable_pyusd,2024-04-25,160402998,defillama
stable_pyusd,2024-04-26,168532633,defillama
stable_pyusd,2024-04-27,167578035,defillama
stable_pyusd,2024-04-28,166932843,defillama
stable_pyusd,2024-04-29,166953212,defillama
stable_pyusd,2024-04-30,166829598,defillama
stable_pyusd,2024-05-01,192397196,defillama
stable_pyusd,2024-05-02,192321533,defillama
stable_pyusd,2024-05-03,207235341,defillama
stable_pyusd,2024-05-04,192282696,defillama
stable_pyusd,2024-05-05,192087003,defillama
stable_pyusd,2024-05-06,193076259,defillama
stable_pyusd,2024-05-07,217958709,defillama
stable_pyusd,2024-05-08,219626296,defillama
stable_pyusd,2024-05-09,219822767,defillama
stable_pyusd,2024-05-10,244794805,defillama
stable_pyusd,2024-05-11,250171663,defillama
stable_pyusd,2024-05-12,250129737,defillama
stable_pyusd,2024-05-13,250174080,defillama
stable_pyusd,2024-05-14,245327782,defillama
stable_pyusd,2024-05-15,245277585,defillama
stable_pyusd,2024-05-16,245634055,defillama
stable_pyusd,2024-05-17,268017673,defillama
stable_pyusd,2024-05-18,270857936,defillama
stable_pyusd,2024-05-19,270903576,defillama
stable_pyusd,2024-05-20,270880228,defillama
stable_pyusd,2024-05-21,273309419,defillama
stable_pyusd,2024-05-22,273316393,defillama
stable_pyusd,2024-05-23,273090311,defillama
stable_pyusd,2024-05-24,273171395,defillama
stable_pyusd,2024-05-25,273321336,defillama
stable_pyusd,2024-05-26,273091057,defillama
stable_pyusd,2024-05-27,273147850,defillama
stable_pyusd,2024-05-28,273239547,defillama
stable_pyusd,2024-05-29,273028191,defillama
stable_pyusd,2024-05-30,272975927,defillama
stable_pyusd,2024-05-31,272348624,defillama
stable_pyusd,2024-06-01,272477488,defillama
stable_pyusd,2024-06-02,272510083,defillama
stable_pyusd,2024-06-03,272499358,defillama
stable_pyusd,2024-06-04,272870049,defillama
stable_pyusd,2024-06-05,273011661,defillama
stable_pyusd,2024-06-06,289904001,defillama
stable_pyusd,2024-06-07,271063931,defillama
stable_pyusd,2024-06-08,270756123,defillama
stable_pyusd,2024-06-09,270787701,defillama
stable_pyusd,2024-06-10,270840514,defillama
stable_pyusd,2024-06-11,270219053,defillama
stable_pyusd,2024-06-12,270127775,defillama
stable_pyusd,2024-06-13,270138351,defillama
stable_pyusd,2024-06-14,269210595,defillama
stable_pyusd,2024-06-15,289554779,defillama
stable_pyusd,2024-06-16,289554699,defillama
stable_pyusd,2024-06-17,284630616,defillama
stable_pyusd,2024-06-18,270117289,defillama
stable_pyusd,2024-06-19,270324181,defillama
stable_pyusd,2024-06-20,273344581,defillama
stable_pyusd,2024-06-21,275972100,defillama
stable_pyusd,2024-06-22,281279955,defillama
stable_pyusd,2024-06-23,281294518,defillama
stable_pyusd,2024-06-24,281342503,defillama
stable_pyusd,2024-06-25,274899758,defillama
stable_pyusd,2024-06-26,274681910,defillama
stable_pyusd,2024-06-27,347492004,defillama
stable_pyusd,2024-06-28,364883832,defillama
stable_pyusd,2024-06-29,499487564,defillama
stable_pyusd,2024-06-30,499487564,defillama
stable_pyusd,2024-07-01,499487564,defillama
stable_pyusd,2024-07-02,493648726,defillama
stable_pyusd,2024-07-03,500344083,defillama
stable_pyusd,2024-07-04,512377521,defillama
stable_pyusd,2024-07-05,512377521,defillama
stable_pyusd,2024-07-06,517590501,defillama
stable_pyusd,2024-07-07,517590501,defillama
stable_pyusd,2024-07-08,517590501,defillama
stable_pyusd,2024-07-09,533473621,defillama
stable_pyusd,2024-07-10,533473622,defillama
stable_pyusd,2024-07-11,533473621,defillama
stable_pyusd,2024-07-12,570281330,defillama
stable_pyusd,2024-07-13,569302697,defillama
stable_pyusd,2024-07-14,569302697,defillama
stable_pyusd,2024-07-15,569302697,defillama
stable_pyusd,2024-07-16,586909625,defillama
stable_pyusd,2024-07-17,577951100,defillama
stable_pyusd,2024-07-18,572953728,defillama
stable_pyusd,2024-07-19,577967366,defillama
stable_pyusd,2024-07-20,585112081,defillama
stable_pyusd,2024-07-21,585112081,defillama
stable_pyusd,2024-07-22,585112081,defillama
stable_pyusd,2024-07-23,598301478,defillama
stable_pyusd,2024-07-24,586301478,defillama
stable_pyusd,2024-07-25,589111765,defillama
stable_pyusd,2024-07-26,587112507,defillama
stable_pyusd,2024-07-27,587112507,defillama
stable_pyusd,2024-07-28,587112507,defillama
stable_pyusd,2024-07-29,587112507,defillama
stable_pyusd,2024-07-30,581888069,defillama
stable_pyusd,2024-07-31,611689734,defillama
stable_pyusd,2024-08-01,625414559,defillama
stable_pyusd,2024-08-02,640847964,defillama
stable_pyusd,2024-08-03,656978320,defillama
stable_pyusd,2024-08-04,656978320,defillama
stable_pyusd,2024-08-05,656978320,defillama
stable_pyusd,2024-08-06,651684502,defillama
stable_pyusd,2024-08-07,668278378,defillama
stable_pyusd,2024-08-08,678327393,defillama
stable_pyusd,2024-08-09,695544105,defillama
stable_pyusd,2024-08-10,705901884,defillama
stable_pyusd,2024-08-11,705901882,defillama
stable_pyusd,2024-08-12,705901882,defillama
stable_pyusd,2024-08-13,734063979,defillama
stable_pyusd,2024-08-14,748821199,defillama
stable_pyusd,2024-08-15,767612854,defillama
stable_pyusd,2024-08-16,792741913,defillama
stable_pyusd,2024-08-17,828924640,defillama
stable_pyusd,2024-08-18,828924640,defillama
stable_pyusd,2024-08-19,843924639,defillama
stable_pyusd,2024-08-20,867617487,defillama
stable_pyusd,2024-08-21,887668400,defillama
stable_pyusd,2024-08-22,950907978,defillama
stable_pyusd,2024-08-23,960142795,defillama
stable_pyusd,2024-08-24,998929380,defillama
stable_pyusd,2024-08-25,1011864240,defillama
stable_pyusd,2024-08-26,1011864240,defillama
stable_pyusd,2024-08-27,1007160187,defillama
stable_pyusd,2024-08-28,1008735216,defillama
stable_pyusd,2024-08-29,992512133,defillama
stable_pyusd,2024-08-30,969579288,defillama
stable_pyusd,2024-08-31,908164708,defillama
stable_pyusd,2024-09-01,908164708,defillama
stable_pyusd,2024-09-02,908164708,defillama
stable_pyusd,2024-09-03,917285961,defillama
stable_pyusd,2024-09-04,898848171,defillama
stable_pyusd,2024-09-05,907690427,defillama
stable_pyusd,2024-09-06,912634305,defillama
stable_pyusd,2024-09-07,884943307,defillama
stable_pyusd,2024-09-08,884943307,defillama
stable_pyusd,2024-09-09,876184698,defillama
stable_pyusd,2024-09-10,859315341,defillama
stable_pyusd,2024-09-11,841764094,defillama
stable_pyusd,2024-09-12,828958647,defillama
stable_pyusd,2024-09-13,788341958,defillama
stable_pyusd,2024-09-14,772083883,defillama
stable_pyusd,2024-09-15,772083883,defillama
stable_pyusd,2024-09-16,772083883,defillama
stable_pyusd,2024-09-17,732683004,defillama
stable_pyusd,2024-09-18,725562051,defillama
stable_pyusd,2024-09-19,722178585,defillama
stable_pyusd,2024-09-20,732193690,defillama
stable_pyusd,2024-09-21,705039393,defillama
stable_pyusd,2024-09-22,705039393,defillama
stable_pyusd,2024-09-23,705039393,defillama
stable_pyusd,2024-09-24,722397436,defillama
stable_pyusd,2024-09-25,711808951,defillama
stable_pyusd,2024-09-26,702991017,defillama
stable_pyusd,2024-09-27,710466006,defillama
stable_pyusd,2024-09-28,695599166,defillama
stable_pyusd,2024-09-29,695599166,defillama
stable_pyusd,2024-09-30,695599166,defillama
stable_pyusd,2024-10-01,704883092,defillama
stable_pyusd,2024-10-02,698294190,defillama
stable_pyusd,2024-10-03,692573258,defillama
stable_pyusd,2024-10-04,694957897,defillama
stable_pyusd,2024-10-05,729090506,defillama
stable_pyusd,2024-10-06,729090506,defillama
stable_pyusd,2024-10-07,729090505,defillama
stable_pyusd,2024-10-08,705811849,defillama
stable_pyusd,2024-10-09,689924660,defillama
stable_pyusd,2024-10-10,708245273,defillama
stable_pyusd,2024-10-11,691843202,defillama
stable_pyusd,2024-10-12,675365501,defillama
stable_pyusd,2024-10-13,673916779,defillama
stable_pyusd,2024-10-14,673916692,defillama
stable_pyusd,2024-10-15,668011129,defillama
stable_pyusd,2024-10-16,617858522,defillama
stable_pyusd,2024-10-17,610389289,defillama
stable_pyusd,2024-10-18,604846257,defillama
stable_pyusd,2024-10-19,628164418,defillama
stable_pyusd,2024-10-20,628164418,defillama
stable_pyusd,2024-10-21,628164417,defillama
stable_pyusd,2024-10-22,636792164,defillama
stable_pyusd,2024-10-23,643889518,defillama
stable_pyusd,2024-10-24,650925866,defillama
stable_pyusd,2024-10-25,632643724,defillama
stable_pyusd,2024-10-26,616987387,defillama
stable_pyusd,2024-10-27,629669776,defillama
stable_pyusd,2024-10-28,629669776,defillama
stable_pyusd,2024-10-29,596231980,defillama
stable_pyusd,2024-10-30,597576270,defillama
stable_pyusd,2024-10-31,579080492,defillama
stable_pyusd,2024-11-01,570851729,defillama
stable_pyusd,2024-11-02,568970145,defillama
stable_pyusd,2024-11-03,599684371,defillama
stable_pyusd,2024-11-04,599684371,defillama
stable_pyusd,2024-11-05,533673942,defillama
stable_pyusd,2024-11-06,543460516,defillama
stable_pyusd,2024-11-07,553700051,defillama
stable_pyusd,2024-11-08,542834237,defillama
stable_pyusd,2024-11-09,547413772,defillama
stable_pyusd,2024-11-10,547413772,defillama
stable_pyusd,2024-11-11,547413772,defillama
stable_pyusd,2024-11-12,536660090,defillama
stable_pyusd,2024-11-13,514874034,defillama
stable_pyusd,2024-11-14,502110624,defillama
stable_pyusd,2024-11-15,500212123,defillama
stable_pyusd,2024-11-16,529172311,defillama
stable_pyusd,2024-11-17,529172310,defillama
stable_pyusd,2024-11-18,529172310,defillama
stable_pyusd,2024-11-19,519204428,defillama
stable_pyusd,2024-11-20,521548455,defillama
stable_pyusd,2024-11-21,532816017,defillama
stable_pyusd,2024-11-22,553291197,defillama
stable_pyusd,2024-11-23,572349518,defillama
stable_pyusd,2024-11-24,572349518,defillama
stable_pyusd,2024-11-25,582603683,defillama
stable_pyusd,2024-11-26,566721439,defillama
stable_pyusd,2024-11-27,563560087,defillama
stable_pyusd,2024-11-28,585552161,defillama
stable_pyusd,2024-11-29,585552161,defillama
stable_pyusd,2024-11-30,539827757,defillama
stable_pyusd,2024-12-01,546550437,defillama
stable_pyusd,2024-12-02,530476162,defillama
stable_pyusd,2024-12-03,484562201,defillama
stable_pyusd,2024-12-04,487473569,defillama
stable_pyusd,2024-12-05,499897961,defillama
stable_pyusd,2024-12-06,503491759,defillama
stable_pyusd,2024-12-07,499900533,defillama
stable_pyusd,2024-12-08,499900533,defillama
stable_pyusd,2024-12-09,507463552,defillama
stable_pyusd,2024-12-10,503568581,defillama
stable_pyusd,2024-12-11,500956482,defillama
stable_pyusd,2024-12-12,541426822,defillama
stable_pyusd,2024-12-13,491016143,defillama
stable_pyusd,2024-12-14,491435585,defillama
stable_pyusd,2024-12-15,491435585,defillama
stable_pyusd,2024-12-16,491435583,defillama
stable_pyusd,2024-12-17,460207630,defillama
stable_pyusd,2024-12-18,450539025,defillama
stable_pyusd,2024-12-19,447747896,defillama
stable_pyusd,2024-12-20,492565246,defillama
stable_pyusd,2024-12-21,530596771,defillama
stable_pyusd,2024-12-22,530596771,defillama
stable_pyusd,2024-12-23,530596770,defillama
stable_pyusd,2024-12-24,549608836,defillama
stable_pyusd,2024-12-25,547031224,defillama
stable_pyusd,2024-12-26,547031224,defillama
stable_pyusd,2024-12-27,539442562,defillama
stable_pyusd,2024-12-28,539393758,defillama
stable_pyusd,2024-12-29,539393757,defillama
stable_pyusd,2024-12-30,539393757,defillama
stable_pyusd,2024-12-31,559507565,defillama
stable_pyusd,2025-01-01,497959719,defillama
stable_pyusd,2025-01-02,497959719,defillama
stable_pyusd,2025-01-03,504360614,defillama
stable_pyusd,2025-01-04,491788969,defillama
stable_pyusd,2025-01-05,491788969,defillama
stable_pyusd,2025-01-06,491788969,defillama
stable_pyusd,2025-01-07,500363612,defillama
stable_pyusd,2025-01-08,497821607,defillama
stable_pyusd,2025-01-09,502578192,defillama
stable_pyusd,2025-01-10,523626323,defillama
stable_pyusd,2025-01-11,509023910,defillama
stable_pyusd,2025-01-12,515166365,defillama
stable_pyusd,2025-01-13,533838731,defillama
stable_pyusd,2025-01-14,538273816,defillama
stable_pyusd,2025-01-15,524779802,defillama
stable_pyusd,2025-01-16,498790739,defillama
stable_pyusd,2025-01-17,513379362,defillama
stable_pyusd,2025-01-18,512708635,defillama
stable_pyusd,2025-01-19,531162721,defillama
stable_pyusd,2025-01-20,545695080,defillama
stable_pyusd,2025-01-21,559266892,defillama
stable_pyusd,2025-01-22,510645878,defillama
stable_pyusd,2025-01-23,494160942,defillama
stable_pyusd,2025-01-24,493467377,defillama
stable_pyusd,2025-01-25,486811372,defillama
stable_pyusd,2025-01-26,486811372,defillama
stable_pyusd,2025-01-27,486811372,defillama
stable_pyusd,2025-01-28,486574883,defillama
stable_pyusd,2025-01-29,505862335,defillama
stable_pyusd,2025-01-30,505023244,defillama
stable_pyusd,2025-01-31,514445264,defillama
stable_pyusd,2025-02-01,482747103,defillama
stable_pyusd,2025-02-02,482747103,defillama
stable_pyusd,2025-02-03,487472887,defillama
stable_pyusd,2025-02-04,478153788,defillama
stable_pyusd,2025-02-05,546473412,defillama
stable_pyusd,2025-02-06,553645540,defillama
stable_pyusd,2025-02-07,572535294,defillama
stable_pyusd,2025-02-08,579331714,defillama
stable_pyusd,2025-02-09,579331714,defillama
stable_pyusd,2025-02-10,579331713,defillama
stable_pyusd,2025-02-11,583644055,defillama
stable_pyusd,2025-02-12,590574992,defillama
stable_pyusd,2025-02-13,589270551,defillama
stable_pyusd,2025-02-14,624063667,defillama
stable_pyusd,2025-02-15,628664984,defillama
stable_pyusd,2025-02-16,637669713,defillama
stable_pyusd,2025-02-17,637669713,defillama
stable_pyusd,2025-02-18,643391132,defillama
stable_pyusd,2025-02-19,667812352,defillama
stable_pyusd,2025-02-20,715046488,defillama
stable_pyusd,2025-02-21,691117177,defillama
stable_pyusd,2025-02-22,756745245,defillama
stable_pyusd,2025-02-23,768740487,defillama
stable_pyusd,2025-02-24,775068955,defillama
stable_pyusd,2025-02-25,778150795,defillama
stable_pyusd,2025-02-26,703645993,defillama
stable_pyusd,2025-02-27,692022940,defillama
stable_pyusd,2025-02-28,710948838,defillama
stable_pyusd,2025-03-01,753608084,defillama
stable_pyusd,2025-03-02,753608084,defillama
stable_pyusd,2025-03-03,753608083,defillama
stable_pyusd,2025-03-04,759373798,defillama
stable_pyusd,2025-03-05,768060556,defillama
stable_pyusd,2025-03-06,763977261,defillama
stable_pyusd,2025-03-07,761060651,defillama
stable_pyusd,2025-03-08,741000125,defillama
stable_pyusd,2025-03-09,746904901,defillama
stable_pyusd,2025-03-10,741345488,defillama
stable_pyusd,2025-03-11,669225380,defillama
stable_pyusd,2025-03-12,706384143,defillama
stable_pyusd,2025-03-13,711531168,defillama
stable_pyusd,2025-03-14,763458639,defillama
stable_pyusd,2025-03-15,760806601,defillama
stable_pyusd,2025-03-16,760806601,defillama
stable_pyusd,2025-03-17,760806601,defillama
stable_pyusd,2025-03-18,764075668,defillama
stable_pyusd,2025-03-19,761776851,defillama
stable_pyusd,2025-03-20,781263602,defillama
stable_pyusd,2025-03-21,750660528,defillama
stable_pyusd,2025-03-22,835683084,defillama
stable_pyusd,2025-03-23,844460869,defillama
stable_pyusd,2025-03-24,844460869,defillama
stable_pyusd,2025-03-25,786203404,defillama
stable_pyusd,2025-03-26,791686563,defillama
stable_pyusd,2025-03-27,785438029,defillama
stable_pyusd,2025-03-28,803040131,defillama
stable_pyusd,2025-03-29,802871349,defillama
stable_pyusd,2025-03-30,802871349,defillama
stable_pyusd,2025-03-31,802871349,defillama
stable_pyusd,2025-04-01,753266130,defillama
stable_pyusd,2025-04-02,721012107,defillama
stable_pyusd,2025-04-03,739265392,defillama
stable_pyusd,2025-04-04,758451322,defillama
stable_pyusd,2025-04-05,733086867,defillama
stable_pyusd,2025-04-06,733086867,defillama
stable_pyusd,2025-04-07,733086867,defillama
stable_pyusd,2025-04-08,805339260,defillama
stable_pyusd,2025-04-09,787205519,defillama
stable_pyusd,2025-04-10,795108123,defillama
stable_pyusd,2025-04-11,807654562,defillama
stable_pyusd,2025-04-12,834935288,defillama
stable_pyusd,2025-04-13,834935287,defillama
stable_pyusd,2025-04-14,834935287,defillama
stable_pyusd,2025-04-15,841934526,defillama
stable_pyusd,2025-04-16,846287807,defillama
stable_pyusd,2025-04-17,837277648,defillama
stable_pyusd,2025-04-18,855470407,defillama
stable_pyusd,2025-04-19,852732592,defillama
stable_pyusd,2025-04-20,864378435,defillama
stable_pyusd,2025-04-21,864378435,defillama
stable_pyusd,2025-04-22,860164000,defillama
stable_pyusd,2025-04-23,879241756,defillama
stable_pyusd,2025-04-24,866144455,defillama
stable_pyusd,2025-04-25,888346754,defillama
stable_pyusd,2025-04-26,884270371,defillama
stable_pyusd,2025-04-27,884270370,defillama
stable_pyusd,2025-04-28,884270369,defillama
stable_pyusd,2025-04-29,865759082,defillama
stable_pyusd,2025-04-30,880104995,defillama
stable_pyusd,2025-05-01,887766152,defillama
stable_pyusd,2025-05-02,912202044,defillama
stable_pyusd,2025-05-03,941656925,defillama
stable_pyusd,2025-05-04,941656925,defillama
stable_pyusd,2025-05-05,941656925,defillama
stable_pyusd,2025-05-06,888301828,defillama
stable_pyusd,2025-05-07,873384008,defillama
stable_pyusd,2025-05-08,873096581,defillama
stable_pyusd,2025-05-09,871608613,defillama
stable_pyusd,2025-05-10,930113687,defillama
stable_pyusd,2025-05-11,930113687,defillama
stable_pyusd,2025-05-12,930113687,defillama
stable_pyusd,2025-05-13,877888471,defillama
stable_pyusd,2025-05-14,838218432,defillama
stable_pyusd,2025-05-15,889525817,defillama
stable_pyusd,2025-05-16,911962521,defillama
stable_pyusd,2025-05-17,899567942,defillama
stable_pyusd,2025-05-18,899567942,defillama
stable_pyusd,2025-05-19,899567942,defillama
stable_pyusd,2025-05-20,897773263,defillama
stable_pyusd,2025-05-21,903061657,defillama
stable_pyusd,2025-05-22,899524479,defillama
stable_pyusd,2025-05-23,892104437,defillama
stable_pyusd,2025-05-24,899631537,defillama
stable_pyusd,2025-05-25,899631536,defillama
stable_pyusd,2025-05-26,899631536,defillama
stable_pyusd,2025-05-27,904093951,defillama
stable_pyusd,2025-05-28,880975173,defillama
stable_pyusd,2025-05-29,877398907,defillama
stable_pyusd,2025-05-30,870502554,defillama
stable_pyusd,2025-05-31,906606815,defillama
stable_pyusd,2025-06-01,906606815,defillama
stable_pyusd,2025-06-02,906606815,defillama
stable_pyusd,2025-06-03,956895800,defillama
stable_pyusd,2025-06-04,978775705,defillama
stable_pyusd,2025-06-05,973398161,defillama
stable_pyusd,2025-06-06,978494939,defillama
stable_pyusd,2025-06-07,1003814440,defillama
stable_pyusd,2025-06-08,1003814440,defillama
stable_pyusd,2025-06-09,1003814440,defillama
stable_pyusd,2025-06-10,1012845464,defillama
stable_pyusd,2025-06-11,998008506,defillama
stable_pyusd,2025-06-12,984855337,defillama
stable_pyusd,2025-06-13,998997623,defillama
stable_pyusd,2025-06-14,967614865,defillama
stable_pyusd,2025-06-15,967614865,defillama
stable_pyusd,2025-06-16,967614865,defillama
stable_pyusd,2025-06-17,952585479,defillama
stable_pyusd,2025-06-18,950783457,defillama
stable_pyusd,2025-06-19,947319173,defillama
stable_pyusd,2025-06-20,947319173,defillama
stable_pyusd,2025-06-21,989495623,defillama
stable_pyusd,2025-06-22,989495623,defillama
stable_pyusd,2025-06-23,955685246,defillama
stable_pyusd,2025-06-24,929634029,defillama
stable_pyusd,2025-06-25,939057033,defillama
stable_pyusd,2025-06-26,950419340,defillama
stable_pyusd,2025-06-27,981378427,defillama
stable_pyusd,2025-06-28,967753808,defillama
stable_pyusd,2025-06-29,967753808,defillama
stable_pyusd,2025-06-30,967753807,defillama
stable_pyusd,2025-07-01,950362292,defillama
stable_pyusd,2025-07-02,924362300,defillama
stable_pyusd,2025-07-03,899082057,defillama
stable_pyusd,2025-07-04,867581628,defillama
stable_pyusd,2025-07-05,870866908,defillama
stable_pyusd,2025-07-06,870866908,defillama
stable_pyusd,2025-07-07,870866908,defillama
stable_pyusd,2025-07-08,890728947,defillama
stable_pyusd,2025-07-09,891429096,defillama
stable_pyusd,2025-07-10,897927600,defillama
stable_pyusd,2025-07-11,891811423,defillama
stable_pyusd,2025-07-12,887131860,defillama
stable_pyusd,2025-07-13,887131860,defillama
stable_pyusd,2025-07-14,887131860,defillama
stable_pyusd,2025-07-15,869292703,defillama
stable_pyusd,2025-07-16,841634795,defillama
stable_pyusd,2025-07-17,851574377,defillama
stable_pyusd,2025-07-18,875332888,defillama
stable_pyusd,2025-07-19,864926492,defillama
stable_pyusd,2025-07-20,864926492,defillama
stable_pyusd,2025-07-21,866244416,defillama
stable_pyusd,2025-07-22,847230454,defillama
stable_pyusd,2025-07-23,855973898,defillama
stable_pyusd,2025-07-24,844809145,defillama
stable_pyusd,2025-07-25,844446622,defillama
stable_pyusd,2025-07-26,890677427,defillama
stable_pyusd,2025-07-27,890677427,defillama
stable_pyusd,2025-07-28,890677427,defillama
stable_pyusd,2025-07-29,936880383,defillama
stable_pyusd,2025-07-30,943558432,defillama
stable_pyusd,2025-07-31,943126233,defillama
stable_pyusd,2025-08-01,1036874614,defillama
stable_pyusd,2025-08-02,1012228278,defillama
stable_pyusd,2025-08-03,1012228278,defillama
stable_pyusd,2025-08-04,1012228278,defillama
stable_pyusd,2025-08-05,957498345,defillama
stable_pyusd,2025-08-06,958011168,defillama
stable_pyusd,2025-08-07,972431659,defillama
stable_pyusd,2025-08-08,1021587933,defillama
stable_pyusd,2025-08-09,1034376596,defillama
stable_pyusd,2025-08-10,1028164636,defillama
stable_pyusd,2025-08-11,1031576149,defillama
stable_pyusd,2025-08-12,1004754033,defillama
stable_pyusd,2025-08-13,1067935302,defillama
stable_pyusd,2025-08-14,1102224539,defillama
stable_pyusd,2025-08-15,1180681360,defillama
stable_pyusd,2025-08-16,1197588127,defillama
stable_pyusd,2025-08-17,1197588127,defillama
stable_pyusd,2025-08-18,1197588076,defillama
stable_pyusd,2025-08-19,1193248779,defillama
stable_pyusd,2025-08-20,1213095288,defillama
stable_pyusd,2025-08-21,1193017113,defillama
stable_pyusd,2025-08-22,1218797750,defillama
stable_pyusd,2025-08-23,1206246420,defillama
stable_pyusd,2025-08-24,1206246520,defillama
stable_pyusd,2025-08-25,1206246631,defillama
stable_pyusd,2025-08-26,1163971699,defillama
stable_pyusd,2025-08-27,1175812928,defillama
stable_pyusd,2025-08-28,1181622588,defillama
stable_pyusd,2025-08-29,1190626415,defillama
stable_pyusd,2025-08-30,1169215143,defillama
stable_pyusd,2025-08-31,1169215143,defillama
stable_pyusd,2025-09-01,1180820491,defillama
stable_pyusd,2025-09-02,1175007326,defillama
stable_pyusd,2025-09-03,1193745087,defillama
stable_pyusd,2025-09-04,1182268169,defillama
stable_pyusd,2025-09-05,1174629055,defillama
stable_pyusd,2025-09-06,1174335092,defillama
stable_pyusd,2025-09-07,1185625719,defillama
stable_pyusd,2025-09-08,1185625719,defillama
stable_pyusd,2025-09-09,1174413691,defillama
stable_pyusd,2025-09-10,1175258453,defillama
stable_pyusd,2025-09-11,1238653791,defillama
stable_pyusd,2025-09-12,1348160073,defillama
stable_pyusd,2025-09-13,1347258159,defillama
stable_pyusd,2025-09-14,1347258159,defillama
stable_pyusd,2025-09-15,1347258145,defillama
stable_pyusd,2025-09-16,1254713515,defillama
stable_pyusd,2025-09-17,1291403809,defillama
stable_pyusd,2025-09-18,1294411867,defillama
stable_pyusd,2025-09-19,1309537210,defillama
stable_pyusd,2025-09-20,1384798158,defillama
stable_pyusd,2025-09-21,1391085397,defillama
stable_pyusd,2025-09-22,1391085391,defillama
stable_pyusd,2025-09-23,1409572088,defillama
stable_pyusd,2025-09-24,1545168321,defillama
stable_pyusd,2025-09-25,1806430578,defillama
stable_pyusd,2025-09-26,1878696122,defillama
stable_pyusd,2025-09-27,2250316510,defillama
stable_pyusd,2025-09-28,2319660072,defillama
stable_pyusd,2025-09-29,2319654074,defillama
stable_pyusd,2025-09-30,2395013279,defillama
stable_pyusd,2025-10-01,2439496251,defillama
stable_pyusd,2025-10-02,2445602444,defillama
stable_pyusd,2025-10-03,2538642631,defillama
stable_pyusd,2025-10-04,2532040308,defillama
stable_pyusd,2025-10-05,2542532538,defillama
stable_pyusd,2025-10-06,2542532538,defillama
stable_pyusd,2025-10-07,2515063326,defillama
stable_pyusd,2025-10-08,2518933288,defillama
stable_pyusd,2025-10-09,2527268084,defillama
stable_pyusd,2025-10-10,2540618208,defillama
stable_pyusd,2025-10-11,2545397153,defillama
stable_pyusd,2025-10-12,2524013908,defillama
stable_pyusd,2025-10-13,2524013908,defillama
stable_pyusd,2025-10-14,2544441574,defillama
stable_pyusd,2025-10-15,2638965620,defillama
stable_pyusd,2025-10-16,2645799078,defillama
stable_pyusd,2025-10-17,2656093064,defillama
stable_pyusd,2025-10-18,2736390743,defillama
stable_pyusd,2025-10-19,2736390743,defillama
stable_pyusd,2025-10-20,2744154822,defillama
stable_pyusd,2025-10-21,2730403623,defillama
stable_pyusd,2025-10-22,2744743413,defillama
stable_pyusd,2025-10-23,2761858987,defillama
stable_pyusd,2025-10-24,2765756036,defillama
stable_pyusd,2025-10-25,2779644458,defillama
stable_pyusd,2025-10-26,2779644458,defillama
stable_pyusd,2025-10-27,2774380905,defillama
stable_pyusd,2025-10-28,2763501843,defillama
stable_pyusd,2025-10-29,2790190126,defillama
stable_pyusd,2025-10-30,2824926133,defillama
stable_pyusd,2025-10-31,2813265633,defillama
stable_pyusd,2025-11-01,2807267400,defillama
stable_pyusd,2025-11-02,2807267400,defillama
stable_pyusd,2025-11-03,2807267400,defillama
stable_pyusd,2025-11-04,2791745132,defillama
stable_pyusd,2025-11-05,2773426779,defillama
stable_pyusd,2025-11-06,2801260771,defillama
stable_pyusd,2025-11-07,2784844752,defillama
stable_pyusd,2025-11-08,2797093899,defillama
stable_pyusd,2025-11-09,2802240160,defillama
stable_pyusd,2025-11-10,2809342259,defillama
stable_pyusd,2025-11-11,3119301878,defillama
stable_pyusd,2025-11-12,3110679739,defillama
stable_pyusd,2025-11-13,3309484159,defillama
stable_pyusd,2025-11-14,3409484158,defillama
stable_pyusd,2025-11-15,3417450306,defillama
stable_pyusd,2025-11-16,3423709150,defillama
stable_pyusd,2025-11-17,3434735870,defillama
stable_pyusd,2025-11-18,3424620400,defillama
stable_pyusd,2025-11-19,3519635425,defillama
stable_pyusd,2025-11-20,3518294787,defillama
stable_pyusd,2025-11-21,3600674737,defillama
stable_pyusd,2025-11-22,3598340235,defillama
stable_pyusd,2025-11-23,3606245701,defillama
stable_pyusd,2025-11-24,3623439845,defillama
stable_pyusd,2025-11-25,3724292349,defillama
stable_pyusd,2025-11-26,3757974050,defillama
stable_pyusd,2025-11-27,3811795410,defillama
stable_pyusd,2025-11-28,3852860883,defillama
stable_pyusd,2025-11-29,3862013034,defillama
stable_pyusd,2025-11-30,3861954682,defillama
stable_pyusd,2025-12-01,3856935431,defillama
stable_pyusd,2025-12-02,3845004611,defillama
stable_pyusd,2025-12-03,3837626051,defillama
stable_pyusd,2025-12-04,3797820325,defillama
stable_pyusd,2025-12-05,3820222687,defillama
stable_pyusd,2025-12-06,3834823506,defillama
stable_pyusd,2025-12-07,3834823506,defillama
stable_pyusd,2025-12-08,3834820006,defillama
stable_pyusd,2025-12-09,3816325063,defillama
stable_pyusd,2025-12-10,3819857557,defillama
stable_pyusd,2025-12-11,3814926849,defillama
stable_pyusd,2025-12-12,3902885052,defillama
stable_pyusd,2025-12-13,3864157324,defillama
stable_pyusd,2025-12-14,3864157323,defillama
stable_pyusd,2025-12-15,3864157320,defillama
stable_pyusd,2025-12-16,3854165496,defillama
stable_pyusd,2025-12-17,3855894774,defillama
stable_pyusd,2025-12-18,3855378930,defillama
stable_pyusd,2025-12-19,3864932209,defillama
stable_pyusd,2025-12-20,3872574987,defillama
stable_pyusd,2025-12-21,3866864721,defillama
stable_pyusd,2025-12-22,3866844713,defillama
stable_pyusd,2025-12-23,3822586951,defillama
stable_pyusd,2025-12-24,3817125288,defillama
stable_pyusd,2025-12-25,3710008051,defillama
stable_pyusd,2025-12-26,3703973402,defillama
stable_pyusd,2025-12-27,3721701279,defillama
stable_pyusd,2025-12-28,3726890261,defillama
stable_pyusd,2025-12-29,3729361896,defillama
stable_pyusd,2025-12-30,3563992726,defillama
stable_pyusd,2025-12-31,3531300289,defillama
stable_pyusd,2026-01-01,3600566381,defillama
stable_pyusd,2026-01-02,3595166114,defillama
stable_pyusd,2026-01-03,3613025896,defillama
stable_pyusd,2026-01-04,3619692188,defillama
stable_pyusd,2026-01-05,3619694791,defillama
stable_pyusd,2026-01-06,3623230141,defillama
stable_pyusd,2026-01-07,3633488410,defillama
stable_pyusd,2026-01-08,3638720866,defillama
stable_pyusd,2026-01-09,3650783007,defillama
stable_pyusd,2026-01-10,3656779803,defillama
stable_pyusd,2026-01-11,3652834232,defillama
stable_pyusd,2026-01-12,3672839746,defillama
stable_pyusd,2026-01-13,3643449913,defillama
stable_pyusd,2026-01-14,3623394947,defillama
stable_pyusd,2026-01-15,3649328820,defillama
stable_pyusd,2026-01-16,3686169781,defillama
stable_pyusd,2026-01-17,3695746610,defillama
stable_pyusd,2026-01-18,3709377669,defillama
stable_pyusd,2026-01-19,3709377669,defillama
stable_pyusd,2026-01-20,3717229650,defillama
stable_pyusd,2026-01-21,3687045819,defillama
stable_pyusd,2026-01-22,3733880245,defillama
stable_pyusd,2026-01-23,3685595722,defillama
stable_pyusd,2026-01-24,3741829783,defillama
stable_pyusd,2026-01-25,3753363204,defillama
stable_pyusd,2026-01-26,3734724303,defillama
stable_pyusd,2026-01-27,3861513281,defillama
stable_pyusd,2026-01-28,3816484682,defillama
stable_pyusd,2026-01-29,3796976619,defillama
stable_pyusd,2026-01-30,3821078007,defillama
stable_pyusd,2026-01-31,3595395671,defillama
stable_pyusd,2026-02-01,3602134363,defillama
stable_pyusd,2026-02-02,3590593523,defillama
stable_pyusd,2026-02-03,3567623950,defillama
stable_pyusd,2026-02-04,3596200619,defillama
stable_pyusd,2026-02-05,3566406343,defillama
stable_pyusd,2026-02-06,3563190283,defillama
stable_pyusd,2026-02-07,3829265405,defillama
stable_pyusd,2026-02-08,3850440203,defillama
stable_pyusd,2026-02-09,3850440203,defillama
stable_pyusd,2026-02-10,3831917561,defillama
stable_pyusd,2026-02-11,3893989786,defillama
stable_pyusd,2026-02-12,3909309090,defillama
stable_pyusd,2026-02-13,3933598773,defillama
stable_pyusd,2026-02-14,4022055345,defillama
stable_pyusd,2026-02-15,4027189781,defillama
stable_pyusd,2026-02-16,4031793756,defillama
stable_pyusd,2026-02-17,4042396548,defillama
stable_pyusd,2026-02-18,4042536316,defillama
stable_pyusd,2026-02-19,4031016166,defillama
stable_pyusd,2026-02-20,4010920864,defillama
stable_pyusd,2026-02-21,4048205662,defillama
stable_pyusd,2026-02-22,4073357620,defillama
stable_pyusd,2026-02-23,4073357620,defillama
stable_pyusd,2026-02-24,4085070611,defillama
stable_pyusd,2026-02-25,4106124205,defillama
stable_pyusd,2026-02-26,4140761861,defillama
stable_pyusd,2026-02-27,4194034244,defillama
stable_pyusd,2026-02-28,4195939442,defillama
stable_pyusd,2026-03-01,4195939442,defillama
stable_pyusd,2026-03-02,4195939442,defillama
stable_pyusd,2026-03-03,4199968489,defillama
stable_pyusd,2026-03-04,4190024472,defillama
stable_pyusd,2026-03-05,4213771619,defillama
stable_pyusd,2026-03-06,4201539909,defillama
stable_pyusd,2026-03-07,4180193464,defillama
stable_pyusd,2026-03-08,4128516957,defillama
stable_pyusd,2026-03-09,4128516957,defillama
stable_pyusd,2026-03-10,4068317151,defillama
stable_pyusd,2026-03-11,4071507809,defillama
stable_pyusd,2026-03-12,4086223890,defillama
stable_pyusd,2026-03-13,4102420830,defillama
stable_pyusd,2026-03-14,4104997947,defillama
stable_pyusd,2026-03-15,4123491159,defillama
stable_pyusd,2026-03-16,4123491158,defillama
stable_pyusd,2026-03-17,4092966800,defillama
stable_pyusd,2026-03-18,4072635234,defillama
stable_pyusd,2026-03-19,4096311683,defillama
stable_pyusd,2026-03-20,4076013364,defillama
stable_pyusd,2026-03-21,4065495967,defillama
stable_pyusd,2026-03-22,4060041403,defillama
stable_pyusd,2026-03-23,4100724246,defillama
stable_pyusd,2026-03-24,4036318858,defillama
stable_pyusd,2026-03-25,3995531802,defillama
stable_pyusd,2026-03-26,3947264055,defillama
stable_pyusd,2026-03-27,3884278302,defillama
stable_pyusd,2026-03-28,3871713789,defillama
stable_pyusd,2026-03-29,3861528438,defillama
stable_pyusd,2026-03-30,3861528438,defillama
stable_pyusd,2026-03-31,3894869208,defillama
stable_pyusd,2026-04-01,3920143728,defillama
stable_pyusd,2026-04-02,3995780174,defillama
stable_pyusd,2026-04-03,4057238101,defillama
stable_pyusd,2026-04-04,3936109721,defillama
stable_pyusd,2026-04-05,3944577164,defillama
stable_pyusd,2026-04-06,3958405603,defillama
stable_pyusd,2026-04-07,3934576303,defillama
stable_pyusd,2026-04-08,3926060768,defillama
stable_pyusd,2026-04-09,3948282425,defillama
stable_pyusd,2026-04-10,3978147563,defillama
stable_pyusd,2026-04-11,4000796293,defillama
stable_pyusd,2026-04-12,4007999679,defillama
stable_pyusd,2026-04-13,4013986638,defillama
stable_pyusd,2026-04-14,4009028074,defillama
stable_pyusd,2026-04-15,4073235205,defillama
stable_pyusd,2026-04-16,4086865308,defillama
stable_pyusd,2026-04-17,4120384321,defillama
stable_pyusd,2026-04-18,4104919005,defillama
stable_pyusd,2026-04-19,4104919201,defillama
stable_pyusd,2026-04-20,4176950692,defillama
stable_pyusd,2026-04-21,3746647824,defillama
stable_pyusd,2026-04-22,3735573960,defillama
stable_pyusd,2026-04-23,3602876644,defillama
stable_pyusd,2026-04-24,3503588362,defillama
stable_pyusd,2026-04-25,3446638485,defillama
stable_pyusd,2026-04-26,3446638485,defillama
stable_pyusd,2026-04-27,3441258239,defillama
stable_pyusd,2026-04-28,3421641022,defillama
stable_pyusd,2026-04-29,3444689414,defillama
stable_pyusd,2026-04-30,3366445955,defillama
stable_pyusd,2026-05-01,3375882747,defillama
stable_pyusd,2026-05-02,3375781630,defillama
stable_pyusd,2026-05-03,3383652282,defillama
stable_pyusd,2026-05-04,3393652282,defillama
stable_pyusd,2026-05-05,3413409496,defillama
stable_pyusd,2026-05-06,3408162113,defillama
stable_pyusd,2026-05-07,3427739569,defillama
stable_pyusd,2026-05-08,3430421952,defillama
stable_pyusd,2026-05-09,3414251179,defillama
stable_pyusd,2026-05-10,3414251179,defillama
stable_pyusd,2026-05-11,3414251179,defillama
stable_pyusd,2026-05-12,3443497492,defillama
stable_pyusd,2026-05-13,3456898447,defillama
stable_pyusd,2026-05-14,3451133884,defillama
stable_pyusd,2026-05-15,3485572506,defillama
stable_pyusd,2026-05-16,3459407722,defillama
stable_pyusd,2026-05-17,3458524353,defillama
stable_pyusd,2026-05-18,3458524353,defillama
stable_pyusd,2026-05-19,3499107895,defillama
stable_pyusd,2026-05-20,3510181216,defillama
stable_pyusd,2026-05-21,3628371099,defillama
stable_pyusd,2026-05-22,3609544614,defillama
stable_pyusd,2026-05-23,3607822316,defillama
stable_pyusd,2026-05-24,3607822316,defillama
stable_pyusd,2026-05-25,3607822316,defillama
stable_pyusd,2026-05-26,3570633490,defillama
stable_pyusd,2026-05-27,3486861068,defillama
stable_pyusd,2026-05-28,3292796614,defillama
stable_pyusd,2026-05-29,3120210154,defillama
stable_pyusd,2026-05-30,3040050603,defillama
stable_pyusd,2026-05-31,3052960920,defillama
stable_pyusd,2026-06-01,3052960900,defillama
stable_pyusd,2026-06-02,3027793385,defillama
stable_pyusd,2026-06-03,3000076682,defillama
stable_pyusd,2026-06-04,2940466462,defillama
stable_pyusd,2026-06-05,2909193296,defillama
stable_pyusd,2026-06-06,2860903735,defillama
stable_pyusd,2026-06-07,2842916891,defillama
stable_pyusd,2026-06-08,2855803281,defillama
stable_pyusd,2026-06-09,2786792173,defillama
stable_pyusd,2026-06-10,2825071819,defillama
stable_pyusd,2026-06-11,2851352288,defillama
stable_pyusd,2026-06-12,2787166667,defillama
stable_pyusd,2026-06-13,2771487432,defillama
stable_pyusd,2026-06-14,2766491084,defillama
stable_pyusd,2026-06-15,2766491084,defillama
stable_pyusd,2026-06-16,2749285282,defillama
stable_pyusd,2026-06-17,2768934696,defillama
stable_pyusd,2026-06-18,2747797000,defillama
stable_pyusd,2026-06-19,2758909582,defillama
stable_pyusd,2026-06-20,2767642797,defillama
stable_pyusd,2026-06-21,2770622442,defillama
stable_pyusd,2026-06-22,2770622442,defillama
stable_pyusd,2026-06-23,2751307368,defillama
stable_pyusd,2026-06-24,2755108425,defillama
stable_pyusd,2026-06-25,2744540303,defillama
stable_pyusd,2026-06-26,2734202916,defillama
stable_pyusd,2026-06-27,2720661990,defillama
stable_pyusd,2026-06-28,2725616916,defillama
stable_pyusd,2026-06-29,2725616916,defillama
stable_pyusd,2026-06-30,2685898882,defillama
stable_pyusd,2026-07-01,2704507098,defillama
stable_pyusd,2026-07-02,2755333899,defillama
stable_pyusd,2026-07-03,2754303369,defillama
stable_pyusd,2026-07-04,2835925590,defillama
stable_pyusd,2026-07-05,2839279340,defillama
stable_pyusd,2026-07-06,2839279340,defillama
stable_pyusd,2026-07-07,2828969385,defillama
stable_pyusd,2026-07-08,2821094405,defillama
stable_pyusd,2026-07-09,2825328809,defillama
stable_pyusd,2026-07-10,2841568378,defillama
stable_pyusd,2026-07-11,2831684833,defillama
stable_pyusd,2026-07-12,2851444956,defillama
stable_pyusd,2026-07-13,2846401773,defillama
stable_pyusd,2026-07-14,2825927938,defillama
stable_pyusd,2026-07-15,2839502150,defillama
stable_pyusd,2026-07-16,2840551920,defillama
stable_pyusd,2026-07-17,2802132412,defillama
stable_pyusd,2026-07-18,2876913830,defillama
stable_pyusd,2026-07-19,2883206355,defillama
stable_pyusd,2026-07-20,2883206355,defillama
stable_pyusd,2026-07-21,2831953905,defillama
stable_pyusd,2026-07-22,2761486993,defillama
stable_pyusd,2026-07-23,2749159726,defillama
stable_pyusd,2026-07-24,2687067710,defillama
stable_pyusd,2026-07-25,2661053468,defillama
stable_pyusd,2026-07-26,2668246798,defillama
stable_pyusd,2026-07-27,2668246798,defillama
stable_pyusd,2026-07-28,2707119893,defillama
stable_pyusd,2026-07-29,2705657941,defillama
stable_pyusd,2026-07-30,2694917703,defillama
stable_pyusd,2026-07-31,2681881109,defillama
stable_pyusd,2026-08-01,2693235094,defillama
stable_pyusd,2026-08-02,2693235094,defillama
stable_pyusd,2026-08-03,2698968082,defillama
stable_pyusd,2026-08-04,2706318287,defillama
stable_pyusd,2026-08-05,2731608727,defillama
stable_pyusd,2026-08-06,2726749508,defillama
stable_pyusd,2026-08-07,2738901130,defillama
stable_pyusd,2026-08-08,2767869789,defillama
stable_pyusd,2026-08-09,2773222520,defillama
stable_pyusd,2026-08-10,2780798451,defillama
stable_pyusd,2026-08-11,2778379111,defillama
stable_pyusd,2026-08-12,2787543980,defillama
stable_pyusd,2026-08-13,2781686831,defillama
stable_pyusd,2026-08-14,2777686831,defillama
stable_pyusd,2026-08-15,2754957943,defillama
stable_pyusd,2026-08-16,2755951477,defillama
stable_pyusd,2026-08-17,2760951287,defillama
stable_pyusd,2026-08-18,2754879720,defillama
stable_pyusd,2026-08-19,2757569782,defillama
stable_pyusd,2026-08-20,2763434389,defillama
stable_pyusd,2026-08-21,2813881556,defillama
stable_pyusd,2026-08-22,2842304620.277809,defillama
stable_rlusd,2024-08-23,200,defillama
stable_rlusd,2024-08-24,200,defillama
stable_rlusd,2024-08-25,200,defillama
stable_rlusd,2024-08-26,200,defillama
stable_rlusd,2024-08-27,200,defillama
stable_rlusd,2024-08-28,200,defillama
stable_rlusd,2024-09-18,65,defillama
stable_rlusd,2024-09-19,65,defillama
stable_rlusd,2024-09-20,65,defillama
stable_rlusd,2024-09-21,142,defillama
stable_rlusd,2024-09-22,142,defillama
stable_rlusd,2024-09-23,78,defillama
stable_rlusd,2024-09-24,78,defillama
stable_rlusd,2024-09-25,513,defillama
stable_rlusd,2024-09-26,6028,defillama
stable_rlusd,2024-09-27,6028,defillama
stable_rlusd,2024-09-28,56028,defillama
stable_rlusd,2024-09-29,356028,defillama
stable_rlusd,2024-09-30,956028,defillama
stable_rlusd,2024-10-01,1356028,defillama
stable_rlusd,2024-10-02,2006028,defillama
stable_rlusd,2024-10-03,2556028,defillama
stable_rlusd,2024-10-04,12556028,defillama
stable_rlusd,2024-10-05,12555923,defillama
stable_rlusd,2024-10-06,12556313,defillama
stable_rlusd,2024-10-07,12556701,defillama
stable_rlusd,2024-10-08,12556581,defillama
stable_rlusd,2024-10-09,12556581,defillama
stable_rlusd,2024-10-10,12556456,defillama
stable_rlusd,2024-10-11,12556577,defillama
stable_rlusd,2024-10-12,12556437,defillama
stable_rlusd,2024-10-13,12556437,defillama
stable_rlusd,2024-10-14,20556292,defillama
stable_rlusd,2024-10-15,26556142,defillama
stable_rlusd,2024-10-16,44555987,defillama
stable_rlusd,2024-10-17,48560887,defillama
stable_rlusd,2024-10-18,48560727,defillama
stable_rlusd,2024-10-19,48560562,defillama
stable_rlusd,2024-10-20,48560392,defillama
stable_rlusd,2024-10-21,48560392,defillama
stable_rlusd,2024-10-22,48560037,defillama
stable_rlusd,2024-10-23,48559852,defillama
stable_rlusd,2024-10-24,48559612,defillama
stable_rlusd,2024-10-25,48559417,defillama
stable_rlusd,2024-10-26,48609217,defillama
stable_rlusd,2024-10-27,48709012,defillama
stable_rlusd,2024-10-28,48709012,defillama
stable_rlusd,2024-10-29,48708802,defillama
stable_rlusd,2024-10-30,48708587,defillama
stable_rlusd,2024-10-31,48708367,defillama
stable_rlusd,2024-11-01,48708142,defillama
stable_rlusd,2024-11-02,48707912,defillama
stable_rlusd,2024-11-03,48707677,defillama
stable_rlusd,2024-11-04,48707677,defillama
stable_rlusd,2024-11-05,48707192,defillama
stable_rlusd,2024-11-06,48707192,defillama
stable_rlusd,2024-11-07,48707192,defillama
stable_rlusd,2024-11-08,48707192,defillama
stable_rlusd,2024-11-09,48707192,defillama
stable_rlusd,2024-11-10,48707192,defillama
stable_rlusd,2024-11-11,48707192,defillama
stable_rlusd,2024-11-12,48707192,defillama
stable_rlusd,2024-11-13,48707192,defillama
stable_rlusd,2024-11-14,48707192,defillama
stable_rlusd,2024-11-15,48707192,defillama
stable_rlusd,2024-11-16,34191328,defillama
stable_rlusd,2024-11-17,34191328,defillama
stable_rlusd,2024-11-18,34191328,defillama
stable_rlusd,2024-11-19,34191328,defillama
stable_rlusd,2024-11-20,34191078,defillama
stable_rlusd,2024-11-21,34191078,defillama
stable_rlusd,2024-11-22,34191078,defillama
stable_rlusd,2024-11-23,34191078,defillama
stable_rlusd,2024-11-24,34190818,defillama
stable_rlusd,2024-11-25,34190818,defillama
stable_rlusd,2024-11-26,34190818,defillama
stable_rlusd,2024-11-27,34190818,defillama
stable_rlusd,2024-11-28,101727,defillama
stable_rlusd,2024-11-29,101727,defillama
stable_rlusd,2024-11-30,1607,defillama
stable_rlusd,2024-12-01,1607,defillama
stable_rlusd,2024-12-02,1607,defillama
stable_rlusd,2024-12-03,40161130,defillama
stable_rlusd,2024-12-04,41761130,defillama
stable_rlusd,2024-12-05,41761130,defillama
stable_rlusd,2024-12-06,41761130,defillama
stable_rlusd,2024-12-07,41761130,defillama
stable_rlusd,2024-12-08,41761130,defillama
stable_rlusd,2024-12-09,41761130,defillama
stable_rlusd,2024-12-10,41761130,defillama
stable_rlusd,2024-12-11,41761130,defillama
stable_rlusd,2024-12-12,41761130,defillama
stable_rlusd,2024-12-13,52900130,defillama
stable_rlusd,2024-12-14,52900130,defillama
stable_rlusd,2024-12-15,52900130,defillama
stable_rlusd,2024-12-16,52900130,defillama
stable_rlusd,2024-12-17,52900130,defillama
stable_rlusd,2024-12-18,53100130,defillama
stable_rlusd,2024-12-19,53200130,defillama
stable_rlusd,2024-12-20,53200130,defillama
stable_rlusd,2024-12-21,53200130,defillama
stable_rlusd,2024-12-22,53200130,defillama
stable_rlusd,2024-12-23,53200130,defillama
stable_rlusd,2024-12-24,54602318,defillama
stable_rlusd,2024-12-25,57602318,defillama
stable_rlusd,2024-12-26,57602318,defillama
stable_rlusd,2024-12-27,57602318,defillama
stable_rlusd,2024-12-28,57602318,defillama
stable_rlusd,2024-12-29,57602318,defillama
stable_rlusd,2024-12-30,57602318,defillama
stable_rlusd,2024-12-31,57602318,defillama
stable_rlusd,2025-01-01,57602318,defillama
stable_rlusd,2025-01-02,57602318,defillama
stable_rlusd,2025-01-03,57602318,defillama
stable_rlusd,2025-01-04,57602318,defillama
stable_rlusd,2025-01-05,57602318,defillama
stable_rlusd,2025-01-06,57602318,defillama
stable_rlusd,2025-01-07,57602318,defillama
stable_rlusd,2025-01-08,58823318,defillama
stable_rlusd,2025-01-09,61823275,defillama
stable_rlusd,2025-01-10,61823275,defillama
stable_rlusd,2025-01-11,61823275,defillama
stable_rlusd,2025-01-12,61823275,defillama
stable_rlusd,2025-01-13,61823275,defillama
stable_rlusd,2025-01-14,61823275,defillama
stable_rlusd,2025-01-15,61823275,defillama
stable_rlusd,2025-01-16,61823275,defillama
stable_rlusd,2025-01-17,67001501,defillama
stable_rlusd,2025-01-18,67001501,defillama
stable_rlusd,2025-01-19,67001501,defillama
stable_rlusd,2025-01-20,67001501,defillama
stable_rlusd,2025-01-21,67352501,defillama
stable_rlusd,2025-01-22,69852502,defillama
stable_rlusd,2025-01-23,69952502,defillama
stable_rlusd,2025-01-24,69952502,defillama
stable_rlusd,2025-01-25,71152502,defillama
stable_rlusd,2025-01-26,71152502,defillama
stable_rlusd,2025-01-27,71152502,defillama
stable_rlusd,2025-01-28,71152502,defillama
stable_rlusd,2025-01-29,71152502,defillama
stable_rlusd,2025-01-30,74352502,defillama
stable_rlusd,2025-01-31,74352502,defillama
stable_rlusd,2025-02-01,79912633,defillama
stable_rlusd,2025-02-02,79912633,defillama
stable_rlusd,2025-02-03,79912633,defillama
stable_rlusd,2025-02-04,79912633,defillama
stable_rlusd,2025-02-05,79912633,defillama
stable_rlusd,2025-02-06,79912633,defillama
stable_rlusd,2025-02-07,80912633,defillama
stable_rlusd,2025-02-08,82912633,defillama
stable_rlusd,2025-02-09,82912633,defillama
stable_rlusd,2025-02-10,82912633,defillama
stable_rlusd,2025-02-11,83337633,defillama
stable_rlusd,2025-02-12,83337633,defillama
stable_rlusd,2025-02-13,83337633,defillama
stable_rlusd,2025-02-14,83337633,defillama
stable_rlusd,2025-02-15,83337633,defillama
stable_rlusd,2025-02-16,83337633,defillama
stable_rlusd,2025-02-17,83337633,defillama
stable_rlusd,2025-02-18,83337633,defillama
stable_rlusd,2025-02-19,83337633,defillama
stable_rlusd,2025-02-20,83337633,defillama
stable_rlusd,2025-02-21,85337633,defillama
stable_rlusd,2025-02-22,85337633,defillama
stable_rlusd,2025-02-23,85337633,defillama
stable_rlusd,2025-02-24,85337633,defillama
stable_rlusd,2025-02-25,85337633,defillama
stable_rlusd,2025-02-26,85337633,defillama
stable_rlusd,2025-02-27,85337633,defillama
stable_rlusd,2025-02-28,89337633,defillama
stable_rlusd,2025-03-01,91837633,defillama
stable_rlusd,2025-03-02,91837633,defillama
stable_rlusd,2025-03-03,91837633,defillama
stable_rlusd,2025-03-04,91837633,defillama
stable_rlusd,2025-03-05,91837633,defillama
stable_rlusd,2025-03-06,91837633,defillama
stable_rlusd,2025-03-07,91837633,defillama
stable_rlusd,2025-03-08,94137633,defillama
stable_rlusd,2025-03-09,94137633,defillama
stable_rlusd,2025-03-10,94137633,defillama
stable_rlusd,2025-03-11,94137663,defillama
stable_rlusd,2025-03-12,94137693,defillama
stable_rlusd,2025-03-13,94137693,defillama
stable_rlusd,2025-03-14,94137693,defillama
stable_rlusd,2025-03-15,100637693,defillama
stable_rlusd,2025-03-16,100637693,defillama
stable_rlusd,2025-03-17,100637693,defillama
stable_rlusd,2025-03-18,125637693,defillama
stable_rlusd,2025-03-19,125637600,defillama
stable_rlusd,2025-03-20,125637600,defillama
stable_rlusd,2025-03-21,125637600,defillama
stable_rlusd,2025-03-22,132637600,defillama
stable_rlusd,2025-03-23,132637600,defillama
stable_rlusd,2025-03-24,132637600,defillama
stable_rlusd,2025-03-25,132637600,defillama
stable_rlusd,2025-03-26,132637600,defillama
stable_rlusd,2025-03-27,132637600,defillama
stable_rlusd,2025-03-28,132637600,defillama
stable_rlusd,2025-03-29,149637600,defillama
stable_rlusd,2025-03-30,149637600,defillama
stable_rlusd,2025-03-31,149637600,defillama
stable_rlusd,2025-04-01,199637600,defillama
stable_rlusd,2025-04-02,293692686,defillama
stable_rlusd,2025-04-03,293692686,defillama
stable_rlusd,2025-04-04,293692686,defillama
stable_rlusd,2025-04-05,293692686,defillama
stable_rlusd,2025-04-06,293692686,defillama
stable_rlusd,2025-04-07,293692686,defillama
stable_rlusd,2025-04-08,293692686,defillama
stable_rlusd,2025-04-09,293692686,defillama
stable_rlusd,2025-04-10,294042712,defillama
stable_rlusd,2025-04-11,294042712,defillama
stable_rlusd,2025-04-12,294042712,defillama
stable_rlusd,2025-04-13,294042712,defillama
stable_rlusd,2025-04-14,294042712,defillama
stable_rlusd,2025-04-15,294042712,defillama
stable_rlusd,2025-04-16,294042712,defillama
stable_rlusd,2025-04-17,294042712,defillama
stable_rlusd,2025-04-18,294042712,defillama
stable_rlusd,2025-04-19,294042712,defillama
stable_rlusd,2025-04-20,294042712,defillama
stable_rlusd,2025-04-21,294042712,defillama
stable_rlusd,2025-04-22,294042712,defillama
stable_rlusd,2025-04-23,294042712,defillama
stable_rlusd,2025-04-24,294042712,defillama
stable_rlusd,2025-04-25,294042712,defillama
stable_rlusd,2025-04-26,317042712,defillama
stable_rlusd,2025-04-27,317042712,defillama
stable_rlusd,2025-04-28,317042712,defillama
stable_rlusd,2025-04-29,317042712,defillama
stable_rlusd,2025-04-30,317042712,defillama
stable_rlusd,2025-05-01,317042712,defillama
stable_rlusd,2025-05-02,317042712,defillama
stable_rlusd,2025-05-03,317042712,defillama
stable_rlusd,2025-05-04,317042712,defillama
stable_rlusd,2025-05-05,317042712,defillama
stable_rlusd,2025-05-06,317042712,defillama
stable_rlusd,2025-05-07,317042712,defillama
stable_rlusd,2025-05-08,317042712,defillama
stable_rlusd,2025-05-09,317042712,defillama
stable_rlusd,2025-05-10,317042712,defillama
stable_rlusd,2025-05-11,317042712,defillama
stable_rlusd,2025-05-12,317042712,defillama
stable_rlusd,2025-05-13,317042712,defillama
stable_rlusd,2025-05-14,317042486,defillama
stable_rlusd,2025-05-15,313042487,defillama
stable_rlusd,2025-05-16,313042487,defillama
stable_rlusd,2025-05-17,313042487,defillama
stable_rlusd,2025-05-18,313042487,defillama
stable_rlusd,2025-05-19,313042487,defillama
stable_rlusd,2025-05-20,313042372,defillama
stable_rlusd,2025-05-21,313042372,defillama
stable_rlusd,2025-05-22,310542372,defillama
stable_rlusd,2025-05-23,310543072,defillama
stable_rlusd,2025-05-24,310543072,defillama
stable_rlusd,2025-05-25,310543072,defillama
stable_rlusd,2025-05-26,310543072,defillama
stable_rlusd,2025-05-27,310543072,defillama
stable_rlusd,2025-05-28,309043443,defillama
stable_rlusd,2025-05-29,309043794,defillama
stable_rlusd,2025-05-30,309043794,defillama
stable_rlusd,2025-05-31,309043794,defillama
stable_rlusd,2025-06-01,309043794,defillama
stable_rlusd,2025-06-02,309043794,defillama
stable_rlusd,2025-06-03,309043794,defillama
stable_rlusd,2025-06-04,333743794,defillama
stable_rlusd,2025-06-05,369743794,defillama
stable_rlusd,2025-06-06,381743794,defillama
stable_rlusd,2025-06-07,381743694,defillama
stable_rlusd,2025-06-08,381743694,defillama
stable_rlusd,2025-06-09,381743694,defillama
stable_rlusd,2025-06-10,388743694,defillama
stable_rlusd,2025-06-11,393743694,defillama
stable_rlusd,2025-06-12,413743694,defillama
stable_rlusd,2025-06-13,413743694,defillama
stable_rlusd,2025-06-14,405743694,defillama
stable_rlusd,2025-06-15,405743694,defillama
stable_rlusd,2025-06-16,405743694,defillama
stable_rlusd,2025-06-17,405743694,defillama
stable_rlusd,2025-06-18,405743694,defillama
stable_rlusd,2025-06-19,415743694,defillama
stable_rlusd,2025-06-20,415743694,defillama
stable_rlusd,2025-06-21,428743694,defillama
stable_rlusd,2025-06-22,428743694,defillama
stable_rlusd,2025-06-23,428743694,defillama
stable_rlusd,2025-06-24,428743694,defillama
stable_rlusd,2025-06-25,428743694,defillama
stable_rlusd,2025-06-26,428743694,defillama
stable_rlusd,2025-06-27,440743694,defillama
stable_rlusd,2025-06-28,455243694,defillama
stable_rlusd,2025-06-29,455243694,defillama
stable_rlusd,2025-06-30,455243694,defillama
stable_rlusd,2025-07-01,455243694,defillama
stable_rlusd,2025-07-02,455243694,defillama
stable_rlusd,2025-07-03,469243639,defillama
stable_rlusd,2025-07-04,485243639,defillama
stable_rlusd,2025-07-05,485243639,defillama
stable_rlusd,2025-07-06,485243639,defillama
stable_rlusd,2025-07-07,485243639,defillama
stable_rlusd,2025-07-08,485243639,defillama
stable_rlusd,2025-07-09,501243639,defillama
stable_rlusd,2025-07-10,501243639,defillama
stable_rlusd,2025-07-11,501243639,defillama
stable_rlusd,2025-07-12,517743639,defillama
stable_rlusd,2025-07-13,517743639,defillama
stable_rlusd,2025-07-14,517743639,defillama
stable_rlusd,2025-07-15,517743639,defillama
stable_rlusd,2025-07-16,517743639,defillama
stable_rlusd,2025-07-17,517743524,defillama
stable_rlusd,2025-07-18,517743524,defillama
stable_rlusd,2025-07-19,527743524,defillama
stable_rlusd,2025-07-20,527743524,defillama
stable_rlusd,2025-07-21,527743524,defillama
stable_rlusd,2025-07-22,532743524,defillama
stable_rlusd,2025-07-23,532743524,defillama
stable_rlusd,2025-07-24,557743524,defillama
stable_rlusd,2025-07-25,557743524,defillama
stable_rlusd,2025-07-26,577743524,defillama
stable_rlusd,2025-07-27,577743524,defillama
stable_rlusd,2025-07-28,577743524,defillama
stable_rlusd,2025-07-29,577743524,defillama
stable_rlusd,2025-07-30,577743524,defillama
stable_rlusd,2025-07-31,577743524,defillama
stable_rlusd,2025-08-01,602743524,defillama
stable_rlusd,2025-08-02,602743524,defillama
stable_rlusd,2025-08-03,602743524,defillama
stable_rlusd,2025-08-04,602743524,defillama
stable_rlusd,2025-08-05,602743524,defillama
stable_rlusd,2025-08-06,612743524,defillama
stable_rlusd,2025-08-07,612743524,defillama
stable_rlusd,2025-08-08,620743524,defillama
stable_rlusd,2025-08-09,642743404,defillama
stable_rlusd,2025-08-10,642743404,defillama
stable_rlusd,2025-08-11,642743404,defillama
stable_rlusd,2025-08-12,642743404,defillama
stable_rlusd,2025-08-13,642743504,defillama
stable_rlusd,2025-08-14,642743504,defillama
stable_rlusd,2025-08-15,642743504,defillama
stable_rlusd,2025-08-16,666743504,defillama
stable_rlusd,2025-08-17,666743504,defillama
stable_rlusd,2025-08-18,666743504,defillama
stable_rlusd,2025-08-19,666743504,defillama
stable_rlusd,2025-08-20,666743259,defillama
stable_rlusd,2025-08-21,666743149,defillama
stable_rlusd,2025-08-22,666743149,defillama
stable_rlusd,2025-08-23,686743149,defillama
stable_rlusd,2025-08-24,686743149,defillama
stable_rlusd,2025-08-25,686743149,defillama
stable_rlusd,2025-08-26,687950756,defillama
stable_rlusd,2025-08-27,687950756,defillama
stable_rlusd,2025-08-28,687950756,defillama
stable_rlusd,2025-08-29,687950756,defillama
stable_rlusd,2025-08-30,701950756,defillama
stable_rlusd,2025-08-31,701950756,defillama
stable_rlusd,2025-09-01,701950756,defillama
stable_rlusd,2025-09-02,701950756,defillama
stable_rlusd,2025-09-03,711950756,defillama
stable_rlusd,2025-09-04,709950756,defillama
stable_rlusd,2025-09-05,709950756,defillama
stable_rlusd,2025-09-06,731229756,defillama
stable_rlusd,2025-09-07,731229756,defillama
stable_rlusd,2025-09-08,731229756,defillama
stable_rlusd,2025-09-09,731229756,defillama
stable_rlusd,2025-09-10,728515508,defillama
stable_rlusd,2025-09-11,728515508,defillama
stable_rlusd,2025-09-12,728827508,defillama
stable_rlusd,2025-09-13,729950821,defillama
stable_rlusd,2025-09-14,729950821,defillama
stable_rlusd,2025-09-15,729950821,defillama
stable_rlusd,2025-09-16,729950821,defillama
stable_rlusd,2025-09-17,729950821,defillama
stable_rlusd,2025-09-18,729950821,defillama
stable_rlusd,2025-09-19,729550821,defillama
stable_rlusd,2025-09-20,729950821,defillama
stable_rlusd,2025-09-21,729950821,defillama
stable_rlusd,2025-09-22,729950821,defillama
stable_rlusd,2025-09-23,741696777,defillama
stable_rlusd,2025-09-24,741696777,defillama
stable_rlusd,2025-09-25,741696777,defillama
stable_rlusd,2025-09-26,741696777,defillama
stable_rlusd,2025-09-27,789696777,defillama
stable_rlusd,2025-09-28,789696777,defillama
stable_rlusd,2025-09-29,789696777,defillama
stable_rlusd,2025-09-30,789696777,defillama
stable_rlusd,2025-10-01,789696777,defillama
stable_rlusd,2025-10-02,789696777,defillama
stable_rlusd,2025-10-03,789696777,defillama
stable_rlusd,2025-10-04,789697139,defillama
stable_rlusd,2025-10-05,789697139,defillama
stable_rlusd,2025-10-06,789697139,defillama
stable_rlusd,2025-10-07,789697139,defillama
stable_rlusd,2025-10-08,791697139,defillama
stable_rlusd,2025-10-09,789697139,defillama
stable_rlusd,2025-10-10,788756939,defillama
stable_rlusd,2025-10-11,788756812,defillama
stable_rlusd,2025-10-12,839697012,defillama
stable_rlusd,2025-10-13,839697012,defillama
stable_rlusd,2025-10-14,839697012,defillama
stable_rlusd,2025-10-15,840997012,defillama
stable_rlusd,2025-10-16,840997012,defillama
stable_rlusd,2025-10-17,840997012,defillama
stable_rlusd,2025-10-18,873997012,defillama
stable_rlusd,2025-10-19,873997012,defillama
stable_rlusd,2025-10-20,873997012,defillama
stable_rlusd,2025-10-21,873997012,defillama
stable_rlusd,2025-10-22,873997012,defillama
stable_rlusd,2025-10-23,898497012,defillama
stable_rlusd,2025-10-24,898497012,defillama
stable_rlusd,2025-10-25,903497057,defillama
stable_rlusd,2025-10-26,903497057,defillama
stable_rlusd,2025-10-27,903497057,defillama
stable_rlusd,2025-10-28,908497082,defillama
stable_rlusd,2025-10-29,908497082,defillama
stable_rlusd,2025-10-30,908497082,defillama
stable_rlusd,2025-10-31,908497082,defillama
stable_rlusd,2025-11-01,963198083,defillama
stable_rlusd,2025-11-02,977698083,defillama
stable_rlusd,2025-11-03,977698083,defillama
stable_rlusd,2025-11-04,1027698083,defillama
stable_rlusd,2025-11-05,1025198083,defillama
stable_rlusd,2025-11-06,1025198083,defillama
stable_rlusd,2025-11-07,1025198083,defillama
stable_rlusd,2025-11-08,1050198083,defillama
stable_rlusd,2025-11-09,1050198083,defillama
stable_rlusd,2025-11-10,1050198083,defillama
stable_rlusd,2025-11-11,1050198083,defillama
stable_rlusd,2025-11-12,1050198083,defillama
stable_rlusd,2025-11-13,1050198083,defillama
stable_rlusd,2025-11-14,1075198083,defillama
stable_rlusd,2025-11-15,1089198083,defillama
stable_rlusd,2025-11-16,1089198083,defillama
stable_rlusd,2025-11-17,1089198083,defillama
stable_rlusd,2025-11-18,1120198083,defillama
stable_rlusd,2025-11-19,1120198083,defillama
stable_rlusd,2025-11-20,1126638083,defillama
stable_rlusd,2025-11-21,1141638083,defillama
stable_rlusd,2025-11-22,1156638083,defillama
stable_rlusd,2025-11-23,1156638083,defillama
stable_rlusd,2025-11-24,1156638083,defillama
stable_rlusd,2025-11-25,1236148084,defillama
stable_rlusd,2025-11-26,1236148084,defillama
stable_rlusd,2025-11-27,1261148084,defillama
stable_rlusd,2025-11-28,1261148084,defillama
stable_rlusd,2025-11-29,1260898084,defillama
stable_rlusd,2025-11-30,1260898084,defillama
stable_rlusd,2025-12-01,1260898084,defillama
stable_rlusd,2025-12-02,1260728084,defillama
stable_rlusd,2025-12-03,1260728084,defillama
stable_rlusd,2025-12-04,1280728084,defillama
stable_rlusd,2025-12-05,1280728084,defillama
stable_rlusd,2025-12-06,1293131648,defillama
stable_rlusd,2025-12-07,1293131648,defillama
stable_rlusd,2025-12-08,1293131648,defillama
stable_rlusd,2025-12-09,1293131648,defillama
stable_rlusd,2025-12-10,1297131526,defillama
stable_rlusd,2025-12-11,1297131526,defillama
stable_rlusd,2025-12-12,1317131526,defillama
stable_rlusd,2025-12-13,1317131526,defillama
stable_rlusd,2025-12-14,1317131526,defillama
stable_rlusd,2025-12-15,1317131526,defillama
stable_rlusd,2025-12-16,1317131405,defillama
stable_rlusd,2025-12-17,1317131405,defillama
stable_rlusd,2025-12-18,1336131274,defillama
stable_rlusd,2025-12-19,1336131274,defillama
stable_rlusd,2025-12-20,1359131174,defillama
stable_rlusd,2025-12-21,1359131174,defillama
stable_rlusd,2025-12-22,1359131174,defillama
stable_rlusd,2025-12-23,1359131174,defillama
stable_rlusd,2025-12-24,1358931174,defillama
stable_rlusd,2025-12-25,1358931174,defillama
stable_rlusd,2025-12-26,1358931174,defillama
stable_rlusd,2025-12-27,1358231174,defillama
stable_rlusd,2025-12-28,1358231174,defillama
stable_rlusd,2025-12-29,1358231174,defillama
stable_rlusd,2025-12-30,1358011174,defillama
stable_rlusd,2025-12-31,1336206103,defillama
stable_rlusd,2026-01-01,1278206224,defillama
stable_rlusd,2026-01-02,1278206224,defillama
stable_rlusd,2026-01-03,1345806224,defillama
stable_rlusd,2026-01-04,1345806224,defillama
stable_rlusd,2026-01-05,1345806224,defillama
stable_rlusd,2026-01-06,1345806224,defillama
stable_rlusd,2026-01-07,1345456224,defillama
stable_rlusd,2026-01-08,1345456224,defillama
stable_rlusd,2026-01-09,1385456224,defillama
stable_rlusd,2026-01-10,1385456104,defillama
stable_rlusd,2026-01-11,1385456104,defillama
stable_rlusd,2026-01-12,1385456104,defillama
stable_rlusd,2026-01-13,1385456104,defillama
stable_rlusd,2026-01-14,1385456204,defillama
stable_rlusd,2026-01-15,1385456204,defillama
stable_rlusd,2026-01-16,1385456204,defillama
stable_rlusd,2026-01-17,1405456101,defillama
stable_rlusd,2026-01-18,1405456101,defillama
stable_rlusd,2026-01-19,1405456101,defillama
stable_rlusd,2026-01-20,1405456101,defillama
stable_rlusd,2026-01-21,1405456101,defillama
stable_rlusd,2026-01-22,1400456101,defillama
stable_rlusd,2026-01-23,1410456101,defillama
stable_rlusd,2026-01-24,1415456101,defillama
stable_rlusd,2026-01-25,1415456101,defillama
stable_rlusd,2026-01-26,1415456101,defillama
stable_rlusd,2026-01-27,1415456111,defillama
stable_rlusd,2026-01-28,1415455995,defillama
stable_rlusd,2026-01-29,1415455995,defillama
stable_rlusd,2026-01-30,1450455995,defillama
stable_rlusd,2026-01-31,1357255995,defillama
stable_rlusd,2026-02-01,1357255995,defillama
stable_rlusd,2026-02-02,1357255995,defillama
stable_rlusd,2026-02-03,1459455995,defillama
stable_rlusd,2026-02-04,1494455995,defillama
stable_rlusd,2026-02-05,1494455885,defillama
stable_rlusd,2026-02-06,1494441190,defillama
stable_rlusd,2026-02-07,1494441190,defillama
stable_rlusd,2026-02-08,1491941190,defillama
stable_rlusd,2026-02-09,1491941190,defillama
stable_rlusd,2026-02-10,1521941230,defillama
stable_rlusd,2026-02-11,1521941230,defillama
stable_rlusd,2026-02-12,1521941230,defillama
stable_rlusd,2026-02-13,1521941118,defillama
stable_rlusd,2026-02-14,1521941118,defillama
stable_rlusd,2026-02-15,1521941118,defillama
stable_rlusd,2026-02-16,1521941118,defillama
stable_rlusd,2026-02-17,1521941118,defillama
stable_rlusd,2026-02-18,1521941118,defillama
stable_rlusd,2026-02-19,1521740776,defillama
stable_rlusd,2026-02-20,1538640717,defillama
stable_rlusd,2026-02-21,1558570717,defillama
stable_rlusd,2026-02-22,1558570717,defillama
stable_rlusd,2026-02-23,1558570717,defillama
stable_rlusd,2026-02-24,1558420717,defillama
stable_rlusd,2026-02-25,1558420615,defillama
stable_rlusd,2026-02-26,1563678851,defillama
stable_rlusd,2026-02-27,1563678851,defillama
stable_rlusd,2026-02-28,1495023851,defillama
stable_rlusd,2026-03-01,1495023851,defillama
stable_rlusd,2026-03-02,1495023851,defillama
stable_rlusd,2026-03-03,1583678814,defillama
stable_rlusd,2026-03-04,1583678814,defillama
stable_rlusd,2026-03-05,1583678814,defillama
stable_rlusd,2026-03-06,1588678814,defillama
stable_rlusd,2026-03-07,1588678714,defillama
stable_rlusd,2026-03-08,1588678714,defillama
stable_rlusd,2026-03-09,1579578714,defillama
stable_rlusd,2026-03-10,1586579679,defillama
stable_rlusd,2026-03-11,1575577714,defillama
stable_rlusd,2026-03-12,1578567714,defillama
stable_rlusd,2026-03-13,1562628408,defillama
stable_rlusd,2026-03-14,1552628407,defillama
stable_rlusd,2026-03-15,1552628407,defillama
stable_rlusd,2026-03-16,1552628407,defillama
stable_rlusd,2026-03-17,1549571407,defillama
stable_rlusd,2026-03-18,1525616304,defillama
stable_rlusd,2026-03-19,1525616304,defillama
stable_rlusd,2026-03-20,1535616168,defillama
stable_rlusd,2026-03-21,1527016168,defillama
stable_rlusd,2026-03-22,1527016168,defillama
stable_rlusd,2026-03-23,1527016168,defillama
stable_rlusd,2026-03-24,1481758168,defillama
stable_rlusd,2026-03-25,1432158163,defillama
stable_rlusd,2026-03-26,1437074727,defillama
stable_rlusd,2026-03-27,1411355495,defillama
stable_rlusd,2026-03-28,1410355493,defillama
stable_rlusd,2026-03-29,1410355493,defillama
stable_rlusd,2026-03-30,1410355493,defillama
stable_rlusd,2026-03-31,1416355949,defillama
stable_rlusd,2026-04-01,1247271090,defillama
stable_rlusd,2026-04-02,1308475249,defillama
stable_rlusd,2026-04-03,1370825422,defillama
stable_rlusd,2026-04-04,1370825222,defillama
stable_rlusd,2026-04-05,1370825222,defillama
stable_rlusd,2026-04-06,1370825222,defillama
stable_rlusd,2026-04-07,1359862889,defillama
stable_rlusd,2026-04-08,1344862870,defillama
stable_rlusd,2026-04-09,1374271615,defillama
stable_rlusd,2026-04-10,1378771390,defillama
stable_rlusd,2026-04-11,1391771362,defillama
stable_rlusd,2026-04-12,1391771362,defillama
stable_rlusd,2026-04-13,1420661362,defillama
stable_rlusd,2026-04-14,1441761011,defillama
stable_rlusd,2026-04-15,1463761355,defillama
stable_rlusd,2026-04-16,1469961329,defillama
stable_rlusd,2026-04-17,1467701529,defillama
stable_rlusd,2026-04-18,1416956483,defillama
stable_rlusd,2026-04-19,1416956483,defillama
stable_rlusd,2026-04-20,1416956483,defillama
stable_rlusd,2026-04-21,1426996980,defillama
stable_rlusd,2026-04-22,1437896975,defillama
stable_rlusd,2026-04-23,1461896835,defillama
stable_rlusd,2026-04-24,1493711840,defillama
stable_rlusd,2026-04-25,1565386640,defillama
stable_rlusd,2026-04-26,1590386434,defillama
stable_rlusd,2026-04-27,1590386434,defillama
stable_rlusd,2026-04-28,1586636444,defillama
stable_rlusd,2026-04-29,1570846442,defillama
stable_rlusd,2026-04-30,1557432352,defillama
stable_rlusd,2026-05-01,1444434832,defillama
stable_rlusd,2026-05-02,1559982732,defillama
stable_rlusd,2026-05-03,1559982732,defillama
stable_rlusd,2026-05-04,1555078403,defillama
stable_rlusd,2026-05-05,1537873243,defillama
stable_rlusd,2026-05-06,1526340094,defillama
stable_rlusd,2026-05-07,1534259436,defillama
stable_rlusd,2026-05-08,1535640838,defillama
stable_rlusd,2026-05-09,1535832461,defillama
stable_rlusd,2026-05-10,1531832461,defillama
stable_rlusd,2026-05-11,1526332461,defillama
stable_rlusd,2026-05-12,1533388079,defillama
stable_rlusd,2026-05-13,1553782771,defillama
stable_rlusd,2026-05-14,1553521632,defillama
stable_rlusd,2026-05-15,1562589503,defillama
stable_rlusd,2026-05-16,1541783955,defillama
stable_rlusd,2026-05-17,1545683955,defillama
stable_rlusd,2026-05-18,1551683955,defillama
stable_rlusd,2026-05-19,1600129571,defillama
stable_rlusd,2026-05-20,1748290634,defillama
stable_rlusd,2026-05-21,1748290634,defillama
stable_rlusd,2026-05-22,1753190114,defillama
stable_rlusd,2026-05-23,1762463228,defillama
stable_rlusd,2026-05-24,1759463229,defillama
stable_rlusd,2026-05-25,1744463224,defillama
stable_rlusd,2026-05-26,1741433224,defillama
stable_rlusd,2026-05-27,1779431868,defillama
stable_rlusd,2026-05-28,1744781845,defillama
stable_rlusd,2026-05-29,1728194002,defillama
stable_rlusd,2026-05-30,1694326525,defillama
stable_rlusd,2026-05-31,1698326525,defillama
stable_rlusd,2026-06-01,1698326525,defillama
stable_rlusd,2026-06-02,1813709639,defillama
stable_rlusd,2026-06-03,1806903172,defillama
stable_rlusd,2026-06-04,1748638599,defillama
stable_rlusd,2026-06-05,1697399098,defillama
stable_rlusd,2026-06-06,1685999098,defillama
stable_rlusd,2026-06-07,1685999098,defillama
stable_rlusd,2026-06-08,1685999098,defillama
stable_rlusd,2026-06-09,1672287356,defillama
stable_rlusd,2026-06-10,1651324394,defillama
stable_rlusd,2026-06-11,1650724393,defillama
stable_rlusd,2026-06-12,1650204403,defillama
stable_rlusd,2026-06-13,1638894199,defillama
stable_rlusd,2026-06-14,1638894199,defillama
stable_rlusd,2026-06-15,1638894199,defillama
stable_rlusd,2026-06-16,1646676206,defillama
stable_rlusd,2026-06-17,1637396610,defillama
stable_rlusd,2026-06-18,1647824947,defillama
stable_rlusd,2026-06-19,1630864029,defillama
stable_rlusd,2026-06-20,1628364029,defillama
stable_rlusd,2026-06-21,1628364029,defillama
stable_rlusd,2026-06-22,1628364029,defillama
stable_rlusd,2026-06-23,1619124632,defillama
stable_rlusd,2026-06-24,1597101649,defillama
stable_rlusd,2026-06-25,1585649704,defillama
stable_rlusd,2026-06-26,1575854085,defillama
stable_rlusd,2026-06-27,1570683312,defillama
stable_rlusd,2026-06-28,1570683312,defillama
stable_rlusd,2026-06-29,1566383312,defillama
stable_rlusd,2026-06-30,1564145508,defillama
stable_rlusd,2026-07-01,1411033454,defillama
stable_rlusd,2026-07-02,1580665303,defillama
stable_rlusd,2026-07-03,1634364733,defillama
stable_rlusd,2026-07-04,1585475268,defillama
stable_rlusd,2026-07-05,1575475268,defillama
stable_rlusd,2026-07-06,1575475268,defillama
stable_rlusd,2026-07-07,1596083817,defillama
stable_rlusd,2026-07-08,1582069473,defillama
stable_rlusd,2026-07-09,1565980215,defillama
stable_rlusd,2026-07-10,1550308482,defillama
stable_rlusd,2026-07-11,1539279909,defillama
stable_rlusd,2026-07-12,1539279909,defillama
stable_rlusd,2026-07-13,1539279909,defillama
stable_rlusd,2026-07-14,1531099356,defillama
stable_rlusd,2026-07-15,1518273001,defillama
stable_rlusd,2026-07-16,1515675876,defillama
stable_rlusd,2026-07-17,1514175623,defillama
stable_rlusd,2026-07-18,1531285285,defillama
stable_rlusd,2026-07-19,1531285285,defillama
stable_rlusd,2026-07-20,1531285284,defillama
stable_rlusd,2026-07-21,1642886965,defillama
stable_rlusd,2026-07-22,1583234095,defillama
stable_rlusd,2026-07-23,1575057145,defillama
stable_rlusd,2026-07-24,1593950583,defillama
stable_rlusd,2026-07-25,1589347333,defillama
stable_rlusd,2026-07-26,1589347333,defillama
stable_rlusd,2026-07-27,1589347333,defillama
stable_rlusd,2026-07-28,1585640241,defillama
stable_rlusd,2026-07-29,1595420285,defillama
stable_rlusd,2026-07-30,1569203753,defillama
stable_rlusd,2026-07-31,1583205896,defillama
stable_rlusd,2026-08-01,1463694085,defillama
stable_rlusd,2026-08-02,1468744590,defillama
stable_rlusd,2026-08-03,1463694085,defillama
stable_rlusd,2026-08-04,1551010867,defillama
stable_rlusd,2026-08-05,1550402557,defillama
stable_rlusd,2026-08-06,1593830866,defillama
stable_rlusd,2026-08-07,1589608043,defillama
stable_rlusd,2026-08-08,1584167815,defillama
stable_rlusd,2026-08-09,1584167815,defillama
stable_rlusd,2026-08-10,1584167815,defillama
stable_rlusd,2026-08-11,1553992825,defillama
stable_rlusd,2026-08-12,1573599486,defillama
stable_rlusd,2026-08-13,1575442827,defillama
stable_rlusd,2026-08-14,1576784136,defillama
stable_rlusd,2026-08-15,1716243529,defillama
stable_rlusd,2026-08-16,1716243529,defillama
stable_rlusd,2026-08-17,1716243529,defillama
stable_rlusd,2026-08-18,1763194781,defillama
stable_rlusd,2026-08-19,1760344344,defillama
stable_rlusd,2026-08-20,1815452421,defillama
stable_rlusd,2026-08-21,1888452593,defillama
stable_rlusd,2026-08-22,2073364567.2604327,defillama
stable_tusd,2019-01-05,207167827,defillama
stable_tusd,2019-01-06,207016279,defillama
stable_tusd,2019-01-07,206081431,defillama
stable_tusd,2019-01-08,205250632,defillama
stable_tusd,2019-01-09,202500353,defillama
stable_tusd,2019-01-10,201973963,defillama
stable_tusd,2019-01-11,201988013,defillama
stable_tusd,2019-01-12,202991074,defillama
stable_tusd,2019-01-13,202991074,defillama
stable_tusd,2019-01-14,202924867,defillama
stable_tusd,2019-01-15,206256046,defillama
stable_tusd,2019-01-16,206517824,defillama
stable_tusd,2019-01-17,207760601,defillama
stable_tusd,2019-01-18,207938603,defillama
stable_tusd,2019-01-19,207931254,defillama
stable_tusd,2019-01-20,207931254,defillama
stable_tusd,2019-01-21,207921254,defillama
stable_tusd,2019-01-22,207836793,defillama
stable_tusd,2019-01-23,207628267,defillama
stable_tusd,2019-01-24,207688123,defillama
stable_tusd,2019-01-25,207631749,defillama
stable_tusd,2019-01-26,209651617,defillama
stable_tusd,2019-01-27,209017630,defillama
stable_tusd,2019-01-28,208984721,defillama
stable_tusd,2019-01-29,209423591,defillama
stable_tusd,2019-01-30,207745245,defillama
stable_tusd,2019-01-31,207680569,defillama
stable_tusd,2019-02-01,207460602,defillama
stable_tusd,2019-02-02,206964071,defillama
stable_tusd,2019-02-03,206255039,defillama
stable_tusd,2019-02-04,206999033,defillama
stable_tusd,2019-02-05,205854387,defillama
stable_tusd,2019-02-06,205897823,defillama
stable_tusd,2019-02-07,204979720,defillama
stable_tusd,2019-02-08,204863919,defillama
stable_tusd,2019-02-09,204885919,defillama
stable_tusd,2019-02-10,204866596,defillama
stable_tusd,2019-02-11,204075030,defillama
stable_tusd,2019-02-12,206432926,defillama
stable_tusd,2019-02-13,206047265,defillama
stable_tusd,2019-02-14,206075382,defillama
stable_tusd,2019-02-15,207187882,defillama
stable_tusd,2019-02-16,207591837,defillama
stable_tusd,2019-02-17,207591837,defillama
stable_tusd,2019-02-18,207591837,defillama
stable_tusd,2019-02-19,205470175,defillama
stable_tusd,2019-02-20,207602208,defillama
stable_tusd,2019-02-21,207233445,defillama
stable_tusd,2019-02-22,205477702,defillama
stable_tusd,2019-02-23,204547625,defillama
stable_tusd,2019-02-24,203701699,defillama
stable_tusd,2019-02-25,203003401,defillama
stable_tusd,2019-02-26,202097337,defillama
stable_tusd,2019-02-27,203073503,defillama
stable_tusd,2019-02-28,202613673,defillama
stable_tusd,2019-03-01,201729658,defillama
stable_tusd,2019-03-02,201248648,defillama
stable_tusd,2019-03-03,200928302,defillama
stable_tusd,2019-03-04,200927302,defillama
stable_tusd,2019-03-05,201301204,defillama
stable_tusd,2019-03-06,199780810,defillama
stable_tusd,2019-03-07,198888820,defillama
stable_tusd,2019-03-08,198922576,defillama
stable_tusd,2019-03-09,199027542,defillama
stable_tusd,2019-03-10,199179369,defillama
stable_tusd,2019-03-11,199179369,defillama
stable_tusd,2019-03-12,198652060,defillama
stable_tusd,2019-03-13,199370043,defillama
stable_tusd,2019-03-14,198508068,defillama
stable_tusd,2019-03-15,198365387,defillama
stable_tusd,2019-03-16,198908612,defillama
stable_tusd,2019-03-17,198896503,defillama
stable_tusd,2019-03-18,198896503,defillama
stable_tusd,2019-03-19,200502353,defillama
stable_tusd,2019-03-20,200982593,defillama
stable_tusd,2019-03-21,202639801,defillama
stable_tusd,2019-03-22,203120644,defillama
stable_tusd,2019-03-23,203095205,defillama
stable_tusd,2019-03-24,203078205,defillama
stable_tusd,2019-03-25,203070364,defillama
stable_tusd,2019-03-26,201703999,defillama
stable_tusd,2019-03-27,201519725,defillama
stable_tusd,2019-03-28,200819626,defillama
stable_tusd,2019-03-29,198917008,defillama
stable_tusd,2019-03-30,198893316,defillama
stable_tusd,2019-03-31,198982291,defillama
stable_tusd,2019-04-01,198982291,defillama
stable_tusd,2019-04-02,196578867,defillama
stable_tusd,2019-04-03,199493600,defillama
stable_tusd,2019-04-04,198928637,defillama
stable_tusd,2019-04-05,198839695,defillama
stable_tusd,2019-04-06,200305449,defillama
stable_tusd,2019-04-07,200305449,defillama
stable_tusd,2019-04-08,200305449,defillama
stable_tusd,2019-04-09,200441681,defillama
stable_tusd,2019-04-10,200303352,defillama
stable_tusd,2019-04-11,200871518,defillama
stable_tusd,2019-04-12,201478742,defillama
stable_tusd,2019-04-13,199757903,defillama
stable_tusd,2019-04-14,199757903,defillama
stable_tusd,2019-04-15,199757903,defillama
stable_tusd,2019-04-16,199053394,defillama
stable_tusd,2019-04-17,197810257,defillama
stable_tusd,2019-04-18,198545527,defillama
stable_tusd,2019-04-19,198326269,defillama
stable_tusd,2019-04-20,201508974,defillama
stable_tusd,2019-04-21,201508974,defillama
stable_tusd,2019-04-22,199732734,defillama
stable_tusd,2019-04-23,199735070,defillama
stable_tusd,2019-04-24,200186536,defillama
stable_tusd,2019-04-25,198299134,defillama
stable_tusd,2019-04-26,197703618,defillama
stable_tusd,2019-04-27,205752687,defillama
stable_tusd,2019-04-28,205752687,defillama
stable_tusd,2019-04-29,205752687,defillama
stable_tusd,2019-04-30,206995294,defillama
stable_tusd,2019-05-01,208021788,defillama
stable_tusd,2019-05-02,213169998,defillama
stable_tusd,2019-05-03,219958543,defillama
stable_tusd,2019-05-04,221995272,defillama
stable_tusd,2019-05-05,221995272,defillama
stable_tusd,2019-05-06,221995272,defillama
stable_tusd,2019-05-07,228348623,defillama
stable_tusd,2019-05-08,229447249,defillama
stable_tusd,2019-05-09,230611998,defillama
stable_tusd,2019-05-10,233022266,defillama
stable_tusd,2019-05-11,234148207,defillama
stable_tusd,2019-05-12,234148207,defillama
stable_tusd,2019-05-13,234148207,defillama
stable_tusd,2019-05-14,233661992,defillama
stable_tusd,2019-05-15,236018122,defillama
stable_tusd,2019-05-16,236473546,defillama
stable_tusd,2019-05-17,241307958,defillama
stable_tusd,2019-05-18,241036263,defillama
stable_tusd,2019-05-19,243675255,defillama
stable_tusd,2019-05-20,243245257,defillama
stable_tusd,2019-05-21,243204076,defillama
stable_tusd,2019-05-22,242629694,defillama
stable_tusd,2019-05-23,241716539,defillama
stable_tusd,2019-05-24,241904590,defillama
stable_tusd,2019-05-25,242380930,defillama
stable_tusd,2019-05-26,242380930,defillama
stable_tusd,2019-05-27,242380930,defillama
stable_tusd,2019-05-28,234086118,defillama
stable_tusd,2019-05-29,233682142,defillama
stable_tusd,2019-05-30,233836950,defillama
stable_tusd,2019-05-31,242542754,defillama
stable_tusd,2019-06-01,243290347,defillama
stable_tusd,2019-06-02,243070513,defillama
stable_tusd,2019-06-03,242954014,defillama
stable_tusd,2019-06-04,242272648,defillama
stable_tusd,2019-06-05,242809534,defillama
stable_tusd,2019-06-06,247331396,defillama
stable_tusd,2019-06-07,252276135,defillama
stable_tusd,2019-06-08,253419876,defillama
stable_tusd,2019-06-09,253419876,defillama
stable_tusd,2019-06-10,253413783,defillama
stable_tusd,2019-06-11,250033445,defillama
stable_tusd,2019-06-12,249256430,defillama
stable_tusd,2019-06-13,248101363,defillama
stable_tusd,2019-06-14,245197641,defillama
stable_tusd,2019-06-15,245102624,defillama
stable_tusd,2019-06-16,244185813,defillama
stable_tusd,2019-06-17,242391455,defillama
stable_tusd,2019-06-18,232400668,defillama
stable_tusd,2019-06-19,232320739,defillama
stable_tusd,2019-06-20,227480642,defillama
stable_tusd,2019-06-21,227826612,defillama
stable_tusd,2019-06-22,224090925,defillama
stable_tusd,2019-06-23,223089826,defillama
stable_tusd,2019-06-24,223089826,defillama
stable_tusd,2019-06-25,217202245,defillama
stable_tusd,2019-06-26,213280825,defillama
stable_tusd,2019-06-27,212243411,defillama
stable_tusd,2019-06-28,212906622,defillama
stable_tusd,2019-06-29,214211972,defillama
stable_tusd,2019-06-30,214411972,defillama
stable_tusd,2019-07-01,214411972,defillama
stable_tusd,2019-07-02,214409917,defillama
stable_tusd,2019-07-03,214357035,defillama
stable_tusd,2019-07-04,216141088,defillama
stable_tusd,2019-07-05,215822180,defillama
stable_tusd,2019-07-06,217251476,defillama
stable_tusd,2019-07-07,217246595,defillama
stable_tusd,2019-07-08,217045592,defillama
stable_tusd,2019-07-09,209242949,defillama
stable_tusd,2019-07-10,209229982,defillama
stable_tusd,2019-07-11,205434878,defillama
stable_tusd,2019-07-12,211849526,defillama
stable_tusd,2019-07-13,216479852,defillama
stable_tusd,2019-07-14,217604696,defillama
stable_tusd,2019-07-15,217604696,defillama
stable_tusd,2019-07-16,216812807,defillama
stable_tusd,2019-07-17,221656366,defillama
stable_tusd,2019-07-18,223687001,defillama
stable_tusd,2019-07-19,223804876,defillama
stable_tusd,2019-07-20,208131897,defillama
stable_tusd,2019-07-21,208125197,defillama
stable_tusd,2019-07-22,207974197,defillama
stable_tusd,2019-07-23,207501199,defillama
stable_tusd,2019-07-24,207420714,defillama
stable_tusd,2019-07-25,207491148,defillama
stable_tusd,2019-07-26,207204979,defillama
stable_tusd,2019-07-27,207611649,defillama
stable_tusd,2019-07-28,208211792,defillama
stable_tusd,2019-07-29,208211792,defillama
stable_tusd,2019-07-30,206386697,defillama
stable_tusd,2019-07-31,204258858,defillama
stable_tusd,2019-08-01,207701005,defillama
stable_tusd,2019-08-02,207229893,defillama
stable_tusd,2019-08-03,206258710,defillama
stable_tusd,2019-08-04,206595471,defillama
stable_tusd,2019-08-05,206595471,defillama
stable_tusd,2019-08-06,204256072,defillama
stable_tusd,2019-08-07,200154621,defillama
stable_tusd,2019-08-08,198640580,defillama
stable_tusd,2019-08-09,198334916,defillama
stable_tusd,2019-08-10,195281512,defillama
stable_tusd,2019-08-11,197400463,defillama
stable_tusd,2019-08-12,198000463,defillama
stable_tusd,2019-08-13,195422594,defillama
stable_tusd,2019-08-14,193810694,defillama
stable_tusd,2019-08-15,194103771,defillama
stable_tusd,2019-08-16,195076575,defillama
stable_tusd,2019-08-17,194806985,defillama
stable_tusd,2019-08-18,195591388,defillama
stable_tusd,2019-08-19,195591388,defillama
stable_tusd,2019-08-20,195324011,defillama
stable_tusd,2019-08-21,193394455,defillama
stable_tusd,2019-08-22,192889908,defillama
stable_tusd,2019-08-23,194225560,defillama
stable_tusd,2019-08-24,195047275,defillama
stable_tusd,2019-08-25,194951455,defillama
stable_tusd,2019-08-26,195485255,defillama
stable_tusd,2019-08-27,193848672,defillama
stable_tusd,2019-08-28,193772436,defillama
stable_tusd,2019-08-29,194345456,defillama
stable_tusd,2019-08-30,196360797,defillama
stable_tusd,2019-08-31,199756111,defillama
stable_tusd,2019-09-01,199743110,defillama
stable_tusd,2019-09-02,199718110,defillama
stable_tusd,2019-09-03,202815455,defillama
stable_tusd,2019-09-04,200608589,defillama
stable_tusd,2019-09-05,195506056,defillama
stable_tusd,2019-09-06,196912904,defillama
stable_tusd,2019-09-07,198513127,defillama
stable_tusd,2019-09-08,198802022,defillama
stable_tusd,2019-09-09,198868513,defillama
stable_tusd,2019-09-10,194411177,defillama
stable_tusd,2019-09-11,194207062,defillama
stable_tusd,2019-09-12,190356990,defillama
stable_tusd,2019-09-13,195061928,defillama
stable_tusd,2019-09-14,197464787,defillama
stable_tusd,2019-09-15,197900860,defillama
stable_tusd,2019-09-16,197890848,defillama
stable_tusd,2019-09-17,194226072,defillama
stable_tusd,2019-09-18,193198524,defillama
stable_tusd,2019-09-19,191201839,defillama
stable_tusd,2019-09-20,187078740,defillama
stable_tusd,2019-09-21,185034034,defillama
stable_tusd,2019-09-22,185332038,defillama
stable_tusd,2019-09-23,187282038,defillama
stable_tusd,2019-09-24,185512302,defillama
stable_tusd,2019-09-25,186390744,defillama
stable_tusd,2019-09-26,188418989,defillama
stable_tusd,2019-09-27,188006508,defillama
stable_tusd,2019-09-28,189712599,defillama
stable_tusd,2019-09-29,190437599,defillama
stable_tusd,2019-09-30,190236599,defillama
stable_tusd,2019-10-01,190309990,defillama
stable_tusd,2019-10-02,194332307,defillama
stable_tusd,2019-10-03,192429848,defillama
stable_tusd,2019-10-04,192374277,defillama
stable_tusd,2019-10-05,192692605,defillama
stable_tusd,2019-10-06,191715266,defillama
stable_tusd,2019-10-07,192857522,defillama
stable_tusd,2019-10-08,190615457,defillama
stable_tusd,2019-10-09,188718625,defillama
stable_tusd,2019-10-10,186567334,defillama
stable_tusd,2019-10-11,183021403,defillama
stable_tusd,2019-10-12,188950046,defillama
stable_tusd,2019-10-13,188914353,defillama
stable_tusd,2019-10-14,188814354,defillama
stable_tusd,2019-10-15,188086290,defillama
stable_tusd,2019-10-16,188061367,defillama
stable_tusd,2019-10-17,187077805,defillama
stable_tusd,2019-10-18,186476051,defillama
stable_tusd,2019-10-19,185973082,defillama
stable_tusd,2019-10-20,186121872,defillama
stable_tusd,2019-10-21,186434873,defillama
stable_tusd,2019-10-22,185721472,defillama
stable_tusd,2019-10-23,181859022,defillama
stable_tusd,2019-10-24,181866882,defillama
stable_tusd,2019-10-25,181784281,defillama
stable_tusd,2019-10-26,182566764,defillama
stable_tusd,2019-10-27,183849203,defillama
stable_tusd,2019-10-28,181442153,defillama
stable_tusd,2019-10-29,180488511,defillama
stable_tusd,2019-10-30,180557513,defillama
stable_tusd,2019-10-31,180527400,defillama
stable_tusd,2019-11-01,180808490,defillama
stable_tusd,2019-11-02,180126445,defillama
stable_tusd,2019-11-03,180376446,defillama
stable_tusd,2019-11-04,179920447,defillama
stable_tusd,2019-11-05,178753306,defillama
stable_tusd,2019-11-06,180949594,defillama
stable_tusd,2019-11-07,175499261,defillama
stable_tusd,2019-11-08,174484477,defillama
stable_tusd,2019-11-09,173267883,defillama
stable_tusd,2019-11-10,173567971,defillama
stable_tusd,2019-11-11,173501969,defillama
stable_tusd,2019-11-12,172767305,defillama
stable_tusd,2019-11-13,172137975,defillama
stable_tusd,2019-11-14,170797188,defillama
stable_tusd,2019-11-15,167510838,defillama
stable_tusd,2019-11-16,167499090,defillama
stable_tusd,2019-11-17,167706236,defillama
stable_tusd,2019-11-18,166845371,defillama
stable_tusd,2019-11-19,166722480,defillama
stable_tusd,2019-11-20,167237868,defillama
stable_tusd,2019-11-21,167394768,defillama
stable_tusd,2019-11-22,166663741,defillama
stable_tusd,2019-11-23,166111703,defillama
stable_tusd,2019-11-24,167016703,defillama
stable_tusd,2019-11-25,168411269,defillama
stable_tusd,2019-11-26,168345198,defillama
stable_tusd,2019-11-27,167510158,defillama
stable_tusd,2019-11-28,163029697,defillama
stable_tusd,2019-11-29,163000298,defillama
stable_tusd,2019-11-30,162860966,defillama
stable_tusd,2019-12-01,162714528,defillama
stable_tusd,2019-12-02,162177080,defillama
stable_tusd,2019-12-03,162061393,defillama
stable_tusd,2019-12-04,157879331,defillama
stable_tusd,2019-12-05,157932571,defillama
stable_tusd,2019-12-06,158476682,defillama
stable_tusd,2019-12-07,161192712,defillama
stable_tusd,2019-12-08,160365453,defillama
stable_tusd,2019-12-09,160789430,defillama
stable_tusd,2019-12-10,160726523,defillama
stable_tusd,2019-12-11,160856571,defillama
stable_tusd,2019-12-12,159793574,defillama
stable_tusd,2019-12-13,159657700,defillama
stable_tusd,2019-12-14,159629693,defillama
stable_tusd,2019-12-15,159754040,defillama
stable_tusd,2019-12-16,159819880,defillama
stable_tusd,2019-12-17,154627387,defillama
stable_tusd,2019-12-18,153102144,defillama
stable_tusd,2019-12-19,156090510,defillama
stable_tusd,2019-12-20,157023821,defillama
stable_tusd,2019-12-21,157252251,defillama
stable_tusd,2019-12-22,157696390,defillama
stable_tusd,2019-12-23,157941393,defillama
stable_tusd,2019-12-24,156659589,defillama
stable_tusd,2019-12-25,155806110,defillama
stable_tusd,2019-12-26,156156110,defillama
stable_tusd,2019-12-27,155746575,defillama
stable_tusd,2019-12-28,154027623,defillama
stable_tusd,2019-12-29,154011650,defillama
stable_tusd,2019-12-30,153911652,defillama
stable_tusd,2019-12-31,154738779,defillama
stable_tusd,2020-01-01,154057617,defillama
stable_tusd,2020-01-02,153642619,defillama
stable_tusd,2020-01-03,152895620,defillama
stable_tusd,2020-01-04,153052702,defillama
stable_tusd,2020-01-05,152844074,defillama
stable_tusd,2020-01-06,153152915,defillama
stable_tusd,2020-01-07,152189956,defillama
stable_tusd,2020-01-08,152540459,defillama
stable_tusd,2020-01-09,147285786,defillama
stable_tusd,2020-01-10,147481147,defillama
stable_tusd,2020-01-11,148919973,defillama
stable_tusd,2020-01-12,149038463,defillama
stable_tusd,2020-01-13,149423768,defillama
stable_tusd,2020-01-14,146810506,defillama
stable_tusd,2020-01-15,148591105,defillama
stable_tusd,2020-01-16,147747327,defillama
stable_tusd,2020-01-17,147749021,defillama
stable_tusd,2020-01-18,145475357,defillama
stable_tusd,2020-01-19,144003799,defillama
stable_tusd,2020-01-20,143273063,defillama
stable_tusd,2020-01-21,142294251,defillama
stable_tusd,2020-01-22,139236278,defillama
stable_tusd,2020-01-23,139044782,defillama
stable_tusd,2020-01-24,138865256,defillama
stable_tusd,2020-01-25,139198485,defillama
stable_tusd,2020-01-26,139439522,defillama
stable_tusd,2020-01-27,139013217,defillama
stable_tusd,2020-01-28,140881101,defillama
stable_tusd,2020-01-29,141139203,defillama
stable_tusd,2020-01-30,140117602,defillama
stable_tusd,2020-01-31,135592227,defillama
stable_tusd,2020-02-01,135679206,defillama
stable_tusd,2020-02-02,136899656,defillama
stable_tusd,2020-02-03,135954916,defillama
stable_tusd,2020-02-04,138186393,defillama
stable_tusd,2020-02-05,137308174,defillama
stable_tusd,2020-02-06,138760335,defillama
stable_tusd,2020-02-07,139034359,defillama
stable_tusd,2020-02-08,139027166,defillama
stable_tusd,2020-02-09,139536311,defillama
stable_tusd,2020-02-10,139520604,defillama
stable_tusd,2020-02-11,138580666,defillama
stable_tusd,2020-02-12,140638925,defillama
stable_tusd,2020-02-13,140486551,defillama
stable_tusd,2020-02-14,143258993,defillama
stable_tusd,2020-02-15,142390139,defillama
stable_tusd,2020-02-16,142626242,defillama
stable_tusd,2020-02-17,142846608,defillama
stable_tusd,2020-02-18,142823861,defillama
stable_tusd,2020-02-19,142377030,defillama
stable_tusd,2020-02-20,142286892,defillama
stable_tusd,2020-02-21,138073250,defillama
stable_tusd,2020-02-22,141602749,defillama
stable_tusd,2020-02-23,141117634,defillama
stable_tusd,2020-02-24,141512746,defillama
stable_tusd,2020-02-25,140964131,defillama
stable_tusd,2020-02-26,142534966,defillama
stable_tusd,2020-02-27,141705626,defillama
stable_tusd,2020-02-28,141528349,defillama
stable_tusd,2020-02-29,142573666,defillama
stable_tusd,2020-03-01,142831354,defillama
stable_tusd,2020-03-02,142198298,defillama
stable_tusd,2020-03-03,141442098,defillama
stable_tusd,2020-03-04,141086959,defillama
stable_tusd,2020-03-05,135708238,defillama
stable_tusd,2020-03-06,137359276,defillama
stable_tusd,2020-03-07,137753857,defillama
stable_tusd,2020-03-08,137807920,defillama
stable_tusd,2020-03-09,138992163,defillama
stable_tusd,2020-03-10,129297782,defillama
stable_tusd,2020-03-11,128395371,defillama
stable_tusd,2020-03-12,129074596,defillama
stable_tusd,2020-03-13,129386282,defillama
stable_tusd,2020-03-14,131612508,defillama
stable_tusd,2020-03-15,133900378,defillama
stable_tusd,2020-03-16,132894284,defillama
stable_tusd,2020-03-17,135563679,defillama
stable_tusd,2020-03-18,136765009,defillama
stable_tusd,2020-03-19,136460466,defillama
stable_tusd,2020-03-20,138174577,defillama
stable_tusd,2020-03-21,137953321,defillama
stable_tusd,2020-03-22,138853286,defillama
stable_tusd,2020-03-23,139202701,defillama
stable_tusd,2020-03-24,141013936,defillama
stable_tusd,2020-03-25,134172977,defillama
stable_tusd,2020-03-26,140479782,defillama
stable_tusd,2020-03-27,140303013,defillama
stable_tusd,2020-03-28,139149871,defillama
stable_tusd,2020-03-29,138810701,defillama
stable_tusd,2020-03-30,137136673,defillama
stable_tusd,2020-03-31,136389747,defillama
stable_tusd,2020-04-01,136869146,defillama
stable_tusd,2020-04-02,136218153,defillama
stable_tusd,2020-04-03,136465463,defillama
stable_tusd,2020-04-04,135557853,defillama
stable_tusd,2020-04-05,135627578,defillama
stable_tusd,2020-04-06,136037633,defillama
stable_tusd,2020-04-07,136590922,defillama
stable_tusd,2020-04-08,136356391,defillama
stable_tusd,2020-04-09,136440453,defillama
stable_tusd,2020-04-10,136125891,defillama
stable_tusd,2020-04-11,135759731,defillama
stable_tusd,2020-04-12,136459255,defillama
stable_tusd,2020-04-13,136738846,defillama
stable_tusd,2020-04-14,137531257,defillama
stable_tusd,2020-04-15,137618844,defillama
stable_tusd,2020-04-16,137491149,defillama
stable_tusd,2020-04-17,137188420,defillama
stable_tusd,2020-04-18,137171587,defillama
stable_tusd,2020-04-19,137729319,defillama
stable_tusd,2020-04-20,137582339,defillama
stable_tusd,2020-04-21,134513377,defillama
stable_tusd,2020-04-22,132641774,defillama
stable_tusd,2020-04-23,131841630,defillama
stable_tusd,2020-04-24,131842581,defillama
stable_tusd,2020-04-25,130985199,defillama
stable_tusd,2020-04-26,131716094,defillama
stable_tusd,2020-04-27,131549591,defillama
stable_tusd,2020-04-28,131962017,defillama
stable_tusd,2020-04-29,134374620,defillama
stable_tusd,2020-04-30,135583628,defillama
stable_tusd,2020-05-01,137377115,defillama
stable_tusd,2020-05-02,133430761,defillama
stable_tusd,2020-05-03,133097978,defillama
stable_tusd,2020-05-04,133637570,defillama
stable_tusd,2020-05-05,137158138,defillama
stable_tusd,2020-05-06,138047529,defillama
stable_tusd,2020-05-07,137809063,defillama
stable_tusd,2020-05-08,137974477,defillama
stable_tusd,2020-05-09,138743270,defillama
stable_tusd,2020-05-10,139385408,defillama
stable_tusd,2020-05-11,139734823,defillama
stable_tusd,2020-05-12,138999947,defillama
stable_tusd,2020-05-13,138586179,defillama
stable_tusd,2020-05-14,138862687,defillama
stable_tusd,2020-05-15,140986667,defillama
stable_tusd,2020-05-16,140761939,defillama
stable_tusd,2020-05-17,140991929,defillama
stable_tusd,2020-05-18,142443066,defillama
stable_tusd,2020-05-19,142917277,defillama
stable_tusd,2020-05-20,143404607,defillama
stable_tusd,2020-05-21,143154380,defillama
stable_tusd,2020-05-22,141359743,defillama
stable_tusd,2020-05-23,141186888,defillama
stable_tusd,2020-05-24,141473671,defillama
stable_tusd,2020-05-25,141562861,defillama
stable_tusd,2020-05-26,139214408,defillama
stable_tusd,2020-05-27,139409021,defillama
stable_tusd,2020-05-28,139350830,defillama
stable_tusd,2020-05-29,137101297,defillama
stable_tusd,2020-05-30,136597687,defillama
stable_tusd,2020-05-31,136840795,defillama
stable_tusd,2020-06-01,137095854,defillama
stable_tusd,2020-06-02,137552590,defillama
stable_tusd,2020-06-03,137945061,defillama
stable_tusd,2020-06-04,137975394,defillama
stable_tusd,2020-06-05,137972648,defillama
stable_tusd,2020-06-06,136786816,defillama
stable_tusd,2020-06-07,136726144,defillama
stable_tusd,2020-06-08,137039690,defillama
stable_tusd,2020-06-09,137350961,defillama
stable_tusd,2020-06-10,137933522,defillama
stable_tusd,2020-06-11,138625755,defillama
stable_tusd,2020-06-12,138490824,defillama
stable_tusd,2020-06-13,138415615,defillama
stable_tusd,2020-06-14,140141233,defillama
stable_tusd,2020-06-15,139758060,defillama
stable_tusd,2020-06-16,141540617,defillama
stable_tusd,2020-06-17,142157209,defillama
stable_tusd,2020-06-18,142712195,defillama
stable_tusd,2020-06-19,143890417,defillama
stable_tusd,2020-06-20,136429790,defillama
stable_tusd,2020-06-21,139250805,defillama
stable_tusd,2020-06-22,142180552,defillama
stable_tusd,2020-06-23,144813276,defillama
stable_tusd,2020-06-24,140572329,defillama
stable_tusd,2020-06-25,138278401,defillama
stable_tusd,2020-06-26,138973388,defillama
stable_tusd,2020-06-27,141186581,defillama
stable_tusd,2020-06-28,142575886,defillama
stable_tusd,2020-06-29,140762581,defillama
stable_tusd,2020-06-30,140276568,defillama
stable_tusd,2020-07-01,139901890,defillama
stable_tusd,2020-07-02,140876398,defillama
stable_tusd,2020-07-03,140943984,defillama
stable_tusd,2020-07-04,141520937,defillama
stable_tusd,2020-07-05,141384193,defillama
stable_tusd,2020-07-06,140804699,defillama
stable_tusd,2020-07-07,140556494,defillama
stable_tusd,2020-07-08,140647645,defillama
stable_tusd,2020-07-09,140047356,defillama
stable_tusd,2020-07-10,137898485,defillama
stable_tusd,2020-07-11,137143699,defillama
stable_tusd,2020-07-12,137013226,defillama
stable_tusd,2020-07-13,137916837,defillama
stable_tusd,2020-07-14,135929724,defillama
stable_tusd,2020-07-15,138237843,defillama
stable_tusd,2020-07-16,136736249,defillama
stable_tusd,2020-07-17,134314621,defillama
stable_tusd,2020-07-18,133540544,defillama
stable_tusd,2020-07-19,143578617,defillama
stable_tusd,2020-07-20,172145701,defillama
stable_tusd,2020-07-21,167270556,defillama
stable_tusd,2020-07-22,174570081,defillama
stable_tusd,2020-07-23,189057640,defillama
stable_tusd,2020-07-24,222439808,defillama
stable_tusd,2020-07-25,240203377,defillama
stable_tusd,2020-07-26,239543667,defillama
stable_tusd,2020-07-27,227129552,defillama
stable_tusd,2020-07-28,184547921,defillama
stable_tusd,2020-07-29,184700501,defillama
stable_tusd,2020-07-30,186288493,defillama
stable_tusd,2020-07-31,196616453,defillama
stable_tusd,2020-08-01,206484508,defillama
stable_tusd,2020-08-02,217098002,defillama
stable_tusd,2020-08-03,218683335,defillama
stable_tusd,2020-08-04,205585820,defillama
stable_tusd,2020-08-05,204084090,defillama
stable_tusd,2020-08-06,198313898,defillama
stable_tusd,2020-08-07,199327979,defillama
stable_tusd,2020-08-08,203703533,defillama
stable_tusd,2020-08-09,209296094,defillama
stable_tusd,2020-08-10,209582479,defillama
stable_tusd,2020-08-11,200401677,defillama
stable_tusd,2020-08-12,193665169,defillama
stable_tusd,2020-08-13,195452437,defillama
stable_tusd,2020-08-14,192508531,defillama
stable_tusd,2020-08-15,252992340,defillama
stable_tusd,2020-08-16,273764168,defillama
stable_tusd,2020-08-17,289495678,defillama
stable_tusd,2020-08-18,282314952,defillama
stable_tusd,2020-08-19,294192197,defillama
stable_tusd,2020-08-20,301855157,defillama
stable_tusd,2020-08-21,318606014,defillama
stable_tusd,2020-08-22,331772338,defillama
stable_tusd,2020-08-23,366592961,defillama
stable_tusd,2020-08-24,382248564,defillama
stable_tusd,2020-08-25,335057250,defillama
stable_tusd,2020-08-26,376388069,defillama
stable_tusd,2020-08-27,381319221,defillama
stable_tusd,2020-08-28,349402236,defillama
stable_tusd,2020-08-29,362143428,defillama
stable_tusd,2020-08-30,383798103,defillama
stable_tusd,2020-08-31,382241069,defillama
stable_tusd,2020-09-01,337568439,defillama
stable_tusd,2020-09-02,313857277,defillama
stable_tusd,2020-09-03,314884080,defillama
stable_tusd,2020-09-04,312081168,defillama
stable_tusd,2020-09-05,309837588,defillama
stable_tusd,2020-09-06,365736160,defillama
stable_tusd,2020-09-07,379464257,defillama
stable_tusd,2020-09-08,395324472,defillama
stable_tusd,2020-09-09,374514513,defillama
stable_tusd,2020-09-10,391145871,defillama
stable_tusd,2020-09-11,420278007,defillama
stable_tusd,2020-09-12,429922608,defillama
stable_tusd,2020-09-13,444093783,defillama
stable_tusd,2020-09-14,474059823,defillama
stable_tusd,2020-09-15,488840379,defillama
stable_tusd,2020-09-16,497339202,defillama
stable_tusd,2020-09-17,514284505,defillama
stable_tusd,2020-09-18,510999345,defillama
stable_tusd,2020-09-19,486655466,defillama
stable_tusd,2020-09-20,413848448,defillama
stable_tusd,2020-09-21,401519456,defillama
stable_tusd,2020-09-22,392311743,defillama
stable_tusd,2020-09-23,387539778,defillama
stable_tusd,2020-09-24,379767868,defillama
stable_tusd,2020-09-25,380563285,defillama
stable_tusd,2020-09-26,383240510,defillama
stable_tusd,2020-09-27,391703859,defillama
stable_tusd,2020-09-28,388439106,defillama
stable_tusd,2020-09-29,393780223,defillama
stable_tusd,2020-09-30,395785058,defillama
stable_tusd,2020-10-01,394613282,defillama
stable_tusd,2020-10-02,396266256,defillama
stable_tusd,2020-10-03,395674169,defillama
stable_tusd,2020-10-04,396591741,defillama
stable_tusd,2020-10-05,399478524,defillama
stable_tusd,2020-10-06,395605112,defillama
stable_tusd,2020-10-07,390480080,defillama
stable_tusd,2020-10-08,366014060,defillama
stable_tusd,2020-10-09,356445378,defillama
stable_tusd,2020-10-10,367277750,defillama
stable_tusd,2020-10-11,365356206,defillama
stable_tusd,2020-10-12,365175687,defillama
stable_tusd,2020-10-13,357726340,defillama
stable_tusd,2020-10-14,355164828,defillama
stable_tusd,2020-10-15,343261239,defillama
stable_tusd,2020-10-16,336878635,defillama
stable_tusd,2020-10-17,338706726,defillama
stable_tusd,2020-10-18,338938397,defillama
stable_tusd,2020-10-19,355118575,defillama
stable_tusd,2020-10-20,330837573,defillama
stable_tusd,2020-10-21,330594649,defillama
stable_tusd,2020-10-22,331803319,defillama
stable_tusd,2020-10-23,325781763,defillama
stable_tusd,2020-10-24,317665609,defillama
stable_tusd,2020-10-25,315018462,defillama
stable_tusd,2020-10-26,315419616,defillama
stable_tusd,2020-10-27,289607016,defillama
stable_tusd,2020-10-28,276428599,defillama
stable_tusd,2020-10-29,257217174,defillama
stable_tusd,2020-10-30,251371002,defillama
stable_tusd,2020-10-31,252954005,defillama
stable_tusd,2020-11-01,256002849,defillama
stable_tusd,2020-11-02,257914892,defillama
stable_tusd,2020-11-03,251406679,defillama
stable_tusd,2020-11-04,254923428,defillama
stable_tusd,2020-11-05,261885246,defillama
stable_tusd,2020-11-06,265947310,defillama
stable_tusd,2020-11-07,268293235,defillama
stable_tusd,2020-11-08,272911588,defillama
stable_tusd,2020-11-09,273066126,defillama
stable_tusd,2020-11-10,273390980,defillama
stable_tusd,2020-11-11,273152156,defillama
stable_tusd,2020-11-12,280304542,defillama
stable_tusd,2020-11-13,279298948,defillama
stable_tusd,2020-11-14,279416366,defillama
stable_tusd,2020-11-15,282058923,defillama
stable_tusd,2020-11-16,280093013,defillama
stable_tusd,2020-11-17,275056460,defillama
stable_tusd,2020-11-18,270809447,defillama
stable_tusd,2020-11-19,271178470,defillama
stable_tusd,2020-11-20,265719836,defillama
stable_tusd,2020-11-21,269288422,defillama
stable_tusd,2020-11-22,270281092,defillama
stable_tusd,2020-11-23,324765658,defillama
stable_tusd,2020-11-24,311876198,defillama
stable_tusd,2020-11-25,314102095,defillama
stable_tusd,2020-11-26,319642486,defillama
stable_tusd,2020-11-27,298369395,defillama
stable_tusd,2020-11-28,292736630,defillama
stable_tusd,2020-11-29,309041248,defillama
stable_tusd,2020-11-30,307405992,defillama
stable_tusd,2020-12-01,305372095,defillama
stable_tusd,2020-12-02,303530847,defillama
stable_tusd,2020-12-03,332133848,defillama
stable_tusd,2020-12-04,330634435,defillama
stable_tusd,2020-12-05,332021171,defillama
stable_tusd,2020-12-06,326667001,defillama
stable_tusd,2020-12-07,322141716,defillama
stable_tusd,2020-12-08,315677368,defillama
stable_tusd,2020-12-09,302766170,defillama
stable_tusd,2020-12-10,300222250,defillama
stable_tusd,2020-12-11,302806434,defillama
stable_tusd,2020-12-12,291863251,defillama
stable_tusd,2020-12-13,284872578,defillama
stable_tusd,2020-12-14,285480458,defillama
stable_tusd,2020-12-15,275642941,defillama
stable_tusd,2020-12-16,274974655,defillama
stable_tusd,2020-12-17,276517159,defillama
stable_tusd,2020-12-18,278423900,defillama
stable_tusd,2020-12-19,275904428,defillama
stable_tusd,2020-12-20,278457483,defillama
stable_tusd,2020-12-21,273720957,defillama
stable_tusd,2020-12-22,276541946,defillama
stable_tusd,2020-12-23,268489365,defillama
stable_tusd,2020-12-24,267202303,defillama
stable_tusd,2020-12-25,272024641,defillama
stable_tusd,2020-12-26,269246195,defillama
stable_tusd,2020-12-27,271688567,defillama
stable_tusd,2020-12-28,269083988,defillama
stable_tusd,2020-12-29,266016185,defillama
stable_tusd,2020-12-30,273386269,defillama
stable_tusd,2020-12-31,276053983,defillama
stable_tusd,2021-01-01,282199833,defillama
stable_tusd,2021-01-02,290046335,defillama
stable_tusd,2021-01-03,284625115,defillama
stable_tusd,2021-01-04,297806830,defillama
stable_tusd,2021-01-05,299094789,defillama
stable_tusd,2021-01-06,302764636,defillama
stable_tusd,2021-01-07,302657372,defillama
stable_tusd,2021-01-08,302494463,defillama
stable_tusd,2021-01-09,303525154,defillama
stable_tusd,2021-01-10,312356884,defillama
stable_tusd,2021-01-11,315795312,defillama
stable_tusd,2021-01-12,303708800,defillama
stable_tusd,2021-01-13,301933484,defillama
stable_tusd,2021-01-14,379611434,defillama
stable_tusd,2021-01-15,379004972,defillama
stable_tusd,2021-01-16,378070066,defillama
stable_tusd,2021-01-17,378509589,defillama
stable_tusd,2021-01-18,416823982,defillama
stable_tusd,2021-01-19,416217303,defillama
stable_tusd,2021-01-20,415849241,defillama
stable_tusd,2021-01-21,417827582,defillama
stable_tusd,2021-01-22,414281351,defillama
stable_tusd,2021-01-23,415119232,defillama
stable_tusd,2021-01-24,414141521,defillama
stable_tusd,2021-01-25,412416019,defillama
stable_tusd,2021-01-26,403499503,defillama
stable_tusd,2021-01-27,394510642,defillama
stable_tusd,2021-01-28,396224822,defillama
stable_tusd,2021-01-29,399474501,defillama
stable_tusd,2021-01-30,400069787,defillama
stable_tusd,2021-01-31,399622989,defillama
stable_tusd,2021-02-01,404183058,defillama
stable_tusd,2021-02-02,402473527,defillama
stable_tusd,2021-02-03,380258417,defillama
stable_tusd,2021-02-04,379603752,defillama
stable_tusd,2021-02-05,375797851,defillama
stable_tusd,2021-02-06,376010845,defillama
stable_tusd,2021-02-07,374889881,defillama
stable_tusd,2021-02-08,374916236,defillama
stable_tusd,2021-02-09,401241665,defillama
stable_tusd,2021-02-10,376668383,defillama
stable_tusd,2021-02-11,377688138,defillama
stable_tusd,2021-02-12,357084601,defillama
stable_tusd,2021-02-13,364816297,defillama
stable_tusd,2021-02-14,370750551,defillama
stable_tusd,2021-02-15,332256618,defillama
stable_tusd,2021-02-16,323677389,defillama
stable_tusd,2021-02-17,329564699,defillama
stable_tusd,2021-02-18,321123403,defillama
stable_tusd,2021-02-19,322216410,defillama
stable_tusd,2021-02-20,310113113,defillama
stable_tusd,2021-02-21,310369994,defillama
stable_tusd,2021-02-22,310190275,defillama
stable_tusd,2021-02-23,348930995,defillama
stable_tusd,2021-02-24,347242593,defillama
stable_tusd,2021-02-25,348715035,defillama
stable_tusd,2021-02-26,349988182,defillama
stable_tusd,2021-02-27,351461812,defillama
stable_tusd,2021-02-28,338311948,defillama
stable_tusd,2021-03-01,309858664,defillama
stable_tusd,2021-03-02,295451886,defillama
stable_tusd,2021-03-03,297704462,defillama
stable_tusd,2021-03-04,296951879,defillama
stable_tusd,2021-03-05,291678633,defillama
stable_tusd,2021-03-06,293104153,defillama
stable_tusd,2021-03-07,294327351,defillama
stable_tusd,2021-03-08,295184562,defillama
stable_tusd,2021-03-09,292510376,defillama
stable_tusd,2021-03-10,286255541,defillama
stable_tusd,2021-03-11,285967795,defillama
stable_tusd,2021-03-12,287242199,defillama
stable_tusd,2021-03-13,297907736,defillama
stable_tusd,2021-03-14,298956794,defillama
stable_tusd,2021-03-15,303727411,defillama
stable_tusd,2021-03-16,308173729,defillama
stable_tusd,2021-03-17,305619661,defillama
stable_tusd,2021-03-18,312825881,defillama
stable_tusd,2021-03-19,316532426,defillama
stable_tusd,2021-03-20,299167745,defillama
stable_tusd,2021-03-21,300253010,defillama
stable_tusd,2021-03-22,300222318,defillama
stable_tusd,2021-03-23,302926017,defillama
stable_tusd,2021-03-24,309256352,defillama
stable_tusd,2021-03-25,325129294,defillama
stable_tusd,2021-03-26,329041461,defillama
stable_tusd,2021-03-27,329692568,defillama
stable_tusd,2021-03-28,331973601,defillama
stable_tusd,2021-03-29,338196710,defillama
stable_tusd,2021-03-30,342327451,defillama
stable_tusd,2021-03-31,332284544,defillama
stable_tusd,2021-04-01,328208484,defillama
stable_tusd,2021-04-02,325129732,defillama
stable_tusd,2021-04-03,327427844,defillama
stable_tusd,2021-04-04,319222436,defillama
stable_tusd,2021-04-05,320041179,defillama
stable_tusd,2021-04-06,324511577,defillama
stable_tusd,2021-04-07,323154855,defillama
stable_tusd,2021-04-08,323975317,defillama
stable_tusd,2021-04-09,314367085,defillama
stable_tusd,2021-04-10,302304485,defillama
stable_tusd,2021-04-11,293530193,defillama
stable_tusd,2021-04-12,295067895,defillama
stable_tusd,2021-04-13,298789350,defillama
stable_tusd,2021-04-14,301799594,defillama
stable_tusd,2021-04-15,324492318,defillama
stable_tusd,2021-04-16,337283334,defillama
stable_tusd,2021-04-17,323338585,defillama
stable_tusd,2021-04-18,332095489,defillama
stable_tusd,2021-04-19,329824268,defillama
stable_tusd,2021-04-20,302164990,defillama
stable_tusd,2021-04-21,333511149,defillama
stable_tusd,2021-04-22,337936929,defillama
stable_tusd,2021-04-23,333058585,defillama
stable_tusd,2021-04-24,324550088,defillama
stable_tusd,2021-04-25,311262252,defillama
stable_tusd,2021-04-26,316860252,defillama
stable_tusd,2021-04-27,333696708,defillama
stable_tusd,2021-04-28,347539800,defillama
stable_tusd,2021-04-29,468637811,defillama
stable_tusd,2021-04-30,542733816,defillama
stable_tusd,2021-05-01,624008168,defillama
stable_tusd,2021-05-02,873131110,defillama
stable_tusd,2021-05-03,906202363,defillama
stable_tusd,2021-05-04,1100424119,defillama
stable_tusd,2021-05-05,1092151744,defillama
stable_tusd,2021-05-06,1106495630,defillama
stable_tusd,2021-05-07,1108607695,defillama
stable_tusd,2021-05-08,1106583573,defillama
stable_tusd,2021-05-09,1112342944,defillama
stable_tusd,2021-05-10,1117309961,defillama
stable_tusd,2021-05-11,1125772012,defillama
stable_tusd,2021-05-12,1131761843,defillama
stable_tusd,2021-05-13,1140468076,defillama
stable_tusd,2021-05-14,1153748351,defillama
stable_tusd,2021-05-15,1154283783,defillama
stable_tusd,2021-05-16,1172889849,defillama
stable_tusd,2021-05-17,1179429014,defillama
stable_tusd,2021-05-18,1169374923,defillama
stable_tusd,2021-05-19,1161990542,defillama
stable_tusd,2021-05-20,1169178897,defillama
stable_tusd,2021-05-21,1170290372,defillama
stable_tusd,2021-05-22,1170117186,defillama
stable_tusd,2021-05-23,1184242347,defillama
stable_tusd,2021-05-24,1191110960,defillama
stable_tusd,2021-05-25,1191498546,defillama
stable_tusd,2021-05-26,1202355725,defillama
stable_tusd,2021-05-27,1218560623,defillama
stable_tusd,2021-05-28,1219056569,defillama
stable_tusd,2021-05-29,1220914833,defillama
stable_tusd,2021-05-30,1220526668,defillama
stable_tusd,2021-05-31,1220600231,defillama
stable_tusd,2021-06-01,1221571072,defillama
stable_tusd,2021-06-02,1377731223,defillama
stable_tusd,2021-06-03,1377721238,defillama
stable_tusd,2021-06-04,1409462901,defillama
stable_tusd,2021-06-05,1417773280,defillama
stable_tusd,2021-06-06,1460220785,defillama
stable_tusd,2021-06-07,1473620699,defillama
stable_tusd,2021-06-08,1470059579,defillama
stable_tusd,2021-06-09,1507741594,defillama
stable_tusd,2021-06-10,1680372512,defillama
stable_tusd,2021-06-11,1436207591,defillama
stable_tusd,2021-06-12,1438877622,defillama
stable_tusd,2021-06-13,1441872117,defillama
stable_tusd,2021-06-14,1439668077,defillama
stable_tusd,2021-06-15,1451709649,defillama
stable_tusd,2021-06-16,1420362289,defillama
stable_tusd,2021-06-17,1426815308,defillama
stable_tusd,2021-06-18,1426010844,defillama
stable_tusd,2021-06-19,1431445032,defillama
stable_tusd,2021-06-20,1425361279,defillama
stable_tusd,2021-06-21,1455193433,defillama
stable_tusd,2021-06-22,1435446034,defillama
stable_tusd,2021-06-23,1442546142,defillama
stable_tusd,2021-06-24,1452300784,defillama
stable_tusd,2021-06-25,1408603012,defillama
stable_tusd,2021-06-26,1426798279,defillama
stable_tusd,2021-06-27,1434886812,defillama
stable_tusd,2021-06-28,1440389741,defillama
stable_tusd,2021-06-29,1410712186,defillama
stable_tusd,2021-06-30,1496905704,defillama
stable_tusd,2021-07-01,1508997193,defillama
stable_tusd,2021-07-02,1512483386,defillama
stable_tusd,2021-07-03,1515360217,defillama
stable_tusd,2021-07-04,1525922532,defillama
stable_tusd,2021-07-05,1520582029,defillama
stable_tusd,2021-07-06,1525457072,defillama
stable_tusd,2021-07-07,1534144592,defillama
stable_tusd,2021-07-08,1532750191,defillama
stable_tusd,2021-07-09,1510440683,defillama
stable_tusd,2021-07-10,1528349418,defillama
stable_tusd,2021-07-11,1511227787,defillama
stable_tusd,2021-07-12,1510173998,defillama
stable_tusd,2021-07-13,1505562979,defillama
stable_tusd,2021-07-14,1525178948,defillama
stable_tusd,2021-07-15,1533875416,defillama
stable_tusd,2021-07-16,1389290264,defillama
stable_tusd,2021-07-17,1333969973,defillama
stable_tusd,2021-07-18,1337981009,defillama
stable_tusd,2021-07-19,1333559124,defillama
stable_tusd,2021-07-20,1335628923,defillama
stable_tusd,2021-07-21,1266615014,defillama
stable_tusd,2021-07-22,1267062645,defillama
stable_tusd,2021-07-23,1275379862,defillama
stable_tusd,2021-07-24,1281158833,defillama
stable_tusd,2021-07-25,1280043986,defillama
stable_tusd,2021-07-26,1291367059,defillama
stable_tusd,2021-07-27,1243667055,defillama
stable_tusd,2021-07-28,1242035384,defillama
stable_tusd,2021-07-29,1240410324,defillama
stable_tusd,2021-07-30,1249107859,defillama
stable_tusd,2021-07-31,1261941512,defillama
stable_tusd,2021-08-01,1254874958,defillama
stable_tusd,2021-08-02,1248468545,defillama
stable_tusd,2021-08-03,1258361311,defillama
stable_tusd,2021-08-04,1275595593,defillama
stable_tusd,2021-08-05,1223657648,defillama
stable_tusd,2021-08-06,1234937093,defillama
stable_tusd,2021-08-07,1253482900,defillama
stable_tusd,2021-08-08,1260319719,defillama
stable_tusd,2021-08-09,1251585716,defillama
stable_tusd,2021-08-10,1264344444,defillama
stable_tusd,2021-08-11,1271409893,defillama
stable_tusd,2021-08-12,1269052065,defillama
stable_tusd,2021-08-13,1286899027,defillama
stable_tusd,2021-08-14,1292704541,defillama
stable_tusd,2021-08-15,1295482831,defillama
stable_tusd,2021-08-16,1291519497,defillama
stable_tusd,2021-08-17,1294971750,defillama
stable_tusd,2021-08-18,1287920961,defillama
stable_tusd,2021-08-19,1350284841,defillama
stable_tusd,2021-08-20,1375058256,defillama
stable_tusd,2021-08-21,1351094656,defillama
stable_tusd,2021-08-22,1366902784,defillama
stable_tusd,2021-08-23,1375654557,defillama
stable_tusd,2021-08-24,1397334682,defillama
stable_tusd,2021-08-25,1399062706,defillama
stable_tusd,2021-08-26,1380257757,defillama
stable_tusd,2021-08-27,1391509807,defillama
stable_tusd,2021-08-28,1402274741,defillama
stable_tusd,2021-08-29,1405387357,defillama
stable_tusd,2021-08-30,1393061259,defillama
stable_tusd,2021-08-31,1396343174,defillama
stable_tusd,2021-09-01,1406752307,defillama
stable_tusd,2021-09-02,1417404545,defillama
stable_tusd,2021-09-03,1381929883,defillama
stable_tusd,2021-09-04,1390412507,defillama
stable_tusd,2021-09-05,1394206457,defillama
stable_tusd,2021-09-06,1394539126,defillama
stable_tusd,2021-09-07,1405446557,defillama
stable_tusd,2021-09-08,1419944803,defillama
stable_tusd,2021-09-09,1422782358,defillama
stable_tusd,2021-09-10,1433854956,defillama
stable_tusd,2021-09-11,1442077044,defillama
stable_tusd,2021-09-12,1447345414,defillama
stable_tusd,2021-09-13,1447163145,defillama
stable_tusd,2021-09-14,1406201619,defillama
stable_tusd,2021-09-15,1414564702,defillama
stable_tusd,2021-09-16,1404233150,defillama
stable_tusd,2021-09-17,1408761376,defillama
stable_tusd,2021-09-18,1406253255,defillama
stable_tusd,2021-09-19,1399492996,defillama
stable_tusd,2021-09-20,1406056334,defillama
stable_tusd,2021-09-21,1393913806,defillama
stable_tusd,2021-09-22,1397554379,defillama
stable_tusd,2021-09-23,1417555645,defillama
stable_tusd,2021-09-24,1440031325,defillama
stable_tusd,2021-09-25,1451313607,defillama
stable_tusd,2021-09-26,1461127212,defillama
stable_tusd,2021-09-27,1463750300,defillama
stable_tusd,2021-09-28,1451386972,defillama
stable_tusd,2021-09-29,1460183889,defillama
stable_tusd,2021-09-30,1404665529,defillama
stable_tusd,2021-10-01,1340066695,defillama
stable_tusd,2021-10-02,1342884632,defillama
stable_tusd,2021-10-03,1345489056,defillama
stable_tusd,2021-10-04,1347518593,defillama
stable_tusd,2021-10-05,1345562993,defillama
stable_tusd,2021-10-06,1346291318,defillama
stable_tusd,2021-10-07,1347312013,defillama
stable_tusd,2021-10-08,1347651799,defillama
stable_tusd,2021-10-09,1309618934,defillama
stable_tusd,2021-10-10,1308792934,defillama
stable_tusd,2021-10-11,1308388866,defillama
stable_tusd,2021-10-12,1312349486,defillama
stable_tusd,2021-10-13,1311094024,defillama
stable_tusd,2021-10-14,1288331464,defillama
stable_tusd,2021-10-15,1289561147,defillama
stable_tusd,2021-10-16,1295765369,defillama
stable_tusd,2021-10-17,1296429245,defillama
stable_tusd,2021-10-18,1292394955,defillama
stable_tusd,2021-10-19,1295419103,defillama
stable_tusd,2021-10-20,1290409658,defillama
stable_tusd,2021-10-21,1305792401,defillama
stable_tusd,2021-10-22,1297664185,defillama
stable_tusd,2021-10-23,1281896701,defillama
stable_tusd,2021-10-24,1288882383,defillama
stable_tusd,2021-10-25,1280423454,defillama
stable_tusd,2021-10-26,1274207935,defillama
stable_tusd,2021-10-27,1258810016,defillama
stable_tusd,2021-10-28,1261695027,defillama
stable_tusd,2021-10-29,1252185650,defillama
stable_tusd,2021-10-30,1182935066,defillama
stable_tusd,2021-10-31,893644517,defillama
stable_tusd,2021-11-01,911354402,defillama
stable_tusd,2021-11-02,916179297,defillama
stable_tusd,2021-11-03,922653309,defillama
stable_tusd,2021-11-04,931927759,defillama
stable_tusd,2021-11-05,945342218,defillama
stable_tusd,2021-11-06,952689783,defillama
stable_tusd,2021-11-07,955604793,defillama
stable_tusd,2021-11-08,982281962,defillama
stable_tusd,2021-11-09,982130668,defillama
stable_tusd,2021-11-10,977708824,defillama
stable_tusd,2021-11-11,931070470,defillama
stable_tusd,2021-11-12,932430449,defillama
stable_tusd,2021-11-13,947324654,defillama
stable_tusd,2021-11-14,950979542,defillama
stable_tusd,2021-11-15,949754002,defillama
stable_tusd,2021-11-16,972409687,defillama
stable_tusd,2021-11-17,985787768,defillama
stable_tusd,2021-11-18,997688857,defillama
stable_tusd,2021-11-19,931727362,defillama
stable_tusd,2021-11-20,961602967,defillama
stable_tusd,2021-11-21,962528689,defillama
stable_tusd,2021-11-22,963587381,defillama
stable_tusd,2021-11-23,978530031,defillama
stable_tusd,2021-11-24,996479702,defillama
stable_tusd,2021-11-25,1001828313,defillama
stable_tusd,2021-11-26,999844415,defillama
stable_tusd,2021-11-27,1014705588,defillama
stable_tusd,2021-11-28,1011716035,defillama
stable_tusd,2021-11-29,1005795099,defillama
stable_tusd,2021-11-30,1026901001,defillama
stable_tusd,2021-12-01,985413893,defillama
stable_tusd,2021-12-02,986533178,defillama
stable_tusd,2021-12-03,940206955,defillama
stable_tusd,2021-12-04,970354493,defillama
stable_tusd,2021-12-05,985860744,defillama
stable_tusd,2021-12-06,985063550,defillama
stable_tusd,2021-12-07,1011529897,defillama
stable_tusd,2021-12-08,1014940170,defillama
stable_tusd,2021-12-09,1019291155,defillama
stable_tusd,2021-12-10,1032782702,defillama
stable_tusd,2021-12-11,1038892545,defillama
stable_tusd,2021-12-12,1040276863,defillama
stable_tusd,2021-12-13,1042069314,defillama
stable_tusd,2021-12-14,1049516735,defillama
stable_tusd,2021-12-15,1051986099,defillama
stable_tusd,2021-12-16,1056778049,defillama
stable_tusd,2021-12-17,1058645802,defillama
stable_tusd,2021-12-18,1069224331,defillama
stable_tusd,2021-12-19,1074013664,defillama
stable_tusd,2021-12-20,1077349964,defillama
stable_tusd,2021-12-21,998090221,defillama
stable_tusd,2021-12-22,942399250,defillama
stable_tusd,2021-12-23,945061474,defillama
stable_tusd,2021-12-24,968409469,defillama
stable_tusd,2021-12-25,972133656,defillama
stable_tusd,2021-12-26,971630359,defillama
stable_tusd,2021-12-27,978096843,defillama
stable_tusd,2021-12-28,936573211,defillama
stable_tusd,2021-12-29,943409300,defillama
stable_tusd,2021-12-30,952637002,defillama
stable_tusd,2021-12-31,960571137,defillama
stable_tusd,2022-01-01,954595164,defillama
stable_tusd,2022-01-02,957075736,defillama
stable_tusd,2022-01-03,957664534,defillama
stable_tusd,2022-01-04,949519407,defillama
stable_tusd,2022-01-05,959593468,defillama
stable_tusd,2022-01-06,966151221,defillama
stable_tusd,2022-01-07,980212519,defillama
stable_tusd,2022-01-08,990035491,defillama
stable_tusd,2022-01-09,990952072,defillama
stable_tusd,2022-01-10,1072090693,defillama
stable_tusd,2022-01-11,1077239801,defillama
stable_tusd,2022-01-12,1082929755,defillama
stable_tusd,2022-01-13,1087275334,defillama
stable_tusd,2022-01-14,1094447122,defillama
stable_tusd,2022-01-15,1102912625,defillama
stable_tusd,2022-01-16,1105386113,defillama
stable_tusd,2022-01-17,1105340519,defillama
stable_tusd,2022-01-18,1103631756,defillama
stable_tusd,2022-01-19,1054768569,defillama
stable_tusd,2022-01-20,1064301035,defillama
stable_tusd,2022-01-21,1078097533,defillama
stable_tusd,2022-01-22,1090519826,defillama
stable_tusd,2022-01-23,1098823989,defillama
stable_tusd,2022-01-24,1061283109,defillama
stable_tusd,2022-01-25,1100267397,defillama
stable_tusd,2022-01-26,1117699425,defillama
stable_tusd,2022-01-27,1143199187,defillama
stable_tusd,2022-01-28,1149285411,defillama
stable_tusd,2022-01-29,1157113024,defillama
stable_tusd,2022-01-30,1160610856,defillama
stable_tusd,2022-01-31,1164105849,defillama
stable_tusd,2022-02-01,1167224795,defillama
stable_tusd,2022-02-02,1172020151,defillama
stable_tusd,2022-02-03,1176083209,defillama
stable_tusd,2022-02-04,1181527957,defillama
stable_tusd,2022-02-05,1186779191,defillama
stable_tusd,2022-02-06,1186582103,defillama
stable_tusd,2022-02-07,1189127454,defillama
stable_tusd,2022-02-08,1191309229,defillama
stable_tusd,2022-02-09,1132428164,defillama
stable_tusd,2022-02-10,1139333822,defillama
stable_tusd,2022-02-11,1142210039,defillama
stable_tusd,2022-02-12,1145061231,defillama
stable_tusd,2022-02-13,1145061231,defillama
stable_tusd,2022-02-14,1148072020,defillama
stable_tusd,2022-02-15,1152107423,defillama
stable_tusd,2022-02-16,1154707724,defillama
stable_tusd,2022-02-17,1078464864,defillama
stable_tusd,2022-02-18,1086224386,defillama
stable_tusd,2022-02-19,1092078849,defillama
stable_tusd,2022-02-20,1095411124,defillama
stable_tusd,2022-02-21,1096695103,defillama
stable_tusd,2022-02-22,1098865771,defillama
stable_tusd,2022-02-23,1105392370,defillama
stable_tusd,2022-02-24,1122108039,defillama
stable_tusd,2022-02-25,1133647586,defillama
stable_tusd,2022-02-26,1142640641,defillama
stable_tusd,2022-02-27,1147653479,defillama
stable_tusd,2022-02-28,1155705872,defillama
stable_tusd,2022-03-01,1158060616,defillama
stable_tusd,2022-03-02,1159462337,defillama
stable_tusd,2022-03-03,1111755717,defillama
stable_tusd,2022-03-04,1114946570,defillama
stable_tusd,2022-03-05,1118273805,defillama
stable_tusd,2022-03-06,1119236467,defillama
stable_tusd,2022-03-07,1120481510,defillama
stable_tusd,2022-03-08,1132424583,defillama
stable_tusd,2022-03-09,1142615840,defillama
stable_tusd,2022-03-10,1151261863,defillama
stable_tusd,2022-03-11,1152088493,defillama
stable_tusd,2022-03-12,1161662894,defillama
stable_tusd,2022-03-13,1162253063,defillama
stable_tusd,2022-03-14,1164762329,defillama
stable_tusd,2022-03-15,1184470410,defillama
stable_tusd,2022-03-16,1136623848,defillama
stable_tusd,2022-03-17,1140748256,defillama
stable_tusd,2022-03-18,1146416049,defillama
stable_tusd,2022-03-19,1151965165,defillama
stable_tusd,2022-03-20,1148366663,defillama
stable_tusd,2022-03-21,1149087154,defillama
stable_tusd,2022-03-22,1155060597,defillama
stable_tusd,2022-03-23,1097644347,defillama
stable_tusd,2022-03-24,1100048751,defillama
stable_tusd,2022-03-25,1097276939,defillama
stable_tusd,2022-03-26,1100825921,defillama
stable_tusd,2022-03-27,1101507727,defillama
stable_tusd,2022-03-28,1102764030,defillama
stable_tusd,2022-03-29,1092909496,defillama
stable_tusd,2022-03-30,1107832405,defillama
stable_tusd,2022-03-31,1107856794,defillama
stable_tusd,2022-04-01,1094962782,defillama
stable_tusd,2022-04-02,1104150303,defillama
stable_tusd,2022-04-03,1108743422,defillama
stable_tusd,2022-04-04,1105952851,defillama
stable_tusd,2022-04-05,1113305833,defillama
stable_tusd,2022-04-06,1125741792,defillama
stable_tusd,2022-04-07,1094108528,defillama
stable_tusd,2022-04-08,1106068542,defillama
stable_tusd,2022-04-09,1116943444,defillama
stable_tusd,2022-04-10,1099383517,defillama
stable_tusd,2022-04-11,1095943456,defillama
stable_tusd,2022-04-12,1102273588,defillama
stable_tusd,2022-04-13,1111755983,defillama
stable_tusd,2022-04-14,1102806110,defillama
stable_tusd,2022-04-15,1110457791,defillama
stable_tusd,2022-04-16,1116671883,defillama
stable_tusd,2022-04-17,1120439616,defillama
stable_tusd,2022-04-18,1123306854,defillama
stable_tusd,2022-04-19,1106164775,defillama
stable_tusd,2022-04-20,1092952910,defillama
stable_tusd,2022-04-21,1099309168,defillama
stable_tusd,2022-04-22,1099366660,defillama
stable_tusd,2022-04-23,1102912032,defillama
stable_tusd,2022-04-24,1102411859,defillama
stable_tusd,2022-04-25,1106230340,defillama
stable_tusd,2022-04-26,1103804575,defillama
stable_tusd,2022-04-27,1108075060,defillama
stable_tusd,2022-04-28,1093890216,defillama
stable_tusd,2022-04-29,1113001647,defillama
stable_tusd,2022-04-30,1116253231,defillama
stable_tusd,2022-05-01,1124188689,defillama
stable_tusd,2022-05-02,1124141226,defillama
stable_tusd,2022-05-03,1123543913,defillama
stable_tusd,2022-05-04,1064921171,defillama
stable_tusd,2022-05-05,1037830301,defillama
stable_tusd,2022-05-06,1038185928,defillama
stable_tusd,2022-05-07,1041639981,defillama
stable_tusd,2022-05-08,1041808072,defillama
stable_tusd,2022-05-09,1041540128,defillama
stable_tusd,2022-05-10,1046910045,defillama
stable_tusd,2022-05-11,1041518468,defillama
stable_tusd,2022-05-12,1121679133,defillama
stable_tusd,2022-05-13,1161261987,defillama
stable_tusd,2022-05-14,1261107342,defillama
stable_tusd,2022-05-15,1250891521,defillama
stable_tusd,2022-05-16,1250861522,defillama
stable_tusd,2022-05-17,1250893874,defillama
stable_tusd,2022-05-18,1250958071,defillama
stable_tusd,2022-05-19,1253324139,defillama
stable_tusd,2022-05-20,1252962946,defillama
stable_tusd,2022-05-21,1252905104,defillama
stable_tusd,2022-05-22,1252850397,defillama
stable_tusd,2022-05-23,1252846749,defillama
stable_tusd,2022-05-24,1241092468,defillama
stable_tusd,2022-05-25,1255856377,defillama
stable_tusd,2022-05-26,1255619995,defillama
stable_tusd,2022-05-27,1255717101,defillama
stable_tusd,2022-05-28,1257227702,defillama
stable_tusd,2022-05-29,1257217536,defillama
stable_tusd,2022-05-30,1257178403,defillama
stable_tusd,2022-05-31,1283734092,defillama
stable_tusd,2022-06-01,1289010951,defillama
stable_tusd,2022-06-02,1295023631,defillama
stable_tusd,2022-06-03,1307423585,defillama
stable_tusd,2022-06-04,1306631562,defillama
stable_tusd,2022-06-05,1311734514,defillama
stable_tusd,2022-06-06,1312166982,defillama
stable_tusd,2022-06-07,1303878396,defillama
stable_tusd,2022-06-08,1304645732,defillama
stable_tusd,2022-06-09,1305145988,defillama
stable_tusd,2022-06-10,1267110455,defillama
stable_tusd,2022-06-11,1264898517,defillama
stable_tusd,2022-06-12,1265070501,defillama
stable_tusd,2022-06-13,1262594902,defillama
stable_tusd,2022-06-14,1244484352,defillama
stable_tusd,2022-06-15,1251850710,defillama
stable_tusd,2022-06-16,1258520749,defillama
stable_tusd,2022-06-17,1257110217,defillama
stable_tusd,2022-06-18,1259519418,defillama
stable_tusd,2022-06-19,1260699564,defillama
stable_tusd,2022-06-20,1244692949,defillama
stable_tusd,2022-06-21,1243285535,defillama
stable_tusd,2022-06-22,1242571045,defillama
stable_tusd,2022-06-23,1235790051,defillama
stable_tusd,2022-06-24,1257892280,defillama
stable_tusd,2022-06-25,1258882117,defillama
stable_tusd,2022-06-26,1258876812,defillama
stable_tusd,2022-06-27,1229106765,defillama
stable_tusd,2022-06-28,1230056388,defillama
stable_tusd,2022-06-29,1234880081,defillama
stable_tusd,2022-06-30,1234602655,defillama
stable_tusd,2022-07-01,1235476431,defillama
stable_tusd,2022-07-02,1235902951,defillama
stable_tusd,2022-07-03,1238405019,defillama
stable_tusd,2022-07-04,1238222670,defillama
stable_tusd,2022-07-05,1241606784,defillama
stable_tusd,2022-07-06,1242870227,defillama
stable_tusd,2022-07-07,1244877402,defillama
stable_tusd,2022-07-08,1248219237,defillama
stable_tusd,2022-07-09,1248655243,defillama
stable_tusd,2022-07-10,1249560080,defillama
stable_tusd,2022-07-11,1249017344,defillama
stable_tusd,2022-07-12,1250964939,defillama
stable_tusd,2022-07-13,1253704792,defillama
stable_tusd,2022-07-14,1259628538,defillama
stable_tusd,2022-07-15,1257306744,defillama
stable_tusd,2022-07-16,1245899397,defillama
stable_tusd,2022-07-17,1246932176,defillama
stable_tusd,2022-07-18,1244765348,defillama
stable_tusd,2022-07-19,1244329403,defillama
stable_tusd,2022-07-20,1251700564,defillama
stable_tusd,2022-07-21,1257185962,defillama
stable_tusd,2022-07-22,1257734057,defillama
stable_tusd,2022-07-23,1224972327,defillama
stable_tusd,2022-07-24,1225799077,defillama
stable_tusd,2022-07-25,1227000168,defillama
stable_tusd,2022-07-26,1224984235,defillama
stable_tusd,2022-07-27,1228928451,defillama
stable_tusd,2022-07-28,1230099627,defillama
stable_tusd,2022-07-29,1229559646,defillama
stable_tusd,2022-07-30,1219467596,defillama
stable_tusd,2022-07-31,1218832790,defillama
stable_tusd,2022-08-01,1219406204,defillama
stable_tusd,2022-08-02,1221970447,defillama
stable_tusd,2022-08-03,1222857205,defillama
stable_tusd,2022-08-04,1229191112,defillama
stable_tusd,2022-08-05,1232070432,defillama
stable_tusd,2022-08-06,1236197736,defillama
stable_tusd,2022-08-07,1236940005,defillama
stable_tusd,2022-08-08,1237818183,defillama
stable_tusd,2022-08-09,1240630753,defillama
stable_tusd,2022-08-10,1244497496,defillama
stable_tusd,2022-08-11,1249323581,defillama
stable_tusd,2022-08-12,1249934794,defillama
stable_tusd,2022-08-13,1257275459,defillama
stable_tusd,2022-08-14,1256855632,defillama
stable_tusd,2022-08-15,1257150439,defillama
stable_tusd,2022-08-16,1263266714,defillama
stable_tusd,2022-08-17,1271298247,defillama
stable_tusd,2022-08-18,1241933522,defillama
stable_tusd,2022-08-19,1244534314,defillama
stable_tusd,2022-08-20,1259097063,defillama
stable_tusd,2022-08-21,1262573039,defillama
stable_tusd,2022-08-22,1143553098,defillama
stable_tusd,2022-08-23,1119062730,defillama
stable_tusd,2022-08-24,1126030754,defillama
stable_tusd,2022-08-25,1128674093,defillama
stable_tusd,2022-08-26,1096377229,defillama
stable_tusd,2022-08-27,1069071948,defillama
stable_tusd,2022-08-28,1067412402,defillama
stable_tusd,2022-08-29,1068056295,defillama
stable_tusd,2022-08-30,1070636637,defillama
stable_tusd,2022-08-31,1073413024,defillama
stable_tusd,2022-09-01,1076366081,defillama
stable_tusd,2022-09-02,1080073377,defillama
stable_tusd,2022-09-03,1058308762,defillama
stable_tusd,2022-09-04,1061001340,defillama
stable_tusd,2022-09-05,1060135401,defillama
stable_tusd,2022-09-06,1061153640,defillama
stable_tusd,2022-09-07,1063329528,defillama
stable_tusd,2022-09-08,1065567377,defillama
stable_tusd,2022-09-09,1059003430,defillama
stable_tusd,2022-09-10,1062610382,defillama
stable_tusd,2022-09-11,1064885502,defillama
stable_tusd,2022-09-12,1065311094,defillama
stable_tusd,2022-09-13,1067786960,defillama
stable_tusd,2022-09-14,1069392237,defillama
stable_tusd,2022-09-15,1069805498,defillama
stable_tusd,2022-09-16,1071665453,defillama
stable_tusd,2022-09-17,1074302521,defillama
stable_tusd,2022-09-18,1076757191,defillama
stable_tusd,2022-09-19,1075610726,defillama
stable_tusd,2022-09-20,1081218911,defillama
stable_tusd,2022-09-21,1090207409,defillama
stable_tusd,2022-09-22,1093101353,defillama
stable_tusd,2022-09-23,1092228224,defillama
stable_tusd,2022-09-24,1056345984,defillama
stable_tusd,2022-09-25,1059071523,defillama
stable_tusd,2022-09-26,1059268006,defillama
stable_tusd,2022-09-27,1016730613,defillama
stable_tusd,2022-09-28,1019837828,defillama
stable_tusd,2022-09-29,878686084,defillama
stable_tusd,2022-09-30,879393819,defillama
stable_tusd,2022-10-01,882895823,defillama
stable_tusd,2022-10-02,884639959,defillama
stable_tusd,2022-10-03,884981929,defillama
stable_tusd,2022-10-04,886101890,defillama
stable_tusd,2022-10-05,889856766,defillama
stable_tusd,2022-10-06,891783303,defillama
stable_tusd,2022-10-07,893971002,defillama
stable_tusd,2022-10-08,897477507,defillama
stable_tusd,2022-10-09,898263136,defillama
stable_tusd,2022-10-10,898766800,defillama
stable_tusd,2022-10-11,900371971,defillama
stable_tusd,2022-10-12,903704701,defillama
stable_tusd,2022-10-13,908312147,defillama
stable_tusd,2022-10-14,912990145,defillama
stable_tusd,2022-10-15,868216413,defillama
stable_tusd,2022-10-16,872090870,defillama
stable_tusd,2022-10-17,875238070,defillama
stable_tusd,2022-10-18,879771120,defillama
stable_tusd,2022-10-19,884443061,defillama
stable_tusd,2022-10-20,886144873,defillama
stable_tusd,2022-10-21,881832020,defillama
stable_tusd,2022-10-22,885137657,defillama
stable_tusd,2022-10-23,885594657,defillama
stable_tusd,2022-10-24,885590593,defillama
stable_tusd,2022-10-25,868358882,defillama
stable_tusd,2022-10-26,868747828,defillama
stable_tusd,2022-10-27,819352453,defillama
stable_tusd,2022-10-28,821735799,defillama
stable_tusd,2022-10-29,822291325,defillama
stable_tusd,2022-10-30,824593612,defillama
stable_tusd,2022-10-31,824830291,defillama
stable_tusd,2022-11-01,827917438,defillama
stable_tusd,2022-11-02,820201640,defillama
stable_tusd,2022-11-03,822167714,defillama
stable_tusd,2022-11-04,824022977,defillama
stable_tusd,2022-11-05,816853680,defillama
stable_tusd,2022-11-06,816948680,defillama
stable_tusd,2022-11-07,809197440,defillama
stable_tusd,2022-11-08,810081529,defillama
stable_tusd,2022-11-09,813317381,defillama
stable_tusd,2022-11-10,816144290,defillama
stable_tusd,2022-11-11,818062007,defillama
stable_tusd,2022-11-12,768140092,defillama
stable_tusd,2022-11-13,869999628,defillama
stable_tusd,2022-11-14,869983023,defillama
stable_tusd,2022-11-15,863311831,defillama
stable_tusd,2022-11-16,865038456,defillama
stable_tusd,2022-11-17,864332175,defillama
stable_tusd,2022-11-18,863829242,defillama
stable_tusd,2022-11-19,861176895,defillama
stable_tusd,2022-11-20,861167367,defillama
stable_tusd,2022-11-21,861139377,defillama
stable_tusd,2022-11-22,855078945,defillama
stable_tusd,2022-11-23,849668898,defillama
stable_tusd,2022-11-24,744469996,defillama
stable_tusd,2022-11-25,743817716,defillama
stable_tusd,2022-11-26,807845451,defillama
stable_tusd,2022-11-27,807845451,defillama
stable_tusd,2022-11-28,808121817,defillama
stable_tusd,2022-11-29,807929856,defillama
stable_tusd,2022-11-30,806775316,defillama
stable_tusd,2022-12-01,754864129,defillama
stable_tusd,2022-12-02,813647948,defillama
stable_tusd,2022-12-03,813673911,defillama
stable_tusd,2022-12-04,814516817,defillama
stable_tusd,2022-12-05,814520017,defillama
stable_tusd,2022-12-06,813875764,defillama
stable_tusd,2022-12-07,815558513,defillama
stable_tusd,2022-12-08,813766158,defillama
stable_tusd,2022-12-09,806755749,defillama
stable_tusd,2022-12-10,756749393,defillama
stable_tusd,2022-12-11,757825876,defillama
stable_tusd,2022-12-12,756792079,defillama
stable_tusd,2022-12-13,756436599,defillama
stable_tusd,2022-12-14,855918483,defillama
stable_tusd,2022-12-15,754695237,defillama
stable_tusd,2022-12-16,753192266,defillama
stable_tusd,2022-12-17,755009072,defillama
stable_tusd,2022-12-18,756748524,defillama
stable_tusd,2022-12-19,757311989,defillama
stable_tusd,2022-12-20,754771876,defillama
stable_tusd,2022-12-21,755309295,defillama
stable_tusd,2022-12-22,754294917,defillama
stable_tusd,2022-12-23,754218165,defillama
stable_tusd,2022-12-24,754150665,defillama
stable_tusd,2022-12-25,754126865,defillama
stable_tusd,2022-12-26,753997699,defillama
stable_tusd,2022-12-27,753477644,defillama
stable_tusd,2022-12-28,754236475,defillama
stable_tusd,2022-12-29,753316143,defillama
stable_tusd,2022-12-30,753293712,defillama
stable_tusd,2022-12-31,754804950,defillama
stable_tusd,2023-01-01,755385085,defillama
stable_tusd,2023-01-02,799624682,defillama
stable_tusd,2023-01-03,844124597,defillama
stable_tusd,2023-01-04,843776082,defillama
stable_tusd,2023-01-05,844090209,defillama
stable_tusd,2023-01-06,844923479,defillama
stable_tusd,2023-01-07,844887645,defillama
stable_tusd,2023-01-08,846498508,defillama
stable_tusd,2023-01-09,846098508,defillama
stable_tusd,2023-01-10,846802960,defillama
stable_tusd,2023-01-11,847108939,defillama
stable_tusd,2023-01-12,846025544,defillama
stable_tusd,2023-01-13,846598910,defillama
stable_tusd,2023-01-14,848528512,defillama
stable_tusd,2023-01-15,849323726,defillama
stable_tusd,2023-01-16,849802781,defillama
stable_tusd,2023-01-17,847266634,defillama
stable_tusd,2023-01-18,844753225,defillama
stable_tusd,2023-01-19,939857251,defillama
stable_tusd,2023-01-20,938734596,defillama
stable_tusd,2023-01-21,937789661,defillama
stable_tusd,2023-01-22,938596973,defillama
stable_tusd,2023-01-23,938854293,defillama
stable_tusd,2023-01-24,940793279,defillama
stable_tusd,2023-01-25,941783410,defillama
stable_tusd,2023-01-26,943363552,defillama
stable_tusd,2023-01-27,943742315,defillama
stable_tusd,2023-01-28,944479138,defillama
stable_tusd,2023-01-29,944375897,defillama
stable_tusd,2023-01-30,944369497,defillama
stable_tusd,2023-01-31,945589427,defillama
stable_tusd,2023-02-01,946735808,defillama
stable_tusd,2023-02-02,946990047,defillama
stable_tusd,2023-02-03,948272836,defillama
stable_tusd,2023-02-04,947871577,defillama
stable_tusd,2023-02-05,948267573,defillama
stable_tusd,2023-02-06,948570786,defillama
stable_tusd,2023-02-07,948470267,defillama
stable_tusd,2023-02-08,949036570,defillama
stable_tusd,2023-02-09,948819093,defillama
stable_tusd,2023-02-10,947079743,defillama
stable_tusd,2023-02-11,946643195,defillama
stable_tusd,2023-02-12,946634805,defillama
stable_tusd,2023-02-13,946632792,defillama
stable_tusd,2023-02-14,946729578,defillama
stable_tusd,2023-02-15,941679277,defillama
stable_tusd,2023-02-16,923020186,defillama
stable_tusd,2023-02-17,972801516,defillama
stable_tusd,2023-02-18,968013782,defillama
stable_tusd,2023-02-19,968266696,defillama
stable_tusd,2023-02-20,968642609,defillama
stable_tusd,2023-02-21,996480505,defillama
stable_tusd,2023-02-22,1016814958,defillama
stable_tusd,2023-02-23,1037312247,defillama
stable_tusd,2023-02-24,1067555162,defillama
stable_tusd,2023-02-25,1099075111,defillama
stable_tusd,2023-02-26,1098881227,defillama
stable_tusd,2023-02-27,1099141227,defillama
stable_tusd,2023-02-28,1120319353,defillama
stable_tusd,2023-03-01,1120771944,defillama
stable_tusd,2023-03-02,1141502232,defillama
stable_tusd,2023-03-03,1162124029,defillama
stable_tusd,2023-03-04,1162513771,defillama
stable_tusd,2023-03-05,1165485321,defillama
stable_tusd,2023-03-06,1165466722,defillama
stable_tusd,2023-03-07,1265786326,defillama
stable_tusd,2023-03-08,1268582912,defillama
stable_tusd,2023-03-09,1269314823,defillama
stable_tusd,2023-03-10,1304363787,defillama
stable_tusd,2023-03-11,1318548891,defillama
stable_tusd,2023-03-12,1666233664,defillama
stable_tusd,2023-03-13,2075748968,defillama
stable_tusd,2023-03-14,2023952577,defillama
stable_tusd,2023-03-15,2027727831,defillama
stable_tusd,2023-03-16,2026285043,defillama
stable_tusd,2023-03-17,2025593244,defillama
stable_tusd,2023-03-18,2026773290,defillama
stable_tusd,2023-03-19,2029673292,defillama
stable_tusd,2023-03-20,2029622639,defillama
stable_tusd,2023-03-21,2029508727,defillama
stable_tusd,2023-03-22,2034881580,defillama
stable_tusd,2023-03-23,2041318723,defillama
stable_tusd,2023-03-24,2048429485,defillama
stable_tusd,2023-03-25,2042310906,defillama
stable_tusd,2023-03-26,2042293146,defillama
stable_tusd,2023-03-27,2041959955,defillama
stable_tusd,2023-03-28,2024517804,defillama
stable_tusd,2023-03-29,2014155942,defillama
stable_tusd,2023-03-30,2018561835,defillama
stable_tusd,2023-03-31,2036276689,defillama
stable_tusd,2023-04-01,2065155287,defillama
stable_tusd,2023-04-02,2065115749,defillama
stable_tusd,2023-04-03,2064959425,defillama
stable_tusd,2023-04-04,2075954493,defillama
stable_tusd,2023-04-05,2069797349,defillama
stable_tusd,2023-04-06,2085993749,defillama
stable_tusd,2023-04-07,2088734035,defillama
stable_tusd,2023-04-08,2090081254,defillama
stable_tusd,2023-04-09,2090061866,defillama
stable_tusd,2023-04-10,2090031051,defillama
stable_tusd,2023-04-11,2112931059,defillama
stable_tusd,2023-04-12,2139695562,defillama
stable_tusd,2023-04-13,2140904571,defillama
stable_tusd,2023-04-14,2155597899,defillama
stable_tusd,2023-04-15,2152823473,defillama
stable_tusd,2023-04-16,2152572117,defillama
stable_tusd,2023-04-17,2152912395,defillama
stable_tusd,2023-04-18,2144831247,defillama
stable_tusd,2023-04-19,2138583318,defillama
stable_tusd,2023-04-20,2144404514,defillama
stable_tusd,2023-04-21,2141049985,defillama
stable_tusd,2023-04-22,2132079194,defillama
stable_tusd,2023-04-23,2132077200,defillama
stable_tusd,2023-04-24,2132058964,defillama
stable_tusd,2023-04-25,2118628854,defillama
stable_tusd,2023-04-26,2087813823,defillama
stable_tusd,2023-04-27,2056433304,defillama
stable_tusd,2023-04-28,2018446077,defillama
stable_tusd,2023-04-29,1995211813,defillama
stable_tusd,2023-04-30,1995200172,defillama
stable_tusd,2023-05-01,1995174902,defillama
stable_tusd,2023-05-02,2469139282,defillama
stable_tusd,2023-05-03,2508007687,defillama
stable_tusd,2023-05-04,2249415932,defillama
stable_tusd,2023-05-05,2229052706,defillama
stable_tusd,2023-05-06,2228289410,defillama
stable_tusd,2023-05-07,2222787316,defillama
stable_tusd,2023-05-08,2222599805,defillama
stable_tusd,2023-05-09,2195401215,defillama
stable_tusd,2023-05-10,2134461124,defillama
stable_tusd,2023-05-11,2114656053,defillama
stable_tusd,2023-05-12,2091636123,defillama
stable_tusd,2023-05-13,2066132023,defillama
stable_tusd,2023-05-14,2066092236,defillama
stable_tusd,2023-05-15,2066025440,defillama
stable_tusd,2023-05-16,2091932074,defillama
stable_tusd,2023-05-17,2087759940,defillama
stable_tusd,2023-05-18,2090485738,defillama
stable_tusd,2023-05-19,2083800806,defillama
stable_tusd,2023-05-20,2078685087,defillama
stable_tusd,2023-05-21,2081219948,defillama
stable_tusd,2023-05-22,2081219948,defillama
stable_tusd,2023-05-23,2071892715,defillama
stable_tusd,2023-05-24,2063126634,defillama
stable_tusd,2023-05-25,2052705205,defillama
stable_tusd,2023-05-26,2053643197,defillama
stable_tusd,2023-05-27,2054731658,defillama
stable_tusd,2023-05-28,2054677314,defillama
stable_tusd,2023-05-29,2054173835,defillama
stable_tusd,2023-05-30,2054095994,defillama
stable_tusd,2023-05-31,2053756888,defillama
stable_tusd,2023-06-01,2048917237,defillama
stable_tusd,2023-06-02,2050212219,defillama
stable_tusd,2023-06-03,2051774800,defillama
stable_tusd,2023-06-04,2056263350,defillama
stable_tusd,2023-06-05,2056219407,defillama
stable_tusd,2023-06-06,2063332178,defillama
stable_tusd,2023-06-07,2063379160,defillama
stable_tusd,2023-06-08,2064501134,defillama
stable_tusd,2023-06-09,2064598175,defillama
stable_tusd,2023-06-10,2057847176,defillama
stable_tusd,2023-06-11,2049022527,defillama
stable_tusd,2023-06-12,2042010595,defillama
stable_tusd,2023-06-13,2028082148,defillama
stable_tusd,2023-06-14,2016351898,defillama
stable_tusd,2023-06-15,1985771209,defillama
stable_tusd,2023-06-16,3067292356,defillama
stable_tusd,2023-06-17,3079782731,defillama
stable_tusd,2023-06-18,3079773713,defillama
stable_tusd,2023-06-19,3079749424,defillama
stable_tusd,2023-06-20,3097172259,defillama
stable_tusd,2023-06-21,3108624080,defillama
stable_tusd,2023-06-22,3109146418,defillama
stable_tusd,2023-06-23,3110683661,defillama
stable_tusd,2023-06-24,3110641659,defillama
stable_tusd,2023-06-25,3110641659,defillama
stable_tusd,2023-06-26,3110638892,defillama
stable_tusd,2023-06-27,3109334857,defillama
stable_tusd,2023-06-28,3109206115,defillama
stable_tusd,2023-06-29,3029593243,defillama
stable_tusd,2023-06-30,3029595743,defillama
stable_tusd,2023-07-01,3026794287,defillama
stable_tusd,2023-07-02,3026787279,defillama
stable_tusd,2023-07-03,3026787279,defillama
stable_tusd,2023-07-04,3007787279,defillama
stable_tusd,2023-07-05,3007787279,defillama
stable_tusd,2023-07-06,2975285004,defillama
stable_tusd,2023-07-07,2975238774,defillama
stable_tusd,2023-07-08,2915258378,defillama
stable_tusd,2023-07-09,2915258378,defillama
stable_tusd,2023-07-10,2915258378,defillama
stable_tusd,2023-07-11,2914255190,defillama
stable_tusd,2023-07-12,2864294999,defillama
stable_tusd,2023-07-13,2814294999,defillama
stable_tusd,2023-07-14,2814294999,defillama
stable_tusd,2023-07-15,2814294999,defillama
stable_tusd,2023-07-16,2814294999,defillama
stable_tusd,2023-07-17,2814294999,defillama
stable_tusd,2023-07-18,2814294999,defillama
stable_tusd,2023-07-19,2764244651,defillama
stable_tusd,2023-07-20,2764244651,defillama
stable_tusd,2023-07-21,2777244651,defillama
stable_tusd,2023-07-22,2777283620,defillama
stable_tusd,2023-07-23,2777283620,defillama
stable_tusd,2023-07-24,2777283620,defillama
stable_tusd,2023-07-25,2777307889,defillama
stable_tusd,2023-07-26,2777307889,defillama
stable_tusd,2023-07-27,2777307889,defillama
stable_tusd,2023-07-28,2777307889,defillama
stable_tusd,2023-07-29,2777298468,defillama
stable_tusd,2023-07-30,3027298468,defillama
stable_tusd,2023-07-31,3027298468,defillama
stable_tusd,2023-08-01,2987298468,defillama
stable_tusd,2023-08-02,2934803899,defillama
stable_tusd,2023-08-03,2934798399,defillama
stable_tusd,2023-08-04,2934798399,defillama
stable_tusd,2023-08-05,2934798399,defillama
stable_tusd,2023-08-06,2934798399,defillama
stable_tusd,2023-08-07,2934798399,defillama
stable_tusd,2023-08-08,2966798401,defillama
stable_tusd,2023-08-09,2962798401,defillama
stable_tusd,2023-08-10,2962798401,defillama
stable_tusd,2023-08-11,2937798401,defillama
stable_tusd,2023-08-12,2942798401,defillama
stable_tusd,2023-08-13,2942798401,defillama
stable_tusd,2023-08-14,2942798401,defillama
stable_tusd,2023-08-15,2756798401,defillama
stable_tusd,2023-08-16,2721698401,defillama
stable_tusd,2023-08-17,2722697305,defillama
stable_tusd,2023-08-18,2733197305,defillama
stable_tusd,2023-08-19,2733195034,defillama
stable_tusd,2023-08-20,2733195034,defillama
stable_tusd,2023-08-21,2733195034,defillama
stable_tusd,2023-08-22,2724185043,defillama
stable_tusd,2023-08-23,2724185043,defillama
stable_tusd,2023-08-24,2714185143,defillama
stable_tusd,2023-08-25,2873223643,defillama
stable_tusd,2023-08-26,2877172475,defillama
stable_tusd,2023-08-27,2877172475,defillama
stable_tusd,2023-08-28,2877172475,defillama
stable_tusd,2023-08-29,2964084475,defillama
stable_tusd,2023-08-30,3180041275,defillama
stable_tusd,2023-08-31,3398384675,defillama
stable_tusd,2023-09-01,3445484675,defillama
stable_tusd,2023-09-02,3417484675,defillama
stable_tusd,2023-09-03,3417484675,defillama
stable_tusd,2023-09-04,3417484675,defillama
stable_tusd,2023-09-05,3405485676,defillama
stable_tusd,2023-09-06,3245485676,defillama
stable_tusd,2023-09-07,3238034987,defillama
stable_tusd,2023-09-08,3231564097,defillama
stable_tusd,2023-09-09,3157964097,defillama
stable_tusd,2023-09-10,3157964097,defillama
stable_tusd,2023-09-11,3157964097,defillama
stable_tusd,2023-09-12,3138156206,defillama
stable_tusd,2023-09-13,3129845447,defillama
stable_tusd,2023-09-14,3129845447,defillama
stable_tusd,2023-09-15,3128840103,defillama
stable_tusd,2023-09-16,3073900944,defillama
stable_tusd,2023-09-17,3073900944,defillama
stable_tusd,2023-09-18,3073900944,defillama
stable_tusd,2023-09-19,3073900944,defillama
stable_tusd,2023-09-20,3073900944,defillama
stable_tusd,2023-09-21,3239839294,defillama
stable_tusd,2023-09-22,3483548221,defillama
stable_tusd,2023-09-23,3480548221,defillama
stable_tusd,2023-09-24,3480548221,defillama
stable_tusd,2023-09-25,3480548221,defillama
stable_tusd,2023-09-26,3480548221,defillama
stable_tusd,2023-09-27,3428544320,defillama
stable_tusd,2023-09-28,3425535251,defillama
stable_tusd,2023-09-29,3422035251,defillama
stable_tusd,2023-09-30,3420035251,defillama
stable_tusd,2023-10-01,3420035251,defillama
stable_tusd,2023-10-02,3420035251,defillama
stable_tusd,2023-10-03,3420035251,defillama
stable_tusd,2023-10-04,3415535251,defillama
stable_tusd,2023-10-05,3407035251,defillama
stable_tusd,2023-10-06,3399535251,defillama
stable_tusd,2023-10-07,3389533251,defillama
stable_tusd,2023-10-08,3389533251,defillama
stable_tusd,2023-10-09,3389533251,defillama
stable_tusd,2023-10-10,3388530019,defillama
stable_tusd,2023-10-11,3388530019,defillama
stable_tusd,2023-10-12,3338530019,defillama
stable_tusd,2023-10-13,3338530019,defillama
stable_tusd,2023-10-14,3338533069,defillama
stable_tusd,2023-10-15,3338533069,defillama
stable_tusd,2023-10-16,3338533069,defillama
stable_tusd,2023-10-17,3338533069,defillama
stable_tusd,2023-10-18,3338533069,defillama
stable_tusd,2023-10-19,3336533069,defillama
stable_tusd,2023-10-20,3779033069,defillama
stable_tusd,2023-10-21,3335533069,defillama
stable_tusd,2023-10-22,3335533069,defillama
stable_tusd,2023-10-23,3335533069,defillama
stable_tusd,2023-10-24,3335533069,defillama
stable_tusd,2023-10-25,3333533069,defillama
stable_tusd,2023-10-26,3333533069,defillama
stable_tusd,2023-10-27,3329633069,defillama
stable_tusd,2023-10-28,3325133069,defillama
stable_tusd,2023-10-29,3325133069,defillama
stable_tusd,2023-10-30,3325133069,defillama
stable_tusd,2023-10-31,3325133069,defillama
stable_tusd,2023-11-01,3312133069,defillama
stable_tusd,2023-11-02,3312133069,defillama
stable_tusd,2023-11-03,3312133069,defillama
stable_tusd,2023-11-04,3312133069,defillama
stable_tusd,2023-11-05,3312133069,defillama
stable_tusd,2023-11-06,3312133069,defillama
stable_tusd,2023-11-07,3307790097,defillama
stable_tusd,2023-11-08,3304295141,defillama
stable_tusd,2023-11-09,3304295141,defillama
stable_tusd,2023-11-10,3319295141,defillama
stable_tusd,2023-11-11,3308794278,defillama
stable_tusd,2023-11-12,3308794278,defillama
stable_tusd,2023-11-13,3308794278,defillama
stable_tusd,2023-11-14,3306493278,defillama
stable_tusd,2023-11-15,3302089624,defillama
stable_tusd,2023-11-16,3292089879,defillama
stable_tusd,2023-11-17,3288089879,defillama
stable_tusd,2023-11-18,3278186705,defillama
stable_tusd,2023-11-19,3278186705,defillama
stable_tusd,2023-11-20,3278186705,defillama
stable_tusd,2023-11-21,3266829391,defillama
stable_tusd,2023-11-22,3249268226,defillama
stable_tusd,2023-11-23,3245065046,defillama
stable_tusd,2023-11-24,3173065046,defillama
stable_tusd,2023-11-25,3141065046,defillama
stable_tusd,2023-11-26,3141065046,defillama
stable_tusd,2023-11-27,3141065046,defillama
stable_tusd,2023-11-28,3137612803,defillama
stable_tusd,2023-11-29,3055610803,defillama
stable_tusd,2023-11-30,2932610803,defillama
stable_tusd,2023-12-01,2927603587,defillama
stable_tusd,2023-12-02,2925603587,defillama
stable_tusd,2023-12-03,2925603587,defillama
stable_tusd,2023-12-04,2925603587,defillama
stable_tusd,2023-12-05,2821703587,defillama
stable_tusd,2023-12-06,2818703587,defillama
stable_tusd,2023-12-07,2816221202,defillama
stable_tusd,2023-12-08,2611221202,defillama
stable_tusd,2023-12-09,2602701950,defillama
stable_tusd,2023-12-10,2602701950,defillama
stable_tusd,2023-12-11,2602701950,defillama
stable_tusd,2023-12-12,2590074255,defillama
stable_tusd,2023-12-13,2580741492,defillama
stable_tusd,2023-12-14,2576251492,defillama
stable_tusd,2023-12-15,2432621492,defillama
stable_tusd,2023-12-16,2412621492,defillama
stable_tusd,2023-12-17,2412621492,defillama
stable_tusd,2023-12-18,2412621492,defillama
stable_tusd,2023-12-19,2386621492,defillama
stable_tusd,2023-12-20,2406970492,defillama
stable_tusd,2023-12-21,2406470643,defillama
stable_tusd,2023-12-22,2401360643,defillama
stable_tusd,2023-12-23,2401360643,defillama
stable_tusd,2023-12-24,2401360643,defillama
stable_tusd,2023-12-25,2401360643,defillama
stable_tusd,2023-12-26,2401360643,defillama
stable_tusd,2023-12-27,2383874618,defillama
stable_tusd,2023-12-28,2378874618,defillama
stable_tusd,2023-12-29,2378874618,defillama
stable_tusd,2023-12-30,2279874618,defillama
stable_tusd,2023-12-31,2279874618,defillama
stable_tusd,2024-01-01,2279874618,defillama
stable_tusd,2024-01-02,2279874618,defillama
stable_tusd,2024-01-03,2274874618,defillama
stable_tusd,2024-01-04,2274874618,defillama
stable_tusd,2024-01-05,2272571856,defillama
stable_tusd,2024-01-06,2167571856,defillama
stable_tusd,2024-01-07,2167571856,defillama
stable_tusd,2024-01-08,2167571856,defillama
stable_tusd,2024-01-09,2160937844,defillama
stable_tusd,2024-01-10,2143679470,defillama
stable_tusd,2024-01-11,2107336084,defillama
stable_tusd,2024-01-12,2025113004,defillama
stable_tusd,2024-01-13,2020113016,defillama
stable_tusd,2024-01-14,2020113016,defillama
stable_tusd,2024-01-15,2020113016,defillama
stable_tusd,2024-01-16,1895113028,defillama
stable_tusd,2024-01-17,1881489151,defillama
stable_tusd,2024-01-18,1881489151,defillama
stable_tusd,2024-01-19,1879310151,defillama
stable_tusd,2024-01-20,1874244980,defillama
stable_tusd,2024-01-21,1874244980,defillama
stable_tusd,2024-01-22,1874244980,defillama
stable_tusd,2024-01-23,1874244980,defillama
stable_tusd,2024-01-24,1835786995,defillama
stable_tusd,2024-01-25,1833880777,defillama
stable_tusd,2024-01-26,1833880777,defillama
stable_tusd,2024-01-27,1589282092,defillama
stable_tusd,2024-01-28,1589282092,defillama
stable_tusd,2024-01-29,1589282092,defillama
stable_tusd,2024-01-30,1589282092,defillama
stable_tusd,2024-01-31,1458282092,defillama
stable_tusd,2024-02-01,1458282092,defillama
stable_tusd,2024-02-02,1458282092,defillama
stable_tusd,2024-02-03,1458282092,defillama
stable_tusd,2024-02-04,1458282092,defillama
stable_tusd,2024-02-05,1458282092,defillama
stable_tusd,2024-02-06,1458282092,defillama
stable_tusd,2024-02-07,1458282092,defillama
stable_tusd,2024-02-08,1458281092,defillama
stable_tusd,2024-02-09,1458281092,defillama
stable_tusd,2024-02-10,1458281092,defillama
stable_tusd,2024-02-11,1458281092,defillama
stable_tusd,2024-02-12,1458281092,defillama
stable_tusd,2024-02-13,1258281092,defillama
stable_tusd,2024-02-14,1258181092,defillama
stable_tusd,2024-02-15,1258181092,defillama
stable_tusd,2024-02-16,1258181092,defillama
stable_tusd,2024-02-17,1258181092,defillama
stable_tusd,2024-02-18,1258181092,defillama
stable_tusd,2024-02-19,1258281092,defillama
stable_tusd,2024-02-20,1258281092,defillama
stable_tusd,2024-02-21,1258281092,defillama
stable_tusd,2024-02-22,1258281092,defillama
stable_tusd,2024-02-23,1258281092,defillama
stable_tusd,2024-02-24,1258281092,defillama
stable_tusd,2024-02-25,1258281092,defillama
stable_tusd,2024-02-26,1258281092,defillama
stable_tusd,2024-02-27,1258280087,defillama
stable_tusd,2024-02-28,1258280087,defillama
stable_tusd,2024-02-29,1258280087,defillama
stable_tusd,2024-03-01,1258280087,defillama
stable_tusd,2024-03-02,1258280087,defillama
stable_tusd,2024-03-03,1258280087,defillama
stable_tusd,2024-03-04,1258280087,defillama
stable_tusd,2024-03-05,1258280087,defillama
stable_tusd,2024-03-06,1258280087,defillama
stable_tusd,2024-03-07,1258280087,defillama
stable_tusd,2024-03-08,1258280087,defillama
stable_tusd,2024-03-09,1258280087,defillama
stable_tusd,2024-03-10,1258280087,defillama
stable_tusd,2024-03-11,1258280087,defillama
stable_tusd,2024-03-12,1258280087,defillama
stable_tusd,2024-03-13,1258280087,defillama
stable_tusd,2024-03-14,1258280087,defillama
stable_tusd,2024-03-15,1258280087,defillama
stable_tusd,2024-03-16,1108280087,defillama
stable_tusd,2024-03-17,1108280087,defillama
stable_tusd,2024-03-18,1108280087,defillama
stable_tusd,2024-03-19,1108280087,defillama
stable_tusd,2024-03-20,958280087,defillama
stable_tusd,2024-03-21,808280087,defillama
stable_tusd,2024-03-22,658280087,defillama
stable_tusd,2024-03-23,582280087,defillama
stable_tusd,2024-03-24,582280087,defillama
stable_tusd,2024-03-25,582280087,defillama
stable_tusd,2024-03-26,582280087,defillama
stable_tusd,2024-03-27,582280087,defillama
stable_tusd,2024-03-28,462281087,defillama
stable_tusd,2024-03-29,464281087,defillama
stable_tusd,2024-03-30,464281087,defillama
stable_tusd,2024-03-31,464281087,defillama
stable_tusd,2024-04-01,464281087,defillama
stable_tusd,2024-04-02,464281087,defillama
stable_tusd,2024-04-03,464281087,defillama
stable_tusd,2024-04-04,464526087,defillama
stable_tusd,2024-04-05,464526087,defillama
stable_tusd,2024-04-06,464526087,defillama
stable_tusd,2024-04-07,464526087,defillama
stable_tusd,2024-04-08,464526087,defillama
stable_tusd,2024-04-09,464526087,defillama
stable_tusd,2024-04-10,464526087,defillama
stable_tusd,2024-04-11,464526087,defillama
stable_tusd,2024-04-12,479526087,defillama
stable_tusd,2024-04-13,479526087,defillama
stable_tusd,2024-04-14,479526087,defillama
stable_tusd,2024-04-15,479526087,defillama
stable_tusd,2024-04-16,479526087,defillama
stable_tusd,2024-04-17,479526087,defillama
stable_tusd,2024-04-18,479526087,defillama
stable_tusd,2024-04-19,479526087,defillama
stable_tusd,2024-04-20,479526087,defillama
stable_tusd,2024-04-21,479526087,defillama
stable_tusd,2024-04-22,479526087,defillama
stable_tusd,2024-04-23,479526087,defillama
stable_tusd,2024-04-24,479526087,defillama
stable_tusd,2024-04-25,479526087,defillama
stable_tusd,2024-04-26,479526087,defillama
stable_tusd,2024-04-27,479526087,defillama
stable_tusd,2024-04-28,479526087,defillama
stable_tusd,2024-04-29,479526087,defillama
stable_tusd,2024-04-30,479526087,defillama
stable_tusd,2024-05-01,479526087,defillama
stable_tusd,2024-05-02,479526087,defillama
stable_tusd,2024-05-03,479526087,defillama
stable_tusd,2024-05-04,479526087,defillama
stable_tusd,2024-05-05,479526087,defillama
stable_tusd,2024-05-06,479526087,defillama
stable_tusd,2024-05-07,479526087,defillama
stable_tusd,2024-05-08,479526087,defillama
stable_tusd,2024-05-09,479526087,defillama
stable_tusd,2024-05-10,479526087,defillama
stable_tusd,2024-05-11,479526087,defillama
stable_tusd,2024-05-12,479526087,defillama
stable_tusd,2024-05-13,479526087,defillama
stable_tusd,2024-05-14,479526087,defillama
stable_tusd,2024-05-15,479526087,defillama
stable_tusd,2024-05-16,478869658,defillama
stable_tusd,2024-05-17,479526087,defillama
stable_tusd,2024-05-18,479526087,defillama
stable_tusd,2024-05-19,479526087,defillama
stable_tusd,2024-05-20,479526087,defillama
stable_tusd,2024-05-21,479526087,defillama
stable_tusd,2024-05-22,479526087,defillama
stable_tusd,2024-05-23,479526087,defillama
stable_tusd,2024-05-24,478526088,defillama
stable_tusd,2024-05-25,477585635,defillama
stable_tusd,2024-05-26,477585635,defillama
stable_tusd,2024-05-27,477585635,defillama
stable_tusd,2024-05-28,475585636,defillama
stable_tusd,2024-05-29,473585638,defillama
stable_tusd,2024-05-30,471585642,defillama
stable_tusd,2024-05-31,470585643,defillama
stable_tusd,2024-06-01,470585643,defillama
stable_tusd,2024-06-02,470585643,defillama
stable_tusd,2024-06-03,470585643,defillama
stable_tusd,2024-06-04,469585644,defillama
stable_tusd,2024-06-05,468585644,defillama
stable_tusd,2024-06-06,468085645,defillama
stable_tusd,2024-06-07,467585646,defillama
stable_tusd,2024-06-08,467085647,defillama
stable_tusd,2024-06-09,467085647,defillama
stable_tusd,2024-06-10,467085647,defillama
stable_tusd,2024-06-11,466585648,defillama
stable_tusd,2024-06-12,466085648,defillama
stable_tusd,2024-06-13,465585650,defillama
stable_tusd,2024-06-14,465585650,defillama
stable_tusd,2024-06-15,465585650,defillama
stable_tusd,2024-06-16,465585650,defillama
stable_tusd,2024-06-17,465585650,defillama
stable_tusd,2024-06-18,465585650,defillama
stable_tusd,2024-06-19,465585650,defillama
stable_tusd,2024-06-20,465585650,defillama
stable_tusd,2024-06-21,465585650,defillama
stable_tusd,2024-06-22,465585650,defillama
stable_tusd,2024-06-23,465585650,defillama
stable_tusd,2024-06-24,465585650,defillama
stable_tusd,2024-06-25,465585650,defillama
stable_tusd,2024-06-26,465585650,defillama
stable_tusd,2024-06-27,465585650,defillama
stable_tusd,2024-06-28,465585650,defillama
stable_tusd,2024-06-29,465585650,defillama
stable_tusd,2024-06-30,485585650,defillama
stable_tusd,2024-07-01,485585650,defillama
stable_tusd,2024-07-02,485585650,defillama
stable_tusd,2024-07-03,485085651,defillama
stable_tusd,2024-07-04,505085659,defillama
stable_tusd,2024-07-05,495085667,defillama
stable_tusd,2024-07-06,485085675,defillama
stable_tusd,2024-07-07,485085675,defillama
stable_tusd,2024-07-08,485085675,defillama
stable_tusd,2024-07-09,505085675,defillama
stable_tusd,2024-07-10,485085691,defillama
stable_tusd,2024-07-11,485085691,defillama
stable_tusd,2024-07-12,485085699,defillama
stable_tusd,2024-07-13,485085699,defillama
stable_tusd,2024-07-14,485085699,defillama
stable_tusd,2024-07-15,485085699,defillama
stable_tusd,2024-07-16,485085699,defillama
stable_tusd,2024-07-17,485085699,defillama
stable_tusd,2024-07-18,485085699,defillama
stable_tusd,2024-07-19,485085699,defillama
stable_tusd,2024-07-20,485085699,defillama
stable_tusd,2024-07-21,485085699,defillama
stable_tusd,2024-07-22,485085699,defillama
stable_tusd,2024-07-23,485085699,defillama
stable_tusd,2024-07-24,485085699,defillama
stable_tusd,2024-07-25,485085699,defillama
stable_tusd,2024-07-26,485085699,defillama
stable_tusd,2024-07-27,485085699,defillama
stable_tusd,2024-07-28,485085699,defillama
stable_tusd,2024-07-29,485085699,defillama
stable_tusd,2024-07-30,485085699,defillama
stable_tusd,2024-07-31,485085699,defillama
stable_tusd,2024-08-01,485085699,defillama
stable_tusd,2024-08-02,485085699,defillama
stable_tusd,2024-08-03,485085699,defillama
stable_tusd,2024-08-04,485085699,defillama
stable_tusd,2024-08-05,485085699,defillama
stable_tusd,2024-08-06,485085699,defillama
stable_tusd,2024-08-07,485085699,defillama
stable_tusd,2024-08-08,502085699,defillama
stable_tusd,2024-08-09,485485719,defillama
stable_tusd,2024-08-10,485485719,defillama
stable_tusd,2024-08-11,485485719,defillama
stable_tusd,2024-08-12,485485719,defillama
stable_tusd,2024-08-13,485485719,defillama
stable_tusd,2024-08-14,485485719,defillama
stable_tusd,2024-08-15,485485719,defillama
stable_tusd,2024-08-16,485485719,defillama
stable_tusd,2024-08-17,485485719,defillama
stable_tusd,2024-08-18,485485719,defillama
stable_tusd,2024-08-19,485485719,defillama
stable_tusd,2024-08-20,485485719,defillama
stable_tusd,2024-08-21,485485719,defillama
stable_tusd,2024-08-22,485485719,defillama
stable_tusd,2024-08-23,485485719,defillama
stable_tusd,2024-08-24,485485719,defillama
stable_tusd,2024-08-25,485485719,defillama
stable_tusd,2024-08-26,485485719,defillama
stable_tusd,2024-08-27,485485719,defillama
stable_tusd,2024-08-28,485485719,defillama
stable_tusd,2024-08-29,485485719,defillama
stable_tusd,2024-08-30,485485719,defillama
stable_tusd,2024-08-31,485485719,defillama
stable_tusd,2024-09-01,485485719,defillama
stable_tusd,2024-09-02,485485719,defillama
stable_tusd,2024-09-03,485485719,defillama
stable_tusd,2024-09-04,485485719,defillama
stable_tusd,2024-09-05,485485719,defillama
stable_tusd,2024-09-06,485485719,defillama
stable_tusd,2024-09-07,485485719,defillama
stable_tusd,2024-09-08,485485719,defillama
stable_tusd,2024-09-09,485485719,defillama
stable_tusd,2024-09-10,485485719,defillama
stable_tusd,2024-09-11,485485719,defillama
stable_tusd,2024-09-12,485485719,defillama
stable_tusd,2024-09-13,318453567,defillama
stable_tusd,2024-09-14,485485719,defillama
stable_tusd,2024-09-15,485485719,defillama
stable_tusd,2024-09-16,485485719,defillama
stable_tusd,2024-09-17,485485719,defillama
stable_tusd,2024-09-18,485485719,defillama
stable_tusd,2024-09-19,485485719,defillama
stable_tusd,2024-09-20,485485719,defillama
stable_tusd,2024-09-21,485485719,defillama
stable_tusd,2024-09-22,485485719,defillama
stable_tusd,2024-09-23,485485719,defillama
stable_tusd,2024-09-24,485485719,defillama
stable_tusd,2024-09-25,485485719,defillama
stable_tusd,2024-09-26,485485719,defillama
stable_tusd,2024-09-27,485485719,defillama
stable_tusd,2024-09-28,485485719,defillama
stable_tusd,2024-09-29,485485719,defillama
stable_tusd,2024-09-30,485485719,defillama
stable_tusd,2024-10-01,485485719,defillama
stable_tusd,2024-10-02,485485719,defillama
stable_tusd,2024-10-03,485485719,defillama
stable_tusd,2024-10-04,485485719,defillama
stable_tusd,2024-10-05,485485719,defillama
stable_tusd,2024-10-06,485485719,defillama
stable_tusd,2024-10-07,485485719,defillama
stable_tusd,2024-10-08,485485719,defillama
stable_tusd,2024-10-09,485485719,defillama
stable_tusd,2024-10-10,485485719,defillama
stable_tusd,2024-10-11,485485719,defillama
stable_tusd,2024-10-12,485485719,defillama
stable_tusd,2024-10-13,485485719,defillama
stable_tusd,2024-10-14,485485719,defillama
stable_tusd,2024-10-15,485485719,defillama
stable_tusd,2024-10-16,485485719,defillama
stable_tusd,2024-10-17,485485719,defillama
stable_tusd,2024-10-18,485485719,defillama
stable_tusd,2024-10-19,485485719,defillama
stable_tusd,2024-10-20,485485719,defillama
stable_tusd,2024-10-21,485485719,defillama
stable_tusd,2024-10-22,485485719,defillama
stable_tusd,2024-10-23,485485719,defillama
stable_tusd,2024-10-24,485485719,defillama
stable_tusd,2024-10-25,485485719,defillama
stable_tusd,2024-10-26,485485719,defillama
stable_tusd,2024-10-27,485485719,defillama
stable_tusd,2024-10-28,485485719,defillama
stable_tusd,2024-10-29,485485719,defillama
stable_tusd,2024-10-30,485485719,defillama
stable_tusd,2024-10-31,485485719,defillama
stable_tusd,2024-11-01,485485719,defillama
stable_tusd,2024-11-02,485485719,defillama
stable_tusd,2024-11-03,485485719,defillama
stable_tusd,2024-11-04,485485719,defillama
stable_tusd,2024-11-05,485485719,defillama
stable_tusd,2024-11-06,485485719,defillama
stable_tusd,2024-11-07,318453567,defillama
stable_tusd,2024-11-08,485485719,defillama
stable_tusd,2024-11-09,485485719,defillama
stable_tusd,2024-11-10,485485719,defillama
stable_tusd,2024-11-11,485485719,defillama
stable_tusd,2024-11-12,485485719,defillama
stable_tusd,2024-11-13,485485719,defillama
stable_tusd,2024-11-14,485485719,defillama
stable_tusd,2024-11-15,485485719,defillama
stable_tusd,2024-11-16,485485719,defillama
stable_tusd,2024-11-17,485485719,defillama
stable_tusd,2024-11-18,485485719,defillama
stable_tusd,2024-11-19,485485719,defillama
stable_tusd,2024-11-20,485485719,defillama
stable_tusd,2024-11-21,485485719,defillama
stable_tusd,2024-11-22,485485719,defillama
stable_tusd,2024-11-23,485485719,defillama
stable_tusd,2024-11-24,485485719,defillama
stable_tusd,2024-11-25,485485719,defillama
stable_tusd,2024-11-26,485485719,defillama
stable_tusd,2024-11-27,485485719,defillama
stable_tusd,2024-11-28,485485719,defillama
stable_tusd,2024-11-29,485485719,defillama
stable_tusd,2024-11-30,485485719,defillama
stable_tusd,2024-12-01,485485719,defillama
stable_tusd,2024-12-02,485485719,defillama
stable_tusd,2024-12-03,485485719,defillama
stable_tusd,2024-12-04,485485719,defillama
stable_tusd,2024-12-05,485485719,defillama
stable_tusd,2024-12-06,485485719,defillama
stable_tusd,2024-12-07,318453567,defillama
stable_tusd,2024-12-08,318453567,defillama
stable_tusd,2024-12-09,485485719,defillama
stable_tusd,2024-12-10,485485719,defillama
stable_tusd,2024-12-11,485485719,defillama
stable_tusd,2024-12-12,485485719,defillama
stable_tusd,2024-12-13,485485719,defillama
stable_tusd,2024-12-14,485485719,defillama
stable_tusd,2024-12-15,485485719,defillama
stable_tusd,2024-12-16,485485719,defillama
stable_tusd,2024-12-17,485485719,defillama
stable_tusd,2024-12-18,485485719,defillama
stable_tusd,2024-12-19,485485719,defillama
stable_tusd,2024-12-20,485485719,defillama
stable_tusd,2024-12-21,485485719,defillama
stable_tusd,2024-12-22,485485719,defillama
stable_tusd,2024-12-23,485485719,defillama
stable_tusd,2024-12-24,485485719,defillama
stable_tusd,2024-12-25,485485719,defillama
stable_tusd,2024-12-26,485485719,defillama
stable_tusd,2024-12-27,485485719,defillama
stable_tusd,2024-12-28,485485719,defillama
stable_tusd,2024-12-29,485485719,defillama
stable_tusd,2024-12-30,485485719,defillama
stable_tusd,2024-12-31,485485719,defillama
stable_tusd,2025-01-01,485485719,defillama
stable_tusd,2025-01-02,485485719,defillama
stable_tusd,2025-01-03,485485719,defillama
stable_tusd,2025-01-04,485485719,defillama
stable_tusd,2025-01-05,485485719,defillama
stable_tusd,2025-01-06,485485719,defillama
stable_tusd,2025-01-07,485485719,defillama
stable_tusd,2025-01-08,485485719,defillama
stable_tusd,2025-01-09,485485719,defillama
stable_tusd,2025-01-10,485485719,defillama
stable_tusd,2025-01-11,485485719,defillama
stable_tusd,2025-01-12,485485719,defillama
stable_tusd,2025-01-13,485485719,defillama
stable_tusd,2025-01-14,485485719,defillama
stable_tusd,2025-01-15,485485719,defillama
stable_tusd,2025-01-16,485485719,defillama
stable_tusd,2025-01-17,485485719,defillama
stable_tusd,2025-01-18,485485719,defillama
stable_tusd,2025-01-19,485485719,defillama
stable_tusd,2025-01-20,485485719,defillama
stable_tusd,2025-01-21,485485719,defillama
stable_tusd,2025-01-22,485485719,defillama
stable_tusd,2025-01-23,485485719,defillama
stable_tusd,2025-01-24,485485719,defillama
stable_tusd,2025-01-25,485485719,defillama
stable_tusd,2025-01-26,485485719,defillama
stable_tusd,2025-01-27,485485719,defillama
stable_tusd,2025-01-28,485485719,defillama
stable_tusd,2025-01-29,485485719,defillama
stable_tusd,2025-01-30,485485719,defillama
stable_tusd,2025-01-31,485485719,defillama
stable_tusd,2025-02-01,485485719,defillama
stable_tusd,2025-02-02,485485719,defillama
stable_tusd,2025-02-03,485485719,defillama
stable_tusd,2025-02-04,485485719,defillama
stable_tusd,2025-02-05,485485719,defillama
stable_tusd,2025-02-06,485485719,defillama
stable_tusd,2025-02-07,485485719,defillama
stable_tusd,2025-02-08,485485719,defillama
stable_tusd,2025-02-09,485485719,defillama
stable_tusd,2025-02-10,485485719,defillama
stable_tusd,2025-02-11,485485719,defillama
stable_tusd,2025-02-12,485485719,defillama
stable_tusd,2025-02-13,485485719,defillama
stable_tusd,2025-02-14,485485719,defillama
stable_tusd,2025-02-15,485485719,defillama
stable_tusd,2025-02-16,485485719,defillama
stable_tusd,2025-02-17,485485719,defillama
stable_tusd,2025-02-18,485485719,defillama
stable_tusd,2025-02-19,485485719,defillama
stable_tusd,2025-02-20,485485719,defillama
stable_tusd,2025-02-21,485485719,defillama
stable_tusd,2025-02-22,485485719,defillama
stable_tusd,2025-02-23,485485719,defillama
stable_tusd,2025-02-24,485485719,defillama
stable_tusd,2025-02-25,485485719,defillama
stable_tusd,2025-02-26,485485719,defillama
stable_tusd,2025-02-27,485485719,defillama
stable_tusd,2025-02-28,485485719,defillama
stable_tusd,2025-03-01,485485719,defillama
stable_tusd,2025-03-02,485485719,defillama
stable_tusd,2025-03-03,485485719,defillama
stable_tusd,2025-03-04,485485719,defillama
stable_tusd,2025-03-05,485485719,defillama
stable_tusd,2025-03-06,485485719,defillama
stable_tusd,2025-03-07,485485719,defillama
stable_tusd,2025-03-08,485485719,defillama
stable_tusd,2025-03-09,485485719,defillama
stable_tusd,2025-03-10,485485719,defillama
stable_tusd,2025-03-11,485485719,defillama
stable_tusd,2025-03-12,485485719,defillama
stable_tusd,2025-03-13,485485719,defillama
stable_tusd,2025-03-14,485485719,defillama
stable_tusd,2025-03-15,485485719,defillama
stable_tusd,2025-03-16,485485719,defillama
stable_tusd,2025-03-17,485485719,defillama
stable_tusd,2025-03-18,485485719,defillama
stable_tusd,2025-03-19,485485719,defillama
stable_tusd,2025-03-20,485485719,defillama
stable_tusd,2025-03-21,485485719,defillama
stable_tusd,2025-03-22,485485719,defillama
stable_tusd,2025-03-23,485485719,defillama
stable_tusd,2025-03-24,485485719,defillama
stable_tusd,2025-03-25,485485719,defillama
stable_tusd,2025-03-26,485485719,defillama
stable_tusd,2025-03-27,485485719,defillama
stable_tusd,2025-03-28,485485719,defillama
stable_tusd,2025-03-29,485485719,defillama
stable_tusd,2025-03-30,485485719,defillama
stable_tusd,2025-03-31,485485719,defillama
stable_tusd,2025-04-01,485485719,defillama
stable_tusd,2025-04-02,485485719,defillama
stable_tusd,2025-04-03,485485719,defillama
stable_tusd,2025-04-04,485485719,defillama
stable_tusd,2025-04-05,485485719,defillama
stable_tusd,2025-04-06,485485719,defillama
stable_tusd,2025-04-07,485485719,defillama
stable_tusd,2025-04-08,485485719,defillama
stable_tusd,2025-04-09,485485719,defillama
stable_tusd,2025-04-10,485485719,defillama
stable_tusd,2025-04-11,485485719,defillama
stable_tusd,2025-04-12,485485719,defillama
stable_tusd,2025-04-13,485485719,defillama
stable_tusd,2025-04-14,485485719,defillama
stable_tusd,2025-04-15,485485719,defillama
stable_tusd,2025-04-16,485485719,defillama
stable_tusd,2025-04-17,485485719,defillama
stable_tusd,2025-04-18,485485719,defillama
stable_tusd,2025-04-19,485485719,defillama
stable_tusd,2025-04-20,485485719,defillama
stable_tusd,2025-04-21,485485719,defillama
stable_tusd,2025-04-22,485485719,defillama
stable_tusd,2025-04-23,485485719,defillama
stable_tusd,2025-04-24,485485719,defillama
stable_tusd,2025-04-25,485485719,defillama
stable_tusd,2025-04-26,485485719,defillama
stable_tusd,2025-04-27,485485719,defillama
stable_tusd,2025-04-28,485485719,defillama
stable_tusd,2025-04-29,485485719,defillama
stable_tusd,2025-04-30,485485719,defillama
stable_tusd,2025-05-01,485485719,defillama
stable_tusd,2025-05-02,485485719,defillama
stable_tusd,2025-05-03,485485719,defillama
stable_tusd,2025-05-04,485485719,defillama
stable_tusd,2025-05-05,485485719,defillama
stable_tusd,2025-05-06,485485719,defillama
stable_tusd,2025-05-07,485485719,defillama
stable_tusd,2025-05-08,485485719,defillama
stable_tusd,2025-05-09,485485719,defillama
stable_tusd,2025-05-10,485485719,defillama
stable_tusd,2025-05-11,485485719,defillama
stable_tusd,2025-05-12,485485719,defillama
stable_tusd,2025-05-13,485485719,defillama
stable_tusd,2025-05-14,485485719,defillama
stable_tusd,2025-05-15,485485719,defillama
stable_tusd,2025-05-16,485485719,defillama
stable_tusd,2025-05-17,485485719,defillama
stable_tusd,2025-05-18,485485719,defillama
stable_tusd,2025-05-19,485485719,defillama
stable_tusd,2025-05-20,485485719,defillama
stable_tusd,2025-05-21,485485719,defillama
stable_tusd,2025-05-22,485485719,defillama
stable_tusd,2025-05-23,485485719,defillama
stable_tusd,2025-05-24,485485719,defillama
stable_tusd,2025-05-25,485485719,defillama
stable_tusd,2025-05-26,485485719,defillama
stable_tusd,2025-05-27,485485719,defillama
stable_tusd,2025-05-28,485485719,defillama
stable_tusd,2025-05-29,485485719,defillama
stable_tusd,2025-05-30,485485719,defillama
stable_tusd,2025-05-31,485485719,defillama
stable_tusd,2025-06-01,485485719,defillama
stable_tusd,2025-06-02,485485719,defillama
stable_tusd,2025-06-03,485485719,defillama
stable_tusd,2025-06-04,485485719,defillama
stable_tusd,2025-06-05,485485719,defillama
stable_tusd,2025-06-06,485485719,defillama
stable_tusd,2025-06-07,485485719,defillama
stable_tusd,2025-06-08,485485719,defillama
stable_tusd,2025-06-09,485485719,defillama
stable_tusd,2025-06-10,485485719,defillama
stable_tusd,2025-06-11,485485719,defillama
stable_tusd,2025-06-12,485485719,defillama
stable_tusd,2025-06-13,485485719,defillama
stable_tusd,2025-06-14,484484719,defillama
stable_tusd,2025-06-15,484484719,defillama
stable_tusd,2025-06-16,484484719,defillama
stable_tusd,2025-06-17,484484719,defillama
stable_tusd,2025-06-18,484484719,defillama
stable_tusd,2025-06-19,484484719,defillama
stable_tusd,2025-06-20,484484719,defillama
stable_tusd,2025-06-21,484484719,defillama
stable_tusd,2025-06-22,484484719,defillama
stable_tusd,2025-06-23,484484719,defillama
stable_tusd,2025-06-24,484484719,defillama
stable_tusd,2025-06-25,484484719,defillama
stable_tusd,2025-06-26,484484719,defillama
stable_tusd,2025-06-27,484484719,defillama
stable_tusd,2025-06-28,484484719,defillama
stable_tusd,2025-06-29,484484719,defillama
stable_tusd,2025-06-30,484484719,defillama
stable_tusd,2025-07-01,484484719,defillama
stable_tusd,2025-07-02,484484719,defillama
stable_tusd,2025-07-03,484484719,defillama
stable_tusd,2025-07-04,484484719,defillama
stable_tusd,2025-07-05,484484719,defillama
stable_tusd,2025-07-06,484484719,defillama
stable_tusd,2025-07-07,484484719,defillama
stable_tusd,2025-07-08,484484719,defillama
stable_tusd,2025-07-09,484484719,defillama
stable_tusd,2025-07-10,484484719,defillama
stable_tusd,2025-07-11,484484719,defillama
stable_tusd,2025-07-12,484484719,defillama
stable_tusd,2025-07-13,484484719,defillama
stable_tusd,2025-07-14,484484719,defillama
stable_tusd,2025-07-15,484484719,defillama
stable_tusd,2025-07-16,484484719,defillama
stable_tusd,2025-07-17,484484719,defillama
stable_tusd,2025-07-18,484484719,defillama
stable_tusd,2025-07-19,484484719,defillama
stable_tusd,2025-07-20,484484719,defillama
stable_tusd,2025-07-21,484484719,defillama
stable_tusd,2025-07-22,484484719,defillama
stable_tusd,2025-07-23,484484719,defillama
stable_tusd,2025-07-24,484484719,defillama
stable_tusd,2025-07-25,484484719,defillama
stable_tusd,2025-07-26,484484719,defillama
stable_tusd,2025-07-27,484484719,defillama
stable_tusd,2025-07-28,484484719,defillama
stable_tusd,2025-07-29,484484719,defillama
stable_tusd,2025-07-30,484484719,defillama
stable_tusd,2025-07-31,484484719,defillama
stable_tusd,2025-08-01,484484719,defillama
stable_tusd,2025-08-02,484484719,defillama
stable_tusd,2025-08-03,484484719,defillama
stable_tusd,2025-08-04,484484719,defillama
stable_tusd,2025-08-05,484484719,defillama
stable_tusd,2025-08-06,484484719,defillama
stable_tusd,2025-08-07,484484719,defillama
stable_tusd,2025-08-08,484484719,defillama
stable_tusd,2025-08-09,484484719,defillama
stable_tusd,2025-08-10,484484719,defillama
stable_tusd,2025-08-11,484484719,defillama
stable_tusd,2025-08-12,484484719,defillama
stable_tusd,2025-08-13,484484719,defillama
stable_tusd,2025-08-14,484484719,defillama
stable_tusd,2025-08-15,484484719,defillama
stable_tusd,2025-08-16,484484719,defillama
stable_tusd,2025-08-17,484484719,defillama
stable_tusd,2025-08-18,484484719,defillama
stable_tusd,2025-08-19,484484719,defillama
stable_tusd,2025-08-20,484484719,defillama
stable_tusd,2025-08-21,484484719,defillama
stable_tusd,2025-08-22,484484719,defillama
stable_tusd,2025-08-23,484484719,defillama
stable_tusd,2025-08-24,484484719,defillama
stable_tusd,2025-08-25,484484719,defillama
stable_tusd,2025-08-26,484484719,defillama
stable_tusd,2025-08-27,484484719,defillama
stable_tusd,2025-08-28,484484719,defillama
stable_tusd,2025-08-29,484484719,defillama
stable_tusd,2025-08-30,484484719,defillama
stable_tusd,2025-08-31,484484719,defillama
stable_tusd,2025-09-01,484484719,defillama
stable_tusd,2025-09-02,484484719,defillama
stable_tusd,2025-09-03,484484719,defillama
stable_tusd,2025-09-04,484484719,defillama
stable_tusd,2025-09-05,484484719,defillama
stable_tusd,2025-09-06,484484719,defillama
stable_tusd,2025-09-07,484484719,defillama
stable_tusd,2025-09-08,484484719,defillama
stable_tusd,2025-09-09,484484719,defillama
stable_tusd,2025-09-10,484484719,defillama
stable_tusd,2025-09-11,484484719,defillama
stable_tusd,2025-09-12,484484719,defillama
stable_tusd,2025-09-13,484484719,defillama
stable_tusd,2025-09-14,484484719,defillama
stable_tusd,2025-09-15,484484719,defillama
stable_tusd,2025-09-16,484484719,defillama
stable_tusd,2025-09-17,484484719,defillama
stable_tusd,2025-09-18,484484719,defillama
stable_tusd,2025-09-19,484484719,defillama
stable_tusd,2025-09-20,484484719,defillama
stable_tusd,2025-09-21,484484719,defillama
stable_tusd,2025-09-22,484484719,defillama
stable_tusd,2025-09-23,484484719,defillama
stable_tusd,2025-09-24,484484719,defillama
stable_tusd,2025-09-25,484484719,defillama
stable_tusd,2025-09-26,484484719,defillama
stable_tusd,2025-09-27,484484719,defillama
stable_tusd,2025-09-28,484484719,defillama
stable_tusd,2025-09-29,484484719,defillama
stable_tusd,2025-09-30,484484719,defillama
stable_tusd,2025-10-01,484484719,defillama
stable_tusd,2025-10-02,484484719,defillama
stable_tusd,2025-10-03,484484719,defillama
stable_tusd,2025-10-04,484484719,defillama
stable_tusd,2025-10-05,484484719,defillama
stable_tusd,2025-10-06,484484719,defillama
stable_tusd,2025-10-07,484484719,defillama
stable_tusd,2025-10-08,484484719,defillama
stable_tusd,2025-10-09,484484719,defillama
stable_tusd,2025-10-10,484484719,defillama
stable_tusd,2025-10-11,484484719,defillama
stable_tusd,2025-10-12,484484719,defillama
stable_tusd,2025-10-13,484484719,defillama
stable_tusd,2025-10-14,484484719,defillama
stable_tusd,2025-10-15,484484719,defillama
stable_tusd,2025-10-16,484484719,defillama
stable_tusd,2025-10-17,484484719,defillama
stable_tusd,2025-10-18,484484719,defillama
stable_tusd,2025-10-19,484484719,defillama
stable_tusd,2025-10-20,484484719,defillama
stable_tusd,2025-10-21,484484719,defillama
stable_tusd,2025-10-22,484484719,defillama
stable_tusd,2025-10-23,484484719,defillama
stable_tusd,2025-10-24,484484719,defillama
stable_tusd,2025-10-25,484484719,defillama
stable_tusd,2025-10-26,484484719,defillama
stable_tusd,2025-10-27,484484719,defillama
stable_tusd,2025-10-28,484484719,defillama
stable_tusd,2025-10-29,484484719,defillama
stable_tusd,2025-10-30,484484719,defillama
stable_tusd,2025-10-31,484484719,defillama
stable_tusd,2025-11-01,484484719,defillama
stable_tusd,2025-11-02,484484719,defillama
stable_tusd,2025-11-03,484484719,defillama
stable_tusd,2025-11-04,484484719,defillama
stable_tusd,2025-11-05,484484719,defillama
stable_tusd,2025-11-06,484484719,defillama
stable_tusd,2025-11-07,484484719,defillama
stable_tusd,2025-11-08,484484719,defillama
stable_tusd,2025-11-09,484484719,defillama
stable_tusd,2025-11-10,484484719,defillama
stable_tusd,2025-11-11,484484719,defillama
stable_tusd,2025-11-12,484484719,defillama
stable_tusd,2025-11-13,484484719,defillama
stable_tusd,2025-11-14,484484719,defillama
stable_tusd,2025-11-15,484484719,defillama
stable_tusd,2025-11-16,484484719,defillama
stable_tusd,2025-11-17,484484719,defillama
stable_tusd,2025-11-18,484484719,defillama
stable_tusd,2025-11-19,484484719,defillama
stable_tusd,2025-11-20,484484719,defillama
stable_tusd,2025-11-21,484484719,defillama
stable_tusd,2025-11-22,484484719,defillama
stable_tusd,2025-11-23,484484719,defillama
stable_tusd,2025-11-24,484484719,defillama
stable_tusd,2025-11-25,484484719,defillama
stable_tusd,2025-11-26,484484719,defillama
stable_tusd,2025-11-27,484484719,defillama
stable_tusd,2025-11-28,484484719,defillama
stable_tusd,2025-11-29,484484719,defillama
stable_tusd,2025-11-30,484484719,defillama
stable_tusd,2025-12-01,484484719,defillama
stable_tusd,2025-12-02,484484719,defillama
stable_tusd,2025-12-03,484484719,defillama
stable_tusd,2025-12-04,484484719,defillama
stable_tusd,2025-12-05,484484719,defillama
stable_tusd,2025-12-06,484484719,defillama
stable_tusd,2025-12-07,484484719,defillama
stable_tusd,2025-12-08,484484719,defillama
stable_tusd,2025-12-09,484484719,defillama
stable_tusd,2025-12-10,484484719,defillama
stable_tusd,2025-12-11,484484719,defillama
stable_tusd,2025-12-12,484484719,defillama
stable_tusd,2025-12-13,484484719,defillama
stable_tusd,2025-12-14,484484719,defillama
stable_tusd,2025-12-15,484484719,defillama
stable_tusd,2025-12-16,484484719,defillama
stable_tusd,2025-12-17,484484719,defillama
stable_tusd,2025-12-18,484484719,defillama
stable_tusd,2025-12-19,484484719,defillama
stable_tusd,2025-12-20,484484719,defillama
stable_tusd,2025-12-21,484484719,defillama
stable_tusd,2025-12-22,484484719,defillama
stable_tusd,2025-12-23,484484719,defillama
stable_tusd,2025-12-24,484484719,defillama
stable_tusd,2025-12-25,484484719,defillama
stable_tusd,2025-12-26,484484719,defillama
stable_tusd,2025-12-27,484484719,defillama
stable_tusd,2025-12-28,484484719,defillama
stable_tusd,2025-12-29,484484719,defillama
stable_tusd,2025-12-30,484484719,defillama
stable_tusd,2025-12-31,484484719,defillama
stable_tusd,2026-01-01,484484719,defillama
stable_tusd,2026-01-02,484484719,defillama
stable_tusd,2026-01-03,484484719,defillama
stable_tusd,2026-01-04,484484719,defillama
stable_tusd,2026-01-05,484484719,defillama
stable_tusd,2026-01-06,484484719,defillama
stable_tusd,2026-01-07,484484719,defillama
stable_tusd,2026-01-08,484484719,defillama
stable_tusd,2026-01-09,484484719,defillama
stable_tusd,2026-01-10,484484719,defillama
stable_tusd,2026-01-11,484484719,defillama
stable_tusd,2026-01-12,484484719,defillama
stable_tusd,2026-01-13,484484719,defillama
stable_tusd,2026-01-14,484484719,defillama
stable_tusd,2026-01-15,484484719,defillama
stable_tusd,2026-01-16,484484719,defillama
stable_tusd,2026-01-17,484484719,defillama
stable_tusd,2026-01-18,484484719,defillama
stable_tusd,2026-01-19,484484719,defillama
stable_tusd,2026-01-20,484484719,defillama
stable_tusd,2026-01-21,484484719,defillama
stable_tusd,2026-01-22,484484719,defillama
stable_tusd,2026-01-23,484484719,defillama
stable_tusd,2026-01-24,484484719,defillama
stable_tusd,2026-01-25,484484719,defillama
stable_tusd,2026-01-26,484484719,defillama
stable_tusd,2026-01-27,484484719,defillama
stable_tusd,2026-01-28,484484719,defillama
stable_tusd,2026-01-29,484484719,defillama
stable_tusd,2026-01-30,484484719,defillama
stable_tusd,2026-01-31,484484719,defillama
stable_tusd,2026-02-01,484484719,defillama
stable_tusd,2026-02-02,484484719,defillama
stable_tusd,2026-02-03,484484719,defillama
stable_tusd,2026-02-04,484484719,defillama
stable_tusd,2026-02-05,484484719,defillama
stable_tusd,2026-02-06,484484719,defillama
stable_tusd,2026-02-07,484484719,defillama
stable_tusd,2026-02-08,484484719,defillama
stable_tusd,2026-02-09,484484719,defillama
stable_tusd,2026-02-10,484484719,defillama
stable_tusd,2026-02-11,484484719,defillama
stable_tusd,2026-02-12,484484719,defillama
stable_tusd,2026-02-13,484484719,defillama
stable_tusd,2026-02-14,484484719,defillama
stable_tusd,2026-02-15,484484719,defillama
stable_tusd,2026-02-16,484484719,defillama
stable_tusd,2026-02-17,484484719,defillama
stable_tusd,2026-02-18,484484719,defillama
stable_tusd,2026-02-19,484484719,defillama
stable_tusd,2026-02-20,484484719,defillama
stable_tusd,2026-02-21,484484719,defillama
stable_tusd,2026-02-22,484484719,defillama
stable_tusd,2026-02-23,484484719,defillama
stable_tusd,2026-02-24,484484719,defillama
stable_tusd,2026-02-25,484484719,defillama
stable_tusd,2026-02-26,484484719,defillama
stable_tusd,2026-02-27,484484719,defillama
stable_tusd,2026-02-28,484484719,defillama
stable_tusd,2026-03-01,484484719,defillama
stable_tusd,2026-03-02,484484719,defillama
stable_tusd,2026-03-03,484484719,defillama
stable_tusd,2026-03-04,484484719,defillama
stable_tusd,2026-03-05,484484719,defillama
stable_tusd,2026-03-06,484484719,defillama
stable_tusd,2026-03-07,484484719,defillama
stable_tusd,2026-03-08,484484719,defillama
stable_tusd,2026-03-09,484484719,defillama
stable_tusd,2026-03-10,484484719,defillama
stable_tusd,2026-03-11,484484719,defillama
stable_tusd,2026-03-12,484484719,defillama
stable_tusd,2026-03-13,484484719,defillama
stable_tusd,2026-03-14,484484719,defillama
stable_tusd,2026-03-15,484484719,defillama
stable_tusd,2026-03-16,484484719,defillama
stable_tusd,2026-03-17,484484719,defillama
stable_tusd,2026-03-18,484484719,defillama
stable_tusd,2026-03-19,484484719,defillama
stable_tusd,2026-03-20,484484719,defillama
stable_tusd,2026-03-21,484484719,defillama
stable_tusd,2026-03-22,484484719,defillama
stable_tusd,2026-03-23,484484719,defillama
stable_tusd,2026-03-24,484484719,defillama
stable_tusd,2026-03-25,484484719,defillama
stable_tusd,2026-03-26,484484719,defillama
stable_tusd,2026-03-27,484484719,defillama
stable_tusd,2026-03-28,484484719,defillama
stable_tusd,2026-03-29,484484719,defillama
stable_tusd,2026-03-30,484484719,defillama
stable_tusd,2026-03-31,484484719,defillama
stable_tusd,2026-04-01,484484719,defillama
stable_tusd,2026-04-02,484484719,defillama
stable_tusd,2026-04-03,484484719,defillama
stable_tusd,2026-04-04,484484719,defillama
stable_tusd,2026-04-05,484484719,defillama
stable_tusd,2026-04-06,484484719,defillama
stable_tusd,2026-04-07,484484719,defillama
stable_tusd,2026-04-08,484484719,defillama
stable_tusd,2026-04-09,484484719,defillama
stable_tusd,2026-04-10,484484719,defillama
stable_tusd,2026-04-11,484484719,defillama
stable_tusd,2026-04-12,484484719,defillama
stable_tusd,2026-04-13,484484719,defillama
stable_tusd,2026-04-14,484484719,defillama
stable_tusd,2026-04-15,484484719,defillama
stable_tusd,2026-04-16,484484719,defillama
stable_tusd,2026-04-17,484484719,defillama
stable_tusd,2026-04-18,484484719,defillama
stable_tusd,2026-04-19,484484719,defillama
stable_tusd,2026-04-20,484484719,defillama
stable_tusd,2026-04-21,484484719,defillama
stable_tusd,2026-04-22,484484719,defillama
stable_tusd,2026-04-23,484484719,defillama
stable_tusd,2026-04-24,484484719,defillama
stable_tusd,2026-04-25,484484719,defillama
stable_tusd,2026-04-26,484484719,defillama
stable_tusd,2026-04-27,484484719,defillama
stable_tusd,2026-04-28,484484719,defillama
stable_tusd,2026-04-29,484484719,defillama
stable_tusd,2026-04-30,484484719,defillama
stable_tusd,2026-05-01,484484719,defillama
stable_tusd,2026-05-02,484484719,defillama
stable_tusd,2026-05-03,484484719,defillama
stable_tusd,2026-05-04,484484719,defillama
stable_tusd,2026-05-05,484484719,defillama
stable_tusd,2026-05-06,484484719,defillama
stable_tusd,2026-05-07,484484719,defillama
stable_tusd,2026-05-08,484484719,defillama
stable_tusd,2026-05-09,484484719,defillama
stable_tusd,2026-05-10,484484719,defillama
stable_tusd,2026-05-11,484484719,defillama
stable_tusd,2026-05-12,484484719,defillama
stable_tusd,2026-05-13,484484719,defillama
stable_tusd,2026-05-14,484484719,defillama
stable_tusd,2026-05-15,484484719,defillama
stable_tusd,2026-05-16,484484719,defillama
stable_tusd,2026-05-17,484484719,defillama
stable_tusd,2026-05-18,484484719,defillama
stable_tusd,2026-05-19,484484719,defillama
stable_tusd,2026-05-20,484484719,defillama
stable_tusd,2026-05-21,484484719,defillama
stable_tusd,2026-05-22,484484719,defillama
stable_tusd,2026-05-23,484484719,defillama
stable_tusd,2026-05-24,484484719,defillama
stable_tusd,2026-05-25,484484719,defillama
stable_tusd,2026-05-26,484484719,defillama
stable_tusd,2026-05-27,484484719,defillama
stable_tusd,2026-05-28,484484719,defillama
stable_tusd,2026-05-29,484484719,defillama
stable_tusd,2026-05-30,484484719,defillama
stable_tusd,2026-05-31,484484719,defillama
stable_tusd,2026-06-01,484484719,defillama
stable_tusd,2026-06-02,484484719,defillama
stable_tusd,2026-06-03,484484719,defillama
stable_tusd,2026-06-04,484484719,defillama
stable_tusd,2026-06-05,484484719,defillama
stable_tusd,2026-06-06,484484719,defillama
stable_tusd,2026-06-07,484484719,defillama
stable_tusd,2026-06-08,484484719,defillama
stable_tusd,2026-06-09,484484719,defillama
stable_tusd,2026-06-10,484484719,defillama
stable_tusd,2026-06-11,484484719,defillama
stable_tusd,2026-06-12,484484719,defillama
stable_tusd,2026-06-13,484484719,defillama
stable_tusd,2026-06-14,484484719,defillama
stable_tusd,2026-06-15,484484719,defillama
stable_tusd,2026-06-16,484484719,defillama
stable_tusd,2026-06-17,484484719,defillama
stable_tusd,2026-06-18,484484719,defillama
stable_tusd,2026-06-19,484484719,defillama
stable_tusd,2026-06-20,484484719,defillama
stable_tusd,2026-06-21,484484719,defillama
stable_tusd,2026-06-22,484484719,defillama
stable_tusd,2026-06-23,484484719,defillama
stable_tusd,2026-06-24,484484719,defillama
stable_tusd,2026-06-25,484484719,defillama
stable_tusd,2026-06-26,484484719,defillama
stable_tusd,2026-06-27,484484719,defillama
stable_tusd,2026-06-28,484484719,defillama
stable_tusd,2026-06-29,484484719,defillama
stable_tusd,2026-06-30,484484719,defillama
stable_tusd,2026-07-01,484484719,defillama
stable_tusd,2026-07-02,484484719,defillama
stable_tusd,2026-07-03,484484719,defillama
stable_tusd,2026-07-04,484484719,defillama
stable_tusd,2026-07-05,484484719,defillama
stable_tusd,2026-07-06,484484719,defillama
stable_tusd,2026-07-07,484484719,defillama
stable_tusd,2026-07-08,484484719,defillama
stable_tusd,2026-07-09,484484719,defillama
stable_tusd,2026-07-10,484484719,defillama
stable_tusd,2026-07-11,484484719,defillama
stable_tusd,2026-07-12,484484719,defillama
stable_tusd,2026-07-13,484484719,defillama
stable_tusd,2026-07-14,484484719,defillama
stable_tusd,2026-07-15,484484719,defillama
stable_tusd,2026-07-16,484484719,defillama
stable_tusd,2026-07-17,484484719,defillama
stable_tusd,2026-07-18,484484719,defillama
stable_tusd,2026-07-19,484484719,defillama
stable_tusd,2026-07-20,484484719,defillama
stable_tusd,2026-07-21,484484719,defillama
stable_tusd,2026-07-22,484484719,defillama
stable_tusd,2026-07-23,484484719,defillama
stable_tusd,2026-07-24,484484719,defillama
stable_tusd,2026-07-25,484484719,defillama
stable_tusd,2026-07-26,484484719,defillama
stable_tusd,2026-07-27,484484719,defillama
stable_tusd,2026-07-28,484484719,defillama
stable_tusd,2026-07-29,484484719,defillama
stable_tusd,2026-07-30,484484719,defillama
stable_tusd,2026-07-31,484484719,defillama
stable_tusd,2026-08-01,484484719,defillama
stable_tusd,2026-08-02,484484719,defillama
stable_tusd,2026-08-03,484484719,defillama
stable_tusd,2026-08-04,484484719,defillama
stable_tusd,2026-08-05,484484719,defillama
stable_tusd,2026-08-06,484484719,defillama
stable_tusd,2026-08-07,484484719,defillama
stable_tusd,2026-08-08,484484719,defillama
stable_tusd,2026-08-09,484484719,defillama
stable_tusd,2026-08-10,484484719,defillama
stable_tusd,2026-08-11,484484719,defillama
stable_tusd,2026-08-12,484484719,defillama
stable_tusd,2026-08-13,484484719,defillama
stable_tusd,2026-08-14,484484719,defillama
stable_tusd,2026-08-15,484484719,defillama
stable_tusd,2026-08-16,484484719,defillama
stable_tusd,2026-08-17,484484719,defillama
stable_tusd,2026-08-18,484484719,defillama
stable_tusd,2026-08-19,484484719,defillama
stable_tusd,2026-08-20,484484719,defillama
stable_tusd,2026-08-21,484484719,defillama
stable_tusd,2026-08-22,484484718.87,defillama
stable_usd1,2025-04-28,726970460,defillama
stable_usd1,2025-04-29,726970460,defillama
stable_usd1,2025-04-30,2127970410,defillama
stable_usd1,2025-05-01,2127970410,defillama
stable_usd1,2025-05-02,2127970381,defillama
stable_usd1,2025-05-03,2127970381,defillama
stable_usd1,2025-05-04,2127970381,defillama
stable_usd1,2025-05-05,2127970381,defillama
stable_usd1,2025-05-06,2127980381,defillama
stable_usd1,2025-05-07,2127980380,defillama
stable_usd1,2025-05-08,2127980480,defillama
stable_usd1,2025-05-09,2127980480,defillama
stable_usd1,2025-05-10,2127980480,defillama
stable_usd1,2025-05-11,2127980480,defillama
stable_usd1,2025-05-12,2127980480,defillama
stable_usd1,2025-05-13,2127980480,defillama
stable_usd1,2025-05-14,2127980480,defillama
stable_usd1,2025-05-15,2127980530,defillama
stable_usd1,2025-05-16,2127980530,defillama
stable_usd1,2025-05-17,2128080730,defillama
stable_usd1,2025-05-18,2128080730,defillama
stable_usd1,2025-05-19,2128080730,defillama
stable_usd1,2025-05-20,2128080730,defillama
stable_usd1,2025-05-21,2136080730,defillama
stable_usd1,2025-05-22,2136580730,defillama
stable_usd1,2025-05-23,2151590831,defillama
stable_usd1,2025-05-24,2151591831,defillama
stable_usd1,2025-05-25,2151591831,defillama
stable_usd1,2025-05-26,2151591831,defillama
stable_usd1,2025-05-27,2151591831,defillama
stable_usd1,2025-05-28,2151591931,defillama
stable_usd1,2025-05-29,2151591931,defillama
stable_usd1,2025-05-30,2156591931,defillama
stable_usd1,2025-05-31,2176592011,defillama
stable_usd1,2025-06-01,2176592011,defillama
stable_usd1,2025-06-02,2176592011,defillama
stable_usd1,2025-06-03,2171592011,defillama
stable_usd1,2025-06-04,2181589011,defillama
stable_usd1,2025-06-05,2181589011,defillama
stable_usd1,2025-06-06,2181588991,defillama
stable_usd1,2025-06-07,2181589211,defillama
stable_usd1,2025-06-08,2181589086,defillama
stable_usd1,2025-06-09,2181589086,defillama
stable_usd1,2025-06-10,2181591086,defillama
stable_usd1,2025-06-11,2189091086,defillama
stable_usd1,2025-06-12,2189091086,defillama
stable_usd1,2025-06-13,2189091086,defillama
stable_usd1,2025-06-14,2189091086,defillama
stable_usd1,2025-06-15,2189091086,defillama
stable_usd1,2025-06-16,2189091086,defillama
stable_usd1,2025-06-17,2189091086,defillama
stable_usd1,2025-06-18,2194088586,defillama
stable_usd1,2025-06-19,2199087586,defillama
stable_usd1,2025-06-20,2199087586,defillama
stable_usd1,2025-06-21,2204087586,defillama
stable_usd1,2025-06-22,2209087586,defillama
stable_usd1,2025-06-23,2209087586,defillama
stable_usd1,2025-06-24,2209087586,defillama
stable_usd1,2025-06-25,2199087586,defillama
stable_usd1,2025-06-26,2199087586,defillama
stable_usd1,2025-06-27,2204586586,defillama
stable_usd1,2025-06-28,2204586586,defillama
stable_usd1,2025-06-29,2204586586,defillama
stable_usd1,2025-06-30,2204586586,defillama
stable_usd1,2025-07-01,2206586696,defillama
stable_usd1,2025-07-02,2206586696,defillama
stable_usd1,2025-07-03,2206586696,defillama
stable_usd1,2025-07-04,2206586696,defillama
stable_usd1,2025-07-05,2206586696,defillama
stable_usd1,2025-07-06,2203847519,defillama
stable_usd1,2025-07-07,2203847519,defillama
stable_usd1,2025-07-08,2203847519,defillama
stable_usd1,2025-07-09,2203847519,defillama
stable_usd1,2025-07-10,2208847019,defillama
stable_usd1,2025-07-11,2208847019,defillama
stable_usd1,2025-07-12,2208847119,defillama
stable_usd1,2025-07-13,2208847119,defillama
stable_usd1,2025-07-14,2208847119,defillama
stable_usd1,2025-07-15,2208847119,defillama
stable_usd1,2025-07-16,2206623118,defillama
stable_usd1,2025-07-17,2206623016,defillama
stable_usd1,2025-07-18,2206623016,defillama
stable_usd1,2025-07-19,2206623016,defillama
stable_usd1,2025-07-20,2206622944,defillama
stable_usd1,2025-07-21,2206622944,defillama
stable_usd1,2025-07-22,2206622944,defillama
stable_usd1,2025-07-23,2206622944,defillama
stable_usd1,2025-07-24,2206622939,defillama
stable_usd1,2025-07-25,2206622939,defillama
stable_usd1,2025-07-26,2206622939,defillama
stable_usd1,2025-07-27,2206622939,defillama
stable_usd1,2025-07-28,2206622939,defillama
stable_usd1,2025-07-29,2216622934,defillama
stable_usd1,2025-07-30,2194040450,defillama
stable_usd1,2025-07-31,2176688324,defillama
stable_usd1,2025-08-01,2170191022,defillama
stable_usd1,2025-08-02,2170191031,defillama
stable_usd1,2025-08-03,2170191031,defillama
stable_usd1,2025-08-04,2170191031,defillama
stable_usd1,2025-08-05,2170191231,defillama
stable_usd1,2025-08-06,2170191122,defillama
stable_usd1,2025-08-07,2198288428,defillama
stable_usd1,2025-08-08,2198288435,defillama
stable_usd1,2025-08-09,2204288423,defillama
stable_usd1,2025-08-10,2204288423,defillama
stable_usd1,2025-08-11,2204288423,defillama
stable_usd1,2025-08-12,2205288423,defillama
stable_usd1,2025-08-13,2205288441,defillama
stable_usd1,2025-08-14,2207288441,defillama
stable_usd1,2025-08-15,2209288430,defillama
stable_usd1,2025-08-16,2209287372,defillama
stable_usd1,2025-08-17,2213285923,defillama
stable_usd1,2025-08-18,2212285912,defillama
stable_usd1,2025-08-19,2213285911,defillama
stable_usd1,2025-08-20,2213285906,defillama
stable_usd1,2025-08-21,2423285607,defillama
stable_usd1,2025-08-22,2426295707,defillama
stable_usd1,2025-08-23,2426295627,defillama
stable_usd1,2025-08-24,2426295607,defillama
stable_usd1,2025-08-25,2426295523,defillama
stable_usd1,2025-08-26,2426631063,defillama
stable_usd1,2025-08-27,2426967762,defillama
stable_usd1,2025-08-28,2439273142,defillama
stable_usd1,2025-08-29,2479873629,defillama
stable_usd1,2025-08-30,2402345379,defillama
stable_usd1,2025-08-31,2403850366,defillama
stable_usd1,2025-09-01,2462046856,defillama
stable_usd1,2025-09-02,2521042940,defillama
stable_usd1,2025-09-03,2491039613,defillama
stable_usd1,2025-09-04,2672626340,defillama
stable_usd1,2025-09-05,2670235503,defillama
stable_usd1,2025-09-06,2661235500,defillama
stable_usd1,2025-09-07,2661235500,defillama
stable_usd1,2025-09-08,2661235498,defillama
stable_usd1,2025-09-09,2645440392,defillama
stable_usd1,2025-09-10,2665038250,defillama
stable_usd1,2025-09-11,2661936641,defillama
stable_usd1,2025-09-12,2662938657,defillama
stable_usd1,2025-09-13,2662933626,defillama
stable_usd1,2025-09-14,2662933287,defillama
stable_usd1,2025-09-15,2662937331,defillama
stable_usd1,2025-09-16,2662937433,defillama
stable_usd1,2025-09-17,2664935673,defillama
stable_usd1,2025-09-18,2659928093,defillama
stable_usd1,2025-09-19,2655427596,defillama
stable_usd1,2025-09-20,2657948837,defillama
stable_usd1,2025-09-21,2657153635,defillama
stable_usd1,2025-09-22,2657167069,defillama
stable_usd1,2025-09-23,2687581863,defillama
stable_usd1,2025-09-24,2702081176,defillama
stable_usd1,2025-09-25,2701980547,defillama
stable_usd1,2025-09-26,2698176209,defillama
stable_usd1,2025-09-27,2692396050,defillama
stable_usd1,2025-09-28,2692396036,defillama
stable_usd1,2025-09-29,2692396036,defillama
stable_usd1,2025-09-30,2687396025,defillama
stable_usd1,2025-10-01,2687396004,defillama
stable_usd1,2025-10-02,2683396003,defillama
stable_usd1,2025-10-03,2683395996,defillama
stable_usd1,2025-10-04,2683395993,defillama
stable_usd1,2025-10-05,2683395980,defillama
stable_usd1,2025-10-06,2683395969,defillama
stable_usd1,2025-10-07,2677590312,defillama
stable_usd1,2025-10-08,2649851472,defillama
stable_usd1,2025-10-09,2643293681,defillama
stable_usd1,2025-10-10,2668137379,defillama
stable_usd1,2025-10-11,2651662364,defillama
stable_usd1,2025-10-12,2751562359,defillama
stable_usd1,2025-10-13,2751562356,defillama
stable_usd1,2025-10-14,2726562256,defillama
stable_usd1,2025-10-15,2730066296,defillama
stable_usd1,2025-10-16,2730066292,defillama
stable_usd1,2025-10-17,2730066284,defillama
stable_usd1,2025-10-18,2730066221,defillama
stable_usd1,2025-10-19,2730066212,defillama
stable_usd1,2025-10-20,2730066208,defillama
stable_usd1,2025-10-21,2730066203,defillama
stable_usd1,2025-10-22,2710066192,defillama
stable_usd1,2025-10-23,2673551069,defillama
stable_usd1,2025-10-24,2673551060,defillama
stable_usd1,2025-10-25,2976715114,defillama
stable_usd1,2025-10-26,2976715103,defillama
stable_usd1,2025-10-27,2976715087,defillama
stable_usd1,2025-10-28,2982715074,defillama
stable_usd1,2025-10-29,2984715171,defillama
stable_usd1,2025-10-30,2972159958,defillama
stable_usd1,2025-10-31,2981585750,defillama
stable_usd1,2025-11-01,2984884630,defillama
stable_usd1,2025-11-02,2984884628,defillama
stable_usd1,2025-11-03,2984884624,defillama
stable_usd1,2025-11-04,2992285226,defillama
stable_usd1,2025-11-05,2972828492,defillama
stable_usd1,2025-11-06,2965826290,defillama
stable_usd1,2025-11-07,2945206796,defillama
stable_usd1,2025-11-08,2878192895,defillama
stable_usd1,2025-11-09,2871192890,defillama
stable_usd1,2025-11-10,2871192860,defillama
stable_usd1,2025-11-11,2851717609,defillama
stable_usd1,2025-11-12,2872717899,defillama
stable_usd1,2025-11-13,2870079528,defillama
stable_usd1,2025-11-14,2873423878,defillama
stable_usd1,2025-11-15,2849973238,defillama
stable_usd1,2025-11-16,2829687157,defillama
stable_usd1,2025-11-17,2829687154,defillama
stable_usd1,2025-11-18,2824687149,defillama
stable_usd1,2025-11-19,2789020652,defillama
stable_usd1,2025-11-20,2788668676,defillama
stable_usd1,2025-11-21,2753509139,defillama
stable_usd1,2025-11-22,2732044685,defillama
stable_usd1,2025-11-23,2732044679,defillama
stable_usd1,2025-11-24,2725044658,defillama
stable_usd1,2025-11-25,2713321414,defillama
stable_usd1,2025-11-26,2730099808,defillama
stable_usd1,2025-11-27,2746036504,defillama
stable_usd1,2025-11-28,2756912241,defillama
stable_usd1,2025-11-29,2758949352,defillama
stable_usd1,2025-11-30,2758949351,defillama
stable_usd1,2025-12-01,2759009187,defillama
stable_usd1,2025-12-02,2752788800,defillama
stable_usd1,2025-12-03,2756013285,defillama
stable_usd1,2025-12-04,2756763385,defillama
stable_usd1,2025-12-05,2764911243,defillama
stable_usd1,2025-12-06,2767910743,defillama
stable_usd1,2025-12-07,2767910739,defillama
stable_usd1,2025-12-08,2767905847,defillama
stable_usd1,2025-12-09,2768217925,defillama
stable_usd1,2025-12-10,2771216678,defillama
stable_usd1,2025-12-11,2781674894,defillama
stable_usd1,2025-12-12,2781895573,defillama
stable_usd1,2025-12-13,2785403063,defillama
stable_usd1,2025-12-14,2785402841,defillama
stable_usd1,2025-12-15,2785402845,defillama
stable_usd1,2025-12-16,2787692728,defillama
stable_usd1,2025-12-17,2787723493,defillama
stable_usd1,2025-12-18,2789106586,defillama
stable_usd1,2025-12-19,2788038457,defillama
stable_usd1,2025-12-20,2791264953,defillama
stable_usd1,2025-12-21,2785870555,defillama
stable_usd1,2025-12-22,2785517176,defillama
stable_usd1,2025-12-23,2784889312,defillama
stable_usd1,2025-12-24,2796358364,defillama
stable_usd1,2025-12-25,3007473230,defillama
stable_usd1,2025-12-26,3148761131,defillama
stable_usd1,2025-12-27,3216231301,defillama
stable_usd1,2025-12-28,3247975344,defillama
stable_usd1,2025-12-29,3294068597,defillama
stable_usd1,2025-12-30,3345671076,defillama
stable_usd1,2025-12-31,3359212969,defillama
stable_usd1,2026-01-01,3361384470,defillama
stable_usd1,2026-01-02,3361881929,defillama
stable_usd1,2026-01-03,3367435745,defillama
stable_usd1,2026-01-04,3381441109,defillama
stable_usd1,2026-01-05,3387840901,defillama
stable_usd1,2026-01-06,3412229559,defillama
stable_usd1,2026-01-07,3438464528,defillama
stable_usd1,2026-01-08,3465527008,defillama
stable_usd1,2026-01-09,3478294771,defillama
stable_usd1,2026-01-10,3484260783,defillama
stable_usd1,2026-01-11,3484610845,defillama
stable_usd1,2026-01-12,3484540771,defillama
stable_usd1,2026-01-13,3494403805,defillama
stable_usd1,2026-01-14,3507918261,defillama
stable_usd1,2026-01-15,3517643397,defillama
stable_usd1,2026-01-16,3514475895,defillama
stable_usd1,2026-01-17,3511067194,defillama
stable_usd1,2026-01-18,3494421262,defillama
stable_usd1,2026-01-19,3493952797,defillama
stable_usd1,2026-01-20,3451970071,defillama
stable_usd1,2026-01-21,3389149782,defillama
stable_usd1,2026-01-22,3266774090,defillama
stable_usd1,2026-01-23,3170553486,defillama
stable_usd1,2026-01-24,4292271378,defillama
stable_usd1,2026-01-25,4724636372,defillama
stable_usd1,2026-01-26,4936085834,defillama
stable_usd1,2026-01-27,4964515478,defillama
stable_usd1,2026-01-28,4975606711,defillama
stable_usd1,2026-01-29,5060513919,defillama
stable_usd1,2026-01-30,5074414101,defillama
stable_usd1,2026-01-31,5069092847,defillama
stable_usd1,2026-02-01,5075504879,defillama
stable_usd1,2026-02-02,5016212324,defillama
stable_usd1,2026-02-03,5027298895,defillama
stable_usd1,2026-02-04,5135335512,defillama
stable_usd1,2026-02-05,5158593179,defillama
stable_usd1,2026-02-06,5189742130,defillama
stable_usd1,2026-02-07,5216026237,defillama
stable_usd1,2026-02-08,5312417855,defillama
stable_usd1,2026-02-09,5337444089,defillama
stable_usd1,2026-02-10,5381848837,defillama
stable_usd1,2026-02-11,5388851574,defillama
stable_usd1,2026-02-12,5385848372,defillama
stable_usd1,2026-02-13,5344045563,defillama
stable_usd1,2026-02-14,5302565694,defillama
stable_usd1,2026-02-15,5296585710,defillama
stable_usd1,2026-02-16,5296585709,defillama
stable_usd1,2026-02-17,5239573009,defillama
stable_usd1,2026-02-18,5149235508,defillama
stable_usd1,2026-02-19,5143714165,defillama
stable_usd1,2026-02-20,5113906777,defillama
stable_usd1,2026-02-21,5047488222,defillama
stable_usd1,2026-02-22,5038488220,defillama
stable_usd1,2026-02-23,5038488216,defillama
stable_usd1,2026-02-24,4760527102,defillama
stable_usd1,2026-02-25,4687951659,defillama
stable_usd1,2026-02-26,4712442157,defillama
stable_usd1,2026-02-27,4712462166,defillama
stable_usd1,2026-02-28,4718936400,defillama
stable_usd1,2026-03-01,4714926555,defillama
stable_usd1,2026-03-02,4689946564,defillama
stable_usd1,2026-03-03,4659946636,defillama
stable_usd1,2026-03-04,4641946633,defillama
stable_usd1,2026-03-05,4627658633,defillama
stable_usd1,2026-03-06,4613584013,defillama
stable_usd1,2026-03-07,4608584013,defillama
stable_usd1,2026-03-08,4606083913,defillama
stable_usd1,2026-03-09,4606068902,defillama
stable_usd1,2026-03-10,4607660071,defillama
stable_usd1,2026-03-11,4612610718,defillama
stable_usd1,2026-03-12,4616608668,defillama
stable_usd1,2026-03-13,4619607764,defillama
stable_usd1,2026-03-14,4601608252,defillama
stable_usd1,2026-03-15,4596608252,defillama
stable_usd1,2026-03-16,4585113342,defillama
stable_usd1,2026-03-17,4551604740,defillama
stable_usd1,2026-03-18,4521583268,defillama
stable_usd1,2026-03-19,4509577680,defillama
stable_usd1,2026-03-20,4460937256,defillama
stable_usd1,2026-03-21,4428873674,defillama
stable_usd1,2026-03-22,4428873674,defillama
stable_usd1,2026-03-23,4423865019,defillama
stable_usd1,2026-03-24,4440862644,defillama
stable_usd1,2026-03-25,4425861878,defillama
stable_usd1,2026-03-26,4426302879,defillama
stable_usd1,2026-03-27,4415841808,defillama
stable_usd1,2026-03-28,4405545077,defillama
stable_usd1,2026-03-29,4400545076,defillama
stable_usd1,2026-03-30,4402545632,defillama
stable_usd1,2026-03-31,4396038684,defillama
stable_usd1,2026-04-01,4397108886,defillama
stable_usd1,2026-04-02,4405715500,defillama
stable_usd1,2026-04-03,4413389793,defillama
stable_usd1,2026-04-04,4416880732,defillama
stable_usd1,2026-04-05,4415838686,defillama
stable_usd1,2026-04-06,4415908781,defillama
stable_usd1,2026-04-07,4417152674,defillama
stable_usd1,2026-04-08,4409274109,defillama
stable_usd1,2026-04-09,4310435387,defillama
stable_usd1,2026-04-10,4247425961,defillama
stable_usd1,2026-04-11,4187427959,defillama
stable_usd1,2026-04-12,4182974161,defillama
stable_usd1,2026-04-13,4166513380,defillama
stable_usd1,2026-04-14,4100366048,defillama
stable_usd1,2026-04-15,4093576599,defillama
stable_usd1,2026-04-16,4093319602,defillama
stable_usd1,2026-04-17,4133222359,defillama
stable_usd1,2026-04-18,4196496986,defillama
stable_usd1,2026-04-19,4202553884,defillama
stable_usd1,2026-04-20,4224364420,defillama
stable_usd1,2026-04-21,4244370328,defillama
stable_usd1,2026-04-22,4252476310,defillama
stable_usd1,2026-04-23,4275471409,defillama
stable_usd1,2026-04-24,4312560062,defillama
stable_usd1,2026-04-25,4372943291,defillama
stable_usd1,2026-04-26,4390936490,defillama
stable_usd1,2026-04-27,4400730693,defillama
stable_usd1,2026-04-28,4431224092,defillama
stable_usd1,2026-04-29,4465914181,defillama
stable_usd1,2026-04-30,4476461407,defillama
stable_usd1,2026-05-01,4502272947,defillama
stable_usd1,2026-05-02,4528260789,defillama
stable_usd1,2026-05-03,4531285054,defillama
stable_usd1,2026-05-04,4527259801,defillama
stable_usd1,2026-05-05,4538705585,defillama
stable_usd1,2026-05-06,4555701835,defillama
stable_usd1,2026-05-07,4566144071,defillama
stable_usd1,2026-05-08,4484338524,defillama
stable_usd1,2026-05-09,4434506068,defillama
stable_usd1,2026-05-10,4434439232,defillama
stable_usd1,2026-05-11,4434575281,defillama
stable_usd1,2026-05-12,4439071019,defillama
stable_usd1,2026-05-13,4438970532,defillama
stable_usd1,2026-05-14,4453361172,defillama
stable_usd1,2026-05-15,4494858360,defillama
stable_usd1,2026-05-16,4520936605,defillama
stable_usd1,2026-05-17,4527083594,defillama
stable_usd1,2026-05-18,4532072077,defillama
stable_usd1,2026-05-19,4617056849,defillama
stable_usd1,2026-05-20,4661946738,defillama
stable_usd1,2026-05-21,4688144131,defillama
stable_usd1,2026-05-22,4759941842,defillama
stable_usd1,2026-05-23,4805021057,defillama
stable_usd1,2026-05-24,4804055057,defillama
stable_usd1,2026-05-25,4804057850,defillama
stable_usd1,2026-05-26,4804061152,defillama
stable_usd1,2026-05-27,4781980141,defillama
stable_usd1,2026-05-28,4780576059,defillama
stable_usd1,2026-05-29,4768485683,defillama
stable_usd1,2026-05-30,4754610254,defillama
stable_usd1,2026-05-31,4752131151,defillama
stable_usd1,2026-06-01,4745174551,defillama
stable_usd1,2026-06-02,4733822364,defillama
stable_usd1,2026-06-03,4709908829,defillama
stable_usd1,2026-06-04,4668063454,defillama
stable_usd1,2026-06-05,4652840766,defillama
stable_usd1,2026-06-06,4644023376,defillama
stable_usd1,2026-06-07,4644001676,defillama
stable_usd1,2026-06-08,4643996905,defillama
stable_usd1,2026-06-09,4643497005,defillama
stable_usd1,2026-06-10,4551594380,defillama
stable_usd1,2026-06-11,4446345290,defillama
stable_usd1,2026-06-12,4355405382,defillama
stable_usd1,2026-06-13,4338813848,defillama
stable_usd1,2026-06-14,4379855787,defillama
stable_usd1,2026-06-15,4425177933,defillama
stable_usd1,2026-06-16,4515831676,defillama
stable_usd1,2026-06-17,4571885539,defillama
stable_usd1,2026-06-18,4644629200,defillama
stable_usd1,2026-06-19,4732024023,defillama
stable_usd1,2026-06-20,4775457940,defillama
stable_usd1,2026-06-21,4808492364,defillama
stable_usd1,2026-06-22,4834979114,defillama
stable_usd1,2026-06-23,4854570314,defillama
stable_usd1,2026-06-24,4804570314,defillama
stable_usd1,2026-06-25,4732817073,defillama
stable_usd1,2026-06-26,4714809083,defillama
stable_usd1,2026-06-27,4694758617,defillama
stable_usd1,2026-06-28,4694759018,defillama
stable_usd1,2026-06-29,4694759017,defillama
stable_usd1,2026-06-30,4674759010,defillama
stable_usd1,2026-07-01,4655259010,defillama
stable_usd1,2026-07-02,4654829989,defillama
stable_usd1,2026-07-03,4634079778,defillama
stable_usd1,2026-07-04,4614345659,defillama
stable_usd1,2026-07-05,4614345658,defillama
stable_usd1,2026-07-06,4614350658,defillama
stable_usd1,2026-07-07,4556057165,defillama
stable_usd1,2026-07-08,4532969458,defillama
stable_usd1,2026-07-09,4477692595,defillama
stable_usd1,2026-07-10,4477866561,defillama
stable_usd1,2026-07-11,4477866561,defillama
stable_usd1,2026-07-12,4477866561,defillama
stable_usd1,2026-07-13,4477866561,defillama
stable_usd1,2026-07-14,4438374582,defillama
stable_usd1,2026-07-15,4381300683,defillama
stable_usd1,2026-07-16,4353418406,defillama
stable_usd1,2026-07-17,4293263732,defillama
stable_usd1,2026-07-18,4272980168,defillama
stable_usd1,2026-07-19,4273182561,defillama
stable_usd1,2026-07-20,4273282942,defillama
stable_usd1,2026-07-21,4240133089,defillama
stable_usd1,2026-07-22,4210133891,defillama
stable_usd1,2026-07-23,4202925116,defillama
stable_usd1,2026-07-24,4187415113,defillama
stable_usd1,2026-07-25,4172490440,defillama
stable_usd1,2026-07-26,4152286587,defillama
stable_usd1,2026-07-27,4144198335,defillama
stable_usd1,2026-07-28,4125196441,defillama
stable_usd1,2026-07-29,4090101526,defillama
stable_usd1,2026-07-30,4049044053,defillama
stable_usd1,2026-07-31,4019025605,defillama
stable_usd1,2026-08-01,4015159821,defillama
stable_usd1,2026-08-02,4015159821,defillama
stable_usd1,2026-08-03,4015151821,defillama
stable_usd1,2026-08-04,4006922895,defillama
stable_usd1,2026-08-05,4006929030,defillama
stable_usd1,2026-08-06,4006930896,defillama
stable_usd1,2026-08-07,4006930901,defillama
stable_usd1,2026-08-08,4024429299,defillama
stable_usd1,2026-08-09,4027429309,defillama
stable_usd1,2026-08-10,4027429309,defillama
stable_usd1,2026-08-11,4031071793,defillama
stable_usd1,2026-08-12,4039867708,defillama
stable_usd1,2026-08-13,4039867581,defillama
stable_usd1,2026-08-14,4039867253,defillama
stable_usd1,2026-08-15,4029313183,defillama
stable_usd1,2026-08-16,4026669504,defillama
stable_usd1,2026-08-17,4026669503,defillama
stable_usd1,2026-08-18,4020671336,defillama
stable_usd1,2026-08-19,4012884097,defillama
stable_usd1,2026-08-20,4020562941,defillama
stable_usd1,2026-08-21,4002871771,defillama
stable_usd1,2026-08-22,4009871771.200887,defillama
stable_usdc,2019-01-01,250087487,defillama
stable_usdc,2019-01-02,257922895,defillama
stable_usdc,2019-01-03,284161582,defillama
stable_usdc,2019-01-04,286864670,defillama
stable_usdc,2019-01-05,291244899,defillama
stable_usdc,2019-01-06,291214025,defillama
stable_usdc,2019-01-07,302341373,defillama
stable_usdc,2019-01-08,314873964,defillama
stable_usdc,2019-01-09,324564646,defillama
stable_usdc,2019-01-10,342268109,defillama
stable_usdc,2019-01-11,344833698,defillama
stable_usdc,2019-01-12,351581975,defillama
stable_usdc,2019-01-13,361028960,defillama
stable_usdc,2019-01-14,368307846,defillama
stable_usdc,2019-01-15,360989470,defillama
stable_usdc,2019-01-16,356447480,defillama
stable_usdc,2019-01-17,317569445,defillama
stable_usdc,2019-01-18,313461185,defillama
stable_usdc,2019-01-19,322154670,defillama
stable_usdc,2019-01-20,322151552,defillama
stable_usdc,2019-01-21,322108798,defillama
stable_usdc,2019-01-22,324721060,defillama
stable_usdc,2019-01-23,329708866,defillama
stable_usdc,2019-01-24,312692332,defillama
stable_usdc,2019-01-25,320099673,defillama
stable_usdc,2019-01-26,322907950,defillama
stable_usdc,2019-01-27,322713060,defillama
stable_usdc,2019-01-28,328998264,defillama
stable_usdc,2019-01-29,314405272,defillama
stable_usdc,2019-01-30,314110429,defillama
stable_usdc,2019-01-31,314029964,defillama
stable_usdc,2019-02-01,294118009,defillama
stable_usdc,2019-02-02,298350242,defillama
stable_usdc,2019-02-03,298298640,defillama
stable_usdc,2019-02-04,298283047,defillama
stable_usdc,2019-02-05,288510038,defillama
stable_usdc,2019-02-06,288524015,defillama
stable_usdc,2019-02-07,288135387,defillama
stable_usdc,2019-02-08,273075215,defillama
stable_usdc,2019-02-09,258118248,defillama
stable_usdc,2019-02-10,258545052,defillama
stable_usdc,2019-02-11,258289271,defillama
stable_usdc,2019-02-12,258008758,defillama
stable_usdc,2019-02-13,258268827,defillama
stable_usdc,2019-02-14,244021075,defillama
stable_usdc,2019-02-15,243796118,defillama
stable_usdc,2019-02-16,244421667,defillama
stable_usdc,2019-02-17,244320394,defillama
stable_usdc,2019-02-18,244305946,defillama
stable_usdc,2019-02-19,244427040,defillama
stable_usdc,2019-02-20,244411448,defillama
stable_usdc,2019-02-21,245443530,defillama
stable_usdc,2019-02-22,230363178,defillama
stable_usdc,2019-02-23,230024936,defillama
stable_usdc,2019-02-24,230318776,defillama
stable_usdc,2019-02-25,230346974,defillama
stable_usdc,2019-02-26,231194083,defillama
stable_usdc,2019-02-27,233428587,defillama
stable_usdc,2019-02-28,235574019,defillama
stable_usdc,2019-03-01,236390799,defillama
stable_usdc,2019-03-02,239091194,defillama
stable_usdc,2019-03-03,239604445,defillama
stable_usdc,2019-03-04,239596677,defillama
stable_usdc,2019-03-05,240476075,defillama
stable_usdc,2019-03-06,241169664,defillama
stable_usdc,2019-03-07,241788157,defillama
stable_usdc,2019-03-08,231228366,defillama
stable_usdc,2019-03-09,237272514,defillama
stable_usdc,2019-03-10,237319720,defillama
stable_usdc,2019-03-11,237305100,defillama
stable_usdc,2019-03-12,240423514,defillama
stable_usdc,2019-03-13,240437968,defillama
stable_usdc,2019-03-14,240422497,defillama
stable_usdc,2019-03-15,240513625,defillama
stable_usdc,2019-03-16,239345064,defillama
stable_usdc,2019-03-17,239344534,defillama
stable_usdc,2019-03-18,239327277,defillama
stable_usdc,2019-03-19,239721137,defillama
stable_usdc,2019-03-20,239918625,defillama
stable_usdc,2019-03-21,240475814,defillama
stable_usdc,2019-03-22,243585990,defillama
stable_usdc,2019-03-23,244405810,defillama
stable_usdc,2019-03-24,244872923,defillama
stable_usdc,2019-03-25,245251046,defillama
stable_usdc,2019-03-26,246145168,defillama
stable_usdc,2019-03-27,245379677,defillama
stable_usdc,2019-03-28,245682152,defillama
stable_usdc,2019-03-29,246138899,defillama
stable_usdc,2019-03-30,246303027,defillama
stable_usdc,2019-03-31,245988549,defillama
stable_usdc,2019-04-01,245902628,defillama
stable_usdc,2019-04-02,252624787,defillama
stable_usdc,2019-04-03,256659242,defillama
stable_usdc,2019-04-04,256254858,defillama
stable_usdc,2019-04-05,257098013,defillama
stable_usdc,2019-04-06,260432906,defillama
stable_usdc,2019-04-07,260445582,defillama
stable_usdc,2019-04-08,260638631,defillama
stable_usdc,2019-04-09,260973619,defillama
stable_usdc,2019-04-10,266158130,defillama
stable_usdc,2019-04-11,262734805,defillama
stable_usdc,2019-04-12,259043710,defillama
stable_usdc,2019-04-13,259247873,defillama
stable_usdc,2019-04-14,259435352,defillama
stable_usdc,2019-04-15,259446297,defillama
stable_usdc,2019-04-16,259384911,defillama
stable_usdc,2019-04-17,259299482,defillama
stable_usdc,2019-04-18,255904007,defillama
stable_usdc,2019-04-19,252011054,defillama
stable_usdc,2019-04-20,251997680,defillama
stable_usdc,2019-04-21,251980940,defillama
stable_usdc,2019-04-22,251351720,defillama
stable_usdc,2019-04-23,251735513,defillama
stable_usdc,2019-04-24,251760339,defillama
stable_usdc,2019-04-25,252145266,defillama
stable_usdc,2019-04-26,256155523,defillama
stable_usdc,2019-04-27,261850518,defillama
stable_usdc,2019-04-28,291843495,defillama
stable_usdc,2019-04-29,291622029,defillama
stable_usdc,2019-04-30,291583036,defillama
stable_usdc,2019-05-01,291684313,defillama
stable_usdc,2019-05-02,293581232,defillama
stable_usdc,2019-05-03,292898324,defillama
stable_usdc,2019-05-04,295462175,defillama
stable_usdc,2019-05-05,298679129,defillama
stable_usdc,2019-05-06,299452303,defillama
stable_usdc,2019-05-07,301725126,defillama
stable_usdc,2019-05-08,306390030,defillama
stable_usdc,2019-05-09,313304893,defillama
stable_usdc,2019-05-10,324222002,defillama
stable_usdc,2019-05-11,326417357,defillama
stable_usdc,2019-05-12,327108851,defillama
stable_usdc,2019-05-13,327104229,defillama
stable_usdc,2019-05-14,337193310,defillama
stable_usdc,2019-05-15,347497236,defillama
stable_usdc,2019-05-16,351623870,defillama
stable_usdc,2019-05-17,356246056,defillama
stable_usdc,2019-05-18,358499847,defillama
stable_usdc,2019-05-19,358387825,defillama
stable_usdc,2019-05-20,357670904,defillama
stable_usdc,2019-05-21,357843174,defillama
stable_usdc,2019-05-22,358435329,defillama
stable_usdc,2019-05-23,359622478,defillama
stable_usdc,2019-05-24,359550367,defillama
stable_usdc,2019-05-25,359751443,defillama
stable_usdc,2019-05-26,361589566,defillama
stable_usdc,2019-05-27,362106781,defillama
stable_usdc,2019-05-28,361517167,defillama
stable_usdc,2019-05-29,360258047,defillama
stable_usdc,2019-05-30,358843359,defillama
stable_usdc,2019-05-31,329728608,defillama
stable_usdc,2019-06-01,332877233,defillama
stable_usdc,2019-06-02,333752965,defillama
stable_usdc,2019-06-03,333715421,defillama
stable_usdc,2019-06-04,334367197,defillama
stable_usdc,2019-06-05,335078176,defillama
stable_usdc,2019-06-06,336232230,defillama
stable_usdc,2019-06-07,337533436,defillama
stable_usdc,2019-06-08,337495870,defillama
stable_usdc,2019-06-09,337493404,defillama
stable_usdc,2019-06-10,337510132,defillama
stable_usdc,2019-06-11,340120879,defillama
stable_usdc,2019-06-12,340012661,defillama
stable_usdc,2019-06-13,341186658,defillama
stable_usdc,2019-06-14,343470940,defillama
stable_usdc,2019-06-15,343664635,defillama
stable_usdc,2019-06-16,344152824,defillama
stable_usdc,2019-06-17,343676003,defillama
stable_usdc,2019-06-18,342163562,defillama
stable_usdc,2019-06-19,341838639,defillama
stable_usdc,2019-06-20,346208476,defillama
stable_usdc,2019-06-21,346879377,defillama
stable_usdc,2019-06-22,343306401,defillama
stable_usdc,2019-06-23,342598962,defillama
stable_usdc,2019-06-24,344079010,defillama
stable_usdc,2019-06-25,346116868,defillama
stable_usdc,2019-06-26,344985307,defillama
stable_usdc,2019-06-27,353933898,defillama
stable_usdc,2019-06-28,360296756,defillama
stable_usdc,2019-06-29,363288305,defillama
stable_usdc,2019-06-30,365988769,defillama
stable_usdc,2019-07-01,365817341,defillama
stable_usdc,2019-07-02,367304917,defillama
stable_usdc,2019-07-03,369480937,defillama
stable_usdc,2019-07-04,366531958,defillama
stable_usdc,2019-07-05,366573270,defillama
stable_usdc,2019-07-06,367096485,defillama
stable_usdc,2019-07-07,369287726,defillama
stable_usdc,2019-07-08,369269681,defillama
stable_usdc,2019-07-09,375624614,defillama
stable_usdc,2019-07-10,375118553,defillama
stable_usdc,2019-07-11,377355794,defillama
stable_usdc,2019-07-12,377319322,defillama
stable_usdc,2019-07-13,381241205,defillama
stable_usdc,2019-07-14,381732327,defillama
stable_usdc,2019-07-15,381897453,defillama
stable_usdc,2019-07-16,382693186,defillama
stable_usdc,2019-07-17,402729440,defillama
stable_usdc,2019-07-18,423473726,defillama
stable_usdc,2019-07-19,422363494,defillama
stable_usdc,2019-07-20,404521211,defillama
stable_usdc,2019-07-21,404655585,defillama
stable_usdc,2019-07-22,404216328,defillama
stable_usdc,2019-07-23,404970069,defillama
stable_usdc,2019-07-24,403366211,defillama
stable_usdc,2019-07-25,421092447,defillama
stable_usdc,2019-07-26,420165331,defillama
stable_usdc,2019-07-27,423072340,defillama
stable_usdc,2019-07-28,423020198,defillama
stable_usdc,2019-07-29,423005442,defillama
stable_usdc,2019-07-30,436283752,defillama
stable_usdc,2019-07-31,436404605,defillama
stable_usdc,2019-08-01,435311473,defillama
stable_usdc,2019-08-02,428326985,defillama
stable_usdc,2019-08-03,421822767,defillama
stable_usdc,2019-08-04,422934750,defillama
stable_usdc,2019-08-05,421973022,defillama
stable_usdc,2019-08-06,429731224,defillama
stable_usdc,2019-08-07,432496414,defillama
stable_usdc,2019-08-08,431972381,defillama
stable_usdc,2019-08-09,431845773,defillama
stable_usdc,2019-08-10,421157155,defillama
stable_usdc,2019-08-11,423186166,defillama
stable_usdc,2019-08-12,422866515,defillama
stable_usdc,2019-08-13,422260002,defillama
stable_usdc,2019-08-14,421214437,defillama
stable_usdc,2019-08-15,418415908,defillama
stable_usdc,2019-08-16,418460075,defillama
stable_usdc,2019-08-17,420045322,defillama
stable_usdc,2019-08-18,419038831,defillama
stable_usdc,2019-08-19,419868419,defillama
stable_usdc,2019-08-20,417515666,defillama
stable_usdc,2019-08-21,416023534,defillama
stable_usdc,2019-08-22,438219467,defillama
stable_usdc,2019-08-23,438713125,defillama
stable_usdc,2019-08-24,437941226,defillama
stable_usdc,2019-08-25,436859997,defillama
stable_usdc,2019-08-26,436195300,defillama
stable_usdc,2019-08-27,428519797,defillama
stable_usdc,2019-08-28,424369801,defillama
stable_usdc,2019-08-29,424683984,defillama
stable_usdc,2019-08-30,448452593,defillama
stable_usdc,2019-08-31,452419487,defillama
stable_usdc,2019-09-01,452428072,defillama
stable_usdc,2019-09-02,452413946,defillama
stable_usdc,2019-09-03,443452758,defillama
stable_usdc,2019-09-04,442171906,defillama
stable_usdc,2019-09-05,428450819,defillama
stable_usdc,2019-09-06,451791010,defillama
stable_usdc,2019-09-07,445232029,defillama
stable_usdc,2019-09-08,445509316,defillama
stable_usdc,2019-09-09,442376632,defillama
stable_usdc,2019-09-10,438697811,defillama
stable_usdc,2019-09-11,437711128,defillama
stable_usdc,2019-09-12,434972426,defillama
stable_usdc,2019-09-13,433836611,defillama
stable_usdc,2019-09-14,426869924,defillama
stable_usdc,2019-09-15,426401678,defillama
stable_usdc,2019-09-16,425847567,defillama
stable_usdc,2019-09-17,421413662,defillama
stable_usdc,2019-09-18,412914020,defillama
stable_usdc,2019-09-19,402992023,defillama
stable_usdc,2019-09-20,399942463,defillama
stable_usdc,2019-09-21,393136351,defillama
stable_usdc,2019-09-22,392550202,defillama
stable_usdc,2019-09-23,392163805,defillama
stable_usdc,2019-09-24,388697809,defillama
stable_usdc,2019-09-25,387621672,defillama
stable_usdc,2019-09-26,415683471,defillama
stable_usdc,2019-09-27,417581960,defillama
stable_usdc,2019-09-28,424356030,defillama
stable_usdc,2019-09-29,428465344,defillama
stable_usdc,2019-09-30,427689979,defillama
stable_usdc,2019-10-01,426783476,defillama
stable_usdc,2019-10-02,425078740,defillama
stable_usdc,2019-10-03,455726852,defillama
stable_usdc,2019-10-04,473561867,defillama
stable_usdc,2019-10-05,474228189,defillama
stable_usdc,2019-10-06,474032948,defillama
stable_usdc,2019-10-07,473614439,defillama
stable_usdc,2019-10-08,469359931,defillama
stable_usdc,2019-10-09,465782852,defillama
stable_usdc,2019-10-10,461220659,defillama
stable_usdc,2019-10-11,451796885,defillama
stable_usdc,2019-10-12,467081703,defillama
stable_usdc,2019-10-13,467067508,defillama
stable_usdc,2019-10-14,467061348,defillama
stable_usdc,2019-10-15,466935012,defillama
stable_usdc,2019-10-16,469068028,defillama
stable_usdc,2019-10-17,473380866,defillama
stable_usdc,2019-10-18,473099659,defillama
stable_usdc,2019-10-19,473920654,defillama
stable_usdc,2019-10-20,474269373,defillama
stable_usdc,2019-10-21,474220641,defillama
stable_usdc,2019-10-22,476325471,defillama
stable_usdc,2019-10-23,460925875,defillama
stable_usdc,2019-10-24,462962812,defillama
stable_usdc,2019-10-25,477414570,defillama
stable_usdc,2019-10-26,481488568,defillama
stable_usdc,2019-10-27,480945151,defillama
stable_usdc,2019-10-28,475180657,defillama
stable_usdc,2019-10-29,473190303,defillama
stable_usdc,2019-10-30,470717130,defillama
stable_usdc,2019-10-31,466272090,defillama
stable_usdc,2019-11-01,462015843,defillama
stable_usdc,2019-11-02,454513565,defillama
stable_usdc,2019-11-03,468605752,defillama
stable_usdc,2019-11-04,467034517,defillama
stable_usdc,2019-11-05,446446123,defillama
stable_usdc,2019-11-06,468005308,defillama
stable_usdc,2019-11-07,458302373,defillama
stable_usdc,2019-11-08,455935456,defillama
stable_usdc,2019-11-09,452704893,defillama
stable_usdc,2019-11-10,452172599,defillama
stable_usdc,2019-11-11,451662057,defillama
stable_usdc,2019-11-12,450395901,defillama
stable_usdc,2019-11-13,449566268,defillama
stable_usdc,2019-11-14,447205866,defillama
stable_usdc,2019-11-15,439137903,defillama
stable_usdc,2019-11-16,438712842,defillama
stable_usdc,2019-11-17,441438236,defillama
stable_usdc,2019-11-18,441387718,defillama
stable_usdc,2019-11-19,441757795,defillama
stable_usdc,2019-11-20,439684403,defillama
stable_usdc,2019-11-21,430637524,defillama
stable_usdc,2019-11-22,441812625,defillama
stable_usdc,2019-11-23,441423130,defillama
stable_usdc,2019-11-24,443513861,defillama
stable_usdc,2019-11-25,443480963,defillama
stable_usdc,2019-11-26,457785767,defillama
stable_usdc,2019-11-27,458893971,defillama
stable_usdc,2019-11-28,464478710,defillama
stable_usdc,2019-11-29,455201600,defillama
stable_usdc,2019-11-30,452854020,defillama
stable_usdc,2019-12-01,455125432,defillama
stable_usdc,2019-12-02,456348133,defillama
stable_usdc,2019-12-03,457076080,defillama
stable_usdc,2019-12-04,445070649,defillama
stable_usdc,2019-12-05,462753667,defillama
stable_usdc,2019-12-06,463201009,defillama
stable_usdc,2019-12-07,463430732,defillama
stable_usdc,2019-12-08,462910608,defillama
stable_usdc,2019-12-09,462227350,defillama
stable_usdc,2019-12-10,482937760,defillama
stable_usdc,2019-12-11,478938906,defillama
stable_usdc,2019-12-12,474730688,defillama
stable_usdc,2019-12-13,474137899,defillama
stable_usdc,2019-12-14,472241784,defillama
stable_usdc,2019-12-15,472322413,defillama
stable_usdc,2019-12-16,473533014,defillama
stable_usdc,2019-12-17,465329802,defillama
stable_usdc,2019-12-18,460191065,defillama
stable_usdc,2019-12-19,472237266,defillama
stable_usdc,2019-12-20,508292307,defillama
stable_usdc,2019-12-21,521354342,defillama
stable_usdc,2019-12-22,520869964,defillama
stable_usdc,2019-12-23,521290092,defillama
stable_usdc,2019-12-24,520036652,defillama
stable_usdc,2019-12-25,516567080,defillama
stable_usdc,2019-12-26,515962435,defillama
stable_usdc,2019-12-27,515683191,defillama
stable_usdc,2019-12-28,517886404,defillama
stable_usdc,2019-12-29,517423577,defillama
stable_usdc,2019-12-30,518201964,defillama
stable_usdc,2019-12-31,516519795,defillama
stable_usdc,2020-01-01,516597712,defillama
stable_usdc,2020-01-02,514892050,defillama
stable_usdc,2020-01-03,519915526,defillama
stable_usdc,2020-01-04,518840356,defillama
stable_usdc,2020-01-05,518952466,defillama
stable_usdc,2020-01-06,517973272,defillama
stable_usdc,2020-01-07,513964831,defillama
stable_usdc,2020-01-08,490317289,defillama
stable_usdc,2020-01-09,469784290,defillama
stable_usdc,2020-01-10,461732415,defillama
stable_usdc,2020-01-11,458520665,defillama
stable_usdc,2020-01-12,448892630,defillama
stable_usdc,2020-01-13,449197501,defillama
stable_usdc,2020-01-14,447171710,defillama
stable_usdc,2020-01-15,432020884,defillama
stable_usdc,2020-01-16,452134110,defillama
stable_usdc,2020-01-17,448456801,defillama
stable_usdc,2020-01-18,444757303,defillama
stable_usdc,2020-01-19,444284972,defillama
stable_usdc,2020-01-20,444638589,defillama
stable_usdc,2020-01-21,444694131,defillama
stable_usdc,2020-01-22,447471889,defillama
stable_usdc,2020-01-23,458243977,defillama
stable_usdc,2020-01-24,449166380,defillama
stable_usdc,2020-01-25,449600266,defillama
stable_usdc,2020-01-26,449476884,defillama
stable_usdc,2020-01-27,449139167,defillama
stable_usdc,2020-01-28,445977555,defillama
stable_usdc,2020-01-29,446882008,defillama
stable_usdc,2020-01-30,447850721,defillama
stable_usdc,2020-01-31,442466921,defillama
stable_usdc,2020-02-01,440802894,defillama
stable_usdc,2020-02-02,438558615,defillama
stable_usdc,2020-02-03,438330505,defillama
stable_usdc,2020-02-04,437557126,defillama
stable_usdc,2020-02-05,435829632,defillama
stable_usdc,2020-02-06,426708639,defillama
stable_usdc,2020-02-07,426671374,defillama
stable_usdc,2020-02-08,423899681,defillama
stable_usdc,2020-02-09,421470435,defillama
stable_usdc,2020-02-10,426484983,defillama
stable_usdc,2020-02-11,422144696,defillama
stable_usdc,2020-02-12,420429610,defillama
stable_usdc,2020-02-13,430565815,defillama
stable_usdc,2020-02-14,429206851,defillama
stable_usdc,2020-02-15,429538978,defillama
stable_usdc,2020-02-16,429266918,defillama
stable_usdc,2020-02-17,430850992,defillama
stable_usdc,2020-02-18,430318295,defillama
stable_usdc,2020-02-19,432640417,defillama
stable_usdc,2020-02-20,434416693,defillama
stable_usdc,2020-02-21,425180739,defillama
stable_usdc,2020-02-22,424407128,defillama
stable_usdc,2020-02-23,425934495,defillama
stable_usdc,2020-02-24,424523238,defillama
stable_usdc,2020-02-25,427141133,defillama
stable_usdc,2020-02-26,428152155,defillama
stable_usdc,2020-02-27,430280212,defillama
stable_usdc,2020-02-28,442683071,defillama
stable_usdc,2020-02-29,444737275,defillama
stable_usdc,2020-03-01,444538918,defillama
stable_usdc,2020-03-02,445667652,defillama
stable_usdc,2020-03-03,457244830,defillama
stable_usdc,2020-03-04,468968353,defillama
stable_usdc,2020-03-05,468927308,defillama
stable_usdc,2020-03-06,462571693,defillama
stable_usdc,2020-03-07,462713792,defillama
stable_usdc,2020-03-08,464653647,defillama
stable_usdc,2020-03-09,460681051,defillama
stable_usdc,2020-03-10,460225304,defillama
stable_usdc,2020-03-11,457583949,defillama
stable_usdc,2020-03-12,467915568,defillama
stable_usdc,2020-03-13,518795788,defillama
stable_usdc,2020-03-14,563821752,defillama
stable_usdc,2020-03-15,564599306,defillama
stable_usdc,2020-03-16,604610635,defillama
stable_usdc,2020-03-17,606271146,defillama
stable_usdc,2020-03-18,626587117,defillama
stable_usdc,2020-03-19,628140653,defillama
stable_usdc,2020-03-20,651712527,defillama
stable_usdc,2020-03-21,646624347,defillama
stable_usdc,2020-03-22,668188337,defillama
stable_usdc,2020-03-23,669658761,defillama
stable_usdc,2020-03-24,670753144,defillama
stable_usdc,2020-03-25,689313852,defillama
stable_usdc,2020-03-26,688998448,defillama
stable_usdc,2020-03-27,686111344,defillama
stable_usdc,2020-03-28,685378083,defillama
stable_usdc,2020-03-29,689133981,defillama
stable_usdc,2020-03-30,693876956,defillama
stable_usdc,2020-03-31,691237918,defillama
stable_usdc,2020-04-01,693220681,defillama
stable_usdc,2020-04-02,695999747,defillama
stable_usdc,2020-04-03,693825978,defillama
stable_usdc,2020-04-04,702995459,defillama
stable_usdc,2020-04-05,702183762,defillama
stable_usdc,2020-04-06,700351786,defillama
stable_usdc,2020-04-07,686220119,defillama
stable_usdc,2020-04-08,697129228,defillama
stable_usdc,2020-04-09,713025412,defillama
stable_usdc,2020-04-10,711749677,defillama
stable_usdc,2020-04-11,710557997,defillama
stable_usdc,2020-04-12,710605126,defillama
stable_usdc,2020-04-13,717420224,defillama
stable_usdc,2020-04-14,725680674,defillama
stable_usdc,2020-04-15,735203086,defillama
stable_usdc,2020-04-16,735988497,defillama
stable_usdc,2020-04-17,731850213,defillama
stable_usdc,2020-04-18,725926636,defillama
stable_usdc,2020-04-19,728802965,defillama
stable_usdc,2020-04-20,726847322,defillama
stable_usdc,2020-04-21,735999651,defillama
stable_usdc,2020-04-22,725055954,defillama
stable_usdc,2020-04-23,726234993,defillama
stable_usdc,2020-04-24,731974511,defillama
stable_usdc,2020-04-25,753828820,defillama
stable_usdc,2020-04-26,756062774,defillama
stable_usdc,2020-04-27,755111871,defillama
stable_usdc,2020-04-28,752281854,defillama
stable_usdc,2020-04-29,731366478,defillama
stable_usdc,2020-04-30,726001388,defillama
stable_usdc,2020-05-01,726339842,defillama
stable_usdc,2020-05-02,712603897,defillama
stable_usdc,2020-05-03,711461082,defillama
stable_usdc,2020-05-04,710346519,defillama
stable_usdc,2020-05-05,710793062,defillama
stable_usdc,2020-05-06,714139098,defillama
stable_usdc,2020-05-07,711778609,defillama
stable_usdc,2020-05-08,722023647,defillama
stable_usdc,2020-05-09,721261346,defillama
stable_usdc,2020-05-10,722268680,defillama
stable_usdc,2020-05-11,746986295,defillama
stable_usdc,2020-05-12,745026108,defillama
stable_usdc,2020-05-13,748338008,defillama
stable_usdc,2020-05-14,769698234,defillama
stable_usdc,2020-05-15,726205938,defillama
stable_usdc,2020-05-16,727130463,defillama
stable_usdc,2020-05-17,724661419,defillama
stable_usdc,2020-05-18,726279461,defillama
stable_usdc,2020-05-19,724994741,defillama
stable_usdc,2020-05-20,726086024,defillama
stable_usdc,2020-05-21,733473516,defillama
stable_usdc,2020-05-22,730845883,defillama
stable_usdc,2020-05-23,730001403,defillama
stable_usdc,2020-05-24,730880485,defillama
stable_usdc,2020-05-25,728156160,defillama
stable_usdc,2020-05-26,738174061,defillama
stable_usdc,2020-05-27,738446277,defillama
stable_usdc,2020-05-28,740107623,defillama
stable_usdc,2020-05-29,744293975,defillama
stable_usdc,2020-05-30,746020198,defillama
stable_usdc,2020-05-31,747124387,defillama
stable_usdc,2020-06-01,732150217,defillama
stable_usdc,2020-06-02,729757861,defillama
stable_usdc,2020-06-03,741158313,defillama
stable_usdc,2020-06-04,737553656,defillama
stable_usdc,2020-06-05,739424343,defillama
stable_usdc,2020-06-06,738419598,defillama
stable_usdc,2020-06-07,740762681,defillama
stable_usdc,2020-06-08,739704499,defillama
stable_usdc,2020-06-09,745158033,defillama
stable_usdc,2020-06-10,744872916,defillama
stable_usdc,2020-06-11,733633527,defillama
stable_usdc,2020-06-12,734705830,defillama
stable_usdc,2020-06-13,733293831,defillama
stable_usdc,2020-06-14,742538868,defillama
stable_usdc,2020-06-15,742292747,defillama
stable_usdc,2020-06-16,752372162,defillama
stable_usdc,2020-06-17,771764657,defillama
stable_usdc,2020-06-18,802944493,defillama
stable_usdc,2020-06-19,830636248,defillama
stable_usdc,2020-06-20,882367707,defillama
stable_usdc,2020-06-21,912533594,defillama
stable_usdc,2020-06-22,933298872,defillama
stable_usdc,2020-06-23,951762279,defillama
stable_usdc,2020-06-24,945441841,defillama
stable_usdc,2020-06-25,940124658,defillama
stable_usdc,2020-06-26,941549149,defillama
stable_usdc,2020-06-27,953580579,defillama
stable_usdc,2020-06-28,984604097,defillama
stable_usdc,2020-06-29,984899581,defillama
stable_usdc,2020-06-30,981974100,defillama
stable_usdc,2020-07-01,986360474,defillama
stable_usdc,2020-07-02,1001687048,defillama
stable_usdc,2020-07-03,998027103,defillama
stable_usdc,2020-07-04,1039334176,defillama
stable_usdc,2020-07-05,1038416512,defillama
stable_usdc,2020-07-06,1039017303,defillama
stable_usdc,2020-07-07,1046503700,defillama
stable_usdc,2020-07-08,1045241768,defillama
stable_usdc,2020-07-09,1069778242,defillama
stable_usdc,2020-07-10,1092234884,defillama
stable_usdc,2020-07-11,1100018699,defillama
stable_usdc,2020-07-12,1108808904,defillama
stable_usdc,2020-07-13,1108342350,defillama
stable_usdc,2020-07-14,1107133398,defillama
stable_usdc,2020-07-15,1100954442,defillama
stable_usdc,2020-07-16,1107994136,defillama
stable_usdc,2020-07-17,1105670920,defillama
stable_usdc,2020-07-18,1105525121,defillama
stable_usdc,2020-07-19,1123580301,defillama
stable_usdc,2020-07-20,1124222592,defillama
stable_usdc,2020-07-21,1109330263,defillama
stable_usdc,2020-07-22,1117656662,defillama
stable_usdc,2020-07-23,1117412376,defillama
stable_usdc,2020-07-24,1111666685,defillama
stable_usdc,2020-07-25,1109062844,defillama
stable_usdc,2020-07-26,1106484358,defillama
stable_usdc,2020-07-27,1166058592,defillama
stable_usdc,2020-07-28,1168067160,defillama
stable_usdc,2020-07-29,1167917744,defillama
stable_usdc,2020-07-30,1165546374,defillama
stable_usdc,2020-07-31,1145335232,defillama
stable_usdc,2020-08-01,1079713382,defillama
stable_usdc,2020-08-02,1087114066,defillama
stable_usdc,2020-08-03,1097449797,defillama
stable_usdc,2020-08-04,1084969023,defillama
stable_usdc,2020-08-05,1082620641,defillama
stable_usdc,2020-08-06,1080663525,defillama
stable_usdc,2020-08-07,1093371177,defillama
stable_usdc,2020-08-08,1108253404,defillama
stable_usdc,2020-08-09,1147426900,defillama
stable_usdc,2020-08-10,1146087516,defillama
stable_usdc,2020-08-11,1123043261,defillama
stable_usdc,2020-08-12,1133850754,defillama
stable_usdc,2020-08-13,1161006417,defillama
stable_usdc,2020-08-14,1177494755,defillama
stable_usdc,2020-08-15,1205711262,defillama
stable_usdc,2020-08-16,1201078658,defillama
stable_usdc,2020-08-17,1202780393,defillama
stable_usdc,2020-08-18,1218933979,defillama
stable_usdc,2020-08-19,1246578444,defillama
stable_usdc,2020-08-20,1276066354,defillama
stable_usdc,2020-08-21,1308639524,defillama
stable_usdc,2020-08-22,1331937325,defillama
stable_usdc,2020-08-23,1337354145,defillama
stable_usdc,2020-08-24,1355621233,defillama
stable_usdc,2020-08-25,1362784250,defillama
stable_usdc,2020-08-26,1382944810,defillama
stable_usdc,2020-08-27,1400055981,defillama
stable_usdc,2020-08-28,1425062753,defillama
stable_usdc,2020-08-29,1426971000,defillama
stable_usdc,2020-08-30,1461801399,defillama
stable_usdc,2020-08-31,1474977048,defillama
stable_usdc,2020-09-01,1477999422,defillama
stable_usdc,2020-09-02,1523728181,defillama
stable_usdc,2020-09-03,1522951577,defillama
stable_usdc,2020-09-04,1586480719,defillama
stable_usdc,2020-09-05,1652877903,defillama
stable_usdc,2020-09-06,1692102875,defillama
stable_usdc,2020-09-07,1732078007,defillama
stable_usdc,2020-09-08,1781553302,defillama
stable_usdc,2020-09-09,1793153367,defillama
stable_usdc,2020-09-10,1837064695,defillama
stable_usdc,2020-09-11,1849448528,defillama
stable_usdc,2020-09-12,1916836794,defillama
stable_usdc,2020-09-13,1956703144,defillama
stable_usdc,2020-09-14,1997198304,defillama
stable_usdc,2020-09-15,2019501256,defillama
stable_usdc,2020-09-16,2077315390,defillama
stable_usdc,2020-09-17,2082634563,defillama
stable_usdc,2020-09-18,2109682404,defillama
stable_usdc,2020-09-19,2180840808,defillama
stable_usdc,2020-09-20,2285203417,defillama
stable_usdc,2020-09-21,2343766956,defillama
stable_usdc,2020-09-22,2394680063,defillama
stable_usdc,2020-09-23,2398435328,defillama
stable_usdc,2020-09-24,2441320717,defillama
stable_usdc,2020-09-25,2507851671,defillama
stable_usdc,2020-09-26,2511426370,defillama
stable_usdc,2020-09-27,2551406259,defillama
stable_usdc,2020-09-28,2600077490,defillama
stable_usdc,2020-09-29,2544473188,defillama
stable_usdc,2020-09-30,2539063885,defillama
stable_usdc,2020-10-01,2533902793,defillama
stable_usdc,2020-10-02,2536907170,defillama
stable_usdc,2020-10-03,2595297562,defillama
stable_usdc,2020-10-04,2638048549,defillama
stable_usdc,2020-10-05,2646000562,defillama
stable_usdc,2020-10-06,2665620779,defillama
stable_usdc,2020-10-07,2673259510,defillama
stable_usdc,2020-10-08,2710421277,defillama
stable_usdc,2020-10-09,2814977787,defillama
stable_usdc,2020-10-10,2818108221,defillama
stable_usdc,2020-10-11,2863229268,defillama
stable_usdc,2020-10-12,2860196280,defillama
stable_usdc,2020-10-13,2848277736,defillama
stable_usdc,2020-10-14,2782961334,defillama
stable_usdc,2020-10-15,2754688239,defillama
stable_usdc,2020-10-16,2744534535,defillama
stable_usdc,2020-10-17,2709684291,defillama
stable_usdc,2020-10-18,2711217131,defillama
stable_usdc,2020-10-19,2733321425,defillama
stable_usdc,2020-10-20,2742215968,defillama
stable_usdc,2020-10-21,2742213335,defillama
stable_usdc,2020-10-22,2809283940,defillama
stable_usdc,2020-10-23,2795961177,defillama
stable_usdc,2020-10-24,2761552279,defillama
stable_usdc,2020-10-25,2792512038,defillama
stable_usdc,2020-10-26,2814954554,defillama
stable_usdc,2020-10-27,2779249100,defillama
stable_usdc,2020-10-28,2816222774,defillama
stable_usdc,2020-10-29,2846041041,defillama
stable_usdc,2020-10-30,2889404113,defillama
stable_usdc,2020-10-31,2893818230,defillama
stable_usdc,2020-11-01,2939549019,defillama
stable_usdc,2020-11-02,2941916894,defillama
stable_usdc,2020-11-03,2946509745,defillama
stable_usdc,2020-11-04,2929676641,defillama
stable_usdc,2020-11-05,2897362191,defillama
stable_usdc,2020-11-06,2884058038,defillama
stable_usdc,2020-11-07,2865838041,defillama
stable_usdc,2020-11-08,2895866877,defillama
stable_usdc,2020-11-09,2883905303,defillama
stable_usdc,2020-11-10,2853339941,defillama
stable_usdc,2020-11-11,2842054288,defillama
stable_usdc,2020-11-12,2845247475,defillama
stable_usdc,2020-11-13,2815125574,defillama
stable_usdc,2020-11-14,2816030976,defillama
stable_usdc,2020-11-15,2834042646,defillama
stable_usdc,2020-11-16,2826838956,defillama
stable_usdc,2020-11-17,2841311467,defillama
stable_usdc,2020-11-18,2789964469,defillama
stable_usdc,2020-11-19,2803971652,defillama
stable_usdc,2020-11-20,2801881749,defillama
stable_usdc,2020-11-21,2815683135,defillama
stable_usdc,2020-11-22,2851864799,defillama
stable_usdc,2020-11-23,2887621126,defillama
stable_usdc,2020-11-24,2877345881,defillama
stable_usdc,2020-11-25,2864825051,defillama
stable_usdc,2020-11-26,2880745350,defillama
stable_usdc,2020-11-27,2900747364,defillama
stable_usdc,2020-11-28,2911102924,defillama
stable_usdc,2020-11-29,2978517915,defillama
stable_usdc,2020-11-30,2974734796,defillama
stable_usdc,2020-12-01,2972700925,defillama
stable_usdc,2020-12-02,2984040812,defillama
stable_usdc,2020-12-03,2972606122,defillama
stable_usdc,2020-12-04,2978729977,defillama
stable_usdc,2020-12-05,3026963539,defillama
stable_usdc,2020-12-06,3050659502,defillama
stable_usdc,2020-12-07,3085248974,defillama
stable_usdc,2020-12-08,3069719667,defillama
stable_usdc,2020-12-09,3083526297,defillama
stable_usdc,2020-12-10,3091066781,defillama
stable_usdc,2020-12-11,3092572545,defillama
stable_usdc,2020-12-12,3146985921,defillama
stable_usdc,2020-12-13,3224048173,defillama
stable_usdc,2020-12-14,3268275283,defillama
stable_usdc,2020-12-15,3283636437,defillama
stable_usdc,2020-12-16,3286581087,defillama
stable_usdc,2020-12-17,3313438747,defillama
stable_usdc,2020-12-18,3288966738,defillama
stable_usdc,2020-12-19,3298370829,defillama
stable_usdc,2020-12-20,3384564371,defillama
stable_usdc,2020-12-21,3364288860,defillama
stable_usdc,2020-12-22,3362730619,defillama
stable_usdc,2020-12-23,3380941275,defillama
stable_usdc,2020-12-24,3448424019,defillama
stable_usdc,2020-12-25,3552136986,defillama
stable_usdc,2020-12-26,3551176703,defillama
stable_usdc,2020-12-27,3562211175,defillama
stable_usdc,2020-12-28,3622466443,defillama
stable_usdc,2020-12-29,3671915731,defillama
stable_usdc,2020-12-30,3716225329,defillama
stable_usdc,2020-12-31,3706429867,defillama
stable_usdc,2021-01-01,3912904542,defillama
stable_usdc,2021-01-02,4108062433,defillama
stable_usdc,2021-01-03,4177113741,defillama
stable_usdc,2021-01-04,4318339841,defillama
stable_usdc,2021-01-05,4358020291,defillama
stable_usdc,2021-01-06,4278750212,defillama
stable_usdc,2021-01-07,4449904491,defillama
stable_usdc,2021-01-08,4577910558,defillama
stable_usdc,2021-01-09,4661438740,defillama
stable_usdc,2021-01-10,4797659931,defillama
stable_usdc,2021-01-11,4739427618,defillama
stable_usdc,2021-01-12,4763226681,defillama
stable_usdc,2021-01-13,4753023461,defillama
stable_usdc,2021-01-14,4783448899,defillama
stable_usdc,2021-01-15,4829830036,defillama
stable_usdc,2021-01-16,4987046859,defillama
stable_usdc,2021-01-17,5077567644,defillama
stable_usdc,2021-01-18,5082665837,defillama
stable_usdc,2021-01-19,5135636669,defillama
stable_usdc,2021-01-20,5225182128,defillama
stable_usdc,2021-01-21,5352905443,defillama
stable_usdc,2021-01-22,5412225745,defillama
stable_usdc,2021-01-23,5524837032,defillama
stable_usdc,2021-01-24,5593182558,defillama
stable_usdc,2021-01-25,5590009066,defillama
stable_usdc,2021-01-26,5473643218,defillama
stable_usdc,2021-01-27,5450842922,defillama
stable_usdc,2021-01-28,5578912997,defillama
stable_usdc,2021-01-29,5764361009,defillama
stable_usdc,2021-01-30,5846953423,defillama
stable_usdc,2021-01-31,5859422521,defillama
stable_usdc,2021-02-01,5910175945,defillama
stable_usdc,2021-02-02,5973595281,defillama
stable_usdc,2021-02-03,6000843093,defillama
stable_usdc,2021-02-04,6147802783,defillama
stable_usdc,2021-02-05,6267691040,defillama
stable_usdc,2021-02-06,6357013405,defillama
stable_usdc,2021-02-07,6474065610,defillama
stable_usdc,2021-02-08,6553273763,defillama
stable_usdc,2021-02-09,6518000823,defillama
stable_usdc,2021-02-10,6745657889,defillama
stable_usdc,2021-02-11,6829745740,defillama
stable_usdc,2021-02-12,7003477312,defillama
stable_usdc,2021-02-13,7101233824,defillama
stable_usdc,2021-02-14,7343818601,defillama
stable_usdc,2021-02-15,7486771722,defillama
stable_usdc,2021-02-16,7443119084,defillama
stable_usdc,2021-02-17,7256220480,defillama
stable_usdc,2021-02-18,7294788699,defillama
stable_usdc,2021-02-19,7388030747,defillama
stable_usdc,2021-02-20,7645031944,defillama
stable_usdc,2021-02-21,7825613199,defillama
stable_usdc,2021-02-22,7803825130,defillama
stable_usdc,2021-02-23,8111769166,defillama
stable_usdc,2021-02-24,8224938126,defillama
stable_usdc,2021-02-25,8407132729,defillama
stable_usdc,2021-02-26,8539555760,defillama
stable_usdc,2021-02-27,8845426100,defillama
stable_usdc,2021-02-28,8940467840,defillama
stable_usdc,2021-03-01,9031079353,defillama
stable_usdc,2021-03-02,8939495700,defillama
stable_usdc,2021-03-03,8865649891,defillama
stable_usdc,2021-03-04,8799157458,defillama
stable_usdc,2021-03-05,8778991353,defillama
stable_usdc,2021-03-06,8932240877,defillama
stable_usdc,2021-03-07,9142429930,defillama
stable_usdc,2021-03-08,9162719503,defillama
stable_usdc,2021-03-09,9110866999,defillama
stable_usdc,2021-03-10,9131349703,defillama
stable_usdc,2021-03-11,9219625050,defillama
stable_usdc,2021-03-12,9300395539,defillama
stable_usdc,2021-03-13,9461251916,defillama
stable_usdc,2021-03-14,9442060703,defillama
stable_usdc,2021-03-15,9516069579,defillama
stable_usdc,2021-03-16,9524386934,defillama
stable_usdc,2021-03-17,9572795725,defillama
stable_usdc,2021-03-18,9677787468,defillama
stable_usdc,2021-03-19,9804533357,defillama
stable_usdc,2021-03-20,10000638306,defillama
stable_usdc,2021-03-21,10033128619,defillama
stable_usdc,2021-03-22,10153875602,defillama
stable_usdc,2021-03-23,10324918521,defillama
stable_usdc,2021-03-24,10308188647,defillama
stable_usdc,2021-03-25,10431237710,defillama
stable_usdc,2021-03-26,10662669989,defillama
stable_usdc,2021-03-27,10833025250,defillama
stable_usdc,2021-03-28,10923641969,defillama
stable_usdc,2021-03-29,10952357285,defillama
stable_usdc,2021-03-30,10770164342,defillama
stable_usdc,2021-03-31,10888346539,defillama
stable_usdc,2021-04-01,10828130503,defillama
stable_usdc,2021-04-02,10910547354,defillama
stable_usdc,2021-04-03,10751466471,defillama
stable_usdc,2021-04-04,10946433079,defillama
stable_usdc,2021-04-05,10918801267,defillama
stable_usdc,2021-04-06,11033570163,defillama
stable_usdc,2021-04-07,10986219747,defillama
stable_usdc,2021-04-08,11033411590,defillama
stable_usdc,2021-04-09,11180168578,defillama
stable_usdc,2021-04-10,11186033696,defillama
stable_usdc,2021-04-11,11166165560,defillama
stable_usdc,2021-04-12,11118030197,defillama
stable_usdc,2021-04-13,11009729529,defillama
stable_usdc,2021-04-14,11310440385,defillama
stable_usdc,2021-04-15,11535583495,defillama
stable_usdc,2021-04-16,11812432632,defillama
stable_usdc,2021-04-17,12115983663,defillama
stable_usdc,2021-04-18,12483647552,defillama
stable_usdc,2021-04-19,12639137279,defillama
stable_usdc,2021-04-20,12930239054,defillama
stable_usdc,2021-04-21,12987391569,defillama
stable_usdc,2021-04-22,13043977700,defillama
stable_usdc,2021-04-23,12988860201,defillama
stable_usdc,2021-04-24,13411122530,defillama
stable_usdc,2021-04-25,13590355337,defillama
stable_usdc,2021-04-26,13630330298,defillama
stable_usdc,2021-04-27,13836785645,defillama
stable_usdc,2021-04-28,13822975633,defillama
stable_usdc,2021-04-29,13915412068,defillama
stable_usdc,2021-04-30,13916570668,defillama
stable_usdc,2021-05-01,14005444843,defillama
stable_usdc,2021-05-02,14062872290,defillama
stable_usdc,2021-05-03,14042296759,defillama
stable_usdc,2021-05-04,14009748555,defillama
stable_usdc,2021-05-05,14339394587,defillama
stable_usdc,2021-05-06,14493174963,defillama
stable_usdc,2021-05-07,14537012168,defillama
stable_usdc,2021-05-08,14595495830,defillama
stable_usdc,2021-05-09,14854492488,defillama
stable_usdc,2021-05-10,15084907372,defillama
stable_usdc,2021-05-11,15129779105,defillama
stable_usdc,2021-05-12,15169491544,defillama
stable_usdc,2021-05-13,15233860869,defillama
stable_usdc,2021-05-14,15406742576,defillama
stable_usdc,2021-05-15,15674809138,defillama
stable_usdc,2021-05-16,15876014069,defillama
stable_usdc,2021-05-17,15871710143,defillama
stable_usdc,2021-05-18,16201756774,defillama
stable_usdc,2021-05-19,16336061648,defillama
stable_usdc,2021-05-20,16978168513,defillama
stable_usdc,2021-05-21,17808298067,defillama
stable_usdc,2021-05-22,18907721005,defillama
stable_usdc,2021-05-23,19272769589,defillama
stable_usdc,2021-05-24,19819733509,defillama
stable_usdc,2021-05-25,20129350332,defillama
stable_usdc,2021-05-26,20298460835,defillama
stable_usdc,2021-05-27,20933949207,defillama
stable_usdc,2021-05-28,21314460474,defillama
stable_usdc,2021-05-29,21488782550,defillama
stable_usdc,2021-05-30,21597915268,defillama
stable_usdc,2021-05-31,21804393702,defillama
stable_usdc,2021-06-01,22016650629,defillama
stable_usdc,2021-06-02,22051151006,defillama
stable_usdc,2021-06-03,22072022033,defillama
stable_usdc,2021-06-04,22103354297,defillama
stable_usdc,2021-06-05,22178155976,defillama
stable_usdc,2021-06-06,22259877856,defillama
stable_usdc,2021-06-07,22397581400,defillama
stable_usdc,2021-06-08,22327443676,defillama
stable_usdc,2021-06-09,22532015851,defillama
stable_usdc,2021-06-10,22523679743,defillama
stable_usdc,2021-06-11,22723444934,defillama
stable_usdc,2021-06-12,22853962822,defillama
stable_usdc,2021-06-13,22918644321,defillama
stable_usdc,2021-06-14,23074734566,defillama
stable_usdc,2021-06-15,23114348913,defillama
stable_usdc,2021-06-16,23170626520,defillama
stable_usdc,2021-06-17,23268904689,defillama
stable_usdc,2021-06-18,23225391282,defillama
stable_usdc,2021-06-19,23516402050,defillama
stable_usdc,2021-06-20,23672636545,defillama
stable_usdc,2021-06-21,23759863777,defillama
stable_usdc,2021-06-22,24383420530,defillama
stable_usdc,2021-06-23,24571507369,defillama
stable_usdc,2021-06-24,24753912152,defillama
stable_usdc,2021-06-25,24862198755,defillama
stable_usdc,2021-06-26,25010707739,defillama
stable_usdc,2021-06-27,25070575007,defillama
stable_usdc,2021-06-28,25260194155,defillama
stable_usdc,2021-06-29,24687952275,defillama
stable_usdc,2021-06-30,24573756744,defillama
stable_usdc,2021-07-01,24381470184,defillama
stable_usdc,2021-07-02,24439450888,defillama
stable_usdc,2021-07-03,24654720307,defillama
stable_usdc,2021-07-04,24686785714,defillama
stable_usdc,2021-07-05,24671631080,defillama
stable_usdc,2021-07-06,24744825005,defillama
stable_usdc,2021-07-07,24955768209,defillama
stable_usdc,2021-07-08,25042262564,defillama
stable_usdc,2021-07-09,25110227234,defillama
stable_usdc,2021-07-10,25250790004,defillama
stable_usdc,2021-07-11,25271561170,defillama
stable_usdc,2021-07-12,25271742837,defillama
stable_usdc,2021-07-13,25717273665,defillama
stable_usdc,2021-07-14,25721428808,defillama
stable_usdc,2021-07-15,25294025007,defillama
stable_usdc,2021-07-16,25583613001,defillama
stable_usdc,2021-07-17,25719555638,defillama
stable_usdc,2021-07-18,25792550926,defillama
stable_usdc,2021-07-19,25859342389,defillama
stable_usdc,2021-07-20,25966619854,defillama
stable_usdc,2021-07-21,25994113785,defillama
stable_usdc,2021-07-22,26087221284,defillama
stable_usdc,2021-07-23,26119242440,defillama
stable_usdc,2021-07-24,26176013588,defillama
stable_usdc,2021-07-25,26228817272,defillama
stable_usdc,2021-07-26,26329323958,defillama
stable_usdc,2021-07-27,26399764270,defillama
stable_usdc,2021-07-28,26422439552,defillama
stable_usdc,2021-07-29,26494404347,defillama
stable_usdc,2021-07-30,26410392448,defillama
stable_usdc,2021-07-31,26501892495,defillama
stable_usdc,2021-08-01,26536204254,defillama
stable_usdc,2021-08-02,26565127069,defillama
stable_usdc,2021-08-03,26579266576,defillama
stable_usdc,2021-08-04,26598047938,defillama
stable_usdc,2021-08-05,26721362291,defillama
stable_usdc,2021-08-06,26766156969,defillama
stable_usdc,2021-08-07,26768807352,defillama
stable_usdc,2021-08-08,26852275029,defillama
stable_usdc,2021-08-09,26938626431,defillama
stable_usdc,2021-08-10,26764596626,defillama
stable_usdc,2021-08-11,26635488063,defillama
stable_usdc,2021-08-12,26567142461,defillama
stable_usdc,2021-08-13,26607935896,defillama
stable_usdc,2021-08-14,26489971598,defillama
stable_usdc,2021-08-15,26472784443,defillama
stable_usdc,2021-08-16,26492011551,defillama
stable_usdc,2021-08-17,26456711066,defillama
stable_usdc,2021-08-18,26480743714,defillama
stable_usdc,2021-08-19,26328862181,defillama
stable_usdc,2021-08-20,26040861037,defillama
stable_usdc,2021-08-21,25839526963,defillama
stable_usdc,2021-08-22,25859885348,defillama
stable_usdc,2021-08-23,25872442057,defillama
stable_usdc,2021-08-24,25841134558,defillama
stable_usdc,2021-08-25,25858643111,defillama
stable_usdc,2021-08-26,25866097492,defillama
stable_usdc,2021-08-27,25922310596,defillama
stable_usdc,2021-08-28,25968977387,defillama
stable_usdc,2021-08-29,26023568159,defillama
stable_usdc,2021-08-30,26043510834,defillama
stable_usdc,2021-08-31,26197671647,defillama
stable_usdc,2021-09-01,26173617717,defillama
stable_usdc,2021-09-02,26087515586,defillama
stable_usdc,2021-09-03,26227262634,defillama
stable_usdc,2021-09-04,26243385120,defillama
stable_usdc,2021-09-05,26334475047,defillama
stable_usdc,2021-09-06,26276363279,defillama
stable_usdc,2021-09-07,26216068951,defillama
stable_usdc,2021-09-08,26596570634,defillama
stable_usdc,2021-09-09,26737068495,defillama
stable_usdc,2021-09-10,26705320358,defillama
stable_usdc,2021-09-11,26794583208,defillama
stable_usdc,2021-09-12,26766456314,defillama
stable_usdc,2021-09-13,26738357662,defillama
stable_usdc,2021-09-14,26639308468,defillama
stable_usdc,2021-09-15,26579660574,defillama
stable_usdc,2021-09-16,26645488915,defillama
stable_usdc,2021-09-17,26645466874,defillama
stable_usdc,2021-09-18,26801934533,defillama
stable_usdc,2021-09-19,26826637040,defillama
stable_usdc,2021-09-20,26856289071,defillama
stable_usdc,2021-09-21,26890217535,defillama
stable_usdc,2021-09-22,27218846551,defillama
stable_usdc,2021-09-23,27463684987,defillama
stable_usdc,2021-09-24,27610838640,defillama
stable_usdc,2021-09-25,28011510582,defillama
stable_usdc,2021-09-26,28242681908,defillama
stable_usdc,2021-09-27,28536821135,defillama
stable_usdc,2021-09-28,28467552420,defillama
stable_usdc,2021-09-29,28358231036,defillama
stable_usdc,2021-09-30,28636867578,defillama
stable_usdc,2021-10-01,28906272123,defillama
stable_usdc,2021-10-02,29034929718,defillama
stable_usdc,2021-10-03,29196108739,defillama
stable_usdc,2021-10-04,29335103084,defillama
stable_usdc,2021-10-05,29318381873,defillama
stable_usdc,2021-10-06,29457097766,defillama
stable_usdc,2021-10-07,29644208598,defillama
stable_usdc,2021-10-08,29873275485,defillama
stable_usdc,2021-10-09,29940014951,defillama
stable_usdc,2021-10-10,29990191867,defillama
stable_usdc,2021-10-11,30126990277,defillama
stable_usdc,2021-10-12,30164503469,defillama
stable_usdc,2021-10-13,29985270122,defillama
stable_usdc,2021-10-14,29914298551,defillama
stable_usdc,2021-10-15,29982070909,defillama
stable_usdc,2021-10-16,29911165814,defillama
stable_usdc,2021-10-17,29883146058,defillama
stable_usdc,2021-10-18,29807322287,defillama
stable_usdc,2021-10-19,29786559263,defillama
stable_usdc,2021-10-20,29409166541,defillama
stable_usdc,2021-10-21,29593936221,defillama
stable_usdc,2021-10-22,29492912055,defillama
stable_usdc,2021-10-23,29577500477,defillama
stable_usdc,2021-10-24,29580198688,defillama
stable_usdc,2021-10-25,29677955847,defillama
stable_usdc,2021-10-26,29718228951,defillama
stable_usdc,2021-10-27,29639563853,defillama
stable_usdc,2021-10-28,29859532891,defillama
stable_usdc,2021-10-29,29830271454,defillama
stable_usdc,2021-10-30,30093078444,defillama
stable_usdc,2021-10-31,30282457486,defillama
stable_usdc,2021-11-01,30191297571,defillama
stable_usdc,2021-11-02,30350376550,defillama
stable_usdc,2021-11-03,30481678942,defillama
stable_usdc,2021-11-04,30670289752,defillama
stable_usdc,2021-11-05,30658382707,defillama
stable_usdc,2021-11-06,30943053259,defillama
stable_usdc,2021-11-07,31109831366,defillama
stable_usdc,2021-11-08,31059361285,defillama
stable_usdc,2021-11-09,31111888775,defillama
stable_usdc,2021-11-10,31322223077,defillama
stable_usdc,2021-11-11,31175956243,defillama
stable_usdc,2021-11-12,31094550561,defillama
stable_usdc,2021-11-13,31094291288,defillama
stable_usdc,2021-11-14,31095110441,defillama
stable_usdc,2021-11-15,31174186590,defillama
stable_usdc,2021-11-16,31365834530,defillama
stable_usdc,2021-11-17,31619044874,defillama
stable_usdc,2021-11-18,31651215611,defillama
stable_usdc,2021-11-19,31910484845,defillama
stable_usdc,2021-11-20,32371040233,defillama
stable_usdc,2021-11-21,32585312646,defillama
stable_usdc,2021-11-22,32821282216,defillama
stable_usdc,2021-11-23,33022273370,defillama
stable_usdc,2021-11-24,33415931233,defillama
stable_usdc,2021-11-25,33628100934,defillama
stable_usdc,2021-11-26,33788152345,defillama
stable_usdc,2021-11-27,34215777809,defillama
stable_usdc,2021-11-28,34353890955,defillama
stable_usdc,2021-11-29,34389661719,defillama
stable_usdc,2021-11-30,34527673155,defillama
stable_usdc,2021-12-01,34695791834,defillama
stable_usdc,2021-12-02,34812394373,defillama
stable_usdc,2021-12-03,34933554847,defillama
stable_usdc,2021-12-04,35181666061,defillama
stable_usdc,2021-12-05,35600852880,defillama
stable_usdc,2021-12-06,36026646159,defillama
stable_usdc,2021-12-07,36094667281,defillama
stable_usdc,2021-12-08,36182931176,defillama
stable_usdc,2021-12-09,36195995142,defillama
stable_usdc,2021-12-10,36259784709,defillama
stable_usdc,2021-12-11,36610078696,defillama
stable_usdc,2021-12-12,36738352866,defillama
stable_usdc,2021-12-13,36829045198,defillama
stable_usdc,2021-12-14,36892798595,defillama
stable_usdc,2021-12-15,36981384204,defillama
stable_usdc,2021-12-16,37077691678,defillama
stable_usdc,2021-12-17,37073253309,defillama
stable_usdc,2021-12-18,37220428320,defillama
stable_usdc,2021-12-19,37296508590,defillama
stable_usdc,2021-12-20,37299514650,defillama
stable_usdc,2021-12-21,37530007227,defillama
stable_usdc,2021-12-22,37751450629,defillama
stable_usdc,2021-12-23,37645692212,defillama
stable_usdc,2021-12-24,37830603816,defillama
stable_usdc,2021-12-25,37764246395,defillama
stable_usdc,2021-12-26,37757745900,defillama
stable_usdc,2021-12-27,37744670402,defillama
stable_usdc,2021-12-28,37830272801,defillama
stable_usdc,2021-12-29,37757431298,defillama
stable_usdc,2021-12-30,37665480715,defillama
stable_usdc,2021-12-31,37967254181,defillama
stable_usdc,2022-01-01,38019686686,defillama
stable_usdc,2022-01-02,42549565818,defillama
stable_usdc,2022-01-03,42641327349,defillama
stable_usdc,2022-01-04,42687912491,defillama
stable_usdc,2022-01-05,42785333024,defillama
stable_usdc,2022-01-06,42961099326,defillama
stable_usdc,2022-01-07,43225368240,defillama
stable_usdc,2022-01-08,43225368240,defillama
stable_usdc,2022-01-09,43582658995,defillama
stable_usdc,2022-01-10,43635931592,defillama
stable_usdc,2022-01-11,43987565688,defillama
stable_usdc,2022-01-12,44166089917,defillama
stable_usdc,2022-01-13,44774203526,defillama
stable_usdc,2022-01-14,45035577584,defillama
stable_usdc,2022-01-15,45137094666,defillama
stable_usdc,2022-01-16,45237354153,defillama
stable_usdc,2022-01-17,45430902660,defillama
stable_usdc,2022-01-18,45637274267,defillama
stable_usdc,2022-01-19,45764592269,defillama
stable_usdc,2022-01-20,46058070986,defillama
stable_usdc,2022-01-21,46428142404,defillama
stable_usdc,2022-01-22,46428142404,defillama
stable_usdc,2022-01-23,47960656738,defillama
stable_usdc,2022-01-24,47960656738,defillama
stable_usdc,2022-01-25,48227447406,defillama
stable_usdc,2022-01-26,48751308900,defillama
stable_usdc,2022-01-27,49162186990,defillama
stable_usdc,2022-01-28,49593244050,defillama
stable_usdc,2022-01-29,49629722996,defillama
stable_usdc,2022-01-30,49822470988,defillama
stable_usdc,2022-01-31,49794511801,defillama
stable_usdc,2022-02-01,49918615204,defillama
stable_usdc,2022-02-02,50255165742,defillama
stable_usdc,2022-02-03,50530744243,defillama
stable_usdc,2022-02-04,50891956574,defillama
stable_usdc,2022-02-05,51126955863,defillama
stable_usdc,2022-02-06,51125781969,defillama
stable_usdc,2022-02-07,51171401396,defillama
stable_usdc,2022-02-08,51376105826,defillama
stable_usdc,2022-02-09,51617308590,defillama
stable_usdc,2022-02-10,51900324270,defillama
stable_usdc,2022-02-11,52054797409,defillama
stable_usdc,2022-02-12,52250598202,defillama
stable_usdc,2022-02-13,52335045828,defillama
stable_usdc,2022-02-14,52473422561,defillama
stable_usdc,2022-02-15,52507811955,defillama
stable_usdc,2022-02-16,52544445045,defillama
stable_usdc,2022-02-17,52583527243,defillama
stable_usdc,2022-02-18,52570695424,defillama
stable_usdc,2022-02-19,52556151807,defillama
stable_usdc,2022-02-20,52684758315,defillama
stable_usdc,2022-02-21,52682266469,defillama
stable_usdc,2022-02-22,52707824144,defillama
stable_usdc,2022-02-23,52829973428,defillama
stable_usdc,2022-02-24,52870303586,defillama
stable_usdc,2022-02-25,53249174589,defillama
stable_usdc,2022-02-26,53155258428,defillama
stable_usdc,2022-02-27,53354079813,defillama
stable_usdc,2022-02-28,53569960348,defillama
stable_usdc,2022-03-01,53458489275,defillama
stable_usdc,2022-03-02,53535209641,defillama
stable_usdc,2022-03-03,53460734124,defillama
stable_usdc,2022-03-04,53414694791,defillama
stable_usdc,2022-03-05,52845480301,defillama
stable_usdc,2022-03-06,52941838088,defillama
stable_usdc,2022-03-07,52806695838,defillama
stable_usdc,2022-03-08,52183496667,defillama
stable_usdc,2022-03-09,52392565506,defillama
stable_usdc,2022-03-10,52382602556,defillama
stable_usdc,2022-03-11,52536873749,defillama
stable_usdc,2022-03-12,52458033805,defillama
stable_usdc,2022-03-13,52421564168,defillama
stable_usdc,2022-03-14,52430189478,defillama
stable_usdc,2022-03-15,52442627223,defillama
stable_usdc,2022-03-16,52304672903,defillama
stable_usdc,2022-03-17,52316342175,defillama
stable_usdc,2022-03-18,52799091236,defillama
stable_usdc,2022-03-19,52830384958,defillama
stable_usdc,2022-03-20,52865924687,defillama
stable_usdc,2022-03-21,52986600673,defillama
stable_usdc,2022-03-22,53033013665,defillama
stable_usdc,2022-03-23,52648557138,defillama
stable_usdc,2022-03-24,52312387349,defillama
stable_usdc,2022-03-25,52500264885,defillama
stable_usdc,2022-03-26,51872642831,defillama
stable_usdc,2022-03-27,51968286155,defillama
stable_usdc,2022-03-28,51983272483,defillama
stable_usdc,2022-03-29,52033109393,defillama
stable_usdc,2022-03-30,51996541151,defillama
stable_usdc,2022-03-31,52132452506,defillama
stable_usdc,2022-04-01,51709881549,defillama
stable_usdc,2022-04-02,51950236855,defillama
stable_usdc,2022-04-03,51852952209,defillama
stable_usdc,2022-04-04,51625573576,defillama
stable_usdc,2022-04-05,51611805895,defillama
stable_usdc,2022-04-06,51298300549,defillama
stable_usdc,2022-04-07,50746204263,defillama
stable_usdc,2022-04-08,50918438013,defillama
stable_usdc,2022-04-09,50844820961,defillama
stable_usdc,2022-04-10,50831613834,defillama
stable_usdc,2022-04-11,50938471710,defillama
stable_usdc,2022-04-12,50626993742,defillama
stable_usdc,2022-04-13,50557027126,defillama
stable_usdc,2022-04-14,50352516151,defillama
stable_usdc,2022-04-15,50227458393,defillama
stable_usdc,2022-04-16,50134682250,defillama
stable_usdc,2022-04-17,50054012926,defillama
stable_usdc,2022-04-18,50048713208,defillama
stable_usdc,2022-04-19,49860188964,defillama
stable_usdc,2022-04-20,50018475091,defillama
stable_usdc,2022-04-21,49863548515,defillama
stable_usdc,2022-04-22,49861799100,defillama
stable_usdc,2022-04-23,49885461217,defillama
stable_usdc,2022-04-24,49903732595,defillama
stable_usdc,2022-04-25,49912345763,defillama
stable_usdc,2022-04-26,49854024064,defillama
stable_usdc,2022-04-27,49362464745,defillama
stable_usdc,2022-04-28,49391470739,defillama
stable_usdc,2022-04-29,49383094281,defillama
stable_usdc,2022-04-30,49286152379,defillama
stable_usdc,2022-05-01,49179894108,defillama
stable_usdc,2022-05-02,49285265563,defillama
stable_usdc,2022-05-03,49141005064,defillama
stable_usdc,2022-05-04,49029382275,defillama
stable_usdc,2022-05-05,48776655221,defillama
stable_usdc,2022-05-06,48837550840,defillama
stable_usdc,2022-05-07,48447145524,defillama
stable_usdc,2022-05-08,48504620166,defillama
stable_usdc,2022-05-09,48540724745,defillama
stable_usdc,2022-05-10,48451920962,defillama
stable_usdc,2022-05-11,48451920962,defillama
stable_usdc,2022-05-12,49696713386,defillama
stable_usdc,2022-05-13,49696713386,defillama
stable_usdc,2022-05-14,50782055666,defillama
stable_usdc,2022-05-15,51097427964,defillama
stable_usdc,2022-05-16,51138746905,defillama
stable_usdc,2022-05-17,52047290599,defillama
stable_usdc,2022-05-18,52248992124,defillama
stable_usdc,2022-05-19,52353529729,defillama
stable_usdc,2022-05-20,52708142020,defillama
stable_usdc,2022-05-21,52937861004,defillama
stable_usdc,2022-05-22,53047105856,defillama
stable_usdc,2022-05-23,53078695401,defillama
stable_usdc,2022-05-24,53310325241,defillama
stable_usdc,2022-05-25,53398883662,defillama
stable_usdc,2022-05-26,53421325501,defillama
stable_usdc,2022-05-27,53196594240,defillama
stable_usdc,2022-05-28,53557691075,defillama
stable_usdc,2022-05-29,53690918718,defillama
stable_usdc,2022-05-30,53696778619,defillama
stable_usdc,2022-05-31,53740917066,defillama
stable_usdc,2022-06-01,53965998316,defillama
stable_usdc,2022-06-02,54799193013,defillama
stable_usdc,2022-06-03,54119107068,defillama
stable_usdc,2022-06-04,54095128062,defillama
stable_usdc,2022-06-05,54065388963,defillama
stable_usdc,2022-06-06,54055865360,defillama
stable_usdc,2022-06-07,53743345407,defillama
stable_usdc,2022-06-08,53810188940,defillama
stable_usdc,2022-06-09,53769837651,defillama
stable_usdc,2022-06-10,53791821802,defillama
stable_usdc,2022-06-11,53144746090,defillama
stable_usdc,2022-06-12,53076161679,defillama
stable_usdc,2022-06-13,53224899530,defillama
stable_usdc,2022-06-14,53337651191,defillama
stable_usdc,2022-06-15,53319593202,defillama
stable_usdc,2022-06-16,53483595950,defillama
stable_usdc,2022-06-17,53835748399,defillama
stable_usdc,2022-06-18,54370927685,defillama
stable_usdc,2022-06-19,54650530329,defillama
stable_usdc,2022-06-20,55158414165,defillama
stable_usdc,2022-06-21,54947604808,defillama
stable_usdc,2022-06-22,55086476489,defillama
stable_usdc,2022-06-23,55080391647,defillama
stable_usdc,2022-06-24,54862379135,defillama
stable_usdc,2022-06-25,54941607039,defillama
stable_usdc,2022-06-26,55100604206,defillama
stable_usdc,2022-06-27,55149302508,defillama
stable_usdc,2022-06-28,54698932012,defillama
stable_usdc,2022-06-29,54815361633,defillama
stable_usdc,2022-06-30,54856604116,defillama
stable_usdc,2022-07-01,54936211357,defillama
stable_usdc,2022-07-02,54925910583,defillama
stable_usdc,2022-07-03,54982243801,defillama
stable_usdc,2022-07-04,54991190827,defillama
stable_usdc,2022-07-05,55134883530,defillama
stable_usdc,2022-07-06,55066135793,defillama
stable_usdc,2022-07-07,54812392858,defillama
stable_usdc,2022-07-08,54642413499,defillama
stable_usdc,2022-07-09,54695202302,defillama
stable_usdc,2022-07-10,54624871878,defillama
stable_usdc,2022-07-11,54671697554,defillama
stable_usdc,2022-07-12,54699936846,defillama
stable_usdc,2022-07-13,54587310998,defillama
stable_usdc,2022-07-14,54585468373,defillama
stable_usdc,2022-07-15,54533826814,defillama
stable_usdc,2022-07-16,54081737317,defillama
stable_usdc,2022-07-17,54071732162,defillama
stable_usdc,2022-07-18,54046926330,defillama
stable_usdc,2022-07-19,54068077264,defillama
stable_usdc,2022-07-20,53978364507,defillama
stable_usdc,2022-07-21,54159942837,defillama
stable_usdc,2022-07-22,54232540582,defillama
stable_usdc,2022-07-23,54261692360,defillama
stable_usdc,2022-07-24,54379972263,defillama
stable_usdc,2022-07-25,54369542954,defillama
stable_usdc,2022-07-26,54306232832,defillama
stable_usdc,2022-07-27,54361164090,defillama
stable_usdc,2022-07-28,54343399948,defillama
stable_usdc,2022-07-29,53893876390,defillama
stable_usdc,2022-07-30,53849225541,defillama
stable_usdc,2022-07-31,53683064877,defillama
stable_usdc,2022-08-01,53726203735,defillama
stable_usdc,2022-08-02,53796587736,defillama
stable_usdc,2022-08-03,53630543704,defillama
stable_usdc,2022-08-04,53657548306,defillama
stable_usdc,2022-08-05,53478347607,defillama
stable_usdc,2022-08-06,53619870825,defillama
stable_usdc,2022-08-07,53601863935,defillama
stable_usdc,2022-08-08,53588099521,defillama
stable_usdc,2022-08-09,53430802757,defillama
stable_usdc,2022-08-10,53341661953,defillama
stable_usdc,2022-08-11,53200912924,defillama
stable_usdc,2022-08-12,53063299734,defillama
stable_usdc,2022-08-13,53089031126,defillama
stable_usdc,2022-08-14,53081467993,defillama
stable_usdc,2022-08-15,52867217540,defillama
stable_usdc,2022-08-16,52799309753,defillama
stable_usdc,2022-08-17,52749290195,defillama
stable_usdc,2022-08-18,52493601327,defillama
stable_usdc,2022-08-19,52104509021,defillama
stable_usdc,2022-08-20,51727137558,defillama
stable_usdc,2022-08-21,51690403339,defillama
stable_usdc,2022-08-22,51824006610,defillama
stable_usdc,2022-08-23,51518618601,defillama
stable_usdc,2022-08-24,51620113409,defillama
stable_usdc,2022-08-25,51512901835,defillama
stable_usdc,2022-08-26,51378982418,defillama
stable_usdc,2022-08-27,51487872608,defillama
stable_usdc,2022-08-28,51534370411,defillama
stable_usdc,2022-08-29,51486631605,defillama
stable_usdc,2022-08-30,51570546415,defillama
stable_usdc,2022-08-31,51678549587,defillama
stable_usdc,2022-09-01,51590370547,defillama
stable_usdc,2022-09-02,51348197790,defillama
stable_usdc,2022-09-03,51153820875,defillama
stable_usdc,2022-09-04,51174630439,defillama
stable_usdc,2022-09-05,51203610304,defillama
stable_usdc,2022-09-06,51181892745,defillama
stable_usdc,2022-09-07,50907240900,defillama
stable_usdc,2022-09-08,51042989039,defillama
stable_usdc,2022-09-09,50997992027,defillama
stable_usdc,2022-09-10,51050879465,defillama
stable_usdc,2022-09-11,51019974301,defillama
stable_usdc,2022-09-12,50936944872,defillama
stable_usdc,2022-09-13,50809493417,defillama
stable_usdc,2022-09-14,50681108642,defillama
stable_usdc,2022-09-15,50084380811,defillama
stable_usdc,2022-09-16,49669098319,defillama
stable_usdc,2022-09-17,49526524592,defillama
stable_usdc,2022-09-18,49515350023,defillama
stable_usdc,2022-09-19,49499176315,defillama
stable_usdc,2022-09-20,49340934604,defillama
stable_usdc,2022-09-21,49506165304,defillama
stable_usdc,2022-09-22,49308982073,defillama
stable_usdc,2022-09-23,49231187798,defillama
stable_usdc,2022-09-24,49073761635,defillama
stable_usdc,2022-09-25,49050254408,defillama
stable_usdc,2022-09-26,48807362387,defillama
stable_usdc,2022-09-27,48625214021,defillama
stable_usdc,2022-09-28,48518903644,defillama
stable_usdc,2022-09-29,48205971524,defillama
stable_usdc,2022-09-30,47899407163,defillama
stable_usdc,2022-10-01,46619611047,defillama
stable_usdc,2022-10-02,46613738497,defillama
stable_usdc,2022-10-03,46678435900,defillama
stable_usdc,2022-10-04,46509624316,defillama
stable_usdc,2022-10-05,46006787853,defillama
stable_usdc,2022-10-06,45736691972,defillama
stable_usdc,2022-10-07,45539319447,defillama
stable_usdc,2022-10-08,45431686757,defillama
stable_usdc,2022-10-09,45389156713,defillama
stable_usdc,2022-10-10,45387752873,defillama
stable_usdc,2022-10-11,45316481882,defillama
stable_usdc,2022-10-12,45255103527,defillama
stable_usdc,2022-10-13,45090996045,defillama
stable_usdc,2022-10-14,44710075515,defillama
stable_usdc,2022-10-15,44349247940,defillama
stable_usdc,2022-10-16,44337665611,defillama
stable_usdc,2022-10-17,44334672292,defillama
stable_usdc,2022-10-18,44108792498,defillama
stable_usdc,2022-10-19,43885450342,defillama
stable_usdc,2022-10-20,43683773734,defillama
stable_usdc,2022-10-21,43252431223,defillama
stable_usdc,2022-10-22,43191998530,defillama
stable_usdc,2022-10-23,43255109248,defillama
stable_usdc,2022-10-24,43265485869,defillama
stable_usdc,2022-10-25,43123867342,defillama
stable_usdc,2022-10-26,43137558850,defillama
stable_usdc,2022-10-27,43178435516,defillama
stable_usdc,2022-10-28,43194850028,defillama
stable_usdc,2022-10-29,43077339412,defillama
stable_usdc,2022-10-30,43028537876,defillama
stable_usdc,2022-10-31,43017550469,defillama
stable_usdc,2022-11-01,42748681429,defillama
stable_usdc,2022-11-02,42330104077,defillama
stable_usdc,2022-11-03,41843624998,defillama
stable_usdc,2022-11-04,41395137770,defillama
stable_usdc,2022-11-05,41416693167,defillama
stable_usdc,2022-11-06,41336999807,defillama
stable_usdc,2022-11-07,41698583675,defillama
stable_usdc,2022-11-08,42489263465,defillama
stable_usdc,2022-11-09,42129207127,defillama
stable_usdc,2022-11-10,42218821815,defillama
stable_usdc,2022-11-11,42834596770,defillama
stable_usdc,2022-11-12,43340036858,defillama
stable_usdc,2022-11-13,43482420930,defillama
stable_usdc,2022-11-14,43446544668,defillama
stable_usdc,2022-11-15,43488762547,defillama
stable_usdc,2022-11-16,43800330700,defillama
stable_usdc,2022-11-17,43758235994,defillama
stable_usdc,2022-11-18,43507651864,defillama
stable_usdc,2022-11-19,43791914996,defillama
stable_usdc,2022-11-20,43843771600,defillama
stable_usdc,2022-11-21,43914502290,defillama
stable_usdc,2022-11-22,43519430981,defillama
stable_usdc,2022-11-23,43534633893,defillama
stable_usdc,2022-11-24,43236266582,defillama
stable_usdc,2022-11-25,43430142436,defillama
stable_usdc,2022-11-26,43384627129,defillama
stable_usdc,2022-11-27,43567987310,defillama
stable_usdc,2022-11-28,43708198071,defillama
stable_usdc,2022-11-29,43181658625,defillama
stable_usdc,2022-11-30,42807756360,defillama
stable_usdc,2022-12-01,42739041583,defillama
stable_usdc,2022-12-02,42592471004,defillama
stable_usdc,2022-12-03,42733811728,defillama
stable_usdc,2022-12-04,42845723436,defillama
stable_usdc,2022-12-05,42974788845,defillama
stable_usdc,2022-12-06,42683118138,defillama
stable_usdc,2022-12-07,42543671065,defillama
stable_usdc,2022-12-08,42331667033,defillama
stable_usdc,2022-12-09,42292932213,defillama
stable_usdc,2022-12-10,42247074934,defillama
stable_usdc,2022-12-11,42290118369,defillama
stable_usdc,2022-12-12,42301377524,defillama
stable_usdc,2022-12-13,42074216724,defillama
stable_usdc,2022-12-14,44626616042,defillama
stable_usdc,2022-12-15,44688619058,defillama
stable_usdc,2022-12-16,44577243325,defillama
stable_usdc,2022-12-17,44346361183,defillama
stable_usdc,2022-12-18,44391601210,defillama
stable_usdc,2022-12-19,44423748797,defillama
stable_usdc,2022-12-20,44053252635,defillama
stable_usdc,2022-12-21,43990112230,defillama
stable_usdc,2022-12-22,43804615636,defillama
stable_usdc,2022-12-23,43739095673,defillama
stable_usdc,2022-12-24,43687642813,defillama
stable_usdc,2022-12-25,43824498695,defillama
stable_usdc,2022-12-26,43932373714,defillama
stable_usdc,2022-12-27,44029716309,defillama
stable_usdc,2022-12-28,43733866515,defillama
stable_usdc,2022-12-29,43974243040,defillama
stable_usdc,2022-12-30,44028750640,defillama
stable_usdc,2022-12-31,44099863896,defillama
stable_usdc,2023-01-01,44128050714,defillama
stable_usdc,2023-01-02,44187371838,defillama
stable_usdc,2023-01-03,44292114800,defillama
stable_usdc,2023-01-04,43755897726,defillama
stable_usdc,2023-01-05,43707557292,defillama
stable_usdc,2023-01-06,43299974347,defillama
stable_usdc,2023-01-07,43268699457,defillama
stable_usdc,2023-01-08,43387399345,defillama
stable_usdc,2023-01-09,43528571993,defillama
stable_usdc,2023-01-10,43178991852,defillama
stable_usdc,2023-01-11,43248929190,defillama
stable_usdc,2023-01-12,43376173705,defillama
stable_usdc,2023-01-13,43497346143,defillama
stable_usdc,2023-01-14,43019641206,defillama
stable_usdc,2023-01-15,43256713977,defillama
stable_usdc,2023-01-16,43471957434,defillama
stable_usdc,2023-01-17,43411669158,defillama
stable_usdc,2023-01-18,43137150755,defillama
stable_usdc,2023-01-19,42668616303,defillama
stable_usdc,2023-01-20,42558209004,defillama
stable_usdc,2023-01-21,42749802510,defillama
stable_usdc,2023-01-22,42928688531,defillama
stable_usdc,2023-01-23,43067678014,defillama
stable_usdc,2023-01-24,43061027705,defillama
stable_usdc,2023-01-25,43225760695,defillama
stable_usdc,2023-01-26,43129927507,defillama
stable_usdc,2023-01-27,42883164714,defillama
stable_usdc,2023-01-28,42651052010,defillama
stable_usdc,2023-01-29,42686584108,defillama
stable_usdc,2023-01-30,42566618284,defillama
stable_usdc,2023-01-31,42155501707,defillama
stable_usdc,2023-02-01,41871646731,defillama
stable_usdc,2023-02-02,41863253556,defillama
stable_usdc,2023-02-03,41916156505,defillama
stable_usdc,2023-02-04,41463032779,defillama
stable_usdc,2023-02-05,41436743967,defillama
stable_usdc,2023-02-06,41495257893,defillama
stable_usdc,2023-02-07,41342044374,defillama
stable_usdc,2023-02-08,41168900667,defillama
stable_usdc,2023-02-09,41006514986,defillama
stable_usdc,2023-02-10,40981967912,defillama
stable_usdc,2023-02-11,40852727448,defillama
stable_usdc,2023-02-12,40781641461,defillama
stable_usdc,2023-02-13,40709074101,defillama
stable_usdc,2023-02-14,40443960753,defillama
stable_usdc,2023-02-15,40525652946,defillama
stable_usdc,2023-02-16,40975801486,defillama
stable_usdc,2023-02-17,41155854966,defillama
stable_usdc,2023-02-18,41399631618,defillama
stable_usdc,2023-02-19,41361539306,defillama
stable_usdc,2023-02-20,41409293788,defillama
stable_usdc,2023-02-21,41474981309,defillama
stable_usdc,2023-02-22,41628495125,defillama
stable_usdc,2023-02-23,41656338630,defillama
stable_usdc,2023-02-24,41792319067,defillama
stable_usdc,2023-02-25,42043206419,defillama
stable_usdc,2023-02-26,42116692266,defillama
stable_usdc,2023-02-27,42161843277,defillama
stable_usdc,2023-02-28,42130176064,defillama
stable_usdc,2023-03-01,41998033686,defillama
stable_usdc,2023-03-02,42086086516,defillama
stable_usdc,2023-03-03,42693916969,defillama
stable_usdc,2023-03-04,42990691625,defillama
stable_usdc,2023-03-05,43224112097,defillama
stable_usdc,2023-03-06,43489028917,defillama
stable_usdc,2023-03-07,43288611943,defillama
stable_usdc,2023-03-08,43227648530,defillama
stable_usdc,2023-03-09,43197203559,defillama
stable_usdc,2023-03-10,43176044700,defillama
stable_usdc,2023-03-11,42200261242,defillama
stable_usdc,2023-03-12,40661099587,defillama
stable_usdc,2023-03-13,40468620896,defillama
stable_usdc,2023-03-14,39082309637,defillama
stable_usdc,2023-03-15,38107230325,defillama
stable_usdc,2023-03-16,37201853852,defillama
stable_usdc,2023-03-17,36625309641,defillama
stable_usdc,2023-03-18,35900827555,defillama
stable_usdc,2023-03-19,35896107315,defillama
stable_usdc,2023-03-20,35864646603,defillama
stable_usdc,2023-03-21,35127847500,defillama
stable_usdc,2023-03-22,35018475849,defillama
stable_usdc,2023-03-23,34561811567,defillama
stable_usdc,2023-03-24,34226726304,defillama
stable_usdc,2023-03-25,33699932832,defillama
stable_usdc,2023-03-26,33687836176,defillama
stable_usdc,2023-03-27,33654085958,defillama
stable_usdc,2023-03-28,33230005206,defillama
stable_usdc,2023-03-29,32934314212,defillama
stable_usdc,2023-03-30,32892475877,defillama
stable_usdc,2023-03-31,32596518671,defillama
stable_usdc,2023-04-01,32263624903,defillama
stable_usdc,2023-04-02,32217032516,defillama
stable_usdc,2023-04-03,32242579486,defillama
stable_usdc,2023-04-04,32407648440,defillama
stable_usdc,2023-04-05,32366379216,defillama
stable_usdc,2023-04-06,32292582445,defillama
stable_usdc,2023-04-07,32458357943,defillama
stable_usdc,2023-04-08,32368455615,defillama
stable_usdc,2023-04-09,32373973329,defillama
stable_usdc,2023-04-10,32348239340,defillama
stable_usdc,2023-04-11,32244073459,defillama
stable_usdc,2023-04-12,32190008800,defillama
stable_usdc,2023-04-13,31916012075,defillama
stable_usdc,2023-04-14,31778490748,defillama
stable_usdc,2023-04-15,31690139980,defillama
stable_usdc,2023-04-16,31679783075,defillama
stable_usdc,2023-04-17,31672385116,defillama
stable_usdc,2023-04-18,31515167319,defillama
stable_usdc,2023-04-19,31259252221,defillama
stable_usdc,2023-04-20,31024125150,defillama
stable_usdc,2023-04-21,30843626016,defillama
stable_usdc,2023-04-22,30624432910,defillama
stable_usdc,2023-04-23,30626893202,defillama
stable_usdc,2023-04-24,30664917788,defillama
stable_usdc,2023-04-25,30577494462,defillama
stable_usdc,2023-04-26,30584538650,defillama
stable_usdc,2023-04-27,30622150699,defillama
stable_usdc,2023-04-28,30345877099,defillama
stable_usdc,2023-04-29,30371295833,defillama
stable_usdc,2023-04-30,30383345254,defillama
stable_usdc,2023-05-01,30377707020,defillama
stable_usdc,2023-05-02,30250696805,defillama
stable_usdc,2023-05-03,30092013409,defillama
stable_usdc,2023-05-04,30054378366,defillama
stable_usdc,2023-05-05,29976504364,defillama
stable_usdc,2023-05-06,30248649114,defillama
stable_usdc,2023-05-07,30250436795,defillama
stable_usdc,2023-05-08,30246077309,defillama
stable_usdc,2023-05-09,30070588797,defillama
stable_usdc,2023-05-10,29969310073,defillama
stable_usdc,2023-05-11,29953642808,defillama
stable_usdc,2023-05-12,29777410301,defillama
stable_usdc,2023-05-13,29824998855,defillama
stable_usdc,2023-05-14,29831494602,defillama
stable_usdc,2023-05-15,29791341213,defillama
stable_usdc,2023-05-16,29648720457,defillama
stable_usdc,2023-05-17,29547500679,defillama
stable_usdc,2023-05-18,29389266617,defillama
stable_usdc,2023-05-19,29511174727,defillama
stable_usdc,2023-05-20,29423527449,defillama
stable_usdc,2023-05-21,29422981307,defillama
stable_usdc,2023-05-22,29413145320,defillama
stable_usdc,2023-05-23,29297607147,defillama
stable_usdc,2023-05-24,29159242313,defillama
stable_usdc,2023-05-25,28941549928,defillama
stable_usdc,2023-05-26,28872556088,defillama
stable_usdc,2023-05-27,28895224890,defillama
stable_usdc,2023-05-28,28872583112,defillama
stable_usdc,2023-05-29,28850915125,defillama
stable_usdc,2023-05-30,28895495640,defillama
stable_usdc,2023-05-31,28822973056,defillama
stable_usdc,2023-06-01,28665011224,defillama
stable_usdc,2023-06-02,28740695806,defillama
stable_usdc,2023-06-03,28776788278,defillama
stable_usdc,2023-06-04,28766911374,defillama
stable_usdc,2023-06-05,28770478586,defillama
stable_usdc,2023-06-06,28690969178,defillama
stable_usdc,2023-06-07,28537436828,defillama
stable_usdc,2023-06-08,28388688620,defillama
stable_usdc,2023-06-09,28288057737,defillama
stable_usdc,2023-06-10,28120319455,defillama
stable_usdc,2023-06-11,28181539134,defillama
stable_usdc,2023-06-12,28202990012,defillama
stable_usdc,2023-06-13,28118370623,defillama
stable_usdc,2023-06-14,27986919456,defillama
stable_usdc,2023-06-15,27888345408,defillama
stable_usdc,2023-06-16,28004076314,defillama
stable_usdc,2023-06-17,28145000251,defillama
stable_usdc,2023-06-18,28140675825,defillama
stable_usdc,2023-06-19,28130413960,defillama
stable_usdc,2023-06-20,28249176070,defillama
stable_usdc,2023-06-21,28346860716,defillama
stable_usdc,2023-06-22,28232880812,defillama
stable_usdc,2023-06-23,28206917825,defillama
stable_usdc,2023-06-24,28211878780,defillama
stable_usdc,2023-06-25,28223195845,defillama
stable_usdc,2023-06-26,28224054250,defillama
stable_usdc,2023-06-27,28127374900,defillama
stable_usdc,2023-06-28,27979425219,defillama
stable_usdc,2023-06-29,27866383227,defillama
stable_usdc,2023-06-30,27724620748,defillama
stable_usdc,2023-07-01,27132925414,defillama
stable_usdc,2023-07-02,27152516863,defillama
stable_usdc,2023-07-03,27157152929,defillama
stable_usdc,2023-07-04,27438030473,defillama
stable_usdc,2023-07-05,27468737486,defillama
stable_usdc,2023-07-06,27415757731,defillama
stable_usdc,2023-07-07,27272490404,defillama
stable_usdc,2023-07-08,27213544329,defillama
stable_usdc,2023-07-09,27211802158,defillama
stable_usdc,2023-07-10,27216440803,defillama
stable_usdc,2023-07-11,27109264131,defillama
stable_usdc,2023-07-12,27060818639,defillama
stable_usdc,2023-07-13,26988918818,defillama
stable_usdc,2023-07-14,27155801117,defillama
stable_usdc,2023-07-15,27016341485,defillama
stable_usdc,2023-07-16,27025204611,defillama
stable_usdc,2023-07-17,27045950391,defillama
stable_usdc,2023-07-18,26816244126,defillama
stable_usdc,2023-07-19,26746754219,defillama
stable_usdc,2023-07-20,26634551829,defillama
stable_usdc,2023-07-21,26582269438,defillama
stable_usdc,2023-07-22,26534110284,defillama
stable_usdc,2023-07-23,26526966073,defillama
stable_usdc,2023-07-24,26519666418,defillama
stable_usdc,2023-07-25,26397964508,defillama
stable_usdc,2023-07-26,26322031148,defillama
stable_usdc,2023-07-27,26233307648,defillama
stable_usdc,2023-07-28,26251972715,defillama
stable_usdc,2023-07-29,26224182963,defillama
stable_usdc,2023-07-30,26262929510,defillama
stable_usdc,2023-07-31,26261362184,defillama
stable_usdc,2023-08-01,26195419435,defillama
stable_usdc,2023-08-02,25989002607,defillama
stable_usdc,2023-08-03,25864742745,defillama
stable_usdc,2023-08-04,25765219602,defillama
stable_usdc,2023-08-05,25690465626,defillama
stable_usdc,2023-08-06,25688180548,defillama
stable_usdc,2023-08-07,25686797963,defillama
stable_usdc,2023-08-08,25811578349,defillama
stable_usdc,2023-08-09,25956408430,defillama
stable_usdc,2023-08-10,25945179045,defillama
stable_usdc,2023-08-11,25815464791,defillama
stable_usdc,2023-08-12,25782353613,defillama
stable_usdc,2023-08-13,25823761081,defillama
stable_usdc,2023-08-14,25853211025,defillama
stable_usdc,2023-08-15,25662906710,defillama
stable_usdc,2023-08-16,25703967100,defillama
stable_usdc,2023-08-17,25742157859,defillama
stable_usdc,2023-08-18,25790323246,defillama
stable_usdc,2023-08-19,25457553060,defillama
stable_usdc,2023-08-20,25644378207,defillama
stable_usdc,2023-08-21,25649020295,defillama
stable_usdc,2023-08-22,25646447437,defillama
stable_usdc,2023-08-23,25592161638,defillama
stable_usdc,2023-08-24,25680714466,defillama
stable_usdc,2023-08-25,25569315469,defillama
stable_usdc,2023-08-26,25635926640,defillama
stable_usdc,2023-08-27,25688679094,defillama
stable_usdc,2023-08-28,25746763037,defillama
stable_usdc,2023-08-29,25733184247,defillama
stable_usdc,2023-08-30,25869198762,defillama
stable_usdc,2023-08-31,25827476369,defillama
stable_usdc,2023-09-01,25914941130,defillama
stable_usdc,2023-09-02,25857627495,defillama
stable_usdc,2023-09-03,25870674648,defillama
stable_usdc,2023-09-04,25916593491,defillama
stable_usdc,2023-09-05,25760615013,defillama
stable_usdc,2023-09-06,25596726929,defillama
stable_usdc,2023-09-07,25579952964,defillama
stable_usdc,2023-09-08,25419930515,defillama
stable_usdc,2023-09-09,25550154541,defillama
stable_usdc,2023-09-10,25580353050,defillama
stable_usdc,2023-09-11,25640222570,defillama
stable_usdc,2023-09-12,25571258531,defillama
stable_usdc,2023-09-13,25675045073,defillama
stable_usdc,2023-09-14,25714552942,defillama
stable_usdc,2023-09-15,25670470756,defillama
stable_usdc,2023-09-16,25612143584,defillama
stable_usdc,2023-09-17,25666974546,defillama
stable_usdc,2023-09-18,25671163379,defillama
stable_usdc,2023-09-19,25634462258,defillama
stable_usdc,2023-09-20,25560926090,defillama
stable_usdc,2023-09-21,25479830926,defillama
stable_usdc,2023-09-22,25298919373,defillama
stable_usdc,2023-09-23,25252642283,defillama
stable_usdc,2023-09-24,25266630378,defillama
stable_usdc,2023-09-25,25272353934,defillama
stable_usdc,2023-09-26,25091997278,defillama
stable_usdc,2023-09-27,25071733285,defillama
stable_usdc,2023-09-28,24940524453,defillama
stable_usdc,2023-09-29,25104355641,defillama
stable_usdc,2023-09-30,24719546593,defillama
stable_usdc,2023-10-01,24776652510,defillama
stable_usdc,2023-10-02,24801192130,defillama
stable_usdc,2023-10-03,24938605244,defillama
stable_usdc,2023-10-04,24796660212,defillama
stable_usdc,2023-10-05,24718523751,defillama
stable_usdc,2023-10-06,24713919407,defillama
stable_usdc,2023-10-07,24987213634,defillama
stable_usdc,2023-10-08,25015532573,defillama
stable_usdc,2023-10-09,25030759136,defillama
stable_usdc,2023-10-10,24999133168,defillama
stable_usdc,2023-10-11,24879384406,defillama
stable_usdc,2023-10-12,24713509050,defillama
stable_usdc,2023-10-13,24604428204,defillama
stable_usdc,2023-10-14,24570148280,defillama
stable_usdc,2023-10-15,24602589236,defillama
stable_usdc,2023-10-16,24669094048,defillama
stable_usdc,2023-10-17,24740884768,defillama
stable_usdc,2023-10-18,24768367449,defillama
stable_usdc,2023-10-19,24761705567,defillama
stable_usdc,2023-10-20,24867638703,defillama
stable_usdc,2023-10-21,24916454497,defillama
stable_usdc,2023-10-22,24939168495,defillama
stable_usdc,2023-10-23,24928945517,defillama
stable_usdc,2023-10-24,24838422096,defillama
stable_usdc,2023-10-25,24437827441,defillama
stable_usdc,2023-10-26,24555653839,defillama
stable_usdc,2023-10-27,24524779067,defillama
stable_usdc,2023-10-28,24380740868,defillama
stable_usdc,2023-10-29,24413937127,defillama
stable_usdc,2023-10-30,24458926812,defillama
stable_usdc,2023-10-31,24344687407,defillama
stable_usdc,2023-11-01,24176878457,defillama
stable_usdc,2023-11-02,24161194972,defillama
stable_usdc,2023-11-03,23867421193,defillama
stable_usdc,2023-11-04,23899424368,defillama
stable_usdc,2023-11-05,23982608181,defillama
stable_usdc,2023-11-06,24003236380,defillama
stable_usdc,2023-11-07,23817430639,defillama
stable_usdc,2023-11-08,23752297148,defillama
stable_usdc,2023-11-09,23618587003,defillama
stable_usdc,2023-11-10,23500780589,defillama
stable_usdc,2023-11-11,23518074759,defillama
stable_usdc,2023-11-12,23580366142,defillama
stable_usdc,2023-11-13,23634897489,defillama
stable_usdc,2023-11-14,23396607702,defillama
stable_usdc,2023-11-15,23187038999,defillama
stable_usdc,2023-11-16,23442920950,defillama
stable_usdc,2023-11-17,23507080006,defillama
stable_usdc,2023-11-18,23757478112,defillama
stable_usdc,2023-11-19,23770394758,defillama
stable_usdc,2023-11-20,23813281719,defillama
stable_usdc,2023-11-21,23853840231,defillama
stable_usdc,2023-11-22,23700765516,defillama
stable_usdc,2023-11-23,23740658670,defillama
stable_usdc,2023-11-24,23754368571,defillama
stable_usdc,2023-11-25,23978886257,defillama
stable_usdc,2023-11-26,23976050681,defillama
stable_usdc,2023-11-27,23920388873,defillama
stable_usdc,2023-11-28,23680900263,defillama
stable_usdc,2023-11-29,23856423201,defillama
stable_usdc,2023-11-30,23762150801,defillama
stable_usdc,2023-12-01,23807958530,defillama
stable_usdc,2023-12-02,23815559024,defillama
stable_usdc,2023-12-03,23799118337,defillama
stable_usdc,2023-12-04,23774520696,defillama
stable_usdc,2023-12-05,23642787409,defillama
stable_usdc,2023-12-06,23554487025,defillama
stable_usdc,2023-12-07,23541269425,defillama
stable_usdc,2023-12-08,23600185435,defillama
stable_usdc,2023-12-09,23763399955,defillama
stable_usdc,2023-12-10,23800765636,defillama
stable_usdc,2023-12-11,23805577094,defillama
stable_usdc,2023-12-12,23405513901,defillama
stable_usdc,2023-12-13,23298020237,defillama
stable_usdc,2023-12-14,23542287871,defillama
stable_usdc,2023-12-15,23650623842,defillama
stable_usdc,2023-12-16,23757991956,defillama
stable_usdc,2023-12-17,23767281924,defillama
stable_usdc,2023-12-18,23719180948,defillama
stable_usdc,2023-12-19,23869459276,defillama
stable_usdc,2023-12-20,24105525681,defillama
stable_usdc,2023-12-21,24231924976,defillama
stable_usdc,2023-12-22,24138399413,defillama
stable_usdc,2023-12-23,24409485162,defillama
stable_usdc,2023-12-24,24426184285,defillama
stable_usdc,2023-12-25,24451863876,defillama
stable_usdc,2023-12-26,24400862987,defillama
stable_usdc,2023-12-27,24063409418,defillama
stable_usdc,2023-12-28,24222944015,defillama
stable_usdc,2023-12-29,24172541481,defillama
stable_usdc,2023-12-30,24112008590,defillama
stable_usdc,2023-12-31,24025552613,defillama
stable_usdc,2024-01-01,23863493722,defillama
stable_usdc,2024-01-02,23950386290,defillama
stable_usdc,2024-01-03,24114881441,defillama
stable_usdc,2024-01-04,24266940179,defillama
stable_usdc,2024-01-05,24353067798,defillama
stable_usdc,2024-01-06,24589809397,defillama
stable_usdc,2024-01-07,24613313653,defillama
stable_usdc,2024-01-08,24612675797,defillama
stable_usdc,2024-01-09,24550664243,defillama
stable_usdc,2024-01-10,24394441160,defillama
stable_usdc,2024-01-11,24396846035,defillama
stable_usdc,2024-01-12,24405992701,defillama
stable_usdc,2024-01-13,24482663795,defillama
stable_usdc,2024-01-14,24571655907,defillama
stable_usdc,2024-01-15,24570818353,defillama
stable_usdc,2024-01-16,24556922461,defillama
stable_usdc,2024-01-17,24534036327,defillama
stable_usdc,2024-01-18,24772680029,defillama
stable_usdc,2024-01-19,24728677091,defillama
stable_usdc,2024-01-20,24657925376,defillama
stable_usdc,2024-01-21,24798972412,defillama
stable_usdc,2024-01-22,24821227894,defillama
stable_usdc,2024-01-23,24674962523,defillama
stable_usdc,2024-01-24,24711208898,defillama
stable_usdc,2024-01-25,24821272237,defillama
stable_usdc,2024-01-26,24981649927,defillama
stable_usdc,2024-01-27,25051595734,defillama
stable_usdc,2024-01-28,25108525962,defillama
stable_usdc,2024-01-29,25131033620,defillama
stable_usdc,2024-01-30,25374565041,defillama
stable_usdc,2024-01-31,25610422713,defillama
stable_usdc,2024-02-01,25842279664,defillama
stable_usdc,2024-02-02,25781117066,defillama
stable_usdc,2024-02-03,25897770065,defillama
stable_usdc,2024-02-04,25949372718,defillama
stable_usdc,2024-02-05,25994030471,defillama
stable_usdc,2024-02-06,25966881238,defillama
stable_usdc,2024-02-07,26217899254,defillama
stable_usdc,2024-02-08,26414784653,defillama
stable_usdc,2024-02-09,26616157472,defillama
stable_usdc,2024-02-10,26806565845,defillama
stable_usdc,2024-02-11,26826968671,defillama
stable_usdc,2024-02-12,26803610811,defillama
stable_usdc,2024-02-13,26657271501,defillama
stable_usdc,2024-02-14,26715501557,defillama
stable_usdc,2024-02-15,26884937563,defillama
stable_usdc,2024-02-16,26962603158,defillama
stable_usdc,2024-02-17,26960510313,defillama
stable_usdc,2024-02-18,26965558239,defillama
stable_usdc,2024-02-19,26923120421,defillama
stable_usdc,2024-02-20,26884372118,defillama
stable_usdc,2024-02-21,26849138162,defillama
stable_usdc,2024-02-22,26905476515,defillama
stable_usdc,2024-02-23,26853304821,defillama
stable_usdc,2024-02-24,26941129038,defillama
stable_usdc,2024-02-25,26990807634,defillama
stable_usdc,2024-02-26,27016393884,defillama
stable_usdc,2024-02-27,27248948581,defillama
stable_usdc,2024-02-28,27196072647,defillama
stable_usdc,2024-02-29,27347800752,defillama
stable_usdc,2024-03-01,27484804686,defillama
stable_usdc,2024-03-02,27673628724,defillama
stable_usdc,2024-03-03,27661749630,defillama
stable_usdc,2024-03-04,27603887693,defillama
stable_usdc,2024-03-05,27538326850,defillama
stable_usdc,2024-03-06,27464080572,defillama
stable_usdc,2024-03-07,27739878379,defillama
stable_usdc,2024-03-08,27884612179,defillama
stable_usdc,2024-03-09,28440553688,defillama
stable_usdc,2024-03-10,28481735114,defillama
stable_usdc,2024-03-11,28604591336,defillama
stable_usdc,2024-03-12,28972227031,defillama
stable_usdc,2024-03-13,28934440144,defillama
stable_usdc,2024-03-14,29227668673,defillama
stable_usdc,2024-03-15,29027559819,defillama
stable_usdc,2024-03-16,29367700856,defillama
stable_usdc,2024-03-17,29425677193,defillama
stable_usdc,2024-03-18,29351921177,defillama
stable_usdc,2024-03-19,29670459831,defillama
stable_usdc,2024-03-20,29690124696,defillama
stable_usdc,2024-03-21,29932564271,defillama
stable_usdc,2024-03-22,30332201522,defillama
stable_usdc,2024-03-23,30524444759,defillama
stable_usdc,2024-03-24,30547102777,defillama
stable_usdc,2024-03-25,30537647709,defillama
stable_usdc,2024-03-26,31565676685,defillama
stable_usdc,2024-03-27,31613745703,defillama
stable_usdc,2024-03-28,31416151474,defillama
stable_usdc,2024-03-29,31780276306,defillama
stable_usdc,2024-03-30,31841917385,defillama
stable_usdc,2024-03-31,31824931204,defillama
stable_usdc,2024-04-01,31790934909,defillama
stable_usdc,2024-04-02,31990864846,defillama
stable_usdc,2024-04-03,32165088086,defillama
stable_usdc,2024-04-04,32195126362,defillama
stable_usdc,2024-04-05,32336584375,defillama
stable_usdc,2024-04-06,32230297819,defillama
stable_usdc,2024-04-07,32255081128,defillama
stable_usdc,2024-04-08,32235006842,defillama
stable_usdc,2024-04-09,31925953622,defillama
stable_usdc,2024-04-10,31616443554,defillama
stable_usdc,2024-04-11,31517808937,defillama
stable_usdc,2024-04-12,31549341681,defillama
stable_usdc,2024-04-13,31264179381,defillama
stable_usdc,2024-04-14,31652420433,defillama
stable_usdc,2024-04-15,31594412347,defillama
stable_usdc,2024-04-16,31704938570,defillama
stable_usdc,2024-04-17,31899526710,defillama
stable_usdc,2024-04-18,29831505528,defillama
stable_usdc,2024-04-19,32394404539,defillama
stable_usdc,2024-04-20,30952792378,defillama
stable_usdc,2024-04-21,31005255269,defillama
stable_usdc,2024-04-22,33263733245,defillama
stable_usdc,2024-04-23,33113780540,defillama
stable_usdc,2024-04-24,32776174319,defillama
stable_usdc,2024-04-25,32776174319,defillama
stable_usdc,2024-04-26,32776174319,defillama
stable_usdc,2024-04-27,32776174319,defillama
stable_usdc,2024-04-28,32790717363,defillama
stable_usdc,2024-04-29,32786787070,defillama
stable_usdc,2024-04-30,32613350059,defillama
stable_usdc,2024-05-01,32769862308,defillama
stable_usdc,2024-05-02,32640836848,defillama
stable_usdc,2024-05-03,32789477418,defillama
stable_usdc,2024-05-04,33082677920,defillama
stable_usdc,2024-05-05,33212705768,defillama
stable_usdc,2024-05-06,33237118919,defillama
stable_usdc,2024-05-07,32871551343,defillama
stable_usdc,2024-05-08,32892068111,defillama
stable_usdc,2024-05-09,32705018689,defillama
stable_usdc,2024-05-10,32712102979,defillama
stable_usdc,2024-05-11,32712591902,defillama
stable_usdc,2024-05-12,32726303585,defillama
stable_usdc,2024-05-13,32720396210,defillama
stable_usdc,2024-05-14,32748090146,defillama
stable_usdc,2024-05-15,32521671358,defillama
stable_usdc,2024-05-16,32898068053,defillama
stable_usdc,2024-05-17,32945131445,defillama
stable_usdc,2024-05-18,33084845335,defillama
stable_usdc,2024-05-19,33173562154,defillama
stable_usdc,2024-05-20,33132170908,defillama
stable_usdc,2024-05-21,32958614965,defillama
stable_usdc,2024-05-22,32723866745,defillama
stable_usdc,2024-05-23,32736190566,defillama
stable_usdc,2024-05-24,32401500028,defillama
stable_usdc,2024-05-25,32405022322,defillama
stable_usdc,2024-05-26,32363989613,defillama
stable_usdc,2024-05-27,32272615585,defillama
stable_usdc,2024-05-28,32185054949,defillama
stable_usdc,2024-05-29,31937897151,defillama
stable_usdc,2024-05-30,31803642258,defillama
stable_usdc,2024-05-31,31980740966,defillama
stable_usdc,2024-06-01,32034473251,defillama
stable_usdc,2024-06-02,31988646227,defillama
stable_usdc,2024-06-03,31991608304,defillama
stable_usdc,2024-06-04,31942582612,defillama
stable_usdc,2024-06-05,32025618319,defillama
stable_usdc,2024-06-06,32181050388,defillama
stable_usdc,2024-06-07,32124188766,defillama
stable_usdc,2024-06-08,31834632607,defillama
stable_usdc,2024-06-09,31808895978,defillama
stable_usdc,2024-06-10,31822150979,defillama
stable_usdc,2024-06-11,31705178599,defillama
stable_usdc,2024-06-12,31731991876,defillama
stable_usdc,2024-06-13,32004866980,defillama
stable_usdc,2024-06-14,32182896477,defillama
stable_usdc,2024-06-15,32295116493,defillama
stable_usdc,2024-06-16,32042724892,defillama
stable_usdc,2024-06-17,32086373097,defillama
stable_usdc,2024-06-18,32057726951,defillama
stable_usdc,2024-06-19,32387564199,defillama
stable_usdc,2024-06-20,32393738738,defillama
stable_usdc,2024-06-21,32202287401,defillama
stable_usdc,2024-06-22,32283135151,defillama
stable_usdc,2024-06-23,32305268351,defillama
stable_usdc,2024-06-24,32281950157,defillama
stable_usdc,2024-06-25,32157441213,defillama
stable_usdc,2024-06-26,32376832298,defillama
stable_usdc,2024-06-27,32535459836,defillama
stable_usdc,2024-06-28,32249839223,defillama
stable_usdc,2024-06-29,31901796167,defillama
stable_usdc,2024-06-30,31870357355,defillama
stable_usdc,2024-07-01,31822097530,defillama
stable_usdc,2024-07-02,32096874642,defillama
stable_usdc,2024-07-03,32178206680,defillama
stable_usdc,2024-07-04,32396935312,defillama
stable_usdc,2024-07-05,32528521081,defillama
stable_usdc,2024-07-06,33226925563,defillama
stable_usdc,2024-07-07,33358010946,defillama
stable_usdc,2024-07-08,33350470878,defillama
stable_usdc,2024-07-09,33485526515,defillama
stable_usdc,2024-07-10,33579112244,defillama
stable_usdc,2024-07-11,33709067966,defillama
stable_usdc,2024-07-12,33579251630,defillama
stable_usdc,2024-07-13,33168662832,defillama
stable_usdc,2024-07-14,33571110505,defillama
stable_usdc,2024-07-15,33567281390,defillama
stable_usdc,2024-07-16,33534861013,defillama
stable_usdc,2024-07-17,33570247780,defillama
stable_usdc,2024-07-18,33374823978,defillama
stable_usdc,2024-07-19,33289055774,defillama
stable_usdc,2024-07-20,33556248642,defillama
stable_usdc,2024-07-21,33688606180,defillama
stable_usdc,2024-07-22,33560640016,defillama
stable_usdc,2024-07-23,33592678729,defillama
stable_usdc,2024-07-24,33738013822,defillama
stable_usdc,2024-07-25,33612787109,defillama
stable_usdc,2024-07-26,33374136025,defillama
stable_usdc,2024-07-27,33721211792,defillama
stable_usdc,2024-07-28,33744379813,defillama
stable_usdc,2024-07-29,33724328691,defillama
stable_usdc,2024-07-30,33338671490,defillama
stable_usdc,2024-07-31,33083244630,defillama
stable_usdc,2024-08-01,32975847532,defillama
stable_usdc,2024-08-02,32554955077,defillama
stable_usdc,2024-08-03,32589592799,defillama
stable_usdc,2024-08-04,32705368390,defillama
stable_usdc,2024-08-05,32831859620,defillama
stable_usdc,2024-08-06,33320174780,defillama
stable_usdc,2024-08-07,33808347110,defillama
stable_usdc,2024-08-08,34056404496,defillama
stable_usdc,2024-08-09,34064648192,defillama
stable_usdc,2024-08-10,34001117090,defillama
stable_usdc,2024-08-11,34043435200,defillama
stable_usdc,2024-08-12,34025247833,defillama
stable_usdc,2024-08-13,34058003605,defillama
stable_usdc,2024-08-14,34029385017,defillama
stable_usdc,2024-08-15,34033979753,defillama
stable_usdc,2024-08-16,34102608602,defillama
stable_usdc,2024-08-17,34355462675,defillama
stable_usdc,2024-08-18,34378786343,defillama
stable_usdc,2024-08-19,34348233692,defillama
stable_usdc,2024-08-20,34441773839,defillama
stable_usdc,2024-08-21,34339670350,defillama
stable_usdc,2024-08-22,34442321418,defillama
stable_usdc,2024-08-23,34225560581,defillama
stable_usdc,2024-08-24,34466304100,defillama
stable_usdc,2024-08-25,34394484122,defillama
stable_usdc,2024-08-26,34343148851,defillama
stable_usdc,2024-08-27,34087886423,defillama
stable_usdc,2024-08-28,33820804202,defillama
stable_usdc,2024-08-29,33944435169,defillama
stable_usdc,2024-08-30,34419245011,defillama
stable_usdc,2024-08-31,34509386329,defillama
stable_usdc,2024-09-01,34493737416,defillama
stable_usdc,2024-09-02,34523332736,defillama
stable_usdc,2024-09-03,34567470119,defillama
stable_usdc,2024-09-04,34432573004,defillama
stable_usdc,2024-09-05,34694349289,defillama
stable_usdc,2024-09-06,34703034575,defillama
stable_usdc,2024-09-07,34617185926,defillama
stable_usdc,2024-09-08,34722999642,defillama
stable_usdc,2024-09-09,34768456172,defillama
stable_usdc,2024-09-10,34887333593,defillama
stable_usdc,2024-09-11,35107738761,defillama
stable_usdc,2024-09-12,35144079209,defillama
stable_usdc,2024-09-13,35175581840,defillama
stable_usdc,2024-09-14,35524394816,defillama
stable_usdc,2024-09-15,35515079894,defillama
stable_usdc,2024-09-16,35491876581,defillama
stable_usdc,2024-09-17,35249878232,defillama
stable_usdc,2024-09-18,35405736481,defillama
stable_usdc,2024-09-19,35365866074,defillama
stable_usdc,2024-09-20,35387947380,defillama
stable_usdc,2024-09-21,35541185930,defillama
stable_usdc,2024-09-22,35611894842,defillama
stable_usdc,2024-09-23,35651896571,defillama
stable_usdc,2024-09-24,35609776107,defillama
stable_usdc,2024-09-25,35780423511,defillama
stable_usdc,2024-09-26,35816830806,defillama
stable_usdc,2024-09-27,36056633973,defillama
stable_usdc,2024-09-28,36058585407,defillama
stable_usdc,2024-09-29,36038353425,defillama
stable_usdc,2024-09-30,36002121763,defillama
stable_usdc,2024-10-01,35183237169,defillama
stable_usdc,2024-10-02,35308113870,defillama
stable_usdc,2024-10-03,35327000351,defillama
stable_usdc,2024-10-04,35300864970,defillama
stable_usdc,2024-10-05,35303828070,defillama
stable_usdc,2024-10-06,35353561263,defillama
stable_usdc,2024-10-07,35357850616,defillama
stable_usdc,2024-10-08,35098642783,defillama
stable_usdc,2024-10-09,34799002757,defillama
stable_usdc,2024-10-10,34532097909,defillama
stable_usdc,2024-10-11,34471039320,defillama
stable_usdc,2024-10-12,34715463651,defillama
stable_usdc,2024-10-13,34759320262,defillama
stable_usdc,2024-10-14,34727446159,defillama
stable_usdc,2024-10-15,34615883385,defillama
stable_usdc,2024-10-16,34626254298,defillama
stable_usdc,2024-10-17,34527890988,defillama
stable_usdc,2024-10-18,34460456278,defillama
stable_usdc,2024-10-19,34665504068,defillama
stable_usdc,2024-10-20,34669562630,defillama
stable_usdc,2024-10-21,34683804214,defillama
stable_usdc,2024-10-22,34420505363,defillama
stable_usdc,2024-10-23,34288248878,defillama
stable_usdc,2024-10-24,34055928888,defillama
stable_usdc,2024-10-25,34176177949,defillama
stable_usdc,2024-10-26,34394600051,defillama
stable_usdc,2024-10-27,34353139387,defillama
stable_usdc,2024-10-28,34379494587,defillama
stable_usdc,2024-10-29,34431370936,defillama
stable_usdc,2024-10-30,34500643590,defillama
stable_usdc,2024-10-31,34777501228,defillama
stable_usdc,2024-11-01,34428836790,defillama
stable_usdc,2024-11-02,34628613090,defillama
stable_usdc,2024-11-03,34816221826,defillama
stable_usdc,2024-11-04,34819119229,defillama
stable_usdc,2024-11-05,35032825651,defillama
stable_usdc,2024-11-06,35495702378,defillama
stable_usdc,2024-11-07,36778932850,defillama
stable_usdc,2024-11-08,36837551465,defillama
stable_usdc,2024-11-09,37080522523,defillama
stable_usdc,2024-11-10,36973238612,defillama
stable_usdc,2024-11-11,36898324678,defillama
stable_usdc,2024-11-12,36886004565,defillama
stable_usdc,2024-11-13,36453658694,defillama
stable_usdc,2024-11-14,36643380150,defillama
stable_usdc,2024-11-15,36835407938,defillama
stable_usdc,2024-11-16,36927137301,defillama
stable_usdc,2024-11-17,37072910422,defillama
stable_usdc,2024-11-18,37047044412,defillama
stable_usdc,2024-11-19,37334703629,defillama
stable_usdc,2024-11-20,37359206470,defillama
stable_usdc,2024-11-21,37853997311,defillama
stable_usdc,2024-11-22,38168544103,defillama
stable_usdc,2024-11-23,38798750042,defillama
stable_usdc,2024-11-24,39047159301,defillama
stable_usdc,2024-11-25,38981295280,defillama
stable_usdc,2024-11-26,38691389600,defillama
stable_usdc,2024-11-27,38536964162,defillama
stable_usdc,2024-11-28,39521814770,defillama
stable_usdc,2024-11-29,39413361184,defillama
stable_usdc,2024-11-30,39746464406,defillama
stable_usdc,2024-12-01,39865840343,defillama
stable_usdc,2024-12-02,40029815218,defillama
stable_usdc,2024-12-03,39902043704,defillama
stable_usdc,2024-12-04,40078216692,defillama
stable_usdc,2024-12-05,40638149207,defillama
stable_usdc,2024-12-06,40231975255,defillama
stable_usdc,2024-12-07,41136147069,defillama
stable_usdc,2024-12-08,41131834220,defillama
stable_usdc,2024-12-09,40969386687,defillama
stable_usdc,2024-12-10,40570582254,defillama
stable_usdc,2024-12-11,40746368258,defillama
stable_usdc,2024-12-12,41597995926,defillama
stable_usdc,2024-12-13,41535712753,defillama
stable_usdc,2024-12-14,41983548416,defillama
stable_usdc,2024-12-15,41995372080,defillama
stable_usdc,2024-12-16,42123004404,defillama
stable_usdc,2024-12-17,42395161081,defillama
stable_usdc,2024-12-18,42539086291,defillama
stable_usdc,2024-12-19,42340498552,defillama
stable_usdc,2024-12-20,42440941689,defillama
stable_usdc,2024-12-21,42762296991,defillama
stable_usdc,2024-12-22,42942740708,defillama
stable_usdc,2024-12-23,43015598519,defillama
stable_usdc,2024-12-24,43032426602,defillama
stable_usdc,2024-12-25,43051898387,defillama
stable_usdc,2024-12-26,43102087396,defillama
stable_usdc,2024-12-27,43474413403,defillama
stable_usdc,2024-12-28,43530143468,defillama
stable_usdc,2024-12-29,43637942884,defillama
stable_usdc,2024-12-30,43635466512,defillama
stable_usdc,2024-12-31,43825884044,defillama
stable_usdc,2025-01-01,43937243150,defillama
stable_usdc,2025-01-02,43688575678,defillama
stable_usdc,2025-01-03,44438565566,defillama
stable_usdc,2025-01-04,45354600315,defillama
stable_usdc,2025-01-05,45530602060,defillama
stable_usdc,2025-01-06,45571803332,defillama
stable_usdc,2025-01-07,45766768171,defillama
stable_usdc,2025-01-08,45483765590,defillama
stable_usdc,2025-01-09,45299722398,defillama
stable_usdc,2025-01-10,45428928639,defillama
stable_usdc,2025-01-11,45749299008,defillama
stable_usdc,2025-01-12,45752842777,defillama
stable_usdc,2025-01-13,45747612531,defillama
stable_usdc,2025-01-14,45618418063,defillama
stable_usdc,2025-01-15,45738260592,defillama
stable_usdc,2025-01-16,46249378942,defillama
stable_usdc,2025-01-17,46456612611,defillama
stable_usdc,2025-01-18,47418782083,defillama
stable_usdc,2025-01-19,47532720201,defillama
stable_usdc,2025-01-20,48228754020,defillama
stable_usdc,2025-01-21,48178477166,defillama
stable_usdc,2025-01-22,50873887564,defillama
stable_usdc,2025-01-23,51557366778,defillama
stable_usdc,2025-01-24,51963749610,defillama
stable_usdc,2025-01-25,52182714982,defillama
stable_usdc,2025-01-26,52129911436,defillama
stable_usdc,2025-01-27,52090923334,defillama
stable_usdc,2025-01-28,52357894765,defillama
stable_usdc,2025-01-29,52516661284,defillama
stable_usdc,2025-01-30,52580071526,defillama
stable_usdc,2025-01-31,53139562114,defillama
stable_usdc,2025-02-01,53307616280,defillama
stable_usdc,2025-02-02,53305126113,defillama
stable_usdc,2025-02-03,53342579974,defillama
stable_usdc,2025-02-04,54473269241,defillama
stable_usdc,2025-02-05,55006342689,defillama
stable_usdc,2025-02-06,55340707917,defillama
stable_usdc,2025-02-07,55700438368,defillama
stable_usdc,2025-02-08,56241432847,defillama
stable_usdc,2025-02-09,56013396596,defillama
stable_usdc,2025-02-10,56157297653,defillama
stable_usdc,2025-02-11,56144945460,defillama
stable_usdc,2025-02-12,56084052842,defillama
stable_usdc,2025-02-13,56045541773,defillama
stable_usdc,2025-02-14,56104910202,defillama
stable_usdc,2025-02-15,56399848127,defillama
stable_usdc,2025-02-16,56430534307,defillama
stable_usdc,2025-02-17,56485382945,defillama
stable_usdc,2025-02-18,56487109965,defillama
stable_usdc,2025-02-19,56243872726,defillama
stable_usdc,2025-02-20,56214009708,defillama
stable_usdc,2025-02-21,56216426123,defillama
stable_usdc,2025-02-22,57197162929,defillama
stable_usdc,2025-02-23,57098172000,defillama
stable_usdc,2025-02-24,57207742538,defillama
stable_usdc,2025-02-25,56581207853,defillama
stable_usdc,2025-02-26,56295739197,defillama
stable_usdc,2025-02-27,56070800854,defillama
stable_usdc,2025-02-28,55644719728,defillama
stable_usdc,2025-03-01,56439118978,defillama
stable_usdc,2025-03-02,56431084977,defillama
stable_usdc,2025-03-03,56444913701,defillama
stable_usdc,2025-03-04,56223346097,defillama
stable_usdc,2025-03-05,56543003142,defillama
stable_usdc,2025-03-06,57253427831,defillama
stable_usdc,2025-03-07,57261905251,defillama
stable_usdc,2025-03-08,58155297299,defillama
stable_usdc,2025-03-09,58114363177,defillama
stable_usdc,2025-03-10,58098036118,defillama
stable_usdc,2025-03-11,57865312775,defillama
stable_usdc,2025-03-12,58094447736,defillama
stable_usdc,2025-03-13,58435054898,defillama
stable_usdc,2025-03-14,58393894489,defillama
stable_usdc,2025-03-15,58644981038,defillama
stable_usdc,2025-03-16,58741712216,defillama
stable_usdc,2025-03-17,58678410477,defillama
stable_usdc,2025-03-18,58829451841,defillama
stable_usdc,2025-03-19,58856306093,defillama
stable_usdc,2025-03-20,59228005775,defillama
stable_usdc,2025-03-21,59365980716,defillama
stable_usdc,2025-03-22,59660481973,defillama
stable_usdc,2025-03-23,59598492875,defillama
stable_usdc,2025-03-24,59741013815,defillama
stable_usdc,2025-03-25,59772731493,defillama
stable_usdc,2025-03-26,60122188931,defillama
stable_usdc,2025-03-27,60181897454,defillama
stable_usdc,2025-03-28,60223295877,defillama
stable_usdc,2025-03-29,60253064146,defillama
stable_usdc,2025-03-30,60301592649,defillama
stable_usdc,2025-03-31,60264872986,defillama
stable_usdc,2025-04-01,60141755212,defillama
stable_usdc,2025-04-02,60130023966,defillama
stable_usdc,2025-04-03,60674263451,defillama
stable_usdc,2025-04-04,60856319903,defillama
stable_usdc,2025-04-05,60559404506,defillama
stable_usdc,2025-04-06,60587997635,defillama
stable_usdc,2025-04-07,60365664257,defillama
stable_usdc,2025-04-08,60208660877,defillama
stable_usdc,2025-04-09,60119574145,defillama
stable_usdc,2025-04-10,59973924433,defillama
stable_usdc,2025-04-11,59951281285,defillama
stable_usdc,2025-04-12,60076679271,defillama
stable_usdc,2025-04-13,60069768704,defillama
stable_usdc,2025-04-14,60024999955,defillama
stable_usdc,2025-04-15,60253477042,defillama
stable_usdc,2025-04-16,60413403728,defillama
stable_usdc,2025-04-17,60552429930,defillama
stable_usdc,2025-04-18,60916066222,defillama
stable_usdc,2025-04-19,60900318102,defillama
stable_usdc,2025-04-20,60899206375,defillama
stable_usdc,2025-04-21,60894831788,defillama
stable_usdc,2025-04-22,60945423744,defillama
stable_usdc,2025-04-23,61761862494,defillama
stable_usdc,2025-04-24,61927441588,defillama
stable_usdc,2025-04-25,62235315314,defillama
stable_usdc,2025-04-26,62415525365,defillama
stable_usdc,2025-04-27,62286522043,defillama
stable_usdc,2025-04-28,62107481912,defillama
stable_usdc,2025-04-29,62061041969,defillama
stable_usdc,2025-04-30,62039097421,defillama
stable_usdc,2025-05-01,61526472337,defillama
stable_usdc,2025-05-02,61578347668,defillama
stable_usdc,2025-05-03,61590877379,defillama
stable_usdc,2025-05-04,61564127498,defillama
stable_usdc,2025-05-05,61534505030,defillama
stable_usdc,2025-05-06,61778127495,defillama
stable_usdc,2025-05-07,60955931884,defillama
stable_usdc,2025-05-08,60914641753,defillama
stable_usdc,2025-05-09,60895892370,defillama
stable_usdc,2025-05-10,60696326145,defillama
stable_usdc,2025-05-11,60820431929,defillama
stable_usdc,2025-05-12,60801635618,defillama
stable_usdc,2025-05-13,60394565854,defillama
stable_usdc,2025-05-14,60132774580,defillama
stable_usdc,2025-05-15,60141238143,defillama
stable_usdc,2025-05-16,60083061353,defillama
stable_usdc,2025-05-17,60454761676,defillama
stable_usdc,2025-05-18,60400485375,defillama
stable_usdc,2025-05-19,60348769352,defillama
stable_usdc,2025-05-20,60030391309,defillama
stable_usdc,2025-05-21,60073124158,defillama
stable_usdc,2025-05-22,60747877180,defillama
stable_usdc,2025-05-23,60872525293,defillama
stable_usdc,2025-05-24,61282666764,defillama
stable_usdc,2025-05-25,61316726272,defillama
stable_usdc,2025-05-26,61265406144,defillama
stable_usdc,2025-05-27,61157993726,defillama
stable_usdc,2025-05-28,60916601401,defillama
stable_usdc,2025-05-29,60815590161,defillama
stable_usdc,2025-05-30,60610949844,defillama
stable_usdc,2025-05-31,60626705605,defillama
stable_usdc,2025-06-01,60572085105,defillama
stable_usdc,2025-06-02,60509667778,defillama
stable_usdc,2025-06-03,60678592151,defillama
stable_usdc,2025-06-04,60946475663,defillama
stable_usdc,2025-06-05,61131468608,defillama
stable_usdc,2025-06-06,60590144143,defillama
stable_usdc,2025-06-07,60667869783,defillama
stable_usdc,2025-06-08,60658782489,defillama
stable_usdc,2025-06-09,60653704343,defillama
stable_usdc,2025-06-10,60604413174,defillama
stable_usdc,2025-06-11,60626528692,defillama
stable_usdc,2025-06-12,60825163050,defillama
stable_usdc,2025-06-13,60741300007,defillama
stable_usdc,2025-06-14,61371511197,defillama
stable_usdc,2025-06-15,61319855243,defillama
stable_usdc,2025-06-16,61325008367,defillama
stable_usdc,2025-06-17,61197763903,defillama
stable_usdc,2025-06-18,61097319757,defillama
stable_usdc,2025-06-19,61211469006,defillama
stable_usdc,2025-06-20,61055394018,defillama
stable_usdc,2025-06-21,60823311681,defillama
stable_usdc,2025-06-22,60899502043,defillama
stable_usdc,2025-06-23,60860420365,defillama
stable_usdc,2025-06-24,61338513308,defillama
stable_usdc,2025-06-25,61601316068,defillama
stable_usdc,2025-06-26,61462201670,defillama
stable_usdc,2025-06-27,61379856179,defillama
stable_usdc,2025-06-28,61409457206,defillama
stable_usdc,2025-06-29,61409457206,defillama
stable_usdc,2025-06-30,61340894592,defillama
stable_usdc,2025-07-01,61233561658,defillama
stable_usdc,2025-07-02,61330570784,defillama
stable_usdc,2025-07-03,61468509751,defillama
stable_usdc,2025-07-04,61927821889,defillama
stable_usdc,2025-07-05,61813045112,defillama
stable_usdc,2025-07-06,61848765802,defillama
stable_usdc,2025-07-07,61914514809,defillama
stable_usdc,2025-07-08,61686814391,defillama
stable_usdc,2025-07-09,61668157447,defillama
stable_usdc,2025-07-10,62058362179,defillama
stable_usdc,2025-07-11,62560460911,defillama
stable_usdc,2025-07-12,63122747059,defillama
stable_usdc,2025-07-13,63290662904,defillama
stable_usdc,2025-07-14,63429308554,defillama
stable_usdc,2025-07-15,63155113222,defillama
stable_usdc,2025-07-16,62106490845,defillama
stable_usdc,2025-07-17,63136403196,defillama
stable_usdc,2025-07-18,64073956715,defillama
stable_usdc,2025-07-19,64369490258,defillama
stable_usdc,2025-07-20,64199001305,defillama
stable_usdc,2025-07-21,64073586853,defillama
stable_usdc,2025-07-22,64439196612,defillama
stable_usdc,2025-07-23,64484839683,defillama
stable_usdc,2025-07-24,64352254001,defillama
stable_usdc,2025-07-25,64818032731,defillama
stable_usdc,2025-07-26,64026821911,defillama
stable_usdc,2025-07-27,63975475317,defillama
stable_usdc,2025-07-28,63974615269,defillama
stable_usdc,2025-07-29,63649526706,defillama
stable_usdc,2025-07-30,63579399374,defillama
stable_usdc,2025-07-31,63695606561,defillama
stable_usdc,2025-08-01,63858929785,defillama
stable_usdc,2025-08-02,64009861543,defillama
stable_usdc,2025-08-03,63890957711,defillama
stable_usdc,2025-08-04,63866936618,defillama
stable_usdc,2025-08-05,64133803101,defillama
stable_usdc,2025-08-06,64316656761,defillama
stable_usdc,2025-08-07,64379034541,defillama
stable_usdc,2025-08-08,64515908845,defillama
stable_usdc,2025-08-09,65068392169,defillama
stable_usdc,2025-08-10,65070089243,defillama
stable_usdc,2025-08-11,64977770795,defillama
stable_usdc,2025-08-12,65241866879,defillama
stable_usdc,2025-08-13,66204397439,defillama
stable_usdc,2025-08-14,66807090008,defillama
stable_usdc,2025-08-15,67551596014,defillama
stable_usdc,2025-08-16,67931397144,defillama
stable_usdc,2025-08-17,67931397144,defillama
stable_usdc,2025-08-18,67909546656,defillama
stable_usdc,2025-08-19,67875713246,defillama
stable_usdc,2025-08-20,67470520222,defillama
stable_usdc,2025-08-21,67470520222,defillama
stable_usdc,2025-08-22,66676060318,defillama
stable_usdc,2025-08-23,66676060318,defillama
stable_usdc,2025-08-24,67172441165,defillama
stable_usdc,2025-08-25,67093456087,defillama
stable_usdc,2025-08-26,68727991544,defillama
stable_usdc,2025-08-27,68818681688,defillama
stable_usdc,2025-08-28,69123274261,defillama
stable_usdc,2025-08-29,70391528233,defillama
stable_usdc,2025-08-30,71373163040,defillama
stable_usdc,2025-08-31,71341964049,defillama
stable_usdc,2025-09-01,72049974781,defillama
stable_usdc,2025-09-02,71861411606,defillama
stable_usdc,2025-09-03,72106640210,defillama
stable_usdc,2025-09-04,72281330956,defillama
stable_usdc,2025-09-05,72238076383,defillama
stable_usdc,2025-09-06,72235878046,defillama
stable_usdc,2025-09-07,72206302689,defillama
stable_usdc,2025-09-08,72145141960,defillama
stable_usdc,2025-09-09,72185877168,defillama
stable_usdc,2025-09-10,72287339631,defillama
stable_usdc,2025-09-11,71921402310,defillama
stable_usdc,2025-09-12,72029014385,defillama
stable_usdc,2025-09-13,72595950971,defillama
stable_usdc,2025-09-14,72785742036,defillama
stable_usdc,2025-09-15,72800537352,defillama
stable_usdc,2025-09-16,72764259852,defillama
stable_usdc,2025-09-17,73207475526,defillama
stable_usdc,2025-09-18,73172467819,defillama
stable_usdc,2025-09-19,74010712386,defillama
stable_usdc,2025-09-20,73758281550,defillama
stable_usdc,2025-09-21,73574557395,defillama
stable_usdc,2025-09-22,73642796157,defillama
stable_usdc,2025-09-23,73760589980,defillama
stable_usdc,2025-09-24,73622311311,defillama
stable_usdc,2025-09-25,73729893288,defillama
stable_usdc,2025-09-26,73707162652,defillama
stable_usdc,2025-09-27,73514538066,defillama
stable_usdc,2025-09-28,73436316750,defillama
stable_usdc,2025-09-29,73347331002,defillama
stable_usdc,2025-09-30,73214277372,defillama
stable_usdc,2025-10-01,73642961212,defillama
stable_usdc,2025-10-02,73777519907,defillama
stable_usdc,2025-10-03,74099214899,defillama
stable_usdc,2025-10-04,75183499356,defillama
stable_usdc,2025-10-05,75105831548,defillama
stable_usdc,2025-10-06,74912337284,defillama
stable_usdc,2025-10-07,75148679444,defillama
stable_usdc,2025-10-08,75341515749,defillama
stable_usdc,2025-10-09,75310826205,defillama
stable_usdc,2025-10-10,75331286725,defillama
stable_usdc,2025-10-11,74782003364,defillama
stable_usdc,2025-10-12,75137167003,defillama
stable_usdc,2025-10-13,75282039353,defillama
stable_usdc,2025-10-14,75351059407,defillama
stable_usdc,2025-10-15,75860518084,defillama
stable_usdc,2025-10-16,75680208026,defillama
stable_usdc,2025-10-17,75681558830,defillama
stable_usdc,2025-10-18,75728951658,defillama
stable_usdc,2025-10-19,75641628357,defillama
stable_usdc,2025-10-20,75613370819,defillama
stable_usdc,2025-10-21,75824634449,defillama
stable_usdc,2025-10-22,76306245382,defillama
stable_usdc,2025-10-23,76054020114,defillama
stable_usdc,2025-10-24,76037162295,defillama
stable_usdc,2025-10-25,75996678803,defillama
stable_usdc,2025-10-26,75884447544,defillama
stable_usdc,2025-10-27,75832109356,defillama
stable_usdc,2025-10-28,75687574209,defillama
stable_usdc,2025-10-29,75767724438,defillama
stable_usdc,2025-10-30,75839252919,defillama
stable_usdc,2025-10-31,75561827029,defillama
stable_usdc,2025-11-01,75522646181,defillama
stable_usdc,2025-11-02,75496535300,defillama
stable_usdc,2025-11-03,75336932985,defillama
stable_usdc,2025-11-04,74976036923,defillama
stable_usdc,2025-11-05,74650691250,defillama
stable_usdc,2025-11-06,74803089779,defillama
stable_usdc,2025-11-07,74920844018,defillama
stable_usdc,2025-11-08,75414201438,defillama
stable_usdc,2025-11-09,75262040367,defillama
stable_usdc,2025-11-10,75278195173,defillama
stable_usdc,2025-11-11,75548040755,defillama
stable_usdc,2025-11-12,75513232607,defillama
stable_usdc,2025-11-13,75488730268,defillama
stable_usdc,2025-11-14,75039053895,defillama
stable_usdc,2025-11-15,74512961425,defillama
stable_usdc,2025-11-16,74386582866,defillama
stable_usdc,2025-11-17,74344757165,defillama
stable_usdc,2025-11-18,74353102162,defillama
stable_usdc,2025-11-19,74378487507,defillama
stable_usdc,2025-11-20,74127103178,defillama
stable_usdc,2025-11-21,73329673348,defillama
stable_usdc,2025-11-22,73590490103,defillama
stable_usdc,2025-11-23,73583121468,defillama
stable_usdc,2025-11-24,73519809773,defillama
stable_usdc,2025-11-25,74310233035,defillama
stable_usdc,2025-11-26,74764041712,defillama
stable_usdc,2025-11-27,75502521029,defillama
stable_usdc,2025-11-28,75731063225,defillama
stable_usdc,2025-11-29,76232241210,defillama
stable_usdc,2025-11-30,76261384667,defillama
stable_usdc,2025-12-01,76112349840,defillama
stable_usdc,2025-12-02,77002074502,defillama
stable_usdc,2025-12-03,77376936826,defillama
stable_usdc,2025-12-04,77574727817,defillama
stable_usdc,2025-12-05,77626613205,defillama
stable_usdc,2025-12-06,77822254378,defillama
stable_usdc,2025-12-07,77781643287,defillama
stable_usdc,2025-12-08,77761395823,defillama
stable_usdc,2025-12-09,78138457954,defillama
stable_usdc,2025-12-10,78095651209,defillama
stable_usdc,2025-12-11,78185014861,defillama
stable_usdc,2025-12-12,78567461160,defillama
stable_usdc,2025-12-13,78423998790,defillama
stable_usdc,2025-12-14,78355359299,defillama
stable_usdc,2025-12-15,78310744099,defillama
stable_usdc,2025-12-16,78208036258,defillama
stable_usdc,2025-12-17,78165831999,defillama
stable_usdc,2025-12-18,77983298164,defillama
stable_usdc,2025-12-19,77341285321,defillama
stable_usdc,2025-12-20,77117379270,defillama
stable_usdc,2025-12-21,77073197863,defillama
stable_usdc,2025-12-22,77028439292,defillama
stable_usdc,2025-12-23,77064482833,defillama
stable_usdc,2025-12-24,76839734256,defillama
stable_usdc,2025-12-25,76561361608,defillama
stable_usdc,2025-12-26,76473668777,defillama
stable_usdc,2025-12-27,76452764619,defillama
stable_usdc,2025-12-28,76372786121,defillama
stable_usdc,2025-12-29,76270278647,defillama
stable_usdc,2025-12-30,76007865440,defillama
stable_usdc,2025-12-31,76003970103,defillama
stable_usdc,2026-01-01,75312364733,defillama
stable_usdc,2026-01-02,75132503398,defillama
stable_usdc,2026-01-03,75288915416,defillama
stable_usdc,2026-01-04,75306641558,defillama
stable_usdc,2026-01-05,75375012020,defillama
stable_usdc,2026-01-06,75666723343,defillama
stable_usdc,2026-01-07,75482167416,defillama
stable_usdc,2026-01-08,75069992350,defillama
stable_usdc,2026-01-09,74923084420,defillama
stable_usdc,2026-01-10,74632467209,defillama
stable_usdc,2026-01-11,74596182890,defillama
stable_usdc,2026-01-12,74558603100,defillama
stable_usdc,2026-01-13,73977140735,defillama
stable_usdc,2026-01-14,74878925568,defillama
stable_usdc,2026-01-15,75687822294,defillama
stable_usdc,2026-01-16,76621049108,defillama
stable_usdc,2026-01-17,77119711944,defillama
stable_usdc,2026-01-18,77031538927,defillama
stable_usdc,2026-01-19,76768398593,defillama
stable_usdc,2026-01-20,76437212516,defillama
stable_usdc,2026-01-21,74497118677,defillama
stable_usdc,2026-01-22,74226424810,defillama
stable_usdc,2026-01-23,73636751175,defillama
stable_usdc,2026-01-24,72936917936,defillama
stable_usdc,2026-01-25,72559398810,defillama
stable_usdc,2026-01-26,72382705488,defillama
stable_usdc,2026-01-27,72032645906,defillama
stable_usdc,2026-01-28,71539998624,defillama
stable_usdc,2026-01-29,71294078029,defillama
stable_usdc,2026-01-30,70250401831,defillama
stable_usdc,2026-01-31,70020388978,defillama
stable_usdc,2026-02-01,70086068463,defillama
stable_usdc,2026-02-02,70338001812,defillama
stable_usdc,2026-02-03,70715185226,defillama
stable_usdc,2026-02-04,70860356564,defillama
stable_usdc,2026-02-05,70786876510,defillama
stable_usdc,2026-02-06,70551319297,defillama
stable_usdc,2026-02-07,72568034111,defillama
stable_usdc,2026-02-08,72719099879,defillama
stable_usdc,2026-02-09,72846879535,defillama
stable_usdc,2026-02-10,73035841605,defillama
stable_usdc,2026-02-11,73213052012,defillama
stable_usdc,2026-02-12,73354762682,defillama
stable_usdc,2026-02-13,73257305055,defillama
stable_usdc,2026-02-14,73560911040,defillama
stable_usdc,2026-02-15,73577053407,defillama
stable_usdc,2026-02-16,73704128354,defillama
stable_usdc,2026-02-17,73740960376,defillama
stable_usdc,2026-02-18,73559763039,defillama
stable_usdc,2026-02-19,73634544689,defillama
stable_usdc,2026-02-20,73794951760,defillama
stable_usdc,2026-02-21,74504560630,defillama
stable_usdc,2026-02-22,74407823468,defillama
stable_usdc,2026-02-23,74469491105,defillama
stable_usdc,2026-02-24,74776633616,defillama
stable_usdc,2026-02-25,74995415843,defillama
stable_usdc,2026-02-26,75430875769,defillama
stable_usdc,2026-02-27,75341602829,defillama
stable_usdc,2026-02-28,75294578206,defillama
stable_usdc,2026-03-01,75226382817,defillama
stable_usdc,2026-03-02,75229952120,defillama
stable_usdc,2026-03-03,75927178288,defillama
stable_usdc,2026-03-04,76379844350,defillama
stable_usdc,2026-03-05,77051592582,defillama
stable_usdc,2026-03-06,77210083386,defillama
stable_usdc,2026-03-07,77392088634,defillama
stable_usdc,2026-03-08,77301689983,defillama
stable_usdc,2026-03-09,77287342089,defillama
stable_usdc,2026-03-10,78255879302,defillama
stable_usdc,2026-03-11,78732373891,defillama
stable_usdc,2026-03-12,78801464378,defillama
stable_usdc,2026-03-13,78940784292,defillama
stable_usdc,2026-03-14,79248572784,defillama
stable_usdc,2026-03-15,79215217975,defillama
stable_usdc,2026-03-16,79189828626,defillama
stable_usdc,2026-03-17,79300344318,defillama
stable_usdc,2026-03-18,79625059847,defillama
stable_usdc,2026-03-19,79412405972,defillama
stable_usdc,2026-03-20,79262014410,defillama
stable_usdc,2026-03-21,79097935711,defillama
stable_usdc,2026-03-22,79043679832,defillama
stable_usdc,2026-03-23,79014808343,defillama
stable_usdc,2026-03-24,78688051771,defillama
stable_usdc,2026-03-25,78702027979,defillama
stable_usdc,2026-03-26,78702307580,defillama
stable_usdc,2026-03-27,78105931879,defillama
stable_usdc,2026-03-28,77744257277,defillama
stable_usdc,2026-03-29,77691200701,defillama
stable_usdc,2026-03-30,77613255450,defillama
stable_usdc,2026-03-31,77385924342,defillama
stable_usdc,2026-04-01,77128465833,defillama
stable_usdc,2026-04-02,77172711569,defillama
stable_usdc,2026-04-03,77214991524,defillama
stable_usdc,2026-04-04,77489380882,defillama
stable_usdc,2026-04-05,77457133206,defillama
stable_usdc,2026-04-06,77502952975,defillama
stable_usdc,2026-04-07,77806327646,defillama
stable_usdc,2026-04-08,77810765640,defillama
stable_usdc,2026-04-09,78194175338,defillama
stable_usdc,2026-04-10,78357752950,defillama
stable_usdc,2026-04-11,78777246935,defillama
stable_usdc,2026-04-12,78747362210,defillama
stable_usdc,2026-04-13,78692174054,defillama
stable_usdc,2026-04-14,78728827816,defillama
stable_usdc,2026-04-15,78874522468,defillama
stable_usdc,2026-04-16,78639229846,defillama
stable_usdc,2026-04-17,78791772290,defillama
stable_usdc,2026-04-18,78646776096,defillama
stable_usdc,2026-04-19,78596559390,defillama
stable_usdc,2026-04-20,78286249090,defillama
stable_usdc,2026-04-21,78359313309,defillama
stable_usdc,2026-04-22,78377024196,defillama
stable_usdc,2026-04-23,78424230440,defillama
stable_usdc,2026-04-24,78130445111,defillama
stable_usdc,2026-04-25,77893928009,defillama
stable_usdc,2026-04-26,77827971883,defillama
stable_usdc,2026-04-27,77888719762,defillama
stable_usdc,2026-04-28,77739956572,defillama
stable_usdc,2026-04-29,77610904554,defillama
stable_usdc,2026-04-30,77360195970,defillama
stable_usdc,2026-05-01,77275650554,defillama
stable_usdc,2026-05-02,77361967992,defillama
stable_usdc,2026-05-03,77353205385,defillama
stable_usdc,2026-05-04,77365561131,defillama
stable_usdc,2026-05-05,77927977273,defillama
stable_usdc,2026-05-06,78291368724,defillama
stable_usdc,2026-05-07,78382045908,defillama
stable_usdc,2026-05-08,78468387934,defillama
stable_usdc,2026-05-09,78029221903,defillama
stable_usdc,2026-05-10,77965736468,defillama
stable_usdc,2026-05-11,77965736468,defillama
stable_usdc,2026-05-12,77566151626,defillama
stable_usdc,2026-05-13,77203347488,defillama
stable_usdc,2026-05-14,76878764713,defillama
stable_usdc,2026-05-15,76742348014,defillama
stable_usdc,2026-05-16,77081393402,defillama
stable_usdc,2026-05-17,77058251187,defillama
stable_usdc,2026-05-18,77011638317,defillama
stable_usdc,2026-05-19,77043325925,defillama
stable_usdc,2026-05-20,76393906484,defillama
stable_usdc,2026-05-21,76303288156,defillama
stable_usdc,2026-05-22,77090457874,defillama
stable_usdc,2026-05-23,76637508732,defillama
stable_usdc,2026-05-24,76546057539,defillama
stable_usdc,2026-05-25,76508588654,defillama
stable_usdc,2026-05-26,76642526423,defillama
stable_usdc,2026-05-27,76618013304,defillama
stable_usdc,2026-05-28,76484214097,defillama
stable_usdc,2026-05-29,76296656845,defillama
stable_usdc,2026-05-30,76112551212,defillama
stable_usdc,2026-05-31,75916857660,defillama
stable_usdc,2026-06-01,75898768745,defillama
stable_usdc,2026-06-02,76030858007,defillama
stable_usdc,2026-06-03,76030849873,defillama
stable_usdc,2026-06-04,76139139321,defillama
stable_usdc,2026-06-05,75777945473,defillama
stable_usdc,2026-06-06,75622610895,defillama
stable_usdc,2026-06-07,75506165266,defillama
stable_usdc,2026-06-08,75775091915,defillama
stable_usdc,2026-06-09,76068885659,defillama
stable_usdc,2026-06-10,75140122857,defillama
stable_usdc,2026-06-11,75003922778,defillama
stable_usdc,2026-06-12,74927024813,defillama
stable_usdc,2026-06-13,74929049485,defillama
stable_usdc,2026-06-14,74921868034,defillama
stable_usdc,2026-06-15,74867993350,defillama
stable_usdc,2026-06-16,75075476083,defillama
stable_usdc,2026-06-17,75008754473,defillama
stable_usdc,2026-06-18,74824037840,defillama
stable_usdc,2026-06-19,74860897043,defillama
stable_usdc,2026-06-20,74951105633,defillama
stable_usdc,2026-06-21,74917759609,defillama
stable_usdc,2026-06-22,74936058506,defillama
stable_usdc,2026-06-23,74550072819,defillama
stable_usdc,2026-06-24,74185498429,defillama
stable_usdc,2026-06-25,73838400814,defillama
stable_usdc,2026-06-26,73773176387,defillama
stable_usdc,2026-06-27,73896519647,defillama
stable_usdc,2026-06-28,73884653755,defillama
stable_usdc,2026-06-29,73817794577,defillama
stable_usdc,2026-06-30,73775508473,defillama
stable_usdc,2026-07-01,73471642859,defillama
stable_usdc,2026-07-02,73400134757,defillama
stable_usdc,2026-07-03,73368628347,defillama
stable_usdc,2026-07-04,73103725803,defillama
stable_usdc,2026-07-05,73066241378,defillama
stable_usdc,2026-07-06,73048217365,defillama
stable_usdc,2026-07-07,73127249349,defillama
stable_usdc,2026-07-08,73395532425,defillama
stable_usdc,2026-07-09,73412395301,defillama
stable_usdc,2026-07-10,73440620275,defillama
stable_usdc,2026-07-11,73414108310,defillama
stable_usdc,2026-07-12,73475033615,defillama
stable_usdc,2026-07-13,73540725820,defillama
stable_usdc,2026-07-14,73095920753,defillama
stable_usdc,2026-07-15,73175307529,defillama
stable_usdc,2026-07-16,73217500728,defillama
stable_usdc,2026-07-17,73279825708,defillama
stable_usdc,2026-07-18,73389413034,defillama
stable_usdc,2026-07-19,73390197854,defillama
stable_usdc,2026-07-20,73388153953,defillama
stable_usdc,2026-07-21,73367572001,defillama
stable_usdc,2026-07-22,73318948258,defillama
stable_usdc,2026-07-23,74077432416,defillama
stable_usdc,2026-07-24,73959248587,defillama
stable_usdc,2026-07-25,73651288002,defillama
stable_usdc,2026-07-26,73569632342,defillama
stable_usdc,2026-07-27,73491915939,defillama
stable_usdc,2026-07-28,72521892549,defillama
stable_usdc,2026-07-29,72502108384,defillama
stable_usdc,2026-07-30,72213419474,defillama
stable_usdc,2026-07-31,72055427289,defillama
stable_usdc,2026-08-01,72048270635,defillama
stable_usdc,2026-08-02,72075054215,defillama
stable_usdc,2026-08-03,71979940196,defillama
stable_usdc,2026-08-04,72255574271,defillama
stable_usdc,2026-08-05,72298390550,defillama
stable_usdc,2026-08-06,71846102476,defillama
stable_usdc,2026-08-07,72008852187,defillama
stable_usdc,2026-08-08,72288929105,defillama
stable_usdc,2026-08-09,72287963067,defillama
stable_usdc,2026-08-10,72353218703,defillama
stable_usdc,2026-08-11,72342478183,defillama
stable_usdc,2026-08-12,72251750509,defillama
stable_usdc,2026-08-13,72180634447,defillama
stable_usdc,2026-08-14,72125254565,defillama
stable_usdc,2026-08-15,72046715526,defillama
stable_usdc,2026-08-16,71970309163,defillama
stable_usdc,2026-08-17,71985815879,defillama
stable_usdc,2026-08-18,71989616973,defillama
stable_usdc,2026-08-19,71980780550,defillama
stable_usdc,2026-08-20,72489599879,defillama
stable_usdc,2026-08-21,72923214292,defillama
stable_usdc,2026-08-22,73676873455.30782,defillama
stable_usdd,2022-05-02,32868924,defillama
stable_usdd,2022-05-03,32868924,defillama
stable_usdd,2022-05-04,32976713,defillama
stable_usdd,2022-05-05,90839185,defillama
stable_usdd,2022-05-06,127393440,defillama
stable_usdd,2022-05-07,201711816,defillama
stable_usdd,2022-05-08,212303592,defillama
stable_usdd,2022-05-09,242774438,defillama
stable_usdd,2022-05-10,256738291,defillama
stable_usdd,2022-05-11,256568034,defillama
stable_usdd,2022-05-12,269844932,defillama
stable_usdd,2022-05-13,270207703,defillama
stable_usdd,2022-05-14,272053414,defillama
stable_usdd,2022-05-15,271783112,defillama
stable_usdd,2022-05-16,286855134,defillama
stable_usdd,2022-05-17,303203162,defillama
stable_usdd,2022-05-18,311304949,defillama
stable_usdd,2022-05-19,317682162,defillama
stable_usdd,2022-05-20,333551158,defillama
stable_usdd,2022-05-21,348397446,defillama
stable_usdd,2022-05-22,378395333,defillama
stable_usdd,2022-05-23,463489002,defillama
stable_usdd,2022-05-24,502333749,defillama
stable_usdd,2022-05-25,544815232,defillama
stable_usdd,2022-05-26,545038255,defillama
stable_usdd,2022-05-27,576923498,defillama
stable_usdd,2022-05-28,601861097,defillama
stable_usdd,2022-05-29,601861097,defillama
stable_usdd,2022-05-30,601861097,defillama
stable_usdd,2022-05-31,601861097,defillama
stable_usdd,2022-06-01,601861097,defillama
stable_usdd,2022-06-02,667521097,defillama
stable_usdd,2022-06-03,667521097,defillama
stable_usdd,2022-06-04,667521097,defillama
stable_usdd,2022-06-05,667521097,defillama
stable_usdd,2022-06-06,667690854,defillama
stable_usdd,2022-06-07,667521097,defillama
stable_usdd,2022-06-08,703094260,defillama
stable_usdd,2022-06-09,703094260,defillama
stable_usdd,2022-06-10,703094260,defillama
stable_usdd,2022-06-11,703094259,defillama
stable_usdd,2022-06-12,723321759,defillama
stable_usdd,2022-06-13,723321759,defillama
stable_usdd,2022-06-14,723321759,defillama
stable_usdd,2022-06-15,723321759,defillama
stable_usdd,2022-06-16,723321759,defillama
stable_usdd,2022-06-17,723321759,defillama
stable_usdd,2022-06-18,723321759,defillama
stable_usdd,2022-06-19,723321759,defillama
stable_usdd,2022-06-20,723321759,defillama
stable_usdd,2022-06-21,723321759,defillama
stable_usdd,2022-06-22,723321759,defillama
stable_usdd,2022-06-23,723321759,defillama
stable_usdd,2022-06-24,723321759,defillama
stable_usdd,2022-06-25,723321759,defillama
stable_usdd,2022-06-26,723321759,defillama
stable_usdd,2022-06-27,723321759,defillama
stable_usdd,2022-06-28,723321759,defillama
stable_usdd,2022-06-29,723321759,defillama
stable_usdd,2022-06-30,723321759,defillama
stable_usdd,2022-07-01,723321759,defillama
stable_usdd,2022-07-02,723321759,defillama
stable_usdd,2022-07-03,723321759,defillama
stable_usdd,2022-07-04,723321759,defillama
stable_usdd,2022-07-05,723321759,defillama
stable_usdd,2022-07-06,723321759,defillama
stable_usdd,2022-07-07,723321759,defillama
stable_usdd,2022-07-08,723321759,defillama
stable_usdd,2022-07-09,723321759,defillama
stable_usdd,2022-07-10,723321759,defillama
stable_usdd,2022-07-11,723321759,defillama
stable_usdd,2022-07-12,723321759,defillama
stable_usdd,2022-07-13,723321759,defillama
stable_usdd,2022-07-14,723321759,defillama
stable_usdd,2022-07-15,723321759,defillama
stable_usdd,2022-07-16,723321759,defillama
stable_usdd,2022-07-17,723321759,defillama
stable_usdd,2022-07-18,725332038,defillama
stable_usdd,2022-07-19,725332038,defillama
stable_usdd,2022-07-20,725332038,defillama
stable_usdd,2022-07-21,725332038,defillama
stable_usdd,2022-07-22,725332038,defillama
stable_usdd,2022-07-23,725332038,defillama
stable_usdd,2022-07-24,725332038,defillama
stable_usdd,2022-07-25,725332038,defillama
stable_usdd,2022-07-26,725332038,defillama
stable_usdd,2022-07-27,725332038,defillama
stable_usdd,2022-07-28,725332038,defillama
stable_usdd,2022-07-29,725332038,defillama
stable_usdd,2022-07-30,725332038,defillama
stable_usdd,2022-07-31,725332038,defillama
stable_usdd,2022-08-01,725332038,defillama
stable_usdd,2022-08-02,725332038,defillama
stable_usdd,2022-08-03,725332038,defillama
stable_usdd,2022-08-04,725393114,defillama
stable_usdd,2022-08-05,725332037,defillama
stable_usdd,2022-08-06,725345979,defillama
stable_usdd,2022-08-07,725465122,defillama
stable_usdd,2022-08-08,725586606,defillama
stable_usdd,2022-08-09,740130417,defillama
stable_usdd,2022-08-10,739169770,defillama
stable_usdd,2022-08-11,727298449,defillama
stable_usdd,2022-08-12,726492860,defillama
stable_usdd,2022-08-13,725332037,defillama
stable_usdd,2022-08-14,725332134,defillama
stable_usdd,2022-08-15,725332037,defillama
stable_usdd,2022-08-16,725332037,defillama
stable_usdd,2022-08-17,739499486,defillama
stable_usdd,2022-08-18,740657961,defillama
stable_usdd,2022-08-19,747621671,defillama
stable_usdd,2022-08-20,744667592,defillama
stable_usdd,2022-08-21,746014850,defillama
stable_usdd,2022-08-22,746984039,defillama
stable_usdd,2022-08-23,747771388,defillama
stable_usdd,2022-08-24,747279200,defillama
stable_usdd,2022-08-25,748518241,defillama
stable_usdd,2022-08-26,743372515,defillama
stable_usdd,2022-08-27,744704195,defillama
stable_usdd,2022-08-28,725357713,defillama
stable_usdd,2022-08-29,725350790,defillama
stable_usdd,2022-08-30,725334965,defillama
stable_usdd,2022-08-31,725332037,defillama
stable_usdd,2022-09-01,725332037,defillama
stable_usdd,2022-09-02,725332037,defillama
stable_usdd,2022-09-03,725332039,defillama
stable_usdd,2022-09-04,725332037,defillama
stable_usdd,2022-09-05,725332037,defillama
stable_usdd,2022-09-06,725332159,defillama
stable_usdd,2022-09-07,725333622,defillama
stable_usdd,2022-09-08,725332037,defillama
stable_usdd,2022-09-09,725332038,defillama
stable_usdd,2022-09-10,725332037,defillama
stable_usdd,2022-09-11,725332126,defillama
stable_usdd,2022-09-12,725339320,defillama
stable_usdd,2022-09-13,725332038,defillama
stable_usdd,2022-09-14,725332037,defillama
stable_usdd,2022-09-15,725332037,defillama
stable_usdd,2022-09-16,725332037,defillama
stable_usdd,2022-09-17,735010337,defillama
stable_usdd,2022-09-18,736787973,defillama
stable_usdd,2022-09-19,725333099,defillama
stable_usdd,2022-09-20,725332223,defillama
stable_usdd,2022-09-21,725332163,defillama
stable_usdd,2022-09-22,725332042,defillama
stable_usdd,2022-09-23,725332038,defillama
stable_usdd,2022-09-24,725332037,defillama
stable_usdd,2022-09-25,725332052,defillama
stable_usdd,2022-09-26,725332334,defillama
stable_usdd,2022-09-27,725394755,defillama
stable_usdd,2022-09-28,758233267,defillama
stable_usdd,2022-09-29,742038916,defillama
stable_usdd,2022-09-30,745878692,defillama
stable_usdd,2022-10-01,761811804,defillama
stable_usdd,2022-10-02,775278859,defillama
stable_usdd,2022-10-03,779660158,defillama
stable_usdd,2022-10-04,781137497,defillama
stable_usdd,2022-10-05,786645586,defillama
stable_usdd,2022-10-06,786843866,defillama
stable_usdd,2022-10-07,792282156,defillama
stable_usdd,2022-10-08,792669972,defillama
stable_usdd,2022-10-09,796232486,defillama
stable_usdd,2022-10-10,796587535,defillama
stable_usdd,2022-10-11,795749517,defillama
stable_usdd,2022-10-12,794744425,defillama
stable_usdd,2022-10-13,799010763,defillama
stable_usdd,2022-10-14,787965323,defillama
stable_usdd,2022-10-15,759063190,defillama
stable_usdd,2022-10-16,762004866,defillama
stable_usdd,2022-10-17,766314496,defillama
stable_usdd,2022-10-18,774025739,defillama
stable_usdd,2022-10-19,725332040,defillama
stable_usdd,2022-10-20,725332037,defillama
stable_usdd,2022-10-21,725332047,defillama
stable_usdd,2022-10-22,725332040,defillama
stable_usdd,2022-10-23,725332037,defillama
stable_usdd,2022-10-24,725332037,defillama
stable_usdd,2022-10-25,725332044,defillama
stable_usdd,2022-10-26,725332038,defillama
stable_usdd,2022-10-27,725332039,defillama
stable_usdd,2022-10-28,725332038,defillama
stable_usdd,2022-10-29,725340043,defillama
stable_usdd,2022-10-30,725332037,defillama
stable_usdd,2022-10-31,725332173,defillama
stable_usdd,2022-11-01,725332038,defillama
stable_usdd,2022-11-02,725332038,defillama
stable_usdd,2022-11-03,725332037,defillama
stable_usdd,2022-11-04,725332037,defillama
stable_usdd,2022-11-05,725332037,defillama
stable_usdd,2022-11-06,725332037,defillama
stable_usdd,2022-11-07,725332037,defillama
stable_usdd,2022-11-08,725332045,defillama
stable_usdd,2022-11-09,725332156,defillama
stable_usdd,2022-11-10,725332037,defillama
stable_usdd,2022-11-11,725332037,defillama
stable_usdd,2022-11-12,725332037,defillama
stable_usdd,2022-11-13,725332037,defillama
stable_usdd,2022-11-14,725332037,defillama
stable_usdd,2022-11-15,725332037,defillama
stable_usdd,2022-11-16,725332040,defillama
stable_usdd,2022-11-17,725332036,defillama
stable_usdd,2022-11-18,725332038,defillama
stable_usdd,2022-11-19,725332036,defillama
stable_usdd,2022-11-20,725332036,defillama
stable_usdd,2022-11-21,725332036,defillama
stable_usdd,2022-11-22,725332036,defillama
stable_usdd,2022-11-23,725332036,defillama
stable_usdd,2022-11-24,725332036,defillama
stable_usdd,2022-11-25,725332036,defillama
stable_usdd,2022-11-26,725332036,defillama
stable_usdd,2022-11-27,725332036,defillama
stable_usdd,2022-11-28,725332041,defillama
stable_usdd,2022-11-29,725332036,defillama
stable_usdd,2022-11-30,725332036,defillama
stable_usdd,2022-12-01,725332036,defillama
stable_usdd,2022-12-02,725332036,defillama
stable_usdd,2022-12-03,725332036,defillama
stable_usdd,2022-12-04,725332036,defillama
stable_usdd,2022-12-05,725332036,defillama
stable_usdd,2022-12-06,725332036,defillama
stable_usdd,2022-12-07,725332036,defillama
stable_usdd,2022-12-08,725332036,defillama
stable_usdd,2022-12-09,725332036,defillama
stable_usdd,2022-12-10,725332036,defillama
stable_usdd,2022-12-11,725332036,defillama
stable_usdd,2022-12-12,725332036,defillama
stable_usdd,2022-12-13,725332036,defillama
stable_usdd,2022-12-14,725332036,defillama
stable_usdd,2022-12-15,725332036,defillama
stable_usdd,2022-12-16,725332036,defillama
stable_usdd,2022-12-17,725332036,defillama
stable_usdd,2022-12-18,725332036,defillama
stable_usdd,2022-12-19,725332036,defillama
stable_usdd,2022-12-20,725332036,defillama
stable_usdd,2022-12-21,725332036,defillama
stable_usdd,2022-12-22,725332036,defillama
stable_usdd,2022-12-23,725332036,defillama
stable_usdd,2022-12-24,725332036,defillama
stable_usdd,2022-12-25,725332036,defillama
stable_usdd,2022-12-26,725332036,defillama
stable_usdd,2022-12-27,725332036,defillama
stable_usdd,2022-12-28,725332057,defillama
stable_usdd,2022-12-29,725332036,defillama
stable_usdd,2022-12-30,725332036,defillama
stable_usdd,2022-12-31,725332036,defillama
stable_usdd,2023-01-01,725332036,defillama
stable_usdd,2023-01-02,725332036,defillama
stable_usdd,2023-01-03,725332036,defillama
stable_usdd,2023-01-04,725332036,defillama
stable_usdd,2023-01-05,725332036,defillama
stable_usdd,2023-01-06,725332036,defillama
stable_usdd,2023-01-07,725332036,defillama
stable_usdd,2023-01-08,725332036,defillama
stable_usdd,2023-01-09,725332036,defillama
stable_usdd,2023-01-10,725332036,defillama
stable_usdd,2023-01-11,725332036,defillama
stable_usdd,2023-01-12,725332036,defillama
stable_usdd,2023-01-13,725332036,defillama
stable_usdd,2023-01-14,725332036,defillama
stable_usdd,2023-01-15,725332036,defillama
stable_usdd,2023-01-16,725332036,defillama
stable_usdd,2023-01-17,725332036,defillama
stable_usdd,2023-01-18,725332036,defillama
stable_usdd,2023-01-19,725332036,defillama
stable_usdd,2023-01-20,725332036,defillama
stable_usdd,2023-01-21,725332036,defillama
stable_usdd,2023-01-22,725332036,defillama
stable_usdd,2023-01-23,725332036,defillama
stable_usdd,2023-01-24,725332036,defillama
stable_usdd,2023-01-25,725332036,defillama
stable_usdd,2023-01-26,725332036,defillama
stable_usdd,2023-01-27,725332036,defillama
stable_usdd,2023-01-28,725332036,defillama
stable_usdd,2023-01-29,725332036,defillama
stable_usdd,2023-01-30,725332036,defillama
stable_usdd,2023-01-31,725332036,defillama
stable_usdd,2023-02-01,725332036,defillama
stable_usdd,2023-02-02,725332036,defillama
stable_usdd,2023-02-03,725332037,defillama
stable_usdd,2023-02-04,725332036,defillama
stable_usdd,2023-02-05,725332036,defillama
stable_usdd,2023-02-06,725332036,defillama
stable_usdd,2023-02-07,725332036,defillama
stable_usdd,2023-02-08,725332036,defillama
stable_usdd,2023-02-09,725332037,defillama
stable_usdd,2023-02-10,725332037,defillama
stable_usdd,2023-02-11,725332036,defillama
stable_usdd,2023-02-12,725332036,defillama
stable_usdd,2023-02-13,725332036,defillama
stable_usdd,2023-02-14,725332036,defillama
stable_usdd,2023-02-15,725332036,defillama
stable_usdd,2023-02-16,725332036,defillama
stable_usdd,2023-02-17,725332036,defillama
stable_usdd,2023-02-18,725332037,defillama
stable_usdd,2023-02-19,725332036,defillama
stable_usdd,2023-02-20,725332036,defillama
stable_usdd,2023-02-21,725332036,defillama
stable_usdd,2023-02-22,725332036,defillama
stable_usdd,2023-02-23,725332036,defillama
stable_usdd,2023-02-24,725332036,defillama
stable_usdd,2023-02-25,725332036,defillama
stable_usdd,2023-02-26,725332036,defillama
stable_usdd,2023-02-27,725332036,defillama
stable_usdd,2023-02-28,725332036,defillama
stable_usdd,2023-03-01,725332036,defillama
stable_usdd,2023-03-02,725332036,defillama
stable_usdd,2023-03-03,725332036,defillama
stable_usdd,2023-03-04,725332036,defillama
stable_usdd,2023-03-05,725332036,defillama
stable_usdd,2023-03-06,725332071,defillama
stable_usdd,2023-03-07,725332036,defillama
stable_usdd,2023-03-08,725332036,defillama
stable_usdd,2023-03-09,725335710,defillama
stable_usdd,2023-03-10,725332036,defillama
stable_usdd,2023-03-11,729448906,defillama
stable_usdd,2023-03-12,726291850,defillama
stable_usdd,2023-03-13,725332041,defillama
stable_usdd,2023-03-14,725332036,defillama
stable_usdd,2023-03-15,725332039,defillama
stable_usdd,2023-03-16,725332036,defillama
stable_usdd,2023-03-17,725332036,defillama
stable_usdd,2023-03-18,725332036,defillama
stable_usdd,2023-03-19,725332037,defillama
stable_usdd,2023-03-20,725332036,defillama
stable_usdd,2023-03-21,725332036,defillama
stable_usdd,2023-03-22,725332036,defillama
stable_usdd,2023-03-23,725332036,defillama
stable_usdd,2023-03-24,725332036,defillama
stable_usdd,2023-03-25,725332036,defillama
stable_usdd,2023-03-26,725332036,defillama
stable_usdd,2023-03-27,725332036,defillama
stable_usdd,2023-03-28,725332036,defillama
stable_usdd,2023-03-29,725332036,defillama
stable_usdd,2023-03-30,725332036,defillama
stable_usdd,2023-03-31,725332036,defillama
stable_usdd,2023-04-01,725332037,defillama
stable_usdd,2023-04-02,725332036,defillama
stable_usdd,2023-04-03,725332036,defillama
stable_usdd,2023-04-04,725332036,defillama
stable_usdd,2023-04-05,725332036,defillama
stable_usdd,2023-04-06,725332036,defillama
stable_usdd,2023-04-07,725332036,defillama
stable_usdd,2023-04-08,725332036,defillama
stable_usdd,2023-04-09,725332036,defillama
stable_usdd,2023-04-10,725332036,defillama
stable_usdd,2023-04-11,725332036,defillama
stable_usdd,2023-04-12,725332036,defillama
stable_usdd,2023-04-13,725332036,defillama
stable_usdd,2023-04-14,725332036,defillama
stable_usdd,2023-04-15,725332036,defillama
stable_usdd,2023-04-16,725332036,defillama
stable_usdd,2023-04-17,725332036,defillama
stable_usdd,2023-04-18,725332036,defillama
stable_usdd,2023-04-19,725332036,defillama
stable_usdd,2023-04-20,725332036,defillama
stable_usdd,2023-04-21,725332036,defillama
stable_usdd,2023-04-22,725332036,defillama
stable_usdd,2023-04-23,725332036,defillama
stable_usdd,2023-04-24,725332036,defillama
stable_usdd,2023-04-25,725332036,defillama
stable_usdd,2023-04-26,725332036,defillama
stable_usdd,2023-04-27,725332036,defillama
stable_usdd,2023-04-28,725332036,defillama
stable_usdd,2023-04-29,725332036,defillama
stable_usdd,2023-04-30,725332036,defillama
stable_usdd,2023-05-01,725332036,defillama
stable_usdd,2023-05-02,741533407,defillama
stable_usdd,2023-05-03,726443133,defillama
stable_usdd,2023-05-04,738971762,defillama
stable_usdd,2023-05-05,738236659,defillama
stable_usdd,2023-05-06,738099486,defillama
stable_usdd,2023-05-07,736788230,defillama
stable_usdd,2023-05-08,735550976,defillama
stable_usdd,2023-05-09,735198169,defillama
stable_usdd,2023-05-10,735419803,defillama
stable_usdd,2023-05-11,735966308,defillama
stable_usdd,2023-05-12,736125696,defillama
stable_usdd,2023-05-13,736025555,defillama
stable_usdd,2023-05-14,736144670,defillama
stable_usdd,2023-05-15,736186215,defillama
stable_usdd,2023-05-16,736585096,defillama
stable_usdd,2023-05-17,737458747,defillama
stable_usdd,2023-05-18,736703401,defillama
stable_usdd,2023-05-19,736719685,defillama
stable_usdd,2023-05-20,736715729,defillama
stable_usdd,2023-05-21,736738650,defillama
stable_usdd,2023-05-22,737239589,defillama
stable_usdd,2023-05-23,737633988,defillama
stable_usdd,2023-05-24,737918827,defillama
stable_usdd,2023-05-25,739588859,defillama
stable_usdd,2023-05-26,739804256,defillama
stable_usdd,2023-05-27,739794272,defillama
stable_usdd,2023-05-28,739694788,defillama
stable_usdd,2023-05-29,739958134,defillama
stable_usdd,2023-05-30,740208442,defillama
stable_usdd,2023-05-31,740598132,defillama
stable_usdd,2023-06-01,742513929,defillama
stable_usdd,2023-06-02,745656081,defillama
stable_usdd,2023-06-03,746938876,defillama
stable_usdd,2023-06-04,747509589,defillama
stable_usdd,2023-06-05,748810424,defillama
stable_usdd,2023-06-06,748440348,defillama
stable_usdd,2023-06-07,748119949,defillama
stable_usdd,2023-06-08,747163423,defillama
stable_usdd,2023-06-09,747913565,defillama
stable_usdd,2023-06-10,747349147,defillama
stable_usdd,2023-06-11,757200562,defillama
stable_usdd,2023-06-12,743935668,defillama
stable_usdd,2023-06-13,733643652,defillama
stable_usdd,2023-06-14,730554559,defillama
stable_usdd,2023-06-15,730776545,defillama
stable_usdd,2023-06-16,733723535,defillama
stable_usdd,2023-06-17,728454122,defillama
stable_usdd,2023-06-18,725693857,defillama
stable_usdd,2023-06-19,725449038,defillama
stable_usdd,2023-06-20,731489251,defillama
stable_usdd,2023-06-21,733184467,defillama
stable_usdd,2023-06-22,735825350,defillama
stable_usdd,2023-06-23,740257308,defillama
stable_usdd,2023-06-24,738770162,defillama
stable_usdd,2023-06-25,738169269,defillama
stable_usdd,2023-06-26,738129249,defillama
stable_usdd,2023-06-27,738255491,defillama
stable_usdd,2023-06-28,738966562,defillama
stable_usdd,2023-06-29,738985385,defillama
stable_usdd,2023-06-30,738850925,defillama
stable_usdd,2023-07-01,738527627,defillama
stable_usdd,2023-07-02,738947314,defillama
stable_usdd,2023-07-03,738574277,defillama
stable_usdd,2023-07-04,725332039,defillama
stable_usdd,2023-07-05,738665399,defillama
stable_usdd,2023-07-06,733755553,defillama
stable_usdd,2023-07-07,725332093,defillama
stable_usdd,2023-07-08,726223994,defillama
stable_usdd,2023-07-09,735396560,defillama
stable_usdd,2023-07-10,732404896,defillama
stable_usdd,2023-07-11,738251029,defillama
stable_usdd,2023-07-12,738296487,defillama
stable_usdd,2023-07-13,738348395,defillama
stable_usdd,2023-07-14,739451770,defillama
stable_usdd,2023-07-15,740180372,defillama
stable_usdd,2023-07-16,740532029,defillama
stable_usdd,2023-07-17,732046897,defillama
stable_usdd,2023-07-18,732182986,defillama
stable_usdd,2023-07-19,730484591,defillama
stable_usdd,2023-07-20,725332035,defillama
stable_usdd,2023-07-21,731586960,defillama
stable_usdd,2023-07-22,728235923,defillama
stable_usdd,2023-07-23,727044128,defillama
stable_usdd,2023-07-24,726702505,defillama
stable_usdd,2023-07-25,726315747,defillama
stable_usdd,2023-07-26,726361925,defillama
stable_usdd,2023-07-27,726415853,defillama
stable_usdd,2023-07-28,726183218,defillama
stable_usdd,2023-07-29,734988420,defillama
stable_usdd,2023-07-30,741037769,defillama
stable_usdd,2023-07-31,742973927,defillama
stable_usdd,2023-08-01,742848090,defillama
stable_usdd,2023-08-02,725332042,defillama
stable_usdd,2023-08-03,736845069,defillama
stable_usdd,2023-08-04,743996427,defillama
stable_usdd,2023-08-05,745849645,defillama
stable_usdd,2023-08-06,745982176,defillama
stable_usdd,2023-08-07,745202609,defillama
stable_usdd,2023-08-08,743280810,defillama
stable_usdd,2023-08-09,741300592,defillama
stable_usdd,2023-08-10,742717465,defillama
stable_usdd,2023-08-11,742214722,defillama
stable_usdd,2023-08-12,737520588,defillama
stable_usdd,2023-08-13,737333378,defillama
stable_usdd,2023-08-14,725332035,defillama
stable_usdd,2023-08-15,725779423,defillama
stable_usdd,2023-08-16,725332065,defillama
stable_usdd,2023-08-17,725332035,defillama
stable_usdd,2023-08-18,725332036,defillama
stable_usdd,2023-08-19,725332063,defillama
stable_usdd,2023-08-20,725332035,defillama
stable_usdd,2023-08-21,725332035,defillama
stable_usdd,2023-08-22,725332093,defillama
stable_usdd,2023-08-23,725333030,defillama
stable_usdd,2023-08-24,725332035,defillama
stable_usdd,2023-08-25,725332035,defillama
stable_usdd,2023-08-26,725332035,defillama
stable_usdd,2023-08-27,725332035,defillama
stable_usdd,2023-08-28,725332036,defillama
stable_usdd,2023-08-29,725332085,defillama
stable_usdd,2023-08-30,725332038,defillama
stable_usdd,2023-08-31,725332035,defillama
stable_usdd,2023-09-01,725356240,defillama
stable_usdd,2023-09-02,725412198,defillama
stable_usdd,2023-09-03,725345684,defillama
stable_usdd,2023-09-04,725332073,defillama
stable_usdd,2023-09-05,725332766,defillama
stable_usdd,2023-09-06,725332050,defillama
stable_usdd,2023-09-07,725342363,defillama
stable_usdd,2023-09-08,725381963,defillama
stable_usdd,2023-09-09,725332035,defillama
stable_usdd,2023-09-10,725332035,defillama
stable_usdd,2023-09-11,725332035,defillama
stable_usdd,2023-09-12,725332035,defillama
stable_usdd,2023-09-13,725778212,defillama
stable_usdd,2023-09-14,725504980,defillama
stable_usdd,2023-09-15,725674732,defillama
stable_usdd,2023-09-16,725702564,defillama
stable_usdd,2023-09-17,725768759,defillama
stable_usdd,2023-09-18,725636339,defillama
stable_usdd,2023-09-19,725670295,defillama
stable_usdd,2023-09-20,725816666,defillama
stable_usdd,2023-09-21,726051993,defillama
stable_usdd,2023-09-22,726014592,defillama
stable_usdd,2023-09-23,726184135,defillama
stable_usdd,2023-09-24,726147803,defillama
stable_usdd,2023-09-25,726343946,defillama
stable_usdd,2023-09-26,726539023,defillama
stable_usdd,2023-09-27,726584289,defillama
stable_usdd,2023-09-28,726769219,defillama
stable_usdd,2023-09-29,726899002,defillama
stable_usdd,2023-09-30,727524698,defillama
stable_usdd,2023-10-01,728268159,defillama
stable_usdd,2023-10-02,728398709,defillama
stable_usdd,2023-10-03,728014753,defillama
stable_usdd,2023-10-04,729380538,defillama
stable_usdd,2023-10-05,729153525,defillama
stable_usdd,2023-10-06,729782533,defillama
stable_usdd,2023-10-07,729461555,defillama
stable_usdd,2023-10-08,729673458,defillama
stable_usdd,2023-10-09,729695593,defillama
stable_usdd,2023-10-10,729483844,defillama
stable_usdd,2023-10-11,726271569,defillama
stable_usdd,2023-10-12,726194584,defillama
stable_usdd,2023-10-13,726440075,defillama
stable_usdd,2023-10-14,726221378,defillama
stable_usdd,2023-10-15,726119084,defillama
stable_usdd,2023-10-16,726223209,defillama
stable_usdd,2023-10-17,726268178,defillama
stable_usdd,2023-10-18,726221668,defillama
stable_usdd,2023-10-19,726257412,defillama
stable_usdd,2023-10-20,726143017,defillama
stable_usdd,2023-10-21,726011073,defillama
stable_usdd,2023-10-22,726065847,defillama
stable_usdd,2023-10-23,726076528,defillama
stable_usdd,2023-10-24,726121397,defillama
stable_usdd,2023-10-25,726000939,defillama
stable_usdd,2023-10-26,726712826,defillama
stable_usdd,2023-10-27,727098764,defillama
stable_usdd,2023-10-28,725332215,defillama
stable_usdd,2023-10-29,725332026,defillama
stable_usdd,2023-10-30,725332087,defillama
stable_usdd,2023-10-31,725332026,defillama
stable_usdd,2023-11-01,725332027,defillama
stable_usdd,2023-11-02,725332207,defillama
stable_usdd,2023-11-03,725332026,defillama
stable_usdd,2023-11-04,725332026,defillama
stable_usdd,2023-11-05,726237585,defillama
stable_usdd,2023-11-06,726361336,defillama
stable_usdd,2023-11-07,726540610,defillama
stable_usdd,2023-11-08,726292798,defillama
stable_usdd,2023-11-09,727108330,defillama
stable_usdd,2023-11-10,727239034,defillama
stable_usdd,2023-11-11,725599577,defillama
stable_usdd,2023-11-12,725332026,defillama
stable_usdd,2023-11-13,725332026,defillama
stable_usdd,2023-11-14,725332027,defillama
stable_usdd,2023-11-15,725332026,defillama
stable_usdd,2023-11-16,725332027,defillama
stable_usdd,2023-11-17,725332026,defillama
stable_usdd,2023-11-18,725332026,defillama
stable_usdd,2023-11-19,725332026,defillama
stable_usdd,2023-11-20,725332026,defillama
stable_usdd,2023-11-21,725332026,defillama
stable_usdd,2023-11-22,725332026,defillama
stable_usdd,2023-11-23,725332026,defillama
stable_usdd,2023-11-24,725332026,defillama
stable_usdd,2023-11-25,725332027,defillama
stable_usdd,2023-11-26,725332026,defillama
stable_usdd,2023-11-27,725332026,defillama
stable_usdd,2023-11-28,725332026,defillama
stable_usdd,2023-11-29,725332026,defillama
stable_usdd,2023-11-30,725332026,defillama
stable_usdd,2023-12-01,725332026,defillama
stable_usdd,2023-12-02,725332026,defillama
stable_usdd,2023-12-03,725332026,defillama
stable_usdd,2023-12-04,725332026,defillama
stable_usdd,2023-12-05,725332026,defillama
stable_usdd,2023-12-06,725332026,defillama
stable_usdd,2023-12-07,725332026,defillama
stable_usdd,2023-12-08,725332034,defillama
stable_usdd,2023-12-09,725332034,defillama
stable_usdd,2023-12-10,725332034,defillama
stable_usdd,2023-12-11,725332034,defillama
stable_usdd,2023-12-12,725332034,defillama
stable_usdd,2023-12-13,725332034,defillama
stable_usdd,2023-12-14,725332034,defillama
stable_usdd,2023-12-15,725332034,defillama
stable_usdd,2023-12-16,725332034,defillama
stable_usdd,2023-12-17,725332034,defillama
stable_usdd,2023-12-18,725332034,defillama
stable_usdd,2023-12-19,725332034,defillama
stable_usdd,2023-12-20,725332034,defillama
stable_usdd,2023-12-21,725332034,defillama
stable_usdd,2023-12-22,725332034,defillama
stable_usdd,2023-12-23,725332034,defillama
stable_usdd,2023-12-24,725332034,defillama
stable_usdd,2023-12-25,725332034,defillama
stable_usdd,2023-12-26,725332034,defillama
stable_usdd,2023-12-27,725332034,defillama
stable_usdd,2023-12-28,725332034,defillama
stable_usdd,2023-12-29,725332034,defillama
stable_usdd,2023-12-30,725332034,defillama
stable_usdd,2023-12-31,725332034,defillama
stable_usdd,2024-01-01,725332034,defillama
stable_usdd,2024-01-02,725332034,defillama
stable_usdd,2024-01-03,725332034,defillama
stable_usdd,2024-01-04,725332034,defillama
stable_usdd,2024-01-05,725332034,defillama
stable_usdd,2024-01-06,725332034,defillama
stable_usdd,2024-01-07,725332034,defillama
stable_usdd,2024-01-08,725332034,defillama
stable_usdd,2024-01-09,725332034,defillama
stable_usdd,2024-01-10,725332034,defillama
stable_usdd,2024-01-11,725332034,defillama
stable_usdd,2024-01-12,725332034,defillama
stable_usdd,2024-01-13,725332034,defillama
stable_usdd,2024-01-14,725332034,defillama
stable_usdd,2024-01-15,725332034,defillama
stable_usdd,2024-01-16,725332034,defillama
stable_usdd,2024-01-17,725332034,defillama
stable_usdd,2024-01-18,725332034,defillama
stable_usdd,2024-01-19,725332034,defillama
stable_usdd,2024-01-20,725332034,defillama
stable_usdd,2024-01-21,725332034,defillama
stable_usdd,2024-01-22,725332034,defillama
stable_usdd,2024-01-23,725332034,defillama
stable_usdd,2024-01-24,725332034,defillama
stable_usdd,2024-01-25,725332034,defillama
stable_usdd,2024-01-26,725332034,defillama
stable_usdd,2024-01-27,725332034,defillama
stable_usdd,2024-01-28,725332034,defillama
stable_usdd,2024-01-29,725332034,defillama
stable_usdd,2024-01-30,725332034,defillama
stable_usdd,2024-01-31,725332034,defillama
stable_usdd,2024-02-01,725332034,defillama
stable_usdd,2024-02-02,725332034,defillama
stable_usdd,2024-02-03,725332034,defillama
stable_usdd,2024-02-04,725332034,defillama
stable_usdd,2024-02-05,725332034,defillama
stable_usdd,2024-02-06,725332034,defillama
stable_usdd,2024-02-07,725332034,defillama
stable_usdd,2024-02-08,725332034,defillama
stable_usdd,2024-02-09,725332034,defillama
stable_usdd,2024-02-10,725332034,defillama
stable_usdd,2024-02-11,740550186,defillama
stable_usdd,2024-02-12,739363345,defillama
stable_usdd,2024-02-13,738769412,defillama
stable_usdd,2024-02-14,738675420,defillama
stable_usdd,2024-02-15,738695025,defillama
stable_usdd,2024-02-16,739161145,defillama
stable_usdd,2024-02-17,739101548,defillama
stable_usdd,2024-02-18,739002751,defillama
stable_usdd,2024-02-19,738916289,defillama
stable_usdd,2024-02-20,738880106,defillama
stable_usdd,2024-02-21,738936201,defillama
stable_usdd,2024-02-22,738813234,defillama
stable_usdd,2024-02-23,738681720,defillama
stable_usdd,2024-02-24,738445140,defillama
stable_usdd,2024-02-25,738507260,defillama
stable_usdd,2024-02-26,738500558,defillama
stable_usdd,2024-02-27,738493555,defillama
stable_usdd,2024-02-28,738092055,defillama
stable_usdd,2024-02-29,737891407,defillama
stable_usdd,2024-03-01,736078964,defillama
stable_usdd,2024-03-02,735308635,defillama
stable_usdd,2024-03-03,735395416,defillama
stable_usdd,2024-03-04,735665221,defillama
stable_usdd,2024-03-05,735897453,defillama
stable_usdd,2024-03-06,736046428,defillama
stable_usdd,2024-03-07,736133316,defillama
stable_usdd,2024-03-08,735743956,defillama
stable_usdd,2024-03-09,735610010,defillama
stable_usdd,2024-03-10,735521779,defillama
stable_usdd,2024-03-11,735469762,defillama
stable_usdd,2024-03-12,735455366,defillama
stable_usdd,2024-03-13,734223338,defillama
stable_usdd,2024-03-14,734123020,defillama
stable_usdd,2024-03-15,733663509,defillama
stable_usdd,2024-03-16,733312846,defillama
stable_usdd,2024-03-17,733111488,defillama
stable_usdd,2024-03-18,732989263,defillama
stable_usdd,2024-03-19,732894650,defillama
stable_usdd,2024-03-20,732326723,defillama
stable_usdd,2024-03-21,732269365,defillama
stable_usdd,2024-03-22,732262148,defillama
stable_usdd,2024-03-23,731982844,defillama
stable_usdd,2024-03-24,732160029,defillama
stable_usdd,2024-03-25,732155637,defillama
stable_usdd,2024-03-26,732196830,defillama
stable_usdd,2024-03-27,732074800,defillama
stable_usdd,2024-03-28,731874704,defillama
stable_usdd,2024-03-29,731822391,defillama
stable_usdd,2024-03-30,731864988,defillama
stable_usdd,2024-03-31,731886400,defillama
stable_usdd,2024-04-01,731020309,defillama
stable_usdd,2024-04-02,729395706,defillama
stable_usdd,2024-04-03,728467447,defillama
stable_usdd,2024-04-04,725344558,defillama
stable_usdd,2024-04-05,725937529,defillama
stable_usdd,2024-04-06,729429003,defillama
stable_usdd,2024-04-07,729615577,defillama
stable_usdd,2024-04-08,729822244,defillama
stable_usdd,2024-04-09,729449107,defillama
stable_usdd,2024-04-10,729378331,defillama
stable_usdd,2024-04-11,725332768,defillama
stable_usdd,2024-04-12,725332034,defillama
stable_usdd,2024-04-13,725334610,defillama
stable_usdd,2024-04-14,725332072,defillama
stable_usdd,2024-04-15,725332034,defillama
stable_usdd,2024-04-16,725332034,defillama
stable_usdd,2024-04-17,725332034,defillama
stable_usdd,2024-04-18,725332034,defillama
stable_usdd,2024-04-19,725332034,defillama
stable_usdd,2024-04-20,725332034,defillama
stable_usdd,2024-04-21,725332034,defillama
stable_usdd,2024-04-22,725332034,defillama
stable_usdd,2024-04-23,725332034,defillama
stable_usdd,2024-04-24,725332034,defillama
stable_usdd,2024-04-25,725332034,defillama
stable_usdd,2024-04-26,725332034,defillama
stable_usdd,2024-04-27,725332034,defillama
stable_usdd,2024-04-28,725332034,defillama
stable_usdd,2024-04-29,725332034,defillama
stable_usdd,2024-04-30,725332034,defillama
stable_usdd,2024-05-01,725332034,defillama
stable_usdd,2024-05-02,736974754,defillama
stable_usdd,2024-05-03,736443396,defillama
stable_usdd,2024-05-04,735055538,defillama
stable_usdd,2024-05-05,734649735,defillama
stable_usdd,2024-05-06,734614370,defillama
stable_usdd,2024-05-07,734395463,defillama
stable_usdd,2024-05-08,734392825,defillama
stable_usdd,2024-05-09,734576428,defillama
stable_usdd,2024-05-10,725332047,defillama
stable_usdd,2024-05-11,725556661,defillama
stable_usdd,2024-05-12,725557722,defillama
stable_usdd,2024-05-13,726284237,defillama
stable_usdd,2024-05-14,727845612,defillama
stable_usdd,2024-05-15,735440293,defillama
stable_usdd,2024-05-16,732978389,defillama
stable_usdd,2024-05-17,732867263,defillama
stable_usdd,2024-05-18,732686963,defillama
stable_usdd,2024-05-19,732659502,defillama
stable_usdd,2024-05-20,732622495,defillama
stable_usdd,2024-05-21,732575496,defillama
stable_usdd,2024-05-22,732605534,defillama
stable_usdd,2024-05-23,732417783,defillama
stable_usdd,2024-05-24,732342382,defillama
stable_usdd,2024-05-25,731997152,defillama
stable_usdd,2024-05-26,731786248,defillama
stable_usdd,2024-05-27,731795066,defillama
stable_usdd,2024-05-28,732613341,defillama
stable_usdd,2024-05-29,732595172,defillama
stable_usdd,2024-05-30,731765218,defillama
stable_usdd,2024-05-31,731736881,defillama
stable_usdd,2024-06-01,731675695,defillama
stable_usdd,2024-06-02,731698657,defillama
stable_usdd,2024-06-03,731675872,defillama
stable_usdd,2024-06-04,731766219,defillama
stable_usdd,2024-06-05,731771584,defillama
stable_usdd,2024-06-06,731755629,defillama
stable_usdd,2024-06-07,731729948,defillama
stable_usdd,2024-06-08,731764511,defillama
stable_usdd,2024-06-09,731602276,defillama
stable_usdd,2024-06-10,732821210,defillama
stable_usdd,2024-06-11,732882248,defillama
stable_usdd,2024-06-12,733571738,defillama
stable_usdd,2024-06-13,733545804,defillama
stable_usdd,2024-06-14,733498184,defillama
stable_usdd,2024-06-15,733113899,defillama
stable_usdd,2024-06-16,733057119,defillama
stable_usdd,2024-06-17,733044599,defillama
stable_usdd,2024-06-18,732965785,defillama
stable_usdd,2024-06-19,736012439,defillama
stable_usdd,2024-06-20,735939043,defillama
stable_usdd,2024-06-21,731353641,defillama
stable_usdd,2024-06-22,731363601,defillama
stable_usdd,2024-06-23,732603656,defillama
stable_usdd,2024-06-24,733140941,defillama
stable_usdd,2024-06-25,732699173,defillama
stable_usdd,2024-06-26,732681653,defillama
stable_usdd,2024-06-27,733867490,defillama
stable_usdd,2024-06-28,735186792,defillama
stable_usdd,2024-06-29,735229132,defillama
stable_usdd,2024-06-30,735213575,defillama
stable_usdd,2024-07-01,735699140,defillama
stable_usdd,2024-07-02,733913465,defillama
stable_usdd,2024-07-03,736897495,defillama
stable_usdd,2024-07-04,736231772,defillama
stable_usdd,2024-07-05,734985612,defillama
stable_usdd,2024-07-06,734905957,defillama
stable_usdd,2024-07-07,740872647,defillama
stable_usdd,2024-07-08,748520688,defillama
stable_usdd,2024-07-09,747497658,defillama
stable_usdd,2024-07-10,749393229,defillama
stable_usdd,2024-07-11,736928155,defillama
stable_usdd,2024-07-12,736922826,defillama
stable_usdd,2024-07-13,736934972,defillama
stable_usdd,2024-07-14,739263360,defillama
stable_usdd,2024-07-15,738771869,defillama
stable_usdd,2024-07-16,739470701,defillama
stable_usdd,2024-07-17,737130237,defillama
stable_usdd,2024-07-18,739229136,defillama
stable_usdd,2024-07-19,739454473,defillama
stable_usdd,2024-07-20,739585919,defillama
stable_usdd,2024-07-21,739787166,defillama
stable_usdd,2024-07-22,739894986,defillama
stable_usdd,2024-07-23,736367247,defillama
stable_usdd,2024-07-24,738797489,defillama
stable_usdd,2024-07-25,738651979,defillama
stable_usdd,2024-07-26,738130559,defillama
stable_usdd,2024-07-27,737477073,defillama
stable_usdd,2024-07-28,737467155,defillama
stable_usdd,2024-07-29,739807237,defillama
stable_usdd,2024-07-30,740341738,defillama
stable_usdd,2024-07-31,742054961,defillama
stable_usdd,2024-08-01,742236105,defillama
stable_usdd,2024-08-02,741970541,defillama
stable_usdd,2024-08-03,741731219,defillama
stable_usdd,2024-08-04,739191240,defillama
stable_usdd,2024-08-05,739553461,defillama
stable_usdd,2024-08-06,738669133,defillama
stable_usdd,2024-08-07,740996097,defillama
stable_usdd,2024-08-08,742894022,defillama
stable_usdd,2024-08-09,742885666,defillama
stable_usdd,2024-08-10,744502716,defillama
stable_usdd,2024-08-11,745131605,defillama
stable_usdd,2024-08-12,745121536,defillama
stable_usdd,2024-08-13,744650803,defillama
stable_usdd,2024-08-14,744413311,defillama
stable_usdd,2024-08-15,744643143,defillama
stable_usdd,2024-08-16,744356085,defillama
stable_usdd,2024-08-17,745190451,defillama
stable_usdd,2024-08-18,745446539,defillama
stable_usdd,2024-08-19,745829117,defillama
stable_usdd,2024-08-20,746223365,defillama
stable_usdd,2024-08-21,748667691,defillama
stable_usdd,2024-08-22,744884294,defillama
stable_usdd,2024-08-23,744774878,defillama
stable_usdd,2024-08-24,744966339,defillama
stable_usdd,2024-08-25,745746959,defillama
stable_usdd,2024-08-26,746744397,defillama
stable_usdd,2024-08-27,747776716,defillama
stable_usdd,2024-08-28,750714426,defillama
stable_usdd,2024-08-29,750995758,defillama
stable_usdd,2024-08-30,752733315,defillama
stable_usdd,2024-08-31,752830077,defillama
stable_usdd,2024-09-01,753150251,defillama
stable_usdd,2024-09-02,753471959,defillama
stable_usdd,2024-09-03,754498920,defillama
stable_usdd,2024-09-04,754228679,defillama
stable_usdd,2024-09-05,754655149,defillama
stable_usdd,2024-09-06,755072406,defillama
stable_usdd,2024-09-07,743413486,defillama
stable_usdd,2024-09-08,738789094,defillama
stable_usdd,2024-09-09,737913076,defillama
stable_usdd,2024-09-10,737361507,defillama
stable_usdd,2024-09-11,734893186,defillama
stable_usdd,2024-09-12,734366326,defillama
stable_usdd,2024-09-13,733860911,defillama
stable_usdd,2024-09-14,733694422,defillama
stable_usdd,2024-09-15,733452564,defillama
stable_usdd,2024-09-16,733213816,defillama
stable_usdd,2024-09-17,733195460,defillama
stable_usdd,2024-09-18,732849675,defillama
stable_usdd,2024-09-19,732751521,defillama
stable_usdd,2024-09-20,732346807,defillama
stable_usdd,2024-09-21,737310389,defillama
stable_usdd,2024-09-22,737214883,defillama
stable_usdd,2024-09-23,737958783,defillama
stable_usdd,2024-09-24,738002669,defillama
stable_usdd,2024-09-25,737673721,defillama
stable_usdd,2024-09-26,737612566,defillama
stable_usdd,2024-09-27,737148397,defillama
stable_usdd,2024-09-28,736422487,defillama
stable_usdd,2024-09-29,736020393,defillama
stable_usdd,2024-09-30,735987592,defillama
stable_usdd,2024-10-01,736413763,defillama
stable_usdd,2024-10-02,735741201,defillama
stable_usdd,2024-10-03,735757215,defillama
stable_usdd,2024-10-04,735805190,defillama
stable_usdd,2024-10-05,735916941,defillama
stable_usdd,2024-10-06,736035263,defillama
stable_usdd,2024-10-07,741481428,defillama
stable_usdd,2024-10-08,743224553,defillama
stable_usdd,2024-10-09,745118440,defillama
stable_usdd,2024-10-10,743807764,defillama
stable_usdd,2024-10-11,745354394,defillama
stable_usdd,2024-10-12,745193856,defillama
stable_usdd,2024-10-13,746091867,defillama
stable_usdd,2024-10-14,749361408,defillama
stable_usdd,2024-10-15,748706062,defillama
stable_usdd,2024-10-16,749593389,defillama
stable_usdd,2024-10-17,749794832,defillama
stable_usdd,2024-10-18,750908325,defillama
stable_usdd,2024-10-19,752826075,defillama
stable_usdd,2024-10-20,752828975,defillama
stable_usdd,2024-10-21,757236141,defillama
stable_usdd,2024-10-22,752904585,defillama
stable_usdd,2024-10-23,759490540,defillama
stable_usdd,2024-10-24,760431149,defillama
stable_usdd,2024-10-25,759268510,defillama
stable_usdd,2024-10-26,753732355,defillama
stable_usdd,2024-10-27,753529387,defillama
stable_usdd,2024-10-28,759102320,defillama
stable_usdd,2024-10-29,754073492,defillama
stable_usdd,2024-10-30,754899931,defillama
stable_usdd,2024-10-31,754823502,defillama
stable_usdd,2024-11-01,754747452,defillama
stable_usdd,2024-11-02,754686125,defillama
stable_usdd,2024-11-03,754482416,defillama
stable_usdd,2024-11-04,759892443,defillama
stable_usdd,2024-11-05,762346298,defillama
stable_usdd,2024-11-06,763397236,defillama
stable_usdd,2024-11-07,762688216,defillama
stable_usdd,2024-11-08,756746144,defillama
stable_usdd,2024-11-09,756862399,defillama
stable_usdd,2024-11-10,762885089,defillama
stable_usdd,2024-11-11,756217437,defillama
stable_usdd,2024-11-12,754917268,defillama
stable_usdd,2024-11-13,754045920,defillama
stable_usdd,2024-11-14,753902691,defillama
stable_usdd,2024-11-15,754837767,defillama
stable_usdd,2024-11-16,755243186,defillama
stable_usdd,2024-11-17,757699348,defillama
stable_usdd,2024-11-18,760522513,defillama
stable_usdd,2024-11-19,761066732,defillama
stable_usdd,2024-11-20,765817462,defillama
stable_usdd,2024-11-21,764403090,defillama
stable_usdd,2024-11-22,760032268,defillama
stable_usdd,2024-11-23,764757905,defillama
stable_usdd,2024-11-24,763790623,defillama
stable_usdd,2024-11-25,759489927,defillama
stable_usdd,2024-11-26,754934278,defillama
stable_usdd,2024-11-27,755270391,defillama
stable_usdd,2024-11-28,754214766,defillama
stable_usdd,2024-11-29,756378497,defillama
stable_usdd,2024-11-30,756103783,defillama
stable_usdd,2024-12-01,754904060,defillama
stable_usdd,2024-12-02,755991581,defillama
stable_usdd,2024-12-03,753147281,defillama
stable_usdd,2024-12-04,750287839,defillama
stable_usdd,2024-12-05,748379613,defillama
stable_usdd,2024-12-06,741944446,defillama
stable_usdd,2024-12-07,3292325,defillama
stable_usdd,2024-12-08,3292325,defillama
stable_usdd,2024-12-09,741977910,defillama
stable_usdd,2024-12-10,740574326,defillama
stable_usdd,2024-12-11,742269973,defillama
stable_usdd,2024-12-12,742786298,defillama
stable_usdd,2024-12-13,743024551,defillama
stable_usdd,2024-12-14,743519335,defillama
stable_usdd,2024-12-15,744018070,defillama
stable_usdd,2024-12-16,744771943,defillama
stable_usdd,2024-12-17,744816878,defillama
stable_usdd,2024-12-18,745383914,defillama
stable_usdd,2024-12-19,749696687,defillama
stable_usdd,2024-12-20,751904840,defillama
stable_usdd,2024-12-21,747376239,defillama
stable_usdd,2024-12-22,753050791,defillama
stable_usdd,2024-12-23,755764809,defillama
stable_usdd,2024-12-24,758573969,defillama
stable_usdd,2024-12-25,761074320,defillama
stable_usdd,2024-12-26,761135328,defillama
stable_usdd,2024-12-27,762152550,defillama
stable_usdd,2024-12-28,759148330,defillama
stable_usdd,2024-12-29,760734021,defillama
stable_usdd,2024-12-30,760955307,defillama
stable_usdd,2024-12-31,759936417,defillama
stable_usdd,2025-01-01,756294012,defillama
stable_usdd,2025-01-02,756224196,defillama
stable_usdd,2025-01-03,753557200,defillama
stable_usdd,2025-01-04,753948129,defillama
stable_usdd,2025-01-05,753063024,defillama
stable_usdd,2025-01-06,750703368,defillama
stable_usdd,2025-01-07,748861006,defillama
stable_usdd,2025-01-08,747325469,defillama
stable_usdd,2025-01-09,746081241,defillama
stable_usdd,2025-01-10,746389320,defillama
stable_usdd,2025-01-11,746128009,defillama
stable_usdd,2025-01-12,746710771,defillama
stable_usdd,2025-01-13,747091136,defillama
stable_usdd,2025-01-14,748272351,defillama
stable_usdd,2025-01-15,749284101,defillama
stable_usdd,2025-01-16,747272421,defillama
stable_usdd,2025-01-17,751257283,defillama
stable_usdd,2025-01-18,750882613,defillama
stable_usdd,2025-01-19,754198060,defillama
stable_usdd,2025-01-20,755194659,defillama
stable_usdd,2025-01-21,755284277,defillama
stable_usdd,2025-01-22,754574815,defillama
stable_usdd,2025-01-23,755279011,defillama
stable_usdd,2025-01-24,755952274,defillama
stable_usdd,2025-01-25,754994822,defillama
stable_usdd,2025-01-26,754681944,defillama
stable_usdd,2025-01-27,746663828,defillama
stable_usdd,2025-01-28,746410274,defillama
stable_usdd,2025-01-29,744954272,defillama
stable_usdd,2025-01-30,744249920,defillama
stable_usdd,2025-01-31,743618822,defillama
stable_usdd,2025-02-01,742943422,defillama
stable_usdd,2025-02-02,739641977,defillama
stable_usdd,2025-02-03,741152528,defillama
stable_usdd,2025-02-04,742229042,defillama
stable_usdd,2025-02-05,743432436,defillama
stable_usdd,2025-02-06,742050851,defillama
stable_usdd,2025-02-07,741580393,defillama
stable_usdd,2025-02-08,741846447,defillama
stable_usdd,2025-02-09,741180587,defillama
stable_usdd,2025-02-10,742467222,defillama
stable_usdd,2025-02-11,743759684,defillama
stable_usdd,2025-02-12,740779334,defillama
stable_usdd,2025-02-13,739848634,defillama
stable_usdd,2025-02-14,739384493,defillama
stable_usdd,2025-02-15,737015051,defillama
stable_usdd,2025-02-16,736891820,defillama
stable_usdd,2025-02-17,736523368,defillama
stable_usdd,2025-02-18,735139632,defillama
stable_usdd,2025-02-19,733505310,defillama
stable_usdd,2025-02-20,734520213,defillama
stable_usdd,2025-02-21,734400953,defillama
stable_usdd,2025-02-22,735368146,defillama
stable_usdd,2025-02-23,737245645,defillama
stable_usdd,2025-02-24,737226198,defillama
stable_usdd,2025-02-25,734902266,defillama
stable_usdd,2025-02-26,737663419,defillama
stable_usdd,2025-02-27,734875489,defillama
stable_usdd,2025-02-28,733036375,defillama
stable_usdd,2025-03-01,731311231,defillama
stable_usdd,2025-03-02,22208330,defillama
stable_usdd,2025-03-03,23044237,defillama
stable_usdd,2025-03-04,23625873,defillama
stable_usdd,2025-03-05,24000621,defillama
stable_usdd,2025-03-06,25607854,defillama
stable_usdd,2025-03-07,24163624,defillama
stable_usdd,2025-03-08,22732724,defillama
stable_usdd,2025-03-09,22211205,defillama
stable_usdd,2025-03-10,25462886,defillama
stable_usdd,2025-03-11,25370846,defillama
stable_usdd,2025-03-12,27107613,defillama
stable_usdd,2025-03-13,25131447,defillama
stable_usdd,2025-03-14,25680947,defillama
stable_usdd,2025-03-15,26860565,defillama
stable_usdd,2025-03-16,24092907,defillama
stable_usdd,2025-03-17,27744631,defillama
stable_usdd,2025-03-18,25718003,defillama
stable_usdd,2025-03-19,22921535,defillama
stable_usdd,2025-03-20,23878596,defillama
stable_usdd,2025-03-21,25233999,defillama
stable_usdd,2025-03-22,25251676,defillama
stable_usdd,2025-03-23,25729781,defillama
stable_usdd,2025-03-24,25207974,defillama
stable_usdd,2025-03-25,263135433,defillama
stable_usdd,2025-03-26,263987005,defillama
stable_usdd,2025-03-27,265264257,defillama
stable_usdd,2025-03-28,258207558,defillama
stable_usdd,2025-03-29,230346078,defillama
stable_usdd,2025-03-30,241148932,defillama
stable_usdd,2025-03-31,253065751,defillama
stable_usdd,2025-04-01,265032785,defillama
stable_usdd,2025-04-02,274021089,defillama
stable_usdd,2025-04-03,277637161,defillama
stable_usdd,2025-04-04,294551500,defillama
stable_usdd,2025-04-05,304746658,defillama
stable_usdd,2025-04-06,304937187,defillama
stable_usdd,2025-04-07,309056071,defillama
stable_usdd,2025-04-08,300429985,defillama
stable_usdd,2025-04-09,302158040,defillama
stable_usdd,2025-04-10,295382816,defillama
stable_usdd,2025-04-11,311269382,defillama
stable_usdd,2025-04-12,317747070,defillama
stable_usdd,2025-04-13,297968001,defillama
stable_usdd,2025-04-14,320847992,defillama
stable_usdd,2025-04-15,326686737,defillama
stable_usdd,2025-04-16,334939949,defillama
stable_usdd,2025-04-17,332182539,defillama
stable_usdd,2025-04-18,343252483,defillama
stable_usdd,2025-04-19,342043869,defillama
stable_usdd,2025-04-20,339736409,defillama
stable_usdd,2025-04-21,350317270,defillama
stable_usdd,2025-04-22,353186729,defillama
stable_usdd,2025-04-23,362250566,defillama
stable_usdd,2025-04-24,373290675,defillama
stable_usdd,2025-04-25,381302879,defillama
stable_usdd,2025-04-26,378140735,defillama
stable_usdd,2025-04-27,382597130,defillama
stable_usdd,2025-04-28,344555383,defillama
stable_usdd,2025-04-29,339882517,defillama
stable_usdd,2025-04-30,329399566,defillama
stable_usdd,2025-05-01,327523697,defillama
stable_usdd,2025-05-02,334897501,defillama
stable_usdd,2025-05-03,333342875,defillama
stable_usdd,2025-05-04,333578991,defillama
stable_usdd,2025-05-05,334239422,defillama
stable_usdd,2025-05-06,309712768,defillama
stable_usdd,2025-05-07,317723386,defillama
stable_usdd,2025-05-08,316726723,defillama
stable_usdd,2025-05-09,348816638,defillama
stable_usdd,2025-05-10,330494249,defillama
stable_usdd,2025-05-11,352967619,defillama
stable_usdd,2025-05-12,355928793,defillama
stable_usdd,2025-05-13,335454678,defillama
stable_usdd,2025-05-14,355000481,defillama
stable_usdd,2025-05-15,359981670,defillama
stable_usdd,2025-05-16,358741170,defillama
stable_usdd,2025-05-17,364158134,defillama
stable_usdd,2025-05-18,357993636,defillama
stable_usdd,2025-05-19,369208633,defillama
stable_usdd,2025-05-20,374535955,defillama
stable_usdd,2025-05-21,370284024,defillama
stable_usdd,2025-05-22,374894957,defillama
stable_usdd,2025-05-23,355955455,defillama
stable_usdd,2025-05-24,358250576,defillama
stable_usdd,2025-05-25,358428098,defillama
stable_usdd,2025-05-26,357042346,defillama
stable_usdd,2025-05-27,378914824,defillama
stable_usdd,2025-05-28,361341691,defillama
stable_usdd,2025-05-29,386967531,defillama
stable_usdd,2025-05-30,386510347,defillama
stable_usdd,2025-05-31,394845815,defillama
stable_usdd,2025-06-01,380183780,defillama
stable_usdd,2025-06-02,372809767,defillama
stable_usdd,2025-06-03,379092261,defillama
stable_usdd,2025-06-04,394723208,defillama
stable_usdd,2025-06-05,418414550,defillama
stable_usdd,2025-06-06,440132943,defillama
stable_usdd,2025-06-07,415004918,defillama
stable_usdd,2025-06-08,430692985,defillama
stable_usdd,2025-06-09,451283151,defillama
stable_usdd,2025-06-10,446242189,defillama
stable_usdd,2025-06-11,437310282,defillama
stable_usdd,2025-06-12,422011026,defillama
stable_usdd,2025-06-13,441384419,defillama
stable_usdd,2025-06-14,440366617,defillama
stable_usdd,2025-06-15,433950800,defillama
stable_usdd,2025-06-16,425805121,defillama
stable_usdd,2025-06-17,429488356,defillama
stable_usdd,2025-06-18,428859899,defillama
stable_usdd,2025-06-19,427707644,defillama
stable_usdd,2025-06-20,417821039,defillama
stable_usdd,2025-06-21,418118548,defillama
stable_usdd,2025-06-22,418484144,defillama
stable_usdd,2025-06-23,417723838,defillama
stable_usdd,2025-06-24,389847758,defillama
stable_usdd,2025-06-25,399917175,defillama
stable_usdd,2025-06-26,410283697,defillama
stable_usdd,2025-06-27,423601448,defillama
stable_usdd,2025-06-28,439536472,defillama
stable_usdd,2025-06-29,440667710,defillama
stable_usdd,2025-06-30,432767417,defillama
stable_usdd,2025-07-01,426963096,defillama
stable_usdd,2025-07-02,430488818,defillama
stable_usdd,2025-07-03,436288982,defillama
stable_usdd,2025-07-04,427318472,defillama
stable_usdd,2025-07-05,396857850,defillama
stable_usdd,2025-07-06,415010852,defillama
stable_usdd,2025-07-07,416696761,defillama
stable_usdd,2025-07-08,428944014,defillama
stable_usdd,2025-07-09,424381861,defillama
stable_usdd,2025-07-10,447408502,defillama
stable_usdd,2025-07-11,450014994,defillama
stable_usdd,2025-07-12,472908392,defillama
stable_usdd,2025-07-13,503682193,defillama
stable_usdd,2025-07-14,521774287,defillama
stable_usdd,2025-07-15,528243748,defillama
stable_usdd,2025-07-16,507497280,defillama
stable_usdd,2025-07-17,522137950,defillama
stable_usdd,2025-07-18,562512396,defillama
stable_usdd,2025-07-19,527811725,defillama
stable_usdd,2025-07-20,539537250,defillama
stable_usdd,2025-07-21,541850881,defillama
stable_usdd,2025-07-22,520449581,defillama
stable_usdd,2025-07-23,528306238,defillama
stable_usdd,2025-07-24,540114916,defillama
stable_usdd,2025-07-25,538312274,defillama
stable_usdd,2025-07-26,535030009,defillama
stable_usdd,2025-07-27,543684979,defillama
stable_usdd,2025-07-28,547128756,defillama
stable_usdd,2025-07-29,550132456,defillama
stable_usdd,2025-07-30,565178094,defillama
stable_usdd,2025-07-31,578711145,defillama
stable_usdd,2025-08-01,569501386,defillama
stable_usdd,2025-08-02,566943498,defillama
stable_usdd,2025-08-03,570607771,defillama
stable_usdd,2025-08-04,569509922,defillama
stable_usdd,2025-08-05,556202715,defillama
stable_usdd,2025-08-06,553650470,defillama
stable_usdd,2025-08-07,532753987,defillama
stable_usdd,2025-08-08,527442775,defillama
stable_usdd,2025-08-09,517339770,defillama
stable_usdd,2025-08-10,510238816,defillama
stable_usdd,2025-08-11,506058707,defillama
stable_usdd,2025-08-12,505039974,defillama
stable_usdd,2025-08-13,490268550,defillama
stable_usdd,2025-08-14,511076939,defillama
stable_usdd,2025-08-15,509303644,defillama
stable_usdd,2025-08-16,505381248,defillama
stable_usdd,2025-08-17,504427404,defillama
stable_usdd,2025-08-18,485447915,defillama
stable_usdd,2025-08-19,494413518,defillama
stable_usdd,2025-08-20,475415810,defillama
stable_usdd,2025-08-21,476416834,defillama
stable_usdd,2025-08-22,474924477,defillama
stable_usdd,2025-08-23,472434813,defillama
stable_usdd,2025-08-24,468544325,defillama
stable_usdd,2025-08-25,456357550,defillama
stable_usdd,2025-08-26,460413673,defillama
stable_usdd,2025-08-27,460829226,defillama
stable_usdd,2025-08-28,457121351,defillama
stable_usdd,2025-08-29,453598344,defillama
stable_usdd,2025-08-30,447480816,defillama
stable_usdd,2025-08-31,443685693,defillama
stable_usdd,2025-09-01,448215485,defillama
stable_usdd,2025-09-02,447675002,defillama
stable_usdd,2025-09-03,444792191,defillama
stable_usdd,2025-09-04,472323880,defillama
stable_usdd,2025-09-05,464361930,defillama
stable_usdd,2025-09-06,469015593,defillama
stable_usdd,2025-09-07,464617305,defillama
stable_usdd,2025-09-08,448724860,defillama
stable_usdd,2025-09-09,460051720,defillama
stable_usdd,2025-09-10,483563984,defillama
stable_usdd,2025-09-11,493308647,defillama
stable_usdd,2025-09-12,492492645,defillama
stable_usdd,2025-09-13,492115311,defillama
stable_usdd,2025-09-14,493033512,defillama
stable_usdd,2025-09-15,506631784,defillama
stable_usdd,2025-09-16,511295913,defillama
stable_usdd,2025-09-17,502224033,defillama
stable_usdd,2025-09-18,516425097,defillama
stable_usdd,2025-09-19,519712064,defillama
stable_usdd,2025-09-20,524752767,defillama
stable_usdd,2025-09-21,531295313,defillama
stable_usdd,2025-09-22,527410831,defillama
stable_usdd,2025-09-23,516800270,defillama
stable_usdd,2025-09-24,508624841,defillama
stable_usdd,2025-09-25,507212855,defillama
stable_usdd,2025-09-26,486006689,defillama
stable_usdd,2025-09-27,488776055,defillama
stable_usdd,2025-09-28,489103816,defillama
stable_usdd,2025-09-29,478347248,defillama
stable_usdd,2025-09-30,472923420,defillama
stable_usdd,2025-10-01,476286778,defillama
stable_usdd,2025-10-02,470040430,defillama
stable_usdd,2025-10-03,460675823,defillama
stable_usdd,2025-10-04,463144131,defillama
stable_usdd,2025-10-05,464865656,defillama
stable_usdd,2025-10-06,469843296,defillama
stable_usdd,2025-10-07,471477616,defillama
stable_usdd,2025-10-08,484746851,defillama
stable_usdd,2025-10-09,475652310,defillama
stable_usdd,2025-10-10,475816187,defillama
stable_usdd,2025-10-11,467273414,defillama
stable_usdd,2025-10-12,461271629,defillama
stable_usdd,2025-10-13,463072165,defillama
stable_usdd,2025-10-14,468969584,defillama
stable_usdd,2025-10-15,487276942,defillama
stable_usdd,2025-10-16,490790663,defillama
stable_usdd,2025-10-17,516585544,defillama
stable_usdd,2025-10-18,502019290,defillama
stable_usdd,2025-10-19,461044080,defillama
stable_usdd,2025-10-20,468612885,defillama
stable_usdd,2025-10-21,474862304,defillama
stable_usdd,2025-10-22,479546834,defillama
stable_usdd,2025-10-23,489104537,defillama
stable_usdd,2025-10-24,484757793,defillama
stable_usdd,2025-10-25,475886581,defillama
stable_usdd,2025-10-26,464025757,defillama
stable_usdd,2025-10-27,457630321,defillama
stable_usdd,2025-10-28,440628770,defillama
stable_usdd,2025-10-29,443958804,defillama
stable_usdd,2025-10-30,438305070,defillama
stable_usdd,2025-10-31,440128999,defillama
stable_usdd,2025-11-01,442317593,defillama
stable_usdd,2025-11-02,435157956,defillama
stable_usdd,2025-11-03,432463897,defillama
stable_usdd,2025-11-04,422077980,defillama
stable_usdd,2025-11-05,417187802,defillama
stable_usdd,2025-11-06,420752627,defillama
stable_usdd,2025-11-07,424354331,defillama
stable_usdd,2025-11-08,414662547,defillama
stable_usdd,2025-11-09,410425182,defillama
stable_usdd,2025-11-10,411793806,defillama
stable_usdd,2025-11-11,409986358,defillama
stable_usdd,2025-11-12,403330047,defillama
stable_usdd,2025-11-13,400403163,defillama
stable_usdd,2025-11-14,419518055,defillama
stable_usdd,2025-11-15,425006784,defillama
stable_usdd,2025-11-16,444490982,defillama
stable_usdd,2025-11-17,443355302,defillama
stable_usdd,2025-11-18,453412664,defillama
stable_usdd,2025-11-19,456446897,defillama
stable_usdd,2025-11-20,452448015,defillama
stable_usdd,2025-11-21,461563666,defillama
stable_usdd,2025-11-22,451986066,defillama
stable_usdd,2025-11-23,461235869,defillama
stable_usdd,2025-11-24,472089349,defillama
stable_usdd,2025-11-25,483180598,defillama
stable_usdd,2025-11-26,450091121,defillama
stable_usdd,2025-11-27,468061002,defillama
stable_usdd,2025-11-28,473399497,defillama
stable_usdd,2025-11-29,473793948,defillama
stable_usdd,2025-11-30,492565386,defillama
stable_usdd,2025-12-01,516450444,defillama
stable_usdd,2025-12-02,514290260,defillama
stable_usdd,2025-12-03,594301484,defillama
stable_usdd,2025-12-04,601566147,defillama
stable_usdd,2025-12-05,603705328,defillama
stable_usdd,2025-12-06,596114063,defillama
stable_usdd,2025-12-07,616162058,defillama
stable_usdd,2025-12-08,633975200,defillama
stable_usdd,2025-12-09,628235116,defillama
stable_usdd,2025-12-10,563862723,defillama
stable_usdd,2025-12-11,525982524,defillama
stable_usdd,2025-12-12,693784912,defillama
stable_usdd,2025-12-13,736055918,defillama
stable_usdd,2025-12-14,752482352,defillama
stable_usdd,2025-12-15,774988392,defillama
stable_usdd,2025-12-16,779492633,defillama
stable_usdd,2025-12-17,808984316,defillama
stable_usdd,2025-12-18,824404522,defillama
stable_usdd,2025-12-19,835300642,defillama
stable_usdd,2025-12-20,800960485,defillama
stable_usdd,2025-12-21,820127703,defillama
stable_usdd,2025-12-22,826345818,defillama
stable_usdd,2025-12-23,849682185,defillama
stable_usdd,2025-12-24,854162178,defillama
stable_usdd,2025-12-25,829571894,defillama
stable_usdd,2025-12-26,829533561,defillama
stable_usdd,2025-12-27,819332957,defillama
stable_usdd,2025-12-28,820163195,defillama
stable_usdd,2025-12-29,818621763,defillama
stable_usdd,2025-12-30,835051593,defillama
stable_usdd,2025-12-31,842388952,defillama
stable_usdd,2026-01-01,844625806,defillama
stable_usdd,2026-01-02,856694993,defillama
stable_usdd,2026-01-03,859474581,defillama
stable_usdd,2026-01-04,890018251,defillama
stable_usdd,2026-01-05,896209872,defillama
stable_usdd,2026-01-06,874070217,defillama
stable_usdd,2026-01-07,876329462,defillama
stable_usdd,2026-01-08,877807209,defillama
stable_usdd,2026-01-09,860942109,defillama
stable_usdd,2026-01-10,819976567,defillama
stable_usdd,2026-01-11,899058695,defillama
stable_usdd,2026-01-12,936305043,defillama
stable_usdd,2026-01-13,917039332,defillama
stable_usdd,2026-01-14,939578264,defillama
stable_usdd,2026-01-15,932978333,defillama
stable_usdd,2026-01-16,962317974,defillama
stable_usdd,2026-01-17,965294285,defillama
stable_usdd,2026-01-18,1110755110,defillama
stable_usdd,2026-01-19,1123066827,defillama
stable_usdd,2026-01-20,1113965188,defillama
stable_usdd,2026-01-21,1122555194,defillama
stable_usdd,2026-01-22,1132974010,defillama
stable_usdd,2026-01-23,1137932606,defillama
stable_usdd,2026-01-24,1068224398,defillama
stable_usdd,2026-01-25,1080262350,defillama
stable_usdd,2026-01-26,1093102749,defillama
stable_usdd,2026-01-27,1090137408,defillama
stable_usdd,2026-01-28,1111539211,defillama
stable_usdd,2026-01-29,1112216872,defillama
stable_usdd,2026-01-30,1092503611,defillama
stable_usdd,2026-01-31,1122568448,defillama
stable_usdd,2026-02-01,1080868535,defillama
stable_usdd,2026-02-02,1059754996,defillama
stable_usdd,2026-02-03,1015279128,defillama
stable_usdd,2026-02-04,1013997416,defillama
stable_usdd,2026-02-05,1007053148,defillama
stable_usdd,2026-02-06,966097074,defillama
stable_usdd,2026-02-07,970669404,defillama
stable_usdd,2026-02-08,1005991007,defillama
stable_usdd,2026-02-09,994876804,defillama
stable_usdd,2026-02-10,1005979084,defillama
stable_usdd,2026-02-11,1009161912,defillama
stable_usdd,2026-02-12,1003076457,defillama
stable_usdd,2026-02-13,990798764,defillama
stable_usdd,2026-02-14,1005957192,defillama
stable_usdd,2026-02-15,1028219476,defillama
stable_usdd,2026-02-16,1046525218,defillama
stable_usdd,2026-02-17,1043425942,defillama
stable_usdd,2026-02-18,1061955446,defillama
stable_usdd,2026-02-19,1051099341,defillama
stable_usdd,2026-02-20,1086825211,defillama
stable_usdd,2026-02-21,1108853803,defillama
stable_usdd,2026-02-22,1129089641,defillama
stable_usdd,2026-02-23,1138541314,defillama
stable_usdd,2026-02-24,1121921694,defillama
stable_usdd,2026-02-25,1129199659,defillama
stable_usdd,2026-02-26,1143027035,defillama
stable_usdd,2026-02-27,1127505390,defillama
stable_usdd,2026-02-28,1127426557,defillama
stable_usdd,2026-03-01,1086968207,defillama
stable_usdd,2026-03-02,1080019854,defillama
stable_usdd,2026-03-03,1024633140,defillama
stable_usdd,2026-03-04,978171791,defillama
stable_usdd,2026-03-05,973010243,defillama
stable_usdd,2026-03-06,1009515247,defillama
stable_usdd,2026-03-07,1032892850,defillama
stable_usdd,2026-03-08,1027518075,defillama
stable_usdd,2026-03-09,1060647784,defillama
stable_usdd,2026-03-10,1063632139,defillama
stable_usdd,2026-03-11,1056067285,defillama
stable_usdd,2026-03-12,1098714865,defillama
stable_usdd,2026-03-13,1110002837,defillama
stable_usdd,2026-03-14,1125516054,defillama
stable_usdd,2026-03-15,1112087059,defillama
stable_usdd,2026-03-16,1114031156,defillama
stable_usdd,2026-03-17,1078373351,defillama
stable_usdd,2026-03-18,1100168464,defillama
stable_usdd,2026-03-19,1103262500,defillama
stable_usdd,2026-03-20,1134158783,defillama
stable_usdd,2026-03-21,1168644207,defillama
stable_usdd,2026-03-22,1179145925,defillama
stable_usdd,2026-03-23,1163086832,defillama
stable_usdd,2026-03-24,1173120884,defillama
stable_usdd,2026-03-25,1168113326,defillama
stable_usdd,2026-03-26,1181354607,defillama
stable_usdd,2026-03-27,1195479130,defillama
stable_usdd,2026-03-28,1214354165,defillama
stable_usdd,2026-03-29,1207325403,defillama
stable_usdd,2026-03-30,1411744086,defillama
stable_usdd,2026-03-31,1412231870,defillama
stable_usdd,2026-04-01,1527302397,defillama
stable_usdd,2026-04-02,1545190856,defillama
stable_usdd,2026-04-03,1541579359,defillama
stable_usdd,2026-04-04,1551701324,defillama
stable_usdd,2026-04-05,1549724921,defillama
stable_usdd,2026-04-06,1541557430,defillama
stable_usdd,2026-04-07,1534293249,defillama
stable_usdd,2026-04-08,1529430622,defillama
stable_usdd,2026-04-09,1516421466,defillama
stable_usdd,2026-04-10,1528533222,defillama
stable_usdd,2026-04-11,1540102668,defillama
stable_usdd,2026-04-12,1547071731,defillama
stable_usdd,2026-04-13,1529260380,defillama
stable_usdd,2026-04-14,1525074280,defillama
stable_usdd,2026-04-15,1548113402,defillama
stable_usdd,2026-04-16,1541184442,defillama
stable_usdd,2026-04-17,1544382315,defillama
stable_usdd,2026-04-18,1546154978,defillama
stable_usdd,2026-04-19,1493984540,defillama
stable_usdd,2026-04-20,1397236475,defillama
stable_usdd,2026-04-21,1311319132,defillama
stable_usdd,2026-04-22,1334931505,defillama
stable_usdd,2026-04-23,1373446646,defillama
stable_usdd,2026-04-24,1388486739,defillama
stable_usdd,2026-04-25,1401470128,defillama
stable_usdd,2026-04-26,1429543470,defillama
stable_usdd,2026-04-27,1450673022,defillama
stable_usdd,2026-04-28,1463534001,defillama
stable_usdd,2026-04-29,1464788257,defillama
stable_usdd,2026-04-30,1466633894,defillama
stable_usdd,2026-05-01,1467633118,defillama
stable_usdd,2026-05-02,1484487209,defillama
stable_usdd,2026-05-03,1492448460,defillama
stable_usdd,2026-05-04,1493235625,defillama
stable_usdd,2026-05-05,1488294643,defillama
stable_usdd,2026-05-06,1478514984,defillama
stable_usdd,2026-05-07,1469705999,defillama
stable_usdd,2026-05-08,1454911096,defillama
stable_usdd,2026-05-09,1458180834,defillama
stable_usdd,2026-05-10,1474915440,defillama
stable_usdd,2026-05-11,1487122642,defillama
stable_usdd,2026-05-12,1472891159,defillama
stable_usdd,2026-05-13,1473282365,defillama
stable_usdd,2026-05-14,1478084981,defillama
stable_usdd,2026-05-15,1485850747,defillama
stable_usdd,2026-05-16,1498606629,defillama
stable_usdd,2026-05-17,1511623114,defillama
stable_usdd,2026-05-18,1535605881,defillama
stable_usdd,2026-05-19,1535586464,defillama
stable_usdd,2026-05-20,1521245456,defillama
stable_usdd,2026-05-21,1521400272,defillama
stable_usdd,2026-05-22,1499858675,defillama
stable_usdd,2026-05-23,1515345425,defillama
stable_usdd,2026-05-24,1508408009,defillama
stable_usdd,2026-05-25,1517273083,defillama
stable_usdd,2026-05-26,1525813321,defillama
stable_usdd,2026-05-27,1523835886,defillama
stable_usdd,2026-05-28,1446732710,defillama
stable_usdd,2026-05-29,1406903082,defillama
stable_usdd,2026-05-30,1427443308,defillama
stable_usdd,2026-05-31,1437126640,defillama
stable_usdd,2026-06-01,1442898004,defillama
stable_usdd,2026-06-02,1426385931,defillama
stable_usdd,2026-06-03,1420954046,defillama
stable_usdd,2026-06-04,1409456694,defillama
stable_usdd,2026-06-05,1399635732,defillama
stable_usdd,2026-06-06,1379630887,defillama
stable_usdd,2026-06-07,1369212558,defillama
stable_usdd,2026-06-08,1358433880,defillama
stable_usdd,2026-06-09,1364295822,defillama
stable_usdd,2026-06-10,1354670924,defillama
stable_usdd,2026-06-11,1348329476,defillama
stable_usdd,2026-06-12,1327758333,defillama
stable_usdd,2026-06-13,1357742315,defillama
stable_usdd,2026-06-14,1364270385,defillama
stable_usdd,2026-06-15,1362231457,defillama
stable_usdd,2026-06-16,1369864561,defillama
stable_usdd,2026-06-17,1366237445,defillama
stable_usdd,2026-06-18,1374483654,defillama
stable_usdd,2026-06-19,1363460907,defillama
stable_usdd,2026-06-20,1371524531,defillama
stable_usdd,2026-06-21,1366950325,defillama
stable_usdd,2026-06-22,1372690332,defillama
stable_usdd,2026-06-23,1373851213,defillama
stable_usdd,2026-06-24,1379431673,defillama
stable_usdd,2026-06-25,1378667948,defillama
stable_usdd,2026-06-26,1382124145,defillama
stable_usdd,2026-06-27,1377152012,defillama
stable_usdd,2026-06-28,1380709139,defillama
stable_usdd,2026-06-29,1377309038,defillama
stable_usdd,2026-06-30,1368722649,defillama
stable_usdd,2026-07-01,1385689658,defillama
stable_usdd,2026-07-02,1392476285,defillama
stable_usdd,2026-07-03,1388391254,defillama
stable_usdd,2026-07-04,1396139494,defillama
stable_usdd,2026-07-05,1402151476,defillama
stable_usdd,2026-07-06,1416054195,defillama
stable_usdd,2026-07-07,1477711506.8104198,defillama
stable_usde,2023-12-11,4945329,defillama
stable_usde,2023-12-12,4945329,defillama
stable_usde,2023-12-13,5420711,defillama
stable_usde,2023-12-14,7030430,defillama
stable_usde,2023-12-15,12919375,defillama
stable_usde,2023-12-16,21535082,defillama
stable_usde,2023-12-17,21535101,defillama
stable_usde,2023-12-18,24768644,defillama
stable_usde,2023-12-19,32604372,defillama
stable_usde,2023-12-20,37536616,defillama
stable_usde,2023-12-21,44103814,defillama
stable_usde,2023-12-22,49401705,defillama
stable_usde,2023-12-23,55000107,defillama
stable_usde,2023-12-24,57231706,defillama
stable_usde,2023-12-25,58160167,defillama
stable_usde,2023-12-26,63160150,defillama
stable_usde,2023-12-27,63664886,defillama
stable_usde,2023-12-28,70919840,defillama
stable_usde,2023-12-29,72867030,defillama
stable_usde,2023-12-30,78738141,defillama
stable_usde,2023-12-31,84509889,defillama
stable_usde,2024-01-01,85906523,defillama
stable_usde,2024-01-02,91324700,defillama
stable_usde,2024-01-03,101197671,defillama
stable_usde,2024-01-04,104157712,defillama
stable_usde,2024-01-05,106064419,defillama
stable_usde,2024-01-06,106243346,defillama
stable_usde,2024-01-07,108071114,defillama
stable_usde,2024-01-08,110072206,defillama
stable_usde,2024-01-09,112580569,defillama
stable_usde,2024-01-10,116674538,defillama
stable_usde,2024-01-11,116971000,defillama
stable_usde,2024-01-12,116991080,defillama
stable_usde,2024-01-13,117886055,defillama
stable_usde,2024-01-14,118069832,defillama
stable_usde,2024-01-15,118145998,defillama
stable_usde,2024-01-16,122491963,defillama
stable_usde,2024-01-17,123802760,defillama
stable_usde,2024-01-18,125306707,defillama
stable_usde,2024-01-19,125661128,defillama
stable_usde,2024-01-20,130984644,defillama
stable_usde,2024-01-21,130984644,defillama
stable_usde,2024-01-22,131070466,defillama
stable_usde,2024-01-23,131070466,defillama
stable_usde,2024-01-24,131400789,defillama
stable_usde,2024-01-25,131517465,defillama
stable_usde,2024-01-26,131841638,defillama
stable_usde,2024-01-27,131844613,defillama
stable_usde,2024-01-28,131844613,defillama
stable_usde,2024-01-29,131844640,defillama
stable_usde,2024-01-30,133365778,defillama
stable_usde,2024-01-31,135590811,defillama
stable_usde,2024-02-01,140613136,defillama
stable_usde,2024-02-02,146933210,defillama
stable_usde,2024-02-03,152601128,defillama
stable_usde,2024-02-04,152624955,defillama
stable_usde,2024-02-05,155465874,defillama
stable_usde,2024-02-06,156477951,defillama
stable_usde,2024-02-07,164912940,defillama
stable_usde,2024-02-08,179458823,defillama
stable_usde,2024-02-09,179458637,defillama
stable_usde,2024-02-10,199776648,defillama
stable_usde,2024-02-11,209737109,defillama
stable_usde,2024-02-12,209737109,defillama
stable_usde,2024-02-13,210063837,defillama
stable_usde,2024-02-14,225064149,defillama
stable_usde,2024-02-15,225064149,defillama
stable_usde,2024-02-16,225768088,defillama
stable_usde,2024-02-17,233235356,defillama
stable_usde,2024-02-18,237538796,defillama
stable_usde,2024-02-19,241815700,defillama
stable_usde,2024-02-20,279325742,defillama
stable_usde,2024-02-21,335698397,defillama
stable_usde,2024-02-22,366255967,defillama
stable_usde,2024-02-23,413585438,defillama
stable_usde,2024-02-24,420470226,defillama
stable_usde,2024-02-25,427662497,defillama
stable_usde,2024-02-26,437651678,defillama
stable_usde,2024-02-27,482644154,defillama
stable_usde,2024-02-28,497546101,defillama
stable_usde,2024-02-29,519514619,defillama
stable_usde,2024-03-01,585677894,defillama
stable_usde,2024-03-02,620854199,defillama
stable_usde,2024-03-03,672104780,defillama
stable_usde,2024-03-04,713326151,defillama
stable_usde,2024-03-05,779358961,defillama
stable_usde,2024-03-06,813087181,defillama
stable_usde,2024-03-07,824136423,defillama
stable_usde,2024-03-08,834350987,defillama
stable_usde,2024-03-09,842561768,defillama
stable_usde,2024-03-10,850569143,defillama
stable_usde,2024-03-11,868174496,defillama
stable_usde,2024-03-12,900865238,defillama
stable_usde,2024-03-13,956057609,defillama
stable_usde,2024-03-14,1003030679,defillama
stable_usde,2024-03-15,1060928393,defillama
stable_usde,2024-03-16,1081905913,defillama
stable_usde,2024-03-17,1098435455,defillama
stable_usde,2024-03-18,1112398821,defillama
stable_usde,2024-03-19,1146893780,defillama
stable_usde,2024-03-20,1177111734,defillama
stable_usde,2024-03-21,1197343263,defillama
stable_usde,2024-03-22,1227971742,defillama
stable_usde,2024-03-23,1270770568,defillama
stable_usde,2024-03-24,1286254605,defillama
stable_usde,2024-03-25,1304735453,defillama
stable_usde,2024-03-26,1325074152,defillama
stable_usde,2024-03-27,1344651113,defillama
stable_usde,2024-03-28,1369126205,defillama
stable_usde,2024-03-29,1399043686,defillama
stable_usde,2024-03-30,1504609445,defillama
stable_usde,2024-03-31,1532428087,defillama
stable_usde,2024-04-01,1537922390,defillama
stable_usde,2024-04-02,1559999364,defillama
stable_usde,2024-04-03,1790677759,defillama
stable_usde,2024-04-04,1977471671,defillama
stable_usde,2024-04-05,2002735578,defillama
stable_usde,2024-04-06,2011963515,defillama
stable_usde,2024-04-07,2039435780,defillama
stable_usde,2024-04-08,2069554812,defillama
stable_usde,2024-04-09,2219246101,defillama
stable_usde,2024-04-10,2279882588,defillama
stable_usde,2024-04-11,2329462344,defillama
stable_usde,2024-04-12,2361351745,defillama
stable_usde,2024-04-13,2390820850,defillama
stable_usde,2024-04-14,2369806385,defillama
stable_usde,2024-04-15,2359305918,defillama
stable_usde,2024-04-16,2358952597,defillama
stable_usde,2024-04-17,2358952597,defillama
stable_usde,2024-04-18,2365059033,defillama
stable_usde,2024-04-19,2364867163,defillama
stable_usde,2024-04-20,2364867163,defillama
stable_usde,2024-04-21,2364867163,defillama
stable_usde,2024-04-22,2362804802,defillama
stable_usde,2024-04-23,2372794749,defillama
stable_usde,2024-04-24,2372794749,defillama
stable_usde,2024-04-25,2369978504,defillama
stable_usde,2024-04-26,2368160028,defillama
stable_usde,2024-04-27,2356160028,defillama
stable_usde,2024-04-28,2352259035,defillama
stable_usde,2024-04-29,2351759035,defillama
stable_usde,2024-04-30,2345859065,defillama
stable_usde,2024-05-01,2335068009,defillama
stable_usde,2024-05-02,2314065714,defillama
stable_usde,2024-05-03,2302561620,defillama
stable_usde,2024-05-04,2297061077,defillama
stable_usde,2024-05-05,2292560769,defillama
stable_usde,2024-05-06,2292060769,defillama
stable_usde,2024-05-07,2291560881,defillama
stable_usde,2024-05-08,2293558875,defillama
stable_usde,2024-05-09,2293558875,defillama
stable_usde,2024-05-10,2294468142,defillama
stable_usde,2024-05-11,2301187471,defillama
stable_usde,2024-05-12,2301686968,defillama
stable_usde,2024-05-13,2305183458,defillama
stable_usde,2024-05-14,2308180439,defillama
stable_usde,2024-05-15,2311177408,defillama
stable_usde,2024-05-16,2317656025,defillama
stable_usde,2024-05-17,2336283662,defillama
stable_usde,2024-05-18,2406098701,defillama
stable_usde,2024-05-19,2438367377,defillama
stable_usde,2024-05-20,2449651482,defillama
stable_usde,2024-05-21,2498121711,defillama
stable_usde,2024-05-22,2551216618,defillama
stable_usde,2024-05-23,2563726998,defillama
stable_usde,2024-05-24,2659186292,defillama
stable_usde,2024-05-25,2749319722,defillama
stable_usde,2024-05-26,2765803082,defillama
stable_usde,2024-05-27,2785383308,defillama
stable_usde,2024-05-28,2846858209,defillama
stable_usde,2024-05-29,2895581147,defillama
stable_usde,2024-05-30,2929994820,defillama
stable_usde,2024-05-31,2971576105,defillama
stable_usde,2024-06-01,2999994500,defillama
stable_usde,2024-06-02,3017539137,defillama
stable_usde,2024-06-03,3028544380,defillama
stable_usde,2024-06-04,3069928428,defillama
stable_usde,2024-06-05,3111652405,defillama
stable_usde,2024-06-06,3147537727,defillama
stable_usde,2024-06-07,3220466156,defillama
stable_usde,2024-06-08,3275238790,defillama
stable_usde,2024-06-09,3341091671,defillama
stable_usde,2024-06-10,3384393865,defillama
stable_usde,2024-06-11,3394731309,defillama
stable_usde,2024-06-12,3436216435,defillama
stable_usde,2024-06-13,3461929440,defillama
stable_usde,2024-06-14,3489203069,defillama
stable_usde,2024-06-15,3519817300,defillama
stable_usde,2024-06-16,3519768160,defillama
stable_usde,2024-06-17,3525096215,defillama
stable_usde,2024-06-18,3527770712,defillama
stable_usde,2024-06-19,3528080410,defillama
stable_usde,2024-06-20,3529648212,defillama
stable_usde,2024-06-21,3564620143,defillama
stable_usde,2024-06-22,3568048089,defillama
stable_usde,2024-06-23,3568547604,defillama
stable_usde,2024-06-24,3564374657,defillama
stable_usde,2024-06-25,3567193270,defillama
stable_usde,2024-06-26,3574832019,defillama
stable_usde,2024-06-27,3574642876,defillama
stable_usde,2024-06-28,3602460195,defillama
stable_usde,2024-06-29,3605367065,defillama
stable_usde,2024-06-30,3605240241,defillama
stable_usde,2024-07-01,3605133341,defillama
stable_usde,2024-07-02,3605138764,defillama
stable_usde,2024-07-03,3609945312,defillama
stable_usde,2024-07-04,3613140108,defillama
stable_usde,2024-07-05,3592720675,defillama
stable_usde,2024-07-06,3518813823,defillama
stable_usde,2024-07-07,3485312255,defillama
stable_usde,2024-07-08,3473296587,defillama
stable_usde,2024-07-09,3463794818,defillama
stable_usde,2024-07-10,3459308642,defillama
stable_usde,2024-07-11,3451813017,defillama
stable_usde,2024-07-12,3447198307,defillama
stable_usde,2024-07-13,3430648576,defillama
stable_usde,2024-07-14,3413808741,defillama
stable_usde,2024-07-15,3412823605,defillama
stable_usde,2024-07-16,3399610240,defillama
stable_usde,2024-07-17,3399657930,defillama
stable_usde,2024-07-18,3398648329,defillama
stable_usde,2024-07-19,3401547156,defillama
stable_usde,2024-07-20,3401554448,defillama
stable_usde,2024-07-21,3401303769,defillama
stable_usde,2024-07-22,3400792885,defillama
stable_usde,2024-07-23,3400789539,defillama
stable_usde,2024-07-24,3400790603,defillama
stable_usde,2024-07-25,3400785672,defillama
stable_usde,2024-07-26,3310758954,defillama
stable_usde,2024-07-27,3250848807,defillama
stable_usde,2024-07-28,3229454522,defillama
stable_usde,2024-07-29,3225281929,defillama
stable_usde,2024-07-30,3216701204,defillama
stable_usde,2024-07-31,3210124697,defillama
stable_usde,2024-08-01,3210071961,defillama
stable_usde,2024-08-02,3204753391,defillama
stable_usde,2024-08-03,3224233357,defillama
stable_usde,2024-08-04,3210212389,defillama
stable_usde,2024-08-05,3208194336,defillama
stable_usde,2024-08-06,3112388460,defillama
stable_usde,2024-08-07,3111618199,defillama
stable_usde,2024-08-08,3110341301,defillama
stable_usde,2024-08-09,3114971721,defillama
stable_usde,2024-08-10,3114775867,defillama
stable_usde,2024-08-11,3114286565,defillama
stable_usde,2024-08-12,3114243606,defillama
stable_usde,2024-08-13,3114241424,defillama
stable_usde,2024-08-14,3113688833,defillama
stable_usde,2024-08-15,3103123115,defillama
stable_usde,2024-08-16,3094193435,defillama
stable_usde,2024-08-17,3093090087,defillama
stable_usde,2024-08-18,3089757616,defillama
stable_usde,2024-08-19,3086072386,defillama
stable_usde,2024-08-20,3068094009,defillama
stable_usde,2024-08-21,3049056732,defillama
stable_usde,2024-08-22,3030734312,defillama
stable_usde,2024-08-23,3002189064,defillama
stable_usde,2024-08-24,2963492004,defillama
stable_usde,2024-08-25,2952806281,defillama
stable_usde,2024-08-26,2945629574,defillama
stable_usde,2024-08-27,2933220521,defillama
stable_usde,2024-08-28,2926388547,defillama
stable_usde,2024-08-29,2906149574,defillama
stable_usde,2024-08-30,2886560438,defillama
stable_usde,2024-08-31,2841583095,defillama
stable_usde,2024-09-01,2838577461,defillama
stable_usde,2024-09-02,2804205872,defillama
stable_usde,2024-09-03,2715388375,defillama
stable_usde,2024-09-04,2706572606,defillama
stable_usde,2024-09-05,2692670708,defillama
stable_usde,2024-09-06,2693770182,defillama
stable_usde,2024-09-07,2693846002,defillama
stable_usde,2024-09-08,2693843605,defillama
stable_usde,2024-09-09,2693843605,defillama
stable_usde,2024-09-10,2694037489,defillama
stable_usde,2024-09-11,2690463690,defillama
stable_usde,2024-09-12,2689486318,defillama
stable_usde,2024-09-13,2686629363,defillama
stable_usde,2024-09-14,2672628034,defillama
stable_usde,2024-09-15,2668622552,defillama
stable_usde,2024-09-16,2661676694,defillama
stable_usde,2024-09-17,2617170071,defillama
stable_usde,2024-09-18,2603132699,defillama
stable_usde,2024-09-19,2600133007,defillama
stable_usde,2024-09-20,2594088369,defillama
stable_usde,2024-09-21,2590592496,defillama
stable_usde,2024-09-22,2586346443,defillama
stable_usde,2024-09-23,2585831769,defillama
stable_usde,2024-09-24,2578018327,defillama
stable_usde,2024-09-25,2548016060,defillama
stable_usde,2024-09-26,2559873790,defillama
stable_usde,2024-09-27,2551652923,defillama
stable_usde,2024-09-28,2550622461,defillama
stable_usde,2024-09-29,2550622461,defillama
stable_usde,2024-09-30,2545181197,defillama
stable_usde,2024-10-01,2536136550,defillama
stable_usde,2024-10-02,2534136569,defillama
stable_usde,2024-10-03,2534463551,defillama
stable_usde,2024-10-04,2536647010,defillama
stable_usde,2024-10-05,2536647010,defillama
stable_usde,2024-10-06,2535703433,defillama
stable_usde,2024-10-07,2479124035,defillama
stable_usde,2024-10-08,2478118745,defillama
stable_usde,2024-10-09,2459592267,defillama
stable_usde,2024-10-10,2458323377,defillama
stable_usde,2024-10-11,2441722295,defillama
stable_usde,2024-10-12,2437713093,defillama
stable_usde,2024-10-13,2437713093,defillama
stable_usde,2024-10-14,2436232780,defillama
stable_usde,2024-10-15,2435565021,defillama
stable_usde,2024-10-16,2435559702,defillama
stable_usde,2024-10-17,2414595276,defillama
stable_usde,2024-10-18,2437410098,defillama
stable_usde,2024-10-19,2437410098,defillama
stable_usde,2024-10-20,2512933585,defillama
stable_usde,2024-10-21,2542904487,defillama
stable_usde,2024-10-22,2543394145,defillama
stable_usde,2024-10-23,2575247321,defillama
stable_usde,2024-10-24,2602828166,defillama
stable_usde,2024-10-25,2607358346,defillama
stable_usde,2024-10-26,2621488659,defillama
stable_usde,2024-10-27,2621487684,defillama
stable_usde,2024-10-28,2620657361,defillama
stable_usde,2024-10-29,2686652448,defillama
stable_usde,2024-10-30,2695846067,defillama
stable_usde,2024-10-31,2717478273,defillama
stable_usde,2024-11-01,2741982778,defillama
stable_usde,2024-11-02,2751893742,defillama
stable_usde,2024-11-03,2755927357,defillama
stable_usde,2024-11-04,2769394431,defillama
stable_usde,2024-11-05,2788687778,defillama
stable_usde,2024-11-06,2798795535,defillama
stable_usde,2024-11-07,2806846227,defillama
stable_usde,2024-11-08,2862552970,defillama
stable_usde,2024-11-09,2905472718,defillama
stable_usde,2024-11-10,2906390238,defillama
stable_usde,2024-11-11,2911411004,defillama
stable_usde,2024-11-12,2990481468,defillama
stable_usde,2024-11-13,2994207675,defillama
stable_usde,2024-11-14,3029902171,defillama
stable_usde,2024-11-15,3107043235,defillama
stable_usde,2024-11-16,3163647385,defillama
stable_usde,2024-11-17,3199702501,defillama
stable_usde,2024-11-18,3271880762,defillama
stable_usde,2024-11-19,3347514108,defillama
stable_usde,2024-11-20,3457002879,defillama
stable_usde,2024-11-21,3554334798,defillama
stable_usde,2024-11-22,3673151868,defillama
stable_usde,2024-11-23,3790180079,defillama
stable_usde,2024-11-24,3811891736,defillama
stable_usde,2024-11-25,3856918986,defillama
stable_usde,2024-11-26,3888570136,defillama
stable_usde,2024-11-27,4024561068,defillama
stable_usde,2024-11-28,4078044816,defillama
stable_usde,2024-11-29,4120890307,defillama
stable_usde,2024-11-30,4358192330,defillama
stable_usde,2024-12-01,4432568153,defillama
stable_usde,2024-12-02,4470130431,defillama
stable_usde,2024-12-03,4758115323,defillama
stable_usde,2024-12-04,4800762975,defillama
stable_usde,2024-12-05,4860882293,defillama
stable_usde,2024-12-06,5184936615,defillama
stable_usde,2024-12-07,5224463957,defillama
stable_usde,2024-12-08,5254063497,defillama
stable_usde,2024-12-09,5482993524,defillama
stable_usde,2024-12-10,5529847905,defillama
stable_usde,2024-12-11,5553099680,defillama
stable_usde,2024-12-12,5626834708,defillama
stable_usde,2024-12-13,5719067625,defillama
stable_usde,2024-12-14,5796274726,defillama
stable_usde,2024-12-15,5818509568,defillama
stable_usde,2024-12-16,5863918497,defillama
stable_usde,2024-12-17,5918256947,defillama
stable_usde,2024-12-18,5953818805,defillama
stable_usde,2024-12-19,5985909437,defillama
stable_usde,2024-12-20,6005347246,defillama
stable_usde,2024-12-21,5925984158,defillama
stable_usde,2024-12-22,5925748445,defillama
stable_usde,2024-12-23,5924370641,defillama
stable_usde,2024-12-24,5923561542,defillama
stable_usde,2024-12-25,5919521936,defillama
stable_usde,2024-12-26,5918124241,defillama
stable_usde,2024-12-27,5926773775,defillama
stable_usde,2024-12-28,5914884732,defillama
stable_usde,2024-12-29,5907000560,defillama
stable_usde,2024-12-30,5890378430,defillama
stable_usde,2024-12-31,5882489405,defillama
stable_usde,2025-01-01,5875821896,defillama
stable_usde,2025-01-02,5875821896,defillama
stable_usde,2025-01-03,5867972469,defillama
stable_usde,2025-01-04,5863972873,defillama
stable_usde,2025-01-05,5841543857,defillama
stable_usde,2025-01-06,5832239680,defillama
stable_usde,2025-01-07,5825602299,defillama
stable_usde,2025-01-08,5811787768,defillama
stable_usde,2025-01-09,5807631706,defillama
stable_usde,2025-01-10,5806680258,defillama
stable_usde,2025-01-11,5785573971,defillama
stable_usde,2025-01-12,5785463969,defillama
stable_usde,2025-01-13,5785458962,defillama
stable_usde,2025-01-14,5789365254,defillama
stable_usde,2025-01-15,5788755523,defillama
stable_usde,2025-01-16,5806876259,defillama
stable_usde,2025-01-17,5815259453,defillama
stable_usde,2025-01-18,5813554615,defillama
stable_usde,2025-01-19,5813554615,defillama
stable_usde,2025-01-20,5809408653,defillama
stable_usde,2025-01-21,5774885749,defillama
stable_usde,2025-01-22,5740684265,defillama
stable_usde,2025-01-23,5743671999,defillama
stable_usde,2025-01-24,5759075046,defillama
stable_usde,2025-01-25,5761395087,defillama
stable_usde,2025-01-26,5765072126,defillama
stable_usde,2025-01-27,5765584448,defillama
stable_usde,2025-01-28,5766722127,defillama
stable_usde,2025-01-29,5825771049,defillama
stable_usde,2025-01-30,5874442285,defillama
stable_usde,2025-01-31,5928224958,defillama
stable_usde,2025-02-01,6059717923,defillama
stable_usde,2025-02-02,6100040548,defillama
stable_usde,2025-02-03,6099786294,defillama
stable_usde,2025-02-04,6046221871,defillama
stable_usde,2025-02-05,6039695538,defillama
stable_usde,2025-02-06,6043896074,defillama
stable_usde,2025-02-07,6049693044,defillama
stable_usde,2025-02-08,6049693044,defillama
stable_usde,2025-02-09,6049682760,defillama
stable_usde,2025-02-10,6049681564,defillama
stable_usde,2025-02-11,6054077117,defillama
stable_usde,2025-02-12,6019273970,defillama
stable_usde,2025-02-13,6003671238,defillama
stable_usde,2025-02-14,5987231037,defillama
stable_usde,2025-02-15,5987331037,defillama
stable_usde,2025-02-16,5968477840,defillama
stable_usde,2025-02-17,5960391346,defillama
stable_usde,2025-02-18,6023011916,defillama
stable_usde,2025-02-19,6077249723,defillama
stable_usde,2025-02-20,6044976758,defillama
stable_usde,2025-02-21,6052729986,defillama
stable_usde,2025-02-22,5929467203,defillama
stable_usde,2025-02-23,5889115078,defillama
stable_usde,2025-02-24,5889115078,defillama
stable_usde,2025-02-25,5879906698,defillama
stable_usde,2025-02-26,5879662160,defillama
stable_usde,2025-02-27,5873125792,defillama
stable_usde,2025-02-28,5877645158,defillama
stable_usde,2025-03-01,5731525650,defillama
stable_usde,2025-03-02,5463651055,defillama
stable_usde,2025-03-03,5463651055,defillama
stable_usde,2025-03-04,5463616548,defillama
stable_usde,2025-03-05,5448675283,defillama
stable_usde,2025-03-06,5445013355,defillama
stable_usde,2025-03-07,5419478740,defillama
stable_usde,2025-03-08,5415955258,defillama
stable_usde,2025-03-09,5454564631,defillama
stable_usde,2025-03-10,5454795947,defillama
stable_usde,2025-03-11,5456895167,defillama
stable_usde,2025-03-12,5453952524,defillama
stable_usde,2025-03-13,5454955621,defillama
stable_usde,2025-03-14,5458728341,defillama
stable_usde,2025-03-15,5460568001,defillama
stable_usde,2025-03-16,5460625584,defillama
stable_usde,2025-03-17,5461003657,defillama
stable_usde,2025-03-18,5419484046,defillama
stable_usde,2025-03-19,5417469774,defillama
stable_usde,2025-03-20,5413378097,defillama
stable_usde,2025-03-21,5416223443,defillama
stable_usde,2025-03-22,5392178264,defillama
stable_usde,2025-03-23,5392058962,defillama
stable_usde,2025-03-24,5392090253,defillama
stable_usde,2025-03-25,5379097729,defillama
stable_usde,2025-03-26,5376247113,defillama
stable_usde,2025-03-27,5297933204,defillama
stable_usde,2025-03-28,5295941587,defillama
stable_usde,2025-03-29,5247736468,defillama
stable_usde,2025-03-30,5247283786,defillama
stable_usde,2025-03-31,5247319854,defillama
stable_usde,2025-04-01,5261032713,defillama
stable_usde,2025-04-02,5266133185,defillama
stable_usde,2025-04-03,5260956464,defillama
stable_usde,2025-04-04,5252106029,defillama
stable_usde,2025-04-05,5249546274,defillama
stable_usde,2025-04-06,5228055644,defillama
stable_usde,2025-04-07,5180125412,defillama
stable_usde,2025-04-08,5123747303,defillama
stable_usde,2025-04-09,5102650879,defillama
stable_usde,2025-04-10,5074452017,defillama
stable_usde,2025-04-11,5044424743,defillama
stable_usde,2025-04-12,5014941115,defillama
stable_usde,2025-04-13,5010142813,defillama
stable_usde,2025-04-14,4992786499,defillama
stable_usde,2025-04-15,4954759777,defillama
stable_usde,2025-04-16,4908416324,defillama
stable_usde,2025-04-17,4883989613,defillama
stable_usde,2025-04-18,4839371866,defillama
stable_usde,2025-04-19,4830197622,defillama
stable_usde,2025-04-20,4827731390,defillama
stable_usde,2025-04-21,4824944019,defillama
stable_usde,2025-04-22,4822674834,defillama
stable_usde,2025-04-23,4798334803,defillama
stable_usde,2025-04-24,4769981124,defillama
stable_usde,2025-04-25,4755509000,defillama
stable_usde,2025-04-26,4752359949,defillama
stable_usde,2025-04-27,4765594547,defillama
stable_usde,2025-04-28,4756536714,defillama
stable_usde,2025-04-29,4695313331,defillama
stable_usde,2025-04-30,4672995835,defillama
stable_usde,2025-05-01,4667171989,defillama
stable_usde,2025-05-02,4669383636,defillama
stable_usde,2025-05-03,4685161771,defillama
stable_usde,2025-05-04,4685196741,defillama
stable_usde,2025-05-05,4685260290,defillama
stable_usde,2025-05-06,4693978002,defillama
stable_usde,2025-05-07,4693056646,defillama
stable_usde,2025-05-08,4693114828,defillama
stable_usde,2025-05-09,4648575189,defillama
stable_usde,2025-05-10,4658886242,defillama
stable_usde,2025-05-11,4658937431,defillama
stable_usde,2025-05-12,4659005676,defillama
stable_usde,2025-05-13,4739914276,defillama
stable_usde,2025-05-14,4754867947,defillama
stable_usde,2025-05-15,4801317772,defillama
stable_usde,2025-05-16,4872127057,defillama
stable_usde,2025-05-17,4964677474,defillama
stable_usde,2025-05-18,4983497919,defillama
stable_usde,2025-05-19,4984719776,defillama
stable_usde,2025-05-20,4984870629,defillama
stable_usde,2025-05-21,5017403815,defillama
stable_usde,2025-05-22,5021194565,defillama
stable_usde,2025-05-23,5098373161,defillama
stable_usde,2025-05-24,5198844973,defillama
stable_usde,2025-05-25,5207285094,defillama
stable_usde,2025-05-26,5213160272,defillama
stable_usde,2025-05-27,5215345036,defillama
stable_usde,2025-05-28,5215457720,defillama
stable_usde,2025-05-29,5221854760,defillama
stable_usde,2025-05-30,5282637411,defillama
stable_usde,2025-05-31,5356961145,defillama
stable_usde,2025-06-01,5407229518,defillama
stable_usde,2025-06-02,5459786906,defillama
stable_usde,2025-06-03,5692797710,defillama
stable_usde,2025-06-04,5777551348,defillama
stable_usde,2025-06-05,5819167804,defillama
stable_usde,2025-06-06,5856350427,defillama
stable_usde,2025-06-07,5871767063,defillama
stable_usde,2025-06-08,5879855854,defillama
stable_usde,2025-06-09,5884874869,defillama
stable_usde,2025-06-10,5870528754,defillama
stable_usde,2025-06-11,5872534040,defillama
stable_usde,2025-06-12,5890333314,defillama
stable_usde,2025-06-13,5894220701,defillama
stable_usde,2025-06-14,5894227485,defillama
stable_usde,2025-06-15,5894100386,defillama
stable_usde,2025-06-16,5894087523,defillama
stable_usde,2025-06-17,5894134001,defillama
stable_usde,2025-06-18,5894161172,defillama
stable_usde,2025-06-19,5652218968,defillama
stable_usde,2025-06-20,5597594554,defillama
stable_usde,2025-06-21,5597044794,defillama
stable_usde,2025-06-22,5597039752,defillama
stable_usde,2025-06-23,5594337274,defillama
stable_usde,2025-06-24,5594341566,defillama
stable_usde,2025-06-25,5594064109,defillama
stable_usde,2025-06-26,5345924145,defillama
stable_usde,2025-06-27,5299761088,defillama
stable_usde,2025-06-28,5299440175,defillama
stable_usde,2025-06-29,5299548093,defillama
stable_usde,2025-06-30,5299560564,defillama
stable_usde,2025-07-01,5299523073,defillama
stable_usde,2025-07-02,5307106312,defillama
stable_usde,2025-07-03,5304971345,defillama
stable_usde,2025-07-04,5307450321,defillama
stable_usde,2025-07-05,5306256041,defillama
stable_usde,2025-07-06,5306255605,defillama
stable_usde,2025-07-07,5306394202,defillama
stable_usde,2025-07-08,5307173279,defillama
stable_usde,2025-07-09,5307424836,defillama
stable_usde,2025-07-10,5315096507,defillama
stable_usde,2025-07-11,5321052201,defillama
stable_usde,2025-07-12,5324424744,defillama
stable_usde,2025-07-13,5324497745,defillama
stable_usde,2025-07-14,5324604236,defillama
stable_usde,2025-07-15,5327009503,defillama
stable_usde,2025-07-16,5328741792,defillama
stable_usde,2025-07-17,5330601544,defillama
stable_usde,2025-07-18,5597797480,defillama
stable_usde,2025-07-19,5780497050,defillama
stable_usde,2025-07-20,5949652026,defillama
stable_usde,2025-07-21,6099243720,defillama
stable_usde,2025-07-22,6232109261,defillama
stable_usde,2025-07-23,6491652336,defillama
stable_usde,2025-07-24,6890693715,defillama
stable_usde,2025-07-25,6984481626,defillama
stable_usde,2025-07-26,7204479247,defillama
stable_usde,2025-07-27,7288227076,defillama
stable_usde,2025-07-28,7500232732,defillama
stable_usde,2025-07-29,7594832375,defillama
stable_usde,2025-07-30,7726206295,defillama
stable_usde,2025-07-31,8202649077,defillama
stable_usde,2025-08-01,8525710267,defillama
stable_usde,2025-08-02,8614848913,defillama
stable_usde,2025-08-03,8740795269,defillama
stable_usde,2025-08-04,9283521924,defillama
stable_usde,2025-08-05,9498468564,defillama
stable_usde,2025-08-06,9368879924,defillama
stable_usde,2025-08-07,9602323052,defillama
stable_usde,2025-08-08,9787435330,defillama
stable_usde,2025-08-09,9799264422,defillama
stable_usde,2025-08-10,10094353406,defillama
stable_usde,2025-08-11,10243402582,defillama
stable_usde,2025-08-12,10420798164,defillama
stable_usde,2025-08-13,10681287332,defillama
stable_usde,2025-08-14,10900299533,defillama
stable_usde,2025-08-15,10970770584,defillama
stable_usde,2025-08-16,11257775673,defillama
stable_usde,2025-08-17,11294271922,defillama
stable_usde,2025-08-18,11307430859,defillama
stable_usde,2025-08-19,11412524877,defillama
stable_usde,2025-08-20,11558284775,defillama
stable_usde,2025-08-21,11637709645,defillama
stable_usde,2025-08-22,11753359434,defillama
stable_usde,2025-08-23,11840365950,defillama
stable_usde,2025-08-24,12023663131,defillama
stable_usde,2025-08-25,12061301191,defillama
stable_usde,2025-08-26,12132238666,defillama
stable_usde,2025-08-27,12183038128,defillama
stable_usde,2025-08-28,12229751595,defillama
stable_usde,2025-08-29,12275304446,defillama
stable_usde,2025-08-30,12298726153,defillama
stable_usde,2025-08-31,12323217712,defillama
stable_usde,2025-09-01,12341359823,defillama
stable_usde,2025-09-02,12418077131,defillama
stable_usde,2025-09-03,12457467569,defillama
stable_usde,2025-09-04,12538709275,defillama
stable_usde,2025-09-05,12580078240,defillama
stable_usde,2025-09-06,12669803388,defillama
stable_usde,2025-09-07,12753587387,defillama
stable_usde,2025-09-08,12780579503,defillama
stable_usde,2025-09-09,12883264914,defillama
stable_usde,2025-09-10,13033209333,defillama
stable_usde,2025-09-11,13107465473,defillama
stable_usde,2025-09-12,13195615678,defillama
stable_usde,2025-09-13,13286318587,defillama
stable_usde,2025-09-14,13429100540,defillama
stable_usde,2025-09-15,13576598176,defillama
stable_usde,2025-09-16,13708327197,defillama
stable_usde,2025-09-17,13621425283,defillama
stable_usde,2025-09-18,13659027312,defillama
stable_usde,2025-09-19,13932230836,defillama
stable_usde,2025-09-20,14026836645,defillama
stable_usde,2025-09-21,14075941583,defillama
stable_usde,2025-09-22,14075952012,defillama
stable_usde,2025-09-23,14128956265,defillama
stable_usde,2025-09-24,14417688994,defillama
stable_usde,2025-09-25,14400334241,defillama
stable_usde,2025-09-26,14345872029,defillama
stable_usde,2025-09-27,14309342634,defillama
stable_usde,2025-09-28,14308797572,defillama
stable_usde,2025-09-29,14314338622,defillama
stable_usde,2025-09-30,14462399820,defillama
stable_usde,2025-10-01,14713959486,defillama
stable_usde,2025-10-02,14740647607,defillama
stable_usde,2025-10-03,14819603394,defillama
stable_usde,2025-10-04,14819842076,defillama
stable_usde,2025-10-05,14818680989,defillama
stable_usde,2025-10-06,14818679829,defillama
stable_usde,2025-10-07,14818492611,defillama
stable_usde,2025-10-08,14818508900,defillama
stable_usde,2025-10-09,14646897605,defillama
stable_usde,2025-10-10,14664266147,defillama
stable_usde,2025-10-11,14284227606,defillama
stable_usde,2025-10-12,12700706819,defillama
stable_usde,2025-10-13,12601414355,defillama
stable_usde,2025-10-14,12601153851,defillama
stable_usde,2025-10-15,12503218096,defillama
stable_usde,2025-10-16,12476340922,defillama
stable_usde,2025-10-17,12408160828,defillama
stable_usde,2025-10-18,12268150565,defillama
stable_usde,2025-10-19,12138006616,defillama
stable_usde,2025-10-20,12070493262,defillama
stable_usde,2025-10-21,11867672823,defillama
stable_usde,2025-10-22,11398571644,defillama
stable_usde,2025-10-23,11043376429,defillama
stable_usde,2025-10-24,10729817023,defillama
stable_usde,2025-10-25,10605589034,defillama
stable_usde,2025-10-26,10500929438,defillama
stable_usde,2025-10-27,10369196386,defillama
stable_usde,2025-10-28,10096314422,defillama
stable_usde,2025-10-29,9955576649,defillama
stable_usde,2025-10-30,9651729961,defillama
stable_usde,2025-10-31,9556216545,defillama
stable_usde,2025-11-01,9368802049,defillama
stable_usde,2025-11-02,9290934577,defillama
stable_usde,2025-11-03,9275575879,defillama
stable_usde,2025-11-04,9192052837,defillama
stable_usde,2025-11-05,9071032028,defillama
stable_usde,2025-11-06,8958599168,defillama
stable_usde,2025-11-07,8842243322,defillama
stable_usde,2025-11-08,8628649132,defillama
stable_usde,2025-11-09,8522429985,defillama
stable_usde,2025-11-10,8471426005,defillama
stable_usde,2025-11-11,8441589644,defillama
stable_usde,2025-11-12,8395159280,defillama
stable_usde,2025-11-13,8291116002,defillama
stable_usde,2025-11-14,8206187427,defillama
stable_usde,2025-11-15,8104724274,defillama
stable_usde,2025-11-16,8042673115,defillama
stable_usde,2025-11-17,7957296543,defillama
stable_usde,2025-11-18,7848698651,defillama
stable_usde,2025-11-19,7822317722,defillama
stable_usde,2025-11-20,7687002978,defillama
stable_usde,2025-11-21,7615639291,defillama
stable_usde,2025-11-22,7460147121,defillama
stable_usde,2025-11-23,7424635365,defillama
stable_usde,2025-11-24,7395510427,defillama
stable_usde,2025-11-25,7355376001,defillama
stable_usde,2025-11-26,7298133427,defillama
stable_usde,2025-11-27,7286525131,defillama
stable_usde,2025-11-28,7284003723,defillama
stable_usde,2025-11-29,7229333286,defillama
stable_usde,2025-11-30,7208262762,defillama
stable_usde,2025-12-01,7184225195,defillama
stable_usde,2025-12-02,7079484106,defillama
stable_usde,2025-12-03,7025449254,defillama
stable_usde,2025-12-04,6887135680,defillama
stable_usde,2025-12-05,6838561334,defillama
stable_usde,2025-12-06,6734338079,defillama
stable_usde,2025-12-07,6707128443,defillama
stable_usde,2025-12-08,6700305753,defillama
stable_usde,2025-12-09,6649980248,defillama
stable_usde,2025-12-10,6610745118,defillama
stable_usde,2025-12-11,6560127726,defillama
stable_usde,2025-12-12,6559710037,defillama
stable_usde,2025-12-13,6531448007,defillama
stable_usde,2025-12-14,6527962443,defillama
stable_usde,2025-12-15,6517130120,defillama
stable_usde,2025-12-16,6493914355,defillama
stable_usde,2025-12-17,6459822848,defillama
stable_usde,2025-12-18,6438417366,defillama
stable_usde,2025-12-19,6439782554,defillama
stable_usde,2025-12-20,6439839903,defillama
stable_usde,2025-12-21,6439769140,defillama
stable_usde,2025-12-22,6426810474,defillama
stable_usde,2025-12-23,6390593539,defillama
stable_usde,2025-12-24,6364634880,defillama
stable_usde,2025-12-25,6335183998,defillama
stable_usde,2025-12-26,6336708849,defillama
stable_usde,2025-12-27,6318800608,defillama
stable_usde,2025-12-28,6305548753,defillama
stable_usde,2025-12-29,6307227557,defillama
stable_usde,2025-12-30,6303178844,defillama
stable_usde,2025-12-31,6303188836,defillama
stable_usde,2026-01-01,6303101070,defillama
stable_usde,2026-01-02,6302998310,defillama
stable_usde,2026-01-03,6302806574,defillama
stable_usde,2026-01-04,6302828545,defillama
stable_usde,2026-01-05,6304052955,defillama
stable_usde,2026-01-06,6303811275,defillama
stable_usde,2026-01-07,6304286304,defillama
stable_usde,2026-01-08,6303773508,defillama
stable_usde,2026-01-09,6311446143,defillama
stable_usde,2026-01-10,6348469181,defillama
stable_usde,2026-01-11,6348553868,defillama
stable_usde,2026-01-12,6348547809,defillama
stable_usde,2026-01-13,6380192493,defillama
stable_usde,2026-01-14,6416366205,defillama
stable_usde,2026-01-15,6416400172,defillama
stable_usde,2026-01-16,6471887710,defillama
stable_usde,2026-01-17,6471892735,defillama
stable_usde,2026-01-18,6472048977,defillama
stable_usde,2026-01-19,6472029176,defillama
stable_usde,2026-01-20,6472068366,defillama
stable_usde,2026-01-21,6472170982,defillama
stable_usde,2026-01-22,6471597060,defillama
stable_usde,2026-01-23,6587111731,defillama
stable_usde,2026-01-24,6581049996,defillama
stable_usde,2026-01-25,6577092213,defillama
stable_usde,2026-01-26,6596707570,defillama
stable_usde,2026-01-27,6596706037,defillama
stable_usde,2026-01-28,6596761910,defillama
stable_usde,2026-01-29,6596232496,defillama
stable_usde,2026-01-30,6592837907,defillama
stable_usde,2026-01-31,6586654585,defillama
stable_usde,2026-02-01,6563370107,defillama
stable_usde,2026-02-02,6563267151,defillama
stable_usde,2026-02-03,6562592469,defillama
stable_usde,2026-02-04,6542182226,defillama
stable_usde,2026-02-05,6504155900,defillama
stable_usde,2026-02-06,6496903091,defillama
stable_usde,2026-02-07,6468166720,defillama
stable_usde,2026-02-08,6440241276,defillama
stable_usde,2026-02-09,6436861258,defillama
stable_usde,2026-02-10,6436688922,defillama
stable_usde,2026-02-11,6432395388,defillama
stable_usde,2026-02-12,6371643822,defillama
stable_usde,2026-02-13,6340136119,defillama
stable_usde,2026-02-14,6319940177,defillama
stable_usde,2026-02-15,6304761811,defillama
stable_usde,2026-02-16,6304778697,defillama
stable_usde,2026-02-17,6304816960,defillama
stable_usde,2026-02-18,6304817021,defillama
stable_usde,2026-02-19,6304534475,defillama
stable_usde,2026-02-20,6235346418,defillama
stable_usde,2026-02-21,6234192303,defillama
stable_usde,2026-02-22,6220999045,defillama
stable_usde,2026-02-23,6156248297,defillama
stable_usde,2026-02-24,6118820839,defillama
stable_usde,2026-02-25,6086263936,defillama
stable_usde,2026-02-26,6069478662,defillama
stable_usde,2026-02-27,6067860206,defillama
stable_usde,2026-02-28,6065193419,defillama
stable_usde,2026-03-01,6047262776,defillama
stable_usde,2026-03-02,6030900790,defillama
stable_usde,2026-03-03,6010078382,defillama
stable_usde,2026-03-04,5997300549,defillama
stable_usde,2026-03-05,5988090730,defillama
stable_usde,2026-03-06,5970527088,defillama
stable_usde,2026-03-07,5955159757,defillama
stable_usde,2026-03-08,5952035281,defillama
stable_usde,2026-03-09,5940460296,defillama
stable_usde,2026-03-10,5928487339,defillama
stable_usde,2026-03-11,5923487339,defillama
stable_usde,2026-03-12,5916596181,defillama
stable_usde,2026-03-13,5920701542,defillama
stable_usde,2026-03-14,5921266759,defillama
stable_usde,2026-03-15,5921266702,defillama
stable_usde,2026-03-16,5921266702,defillama
stable_usde,2026-03-17,5921314342,defillama
stable_usde,2026-03-18,5921319339,defillama
stable_usde,2026-03-19,5921324363,defillama
stable_usde,2026-03-20,5925000377,defillama
stable_usde,2026-03-21,5923976970,defillama
stable_usde,2026-03-22,5923946233,defillama
stable_usde,2026-03-23,5920963826,defillama
stable_usde,2026-03-24,5920468870,defillama
stable_usde,2026-03-25,5920468867,defillama
stable_usde,2026-03-26,5920478902,defillama
stable_usde,2026-03-27,5924971838,defillama
stable_usde,2026-03-28,5908799512,defillama
stable_usde,2026-03-29,5889459333,defillama
stable_usde,2026-03-30,5889459322,defillama
stable_usde,2026-03-31,5883872296,defillama
stable_usde,2026-04-01,5883872297,defillama
stable_usde,2026-04-02,5883807840,defillama
stable_usde,2026-04-03,5889576862,defillama
stable_usde,2026-04-04,5889576862,defillama
stable_usde,2026-04-05,5887959654,defillama
stable_usde,2026-04-06,5887975509,defillama
stable_usde,2026-04-07,5887980505,defillama
stable_usde,2026-04-08,5832954741,defillama
stable_usde,2026-04-09,5832984506,defillama
stable_usde,2026-04-10,5837347577,defillama
stable_usde,2026-04-11,5837354211,defillama
stable_usde,2026-04-12,5829360377,defillama
stable_usde,2026-04-13,5828555621,defillama
stable_usde,2026-04-14,5828290530,defillama
stable_usde,2026-04-15,5828245139,defillama
stable_usde,2026-04-16,5828220361,defillama
stable_usde,2026-04-17,5832814788,defillama
stable_usde,2026-04-18,5832209593,defillama
stable_usde,2026-04-19,5824389159,defillama
stable_usde,2026-04-20,5535918804,defillama
stable_usde,2026-04-21,5206248112,defillama
stable_usde,2026-04-22,4733538052,defillama
stable_usde,2026-04-23,4277741622,defillama
stable_usde,2026-04-24,3961129719,defillama
stable_usde,2026-04-25,3855717416,defillama
stable_usde,2026-04-26,3822392441,defillama
stable_usde,2026-04-27,3761122923,defillama
stable_usde,2026-04-28,3753508214,defillama
stable_usde,2026-04-29,3793312528,defillama
stable_usde,2026-04-30,3811119975,defillama
stable_usde,2026-05-01,3898962098,defillama
stable_usde,2026-05-02,3903924469,defillama
stable_usde,2026-05-03,3882140698,defillama
stable_usde,2026-05-04,3912779988,defillama
stable_usde,2026-05-05,3909369678,defillama
stable_usde,2026-05-06,3905260896,defillama
stable_usde,2026-05-07,3945780199,defillama
stable_usde,2026-05-08,3969206768,defillama
stable_usde,2026-05-09,3965312996,defillama
stable_usde,2026-05-10,3965659578,defillama
stable_usde,2026-05-11,3980681580,defillama
stable_usde,2026-05-12,3971306528,defillama
stable_usde,2026-05-13,3971275660,defillama
stable_usde,2026-05-14,4019557279,defillama
stable_usde,2026-05-15,4176191492,defillama
stable_usde,2026-05-16,4232723281,defillama
stable_usde,2026-05-17,4333475085,defillama
stable_usde,2026-05-18,4350022736,defillama
stable_usde,2026-05-19,4352299953,defillama
stable_usde,2026-05-20,4373035843,defillama
stable_usde,2026-05-21,4445896759,defillama
stable_usde,2026-05-22,4446843641,defillama
stable_usde,2026-05-23,4446804086,defillama
stable_usde,2026-05-24,4447332619,defillama
stable_usde,2026-05-25,4452635899,defillama
stable_usde,2026-05-26,4452703287,defillama
stable_usde,2026-05-27,4452716988,defillama
stable_usde,2026-05-28,4496305352,defillama
stable_usde,2026-05-29,4495932414,defillama
stable_usde,2026-05-30,4505954379,defillama
stable_usde,2026-05-31,4506043471,defillama
stable_usde,2026-06-01,4506376942,defillama
stable_usde,2026-06-02,4498523538,defillama
stable_usde,2026-06-03,4512500139,defillama
stable_usde,2026-06-04,4512473065,defillama
stable_usde,2026-06-05,4516890642,defillama
stable_usde,2026-06-06,4503539338,defillama
stable_usde,2026-06-07,4503560130,defillama
stable_usde,2026-06-08,4503661495,defillama
stable_usde,2026-06-09,4490763670,defillama
stable_usde,2026-06-10,4484030078,defillama
stable_usde,2026-06-11,4481651053,defillama
stable_usde,2026-06-12,4484943015,defillama
stable_usde,2026-06-13,4486983149,defillama
stable_usde,2026-06-14,4487801066,defillama
stable_usde,2026-06-15,4487808063,defillama
stable_usde,2026-06-16,4493469266,defillama
stable_usde,2026-06-17,4495471375,defillama
stable_usde,2026-06-18,4509264610,defillama
stable_usde,2026-06-19,4510127149,defillama
stable_usde,2026-06-20,4504414951,defillama
stable_usde,2026-06-21,4499790369,defillama
stable_usde,2026-06-22,4483414544,defillama
stable_usde,2026-06-23,4483852747,defillama
stable_usde,2026-06-24,4489190963,defillama
stable_usde,2026-06-25,4489250719,defillama
stable_usde,2026-06-26,4478258489,defillama
stable_usde,2026-06-27,4469973377,defillama
stable_usde,2026-06-28,4468218691,defillama
stable_usde,2026-06-29,4463558389,defillama
stable_usde,2026-06-30,4461576396,defillama
stable_usde,2026-07-01,4454351508,defillama
stable_usde,2026-07-02,4448821901,defillama
stable_usde,2026-07-03,4453322652,defillama
stable_usde,2026-07-04,4445457359,defillama
stable_usde,2026-07-05,4444785403,defillama
stable_usde,2026-07-06,4437691427,defillama
stable_usde,2026-07-07,4418165942,defillama
stable_usde,2026-07-08,4412354878,defillama
stable_usde,2026-07-09,4345309582,defillama
stable_usde,2026-07-10,4233058724,defillama
stable_usde,2026-07-11,4019930131,defillama
stable_usde,2026-07-12,3941995226,defillama
stable_usde,2026-07-13,3952339420,defillama
stable_usde,2026-07-14,3850038045,defillama
stable_usde,2026-07-15,4012964438,defillama
stable_usde,2026-07-16,4026662546,defillama
stable_usde,2026-07-17,4018652375,defillama
stable_usde,2026-07-18,4020027476,defillama
stable_usde,2026-07-19,4015635131,defillama
stable_usde,2026-07-20,4014969993,defillama
stable_usde,2026-07-21,4028614237,defillama
stable_usde,2026-07-22,4044458975,defillama
stable_usde,2026-07-23,4036102691,defillama
stable_usde,2026-07-24,3980909896,defillama
stable_usde,2026-07-25,3983555892,defillama
stable_usde,2026-07-26,3979256736,defillama
stable_usde,2026-07-27,3974055295,defillama
stable_usde,2026-07-28,3932448748,defillama
stable_usde,2026-07-29,3863992252,defillama
stable_usde,2026-07-30,3849921846,defillama
stable_usde,2026-07-31,3870132808,defillama
stable_usde,2026-08-01,3881486255,defillama
stable_usde,2026-08-02,3881141890,defillama
stable_usde,2026-08-03,3868063672,defillama
stable_usde,2026-08-04,3856933333,defillama
stable_usde,2026-08-05,3883833738,defillama
stable_usde,2026-08-06,3901673389,defillama
stable_usde,2026-08-07,3886903535,defillama
stable_usde,2026-08-08,3903559517,defillama
stable_usde,2026-08-09,3918894266,defillama
stable_usde,2026-08-10,3922376488,defillama
stable_usde,2026-08-11,3927011664,defillama
stable_usde,2026-08-12,3931084664,defillama
stable_usde,2026-08-13,3957942254,defillama
stable_usde,2026-08-14,3957901944,defillama
stable_usde,2026-08-15,3961075141,defillama
stable_usde,2026-08-16,3961751541,defillama
stable_usde,2026-08-17,3957948388,defillama
stable_usde,2026-08-18,3967878574,defillama
stable_usde,2026-08-19,4038069560,defillama
stable_usde,2026-08-20,4081785403,defillama
stable_usde,2026-08-21,4080984969,defillama
stable_usde,2026-08-22,4108220247.8638396,defillama
stable_usdg,2025-07-12,351965303,defillama
stable_usdg,2025-07-13,351965303,defillama
stable_usdg,2025-07-14,351965303,defillama
stable_usdg,2025-07-15,356965302,defillama
stable_usdg,2025-07-16,336313049,defillama
stable_usdg,2025-07-17,336313049,defillama
stable_usdg,2025-07-18,349423049,defillama
stable_usdg,2025-07-19,308580128,defillama
stable_usdg,2025-07-20,308580128,defillama
stable_usdg,2025-07-21,308580128,defillama
stable_usdg,2025-07-22,308580128,defillama
stable_usdg,2025-07-23,310838000,defillama
stable_usdg,2025-07-24,310838000,defillama
stable_usdg,2025-07-25,321657355,defillama
stable_usdg,2025-07-26,329177472,defillama
stable_usdg,2025-07-27,329177480,defillama
stable_usdg,2025-07-28,329177480,defillama
stable_usdg,2025-07-29,313177480,defillama
stable_usdg,2025-07-30,311539500,defillama
stable_usdg,2025-07-31,311539500,defillama
stable_usdg,2025-08-01,326939500,defillama
stable_usdg,2025-08-02,326939500,defillama
stable_usdg,2025-08-03,326939500,defillama
stable_usdg,2025-08-04,326939500,defillama
stable_usdg,2025-08-05,305881456,defillama
stable_usdg,2025-08-06,293923853,defillama
stable_usdg,2025-08-07,293923853,defillama
stable_usdg,2025-08-08,293923853,defillama
stable_usdg,2025-08-09,293923853,defillama
stable_usdg,2025-08-10,293923853,defillama
stable_usdg,2025-08-11,293923853,defillama
stable_usdg,2025-08-12,297723193,defillama
stable_usdg,2025-08-13,297723193,defillama
stable_usdg,2025-08-14,322723193,defillama
stable_usdg,2025-08-15,396723193,defillama
stable_usdg,2025-08-16,396668578,defillama
stable_usdg,2025-08-17,396668578,defillama
stable_usdg,2025-08-18,396668578,defillama
stable_usdg,2025-08-19,536668578,defillama
stable_usdg,2025-08-20,539695924,defillama
stable_usdg,2025-08-21,553836504,defillama
stable_usdg,2025-08-22,526341319,defillama
stable_usdg,2025-08-23,546260009,defillama
stable_usdg,2025-08-24,546260009,defillama
stable_usdg,2025-08-25,546260009,defillama
stable_usdg,2025-08-26,546260009,defillama
stable_usdg,2025-08-27,529272237,defillama
stable_usdg,2025-08-28,538362788,defillama
stable_usdg,2025-08-29,551553108,defillama
stable_usdg,2025-08-30,551553108,defillama
stable_usdg,2025-08-31,551553110,defillama
stable_usdg,2025-09-01,551553116,defillama
stable_usdg,2025-09-02,551553116,defillama
stable_usdg,2025-09-03,550095636,defillama
stable_usdg,2025-09-04,550095636,defillama
stable_usdg,2025-09-05,560095636,defillama
stable_usdg,2025-09-06,543441098,defillama
stable_usdg,2025-09-07,543341098,defillama
stable_usdg,2025-09-08,543341098,defillama
stable_usdg,2025-09-09,543341098,defillama
stable_usdg,2025-09-10,560971065,defillama
stable_usdg,2025-09-11,560971065,defillama
stable_usdg,2025-09-12,598446065,defillama
stable_usdg,2025-09-13,591710075,defillama
stable_usdg,2025-09-14,591710073,defillama
stable_usdg,2025-09-15,591710073,defillama
stable_usdg,2025-09-16,556802384,defillama
stable_usdg,2025-09-17,576902384,defillama
stable_usdg,2025-09-18,576902384,defillama
stable_usdg,2025-09-19,654317918,defillama
stable_usdg,2025-09-20,662408163,defillama
stable_usdg,2025-09-21,674937185,defillama
stable_usdg,2025-09-22,674958185,defillama
stable_usdg,2025-09-23,730531935,defillama
stable_usdg,2025-09-24,730531934,defillama
stable_usdg,2025-09-25,765531934,defillama
stable_usdg,2025-09-26,723131839,defillama
stable_usdg,2025-09-27,726592320,defillama
stable_usdg,2025-09-28,726592321,defillama
stable_usdg,2025-09-29,726592321,defillama
stable_usdg,2025-09-30,729592321,defillama
stable_usdg,2025-10-01,719369889,defillama
stable_usdg,2025-10-02,719359195,defillama
stable_usdg,2025-10-03,707503755,defillama
stable_usdg,2025-10-04,700330815,defillama
stable_usdg,2025-10-05,700330815,defillama
stable_usdg,2025-10-06,700330815,defillama
stable_usdg,2025-10-07,708836861,defillama
stable_usdg,2025-10-08,713431805,defillama
stable_usdg,2025-10-09,729608701,defillama
stable_usdg,2025-10-10,748513470,defillama
stable_usdg,2025-10-11,758838298,defillama
stable_usdg,2025-10-12,758824283,defillama
stable_usdg,2025-10-13,758824283,defillama
stable_usdg,2025-10-14,758784675,defillama
stable_usdg,2025-10-15,767215027,defillama
stable_usdg,2025-10-16,941876690,defillama
stable_usdg,2025-10-17,940258787,defillama
stable_usdg,2025-10-18,894019780,defillama
stable_usdg,2025-10-19,893533319,defillama
stable_usdg,2025-10-20,891439958,defillama
stable_usdg,2025-10-21,902965714,defillama
stable_usdg,2025-10-22,918746201,defillama
stable_usdg,2025-10-23,957617430,defillama
stable_usdg,2025-10-24,957529755,defillama
stable_usdg,2025-10-25,966447160,defillama
stable_usdg,2025-10-26,965959451,defillama
stable_usdg,2025-10-27,965905672,defillama
stable_usdg,2025-10-28,966116194,defillama
stable_usdg,2025-10-29,966942601,defillama
stable_usdg,2025-10-30,987594959,defillama
stable_usdg,2025-10-31,985696703,defillama
stable_usdg,2025-11-01,991512885,defillama
stable_usdg,2025-11-02,991166208,defillama
stable_usdg,2025-11-03,990705783,defillama
stable_usdg,2025-11-04,990591492,defillama
stable_usdg,2025-11-05,991074595,defillama
stable_usdg,2025-11-06,1011663498,defillama
stable_usdg,2025-11-07,1018744751,defillama
stable_usdg,2025-11-08,996713704,defillama
stable_usdg,2025-11-09,996534365,defillama
stable_usdg,2025-11-10,1012479290,defillama
stable_usdg,2025-11-11,1012846982,defillama
stable_usdg,2025-11-12,1012921999,defillama
stable_usdg,2025-11-13,1002883347,defillama
stable_usdg,2025-11-14,1004203170,defillama
stable_usdg,2025-11-15,1013095142,defillama
stable_usdg,2025-11-16,1012331364,defillama
stable_usdg,2025-11-17,1024398800,defillama
stable_usdg,2025-11-18,997814893,defillama
stable_usdg,2025-11-19,1010867975,defillama
stable_usdg,2025-11-20,1024611597,defillama
stable_usdg,2025-11-21,1043621237,defillama
stable_usdg,2025-11-22,967892807,defillama
stable_usdg,2025-11-23,967264249,defillama
stable_usdg,2025-11-24,967407525,defillama
stable_usdg,2025-11-25,999229063,defillama
stable_usdg,2025-11-26,1026993656,defillama
stable_usdg,2025-11-27,1018986386,defillama
stable_usdg,2025-11-28,1019506587,defillama
stable_usdg,2025-11-29,1036258480,defillama
stable_usdg,2025-11-30,1036140692,defillama
stable_usdg,2025-12-01,1036072003,defillama
stable_usdg,2025-12-02,1057140280,defillama
stable_usdg,2025-12-03,1053155422,defillama
stable_usdg,2025-12-04,1073818988,defillama
stable_usdg,2025-12-05,1164394569,defillama
stable_usdg,2025-12-06,1172378019,defillama
stable_usdg,2025-12-07,1171413546,defillama
stable_usdg,2025-12-08,1171540625,defillama
stable_usdg,2025-12-09,1197598309,defillama
stable_usdg,2025-12-10,1199663164,defillama
stable_usdg,2025-12-11,1188811807,defillama
stable_usdg,2025-12-12,1191586454,defillama
stable_usdg,2025-12-13,1204407599,defillama
stable_usdg,2025-12-14,1204391960,defillama
stable_usdg,2025-12-15,1204529344,defillama
stable_usdg,2025-12-16,1212073379,defillama
stable_usdg,2025-12-17,1203959815,defillama
stable_usdg,2025-12-18,1226074180,defillama
stable_usdg,2025-12-19,1244318377,defillama
stable_usdg,2025-12-20,1274181573,defillama
stable_usdg,2025-12-21,1274270810,defillama
stable_usdg,2025-12-22,1274391888,defillama
stable_usdg,2025-12-23,1286477351,defillama
stable_usdg,2025-12-24,1291742995,defillama
stable_usdg,2025-12-25,1321558251,defillama
stable_usdg,2025-12-26,1320768412,defillama
stable_usdg,2025-12-27,1309520989,defillama
stable_usdg,2025-12-28,1304955627,defillama
stable_usdg,2025-12-29,1298929151,defillama
stable_usdg,2025-12-30,1270978683,defillama
stable_usdg,2025-12-31,1224334898,defillama
stable_usdg,2026-01-01,1232835846,defillama
stable_usdg,2026-01-02,1232872616,defillama
stable_usdg,2026-01-03,1233801227,defillama
stable_usdg,2026-01-04,1251796450,defillama
stable_usdg,2026-01-05,1251706444,defillama
stable_usdg,2026-01-06,1217075826,defillama
stable_usdg,2026-01-07,1221463018,defillama
stable_usdg,2026-01-08,1216027161,defillama
stable_usdg,2026-01-09,1454263701,defillama
stable_usdg,2026-01-10,1441922920,defillama
stable_usdg,2026-01-11,1440902610,defillama
stable_usdg,2026-01-12,1441193640,defillama
stable_usdg,2026-01-13,1433313083,defillama
stable_usdg,2026-01-14,1422817216,defillama
stable_usdg,2026-01-15,1418395754,defillama
stable_usdg,2026-01-16,1442892568,defillama
stable_usdg,2026-01-17,1481934086,defillama
stable_usdg,2026-01-18,1494883123,defillama
stable_usdg,2026-01-19,1507279517,defillama
stable_usdg,2026-01-20,1507126145,defillama
stable_usdg,2026-01-21,1503793988,defillama
stable_usdg,2026-01-22,1520596017,defillama
stable_usdg,2026-01-23,1520153411,defillama
stable_usdg,2026-01-24,1518571707,defillama
stable_usdg,2026-01-25,1509609008,defillama
stable_usdg,2026-01-26,1495425780,defillama
stable_usdg,2026-01-27,1494863164,defillama
stable_usdg,2026-01-28,1482904783,defillama
stable_usdg,2026-01-29,1472085973,defillama
stable_usdg,2026-01-30,1472684684,defillama
stable_usdg,2026-01-31,1491628118,defillama
stable_usdg,2026-02-01,1491450291,defillama
stable_usdg,2026-02-02,1476267404,defillama
stable_usdg,2026-02-03,1476223349,defillama
stable_usdg,2026-02-04,1453997934,defillama
stable_usdg,2026-02-05,1470466945,defillama
stable_usdg,2026-02-06,1432617982,defillama
stable_usdg,2026-02-07,1413486281,defillama
stable_usdg,2026-02-08,1430847783,defillama
stable_usdg,2026-02-09,1430848183,defillama
stable_usdg,2026-02-10,1475848183,defillama
stable_usdg,2026-02-11,1474616703,defillama
stable_usdg,2026-02-12,1464994349,defillama
stable_usdg,2026-02-13,1464338339,defillama
stable_usdg,2026-02-14,1465964083,defillama
stable_usdg,2026-02-15,1466021986,defillama
stable_usdg,2026-02-16,1466158047,defillama
stable_usdg,2026-02-17,1481183240,defillama
stable_usdg,2026-02-18,1495211239,defillama
stable_usdg,2026-02-19,1493211529,defillama
stable_usdg,2026-02-20,1494197615,defillama
stable_usdg,2026-02-21,1520963570,defillama
stable_usdg,2026-02-22,1520963570,defillama
stable_usdg,2026-02-23,1520967431,defillama
stable_usdg,2026-02-24,1543267431,defillama
stable_usdg,2026-02-25,1518184109,defillama
stable_usdg,2026-02-26,1520456336,defillama
stable_usdg,2026-02-27,1587562046,defillama
stable_usdg,2026-02-28,1663095257,defillama
stable_usdg,2026-03-01,1663094322,defillama
stable_usdg,2026-03-02,1663080449,defillama
stable_usdg,2026-03-03,1682106991,defillama
stable_usdg,2026-03-04,1666077092,defillama
stable_usdg,2026-03-05,1626073679,defillama
stable_usdg,2026-03-06,1603695312,defillama
stable_usdg,2026-03-07,1597095309,defillama
stable_usdg,2026-03-08,1597095371,defillama
stable_usdg,2026-03-09,1597070481,defillama
stable_usdg,2026-03-10,1596740685,defillama
stable_usdg,2026-03-11,1596689126,defillama
stable_usdg,2026-03-12,1617590247,defillama
stable_usdg,2026-03-13,1645556600,defillama
stable_usdg,2026-03-14,1663324093,defillama
stable_usdg,2026-03-15,1663323093,defillama
stable_usdg,2026-03-16,1663323116,defillama
stable_usdg,2026-03-17,1657573077,defillama
stable_usdg,2026-03-18,1657575731,defillama
stable_usdg,2026-03-19,1667516175,defillama
stable_usdg,2026-03-20,1672515975,defillama
stable_usdg,2026-03-21,1671502034,defillama
stable_usdg,2026-03-22,1671502034,defillama
stable_usdg,2026-03-23,1671686872,defillama
stable_usdg,2026-03-24,1670208966,defillama
stable_usdg,2026-03-25,1680306021,defillama
stable_usdg,2026-03-26,1679326749,defillama
stable_usdg,2026-03-27,1691268657,defillama
stable_usdg,2026-03-28,1691970775,defillama
stable_usdg,2026-03-29,1699470775,defillama
stable_usdg,2026-03-30,1699470775,defillama
stable_usdg,2026-03-31,1704289042,defillama
stable_usdg,2026-04-01,1724954660,defillama
stable_usdg,2026-04-02,1735358475,defillama
stable_usdg,2026-04-03,1743272129,defillama
stable_usdg,2026-04-04,1755271790,defillama
stable_usdg,2026-04-05,1755322389,defillama
stable_usdg,2026-04-06,1755322696,defillama
stable_usdg,2026-04-07,1786622696,defillama
stable_usdg,2026-04-08,1849285179,defillama
stable_usdg,2026-04-09,1922305050,defillama
stable_usdg,2026-04-10,1950900609,defillama
stable_usdg,2026-04-11,1987564350,defillama
stable_usdg,2026-04-12,1994603805,defillama
stable_usdg,2026-04-13,1994604803,defillama
stable_usdg,2026-04-14,2051594760,defillama
stable_usdg,2026-04-15,2078431385,defillama
stable_usdg,2026-04-16,2083687458,defillama
stable_usdg,2026-04-17,2135387814,defillama
stable_usdg,2026-04-18,2165690326,defillama
stable_usdg,2026-04-19,2165590730,defillama
stable_usdg,2026-04-20,2182491641,defillama
stable_usdg,2026-04-21,2215201301,defillama
stable_usdg,2026-04-22,2215274060,defillama
stable_usdg,2026-04-23,2216746215,defillama
stable_usdg,2026-04-24,2267543204,defillama
stable_usdg,2026-04-25,2288452080,defillama
stable_usdg,2026-04-26,2288222852,defillama
stable_usdg,2026-04-27,2288042744,defillama
stable_usdg,2026-04-28,2313653340,defillama
stable_usdg,2026-04-29,2342987498,defillama
stable_usdg,2026-04-30,2369447202,defillama
stable_usdg,2026-05-01,2353614870,defillama
stable_usdg,2026-05-02,2375725773,defillama
stable_usdg,2026-05-03,2375685786,defillama
stable_usdg,2026-05-04,2385683430,defillama
stable_usdg,2026-05-05,2417756562,defillama
stable_usdg,2026-05-06,2450976562,defillama
stable_usdg,2026-05-07,2471533768,defillama
stable_usdg,2026-05-08,2515006488,defillama
stable_usdg,2026-05-09,2658338676,defillama
stable_usdg,2026-05-10,2658738911,defillama
stable_usdg,2026-05-11,2658905123,defillama
stable_usdg,2026-05-12,3436942623,defillama
stable_usdg,2026-05-13,3436153854,defillama
stable_usdg,2026-05-14,3305882730,defillama
stable_usdg,2026-05-15,3227996402,defillama
stable_usdg,2026-05-16,2914878117,defillama
stable_usdg,2026-05-17,2914459613,defillama
stable_usdg,2026-05-18,2914382801,defillama
stable_usdg,2026-05-19,2786074451,defillama
stable_usdg,2026-05-20,2589548544,defillama
stable_usdg,2026-05-21,2570621446,defillama
stable_usdg,2026-05-22,2570943549,defillama
stable_usdg,2026-05-23,2633264049,defillama
stable_usdg,2026-05-24,2633291739,defillama
stable_usdg,2026-05-25,2633295903,defillama
stable_usdg,2026-05-26,2633196112,defillama
stable_usdg,2026-05-27,2615296162,defillama
stable_usdg,2026-05-28,2605179806,defillama
stable_usdg,2026-05-29,2563649301,defillama
stable_usdg,2026-05-30,2546942192,defillama
stable_usdg,2026-05-31,2546789704,defillama
stable_usdg,2026-06-01,2547414131,defillama
stable_usdg,2026-06-02,2580410999,defillama
stable_usdg,2026-06-03,2566036121,defillama
stable_usdg,2026-06-04,2553152513,defillama
stable_usdg,2026-06-05,2497127725,defillama
stable_usdg,2026-06-06,2498145375,defillama
stable_usdg,2026-06-07,2498078264,defillama
stable_usdg,2026-06-08,2498052331,defillama
stable_usdg,2026-06-09,2553743243,defillama
stable_usdg,2026-06-10,2540182113,defillama
stable_usdg,2026-06-11,2565396594,defillama
stable_usdg,2026-06-12,2594853984,defillama
stable_usdg,2026-06-13,2604704584,defillama
stable_usdg,2026-06-14,2605296441,defillama
stable_usdg,2026-06-15,2605365752,defillama
stable_usdg,2026-06-16,2674450859,defillama
stable_usdg,2026-06-17,2719449250,defillama
stable_usdg,2026-06-18,2734312942,defillama
stable_usdg,2026-06-19,2775354962,defillama
stable_usdg,2026-06-20,2784935019,defillama
stable_usdg,2026-06-21,2786082445,defillama
stable_usdg,2026-06-22,2781307455,defillama
stable_usdg,2026-06-23,2760266459,defillama
stable_usdg,2026-06-24,2839972883,defillama
stable_usdg,2026-06-25,2865702818,defillama
stable_usdg,2026-06-26,2864164906,defillama
stable_usdg,2026-06-27,2905555597,defillama
stable_usdg,2026-06-28,2905805601,defillama
stable_usdg,2026-06-29,2906050610,defillama
stable_usdg,2026-06-30,2851602648,defillama
stable_usdg,2026-07-01,2849969900,defillama
stable_usdg,2026-07-02,2861825985,defillama
stable_usdg,2026-07-03,2871404592,defillama
stable_usdg,2026-07-04,2870343695,defillama
stable_usdg,2026-07-05,2883281867,defillama
stable_usdg,2026-07-06,2883529125,defillama
stable_usdg,2026-07-07,2895694204,defillama
stable_usdg,2026-07-08,2982762226,defillama
stable_usdg,2026-07-09,2916180619,defillama
stable_usdg,2026-07-10,2905991520,defillama
stable_usdg,2026-07-11,2901704256,defillama
stable_usdg,2026-07-12,2906251585,defillama
stable_usdg,2026-07-13,2915565586,defillama
stable_usdg,2026-07-14,2908146393,defillama
stable_usdg,2026-07-15,2889702728,defillama
stable_usdg,2026-07-16,2883253121,defillama
stable_usdg,2026-07-17,3115997078,defillama
stable_usdg,2026-07-18,3148775184,defillama
stable_usdg,2026-07-19,3158109300,defillama
stable_usdg,2026-07-20,3158579301,defillama
stable_usdg,2026-07-21,3202178501,defillama
stable_usdg,2026-07-22,3205035575,defillama
stable_usdg,2026-07-23,3226491850,defillama
stable_usdg,2026-07-24,3227358595,defillama
stable_usdg,2026-07-25,3239526349,defillama
stable_usdg,2026-07-26,3239526648,defillama
stable_usdg,2026-07-27,3239526648,defillama
stable_usdg,2026-07-28,3256621605,defillama
stable_usdg,2026-07-29,3269061104,defillama
stable_usdg,2026-07-30,3285273617,defillama
stable_usdg,2026-07-31,3311239752,defillama
stable_usdg,2026-08-01,3358075892,defillama
stable_usdg,2026-08-02,3358075892,defillama
stable_usdg,2026-08-03,3357905965,defillama
stable_usdg,2026-08-04,3392765929,defillama
stable_usdg,2026-08-05,3435452085,defillama
stable_usdg,2026-08-06,3424376746,defillama
stable_usdg,2026-08-07,3401326781,defillama
stable_usdg,2026-08-08,3418473054,defillama
stable_usdg,2026-08-09,3418473054,defillama
stable_usdg,2026-08-10,3418473054,defillama
stable_usdg,2026-08-11,3412095306,defillama
stable_usdg,2026-08-12,3428469857,defillama
stable_usdg,2026-08-13,3407490815,defillama
stable_usdg,2026-08-14,3407492416,defillama
stable_usdg,2026-08-15,3404504991,defillama
stable_usdg,2026-08-16,3404504998,defillama
stable_usdg,2026-08-17,3404549257,defillama
stable_usdg,2026-08-18,3407549257,defillama
stable_usdg,2026-08-19,3398590394,defillama
stable_usdg,2026-08-20,3401434007,defillama
stable_usdg,2026-08-21,3378541505,defillama
stable_usdg,2026-08-22,3365189722.142325,defillama
stable_usds,2024-09-18,98507054,defillama
stable_usds,2024-09-19,206030903,defillama
stable_usds,2024-09-20,335398594,defillama
stable_usds,2024-09-21,422560089,defillama
stable_usds,2024-09-22,428029337,defillama
stable_usds,2024-09-23,455788979,defillama
stable_usds,2024-09-24,457665015,defillama
stable_usds,2024-09-25,506472971,defillama
stable_usds,2024-09-26,517267922,defillama
stable_usds,2024-09-27,521785263,defillama
stable_usds,2024-09-28,609937047,defillama
stable_usds,2024-09-29,617727616,defillama
stable_usds,2024-09-30,613046336,defillama
stable_usds,2024-10-01,620385708,defillama
stable_usds,2024-10-02,1053224069,defillama
stable_usds,2024-10-03,1043524537,defillama
stable_usds,2024-10-04,997061774,defillama
stable_usds,2024-10-05,1023399186,defillama
stable_usds,2024-10-06,1022716497,defillama
stable_usds,2024-10-07,1021670317,defillama
stable_usds,2024-10-08,1042420456,defillama
stable_usds,2024-10-09,995351251,defillama
stable_usds,2024-10-10,994212411,defillama
stable_usds,2024-10-11,1006595987,defillama
stable_usds,2024-10-12,1096986695,defillama
stable_usds,2024-10-13,1110647578,defillama
stable_usds,2024-10-14,1117519489,defillama
stable_usds,2024-10-15,1112243724,defillama
stable_usds,2024-10-16,1111993741,defillama
stable_usds,2024-10-17,1129709477,defillama
stable_usds,2024-10-18,1116118197,defillama
stable_usds,2024-10-19,1126170563,defillama
stable_usds,2024-10-20,1121110649,defillama
stable_usds,2024-10-21,1114882615,defillama
stable_usds,2024-10-22,1132235902,defillama
stable_usds,2024-10-23,1221035215,defillama
stable_usds,2024-10-24,1170512443,defillama
stable_usds,2024-10-25,1064792368,defillama
stable_usds,2024-10-26,992822428,defillama
stable_usds,2024-10-27,968361276,defillama
stable_usds,2024-10-28,1011797403,defillama
stable_usds,2024-10-29,1051630262,defillama
stable_usds,2024-10-30,1031672298,defillama
stable_usds,2024-10-31,1039532056,defillama
stable_usds,2024-11-01,1028821821,defillama
stable_usds,2024-11-02,1083366679,defillama
stable_usds,2024-11-03,1133298644,defillama
stable_usds,2024-11-04,1132675294,defillama
stable_usds,2024-11-05,1079734448,defillama
stable_usds,2024-11-06,1176517644,defillama
stable_usds,2024-11-07,1135391889,defillama
stable_usds,2024-11-08,1159382627,defillama
stable_usds,2024-11-09,1157243757,defillama
stable_usds,2024-11-10,1218828041,defillama
stable_usds,2024-11-11,1247580152,defillama
stable_usds,2024-11-12,985852204,defillama
stable_usds,2024-11-13,847237461,defillama
stable_usds,2024-11-14,884659811,defillama
stable_usds,2024-11-15,910051371,defillama
stable_usds,2024-11-16,942320797,defillama
stable_usds,2024-11-17,1031306919,defillama
stable_usds,2024-11-18,1026813251,defillama
stable_usds,2024-11-19,850911808,defillama
stable_usds,2024-11-20,935311991,defillama
stable_usds,2024-11-21,906392256,defillama
stable_usds,2024-11-22,899183305,defillama
stable_usds,2024-11-23,857038791,defillama
stable_usds,2024-11-24,933402990,defillama
stable_usds,2024-11-25,950026615,defillama
stable_usds,2024-11-26,842445642,defillama
stable_usds,2024-11-27,841233154,defillama
stable_usds,2024-11-28,882483621,defillama
stable_usds,2024-11-29,894194254,defillama
stable_usds,2024-11-30,816579570,defillama
stable_usds,2024-12-01,1099255474,defillama
stable_usds,2024-12-02,1082002560,defillama
stable_usds,2024-12-03,1099148350,defillama
stable_usds,2024-12-04,1058366520,defillama
stable_usds,2024-12-05,1104994370,defillama
stable_usds,2024-12-06,1011292051,defillama
stable_usds,2024-12-07,1026258029,defillama
stable_usds,2024-12-08,1093787270,defillama
stable_usds,2024-12-09,1050275641,defillama
stable_usds,2024-12-10,1025585975,defillama
stable_usds,2024-12-11,1012260473,defillama
stable_usds,2024-12-12,1027846082,defillama
stable_usds,2024-12-13,1054502854,defillama
stable_usds,2024-12-14,1052889939,defillama
stable_usds,2024-12-15,1091622991,defillama
stable_usds,2024-12-16,1092647415,defillama
stable_usds,2024-12-17,1110827957,defillama
stable_usds,2024-12-18,1096372139,defillama
stable_usds,2024-12-19,1084434224,defillama
stable_usds,2024-12-20,1060283671,defillama
stable_usds,2024-12-21,1106604610,defillama
stable_usds,2024-12-22,1146665335,defillama
stable_usds,2024-12-23,1185421909,defillama
stable_usds,2024-12-24,1172358305,defillama
stable_usds,2024-12-25,1261674587,defillama
stable_usds,2024-12-26,1224831944,defillama
stable_usds,2024-12-27,1210410594,defillama
stable_usds,2024-12-28,1226082792,defillama
stable_usds,2024-12-29,1204179565,defillama
stable_usds,2024-12-30,1184252343,defillama
stable_usds,2024-12-31,1265043222,defillama
stable_usds,2025-01-01,1278350026,defillama
stable_usds,2025-01-02,1205484715,defillama
stable_usds,2025-01-03,1390864213,defillama
stable_usds,2025-01-04,1665290073,defillama
stable_usds,2025-01-05,1695672536,defillama
stable_usds,2025-01-06,1669727669,defillama
stable_usds,2025-01-07,1680710612,defillama
stable_usds,2025-01-08,1611303088,defillama
stable_usds,2025-01-09,1640601748,defillama
stable_usds,2025-01-10,1667202212,defillama
stable_usds,2025-01-11,1745482251,defillama
stable_usds,2025-01-12,1761260608,defillama
stable_usds,2025-01-13,1882439456,defillama
stable_usds,2025-01-14,2121609022,defillama
stable_usds,2025-01-15,2203767553,defillama
stable_usds,2025-01-16,2299788160,defillama
stable_usds,2025-01-17,2232747097,defillama
stable_usds,2025-01-18,2156844054,defillama
stable_usds,2025-01-19,2054275348,defillama
stable_usds,2025-01-20,2032456243,defillama
stable_usds,2025-01-21,2041998532,defillama
stable_usds,2025-01-22,2137503233,defillama
stable_usds,2025-01-23,2290965553,defillama
stable_usds,2025-01-24,2535447030,defillama
stable_usds,2025-01-25,2344613970,defillama
stable_usds,2025-01-26,2427830126,defillama
stable_usds,2025-01-27,2422237411,defillama
stable_usds,2025-01-28,2444129952,defillama
stable_usds,2025-01-29,2550861839,defillama
stable_usds,2025-01-30,2595583307,defillama
stable_usds,2025-01-31,2637170058,defillama
stable_usds,2025-02-01,2594015924,defillama
stable_usds,2025-02-02,2610596013,defillama
stable_usds,2025-02-03,2591438920,defillama
stable_usds,2025-02-04,2624595089,defillama
stable_usds,2025-02-05,3200268994,defillama
stable_usds,2025-02-06,3492505695,defillama
stable_usds,2025-02-07,3757777122,defillama
stable_usds,2025-02-08,4033802787,defillama
stable_usds,2025-02-09,4146570303,defillama
stable_usds,2025-02-10,4165557309,defillama
stable_usds,2025-02-11,4233619762,defillama
stable_usds,2025-02-12,4309600996,defillama
stable_usds,2025-02-13,4394075571,defillama
stable_usds,2025-02-14,4429128459,defillama
stable_usds,2025-02-15,4445890886,defillama
stable_usds,2025-02-16,4509695308,defillama
stable_usds,2025-02-17,4474398313,defillama
stable_usds,2025-02-18,4504810486,defillama
stable_usds,2025-02-19,4679071950,defillama
stable_usds,2025-02-20,4621866096,defillama
stable_usds,2025-02-21,4326968371,defillama
stable_usds,2025-02-22,3964514055,defillama
stable_usds,2025-02-23,3989389612,defillama
stable_usds,2025-02-24,4135197225,defillama
stable_usds,2025-02-25,4448957117,defillama
stable_usds,2025-02-26,4323350161,defillama
stable_usds,2025-02-27,4045927903,defillama
stable_usds,2025-02-28,4059795706,defillama
stable_usds,2025-03-01,4248445649,defillama
stable_usds,2025-03-02,4272324078,defillama
stable_usds,2025-03-03,4328564675,defillama
stable_usds,2025-03-04,4400549869,defillama
stable_usds,2025-03-05,4378319231,defillama
stable_usds,2025-03-06,4611558019,defillama
stable_usds,2025-03-07,4642051692,defillama
stable_usds,2025-03-08,4656986074,defillama
stable_usds,2025-03-09,4665211517,defillama
stable_usds,2025-03-10,4661079059,defillama
stable_usds,2025-03-11,4666717951,defillama
stable_usds,2025-03-12,4726279199,defillama
stable_usds,2025-03-13,4657563352,defillama
stable_usds,2025-03-14,4811858645,defillama
stable_usds,2025-03-15,4798740815,defillama
stable_usds,2025-03-16,4825078113,defillama
stable_usds,2025-03-17,4849017730,defillama
stable_usds,2025-03-18,4876811372,defillama
stable_usds,2025-03-19,4909990088,defillama
stable_usds,2025-03-20,4920560788,defillama
stable_usds,2025-03-21,4768946598,defillama
stable_usds,2025-03-22,4595802701,defillama
stable_usds,2025-03-23,4612453470,defillama
stable_usds,2025-03-24,4621566535,defillama
stable_usds,2025-03-25,4815749034,defillama
stable_usds,2025-03-26,4766111448,defillama
stable_usds,2025-03-27,4799276143,defillama
stable_usds,2025-03-28,4422782589,defillama
stable_usds,2025-03-29,4307651978,defillama
stable_usds,2025-03-30,4319819790,defillama
stable_usds,2025-03-31,4353041310,defillama
stable_usds,2025-04-01,4553902472,defillama
stable_usds,2025-04-02,4554938739,defillama
stable_usds,2025-04-03,4569489310,defillama
stable_usds,2025-04-04,4555781461,defillama
stable_usds,2025-04-05,4629484336,defillama
stable_usds,2025-04-06,4557026959,defillama
stable_usds,2025-04-07,4589532525,defillama
stable_usds,2025-04-08,4373933739,defillama
stable_usds,2025-04-09,4380422832,defillama
stable_usds,2025-04-10,4321714426,defillama
stable_usds,2025-04-11,4290864920,defillama
stable_usds,2025-04-12,3873318448,defillama
stable_usds,2025-04-13,3878358553,defillama
stable_usds,2025-04-14,3863680597,defillama
stable_usds,2025-04-15,3881102572,defillama
stable_usds,2025-04-16,3957051286,defillama
stable_usds,2025-04-17,3898614514,defillama
stable_usds,2025-04-18,3903500399,defillama
stable_usds,2025-04-19,3880731450,defillama
stable_usds,2025-04-20,3904067883,defillama
stable_usds,2025-04-21,3907110556,defillama
stable_usds,2025-04-22,3954274280,defillama
stable_usds,2025-04-23,3952803569,defillama
stable_usds,2025-04-24,3969801752,defillama
stable_usds,2025-04-25,4078480959,defillama
stable_usds,2025-04-26,4185801016,defillama
stable_usds,2025-04-27,4213212184,defillama
stable_usds,2025-04-28,4229452511,defillama
stable_usds,2025-04-29,4210991450,defillama
stable_usds,2025-04-30,4200537336,defillama
stable_usds,2025-05-01,4190414140,defillama
stable_usds,2025-05-02,4201821297,defillama
stable_usds,2025-05-03,4311290237,defillama
stable_usds,2025-05-04,4409808730,defillama
stable_usds,2025-05-05,4392984714,defillama
stable_usds,2025-05-06,4212137458,defillama
stable_usds,2025-05-07,3925733535,defillama
stable_usds,2025-05-08,4005006205,defillama
stable_usds,2025-05-09,4378618296,defillama
stable_usds,2025-05-10,4185881511,defillama
stable_usds,2025-05-11,4166796340,defillama
stable_usds,2025-05-12,4023572250,defillama
stable_usds,2025-05-13,3769575369,defillama
stable_usds,2025-05-14,3584363376,defillama
stable_usds,2025-05-15,3521909372,defillama
stable_usds,2025-05-16,3541399338,defillama
stable_usds,2025-05-17,3513003377,defillama
stable_usds,2025-05-18,3502875330,defillama
stable_usds,2025-05-19,3517945964,defillama
stable_usds,2025-05-20,3548375705,defillama
stable_usds,2025-05-21,3533075186,defillama
stable_usds,2025-05-22,3506194256,defillama
stable_usds,2025-05-23,3371023770,defillama
stable_usds,2025-05-24,3071989729,defillama
stable_usds,2025-05-25,3085226629,defillama
stable_usds,2025-05-26,3124817222,defillama
stable_usds,2025-05-27,3476420307,defillama
stable_usds,2025-05-28,3508934105,defillama
stable_usds,2025-05-29,3501720026,defillama
stable_usds,2025-05-30,3511150186,defillama
stable_usds,2025-05-31,3529915710,defillama
stable_usds,2025-06-01,3556848779,defillama
stable_usds,2025-06-02,3610112363,defillama
stable_usds,2025-06-03,3891173050,defillama
stable_usds,2025-06-04,3926752605,defillama
stable_usds,2025-06-05,4016103473,defillama
stable_usds,2025-06-06,3992034092,defillama
stable_usds,2025-06-07,4025576792,defillama
stable_usds,2025-06-08,4060724949,defillama
stable_usds,2025-06-09,4051971771,defillama
stable_usds,2025-06-10,4044360981,defillama
stable_usds,2025-06-11,4002160776,defillama
stable_usds,2025-06-12,4047701670,defillama
stable_usds,2025-06-13,3981092721,defillama
stable_usds,2025-06-14,3901065587,defillama
stable_usds,2025-06-15,3928245207,defillama
stable_usds,2025-06-16,3907708974,defillama
stable_usds,2025-06-17,4029880648,defillama
stable_usds,2025-06-18,4087116971,defillama
stable_usds,2025-06-19,4099287126,defillama
stable_usds,2025-06-20,4113285352,defillama
stable_usds,2025-06-21,4114588701,defillama
stable_usds,2025-06-22,4113061216,defillama
stable_usds,2025-06-23,4071256432,defillama
stable_usds,2025-06-24,4209156829,defillama
stable_usds,2025-06-25,4247103451,defillama
stable_usds,2025-06-26,3981964075,defillama
stable_usds,2025-06-27,3981015749,defillama
stable_usds,2025-06-28,4216992448,defillama
stable_usds,2025-06-29,4247624724,defillama
stable_usds,2025-06-30,4247804751,defillama
stable_usds,2025-07-01,4431121718,defillama
stable_usds,2025-07-02,4529346413,defillama
stable_usds,2025-07-03,4561343846,defillama
stable_usds,2025-07-04,4526265079,defillama
stable_usds,2025-07-05,4583795611,defillama
stable_usds,2025-07-06,4585017500,defillama
stable_usds,2025-07-07,4584128675,defillama
stable_usds,2025-07-08,4593794880,defillama
stable_usds,2025-07-09,4573397112,defillama
stable_usds,2025-07-10,4533531570,defillama
stable_usds,2025-07-11,4687046457,defillama
stable_usds,2025-07-12,4508368981,defillama
stable_usds,2025-07-13,4365861677,defillama
stable_usds,2025-07-14,4371052633,defillama
stable_usds,2025-07-15,4118556976,defillama
stable_usds,2025-07-16,4024449079,defillama
stable_usds,2025-07-17,4051755806,defillama
stable_usds,2025-07-18,3918484750,defillama
stable_usds,2025-07-19,3966382462,defillama
stable_usds,2025-07-20,3948191536,defillama
stable_usds,2025-07-21,4140570245,defillama
stable_usds,2025-07-22,4035512703,defillama
stable_usds,2025-07-23,4119055507,defillama
stable_usds,2025-07-24,4482947534,defillama
stable_usds,2025-07-25,4602535031,defillama
stable_usds,2025-07-26,4956851428,defillama
stable_usds,2025-07-27,4974922653,defillama
stable_usds,2025-07-28,4929566648,defillama
stable_usds,2025-07-29,4874846957,defillama
stable_usds,2025-07-30,4973445554,defillama
stable_usds,2025-07-31,4873295153,defillama
stable_usds,2025-08-01,4823165882,defillama
stable_usds,2025-08-02,4858938639,defillama
stable_usds,2025-08-03,4813686903,defillama
stable_usds,2025-08-04,4809140172,defillama
stable_usds,2025-08-05,4877178758,defillama
stable_usds,2025-08-06,5037491417,defillama
stable_usds,2025-08-07,5054719944,defillama
stable_usds,2025-08-08,5043126923,defillama
stable_usds,2025-08-09,5129738174,defillama
stable_usds,2025-08-10,5142914486,defillama
stable_usds,2025-08-11,5137429196,defillama
stable_usds,2025-08-12,5030728350,defillama
stable_usds,2025-08-13,4869412630,defillama
stable_usds,2025-08-14,4788619534,defillama
stable_usds,2025-08-15,4477006298,defillama
stable_usds,2025-08-16,4614112258,defillama
stable_usds,2025-08-17,4749620607,defillama
stable_usds,2025-08-18,4964870472,defillama
stable_usds,2025-08-19,4871664427,defillama
stable_usds,2025-08-20,4606459763,defillama
stable_usds,2025-08-21,4601021291,defillama
stable_usds,2025-08-22,4513999051,defillama
stable_usds,2025-08-23,4506511316,defillama
stable_usds,2025-08-24,4614183140,defillama
stable_usds,2025-08-25,4490061000,defillama
stable_usds,2025-08-26,4522035124,defillama
stable_usds,2025-08-27,4584296431,defillama
stable_usds,2025-08-28,4576941516,defillama
stable_usds,2025-08-29,4529281293,defillama
stable_usds,2025-08-30,4536999615,defillama
stable_usds,2025-08-31,4536937663,defillama
stable_usds,2025-09-01,4551300356,defillama
stable_usds,2025-09-02,4511136969,defillama
stable_usds,2025-09-03,4558482109,defillama
stable_usds,2025-09-04,4557992442,defillama
stable_usds,2025-09-05,4578645580,defillama
stable_usds,2025-09-06,4738047038,defillama
stable_usds,2025-09-07,4769219153,defillama
stable_usds,2025-09-08,4613008749,defillama
stable_usds,2025-09-09,4671318715,defillama
stable_usds,2025-09-10,4550318472,defillama
stable_usds,2025-09-11,4515843662,defillama
stable_usds,2025-09-12,4534504107,defillama
stable_usds,2025-09-13,4516481311,defillama
stable_usds,2025-09-14,4470353041,defillama
stable_usds,2025-09-15,4678465114,defillama
stable_usds,2025-09-16,4542862781,defillama
stable_usds,2025-09-17,4655058841,defillama
stable_usds,2025-09-18,4490392636,defillama
stable_usds,2025-09-19,4410237736,defillama
stable_usds,2025-09-20,4545819393,defillama
stable_usds,2025-09-21,4518654769,defillama
stable_usds,2025-09-22,4506665694,defillama
stable_usds,2025-09-23,4489862928,defillama
stable_usds,2025-09-24,4409945512,defillama
stable_usds,2025-09-25,4467169144,defillama
stable_usds,2025-09-26,4242005412,defillama
stable_usds,2025-09-27,4450704530,defillama
stable_usds,2025-09-28,4440849308,defillama
stable_usds,2025-09-29,4676586890,defillama
stable_usds,2025-09-30,4360249435,defillama
stable_usds,2025-10-01,4351363434,defillama
stable_usds,2025-10-02,4264089160,defillama
stable_usds,2025-10-03,4359434553,defillama
stable_usds,2025-10-04,4310351400,defillama
stable_usds,2025-10-05,4311832132,defillama
stable_usds,2025-10-06,4348956227,defillama
stable_usds,2025-10-07,4315009638,defillama
stable_usds,2025-10-08,4359610174,defillama
stable_usds,2025-10-09,4363726005,defillama
stable_usds,2025-10-10,4623677379,defillama
stable_usds,2025-10-11,4618934152,defillama
stable_usds,2025-10-12,4601212802,defillama
stable_usds,2025-10-13,4574293494,defillama
stable_usds,2025-10-14,4793412345,defillama
stable_usds,2025-10-15,4615404453,defillama
stable_usds,2025-10-16,4784588531,defillama
stable_usds,2025-10-17,4631509141,defillama
stable_usds,2025-10-18,4674165031,defillama
stable_usds,2025-10-19,4647928347,defillama
stable_usds,2025-10-20,5002591196,defillama
stable_usds,2025-10-21,4661285498,defillama
stable_usds,2025-10-22,5324799884,defillama
stable_usds,2025-10-23,5320066469,defillama
stable_usds,2025-10-24,5343583417,defillama
stable_usds,2025-10-25,5286641423,defillama
stable_usds,2025-10-26,5324684257,defillama
stable_usds,2025-10-27,5314443284,defillama
stable_usds,2025-10-28,5304970645,defillama
stable_usds,2025-10-29,5322370230,defillama
stable_usds,2025-10-30,5323961740,defillama
stable_usds,2025-10-31,5270063644,defillama
stable_usds,2025-11-01,5189886608,defillama
stable_usds,2025-11-02,5352785201,defillama
stable_usds,2025-11-03,5362341133,defillama
stable_usds,2025-11-04,5713058098,defillama
stable_usds,2025-11-05,5637423409,defillama
stable_usds,2025-11-06,5577413818,defillama
stable_usds,2025-11-07,5578693068,defillama
stable_usds,2025-11-08,5788000697,defillama
stable_usds,2025-11-09,5761987703,defillama
stable_usds,2025-11-10,5741166507,defillama
stable_usds,2025-11-11,5598402353,defillama
stable_usds,2025-11-12,5651944483,defillama
stable_usds,2025-11-13,5688575735,defillama
stable_usds,2025-11-14,5707456706,defillama
stable_usds,2025-11-15,5749549158,defillama
stable_usds,2025-11-16,5746480942,defillama
stable_usds,2025-11-17,5746946832,defillama
stable_usds,2025-11-18,5751670359,defillama
stable_usds,2025-11-19,5732614460,defillama
stable_usds,2025-11-20,5675796773,defillama
stable_usds,2025-11-21,5607701643,defillama
stable_usds,2025-11-22,5539094788,defillama
stable_usds,2025-11-23,5735550754,defillama
stable_usds,2025-11-24,5745339255,defillama
stable_usds,2025-11-25,5686378644,defillama
stable_usds,2025-11-26,5800294650,defillama
stable_usds,2025-11-27,5856374441,defillama
stable_usds,2025-11-28,5850954089,defillama
stable_usds,2025-11-29,5848419644,defillama
stable_usds,2025-11-30,5875397164,defillama
stable_usds,2025-12-01,5891612040,defillama
stable_usds,2025-12-02,6068127410,defillama
stable_usds,2025-12-03,6072065581,defillama
stable_usds,2025-12-04,6133955631,defillama
stable_usds,2025-12-05,6087468557,defillama
stable_usds,2025-12-06,6065828747,defillama
stable_usds,2025-12-07,6073342121,defillama
stable_usds,2025-12-08,6065616603,defillama
stable_usds,2025-12-09,6080897013,defillama
stable_usds,2025-12-10,6223711249,defillama
stable_usds,2025-12-11,6232482558,defillama
stable_usds,2025-12-12,6445527246,defillama
stable_usds,2025-12-13,6432807447,defillama
stable_usds,2025-12-14,6444726147,defillama
stable_usds,2025-12-15,6381741954,defillama
stable_usds,2025-12-16,6418463072,defillama
stable_usds,2025-12-17,6471859617,defillama
stable_usds,2025-12-18,6470373790,defillama
stable_usds,2025-12-19,6463072164,defillama
stable_usds,2025-12-20,6503699845,defillama
stable_usds,2025-12-21,6512950018,defillama
stable_usds,2025-12-22,6514776963,defillama
stable_usds,2025-12-23,6539683049,defillama
stable_usds,2025-12-24,6289063598,defillama
stable_usds,2025-12-25,6281673162,defillama
stable_usds,2025-12-26,6272214748,defillama
stable_usds,2025-12-27,6152650011,defillama
stable_usds,2025-12-28,6161877478,defillama
stable_usds,2025-12-29,6183803989,defillama
stable_usds,2025-12-30,6090424391,defillama
stable_usds,2025-12-31,6010881240,defillama
stable_usds,2026-01-01,5859748680,defillama
stable_usds,2026-01-02,5903591593,defillama
stable_usds,2026-01-03,6288680140,defillama
stable_usds,2026-01-04,6336804455,defillama
stable_usds,2026-01-05,6385363234,defillama
stable_usds,2026-01-06,6465579474,defillama
stable_usds,2026-01-07,6497260227,defillama
stable_usds,2026-01-08,6558598291,defillama
stable_usds,2026-01-09,6661294637,defillama
stable_usds,2026-01-10,6473976151,defillama
stable_usds,2026-01-11,6460402728,defillama
stable_usds,2026-01-12,6446408602,defillama
stable_usds,2026-01-13,6408898571,defillama
stable_usds,2026-01-14,6248544617,defillama
stable_usds,2026-01-15,6280053798,defillama
stable_usds,2026-01-16,6209785533,defillama
stable_usds,2026-01-17,6203577846,defillama
stable_usds,2026-01-18,6202163982,defillama
stable_usds,2026-01-19,6192966840,defillama
stable_usds,2026-01-20,6559288765,defillama
stable_usds,2026-01-21,6501440588,defillama
stable_usds,2026-01-22,6263631087,defillama
stable_usds,2026-01-23,6259565629,defillama
stable_usds,2026-01-24,6253455026,defillama
stable_usds,2026-01-25,6213482799,defillama
stable_usds,2026-01-26,6205373506,defillama
stable_usds,2026-01-27,6070188605,defillama
stable_usds,2026-01-28,6131228690,defillama
stable_usds,2026-01-29,6125913255,defillama
stable_usds,2026-01-30,6212661027,defillama
stable_usds,2026-01-31,6212501686,defillama
stable_usds,2026-02-01,6223776497,defillama
stable_usds,2026-02-02,6196035621,defillama
stable_usds,2026-02-03,6151612984,defillama
stable_usds,2026-02-04,6301017739,defillama
stable_usds,2026-02-05,6289601464,defillama
stable_usds,2026-02-06,6257358395,defillama
stable_usds,2026-02-07,6386024873,defillama
stable_usds,2026-02-08,6460178277,defillama
stable_usds,2026-02-09,6444941016,defillama
stable_usds,2026-02-10,6495582411,defillama
stable_usds,2026-02-11,6465224838,defillama
stable_usds,2026-02-12,6592832102,defillama
stable_usds,2026-02-13,6601662586,defillama
stable_usds,2026-02-14,6623527885,defillama
stable_usds,2026-02-15,6666842300,defillama
stable_usds,2026-02-16,6672331379,defillama
stable_usds,2026-02-17,6766852900,defillama
stable_usds,2026-02-18,6783083622,defillama
stable_usds,2026-02-19,6795282906,defillama
stable_usds,2026-02-20,6853167162,defillama
stable_usds,2026-02-21,6859633018,defillama
stable_usds,2026-02-22,6867962526,defillama
stable_usds,2026-02-23,6861979227,defillama
stable_usds,2026-02-24,6865014620,defillama
stable_usds,2026-02-25,6883976415,defillama
stable_usds,2026-02-26,6945851169,defillama
stable_usds,2026-02-27,6928308311,defillama
stable_usds,2026-02-28,6950589097,defillama
stable_usds,2026-03-01,7356578104,defillama
stable_usds,2026-03-02,7073062014,defillama
stable_usds,2026-03-03,7089000402,defillama
stable_usds,2026-03-04,6701898051,defillama
stable_usds,2026-03-05,6674416694,defillama
stable_usds,2026-03-06,7552049522,defillama
stable_usds,2026-03-07,7537895192,defillama
stable_usds,2026-03-08,7741105337,defillama
stable_usds,2026-03-09,7803538340,defillama
stable_usds,2026-03-10,7916856127,defillama
stable_usds,2026-03-11,7941999767,defillama
stable_usds,2026-03-12,7946708396,defillama
stable_usds,2026-03-13,7968368240,defillama
stable_usds,2026-03-14,8051238877,defillama
stable_usds,2026-03-15,8350758030,defillama
stable_usds,2026-03-16,8048816344,defillama
stable_usds,2026-03-17,8034682146,defillama
stable_usds,2026-03-18,8037532601,defillama
stable_usds,2026-03-19,8328369683,defillama
stable_usds,2026-03-20,8196651582,defillama
stable_usds,2026-03-21,8245315353,defillama
stable_usds,2026-03-22,8481392217,defillama
stable_usds,2026-03-23,8390039380,defillama
stable_usds,2026-03-24,8350103771,defillama
stable_usds,2026-03-25,8357364895,defillama
stable_usds,2026-03-26,8357707896,defillama
stable_usds,2026-03-27,8204312353,defillama
stable_usds,2026-03-28,8148029656,defillama
stable_usds,2026-03-29,8166308081,defillama
stable_usds,2026-03-30,8317824310,defillama
stable_usds,2026-03-31,8492511424,defillama
stable_usds,2026-04-01,8949855998,defillama
stable_usds,2026-04-02,8767534153,defillama
stable_usds,2026-04-03,8918352795,defillama
stable_usds,2026-04-04,8925048099,defillama
stable_usds,2026-04-05,8916725346,defillama
stable_usds,2026-04-06,8912940525,defillama
stable_usds,2026-04-07,8404236532,defillama
stable_usds,2026-04-08,8592785161,defillama
stable_usds,2026-04-09,8694232192,defillama
stable_usds,2026-04-10,8700015243,defillama
stable_usds,2026-04-11,8706986568,defillama
stable_usds,2026-04-12,8716424558,defillama
stable_usds,2026-04-13,8782104050,defillama
stable_usds,2026-04-14,8554473713,defillama
stable_usds,2026-04-15,8602971544,defillama
stable_usds,2026-04-16,8607264432,defillama
stable_usds,2026-04-17,8612184053,defillama
stable_usds,2026-04-18,8625637261,defillama
stable_usds,2026-04-19,8431855518,defillama
stable_usds,2026-04-20,7977861088,defillama
stable_usds,2026-04-21,8075815853,defillama
stable_usds,2026-04-22,8152248342,defillama
stable_usds,2026-04-23,8201848065,defillama
stable_usds,2026-04-24,8284187028,defillama
stable_usds,2026-04-25,8288279680,defillama
stable_usds,2026-04-26,8274201195,defillama
stable_usds,2026-04-27,8335833566,defillama
stable_usds,2026-04-28,8294220883,defillama
stable_usds,2026-04-29,8344449183,defillama
stable_usds,2026-04-30,7819355122,defillama
stable_usds,2026-05-01,8433528279,defillama
stable_usds,2026-05-02,8421770939,defillama
stable_usds,2026-05-03,8777799518,defillama
stable_usds,2026-05-04,8775527610,defillama
stable_usds,2026-05-05,8665699086,defillama
stable_usds,2026-05-06,8685817737,defillama
stable_usds,2026-05-07,8628333146,defillama
stable_usds,2026-05-08,8757645634,defillama
stable_usds,2026-05-09,7886566523,defillama
stable_usds,2026-05-10,8672011191,defillama
stable_usds,2026-05-11,8810318796,defillama
stable_usds,2026-05-12,8733981599,defillama
stable_usds,2026-05-13,8703169756,defillama
stable_usds,2026-05-14,8686713681,defillama
stable_usds,2026-05-15,8725581332,defillama
stable_usds,2026-05-16,8793297834,defillama
stable_usds,2026-05-17,8806037427,defillama
stable_usds,2026-05-18,8799513857,defillama
stable_usds,2026-05-19,8844831716,defillama
stable_usds,2026-05-20,8497265965,defillama
stable_usds,2026-05-21,8348411850,defillama
stable_usds,2026-05-22,8304652291,defillama
stable_usds,2026-05-23,8863160791,defillama
stable_usds,2026-05-24,8861337700,defillama
stable_usds,2026-05-25,8862889650,defillama
stable_usds,2026-05-26,8826582648,defillama
stable_usds,2026-05-27,8773808142,defillama
stable_usds,2026-05-28,8735300542,defillama
stable_usds,2026-05-29,8806785064,defillama
stable_usds,2026-05-30,8843624100,defillama
stable_usds,2026-05-31,8830872566,defillama
stable_usds,2026-06-01,8822795684,defillama
stable_usds,2026-06-02,8783546754,defillama
stable_usds,2026-06-03,8731839901,defillama
stable_usds,2026-06-04,8750676571,defillama
stable_usds,2026-06-05,8683884089,defillama
stable_usds,2026-06-06,8545852531,defillama
stable_usds,2026-06-07,8583274773,defillama
stable_usds,2026-06-08,8254437769,defillama
stable_usds,2026-06-09,8533564748,defillama
stable_usds,2026-06-10,8471974699,defillama
stable_usds,2026-06-11,8444589994,defillama
stable_usds,2026-06-12,8404423730,defillama
stable_usds,2026-06-13,8486100388,defillama
stable_usds,2026-06-14,8449822786,defillama
stable_usds,2026-06-15,8457254211,defillama
stable_usds,2026-06-16,8464475526,defillama
stable_usds,2026-06-17,8190769747,defillama
stable_usds,2026-06-18,8192161728,defillama
stable_usds,2026-06-19,8158525950,defillama
stable_usds,2026-06-20,8182365899,defillama
stable_usds,2026-06-21,8167906745,defillama
stable_usds,2026-06-22,8163676795,defillama
stable_usds,2026-06-23,8188498349,defillama
stable_usds,2026-06-24,8169552320,defillama
stable_usds,2026-06-25,8135293592,defillama
stable_usds,2026-06-26,8185779748,defillama
stable_usds,2026-06-27,8217835752,defillama
stable_usds,2026-06-28,8219091143,defillama
stable_usds,2026-06-29,8219290770,defillama
stable_usds,2026-06-30,7912476500,defillama
stable_usds,2026-07-01,7902379144,defillama
stable_usds,2026-07-02,7889270637,defillama
stable_usds,2026-07-03,7956647411,defillama
stable_usds,2026-07-04,8021687678,defillama
stable_usds,2026-07-05,8007511428,defillama
stable_usds,2026-07-06,8003935822,defillama
stable_usds,2026-07-07,7581092283,defillama
stable_usds,2026-07-08,7637160257,defillama
stable_usds,2026-07-09,7556045471,defillama
stable_usds,2026-07-10,7530416700,defillama
stable_usds,2026-07-11,7595610432,defillama
stable_usds,2026-07-12,7614469438,defillama
stable_usds,2026-07-13,7588393290,defillama
stable_usds,2026-07-14,6699755960,defillama
stable_usds,2026-07-15,6646688696,defillama
stable_usds,2026-07-16,6587117767,defillama
stable_usds,2026-07-17,6645827158,defillama
stable_usds,2026-07-18,6660909356,defillama
stable_usds,2026-07-19,6698077155,defillama
stable_usds,2026-07-20,6668471699,defillama
stable_usds,2026-07-21,6617521644,defillama
stable_usds,2026-07-22,6682265512,defillama
stable_usds,2026-07-23,6677327274,defillama
stable_usds,2026-07-24,6658628042,defillama
stable_usds,2026-07-25,6655817260,defillama
stable_usds,2026-07-26,6646212310,defillama
stable_usds,2026-07-27,6648716469,defillama
stable_usds,2026-07-28,6542174036,defillama
stable_usds,2026-07-29,6551418162,defillama
stable_usds,2026-07-30,6536815664,defillama
stable_usds,2026-07-31,6538958995,defillama
stable_usds,2026-08-01,6555079943,defillama
stable_usds,2026-08-02,6568850305,defillama
stable_usds,2026-08-03,6558242642,defillama
stable_usds,2026-08-04,6566475903,defillama
stable_usds,2026-08-05,6683272817,defillama
stable_usds,2026-08-06,6670293091,defillama
stable_usds,2026-08-07,6685617612,defillama
stable_usds,2026-08-08,6702218537,defillama
stable_usds,2026-08-09,6696454810,defillama
stable_usds,2026-08-10,6687707477,defillama
stable_usds,2026-08-11,6642174412,defillama
stable_usds,2026-08-12,6636308195,defillama
stable_usds,2026-08-13,6635096083,defillama
stable_usds,2026-08-14,6649019045,defillama
stable_usds,2026-08-15,6670250990,defillama
stable_usds,2026-08-16,6682438100,defillama
stable_usds,2026-08-17,6695884589,defillama
stable_usds,2026-08-18,6712563498,defillama
stable_usds,2026-08-19,6713169166,defillama
stable_usds,2026-08-20,6687001431,defillama
stable_usds,2026-08-21,6722665920,defillama
stable_usds,2026-08-22,6640511065.796726,defillama
stable_usdt,2019-01-01,25104324,defillama
stable_usdt,2019-01-02,25104324,defillama
stable_usdt,2019-01-03,25104324,defillama
stable_usdt,2019-01-04,25104324,defillama
stable_usdt,2019-01-05,25104324,defillama
stable_usdt,2019-01-06,25104324,defillama
stable_usdt,2019-01-07,25104324,defillama
stable_usdt,2019-01-08,25104324,defillama
stable_usdt,2019-01-09,25104324,defillama
stable_usdt,2019-01-10,25104324,defillama
stable_usdt,2019-01-11,25104324,defillama
stable_usdt,2019-01-12,25104324,defillama
stable_usdt,2019-01-13,25104324,defillama
stable_usdt,2019-01-14,25104324,defillama
stable_usdt,2019-01-15,25104324,defillama
stable_usdt,2019-01-16,25104324,defillama
stable_usdt,2019-01-17,25104324,defillama
stable_usdt,2019-01-18,25104324,defillama
stable_usdt,2019-01-19,25104324,defillama
stable_usdt,2019-01-20,25104324,defillama
stable_usdt,2019-01-21,25104324,defillama
stable_usdt,2019-01-22,25099574,defillama
stable_usdt,2019-01-23,25099574,defillama
stable_usdt,2019-01-24,25099574,defillama
stable_usdt,2019-01-25,25099574,defillama
stable_usdt,2019-01-26,25099574,defillama
stable_usdt,2019-01-27,25099574,defillama
stable_usdt,2019-01-28,25099574,defillama
stable_usdt,2019-01-29,25099574,defillama
stable_usdt,2019-01-30,25099574,defillama
stable_usdt,2019-01-31,25104324,defillama
stable_usdt,2019-02-01,25104324,defillama
stable_usdt,2019-02-02,25104324,defillama
stable_usdt,2019-02-03,25104324,defillama
stable_usdt,2019-02-04,25104324,defillama
stable_usdt,2019-02-05,25104324,defillama
stable_usdt,2019-02-06,25104324,defillama
stable_usdt,2019-02-07,25104324,defillama
stable_usdt,2019-02-08,25104324,defillama
stable_usdt,2019-02-09,25104324,defillama
stable_usdt,2019-02-10,25104324,defillama
stable_usdt,2019-02-11,25104324,defillama
stable_usdt,2019-02-12,25104324,defillama
stable_usdt,2019-02-13,25104324,defillama
stable_usdt,2019-02-14,25104324,defillama
stable_usdt,2019-02-15,25104324,defillama
stable_usdt,2019-02-16,25104324,defillama
stable_usdt,2019-02-17,25104324,defillama
stable_usdt,2019-02-18,25104324,defillama
stable_usdt,2019-02-19,25104324,defillama
stable_usdt,2019-02-20,25104324,defillama
stable_usdt,2019-02-21,25104324,defillama
stable_usdt,2019-02-22,25104324,defillama
stable_usdt,2019-02-23,55104324,defillama
stable_usdt,2019-02-24,55104324,defillama
stable_usdt,2019-02-25,55104324,defillama
stable_usdt,2019-02-26,55104324,defillama
stable_usdt,2019-02-27,55104324,defillama
stable_usdt,2019-02-28,55104324,defillama
stable_usdt,2019-03-01,55104324,defillama
stable_usdt,2019-03-02,55104324,defillama
stable_usdt,2019-03-03,57103124,defillama
stable_usdt,2019-03-04,56303124,defillama
stable_usdt,2019-03-05,56303124,defillama
stable_usdt,2019-03-06,56303124,defillama
stable_usdt,2019-03-07,56303124,defillama
stable_usdt,2019-03-08,56303124,defillama
stable_usdt,2019-03-09,56303124,defillama
stable_usdt,2019-03-10,56303124,defillama
stable_usdt,2019-03-11,56303124,defillama
stable_usdt,2019-03-12,58401024,defillama
stable_usdt,2019-03-13,58401024,defillama
stable_usdt,2019-03-14,58401024,defillama
stable_usdt,2019-03-15,58401024,defillama
stable_usdt,2019-03-16,58401024,defillama
stable_usdt,2019-03-17,58401024,defillama
stable_usdt,2019-03-18,58401024,defillama
stable_usdt,2019-03-19,58401024,defillama
stable_usdt,2019-03-20,58401024,defillama
stable_usdt,2019-03-21,58401024,defillama
stable_usdt,2019-03-22,58401024,defillama
stable_usdt,2019-03-23,58401024,defillama
stable_usdt,2019-03-24,58401024,defillama
stable_usdt,2019-03-25,58401024,defillama
stable_usdt,2019-03-26,58401024,defillama
stable_usdt,2019-03-27,58401024,defillama
stable_usdt,2019-03-28,58401024,defillama
stable_usdt,2019-03-29,58401024,defillama
stable_usdt,2019-03-30,58401024,defillama
stable_usdt,2019-03-31,58401024,defillama
stable_usdt,2019-04-01,60001024,defillama
stable_usdt,2019-04-02,60001024,defillama
stable_usdt,2019-04-03,60001024,defillama
stable_usdt,2019-04-04,60001024,defillama
stable_usdt,2019-04-05,60001024,defillama
stable_usdt,2019-04-06,60001024,defillama
stable_usdt,2019-04-07,60001024,defillama
stable_usdt,2019-04-08,60001024,defillama
stable_usdt,2019-04-09,80001024,defillama
stable_usdt,2019-04-10,87501024,defillama
stable_usdt,2019-04-11,129491024,defillama
stable_usdt,2019-04-12,139481024,defillama
stable_usdt,2019-04-13,159970524,defillama
stable_usdt,2019-04-14,154970524,defillama
stable_usdt,2019-04-15,154970524,defillama
stable_usdt,2019-04-16,175661832,defillama
stable_usdt,2019-04-17,183264222,defillama
stable_usdt,2019-04-18,238598883,defillama
stable_usdt,2019-04-19,244592883,defillama
stable_usdt,2019-04-20,252449298,defillama
stable_usdt,2019-04-21,246449298,defillama
stable_usdt,2019-04-22,261435298,defillama
stable_usdt,2019-04-23,261435298,defillama
stable_usdt,2019-04-24,326320298,defillama
stable_usdt,2019-04-25,371875442,defillama
stable_usdt,2019-04-26,425241390,defillama
stable_usdt,2019-04-27,405833283,defillama
stable_usdt,2019-04-28,411334283,defillama
stable_usdt,2019-04-29,411334283,defillama
stable_usdt,2019-04-30,411334283,defillama
stable_usdt,2019-05-01,411334283,defillama
stable_usdt,2019-05-02,411334283,defillama
stable_usdt,2019-05-03,411334283,defillama
stable_usdt,2019-05-04,411334283,defillama
stable_usdt,2019-05-05,411334283,defillama
stable_usdt,2019-05-06,411334283,defillama
stable_usdt,2019-05-07,411334283,defillama
stable_usdt,2019-05-08,411334283,defillama
stable_usdt,2019-05-09,411334283,defillama
stable_usdt,2019-05-10,337334283,defillama
stable_usdt,2019-05-11,337334283,defillama
stable_usdt,2019-05-12,337334283,defillama
stable_usdt,2019-05-13,337334283,defillama
stable_usdt,2019-05-14,349022583,defillama
stable_usdt,2019-05-15,330248450,defillama
stable_usdt,2019-05-16,338908136,defillama
stable_usdt,2019-05-17,347219683,defillama
stable_usdt,2019-05-18,347950127,defillama
stable_usdt,2019-05-19,347950127,defillama
stable_usdt,2019-05-20,347950127,defillama
stable_usdt,2019-05-21,373035306,defillama
stable_usdt,2019-05-22,402752547,defillama
stable_usdt,2019-05-23,420044813,defillama
stable_usdt,2019-05-24,436808682,defillama
stable_usdt,2019-05-25,477584689,defillama
stable_usdt,2019-05-26,495566689,defillama
stable_usdt,2019-05-27,504557689,defillama
stable_usdt,2019-05-28,525811414,defillama
stable_usdt,2019-05-29,536896090,defillama
stable_usdt,2019-05-30,558438226,defillama
stable_usdt,2019-05-31,561632728,defillama
stable_usdt,2019-06-01,571990895,defillama
stable_usdt,2019-06-02,573436398,defillama
stable_usdt,2019-06-03,573436398,defillama
stable_usdt,2019-06-04,584510088,defillama
stable_usdt,2019-06-05,593794344,defillama
stable_usdt,2019-06-06,616674017,defillama
stable_usdt,2019-06-07,636096765,defillama
stable_usdt,2019-06-08,642041115,defillama
stable_usdt,2019-06-09,642041115,defillama
stable_usdt,2019-06-10,644039115,defillama
stable_usdt,2019-06-11,686777623,defillama
stable_usdt,2019-06-12,724786150,defillama
stable_usdt,2019-06-13,761382912,defillama
stable_usdt,2019-06-14,788340289,defillama
stable_usdt,2019-06-15,806278780,defillama
stable_usdt,2019-06-16,814270780,defillama
stable_usdt,2019-06-17,838246780,defillama
stable_usdt,2019-06-18,883264598,defillama
stable_usdt,2019-06-19,889859498,defillama
stable_usdt,2019-06-20,893742612,defillama
stable_usdt,2019-06-21,910779962,defillama
stable_usdt,2019-06-22,930137992,defillama
stable_usdt,2019-06-23,933134992,defillama
stable_usdt,2019-06-24,946134992,defillama
stable_usdt,2019-06-25,950584992,defillama
stable_usdt,2019-06-26,971344952,defillama
stable_usdt,2019-06-27,973855234,defillama
stable_usdt,2019-06-28,976971719,defillama
stable_usdt,2019-06-29,991686771,defillama
stable_usdt,2019-06-30,1018686771,defillama
stable_usdt,2019-07-01,1018686771,defillama
stable_usdt,2019-07-02,1052886571,defillama
stable_usdt,2019-07-03,1064700516,defillama
stable_usdt,2019-07-04,1117763714,defillama
stable_usdt,2019-07-05,1154798664,defillama
stable_usdt,2019-07-06,1198996258,defillama
stable_usdt,2019-07-07,1214489258,defillama
stable_usdt,2019-07-08,1224479258,defillama
stable_usdt,2019-07-09,1292220107,defillama
stable_usdt,2019-07-10,1338682761,defillama
stable_usdt,2019-07-11,1339976483,defillama
stable_usdt,2019-07-12,1369959131,defillama
stable_usdt,2019-07-13,1445671546,defillama
stable_usdt,2019-07-14,1445671546,defillama
stable_usdt,2019-07-15,1450671546,defillama
stable_usdt,2019-07-16,1470541240,defillama
stable_usdt,2019-07-17,1482675948,defillama
stable_usdt,2019-07-18,1496459979,defillama
stable_usdt,2019-07-19,1520965719,defillama
stable_usdt,2019-07-20,1536673681,defillama
stable_usdt,2019-07-21,1537823681,defillama
stable_usdt,2019-07-22,1537823681,defillama
stable_usdt,2019-07-23,1539545357,defillama
stable_usdt,2019-07-24,1535328857,defillama
stable_usdt,2019-07-25,1534625357,defillama
stable_usdt,2019-07-26,1535399357,defillama
stable_usdt,2019-07-27,1525400257,defillama
stable_usdt,2019-07-28,1528397257,defillama
stable_usdt,2019-07-29,1528397257,defillama
stable_usdt,2019-07-30,1528397257,defillama
stable_usdt,2019-07-31,1531149115,defillama
stable_usdt,2019-08-01,1531097715,defillama
stable_usdt,2019-08-02,1531097715,defillama
stable_usdt,2019-08-03,1531097715,defillama
stable_usdt,2019-08-04,1531097715,defillama
stable_usdt,2019-08-05,1537092715,defillama
stable_usdt,2019-08-06,1624766711,defillama
stable_usdt,2019-08-07,1624766711,defillama
stable_usdt,2019-08-08,1633616711,defillama
stable_usdt,2019-08-09,1632797211,defillama
stable_usdt,2019-08-10,1633299804,defillama
stable_usdt,2019-08-11,1633299804,defillama
stable_usdt,2019-08-12,1633299804,defillama
stable_usdt,2019-08-13,1632630804,defillama
stable_usdt,2019-08-14,1632630804,defillama
stable_usdt,2019-08-15,1632630804,defillama
stable_usdt,2019-08-16,1633234309,defillama
stable_usdt,2019-08-17,1633683189,defillama
stable_usdt,2019-08-18,1633683189,defillama
stable_usdt,2019-08-19,1633683189,defillama
stable_usdt,2019-08-20,1633982869,defillama
stable_usdt,2019-08-21,1633982869,defillama
stable_usdt,2019-08-22,1633982869,defillama
stable_usdt,2019-08-23,1634184859,defillama
stable_usdt,2019-08-24,1639182859,defillama
stable_usdt,2019-08-25,1639182859,defillama
stable_usdt,2019-08-26,1641180859,defillama
stable_usdt,2019-08-27,1646180859,defillama
stable_usdt,2019-08-28,1645520859,defillama
stable_usdt,2019-08-29,1651549974,defillama
stable_usdt,2019-08-30,1654134367,defillama
stable_usdt,2019-08-31,1654491284,defillama
stable_usdt,2019-09-01,1653734684,defillama
stable_usdt,2019-09-02,1652534684,defillama
stable_usdt,2019-09-03,1662532684,defillama
stable_usdt,2019-09-04,1673481641,defillama
stable_usdt,2019-09-05,1681261556,defillama
stable_usdt,2019-09-06,1686256556,defillama
stable_usdt,2019-09-07,1715060524,defillama
stable_usdt,2019-09-08,1717058524,defillama
stable_usdt,2019-09-09,1717058524,defillama
stable_usdt,2019-09-10,1722058524,defillama
stable_usdt,2019-09-11,1734058534,defillama
stable_usdt,2019-09-12,1733435434,defillama
stable_usdt,2019-09-13,2037709444,defillama
stable_usdt,2019-09-14,2050911932,defillama
stable_usdt,2019-09-15,2053409432,defillama
stable_usdt,2019-09-16,2053409432,defillama
stable_usdt,2019-09-17,2053409432,defillama
stable_usdt,2019-09-18,2053409432,defillama
stable_usdt,2019-09-19,2051764232,defillama
stable_usdt,2019-09-20,2056759232,defillama
stable_usdt,2019-09-21,2056759232,defillama
stable_usdt,2019-09-22,2056759232,defillama
stable_usdt,2019-09-23,2057183687,defillama
stable_usdt,2019-09-24,2057183687,defillama
stable_usdt,2019-09-25,2067411602,defillama
stable_usdt,2019-09-26,2062166022,defillama
stable_usdt,2019-09-27,2061376256,defillama
stable_usdt,2019-09-28,2064248043,defillama
stable_usdt,2019-09-29,2066246043,defillama
stable_usdt,2019-09-30,2072246043,defillama
stable_usdt,2019-10-01,2084501879,defillama
stable_usdt,2019-10-02,2102686979,defillama
stable_usdt,2019-10-03,2104686979,defillama
stable_usdt,2019-10-04,2117286979,defillama
stable_usdt,2019-10-05,2121869473,defillama
stable_usdt,2019-10-06,2123369473,defillama
stable_usdt,2019-10-07,2144757073,defillama
stable_usdt,2019-10-08,2156749073,defillama
stable_usdt,2019-10-09,2160048773,defillama
stable_usdt,2019-10-10,2165548773,defillama
stable_usdt,2019-10-11,2195736273,defillama
stable_usdt,2019-10-12,2190897439,defillama
stable_usdt,2019-10-13,2190897439,defillama
stable_usdt,2019-10-14,2193397439,defillama
stable_usdt,2019-10-15,2191397439,defillama
stable_usdt,2019-10-16,2192945868,defillama
stable_usdt,2019-10-17,2193065704,defillama
stable_usdt,2019-10-18,2213765704,defillama
stable_usdt,2019-10-19,2223765704,defillama
stable_usdt,2019-10-20,2231765704,defillama
stable_usdt,2019-10-21,2261760704,defillama
stable_usdt,2019-10-22,2268658799,defillama
stable_usdt,2019-10-23,2282400049,defillama
stable_usdt,2019-10-24,2368400049,defillama
stable_usdt,2019-10-25,2454464536,defillama
stable_usdt,2019-10-26,2393704682,defillama
stable_usdt,2019-10-27,2398873682,defillama
stable_usdt,2019-10-28,2399859682,defillama
stable_usdt,2019-10-29,2400634371,defillama
stable_usdt,2019-10-30,2734740577,defillama
stable_usdt,2019-10-31,2750957480,defillama
stable_usdt,2019-11-01,2729174280,defillama
stable_usdt,2019-11-02,2741469913,defillama
stable_usdt,2019-11-03,2741519963,defillama
stable_usdt,2019-11-04,2744019963,defillama
stable_usdt,2019-11-05,2746903803,defillama
stable_usdt,2019-11-06,2751005283,defillama
stable_usdt,2019-11-07,2752040283,defillama
stable_usdt,2019-11-08,2753605283,defillama
stable_usdt,2019-11-09,2754935470,defillama
stable_usdt,2019-11-10,2754935470,defillama
stable_usdt,2019-11-11,2754935470,defillama
stable_usdt,2019-11-12,2754935470,defillama
stable_usdt,2019-11-13,2755110470,defillama
stable_usdt,2019-11-14,2755293287,defillama
stable_usdt,2019-11-15,2755349391,defillama
stable_usdt,2019-11-16,2755489251,defillama
stable_usdt,2019-11-17,2755489251,defillama
stable_usdt,2019-11-18,2755660251,defillama
stable_usdt,2019-11-19,2756133451,defillama
stable_usdt,2019-11-20,2757133451,defillama
stable_usdt,2019-11-21,2759241451,defillama
stable_usdt,2019-11-22,2776725451,defillama
stable_usdt,2019-11-23,2807725451,defillama
stable_usdt,2019-11-24,2777725451,defillama
stable_usdt,2019-11-25,2782720451,defillama
stable_usdt,2019-11-26,2812051781,defillama
stable_usdt,2019-11-27,2812051781,defillama
stable_usdt,2019-11-28,2823275790,defillama
stable_usdt,2019-11-29,2828173740,defillama
stable_usdt,2019-11-30,2830165744,defillama
stable_usdt,2019-12-01,2830160744,defillama
stable_usdt,2019-12-02,2830160744,defillama
stable_usdt,2019-12-03,2833479062,defillama
stable_usdt,2019-12-04,2833497719,defillama
stable_usdt,2019-12-05,2844272906,defillama
stable_usdt,2019-12-06,2844274165,defillama
stable_usdt,2019-12-07,2848768166,defillama
stable_usdt,2019-12-08,2858118166,defillama
stable_usdt,2019-12-09,2858218166,defillama
stable_usdt,2019-12-10,2871966250,defillama
stable_usdt,2019-12-11,3125666807,defillama
stable_usdt,2019-12-12,3110477709,defillama
stable_usdt,2019-12-13,3116658957,defillama
stable_usdt,2019-12-14,3116814753,defillama
stable_usdt,2019-12-15,3116814753,defillama
stable_usdt,2019-12-16,3116814753,defillama
stable_usdt,2019-12-17,3129031220,defillama
stable_usdt,2019-12-18,3136392239,defillama
stable_usdt,2019-12-19,3152192758,defillama
stable_usdt,2019-12-20,3165249152,defillama
stable_usdt,2019-12-21,3178808322,defillama
stable_usdt,2019-12-22,3172108322,defillama
stable_usdt,2019-12-23,3172108322,defillama
stable_usdt,2019-12-24,3186217122,defillama
stable_usdt,2019-12-25,3190033772,defillama
stable_usdt,2019-12-26,3193097639,defillama
stable_usdt,2019-12-27,3193097639,defillama
stable_usdt,2019-12-28,3198303878,defillama
stable_usdt,2019-12-29,3193874144,defillama
stable_usdt,2019-12-30,3195270588,defillama
stable_usdt,2019-12-31,3198834653,defillama
stable_usdt,2020-01-01,3198834653,defillama
stable_usdt,2020-01-02,3200978653,defillama
stable_usdt,2020-01-03,4288898575,defillama
stable_usdt,2020-01-04,4283023028,defillama
stable_usdt,2020-01-05,4287220841,defillama
stable_usdt,2020-01-06,4281391701,defillama
stable_usdt,2020-01-07,4285344129,defillama
stable_usdt,2020-01-08,4279309317,defillama
stable_usdt,2020-01-09,4273984481,defillama
stable_usdt,2020-01-10,4286942072,defillama
stable_usdt,2020-01-11,4288341143,defillama
stable_usdt,2020-01-12,4273319340,defillama
stable_usdt,2020-01-13,4281347850,defillama
stable_usdt,2020-01-14,4282360330,defillama
stable_usdt,2020-01-15,4278526948,defillama
stable_usdt,2020-01-16,4286133433,defillama
stable_usdt,2020-01-17,4277820758,defillama
stable_usdt,2020-01-18,4279860810,defillama
stable_usdt,2020-01-19,4277817642,defillama
stable_usdt,2020-01-20,4282607058,defillama
stable_usdt,2020-01-21,4281327773,defillama
stable_usdt,2020-01-22,4283473428,defillama
stable_usdt,2020-01-23,4282886404,defillama
stable_usdt,2020-01-24,4279582980,defillama
stable_usdt,2020-01-25,4289750201,defillama
stable_usdt,2020-01-26,4283647991,defillama
stable_usdt,2020-01-27,4285728294,defillama
stable_usdt,2020-01-28,4277424754,defillama
stable_usdt,2020-01-29,4295159219,defillama
stable_usdt,2020-01-30,4276714294,defillama
stable_usdt,2020-01-31,4277899663,defillama
stable_usdt,2020-02-01,4277278308,defillama
stable_usdt,2020-02-02,4279297792,defillama
stable_usdt,2020-02-03,4285631682,defillama
stable_usdt,2020-02-04,4291651783,defillama
stable_usdt,2020-02-05,4279687870,defillama
stable_usdt,2020-02-06,4281286726,defillama
stable_usdt,2020-02-07,4280165006,defillama
stable_usdt,2020-02-08,4283434129,defillama
stable_usdt,2020-02-09,4283445364,defillama
stable_usdt,2020-02-10,4304246879,defillama
stable_usdt,2020-02-11,4293957672,defillama
stable_usdt,2020-02-12,4288414306,defillama
stable_usdt,2020-02-13,4276982478,defillama
stable_usdt,2020-02-14,4279251913,defillama
stable_usdt,2020-02-15,4283562617,defillama
stable_usdt,2020-02-16,4282126676,defillama
stable_usdt,2020-02-17,4287194543,defillama
stable_usdt,2020-02-18,4296553112,defillama
stable_usdt,2020-02-19,4285326171,defillama
stable_usdt,2020-02-20,4282876600,defillama
stable_usdt,2020-02-21,4287659835,defillama
stable_usdt,2020-02-22,4286189910,defillama
stable_usdt,2020-02-23,4285130709,defillama
stable_usdt,2020-02-24,4294456127,defillama
stable_usdt,2020-02-25,4289228245,defillama
stable_usdt,2020-02-26,4284267567,defillama
stable_usdt,2020-02-27,4279357851,defillama
stable_usdt,2020-02-28,4290501477,defillama
stable_usdt,2020-02-29,4284583526,defillama
stable_usdt,2020-03-01,4281707678,defillama
stable_usdt,2020-03-02,4287586058,defillama
stable_usdt,2020-03-03,4287612679,defillama
stable_usdt,2020-03-04,4290848897,defillama
stable_usdt,2020-03-05,4294158069,defillama
stable_usdt,2020-03-06,4283452585,defillama
stable_usdt,2020-03-07,4292195690,defillama
stable_usdt,2020-03-08,4288082507,defillama
stable_usdt,2020-03-09,4262796415,defillama
stable_usdt,2020-03-10,4299840153,defillama
stable_usdt,2020-03-11,4301130617,defillama
stable_usdt,2020-03-12,4311456649,defillama
stable_usdt,2020-03-13,4308381652,defillama
stable_usdt,2020-03-14,4340812840,defillama
stable_usdt,2020-03-15,4271079465,defillama
stable_usdt,2020-03-16,4293832554,defillama
stable_usdt,2020-03-17,4317599420,defillama
stable_usdt,2020-03-18,4306583145,defillama
stable_usdt,2020-03-19,4231721926,defillama
stable_usdt,2020-03-20,4294893981,defillama
stable_usdt,2020-03-21,4342066152,defillama
stable_usdt,2020-03-22,4274759423,defillama
stable_usdt,2020-03-23,4298879010,defillama
stable_usdt,2020-03-24,4298542913,defillama
stable_usdt,2020-03-25,4287070634,defillama
stable_usdt,2020-03-26,4304355951,defillama
stable_usdt,2020-03-27,4300196109,defillama
stable_usdt,2020-03-28,4285259142,defillama
stable_usdt,2020-03-29,4291651285,defillama
stable_usdt,2020-03-30,4298897388,defillama
stable_usdt,2020-03-31,4303567262,defillama
stable_usdt,2020-04-01,4282455239,defillama
stable_usdt,2020-04-02,4298464572,defillama
stable_usdt,2020-04-03,6308898014,defillama
stable_usdt,2020-04-04,6345586550,defillama
stable_usdt,2020-04-05,6341175558,defillama
stable_usdt,2020-04-06,6357859575,defillama
stable_usdt,2020-04-07,6348996817,defillama
stable_usdt,2020-04-08,6337540895,defillama
stable_usdt,2020-04-09,6342789173,defillama
stable_usdt,2020-04-10,6351749244,defillama
stable_usdt,2020-04-11,6360286246,defillama
stable_usdt,2020-04-12,6358136926,defillama
stable_usdt,2020-04-13,6360712294,defillama
stable_usdt,2020-04-14,6342632339,defillama
stable_usdt,2020-04-15,6353107085,defillama
stable_usdt,2020-04-16,6338368646,defillama
stable_usdt,2020-04-17,6367320936,defillama
stable_usdt,2020-04-18,6354943648,defillama
stable_usdt,2020-04-19,6348280713,defillama
stable_usdt,2020-04-20,6370176429,defillama
stable_usdt,2020-04-21,6369201538,defillama
stable_usdt,2020-04-22,6355845853,defillama
stable_usdt,2020-04-23,7133234308,defillama
stable_usdt,2020-04-24,7101969333,defillama
stable_usdt,2020-04-25,7109426016,defillama
stable_usdt,2020-04-26,7125314350,defillama
stable_usdt,2020-04-27,7139857877,defillama
stable_usdt,2020-04-28,7149322731,defillama
stable_usdt,2020-04-29,7134423240,defillama
stable_usdt,2020-04-30,7692068637,defillama
stable_usdt,2020-05-01,7699585322,defillama
stable_usdt,2020-05-02,7792729873,defillama
stable_usdt,2020-05-03,7801751804,defillama
stable_usdt,2020-05-04,7820865420,defillama
stable_usdt,2020-05-05,7790956108,defillama
stable_usdt,2020-05-06,7861206043,defillama
stable_usdt,2020-05-07,7930935317,defillama
stable_usdt,2020-05-08,8079054026,defillama
stable_usdt,2020-05-09,8155833352,defillama
stable_usdt,2020-05-10,8313422574,defillama
stable_usdt,2020-05-11,8473215859,defillama
stable_usdt,2020-05-12,8491686231,defillama
stable_usdt,2020-05-13,8640172742,defillama
stable_usdt,2020-05-14,8634423670,defillama
stable_usdt,2020-05-15,8807791057,defillama
stable_usdt,2020-05-16,8864847685,defillama
stable_usdt,2020-05-17,8887329333,defillama
stable_usdt,2020-05-18,8975796528,defillama
stable_usdt,2020-05-19,8946398316,defillama
stable_usdt,2020-05-20,8925141349,defillama
stable_usdt,2020-05-21,8949763768,defillama
stable_usdt,2020-05-22,8937031687,defillama
stable_usdt,2020-05-23,8904835043,defillama
stable_usdt,2020-05-24,8912893844,defillama
stable_usdt,2020-05-25,8973070176,defillama
stable_usdt,2020-05-26,9005148940,defillama
stable_usdt,2020-05-27,9000991564,defillama
stable_usdt,2020-05-28,9015071778,defillama
stable_usdt,2020-05-29,9034880313,defillama
stable_usdt,2020-05-30,9046743741,defillama
stable_usdt,2020-05-31,9107846025,defillama
stable_usdt,2020-06-01,9087003496,defillama
stable_usdt,2020-06-02,9131206431,defillama
stable_usdt,2020-06-03,9212094571,defillama
stable_usdt,2020-06-04,9223480386,defillama
stable_usdt,2020-06-05,9264926474,defillama
stable_usdt,2020-06-06,9267985509,defillama
stable_usdt,2020-06-07,9281349701,defillama
stable_usdt,2020-06-08,9304968055,defillama
stable_usdt,2020-06-09,9330982637,defillama
stable_usdt,2020-06-10,9350784918,defillama
stable_usdt,2020-06-11,9408692693,defillama
stable_usdt,2020-06-12,9436245877,defillama
stable_usdt,2020-06-13,9486299303,defillama
stable_usdt,2020-06-14,9481923030,defillama
stable_usdt,2020-06-15,9493593133,defillama
stable_usdt,2020-06-16,9518736918,defillama
stable_usdt,2020-06-17,9544643009,defillama
stable_usdt,2020-06-18,9549847480,defillama
stable_usdt,2020-06-19,9574951885,defillama
stable_usdt,2020-06-20,9614392470,defillama
stable_usdt,2020-06-21,9627169919,defillama
stable_usdt,2020-06-22,9622223222,defillama
stable_usdt,2020-06-23,9630499943,defillama
stable_usdt,2020-06-24,9601992527,defillama
stable_usdt,2020-06-25,9615414191,defillama
stable_usdt,2020-06-26,9592877640,defillama
stable_usdt,2020-06-27,9629325844,defillama
stable_usdt,2020-06-28,9638700261,defillama
stable_usdt,2020-06-29,9634384875,defillama
stable_usdt,2020-06-30,9628668055,defillama
stable_usdt,2020-07-01,9637841653,defillama
stable_usdt,2020-07-02,9639104881,defillama
stable_usdt,2020-07-03,9647929508,defillama
stable_usdt,2020-07-04,9643357747,defillama
stable_usdt,2020-07-05,9704261208,defillama
stable_usdt,2020-07-06,9708811153,defillama
stable_usdt,2020-07-07,9712908096,defillama
stable_usdt,2020-07-08,9734760496,defillama
stable_usdt,2020-07-09,9736967713,defillama
stable_usdt,2020-07-10,9783869273,defillama
stable_usdt,2020-07-11,9803667487,defillama
stable_usdt,2020-07-12,9824421803,defillama
stable_usdt,2020-07-13,9823245541,defillama
stable_usdt,2020-07-14,9848359866,defillama
stable_usdt,2020-07-15,9845335827,defillama
stable_usdt,2020-07-16,9858754629,defillama
stable_usdt,2020-07-17,9880260498,defillama
stable_usdt,2020-07-18,9880407857,defillama
stable_usdt,2020-07-19,9884364193,defillama
stable_usdt,2020-07-20,9913964260,defillama
stable_usdt,2020-07-21,9913573515,defillama
stable_usdt,2020-07-22,9921658840,defillama
stable_usdt,2020-07-23,10016213022,defillama
stable_usdt,2020-07-24,10062892351,defillama
stable_usdt,2020-07-25,10162563058,defillama
stable_usdt,2020-07-26,10213180914,defillama
stable_usdt,2020-07-27,10216671824,defillama
stable_usdt,2020-07-28,10163253370,defillama
stable_usdt,2020-07-29,10472196877,defillama
stable_usdt,2020-07-30,10617855494,defillama
stable_usdt,2020-07-31,10707864336,defillama
stable_usdt,2020-08-01,10778488967,defillama
stable_usdt,2020-08-02,10941249519,defillama
stable_usdt,2020-08-03,11062349222,defillama
stable_usdt,2020-08-04,11118634671,defillama
stable_usdt,2020-08-05,11182209135,defillama
stable_usdt,2020-08-06,11252929576,defillama
stable_usdt,2020-08-07,11334228794,defillama
stable_usdt,2020-08-08,11495140100,defillama
stable_usdt,2020-08-09,11578515769,defillama
stable_usdt,2020-08-10,11650317902,defillama
stable_usdt,2020-08-11,11698790362,defillama
stable_usdt,2020-08-12,11858746978,defillama
stable_usdt,2020-08-13,11896892578,defillama
stable_usdt,2020-08-14,12000642229,defillama
stable_usdt,2020-08-15,12238797983,defillama
stable_usdt,2020-08-16,12215059078,defillama
stable_usdt,2020-08-17,12248808991,defillama
stable_usdt,2020-08-18,12392582270,defillama
stable_usdt,2020-08-19,12603054668,defillama
stable_usdt,2020-08-20,12605339230,defillama
stable_usdt,2020-08-21,12660117157,defillama
stable_usdt,2020-08-22,12762557154,defillama
stable_usdt,2020-08-23,12812234222,defillama
stable_usdt,2020-08-24,12830042987,defillama
stable_usdt,2020-08-25,12895083176,defillama
stable_usdt,2020-08-26,12865507394,defillama
stable_usdt,2020-08-27,12858452039,defillama
stable_usdt,2020-08-28,13028548270,defillama
stable_usdt,2020-08-29,13129348617,defillama
stable_usdt,2020-08-30,13302097288,defillama
stable_usdt,2020-08-31,13324009301,defillama
stable_usdt,2020-09-01,12620037988,defillama
stable_usdt,2020-09-02,12740037988,defillama
stable_usdt,2020-09-03,12990037988,defillama
stable_usdt,2020-09-04,12990037988,defillama
stable_usdt,2020-09-05,13140037988,defillama
stable_usdt,2020-09-06,13140037988,defillama
stable_usdt,2020-09-07,13140037988,defillama
stable_usdt,2020-09-08,13390010012,defillama
stable_usdt,2020-09-09,13388751547,defillama
stable_usdt,2020-09-10,13638751547,defillama
stable_usdt,2020-09-11,13638660241,defillama
stable_usdt,2020-09-12,13637497824,defillama
stable_usdt,2020-09-13,13637497824,defillama
stable_usdt,2020-09-14,13887497824,defillama
stable_usdt,2020-09-15,12880500640,defillama
stable_usdt,2020-09-16,13880500640,defillama
stable_usdt,2020-09-17,14130500640,defillama
stable_usdt,2020-09-18,14280500640,defillama
stable_usdt,2020-09-19,14280500640,defillama
stable_usdt,2020-09-20,14430500640,defillama
stable_usdt,2020-09-21,14430492515,defillama
stable_usdt,2020-09-22,14430472567,defillama
stable_usdt,2020-09-23,14430472567,defillama
stable_usdt,2020-09-24,14430472567,defillama
stable_usdt,2020-09-25,14430472567,defillama
stable_usdt,2020-09-26,14430472567,defillama
stable_usdt,2020-09-27,14430472567,defillama
stable_usdt,2020-09-28,14430472567,defillama
stable_usdt,2020-09-29,14430472567,defillama
stable_usdt,2020-09-30,14430472567,defillama
stable_usdt,2020-10-01,14429839175,defillama
stable_usdt,2020-10-02,14579839175,defillama
stable_usdt,2020-10-03,14579775579,defillama
stable_usdt,2020-10-04,14579775579,defillama
stable_usdt,2020-10-05,14579775579,defillama
stable_usdt,2020-10-06,14579775579,defillama
stable_usdt,2020-10-07,14579775579,defillama
stable_usdt,2020-10-08,14579767123,defillama
stable_usdt,2020-10-09,14729767123,defillama
stable_usdt,2020-10-10,14729767123,defillama
stable_usdt,2020-10-11,14729767123,defillama
stable_usdt,2020-10-12,14729767123,defillama
stable_usdt,2020-10-13,14729767123,defillama
stable_usdt,2020-10-14,14729767123,defillama
stable_usdt,2020-10-15,14729767123,defillama
stable_usdt,2020-10-16,14729767123,defillama
stable_usdt,2020-10-17,14729767123,defillama
stable_usdt,2020-10-18,14729767123,defillama
stable_usdt,2020-10-19,14729767123,defillama
stable_usdt,2020-10-20,14879767123,defillama
stable_usdt,2020-10-21,15179767123,defillama
stable_usdt,2020-10-22,15179767123,defillama
stable_usdt,2020-10-23,15329767123,defillama
stable_usdt,2020-10-24,15329767123,defillama
stable_usdt,2020-10-25,15329767123,defillama
stable_usdt,2020-10-26,15329767123,defillama
stable_usdt,2020-10-27,15479767123,defillama
stable_usdt,2020-10-28,15479767123,defillama
stable_usdt,2020-10-29,15629767123,defillama
stable_usdt,2020-10-30,15629767123,defillama
stable_usdt,2020-10-31,15779767123,defillama
stable_usdt,2020-11-01,15774190425,defillama
stable_usdt,2020-11-02,15774190425,defillama
stable_usdt,2020-11-03,15774190425,defillama
stable_usdt,2020-11-04,15924190425,defillama
stable_usdt,2020-11-05,15924190425,defillama
stable_usdt,2020-11-06,16224180913,defillama
stable_usdt,2020-11-07,16372592157,defillama
stable_usdt,2020-11-08,16372592157,defillama
stable_usdt,2020-11-09,16372592157,defillama
stable_usdt,2020-11-10,16372592157,defillama
stable_usdt,2020-11-11,16522592157,defillama
stable_usdt,2020-11-12,16672592157,defillama
stable_usdt,2020-11-13,16872592157,defillama
stable_usdt,2020-11-14,16867724989,defillama
stable_usdt,2020-11-15,16867724989,defillama
stable_usdt,2020-11-16,16867724989,defillama
stable_usdt,2020-11-17,17017724989,defillama
stable_usdt,2020-11-18,17017724989,defillama
stable_usdt,2020-11-19,17017724989,defillama
stable_usdt,2020-11-20,17217724989,defillama
stable_usdt,2020-11-21,17587724989,defillama
stable_usdt,2020-11-22,17587724989,defillama
stable_usdt,2020-11-23,17587724989,defillama
stable_usdt,2020-11-24,17787724989,defillama
stable_usdt,2020-11-25,17987724989,defillama
stable_usdt,2020-11-26,17987724989,defillama
stable_usdt,2020-11-27,17987724989,defillama
stable_usdt,2020-11-28,17987724989,defillama
stable_usdt,2020-11-29,17987724989,defillama
stable_usdt,2020-11-30,17987724989,defillama
stable_usdt,2020-12-01,18387724989,defillama
stable_usdt,2020-12-02,18587724989,defillama
stable_usdt,2020-12-03,18587724989,defillama
stable_usdt,2020-12-04,18587724989,defillama
stable_usdt,2020-12-05,18737724989,defillama
stable_usdt,2020-12-06,18737724989,defillama
stable_usdt,2020-12-07,18737724989,defillama
stable_usdt,2020-12-08,18737724989,defillama
stable_usdt,2020-12-09,18737724989,defillama
stable_usdt,2020-12-10,18737724989,defillama
stable_usdt,2020-12-11,18887711955,defillama
stable_usdt,2020-12-12,18887511915,defillama
stable_usdt,2020-12-13,18887511915,defillama
stable_usdt,2020-12-14,18887511915,defillama
stable_usdt,2020-12-15,18887511915,defillama
stable_usdt,2020-12-16,19087511915,defillama
stable_usdt,2020-12-17,19087511915,defillama
stable_usdt,2020-12-18,19087511915,defillama
stable_usdt,2020-12-19,19287511915,defillama
stable_usdt,2020-12-20,19287511915,defillama
stable_usdt,2020-12-21,19287511915,defillama
stable_usdt,2020-12-22,19437511915,defillama
stable_usdt,2020-12-23,19437511915,defillama
stable_usdt,2020-12-24,19637511915,defillama
stable_usdt,2020-12-25,19837511915,defillama
stable_usdt,2020-12-26,19837511915,defillama
stable_usdt,2020-12-27,19837511915,defillama
stable_usdt,2020-12-28,19837511915,defillama
stable_usdt,2020-12-29,20037511915,defillama
stable_usdt,2020-12-30,20037511915,defillama
stable_usdt,2020-12-31,20037511915,defillama
stable_usdt,2021-01-01,20037511915,defillama
stable_usdt,2021-01-02,20537511915,defillama
stable_usdt,2021-01-03,21337511915,defillama
stable_usdt,2021-01-04,21337511915,defillama
stable_usdt,2021-01-05,21337511915,defillama
stable_usdt,2021-01-06,21937511915,defillama
stable_usdt,2021-01-07,22635815112,defillama
stable_usdt,2021-01-08,22635815112,defillama
stable_usdt,2021-01-09,23335815112,defillama
stable_usdt,2021-01-10,23335815112,defillama
stable_usdt,2021-01-11,23335781472,defillama
stable_usdt,2021-01-12,23335292613,defillama
stable_usdt,2021-01-13,23735292613,defillama
stable_usdt,2021-01-14,23735292613,defillama
stable_usdt,2021-01-15,23735292613,defillama
stable_usdt,2021-01-16,23735292613,defillama
stable_usdt,2021-01-17,23735292613,defillama
stable_usdt,2021-01-18,23735292613,defillama
stable_usdt,2021-01-19,24135292613,defillama
stable_usdt,2021-01-20,24135292613,defillama
stable_usdt,2021-01-21,24135292613,defillama
stable_usdt,2021-01-22,24134292613,defillama
stable_usdt,2021-01-23,24114508571,defillama
stable_usdt,2021-01-24,24114508571,defillama
stable_usdt,2021-01-25,24114508571,defillama
stable_usdt,2021-01-26,24114487168,defillama
stable_usdt,2021-01-27,24514487168,defillama
stable_usdt,2021-01-28,24914487168,defillama
stable_usdt,2021-01-29,25414487168,defillama
stable_usdt,2021-01-30,25812442493,defillama
stable_usdt,2021-01-31,25812442493,defillama
stable_usdt,2021-02-01,26162355430,defillama
stable_usdt,2021-02-02,26162355430,defillama
stable_usdt,2021-02-03,24562355430,defillama
stable_usdt,2021-02-04,26962355430,defillama
stable_usdt,2021-02-05,27312355430,defillama
stable_usdt,2021-02-06,28212355430,defillama
stable_usdt,2021-02-07,28212355430,defillama
stable_usdt,2021-02-08,29612355430,defillama
stable_usdt,2021-02-09,29612355430,defillama
stable_usdt,2021-02-10,30612355430,defillama
stable_usdt,2021-02-11,30712355430,defillama
stable_usdt,2021-02-12,30712355430,defillama
stable_usdt,2021-02-13,31712355430,defillama
stable_usdt,2021-02-14,31712355430,defillama
stable_usdt,2021-02-15,31712355430,defillama
stable_usdt,2021-02-16,32112355430,defillama
stable_usdt,2021-02-17,33112355430,defillama
stable_usdt,2021-02-18,33112355430,defillama
stable_usdt,2021-02-19,33512355430,defillama
stable_usdt,2021-02-20,34312355430,defillama
stable_usdt,2021-02-21,34312355430,defillama
stable_usdt,2021-02-22,34312355430,defillama
stable_usdt,2021-02-23,34312355430,defillama
stable_usdt,2021-02-24,34312355430,defillama
stable_usdt,2021-02-25,34312355430,defillama
stable_usdt,2021-02-26,34312355430,defillama
stable_usdt,2021-02-27,34312355430,defillama
stable_usdt,2021-02-28,34312355430,defillama
stable_usdt,2021-03-01,35062355430,defillama
stable_usdt,2021-03-02,35062355430,defillama
stable_usdt,2021-03-03,36212355430,defillama
stable_usdt,2021-03-04,36212355430,defillama
stable_usdt,2021-03-05,36212355430,defillama
stable_usdt,2021-03-06,36212355430,defillama
stable_usdt,2021-03-07,36212355430,defillama
stable_usdt,2021-03-08,36212355430,defillama
stable_usdt,2021-03-09,36212355430,defillama
stable_usdt,2021-03-10,37212355430,defillama
stable_usdt,2021-03-11,37612355430,defillama
stable_usdt,2021-03-12,37612355430,defillama
stable_usdt,2021-03-13,37612355430,defillama
stable_usdt,2021-03-14,37612355430,defillama
stable_usdt,2021-03-15,38612355430,defillama
stable_usdt,2021-03-16,39212355430,defillama
stable_usdt,2021-03-17,39212355430,defillama
stable_usdt,2021-03-18,39210524739,defillama
stable_usdt,2021-03-19,39210478983,defillama
stable_usdt,2021-03-20,39210478983,defillama
stable_usdt,2021-03-21,40210478983,defillama
stable_usdt,2021-03-22,40210478983,defillama
stable_usdt,2021-03-23,40210478983,defillama
stable_usdt,2021-03-24,40210478983,defillama
stable_usdt,2021-03-25,40210478983,defillama
stable_usdt,2021-03-26,40210478983,defillama
stable_usdt,2021-03-27,41010478983,defillama
stable_usdt,2021-03-28,41010478983,defillama
stable_usdt,2021-03-29,41010478983,defillama
stable_usdt,2021-03-30,41010478983,defillama
stable_usdt,2021-03-31,41010478983,defillama
stable_usdt,2021-04-01,42210478983,defillama
stable_usdt,2021-04-02,42210478983,defillama
stable_usdt,2021-04-03,42210478983,defillama
stable_usdt,2021-04-04,42210478983,defillama
stable_usdt,2021-04-05,42210478983,defillama
stable_usdt,2021-04-06,43410478983,defillama
stable_usdt,2021-04-07,43410478983,defillama
stable_usdt,2021-04-08,44410478983,defillama
stable_usdt,2021-04-09,44410478983,defillama
stable_usdt,2021-04-10,44410478983,defillama
stable_usdt,2021-04-11,44410478983,defillama
stable_usdt,2021-04-12,45410478983,defillama
stable_usdt,2021-04-13,45410478983,defillama
stable_usdt,2021-04-14,47410478983,defillama
stable_usdt,2021-04-15,47410478983,defillama
stable_usdt,2021-04-16,47410478983,defillama
stable_usdt,2021-04-17,48410478983,defillama
stable_usdt,2021-04-18,48410478983,defillama
stable_usdt,2021-04-19,50410478983,defillama
stable_usdt,2021-04-20,50410478983,defillama
stable_usdt,2021-04-21,50410478984,defillama
stable_usdt,2021-04-22,50410478984,defillama
stable_usdt,2021-04-23,50410478984,defillama
stable_usdt,2021-04-24,50410478984,defillama
stable_usdt,2021-04-25,50410478984,defillama
stable_usdt,2021-04-26,50410478984,defillama
stable_usdt,2021-04-27,50410478984,defillama
stable_usdt,2021-04-28,50410478984,defillama
stable_usdt,2021-04-29,50910478984,defillama
stable_usdt,2021-04-30,50910478984,defillama
stable_usdt,2021-05-01,51910478984,defillama
stable_usdt,2021-05-02,51910478984,defillama
stable_usdt,2021-05-03,52910478984,defillama
stable_usdt,2021-05-04,52910478984,defillama
stable_usdt,2021-05-05,54910478984,defillama
stable_usdt,2021-05-06,54910478984,defillama
stable_usdt,2021-05-07,54910478984,defillama
stable_usdt,2021-05-08,54910478984,defillama
stable_usdt,2021-05-09,54910478984,defillama
stable_usdt,2021-05-10,55910478984,defillama
stable_usdt,2021-05-11,56910478984,defillama
stable_usdt,2021-05-12,57910478984,defillama
stable_usdt,2021-05-13,57910478984,defillama
stable_usdt,2021-05-14,57910478984,defillama
stable_usdt,2021-05-15,57910478984,defillama
stable_usdt,2021-05-16,57910478984,defillama
stable_usdt,2021-05-17,57910478984,defillama
stable_usdt,2021-05-18,58910478984,defillama
stable_usdt,2021-05-19,58910478984,defillama
stable_usdt,2021-05-20,58910478984,defillama
stable_usdt,2021-05-21,58910478984,defillama
stable_usdt,2021-05-22,59910478984,defillama
stable_usdt,2021-05-23,59910478984,defillama
stable_usdt,2021-05-24,60910478984,defillama
stable_usdt,2021-05-25,60910478984,defillama
stable_usdt,2021-05-26,60910478984,defillama
stable_usdt,2021-05-27,60910478984,defillama
stable_usdt,2021-05-28,61910478984,defillama
stable_usdt,2021-05-29,61910478984,defillama
stable_usdt,2021-05-30,61910478984,defillama
stable_usdt,2021-05-31,59910478984,defillama
stable_usdt,2021-06-01,62910478984,defillama
stable_usdt,2021-06-02,62910478984,defillama
stable_usdt,2021-06-03,62910478984,defillama
stable_usdt,2021-06-04,62910478984,defillama
stable_usdt,2021-06-05,62910478984,defillama
stable_usdt,2021-06-06,62910478984,defillama
stable_usdt,2021-06-07,62909700685,defillama
stable_usdt,2021-06-08,62905955597,defillama
stable_usdt,2021-06-09,62905955597,defillama
stable_usdt,2021-06-10,62905955597,defillama
stable_usdt,2021-06-11,62905955597,defillama
stable_usdt,2021-06-12,62905955597,defillama
stable_usdt,2021-06-13,62905955597,defillama
stable_usdt,2021-06-14,62905955597,defillama
stable_usdt,2021-06-15,62905955597,defillama
stable_usdt,2021-06-16,62905955597,defillama
stable_usdt,2021-06-17,62905955597,defillama
stable_usdt,2021-06-18,62905955597,defillama
stable_usdt,2021-06-19,62905955597,defillama
stable_usdt,2021-06-20,62905955597,defillama
stable_usdt,2021-06-21,62905955597,defillama
stable_usdt,2021-06-22,62905955597,defillama
stable_usdt,2021-06-23,62905955597,defillama
stable_usdt,2021-06-24,62905955597,defillama
stable_usdt,2021-06-25,62905955597,defillama
stable_usdt,2021-06-26,62905955597,defillama
stable_usdt,2021-06-27,62905955597,defillama
stable_usdt,2021-06-28,62905955597,defillama
stable_usdt,2021-06-29,62905955597,defillama
stable_usdt,2021-06-30,62905955597,defillama
stable_usdt,2021-07-01,62905955597,defillama
stable_usdt,2021-07-02,62905955597,defillama
stable_usdt,2021-07-03,62905955597,defillama
stable_usdt,2021-07-04,62903955597,defillama
stable_usdt,2021-07-05,62903955597,defillama
stable_usdt,2021-07-06,62903955597,defillama
stable_usdt,2021-07-07,62903955597,defillama
stable_usdt,2021-07-08,62903955597,defillama
stable_usdt,2021-07-09,62903955597,defillama
stable_usdt,2021-07-10,62903955597,defillama
stable_usdt,2021-07-11,62903955597,defillama
stable_usdt,2021-07-12,62903955597,defillama
stable_usdt,2021-07-13,62903955597,defillama
stable_usdt,2021-07-14,62903955597,defillama
stable_usdt,2021-07-15,62903955597,defillama
stable_usdt,2021-07-16,62903955597,defillama
stable_usdt,2021-07-17,62903955597,defillama
stable_usdt,2021-07-18,62903955597,defillama
stable_usdt,2021-07-19,62903955597,defillama
stable_usdt,2021-07-20,62903955597,defillama
stable_usdt,2021-07-21,62903955597,defillama
stable_usdt,2021-07-22,62903955597,defillama
stable_usdt,2021-07-23,62903955597,defillama
stable_usdt,2021-07-24,62903925765,defillama
stable_usdt,2021-07-25,62903925765,defillama
stable_usdt,2021-07-26,62903925765,defillama
stable_usdt,2021-07-27,62903925765,defillama
stable_usdt,2021-07-28,62903925765,defillama
stable_usdt,2021-07-29,62903925765,defillama
stable_usdt,2021-07-30,62903925765,defillama
stable_usdt,2021-07-31,62903925765,defillama
stable_usdt,2021-08-01,62903925765,defillama
stable_usdt,2021-08-02,62903925765,defillama
stable_usdt,2021-08-03,62903925765,defillama
stable_usdt,2021-08-04,62903925765,defillama
stable_usdt,2021-08-05,61903638976,defillama
stable_usdt,2021-08-06,61903035039,defillama
stable_usdt,2021-08-07,61903035039,defillama
stable_usdt,2021-08-08,62903035039,defillama
stable_usdt,2021-08-09,62903035039,defillama
stable_usdt,2021-08-10,62903035039,defillama
stable_usdt,2021-08-11,62903035039,defillama
stable_usdt,2021-08-12,62903035039,defillama
stable_usdt,2021-08-13,62903035039,defillama
stable_usdt,2021-08-14,62903035039,defillama
stable_usdt,2021-08-15,63903035039,defillama
stable_usdt,2021-08-16,63903035039,defillama
stable_usdt,2021-08-17,63903035039,defillama
stable_usdt,2021-08-18,63903035039,defillama
stable_usdt,2021-08-19,63903035039,defillama
stable_usdt,2021-08-20,63903035039,defillama
stable_usdt,2021-08-21,64903035039,defillama
stable_usdt,2021-08-22,64903035039,defillama
stable_usdt,2021-08-23,65903035039,defillama
stable_usdt,2021-08-24,63903035039,defillama
stable_usdt,2021-08-25,65903035039,defillama
stable_usdt,2021-08-26,65867856076,defillama
stable_usdt,2021-08-27,65866273216,defillama
stable_usdt,2021-08-28,65866273216,defillama
stable_usdt,2021-08-29,65866273216,defillama
stable_usdt,2021-08-30,65866273216,defillama
stable_usdt,2021-08-31,65866273216,defillama
stable_usdt,2021-09-01,65866273216,defillama
stable_usdt,2021-09-02,65866273216,defillama
stable_usdt,2021-09-03,66866273216,defillama
stable_usdt,2021-09-04,66866273216,defillama
stable_usdt,2021-09-05,66866273216,defillama
stable_usdt,2021-09-06,67866273216,defillama
stable_usdt,2021-09-07,69866273216,defillama
stable_usdt,2021-09-08,69866273216,defillama
stable_usdt,2021-09-09,69866273216,defillama
stable_usdt,2021-09-10,69866273216,defillama
stable_usdt,2021-09-11,69866273216,defillama
stable_usdt,2021-09-12,69866273216,defillama
stable_usdt,2021-09-13,69866273216,defillama
stable_usdt,2021-09-14,69866273216,defillama
stable_usdt,2021-09-15,69854865455,defillama
stable_usdt,2021-09-16,69854865455,defillama
stable_usdt,2021-09-17,69854865455,defillama
stable_usdt,2021-09-18,69854865455,defillama
stable_usdt,2021-09-19,69854866565,defillama
stable_usdt,2021-09-20,69854867148,defillama
stable_usdt,2021-09-21,69854866237,defillama
stable_usdt,2021-09-22,69854866237,defillama
stable_usdt,2021-09-23,69854866237,defillama
stable_usdt,2021-09-24,69854866677,defillama
stable_usdt,2021-09-25,69854866777,defillama
stable_usdt,2021-09-26,69854866826,defillama
stable_usdt,2021-09-27,69854866829,defillama
stable_usdt,2021-09-28,69854867329,defillama
stable_usdt,2021-09-29,69854866928,defillama
stable_usdt,2021-09-30,69854866928,defillama
stable_usdt,2021-10-01,69854866948,defillama
stable_usdt,2021-10-02,69854866961,defillama
stable_usdt,2021-10-03,69854867398,defillama
stable_usdt,2021-10-04,69854867416,defillama
stable_usdt,2021-10-05,69854867916,defillama
stable_usdt,2021-10-06,69854867916,defillama
stable_usdt,2021-10-07,69854868849,defillama
stable_usdt,2021-10-08,69854868949,defillama
stable_usdt,2021-10-09,69854868949,defillama
stable_usdt,2021-10-10,69854868949,defillama
stable_usdt,2021-10-11,69854869292,defillama
stable_usdt,2021-10-12,69854869385,defillama
stable_usdt,2021-10-13,69854868418,defillama
stable_usdt,2021-10-14,69854868510,defillama
stable_usdt,2021-10-15,69854868514,defillama
stable_usdt,2021-10-16,69854868220,defillama
stable_usdt,2021-10-17,69854868215,defillama
stable_usdt,2021-10-18,69854868216,defillama
stable_usdt,2021-10-19,69854868235,defillama
stable_usdt,2021-10-20,69851688810,defillama
stable_usdt,2021-10-21,69851687895,defillama
stable_usdt,2021-10-22,69827036382,defillama
stable_usdt,2021-10-23,69827036366,defillama
stable_usdt,2021-10-24,69827036480,defillama
stable_usdt,2021-10-25,69827036293,defillama
stable_usdt,2021-10-26,69827036429,defillama
stable_usdt,2021-10-27,69827037411,defillama
stable_usdt,2021-10-28,69827037345,defillama
stable_usdt,2021-10-29,69827041933,defillama
stable_usdt,2021-10-30,69827037366,defillama
stable_usdt,2021-10-31,69827038133,defillama
stable_usdt,2021-11-01,69827036482,defillama
stable_usdt,2021-11-02,70827036542,defillama
stable_usdt,2021-11-03,70827066350,defillama
stable_usdt,2021-11-04,70827038739,defillama
stable_usdt,2021-11-05,71827038872,defillama
stable_usdt,2021-11-06,72827041833,defillama
stable_usdt,2021-11-07,72827040355,defillama
stable_usdt,2021-11-08,73827043696,defillama
stable_usdt,2021-11-09,72826247458,defillama
stable_usdt,2021-11-10,74826247595,defillama
stable_usdt,2021-11-11,74827256205,defillama
stable_usdt,2021-11-12,74827254378,defillama
stable_usdt,2021-11-13,74827254413,defillama
stable_usdt,2021-11-14,74827267246,defillama
stable_usdt,2021-11-15,74827248400,defillama
stable_usdt,2021-11-16,74827248042,defillama
stable_usdt,2021-11-17,74827248495,defillama
stable_usdt,2021-11-18,74828257862,defillama
stable_usdt,2021-11-19,74829258657,defillama
stable_usdt,2021-11-20,74830266435,defillama
stable_usdt,2021-11-21,74830281044,defillama
stable_usdt,2021-11-22,74830286300,defillama
stable_usdt,2021-11-23,74830333625,defillama
stable_usdt,2021-11-24,74830359667,defillama
stable_usdt,2021-11-25,74825327934,defillama
stable_usdt,2021-11-26,75825324253,defillama
stable_usdt,2021-11-27,75825372956,defillama
stable_usdt,2021-11-28,75825215934,defillama
stable_usdt,2021-11-29,75825282561,defillama
stable_usdt,2021-11-30,74825288076,defillama
stable_usdt,2021-12-01,74825304935,defillama
stable_usdt,2021-12-02,74825346385,defillama
stable_usdt,2021-12-03,74825349042,defillama
stable_usdt,2021-12-04,75825357980,defillama
stable_usdt,2021-12-05,76825212404,defillama
stable_usdt,2021-12-06,76825217045,defillama
stable_usdt,2021-12-07,77825497682,defillama
stable_usdt,2021-12-08,77825511845,defillama
stable_usdt,2021-12-09,75826548664,defillama
stable_usdt,2021-12-10,77826563879,defillama
stable_usdt,2021-12-11,77826566388,defillama
stable_usdt,2021-12-12,77826583952,defillama
stable_usdt,2021-12-13,77826576923,defillama
stable_usdt,2021-12-14,77826582576,defillama
stable_usdt,2021-12-15,78826668918,defillama
stable_usdt,2021-12-16,78826503907,defillama
stable_usdt,2021-12-17,78826506202,defillama
stable_usdt,2021-12-18,78826510608,defillama
stable_usdt,2021-12-19,78826516825,defillama
stable_usdt,2021-12-20,78826515056,defillama
stable_usdt,2021-12-21,78826513846,defillama
stable_usdt,2021-12-22,78826518047,defillama
stable_usdt,2021-12-23,77326660026,defillama
stable_usdt,2021-12-24,77326526474,defillama
stable_usdt,2021-12-25,77326549331,defillama
stable_usdt,2021-12-26,77326548012,defillama
stable_usdt,2021-12-27,78326568755,defillama
stable_usdt,2021-12-28,78326826932,defillama
stable_usdt,2021-12-29,78326603400,defillama
stable_usdt,2021-12-30,78326516689,defillama
stable_usdt,2021-12-31,79326548035,defillama
stable_usdt,2022-01-01,79326554298,defillama
stable_usdt,2022-01-02,78778422990,defillama
stable_usdt,2022-01-03,78481342990,defillama
stable_usdt,2022-01-04,78388221317,defillama
stable_usdt,2022-01-05,78502373121,defillama
stable_usdt,2022-01-06,78772213379,defillama
stable_usdt,2022-01-07,78639572254,defillama
stable_usdt,2022-01-08,78498478180,defillama
stable_usdt,2022-01-09,78296609765,defillama
stable_usdt,2022-01-10,78054241928,defillama
stable_usdt,2022-01-11,78481657327,defillama
stable_usdt,2022-01-12,78555065237,defillama
stable_usdt,2022-01-13,78482021770,defillama
stable_usdt,2022-01-14,78355483483,defillama
stable_usdt,2022-01-15,78464443412,defillama
stable_usdt,2022-01-16,78324639023,defillama
stable_usdt,2022-01-17,78423364533,defillama
stable_usdt,2022-01-18,78444685550,defillama
stable_usdt,2022-01-19,78383467334,defillama
stable_usdt,2022-01-20,78380618748,defillama
stable_usdt,2022-01-21,78282598757,defillama
stable_usdt,2022-01-22,78144826788,defillama
stable_usdt,2022-01-23,78448336905,defillama
stable_usdt,2022-01-24,78310182894,defillama
stable_usdt,2022-01-25,78669518056,defillama
stable_usdt,2022-01-26,78269272661,defillama
stable_usdt,2022-01-27,78752828372,defillama
stable_usdt,2022-01-28,78718773466,defillama
stable_usdt,2022-01-29,78249351193,defillama
stable_usdt,2022-01-30,78366901631,defillama
stable_usdt,2022-01-31,78198382293,defillama
stable_usdt,2022-02-01,78062781790,defillama
stable_usdt,2022-02-02,78016936425,defillama
stable_usdt,2022-02-03,78038075904,defillama
stable_usdt,2022-02-04,78064010106,defillama
stable_usdt,2022-02-05,78063205577,defillama
stable_usdt,2022-02-06,78062854578,defillama
stable_usdt,2022-02-07,78163472784,defillama
stable_usdt,2022-02-08,78096593702,defillama
stable_usdt,2022-02-09,78040221425,defillama
stable_usdt,2022-02-10,78012911279,defillama
stable_usdt,2022-02-11,78515301962,defillama
stable_usdt,2022-02-12,78510632875,defillama
stable_usdt,2022-02-13,78531121017,defillama
stable_usdt,2022-02-14,78636273860,defillama
stable_usdt,2022-02-15,78558940144,defillama
stable_usdt,2022-02-16,78623518666,defillama
stable_usdt,2022-02-17,78732790424,defillama
stable_usdt,2022-02-18,78772769798,defillama
stable_usdt,2022-02-19,78727591077,defillama
stable_usdt,2022-02-20,79138436958,defillama
stable_usdt,2022-02-21,79163080615,defillama
stable_usdt,2022-02-22,79390647858,defillama
stable_usdt,2022-02-23,79377609211,defillama
stable_usdt,2022-02-24,79629945704,defillama
stable_usdt,2022-02-25,79631571239,defillama
stable_usdt,2022-02-26,79474403713,defillama
stable_usdt,2022-02-27,79679402405,defillama
stable_usdt,2022-02-28,79854422104,defillama
stable_usdt,2022-03-01,79537958060,defillama
stable_usdt,2022-03-02,79425591344,defillama
stable_usdt,2022-03-03,79854759317,defillama
stable_usdt,2022-03-04,79609484426,defillama
stable_usdt,2022-03-05,79843809462,defillama
stable_usdt,2022-03-06,79862020238,defillama
stable_usdt,2022-03-07,80091190392,defillama
stable_usdt,2022-03-08,79896920564,defillama
stable_usdt,2022-03-09,80070927071,defillama
stable_usdt,2022-03-10,80044018130,defillama
stable_usdt,2022-03-11,80042053180,defillama
stable_usdt,2022-03-12,80132712134,defillama
stable_usdt,2022-03-13,80116438308,defillama
stable_usdt,2022-03-14,80129528500,defillama
stable_usdt,2022-03-15,80072305020,defillama
stable_usdt,2022-03-16,80062438312,defillama
stable_usdt,2022-03-17,80082861271,defillama
stable_usdt,2022-03-18,80158683653,defillama
stable_usdt,2022-03-19,80532285250,defillama
stable_usdt,2022-03-20,80740243739,defillama
stable_usdt,2022-03-21,80827449077,defillama
stable_usdt,2022-03-22,80724926155,defillama
stable_usdt,2022-03-23,80845440415,defillama
stable_usdt,2022-03-24,80751116254,defillama
stable_usdt,2022-03-25,80927589777,defillama
stable_usdt,2022-03-26,81291023435,defillama
stable_usdt,2022-03-27,81304845677,defillama
stable_usdt,2022-03-28,81196385911,defillama
stable_usdt,2022-03-29,81349955673,defillama
stable_usdt,2022-03-30,81664851060,defillama
stable_usdt,2022-03-31,81930453189,defillama
stable_usdt,2022-04-01,82044965080,defillama
stable_usdt,2022-04-02,82105881308,defillama
stable_usdt,2022-04-03,82272678352,defillama
stable_usdt,2022-04-04,82388674421,defillama
stable_usdt,2022-04-05,82449008616,defillama
stable_usdt,2022-04-06,82412689459,defillama
stable_usdt,2022-04-07,82422893105,defillama
stable_usdt,2022-04-08,82509660677,defillama
stable_usdt,2022-04-09,82582177981,defillama
stable_usdt,2022-04-10,82608650899,defillama
stable_usdt,2022-04-11,82714703438,defillama
stable_usdt,2022-04-12,82634863680,defillama
stable_usdt,2022-04-13,82881751671,defillama
stable_usdt,2022-04-14,82736682157,defillama
stable_usdt,2022-04-15,82795954521,defillama
stable_usdt,2022-04-16,82766275586,defillama
stable_usdt,2022-04-17,82797938661,defillama
stable_usdt,2022-04-18,82811298303,defillama
stable_usdt,2022-04-19,82792973865,defillama
stable_usdt,2022-04-20,82787027489,defillama
stable_usdt,2022-04-21,83021908772,defillama
stable_usdt,2022-04-22,83120398074,defillama
stable_usdt,2022-04-23,83182809348,defillama
stable_usdt,2022-04-24,83198500617,defillama
stable_usdt,2022-04-25,83221428016,defillama
stable_usdt,2022-04-26,83139688331,defillama
stable_usdt,2022-04-27,83214573094,defillama
stable_usdt,2022-04-28,83154011772,defillama
stable_usdt,2022-04-29,83139556788,defillama
stable_usdt,2022-04-30,83229249235,defillama
stable_usdt,2022-05-01,83424696945,defillama
stable_usdt,2022-05-02,83267550080,defillama
stable_usdt,2022-05-03,83147512568,defillama
stable_usdt,2022-05-04,83241023586,defillama
stable_usdt,2022-05-05,83185453774,defillama
stable_usdt,2022-05-06,83270750871,defillama
stable_usdt,2022-05-07,83284503885,defillama
stable_usdt,2022-05-08,83355823233,defillama
stable_usdt,2022-05-09,83246318700,defillama
stable_usdt,2022-05-10,83173635948,defillama
stable_usdt,2022-05-11,82690895711,defillama
stable_usdt,2022-05-12,79485744715,defillama
stable_usdt,2022-05-13,79485744715,defillama
stable_usdt,2022-05-14,76734593140,defillama
stable_usdt,2022-05-15,75778562416,defillama
stable_usdt,2022-05-16,75778562416,defillama
stable_usdt,2022-05-17,75778562416,defillama
stable_usdt,2022-05-18,74235444120,defillama
stable_usdt,2022-05-19,74239609934,defillama
stable_usdt,2022-05-20,74227359934,defillama
stable_usdt,2022-05-21,73301536761,defillama
stable_usdt,2022-05-22,73301536752,defillama
stable_usdt,2022-05-23,73301536752,defillama
stable_usdt,2022-05-24,73301536751,defillama
stable_usdt,2022-05-25,73301536751,defillama
stable_usdt,2022-05-26,73301536751,defillama
stable_usdt,2022-05-27,73301737670,defillama
stable_usdt,2022-05-28,72563691346,defillama
stable_usdt,2022-05-29,72563691346,defillama
stable_usdt,2022-05-30,72563691346,defillama
stable_usdt,2022-05-31,72563691346,defillama
stable_usdt,2022-06-01,72564891346,defillama
stable_usdt,2022-06-02,72643774670,defillama
stable_usdt,2022-06-03,72564891346,defillama
stable_usdt,2022-06-04,72569891345,defillama
stable_usdt,2022-06-05,72569891345,defillama
stable_usdt,2022-06-06,72569891345,defillama
stable_usdt,2022-06-07,72446991345,defillama
stable_usdt,2022-06-08,72446991345,defillama
stable_usdt,2022-06-09,72456991345,defillama
stable_usdt,2022-06-10,72523923241,defillama
stable_usdt,2022-06-11,72521423239,defillama
stable_usdt,2022-06-12,72521423239,defillama
stable_usdt,2022-06-13,72320423093,defillama
stable_usdt,2022-06-14,71625572083,defillama
stable_usdt,2022-06-15,70896956466,defillama
stable_usdt,2022-06-16,70065257821,defillama
stable_usdt,2022-06-17,69250758856,defillama
stable_usdt,2022-06-18,68257437389,defillama
stable_usdt,2022-06-19,68199671483,defillama
stable_usdt,2022-06-20,67950741493,defillama
stable_usdt,2022-06-21,67521526405,defillama
stable_usdt,2022-06-22,67007466804,defillama
stable_usdt,2022-06-23,67006166804,defillama
stable_usdt,2022-06-24,67003866803,defillama
stable_usdt,2022-06-25,66893892036,defillama
stable_usdt,2022-06-26,66893892036,defillama
stable_usdt,2022-06-27,66893702036,defillama
stable_usdt,2022-06-28,66861361158,defillama
stable_usdt,2022-06-29,66851361158,defillama
stable_usdt,2022-06-30,66535427995,defillama
stable_usdt,2022-07-01,66352543726,defillama
stable_usdt,2022-07-02,66705660402,defillama
stable_usdt,2022-07-03,66703760402,defillama
stable_usdt,2022-07-04,66554981805,defillama
stable_usdt,2022-07-05,66516981805,defillama
stable_usdt,2022-07-06,66467721853,defillama
stable_usdt,2022-07-07,66467721853,defillama
stable_usdt,2022-07-08,66465721853,defillama
stable_usdt,2022-07-09,66464371853,defillama
stable_usdt,2022-07-10,66464371853,defillama
stable_usdt,2022-07-11,66464371853,defillama
stable_usdt,2022-07-12,66464371853,defillama
stable_usdt,2022-07-13,66424371853,defillama
stable_usdt,2022-07-14,66404371853,defillama
stable_usdt,2022-07-15,66349759464,defillama
stable_usdt,2022-07-16,66349759464,defillama
stable_usdt,2022-07-17,66349759464,defillama
stable_usdt,2022-07-18,66369719504,defillama
stable_usdt,2022-07-19,66339719504,defillama
stable_usdt,2022-07-20,66319719504,defillama
stable_usdt,2022-07-21,66319719504,defillama
stable_usdt,2022-07-22,66284219403,defillama
stable_usdt,2022-07-23,66284219403,defillama
stable_usdt,2022-07-24,66284219403,defillama
stable_usdt,2022-07-25,66289219402,defillama
stable_usdt,2022-07-26,66289219402,defillama
stable_usdt,2022-07-27,66289219401,defillama
stable_usdt,2022-07-28,66279219400,defillama
stable_usdt,2022-07-29,66366919400,defillama
stable_usdt,2022-07-30,66489919400,defillama
stable_usdt,2022-07-31,66630919400,defillama
stable_usdt,2022-08-01,66630919400,defillama
stable_usdt,2022-08-02,66740569600,defillama
stable_usdt,2022-08-03,66845569599,defillama
stable_usdt,2022-08-04,66859367154,defillama
stable_usdt,2022-08-05,66909367154,defillama
stable_usdt,2022-08-06,66909367154,defillama
stable_usdt,2022-08-07,66909367154,defillama
stable_usdt,2022-08-08,66909367153,defillama
stable_usdt,2022-08-09,66909367153,defillama
stable_usdt,2022-08-10,66950804389,defillama
stable_usdt,2022-08-11,67190804388,defillama
stable_usdt,2022-08-12,67332804384,defillama
stable_usdt,2022-08-13,67470804384,defillama
stable_usdt,2022-08-14,67717804384,defillama
stable_usdt,2022-08-15,67409100679,defillama
stable_usdt,2022-08-16,67560100679,defillama
stable_usdt,2022-08-17,67560100679,defillama
stable_usdt,2022-08-18,67543600679,defillama
stable_usdt,2022-08-19,67543600678,defillama
stable_usdt,2022-08-20,67543700675,defillama
stable_usdt,2022-08-21,67543700675,defillama
stable_usdt,2022-08-22,67543700675,defillama
stable_usdt,2022-08-23,67543700675,defillama
stable_usdt,2022-08-24,67543700675,defillama
stable_usdt,2022-08-25,67543700675,defillama
stable_usdt,2022-08-26,67637693999,defillama
stable_usdt,2022-08-27,67543810675,defillama
stable_usdt,2022-08-28,67543810675,defillama
stable_usdt,2022-08-29,67543810675,defillama
stable_usdt,2022-08-30,67548911675,defillama
stable_usdt,2022-08-31,67548911675,defillama
stable_usdt,2022-09-01,67549551675,defillama
stable_usdt,2022-09-02,67549551675,defillama
stable_usdt,2022-09-03,67549551675,defillama
stable_usdt,2022-09-04,67549551675,defillama
stable_usdt,2022-09-05,67549551675,defillama
stable_usdt,2022-09-06,67544851675,defillama
stable_usdt,2022-09-07,67544851675,defillama
stable_usdt,2022-09-08,67544851675,defillama
stable_usdt,2022-09-09,67545351175,defillama
stable_usdt,2022-09-10,67545351175,defillama
stable_usdt,2022-09-11,67651351175,defillama
stable_usdt,2022-09-12,67723351175,defillama
stable_usdt,2022-09-13,67817481045,defillama
stable_usdt,2022-09-14,67882481045,defillama
stable_usdt,2022-09-15,67880481045,defillama
stable_usdt,2022-09-16,67920586030,defillama
stable_usdt,2022-09-17,67920695920,defillama
stable_usdt,2022-09-18,67920695918,defillama
stable_usdt,2022-09-19,67920695918,defillama
stable_usdt,2022-09-20,67950695918,defillama
stable_usdt,2022-09-21,67959715798,defillama
stable_usdt,2022-09-22,67966741908,defillama
stable_usdt,2022-09-23,67951850744,defillama
stable_usdt,2022-09-24,67949850742,defillama
stable_usdt,2022-09-25,67949850742,defillama
stable_usdt,2022-09-26,67949850742,defillama
stable_usdt,2022-09-27,67951354338,defillama
stable_usdt,2022-09-28,67951354336,defillama
stable_usdt,2022-09-29,67951354336,defillama
stable_usdt,2022-09-30,67951354326,defillama
stable_usdt,2022-10-01,67944572025,defillama
stable_usdt,2022-10-02,67944572025,defillama
stable_usdt,2022-10-03,67944572025,defillama
stable_usdt,2022-10-04,67944722036,defillama
stable_usdt,2022-10-05,68057722036,defillama
stable_usdt,2022-10-06,68207722035,defillama
stable_usdt,2022-10-07,68218071686,defillama
stable_usdt,2022-10-08,68328206686,defillama
stable_usdt,2022-10-09,68367006686,defillama
stable_usdt,2022-10-10,68367006686,defillama
stable_usdt,2022-10-11,68417006686,defillama
stable_usdt,2022-10-12,68417006686,defillama
stable_usdt,2022-10-13,68417006686,defillama
stable_usdt,2022-10-14,68417606686,defillama
stable_usdt,2022-10-15,68427706686,defillama
stable_usdt,2022-10-16,68427706686,defillama
stable_usdt,2022-10-17,68427706685,defillama
stable_usdt,2022-10-18,68437706685,defillama
stable_usdt,2022-10-19,68447706685,defillama
stable_usdt,2022-10-20,68447706562,defillama
stable_usdt,2022-10-21,68447806562,defillama
stable_usdt,2022-10-22,68448256112,defillama
stable_usdt,2022-10-23,68448256112,defillama
stable_usdt,2022-10-24,68448256112,defillama
stable_usdt,2022-10-25,68468256112,defillama
stable_usdt,2022-10-26,68509056112,defillama
stable_usdt,2022-10-27,68715726112,defillama
stable_usdt,2022-10-28,68882440613,defillama
stable_usdt,2022-10-29,68972240613,defillama
stable_usdt,2022-10-30,69098240613,defillama
stable_usdt,2022-10-31,69258582034,defillama
stable_usdt,2022-11-01,69415082044,defillama
stable_usdt,2022-11-02,69349642963,defillama
stable_usdt,2022-11-03,69345491008,defillama
stable_usdt,2022-11-04,69345840658,defillama
stable_usdt,2022-11-05,69355840658,defillama
stable_usdt,2022-11-06,69421840658,defillama
stable_usdt,2022-11-07,69421840658,defillama
stable_usdt,2022-11-08,69514640653,defillama
stable_usdt,2022-11-09,69853060833,defillama
stable_usdt,2022-11-10,68261959893,defillama
stable_usdt,2022-11-11,68261959893,defillama
stable_usdt,2022-11-12,67410067070,defillama
stable_usdt,2022-11-13,66458360239,defillama
stable_usdt,2022-11-14,66372513988,defillama
stable_usdt,2022-11-15,66048734131,defillama
stable_usdt,2022-11-16,65960834131,defillama
stable_usdt,2022-11-17,65934833971,defillama
stable_usdt,2022-11-18,65934833971,defillama
stable_usdt,2022-11-19,65935083722,defillama
stable_usdt,2022-11-20,65878083722,defillama
stable_usdt,2022-11-21,65875083722,defillama
stable_usdt,2022-11-22,65496800213,defillama
stable_usdt,2022-11-23,65498800213,defillama
stable_usdt,2022-11-24,65352699103,defillama
stable_usdt,2022-11-25,65352829103,defillama
stable_usdt,2022-11-26,65352829103,defillama
stable_usdt,2022-11-27,65352829103,defillama
stable_usdt,2022-11-28,65352829103,defillama
stable_usdt,2022-11-29,65352829103,defillama
stable_usdt,2022-11-30,65282829103,defillama
stable_usdt,2022-12-01,65352829103,defillama
stable_usdt,2022-12-02,65352829103,defillama
stable_usdt,2022-12-03,65434579462,defillama
stable_usdt,2022-12-04,65486363712,defillama
stable_usdt,2022-12-05,65486363712,defillama
stable_usdt,2022-12-06,65566863712,defillama
stable_usdt,2022-12-07,65675363712,defillama
stable_usdt,2022-12-08,65675362712,defillama
stable_usdt,2022-12-09,65697842712,defillama
stable_usdt,2022-12-10,65698342212,defillama
stable_usdt,2022-12-11,65698342212,defillama
stable_usdt,2022-12-12,65698342212,defillama
stable_usdt,2022-12-13,65782208212,defillama
stable_usdt,2022-12-14,65977518212,defillama
stable_usdt,2022-12-15,65962268212,defillama
stable_usdt,2022-12-16,66030168212,defillama
stable_usdt,2022-12-17,66042368212,defillama
stable_usdt,2022-12-18,66147253212,defillama
stable_usdt,2022-12-19,66147253212,defillama
stable_usdt,2022-12-20,66200693212,defillama
stable_usdt,2022-12-21,66233093212,defillama
stable_usdt,2022-12-22,66237845405,defillama
stable_usdt,2022-12-23,66237845405,defillama
stable_usdt,2022-12-24,66237795405,defillama
stable_usdt,2022-12-25,66237795405,defillama
stable_usdt,2022-12-26,66237795405,defillama
stable_usdt,2022-12-27,66240295405,defillama
stable_usdt,2022-12-28,66240295405,defillama
stable_usdt,2022-12-29,66247817799,defillama
stable_usdt,2022-12-30,66256361891,defillama
stable_usdt,2022-12-31,66256361891,defillama
stable_usdt,2023-01-01,66256361891,defillama
stable_usdt,2023-01-02,66256361891,defillama
stable_usdt,2023-01-03,66256361891,defillama
stable_usdt,2023-01-04,66256361891,defillama
stable_usdt,2023-01-05,66256361891,defillama
stable_usdt,2023-01-06,66265138847,defillama
stable_usdt,2023-01-07,66265138847,defillama
stable_usdt,2023-01-08,66265138847,defillama
stable_usdt,2023-01-09,66265138847,defillama
stable_usdt,2023-01-10,66265138847,defillama
stable_usdt,2023-01-11,66265235155,defillama
stable_usdt,2023-01-12,66265235023,defillama
stable_usdt,2023-01-13,66265234655,defillama
stable_usdt,2023-01-14,66265234518,defillama
stable_usdt,2023-01-15,66348034455,defillama
stable_usdt,2023-01-16,66348038279,defillama
stable_usdt,2023-01-17,66477485277,defillama
stable_usdt,2023-01-18,66477485276,defillama
stable_usdt,2023-01-19,66477485276,defillama
stable_usdt,2023-01-20,66477485276,defillama
stable_usdt,2023-01-21,66477485276,defillama
stable_usdt,2023-01-22,66690157269,defillama
stable_usdt,2023-01-23,66736957267,defillama
stable_usdt,2023-01-24,66847026263,defillama
stable_usdt,2023-01-25,67025890257,defillama
stable_usdt,2023-01-26,67181010253,defillama
stable_usdt,2023-01-27,67317930248,defillama
stable_usdt,2023-01-28,67497094240,defillama
stable_usdt,2023-01-29,67612864237,defillama
stable_usdt,2023-01-30,67768684232,defillama
stable_usdt,2023-01-31,67803984798,defillama
stable_usdt,2023-02-01,67785626780,defillama
stable_usdt,2023-02-02,67807926779,defillama
stable_usdt,2023-02-03,68021246768,defillama
stable_usdt,2023-02-04,68021246768,defillama
stable_usdt,2023-02-05,68057281686,defillama
stable_usdt,2023-02-06,68057281686,defillama
stable_usdt,2023-02-07,68175431684,defillama
stable_usdt,2023-02-08,68175031684,defillama
stable_usdt,2023-02-09,68175031684,defillama
stable_usdt,2023-02-10,68177031683,defillama
stable_usdt,2023-02-11,68312091683,defillama
stable_usdt,2023-02-12,68379291680,defillama
stable_usdt,2023-02-13,68404291680,defillama
stable_usdt,2023-02-14,69122316678,defillama
stable_usdt,2023-02-15,69484915674,defillama
stable_usdt,2023-02-16,69778380670,defillama
stable_usdt,2023-02-17,70146890659,defillama
stable_usdt,2023-02-18,70286590658,defillama
stable_usdt,2023-02-19,70395855657,defillama
stable_usdt,2023-02-20,70395855657,defillama
stable_usdt,2023-02-21,70432115656,defillama
stable_usdt,2023-02-22,70452425653,defillama
stable_usdt,2023-02-23,70583245569,defillama
stable_usdt,2023-02-24,70680398565,defillama
stable_usdt,2023-02-25,70790878484,defillama
stable_usdt,2023-02-26,70839528483,defillama
stable_usdt,2023-02-27,70876378483,defillama
stable_usdt,2023-02-28,70919778481,defillama
stable_usdt,2023-03-01,70961078475,defillama
stable_usdt,2023-03-02,71055458455,defillama
stable_usdt,2023-03-03,71109278154,defillama
stable_usdt,2023-03-04,71351777828,defillama
stable_usdt,2023-03-05,71435397827,defillama
stable_usdt,2023-03-06,71472117827,defillama
stable_usdt,2023-03-07,71584111032,defillama
stable_usdt,2023-03-08,71729084555,defillama
stable_usdt,2023-03-09,71733132005,defillama
stable_usdt,2023-03-10,71799456169,defillama
stable_usdt,2023-03-11,72075147930,defillama
stable_usdt,2023-03-12,72120358309,defillama
stable_usdt,2023-03-13,72557454192,defillama
stable_usdt,2023-03-14,72892204290,defillama
stable_usdt,2023-03-15,73400359945,defillama
stable_usdt,2023-03-16,74246550264,defillama
stable_usdt,2023-03-17,75163840900,defillama
stable_usdt,2023-03-18,76173667892,defillama
stable_usdt,2023-03-19,76213483077,defillama
stable_usdt,2023-03-20,76102599077,defillama
stable_usdt,2023-03-21,76849069864,defillama
stable_usdt,2023-03-22,77428990195,defillama
stable_usdt,2023-03-23,77776431260,defillama
stable_usdt,2023-03-24,78478753061,defillama
stable_usdt,2023-03-25,79014941308,defillama
stable_usdt,2023-03-26,79078783060,defillama
stable_usdt,2023-03-27,79097783049,defillama
stable_usdt,2023-03-28,79448607421,defillama
stable_usdt,2023-03-29,79513544279,defillama
stable_usdt,2023-03-30,79633547900,defillama
stable_usdt,2023-03-31,79665014575,defillama
stable_usdt,2023-04-01,79686510462,defillama
stable_usdt,2023-04-02,79686510462,defillama
stable_usdt,2023-04-03,79795510453,defillama
stable_usdt,2023-04-04,79901325455,defillama
stable_usdt,2023-04-05,79997214449,defillama
stable_usdt,2023-04-06,80100433550,defillama
stable_usdt,2023-04-07,80188035456,defillama
stable_usdt,2023-04-08,80193187657,defillama
stable_usdt,2023-04-09,80203187657,defillama
stable_usdt,2023-04-10,80203187657,defillama
stable_usdt,2023-04-11,80343238527,defillama
stable_usdt,2023-04-12,80443266292,defillama
stable_usdt,2023-04-13,80570447403,defillama
stable_usdt,2023-04-14,80756955086,defillama
stable_usdt,2023-04-15,80896461591,defillama
stable_usdt,2023-04-16,80913461589,defillama
stable_usdt,2023-04-17,80923461589,defillama
stable_usdt,2023-04-18,81052922317,defillama
stable_usdt,2023-04-19,81164195713,defillama
stable_usdt,2023-04-20,81291398302,defillama
stable_usdt,2023-04-21,81397398449,defillama
stable_usdt,2023-04-22,80620559312,defillama
stable_usdt,2023-04-23,81431518639,defillama
stable_usdt,2023-04-24,81441518639,defillama
stable_usdt,2023-04-25,81528400004,defillama
stable_usdt,2023-04-26,81566488286,defillama
stable_usdt,2023-04-27,81581156971,defillama
stable_usdt,2023-04-28,81605185849,defillama
stable_usdt,2023-04-29,81687767335,defillama
stable_usdt,2023-04-30,81697767321,defillama
stable_usdt,2023-05-01,81707767325,defillama
stable_usdt,2023-05-02,81790847851,defillama
stable_usdt,2023-05-03,81854781265,defillama
stable_usdt,2023-05-04,81975475257,defillama
stable_usdt,2023-05-05,82052222893,defillama
stable_usdt,2023-05-06,82068081639,defillama
stable_usdt,2023-05-07,82073081634,defillama
stable_usdt,2023-05-08,82078081629,defillama
stable_usdt,2023-05-09,82325354103,defillama
stable_usdt,2023-05-10,82466060394,defillama
stable_usdt,2023-05-11,82599114600,defillama
stable_usdt,2023-05-12,82713159758,defillama
stable_usdt,2023-05-13,82783885203,defillama
stable_usdt,2023-05-14,82783885203,defillama
stable_usdt,2023-05-15,82804277277,defillama
stable_usdt,2023-05-16,82809277270,defillama
stable_usdt,2023-05-17,82832082711,defillama
stable_usdt,2023-05-18,82840018135,defillama
stable_usdt,2023-05-19,82843573932,defillama
stable_usdt,2023-05-20,82895728300,defillama
stable_usdt,2023-05-21,82900728295,defillama
stable_usdt,2023-05-22,82905728289,defillama
stable_usdt,2023-05-23,82949208885,defillama
stable_usdt,2023-05-24,83013573950,defillama
stable_usdt,2023-05-25,83049248000,defillama
stable_usdt,2023-05-26,83063200196,defillama
stable_usdt,2023-05-27,83098239535,defillama
stable_usdt,2023-05-28,83103239529,defillama
stable_usdt,2023-05-29,83103239529,defillama
stable_usdt,2023-05-30,83118939765,defillama
stable_usdt,2023-05-31,83160474162,defillama
stable_usdt,2023-06-01,83198487627,defillama
stable_usdt,2023-06-02,83225841346,defillama
stable_usdt,2023-06-03,83128645073,defillama
stable_usdt,2023-06-04,83133645068,defillama
stable_usdt,2023-06-05,83138645060,defillama
stable_usdt,2023-06-06,83195143057,defillama
stable_usdt,2023-06-07,83266980941,defillama
stable_usdt,2023-06-08,83277591266,defillama
stable_usdt,2023-06-09,83297749826,defillama
stable_usdt,2023-06-10,83332664064,defillama
stable_usdt,2023-06-11,83343664057,defillama
stable_usdt,2023-06-12,83348664057,defillama
stable_usdt,2023-06-13,83478930155,defillama
stable_usdt,2023-06-14,83505217924,defillama
stable_usdt,2023-06-15,83539459054,defillama
stable_usdt,2023-06-16,83544985808,defillama
stable_usdt,2023-06-17,83549735056,defillama
stable_usdt,2023-06-18,83156027042,defillama
stable_usdt,2023-06-19,83156027042,defillama
stable_usdt,2023-06-20,83159185882,defillama
stable_usdt,2023-06-21,83166935125,defillama
stable_usdt,2023-06-22,83174169306,defillama
stable_usdt,2023-06-23,83184169317,defillama
stable_usdt,2023-06-24,83184169317,defillama
stable_usdt,2023-06-25,83189169317,defillama
stable_usdt,2023-06-26,83194169312,defillama
stable_usdt,2023-06-27,83216257484,defillama
stable_usdt,2023-06-28,83222640434,defillama
stable_usdt,2023-06-29,83307731669,defillama
stable_usdt,2023-06-30,83359863360,defillama
stable_usdt,2023-07-01,83320859006,defillama
stable_usdt,2023-07-02,83320859006,defillama
stable_usdt,2023-07-03,83320859006,defillama
stable_usdt,2023-07-04,83331873579,defillama
stable_usdt,2023-07-05,83333734068,defillama
stable_usdt,2023-07-06,83334004999,defillama
stable_usdt,2023-07-07,83334319952,defillama
stable_usdt,2023-07-08,83337768993,defillama
stable_usdt,2023-07-09,83337768983,defillama
stable_usdt,2023-07-10,83329868983,defillama
stable_usdt,2023-07-11,83328289818,defillama
stable_usdt,2023-07-12,83352634014,defillama
stable_usdt,2023-07-13,83357216574,defillama
stable_usdt,2023-07-14,83413240012,defillama
stable_usdt,2023-07-15,83593002993,defillama
stable_usdt,2023-07-16,83617525941,defillama
stable_usdt,2023-07-17,83628525930,defillama
stable_usdt,2023-07-18,83729629319,defillama
stable_usdt,2023-07-19,83784430445,defillama
stable_usdt,2023-07-20,83754595772,defillama
stable_usdt,2023-07-21,83798446907,defillama
stable_usdt,2023-07-22,83775338994,defillama
stable_usdt,2023-07-23,83780338989,defillama
stable_usdt,2023-07-24,83780338989,defillama
stable_usdt,2023-07-25,83788525522,defillama
stable_usdt,2023-07-26,83789146039,defillama
stable_usdt,2023-07-27,83794928377,defillama
stable_usdt,2023-07-28,83800932183,defillama
stable_usdt,2023-07-29,83803836403,defillama
stable_usdt,2023-07-30,83803836403,defillama
stable_usdt,2023-07-31,83797285742,defillama
stable_usdt,2023-08-01,83873378189,defillama
stable_usdt,2023-08-02,83874617419,defillama
stable_usdt,2023-08-03,83876255948,defillama
stable_usdt,2023-08-04,83876255948,defillama
stable_usdt,2023-08-05,83881700967,defillama
stable_usdt,2023-08-06,83881700967,defillama
stable_usdt,2023-08-07,83881700967,defillama
stable_usdt,2023-08-08,83557764340,defillama
stable_usdt,2023-08-09,83511223882,defillama
stable_usdt,2023-08-10,83512053052,defillama
stable_usdt,2023-08-11,83512552527,defillama
stable_usdt,2023-08-12,83387991626,defillama
stable_usdt,2023-08-13,83387991626,defillama
stable_usdt,2023-08-14,83387991626,defillama
stable_usdt,2023-08-15,83389050707,defillama
stable_usdt,2023-08-16,83159126422,defillama
stable_usdt,2023-08-17,82994370395,defillama
stable_usdt,2023-08-18,82819461935,defillama
stable_usdt,2023-08-19,82823608782,defillama
stable_usdt,2023-08-20,82823608782,defillama
stable_usdt,2023-08-21,82823608782,defillama
stable_usdt,2023-08-22,82826097691,defillama
stable_usdt,2023-08-23,82832852959,defillama
stable_usdt,2023-08-24,82822901509,defillama
stable_usdt,2023-08-25,82826258267,defillama
stable_usdt,2023-08-26,82828725797,defillama
stable_usdt,2023-08-27,82828725797,defillama
stable_usdt,2023-08-28,82828725797,defillama
stable_usdt,2023-08-29,82835281925,defillama
stable_usdt,2023-08-30,82836705499,defillama
stable_usdt,2023-08-31,82839654049,defillama
stable_usdt,2023-09-01,82845642167,defillama
stable_usdt,2023-09-02,82877292012,defillama
stable_usdt,2023-09-03,82877292012,defillama
stable_usdt,2023-09-04,82877292012,defillama
stable_usdt,2023-09-05,82882641165,defillama
stable_usdt,2023-09-06,82885039764,defillama
stable_usdt,2023-09-07,82888307993,defillama
stable_usdt,2023-09-08,82890066233,defillama
stable_usdt,2023-09-09,82993370803,defillama
stable_usdt,2023-09-10,82993370803,defillama
stable_usdt,2023-09-11,82993370803,defillama
stable_usdt,2023-09-12,83003117902,defillama
stable_usdt,2023-09-13,83008854473,defillama
stable_usdt,2023-09-14,83011848204,defillama
stable_usdt,2023-09-15,83019048236,defillama
stable_usdt,2023-09-16,83019048236,defillama
stable_usdt,2023-09-17,83019048236,defillama
stable_usdt,2023-09-18,83019048236,defillama
stable_usdt,2023-09-19,83068755239,defillama
stable_usdt,2023-09-20,83139501601,defillama
stable_usdt,2023-09-21,83168141273,defillama
stable_usdt,2023-09-22,83171325515,defillama
stable_usdt,2023-09-23,83178483701,defillama
stable_usdt,2023-09-24,83180866470,defillama
stable_usdt,2023-09-25,83180866470,defillama
stable_usdt,2023-09-26,83185008082,defillama
stable_usdt,2023-09-27,83243973134,defillama
stable_usdt,2023-09-28,83248340765,defillama
stable_usdt,2023-09-29,83253698407,defillama
stable_usdt,2023-09-30,83221172676,defillama
stable_usdt,2023-10-01,83232172676,defillama
stable_usdt,2023-10-02,83234172676,defillama
stable_usdt,2023-10-03,83317986709,defillama
stable_usdt,2023-10-04,83342217736,defillama
stable_usdt,2023-10-05,83344022138,defillama
stable_usdt,2023-10-06,83379670190,defillama
stable_usdt,2023-10-07,83413066842,defillama
stable_usdt,2023-10-08,83451566842,defillama
stable_usdt,2023-10-09,83451566842,defillama
stable_usdt,2023-10-10,83472069062,defillama
stable_usdt,2023-10-11,83489869062,defillama
stable_usdt,2023-10-12,83497134325,defillama
stable_usdt,2023-10-13,83499157750,defillama
stable_usdt,2023-10-14,83504131933,defillama
stable_usdt,2023-10-15,83504131933,defillama
stable_usdt,2023-10-16,83508131933,defillama
stable_usdt,2023-10-17,83564073494,defillama
stable_usdt,2023-10-18,83658558996,defillama
stable_usdt,2023-10-19,83792007688,defillama
stable_usdt,2023-10-20,83902581464,defillama
stable_usdt,2023-10-21,84130259194,defillama
stable_usdt,2023-10-22,84131359672,defillama
stable_usdt,2023-10-23,84142359672,defillama
stable_usdt,2023-10-24,84264122116,defillama
stable_usdt,2023-10-25,84233811435,defillama
stable_usdt,2023-10-26,84368685906,defillama
stable_usdt,2023-10-27,84487655718,defillama
stable_usdt,2023-10-28,84515238111,defillama
stable_usdt,2023-10-29,84515238111,defillama
stable_usdt,2023-10-30,84515238111,defillama
stable_usdt,2023-10-31,84564598508,defillama
stable_usdt,2023-11-01,84778830833,defillama
stable_usdt,2023-11-02,84849462984,defillama
stable_usdt,2023-11-03,85174392534,defillama
stable_usdt,2023-11-04,85329884145,defillama
stable_usdt,2023-11-05,85339884144,defillama
stable_usdt,2023-11-06,85367984142,defillama
stable_usdt,2023-11-07,85712109690,defillama
stable_usdt,2023-11-08,86059207862,defillama
stable_usdt,2023-11-09,86236089163,defillama
stable_usdt,2023-11-10,86489374731,defillama
stable_usdt,2023-11-11,86651790617,defillama
stable_usdt,2023-11-12,86766265615,defillama
stable_usdt,2023-11-13,86776580495,defillama
stable_usdt,2023-11-14,87049399807,defillama
stable_usdt,2023-11-15,87295398005,defillama
stable_usdt,2023-11-16,87406916113,defillama
stable_usdt,2023-11-17,87502024032,defillama
stable_usdt,2023-11-18,87650408687,defillama
stable_usdt,2023-11-19,87665708687,defillama
stable_usdt,2023-11-20,87688283686,defillama
stable_usdt,2023-11-21,87999214565,defillama
stable_usdt,2023-11-22,88280778060,defillama
stable_usdt,2023-11-23,88445991835,defillama
stable_usdt,2023-11-24,88486990065,defillama
stable_usdt,2023-11-25,88683450806,defillama
stable_usdt,2023-11-26,88700950806,defillama
stable_usdt,2023-11-27,88755950804,defillama
stable_usdt,2023-11-28,88897224190,defillama
stable_usdt,2023-11-29,89051834037,defillama
stable_usdt,2023-11-30,89253851478,defillama
stable_usdt,2023-12-01,89317080453,defillama
stable_usdt,2023-12-02,89499174101,defillama
stable_usdt,2023-12-03,89569124098,defillama
stable_usdt,2023-12-04,89619724097,defillama
stable_usdt,2023-12-05,89786241693,defillama
stable_usdt,2023-12-06,90005799511,defillama
stable_usdt,2023-12-07,90040209002,defillama
stable_usdt,2023-12-08,90228000442,defillama
stable_usdt,2023-12-09,90307767897,defillama
stable_usdt,2023-12-10,90561569096,defillama
stable_usdt,2023-12-11,90517569096,defillama
stable_usdt,2023-12-12,90606798292,defillama
stable_usdt,2023-12-13,90624753215,defillama
stable_usdt,2023-12-14,90631136003,defillama
stable_usdt,2023-12-15,90790069493,defillama
stable_usdt,2023-12-16,90884632596,defillama
stable_usdt,2023-12-17,90884632596,defillama
stable_usdt,2023-12-18,90884632596,defillama
stable_usdt,2023-12-19,90890026114,defillama
stable_usdt,2023-12-20,90903282682,defillama
stable_usdt,2023-12-21,90997478400,defillama
stable_usdt,2023-12-22,91042674797,defillama
stable_usdt,2023-12-23,91166134358,defillama
stable_usdt,2023-12-24,91232934358,defillama
stable_usdt,2023-12-25,91288596668,defillama
stable_usdt,2023-12-26,91298065200,defillama
stable_usdt,2023-12-27,91315808078,defillama
stable_usdt,2023-12-28,91427015093,defillama
stable_usdt,2023-12-29,91497677422,defillama
stable_usdt,2023-12-30,91651728372,defillama
stable_usdt,2023-12-31,91677093371,defillama
stable_usdt,2024-01-01,91677928371,defillama
stable_usdt,2024-01-02,91682127370,defillama
stable_usdt,2024-01-03,92020117112,defillama
stable_usdt,2024-01-04,92411788606,defillama
stable_usdt,2024-01-05,92780444258,defillama
stable_usdt,2024-01-06,93320401318,defillama
stable_usdt,2024-01-07,93528001318,defillama
stable_usdt,2024-01-08,93596751318,defillama
stable_usdt,2024-01-09,94063288707,defillama
stable_usdt,2024-01-10,94368207275,defillama
stable_usdt,2024-01-11,94591242888,defillama
stable_usdt,2024-01-12,94980329573,defillama
stable_usdt,2024-01-13,94982958944,defillama
stable_usdt,2024-01-14,94982958944,defillama
stable_usdt,2024-01-15,94982958938,defillama
stable_usdt,2024-01-16,95093844052,defillama
stable_usdt,2024-01-17,95101372849,defillama
stable_usdt,2024-01-18,95137139323,defillama
stable_usdt,2024-01-19,95033236391,defillama
stable_usdt,2024-01-20,95033236391,defillama
stable_usdt,2024-01-21,95033236391,defillama
stable_usdt,2024-01-22,94902945511,defillama
stable_usdt,2024-01-23,94865026114,defillama
stable_usdt,2024-01-24,95563944196,defillama
stable_usdt,2024-01-25,95540986301,defillama
stable_usdt,2024-01-26,95543581705,defillama
stable_usdt,2024-01-27,96023872796,defillama
stable_usdt,2024-01-28,96022872795,defillama
stable_usdt,2024-01-29,96022872795,defillama
stable_usdt,2024-01-30,96040095474,defillama
stable_usdt,2024-01-31,96187066652,defillama
stable_usdt,2024-02-01,96206404754,defillama
stable_usdt,2024-02-02,96208938476,defillama
stable_usdt,2024-02-03,96218466557,defillama
stable_usdt,2024-02-04,96218466557,defillama
stable_usdt,2024-02-05,96219105918,defillama
stable_usdt,2024-02-06,96223618245,defillama
stable_usdt,2024-02-07,96168527921,defillama
stable_usdt,2024-02-08,96173255742,defillama
stable_usdt,2024-02-09,96193378383,defillama
stable_usdt,2024-02-10,96208378383,defillama
stable_usdt,2024-02-11,96328878383,defillama
stable_usdt,2024-02-12,96462258382,defillama
stable_usdt,2024-02-13,96655458382,defillama
stable_usdt,2024-02-14,96787758381,defillama
stable_usdt,2024-02-15,96948454100,defillama
stable_usdt,2024-02-16,97334361243,defillama
stable_usdt,2024-02-17,97537110494,defillama
stable_usdt,2024-02-18,97644529575,defillama
stable_usdt,2024-02-19,97674223122,defillama
stable_usdt,2024-02-20,97694587262,defillama
stable_usdt,2024-02-21,97805414635,defillama
stable_usdt,2024-02-22,97828950767,defillama
stable_usdt,2024-02-23,97830410207,defillama
stable_usdt,2024-02-24,97897857760,defillama
stable_usdt,2024-02-25,97897857760,defillama
stable_usdt,2024-02-26,97897857458,defillama
stable_usdt,2024-02-27,98106291060,defillama
stable_usdt,2024-02-28,98378060190,defillama
stable_usdt,2024-02-29,98695532864,defillama
stable_usdt,2024-03-01,98834150546,defillama
stable_usdt,2024-03-02,99173460259,defillama
stable_usdt,2024-03-03,99422260259,defillama
stable_usdt,2024-03-04,99525850149,defillama
stable_usdt,2024-03-05,100038817337,defillama
stable_usdt,2024-03-06,100434401358,defillama
stable_usdt,2024-03-07,100752179979,defillama
stable_usdt,2024-03-08,101039338406,defillama
stable_usdt,2024-03-09,101586455788,defillama
stable_usdt,2024-03-10,101812755784,defillama
stable_usdt,2024-03-11,102012255784,defillama
stable_usdt,2024-03-12,102428495868,defillama
stable_usdt,2024-03-13,102656982792,defillama
stable_usdt,2024-03-14,103124150069,defillama
stable_usdt,2024-03-15,103256569684,defillama
stable_usdt,2024-03-16,103308077351,defillama
stable_usdt,2024-03-17,103403077351,defillama
stable_usdt,2024-03-18,103403287141,defillama
stable_usdt,2024-03-19,103656755951,defillama
stable_usdt,2024-03-20,103767644673,defillama
stable_usdt,2024-03-21,103892152366,defillama
stable_usdt,2024-03-22,104042110539,defillama
stable_usdt,2024-03-23,104007508096,defillama
stable_usdt,2024-03-24,103997508096,defillama
stable_usdt,2024-03-25,104002508096,defillama
stable_usdt,2024-03-26,104231823342,defillama
stable_usdt,2024-03-27,104358215527,defillama
stable_usdt,2024-03-28,104438284293,defillama
stable_usdt,2024-03-29,104488442732,defillama
stable_usdt,2024-03-30,104489471207,defillama
stable_usdt,2024-03-31,104489471207,defillama
stable_usdt,2024-04-01,104430769909,defillama
stable_usdt,2024-04-02,104642068610,defillama
stable_usdt,2024-04-03,105262851088,defillama
stable_usdt,2024-04-04,106128909629,defillama
stable_usdt,2024-04-05,106577580717,defillama
stable_usdt,2024-04-06,106790630717,defillama
stable_usdt,2024-04-07,106876390717,defillama
stable_usdt,2024-04-08,106877390717,defillama
stable_usdt,2024-04-09,107027788864,defillama
stable_usdt,2024-04-10,107160428303,defillama
stable_usdt,2024-04-11,107238627404,defillama
stable_usdt,2024-04-12,107277465966,defillama
stable_usdt,2024-04-13,107330394387,defillama
stable_usdt,2024-04-14,107660374387,defillama
stable_usdt,2024-04-15,107695174387,defillama
stable_usdt,2024-04-16,108064841620,defillama
stable_usdt,2024-04-17,108741585291,defillama
stable_usdt,2024-04-18,109092586086,defillama
stable_usdt,2024-04-19,109517186689,defillama
stable_usdt,2024-04-20,109818107184,defillama
stable_usdt,2024-04-21,109834873894,defillama
stable_usdt,2024-04-22,109832373894,defillama
stable_usdt,2024-04-23,110176193831,defillama
stable_usdt,2024-04-24,110369006778,defillama
stable_usdt,2024-04-25,110369006778,defillama
stable_usdt,2024-04-26,110369006778,defillama
stable_usdt,2024-04-27,110369006778,defillama
stable_usdt,2024-04-28,110347920449,defillama
stable_usdt,2024-04-29,110347842716,defillama
stable_usdt,2024-04-30,110412147302,defillama
stable_usdt,2024-05-01,110402299123,defillama
stable_usdt,2024-05-02,110350061982,defillama
stable_usdt,2024-05-03,110339251952,defillama
stable_usdt,2024-05-04,110503046757,defillama
stable_usdt,2024-05-05,110634861194,defillama
stable_usdt,2024-05-06,110636188433,defillama
stable_usdt,2024-05-07,110821623436,defillama
stable_usdt,2024-05-08,110787681018,defillama
stable_usdt,2024-05-09,110789599190,defillama
stable_usdt,2024-05-10,110739444345,defillama
stable_usdt,2024-05-11,110603634075,defillama
stable_usdt,2024-05-12,110603634065,defillama
stable_usdt,2024-05-13,110588634065,defillama
stable_usdt,2024-05-14,110595556329,defillama
stable_usdt,2024-05-15,110683196744,defillama
stable_usdt,2024-05-16,110717237401,defillama
stable_usdt,2024-05-17,110899115803,defillama
stable_usdt,2024-05-18,111028849260,defillama
stable_usdt,2024-05-19,111128449259,defillama
stable_usdt,2024-05-20,111128449259,defillama
stable_usdt,2024-05-21,111057749078,defillama
stable_usdt,2024-05-22,111423759590,defillama
stable_usdt,2024-05-23,111446156187,defillama
stable_usdt,2024-05-24,111590570266,defillama
stable_usdt,2024-05-25,111588108138,defillama
stable_usdt,2024-05-26,111588108133,defillama
stable_usdt,2024-05-27,111589908132,defillama
stable_usdt,2024-05-28,111606077061,defillama
stable_usdt,2024-05-29,111603568790,defillama
stable_usdt,2024-05-30,111604510878,defillama
stable_usdt,2024-05-31,111616920065,defillama
stable_usdt,2024-06-01,111762088179,defillama
stable_usdt,2024-06-02,111830758178,defillama
stable_usdt,2024-06-03,111790758178,defillama
stable_usdt,2024-06-04,112253386803,defillama
stable_usdt,2024-06-05,112254796393,defillama
stable_usdt,2024-06-06,112315084780,defillama
stable_usdt,2024-06-07,112355387840,defillama
stable_usdt,2024-06-08,112376137266,defillama
stable_usdt,2024-06-09,112374987252,defillama
stable_usdt,2024-06-10,112403987892,defillama
stable_usdt,2024-06-11,112409287892,defillama
stable_usdt,2024-06-12,112411964316,defillama
stable_usdt,2024-06-13,112457053102,defillama
stable_usdt,2024-06-14,112453723055,defillama
stable_usdt,2024-06-15,112472971806,defillama
stable_usdt,2024-06-16,112472301806,defillama
stable_usdt,2024-06-17,112473915172,defillama
stable_usdt,2024-06-18,112465611554,defillama
stable_usdt,2024-06-19,112519098919,defillama
stable_usdt,2024-06-20,112519060290,defillama
stable_usdt,2024-06-21,112804377136,defillama
stable_usdt,2024-06-22,112804714097,defillama
stable_usdt,2024-06-23,112844714097,defillama
stable_usdt,2024-06-24,112844714097,defillama
stable_usdt,2024-06-25,112837386516,defillama
stable_usdt,2024-06-26,112732648639,defillama
stable_usdt,2024-06-27,112636116562,defillama
stable_usdt,2024-06-28,112659805872,defillama
stable_usdt,2024-06-29,112690515631,defillama
stable_usdt,2024-06-30,112775515629,defillama
stable_usdt,2024-07-01,112739012075,defillama
stable_usdt,2024-07-02,112651358402,defillama
stable_usdt,2024-07-03,112497795679,defillama
stable_usdt,2024-07-04,112471997936,defillama
stable_usdt,2024-07-05,112355735371,defillama
stable_usdt,2024-07-06,112245912309,defillama
stable_usdt,2024-07-07,112231905142,defillama
stable_usdt,2024-07-08,112231905142,defillama
stable_usdt,2024-07-09,112229273118,defillama
stable_usdt,2024-07-10,112271931338,defillama
stable_usdt,2024-07-11,112364578514,defillama
stable_usdt,2024-07-12,112371024626,defillama
stable_usdt,2024-07-13,112190715732,defillama
stable_usdt,2024-07-14,112469048012,defillama
stable_usdt,2024-07-15,112539048012,defillama
stable_usdt,2024-07-16,112864302779,defillama
stable_usdt,2024-07-17,113216677692,defillama
stable_usdt,2024-07-18,113624539190,defillama
stable_usdt,2024-07-19,113678352175,defillama
stable_usdt,2024-07-20,113859727368,defillama
stable_usdt,2024-07-21,114021327368,defillama
stable_usdt,2024-07-22,114066827367,defillama
stable_usdt,2024-07-23,114307338921,defillama
stable_usdt,2024-07-24,114471818448,defillama
stable_usdt,2024-07-25,114453302193,defillama
stable_usdt,2024-07-26,114336302185,defillama
stable_usdt,2024-07-27,114381331841,defillama
stable_usdt,2024-07-28,114469974704,defillama
stable_usdt,2024-07-29,114469974704,defillama
stable_usdt,2024-07-30,114513725531,defillama
stable_usdt,2024-07-31,114518259273,defillama
stable_usdt,2024-08-01,114547619142,defillama
stable_usdt,2024-08-02,114553402686,defillama
stable_usdt,2024-08-03,114594788858,defillama
stable_usdt,2024-08-04,114579788856,defillama
stable_usdt,2024-08-05,114579788856,defillama
stable_usdt,2024-08-06,114457553704,defillama
stable_usdt,2024-08-07,114578293183,defillama
stable_usdt,2024-08-08,114966872515,defillama
stable_usdt,2024-08-09,115416775013,defillama
stable_usdt,2024-08-10,115574281399,defillama
stable_usdt,2024-08-11,115640681399,defillama
stable_usdt,2024-08-12,115640681399,defillama
stable_usdt,2024-08-13,115889054746,defillama
stable_usdt,2024-08-14,116129081961,defillama
stable_usdt,2024-08-15,116534312382,defillama
stable_usdt,2024-08-16,116709344091,defillama
stable_usdt,2024-08-17,116833969260,defillama
stable_usdt,2024-08-18,116887299260,defillama
stable_usdt,2024-08-19,116888957760,defillama
stable_usdt,2024-08-20,116995756969,defillama
stable_usdt,2024-08-21,117276576505,defillama
stable_usdt,2024-08-22,117408263940,defillama
stable_usdt,2024-08-23,117648169338,defillama
stable_usdt,2024-08-24,117713064005,defillama
stable_usdt,2024-08-25,117842339087,defillama
stable_usdt,2024-08-26,117844216713,defillama
stable_usdt,2024-08-27,117979455231,defillama
stable_usdt,2024-08-28,117937170815,defillama
stable_usdt,2024-08-29,118086718409,defillama
stable_usdt,2024-08-30,118207965633,defillama
stable_usdt,2024-08-31,118210924869,defillama
stable_usdt,2024-09-01,118210924869,defillama
stable_usdt,2024-09-02,118211124869,defillama
stable_usdt,2024-09-03,118123924395,defillama
stable_usdt,2024-09-04,118124409888,defillama
stable_usdt,2024-09-05,118136891800,defillama
stable_usdt,2024-09-06,118118409375,defillama
stable_usdt,2024-09-07,118173609123,defillama
stable_usdt,2024-09-08,118177509123,defillama
stable_usdt,2024-09-09,118177509123,defillama
stable_usdt,2024-09-10,118420988938,defillama
stable_usdt,2024-09-11,118433539059,defillama
stable_usdt,2024-09-12,118434788760,defillama
stable_usdt,2024-09-13,118383833822,defillama
stable_usdt,2024-09-14,118608616138,defillama
stable_usdt,2024-09-15,119047660344,defillama
stable_usdt,2024-09-16,118812287090,defillama
stable_usdt,2024-09-17,118728250450,defillama
stable_usdt,2024-09-18,118853251348,defillama
stable_usdt,2024-09-19,118896720603,defillama
stable_usdt,2024-09-20,119067964666,defillama
stable_usdt,2024-09-21,119161364466,defillama
stable_usdt,2024-09-22,119157360693,defillama
stable_usdt,2024-09-23,119157360693,defillama
stable_usdt,2024-09-24,119238696383,defillama
stable_usdt,2024-09-25,119229928664,defillama
stable_usdt,2024-09-26,119274429856,defillama
stable_usdt,2024-09-27,119347429356,defillama
stable_usdt,2024-09-28,119405929000,defillama
stable_usdt,2024-09-29,119406925003,defillama
stable_usdt,2024-09-30,119622396997,defillama
stable_usdt,2024-10-01,119650346135,defillama
stable_usdt,2024-10-02,119650346135,defillama
stable_usdt,2024-10-03,119633735737,defillama
stable_usdt,2024-10-04,119635112439,defillama
stable_usdt,2024-10-05,119653257237,defillama
stable_usdt,2024-10-06,119670028849,defillama
stable_usdt,2024-10-07,119670467362,defillama
stable_usdt,2024-10-08,119850367555,defillama
stable_usdt,2024-10-09,119841275909,defillama
stable_usdt,2024-10-10,119849377370,defillama
stable_usdt,2024-10-11,119725377367,defillama
stable_usdt,2024-10-12,119729627115,defillama
stable_usdt,2024-10-13,119731227066,defillama
stable_usdt,2024-10-14,119731227066,defillama
stable_usdt,2024-10-15,119759196663,defillama
stable_usdt,2024-10-16,119801443876,defillama
stable_usdt,2024-10-17,119966698833,defillama
stable_usdt,2024-10-18,120002859304,defillama
stable_usdt,2024-10-19,120087102221,defillama
stable_usdt,2024-10-20,120152102217,defillama
stable_usdt,2024-10-21,120179102217,defillama
stable_usdt,2024-10-22,120202666053,defillama
stable_usdt,2024-10-23,120190604126,defillama
stable_usdt,2024-10-24,120204789939,defillama
stable_usdt,2024-10-25,120242344735,defillama
stable_usdt,2024-10-26,120284592333,defillama
stable_usdt,2024-10-27,120318443412,defillama
stable_usdt,2024-10-28,120319443409,defillama
stable_usdt,2024-10-29,120180277118,defillama
stable_usdt,2024-10-30,120464260834,defillama
stable_usdt,2024-10-31,120533635657,defillama
stable_usdt,2024-11-01,120482951828,defillama
stable_usdt,2024-11-02,120536423457,defillama
stable_usdt,2024-11-03,120585101455,defillama
stable_usdt,2024-11-04,120585101455,defillama
stable_usdt,2024-11-05,121509925391,defillama
stable_usdt,2024-11-06,121508090966,defillama
stable_usdt,2024-11-07,121996707673,defillama
stable_usdt,2024-11-08,122481730696,defillama
stable_usdt,2024-11-09,123428055689,defillama
stable_usdt,2024-11-10,123695285992,defillama
stable_usdt,2024-11-11,123966113535,defillama
stable_usdt,2024-11-12,125803947511,defillama
stable_usdt,2024-11-13,126606120653,defillama
stable_usdt,2024-11-14,127600317350,defillama
stable_usdt,2024-11-15,129191525913,defillama
stable_usdt,2024-11-16,129191516826,defillama
stable_usdt,2024-11-17,129417831726,defillama
stable_usdt,2024-11-18,129567822731,defillama
stable_usdt,2024-11-19,129458065433,defillama
stable_usdt,2024-11-20,129942382199,defillama
stable_usdt,2024-11-21,131244196679,defillama
stable_usdt,2024-11-22,131559452114,defillama
stable_usdt,2024-11-23,132873420057,defillama
stable_usdt,2024-11-24,134013442053,defillama
stable_usdt,2024-11-25,134424635741,defillama
stable_usdt,2024-11-26,134693131223,defillama
stable_usdt,2024-11-27,134722943242,defillama
stable_usdt,2024-11-28,135137486676,defillama
stable_usdt,2024-11-29,135965852342,defillama
stable_usdt,2024-11-30,136271708422,defillama
stable_usdt,2024-12-01,134392441049,defillama
stable_usdt,2024-12-02,134476541006,defillama
stable_usdt,2024-12-03,135012360931,defillama
stable_usdt,2024-12-04,135338236018,defillama
stable_usdt,2024-12-05,136045432502,defillama
stable_usdt,2024-12-06,136975278080,defillama
stable_usdt,2024-12-07,138038817923,defillama
stable_usdt,2024-12-08,138262817923,defillama
stable_usdt,2024-12-09,138399087923,defillama
stable_usdt,2024-12-10,138643216096,defillama
stable_usdt,2024-12-11,138953308451,defillama
stable_usdt,2024-12-12,140005800450,defillama
stable_usdt,2024-12-13,140404910980,defillama
stable_usdt,2024-12-14,140448004125,defillama
stable_usdt,2024-12-15,140568004125,defillama
stable_usdt,2024-12-16,140568004125,defillama
stable_usdt,2024-12-17,140758577764,defillama
stable_usdt,2024-12-18,140912347295,defillama
stable_usdt,2024-12-19,140933906305,defillama
stable_usdt,2024-12-20,140886878527,defillama
stable_usdt,2024-12-21,140468513507,defillama
stable_usdt,2024-12-22,140177246923,defillama
stable_usdt,2024-12-23,140152701207,defillama
stable_usdt,2024-12-24,139800592088,defillama
stable_usdt,2024-12-25,139728411369,defillama
stable_usdt,2024-12-26,139732311008,defillama
stable_usdt,2024-12-27,139746088403,defillama
stable_usdt,2024-12-28,139593778477,defillama
stable_usdt,2024-12-29,139309508042,defillama
stable_usdt,2024-12-30,139257508041,defillama
stable_usdt,2024-12-31,138109585231,defillama
stable_usdt,2025-01-01,137747095441,defillama
stable_usdt,2025-01-02,137562831740,defillama
stable_usdt,2025-01-03,137562831740,defillama
stable_usdt,2025-01-04,137568401171,defillama
stable_usdt,2025-01-05,137563370385,defillama
stable_usdt,2025-01-06,137563370382,defillama
stable_usdt,2025-01-07,137886263996,defillama
stable_usdt,2025-01-08,137723427073,defillama
stable_usdt,2025-01-09,137943085879,defillama
stable_usdt,2025-01-10,137788031415,defillama
stable_usdt,2025-01-11,137784795397,defillama
stable_usdt,2025-01-12,137748925154,defillama
stable_usdt,2025-01-13,137791589208,defillama
stable_usdt,2025-01-14,137582647234,defillama
stable_usdt,2025-01-15,137582647233,defillama
stable_usdt,2025-01-16,137792434596,defillama
stable_usdt,2025-01-17,137802584445,defillama
stable_usdt,2025-01-18,138609880783,defillama
stable_usdt,2025-01-19,138687679683,defillama
stable_usdt,2025-01-20,138700179650,defillama
stable_usdt,2025-01-21,138761501548,defillama
stable_usdt,2025-01-22,138851168099,defillama
stable_usdt,2025-01-23,139155191071,defillama
stable_usdt,2025-01-24,139236520740,defillama
stable_usdt,2025-01-25,139787677372,defillama
stable_usdt,2025-01-26,139786746494,defillama
stable_usdt,2025-01-27,139791921674,defillama
stable_usdt,2025-01-28,139914228538,defillama
stable_usdt,2025-01-29,139925628535,defillama
stable_usdt,2025-01-30,139982628523,defillama
stable_usdt,2025-01-31,140004528519,defillama
stable_usdt,2025-02-01,139981016588,defillama
stable_usdt,2025-02-02,139981116584,defillama
stable_usdt,2025-02-03,139976116582,defillama
stable_usdt,2025-02-04,139934356581,defillama
stable_usdt,2025-02-05,141281000185,defillama
stable_usdt,2025-02-06,141868639474,defillama
stable_usdt,2025-02-07,141827071091,defillama
stable_usdt,2025-02-08,142126491830,defillama
stable_usdt,2025-02-09,142199011789,defillama
stable_usdt,2025-02-10,142191510636,defillama
stable_usdt,2025-02-11,142341381105,defillama
stable_usdt,2025-02-12,142266481024,defillama
stable_usdt,2025-02-13,142417199851,defillama
stable_usdt,2025-02-14,142225869513,defillama
stable_usdt,2025-02-15,142413856453,defillama
stable_usdt,2025-02-16,142412375399,defillama
stable_usdt,2025-02-17,142412375399,defillama
stable_usdt,2025-02-18,142249254877,defillama
stable_usdt,2025-02-19,142082304427,defillama
stable_usdt,2025-02-20,142682643615,defillama
stable_usdt,2025-02-21,142843643165,defillama
stable_usdt,2025-02-22,142951416400,defillama
stable_usdt,2025-02-23,142951416393,defillama
stable_usdt,2025-02-24,142874416382,defillama
stable_usdt,2025-02-25,142812345771,defillama
stable_usdt,2025-02-26,142538814688,defillama
stable_usdt,2025-02-27,142421483648,defillama
stable_usdt,2025-02-28,142614459639,defillama
stable_usdt,2025-03-01,142639292034,defillama
stable_usdt,2025-03-02,142747292027,defillama
stable_usdt,2025-03-03,142807791999,defillama
stable_usdt,2025-03-04,142880555491,defillama
stable_usdt,2025-03-05,142867265394,defillama
stable_usdt,2025-03-06,143090288607,defillama
stable_usdt,2025-03-07,143171664724,defillama
stable_usdt,2025-03-08,143230964706,defillama
stable_usdt,2025-03-09,143280964688,defillama
stable_usdt,2025-03-10,143280964686,defillama
stable_usdt,2025-03-11,143336937920,defillama
stable_usdt,2025-03-12,143558693183,defillama
stable_usdt,2025-03-13,143747304639,defillama
stable_usdt,2025-03-14,143748815811,defillama
stable_usdt,2025-03-15,143836896633,defillama
stable_usdt,2025-03-16,143836896629,defillama
stable_usdt,2025-03-17,143836896614,defillama
stable_usdt,2025-03-18,144087751990,defillama
stable_usdt,2025-03-19,144100778448,defillama
stable_usdt,2025-03-20,144275379309,defillama
stable_usdt,2025-03-21,143936579287,defillama
stable_usdt,2025-03-22,144193856062,defillama
stable_usdt,2025-03-23,144224155760,defillama
stable_usdt,2025-03-24,144224155757,defillama
stable_usdt,2025-03-25,144459985751,defillama
stable_usdt,2025-03-26,144698008877,defillama
stable_usdt,2025-03-27,144876968397,defillama
stable_usdt,2025-03-28,144894219396,defillama
stable_usdt,2025-03-29,144508879395,defillama
stable_usdt,2025-03-30,144508879383,defillama
stable_usdt,2025-03-31,144649416568,defillama
stable_usdt,2025-04-01,144734849785,defillama
stable_usdt,2025-04-02,144756151239,defillama
stable_usdt,2025-04-03,144814151238,defillama
stable_usdt,2025-04-04,144783250273,defillama
stable_usdt,2025-04-05,144778059970,defillama
stable_usdt,2025-04-06,144769059956,defillama
stable_usdt,2025-04-07,144569059955,defillama
stable_usdt,2025-04-08,144888658855,defillama
stable_usdt,2025-04-09,144700965625,defillama
stable_usdt,2025-04-10,145054575983,defillama
stable_usdt,2025-04-11,144851154191,defillama
stable_usdt,2025-04-12,144957254190,defillama
stable_usdt,2025-04-13,145195854190,defillama
stable_usdt,2025-04-14,145000072564,defillama
stable_usdt,2025-04-15,144988134604,defillama
stable_usdt,2025-04-16,145230969405,defillama
stable_usdt,2025-04-17,145411564253,defillama
stable_usdt,2025-04-18,145403089797,defillama
stable_usdt,2025-04-19,145035321798,defillama
stable_usdt,2025-04-20,145216680932,defillama
stable_usdt,2025-04-21,145204655279,defillama
stable_usdt,2025-04-22,145254984859,defillama
stable_usdt,2025-04-23,145771856311,defillama
stable_usdt,2025-04-24,146144939953,defillama
stable_usdt,2025-04-25,146580988029,defillama
stable_usdt,2025-04-26,146823288025,defillama
stable_usdt,2025-04-27,147695285561,defillama
stable_usdt,2025-04-28,147890535534,defillama
stable_usdt,2025-04-29,148611733563,defillama
stable_usdt,2025-04-30,148905522663,defillama
stable_usdt,2025-05-01,149333119679,defillama
stable_usdt,2025-05-02,149440079658,defillama
stable_usdt,2025-05-03,149711823199,defillama
stable_usdt,2025-05-04,149981823181,defillama
stable_usdt,2025-05-05,149987023181,defillama
stable_usdt,2025-05-06,149826223167,defillama
stable_usdt,2025-05-07,150106836051,defillama
stable_usdt,2025-05-08,150181948939,defillama
stable_usdt,2025-05-09,150350804952,defillama
stable_usdt,2025-05-10,150393604947,defillama
stable_usdt,2025-05-11,150514671503,defillama
stable_usdt,2025-05-12,150615671502,defillama
stable_usdt,2025-05-13,150663236041,defillama
stable_usdt,2025-05-14,150926534831,defillama
stable_usdt,2025-05-15,151333639504,defillama
stable_usdt,2025-05-16,151745623801,defillama
stable_usdt,2025-05-17,151802073801,defillama
stable_usdt,2025-05-18,151901465555,defillama
stable_usdt,2025-05-19,152051465524,defillama
stable_usdt,2025-05-20,152286729390,defillama
stable_usdt,2025-05-21,152473429748,defillama
stable_usdt,2025-05-22,152809591181,defillama
stable_usdt,2025-05-23,153131132875,defillama
stable_usdt,2025-05-24,153333908216,defillama
stable_usdt,2025-05-25,153364622848,defillama
stable_usdt,2025-05-26,153364622847,defillama
stable_usdt,2025-05-27,153336099489,defillama
stable_usdt,2025-05-28,153545087010,defillama
stable_usdt,2025-05-29,153590783310,defillama
stable_usdt,2025-05-30,153692315960,defillama
stable_usdt,2025-05-31,153658825957,defillama
stable_usdt,2025-06-01,153723758271,defillama
stable_usdt,2025-06-02,153763502089,defillama
stable_usdt,2025-06-03,153918365325,defillama
stable_usdt,2025-06-04,154288119435,defillama
stable_usdt,2025-06-05,154488400144,defillama
stable_usdt,2025-06-06,154606717162,defillama
stable_usdt,2025-06-07,155115000492,defillama
stable_usdt,2025-06-08,155407500492,defillama
stable_usdt,2025-06-09,155407500531,defillama
stable_usdt,2025-06-10,156015285591,defillama
stable_usdt,2025-06-11,155670088658,defillama
stable_usdt,2025-06-12,156031051481,defillama
stable_usdt,2025-06-13,156034350481,defillama
stable_usdt,2025-06-14,156311510783,defillama
stable_usdt,2025-06-15,156288710782,defillama
stable_usdt,2025-06-16,156262534400,defillama
stable_usdt,2025-06-17,156350343711,defillama
stable_usdt,2025-06-18,156397425951,defillama
stable_usdt,2025-06-19,156493925950,defillama
stable_usdt,2025-06-20,156674248726,defillama
stable_usdt,2025-06-21,156688688065,defillama
stable_usdt,2025-06-22,156600188057,defillama
stable_usdt,2025-06-23,156750556577,defillama
stable_usdt,2025-06-24,155908804295,defillama
stable_usdt,2025-06-25,157394434423,defillama
stable_usdt,2025-06-26,157917318269,defillama
stable_usdt,2025-06-27,158266828122,defillama
stable_usdt,2025-06-28,158303889518,defillama
stable_usdt,2025-06-29,158444090587,defillama
stable_usdt,2025-06-30,158520790585,defillama
stable_usdt,2025-07-01,158754090584,defillama
stable_usdt,2025-07-02,158695019985,defillama
stable_usdt,2025-07-03,159155198929,defillama
stable_usdt,2025-07-04,159305664246,defillama
stable_usdt,2025-07-05,159478756035,defillama
stable_usdt,2025-07-06,159478756029,defillama
stable_usdt,2025-07-07,159463829126,defillama
stable_usdt,2025-07-08,159520682149,defillama
stable_usdt,2025-07-09,159455682148,defillama
stable_usdt,2025-07-10,159695616477,defillama
stable_usdt,2025-07-11,159994836080,defillama
stable_usdt,2025-07-12,160150055260,defillama
stable_usdt,2025-07-13,160394357834,defillama
stable_usdt,2025-07-14,160394357833,defillama
stable_usdt,2025-07-15,160545757830,defillama
stable_usdt,2025-07-16,160669087149,defillama
stable_usdt,2025-07-17,162039387242,defillama
stable_usdt,2025-07-18,161470084202,defillama
stable_usdt,2025-07-19,161983579210,defillama
stable_usdt,2025-07-20,162359770647,defillama
stable_usdt,2025-07-21,162531584793,defillama
stable_usdt,2025-07-22,162855465485,defillama
stable_usdt,2025-07-23,163023658144,defillama
stable_usdt,2025-07-24,163208856646,defillama
stable_usdt,2025-07-25,163910480196,defillama
stable_usdt,2025-07-26,163908480684,defillama
stable_usdt,2025-07-27,164437379973,defillama
stable_usdt,2025-07-28,164437379970,defillama
stable_usdt,2025-07-29,164259732060,defillama
stable_usdt,2025-07-30,164371766732,defillama
stable_usdt,2025-07-31,164580462391,defillama
stable_usdt,2025-08-01,164686013950,defillama
stable_usdt,2025-08-02,164764742593,defillama
stable_usdt,2025-08-03,164758535749,defillama
stable_usdt,2025-08-04,164734535747,defillama
stable_usdt,2025-08-05,164723091665,defillama
stable_usdt,2025-08-06,164748993280,defillama
stable_usdt,2025-08-07,164521910565,defillama
stable_usdt,2025-08-08,165186565785,defillama
stable_usdt,2025-08-09,165053491593,defillama
stable_usdt,2025-08-10,165260481580,defillama
stable_usdt,2025-08-11,164561420921,defillama
stable_usdt,2025-08-12,164867620918,defillama
stable_usdt,2025-08-13,164578283964,defillama
stable_usdt,2025-08-14,165087257083,defillama
stable_usdt,2025-08-15,166150657095,defillama
stable_usdt,2025-08-16,166328383729,defillama
stable_usdt,2025-08-17,166328383729,defillama
stable_usdt,2025-08-18,167006860890,defillama
stable_usdt,2025-08-19,167167996960,defillama
stable_usdt,2025-08-20,167271227574,defillama
stable_usdt,2025-08-21,167271227574,defillama
stable_usdt,2025-08-22,166921867399,defillama
stable_usdt,2025-08-23,166921867399,defillama
stable_usdt,2025-08-24,167101537709,defillama
stable_usdt,2025-08-25,167221537708,defillama
stable_usdt,2025-08-26,167238333460,defillama
stable_usdt,2025-08-27,167217333459,defillama
stable_usdt,2025-08-28,167383925958,defillama
stable_usdt,2025-08-29,168429502725,defillama
stable_usdt,2025-08-30,167600371918,defillama
stable_usdt,2025-08-31,168005950273,defillama
stable_usdt,2025-09-01,167960422397,defillama
stable_usdt,2025-09-02,167981863668,defillama
stable_usdt,2025-09-03,166871763653,defillama
stable_usdt,2025-09-04,168285427737,defillama
stable_usdt,2025-09-05,170586184029,defillama
stable_usdt,2025-09-06,168825084008,defillama
stable_usdt,2025-09-07,168825084007,defillama
stable_usdt,2025-09-08,168825084004,defillama
stable_usdt,2025-09-09,168877363164,defillama
stable_usdt,2025-09-10,169048563162,defillama
stable_usdt,2025-09-11,169411163153,defillama
stable_usdt,2025-09-12,169513361626,defillama
stable_usdt,2025-09-13,170102454965,defillama
stable_usdt,2025-09-14,170364871683,defillama
stable_usdt,2025-09-15,170178989121,defillama
stable_usdt,2025-09-16,170624947838,defillama
stable_usdt,2025-09-17,170903775343,defillama
stable_usdt,2025-09-18,171220679162,defillama
stable_usdt,2025-09-19,171395619409,defillama
stable_usdt,2025-09-20,172019220193,defillama
stable_usdt,2025-09-21,172279220193,defillama
stable_usdt,2025-09-22,171971462933,defillama
stable_usdt,2025-09-23,172687580334,defillama
stable_usdt,2025-09-24,173008506231,defillama
stable_usdt,2025-09-25,173336087144,defillama
stable_usdt,2025-09-26,173404033837,defillama
stable_usdt,2025-09-27,174168318428,defillama
stable_usdt,2025-09-28,174376743851,defillama
stable_usdt,2025-09-29,174335617850,defillama
stable_usdt,2025-09-30,174592531943,defillama
stable_usdt,2025-10-01,174875230173,defillama
stable_usdt,2025-10-02,175465763402,defillama
stable_usdt,2025-10-03,176151363391,defillama
stable_usdt,2025-10-04,176615965939,defillama
stable_usdt,2025-10-05,176994189391,defillama
stable_usdt,2025-10-06,176876946043,defillama
stable_usdt,2025-10-07,177383766513,defillama
stable_usdt,2025-10-08,177877724056,defillama
stable_usdt,2025-10-09,178046224055,defillama
stable_usdt,2025-10-10,177415123608,defillama
stable_usdt,2025-10-11,179046344878,defillama
stable_usdt,2025-10-12,179864638049,defillama
stable_usdt,2025-10-13,179989018048,defillama
stable_usdt,2025-10-14,180122114669,defillama
stable_usdt,2025-10-15,180573124485,defillama
stable_usdt,2025-10-16,181293478152,defillama
stable_usdt,2025-10-17,181413378149,defillama
stable_usdt,2025-10-18,181627031669,defillama
stable_usdt,2025-10-19,181833031406,defillama
stable_usdt,2025-10-20,181834571467,defillama
stable_usdt,2025-10-21,182026317119,defillama
stable_usdt,2025-10-22,182533617116,defillama
stable_usdt,2025-10-23,182467850715,defillama
stable_usdt,2025-10-24,182725366353,defillama
stable_usdt,2025-10-25,183034945595,defillama
stable_usdt,2025-10-26,183030712256,defillama
stable_usdt,2025-10-27,183132999190,defillama
stable_usdt,2025-10-28,183191016851,defillama
stable_usdt,2025-10-29,183418916842,defillama
stable_usdt,2025-10-30,183364985897,defillama
stable_usdt,2025-10-31,183363406166,defillama
stable_usdt,2025-11-01,183417069851,defillama
stable_usdt,2025-11-02,183477069850,defillama
stable_usdt,2025-11-03,183567064850,defillama
stable_usdt,2025-11-04,183562064846,defillama
stable_usdt,2025-11-05,183334272915,defillama
stable_usdt,2025-11-06,183524336772,defillama
stable_usdt,2025-11-07,183421456118,defillama
stable_usdt,2025-11-08,183636808748,defillama
stable_usdt,2025-11-09,183443867184,defillama
stable_usdt,2025-11-10,183443867160,defillama
stable_usdt,2025-11-11,183471337794,defillama
stable_usdt,2025-11-12,183558450276,defillama
stable_usdt,2025-11-13,184167697723,defillama
stable_usdt,2025-11-14,184038597717,defillama
stable_usdt,2025-11-15,183997701199,defillama
stable_usdt,2025-11-16,184021451196,defillama
stable_usdt,2025-11-17,184013950770,defillama
stable_usdt,2025-11-18,184004050756,defillama
stable_usdt,2025-11-19,183859084400,defillama
stable_usdt,2025-11-20,183868329147,defillama
stable_usdt,2025-11-21,184757890184,defillama
stable_usdt,2025-11-22,184556081188,defillama
stable_usdt,2025-11-23,184563479971,defillama
stable_usdt,2025-11-24,184373921964,defillama
stable_usdt,2025-11-25,184520644518,defillama
stable_usdt,2025-11-26,184507212685,defillama
stable_usdt,2025-11-27,184539966838,defillama
stable_usdt,2025-11-28,184540266673,defillama
stable_usdt,2025-11-29,184590594407,defillama
stable_usdt,2025-11-30,184578594365,defillama
stable_usdt,2025-12-01,184578594363,defillama
stable_usdt,2025-12-02,184559976578,defillama
stable_usdt,2025-12-03,184661571286,defillama
stable_usdt,2025-12-04,185275678813,defillama
stable_usdt,2025-12-05,185489666066,defillama
stable_usdt,2025-12-06,185671557706,defillama
stable_usdt,2025-12-07,185605589591,defillama
stable_usdt,2025-12-08,185620700098,defillama
stable_usdt,2025-12-09,185694296048,defillama
stable_usdt,2025-12-10,186165611819,defillama
stable_usdt,2025-12-11,186085477252,defillama
stable_usdt,2025-12-12,186124222838,defillama
stable_usdt,2025-12-13,186227170549,defillama
stable_usdt,2025-12-14,186224670549,defillama
stable_usdt,2025-12-15,186224670548,defillama
stable_usdt,2025-12-16,186314670545,defillama
stable_usdt,2025-12-17,186299880874,defillama
stable_usdt,2025-12-18,186293380860,defillama
stable_usdt,2025-12-19,186248060817,defillama
stable_usdt,2025-12-20,186367744185,defillama
stable_usdt,2025-12-21,186797744183,defillama
stable_usdt,2025-12-22,186797744182,defillama
stable_usdt,2025-12-23,186880324181,defillama
stable_usdt,2025-12-24,187100147046,defillama
stable_usdt,2025-12-25,186863540033,defillama
stable_usdt,2025-12-26,186861373315,defillama
stable_usdt,2025-12-27,186852272294,defillama
stable_usdt,2025-12-28,186800272292,defillama
stable_usdt,2025-12-29,186800272291,defillama
stable_usdt,2025-12-30,187303272279,defillama
stable_usdt,2025-12-31,187311388515,defillama
stable_usdt,2026-01-01,187261227273,defillama
stable_usdt,2026-01-02,187074832375,defillama
stable_usdt,2026-01-03,187214832372,defillama
stable_usdt,2026-01-04,187083832372,defillama
stable_usdt,2026-01-05,187083832369,defillama
stable_usdt,2026-01-06,187293532611,defillama
stable_usdt,2026-01-07,187067881365,defillama
stable_usdt,2026-01-08,187068870349,defillama
stable_usdt,2026-01-09,186177870330,defillama
stable_usdt,2026-01-10,186939883564,defillama
stable_usdt,2026-01-11,187045563563,defillama
stable_usdt,2026-01-12,186939883553,defillama
stable_usdt,2026-01-13,186906829735,defillama
stable_usdt,2026-01-14,186821887714,defillama
stable_usdt,2026-01-15,186790391342,defillama
stable_usdt,2026-01-16,186679205004,defillama
stable_usdt,2026-01-17,186660995531,defillama
stable_usdt,2026-01-18,186660995511,defillama
stable_usdt,2026-01-19,186964415062,defillama
stable_usdt,2026-01-20,186972526151,defillama
stable_usdt,2026-01-21,186985577484,defillama
stable_usdt,2026-01-22,186886791640,defillama
stable_usdt,2026-01-23,186891791639,defillama
stable_usdt,2026-01-24,186870822577,defillama
stable_usdt,2026-01-25,186870822575,defillama
stable_usdt,2026-01-26,186855914873,defillama
stable_usdt,2026-01-27,186508591426,defillama
stable_usdt,2026-01-28,186398204268,defillama
stable_usdt,2026-01-29,186303395123,defillama
stable_usdt,2026-01-30,185817215159,defillama
stable_usdt,2026-01-31,185577215258,defillama
stable_usdt,2026-02-01,185342539535,defillama
stable_usdt,2026-02-02,185398845864,defillama
stable_usdt,2026-02-03,185300658701,defillama
stable_usdt,2026-02-04,185161878190,defillama
stable_usdt,2026-02-05,185685527539,defillama
stable_usdt,2026-02-06,185261468141,defillama
stable_usdt,2026-02-07,183583056218,defillama
stable_usdt,2026-02-08,183456556217,defillama
stable_usdt,2026-02-09,184542486578,defillama
stable_usdt,2026-02-10,184487425874,defillama
stable_usdt,2026-02-11,184363356800,defillama
stable_usdt,2026-02-12,183990423483,defillama
stable_usdt,2026-02-13,183916921483,defillama
stable_usdt,2026-02-14,183786298904,defillama
stable_usdt,2026-02-15,183781798903,defillama
stable_usdt,2026-02-16,183747148903,defillama
stable_usdt,2026-02-17,183721226771,defillama
stable_usdt,2026-02-18,183710926769,defillama
stable_usdt,2026-02-19,183711211231,defillama
stable_usdt,2026-02-20,183708077229,defillama
stable_usdt,2026-02-21,182601277225,defillama
stable_usdt,2026-02-22,182621277216,defillama
stable_usdt,2026-02-23,183593577216,defillama
stable_usdt,2026-02-24,183600237166,defillama
stable_usdt,2026-02-25,183623080164,defillama
stable_usdt,2026-02-26,183657380162,defillama
stable_usdt,2026-02-27,183449012069,defillama
stable_usdt,2026-02-28,183566910286,defillama
stable_usdt,2026-03-01,183481912039,defillama
stable_usdt,2026-03-02,183603207038,defillama
stable_usdt,2026-03-03,183647207037,defillama
stable_usdt,2026-03-04,183682010410,defillama
stable_usdt,2026-03-05,183867859980,defillama
stable_usdt,2026-03-06,184001159386,defillama
stable_usdt,2026-03-07,183939734587,defillama
stable_usdt,2026-03-08,183939734585,defillama
stable_usdt,2026-03-09,183878877627,defillama
stable_usdt,2026-03-10,184094103543,defillama
stable_usdt,2026-03-11,183859471310,defillama
stable_usdt,2026-03-12,183929240437,defillama
stable_usdt,2026-03-13,183959859223,defillama
stable_usdt,2026-03-14,183981656765,defillama
stable_usdt,2026-03-15,184001656763,defillama
stable_usdt,2026-03-16,184001656762,defillama
stable_usdt,2026-03-17,184040242955,defillama
stable_usdt,2026-03-18,184061441677,defillama
stable_usdt,2026-03-19,183294383734,defillama
stable_usdt,2026-03-20,184152626358,defillama
stable_usdt,2026-03-21,184151626357,defillama
stable_usdt,2026-03-22,184200486118,defillama
stable_usdt,2026-03-23,184154286014,defillama
stable_usdt,2026-03-24,184152675122,defillama
stable_usdt,2026-03-25,184197857195,defillama
stable_usdt,2026-03-26,184185892777,defillama
stable_usdt,2026-03-27,184184487538,defillama
stable_usdt,2026-03-28,184166309525,defillama
stable_usdt,2026-03-29,184166309523,defillama
stable_usdt,2026-03-30,184166309516,defillama
stable_usdt,2026-03-31,184191337488,defillama
stable_usdt,2026-04-01,184192097658,defillama
stable_usdt,2026-04-02,184132980772,defillama
stable_usdt,2026-04-03,183931424483,defillama
stable_usdt,2026-04-04,184133813594,defillama
stable_usdt,2026-04-05,184120813592,defillama
stable_usdt,2026-04-06,184120813591,defillama
stable_usdt,2026-04-07,184075498313,defillama
stable_usdt,2026-04-08,184587298322,defillama
stable_usdt,2026-04-09,184080515963,defillama
stable_usdt,2026-04-10,184119405073,defillama
stable_usdt,2026-04-11,184252225449,defillama
stable_usdt,2026-04-12,184342225447,defillama
stable_usdt,2026-04-13,184405652445,defillama
stable_usdt,2026-04-14,184717963773,defillama
stable_usdt,2026-04-15,185446684215,defillama
stable_usdt,2026-04-16,185453084206,defillama
stable_usdt,2026-04-17,185778133795,defillama
stable_usdt,2026-04-18,186581469848,defillama
stable_usdt,2026-04-19,186841469847,defillama
stable_usdt,2026-04-20,187191969805,defillama
stable_usdt,2026-04-21,187885312105,defillama
stable_usdt,2026-04-22,188752981910,defillama
stable_usdt,2026-04-23,188775276509,defillama
stable_usdt,2026-04-24,189634641748,defillama
stable_usdt,2026-04-25,189637493986,defillama
stable_usdt,2026-04-26,189763953903,defillama
stable_usdt,2026-04-27,189733953885,defillama
stable_usdt,2026-04-28,189702264419,defillama
stable_usdt,2026-04-29,189662863914,defillama
stable_usdt,2026-04-30,189569482834,defillama
stable_usdt,2026-05-01,189543857677,defillama
stable_usdt,2026-05-02,189557557704,defillama
stable_usdt,2026-05-03,189557557526,defillama
stable_usdt,2026-05-04,189557557525,defillama
stable_usdt,2026-05-05,189543901543,defillama
stable_usdt,2026-05-06,189543501975,defillama
stable_usdt,2026-05-07,189620415595,defillama
stable_usdt,2026-05-08,189684479477,defillama
stable_usdt,2026-05-09,189660928647,defillama
stable_usdt,2026-05-10,189660928627,defillama
stable_usdt,2026-05-11,189660928627,defillama
stable_usdt,2026-05-12,189799527727,defillama
stable_usdt,2026-05-13,189785942690,defillama
stable_usdt,2026-05-14,189826819800,defillama
stable_usdt,2026-05-15,189827241530,defillama
stable_usdt,2026-05-16,189793911824,defillama
stable_usdt,2026-05-17,189778611129,defillama
stable_usdt,2026-05-18,189785611120,defillama
stable_usdt,2026-05-19,189825799111,defillama
stable_usdt,2026-05-20,190433722531,defillama
stable_usdt,2026-05-21,189811692787,defillama
stable_usdt,2026-05-22,189822193050,defillama
stable_usdt,2026-05-23,189689589981,defillama
stable_usdt,2026-05-24,189690479084,defillama
stable_usdt,2026-05-25,189602479076,defillama
stable_usdt,2026-05-26,189603164022,defillama
stable_usdt,2026-05-27,189551916392,defillama
stable_usdt,2026-05-28,189403226522,defillama
stable_usdt,2026-05-29,188928726319,defillama
stable_usdt,2026-05-30,188445050162,defillama
stable_usdt,2026-05-31,188445050151,defillama
stable_usdt,2026-06-01,188208550099,defillama
stable_usdt,2026-06-02,188213328258,defillama
stable_usdt,2026-06-03,188073122085,defillama
stable_usdt,2026-06-04,187494033381,defillama
stable_usdt,2026-06-05,187198022473,defillama
stable_usdt,2026-06-06,187293022469,defillama
stable_usdt,2026-06-07,186928730081,defillama
stable_usdt,2026-06-08,186928730080,defillama
stable_usdt,2026-06-09,186923648138,defillama
stable_usdt,2026-06-10,186919022158,defillama
stable_usdt,2026-06-11,186901301278,defillama
stable_usdt,2026-06-12,186874601278,defillama
stable_usdt,2026-06-13,186554027088,defillama
stable_usdt,2026-06-14,186545971088,defillama
stable_usdt,2026-06-15,186518471084,defillama
stable_usdt,2026-06-16,186490011079,defillama
stable_usdt,2026-06-17,186583466515,defillama
stable_usdt,2026-06-18,186553322590,defillama
stable_usdt,2026-06-19,186440788208,defillama
stable_usdt,2026-06-20,186406006279,defillama
stable_usdt,2026-06-21,186406006277,defillama
stable_usdt,2026-06-22,186406006277,defillama
stable_usdt,2026-06-23,186304747882,defillama
stable_usdt,2026-06-24,186305867760,defillama
stable_usdt,2026-06-25,186326767609,defillama
stable_usdt,2026-06-26,186327691674,defillama
stable_usdt,2026-06-27,185162740804,defillama
stable_usdt,2026-06-28,185162740804,defillama
stable_usdt,2026-06-29,185142740797,defillama
stable_usdt,2026-06-30,184960273387,defillama
stable_usdt,2026-07-01,184637556560,defillama
stable_usdt,2026-07-02,184630761247,defillama
stable_usdt,2026-07-03,184259156627,defillama
stable_usdt,2026-07-04,184252716069,defillama
stable_usdt,2026-07-05,184253816068,defillama
stable_usdt,2026-07-06,184303816067,defillama
stable_usdt,2026-07-07,184334235438,defillama
stable_usdt,2026-07-08,183120936383,defillama
stable_usdt,2026-07-09,183409285255,defillama
stable_usdt,2026-07-10,184276553999,defillama
stable_usdt,2026-07-11,184279015269,defillama
stable_usdt,2026-07-12,184279015269,defillama
stable_usdt,2026-07-13,184270015266,defillama
stable_usdt,2026-07-14,184360015264,defillama
stable_usdt,2026-07-15,184321163972,defillama
stable_usdt,2026-07-16,184203563971,defillama
stable_usdt,2026-07-17,184174124548,defillama
stable_usdt,2026-07-18,184192729802,defillama
stable_usdt,2026-07-19,184192729801,defillama
stable_usdt,2026-07-20,184192729800,defillama
stable_usdt,2026-07-21,184188776753,defillama
stable_usdt,2026-07-22,184268776752,defillama
stable_usdt,2026-07-23,183200347298,defillama
stable_usdt,2026-07-24,184126250265,defillama
stable_usdt,2026-07-25,184451250259,defillama
stable_usdt,2026-07-26,184451500248,defillama
stable_usdt,2026-07-27,184096055246,defillama
stable_usdt,2026-07-28,184110200248,defillama
stable_usdt,2026-07-29,184024280730,defillama
stable_usdt,2026-07-30,184085363942,defillama
stable_usdt,2026-07-31,183453533910,defillama
stable_usdt,2026-08-01,183516712264,defillama
stable_usdt,2026-08-02,183410513830,defillama
stable_usdt,2026-08-03,183389013965,defillama
stable_usdt,2026-08-04,183213347594,defillama
stable_usdt,2026-08-05,183223939641,defillama
stable_usdt,2026-08-06,183523746636,defillama
stable_usdt,2026-08-07,183475699331,defillama
stable_usdt,2026-08-08,183215274331,defillama
stable_usdt,2026-08-09,183215274329,defillama
stable_usdt,2026-08-10,183215271475,defillama
stable_usdt,2026-08-11,182132111450,defillama
stable_usdt,2026-08-12,183147832500,defillama
stable_usdt,2026-08-13,183147832499,defillama
stable_usdt,2026-08-14,183125703998,defillama
stable_usdt,2026-08-15,183207603991,defillama
stable_usdt,2026-08-16,183124065071,defillama
stable_usdt,2026-08-17,183124065071,defillama
stable_usdt,2026-08-18,183097065066,defillama
stable_usdt,2026-08-19,183056965049,defillama
stable_usdt,2026-08-20,183069204367,defillama
stable_usdt,2026-08-21,183074599308,defillama
stable_usdt,2026-08-22,183174913324.7946,defillama
stable_ustc,2020-11-26,13242137,defillama
stable_ustc,2020-11-27,15615875,defillama
stable_ustc,2020-11-28,17429852,defillama
stable_ustc,2020-11-29,17361104,defillama
stable_ustc,2020-11-30,17380031,defillama
stable_ustc,2020-12-01,17438015,defillama
stable_ustc,2020-12-02,17591934,defillama
stable_ustc,2020-12-03,23577081,defillama
stable_ustc,2020-12-04,101039878,defillama
stable_ustc,2020-12-05,104252290,defillama
stable_ustc,2020-12-06,107833484,defillama
stable_ustc,2020-12-07,111579187,defillama
stable_ustc,2020-12-08,118292291,defillama
stable_ustc,2020-12-09,125312764,defillama
stable_ustc,2020-12-10,124170954,defillama
stable_ustc,2020-12-11,130420098,defillama
stable_ustc,2020-12-12,143014467,defillama
stable_ustc,2020-12-13,143343276,defillama
stable_ustc,2020-12-14,142780512,defillama
stable_ustc,2020-12-15,144128190,defillama
stable_ustc,2020-12-16,143040623,defillama
stable_ustc,2020-12-17,147470740,defillama
stable_ustc,2020-12-18,148668216,defillama
stable_ustc,2020-12-19,151358106,defillama
stable_ustc,2020-12-20,150103234,defillama
stable_ustc,2020-12-21,150028629,defillama
stable_ustc,2020-12-22,153241994,defillama
stable_ustc,2020-12-23,153266408,defillama
stable_ustc,2020-12-24,157942086,defillama
stable_ustc,2020-12-25,163744863,defillama
stable_ustc,2020-12-26,167668179,defillama
stable_ustc,2020-12-27,163180750,defillama
stable_ustc,2020-12-28,163775223,defillama
stable_ustc,2020-12-29,167355203,defillama
stable_ustc,2020-12-30,174392497,defillama
stable_ustc,2020-12-31,182459747,defillama
stable_ustc,2021-01-01,180996653,defillama
stable_ustc,2021-01-02,182695620,defillama
stable_ustc,2021-01-03,182264240,defillama
stable_ustc,2021-01-04,182908574,defillama
stable_ustc,2021-01-05,182776687,defillama
stable_ustc,2021-01-06,186343479,defillama
stable_ustc,2021-01-07,188718319,defillama
stable_ustc,2021-01-08,184737918,defillama
stable_ustc,2021-01-09,187409433,defillama
stable_ustc,2021-01-10,184841886,defillama
stable_ustc,2021-01-11,186328685,defillama
stable_ustc,2021-01-12,187675579,defillama
stable_ustc,2021-01-13,195438405,defillama
stable_ustc,2021-01-14,191936818,defillama
stable_ustc,2021-01-15,196616422,defillama
stable_ustc,2021-01-16,195927505,defillama
stable_ustc,2021-01-17,195924961,defillama
stable_ustc,2021-01-18,189913267,defillama
stable_ustc,2021-01-19,196732008,defillama
stable_ustc,2021-01-20,194769590,defillama
stable_ustc,2021-01-21,200790261,defillama
stable_ustc,2021-01-22,205668542,defillama
stable_ustc,2021-01-23,214725091,defillama
stable_ustc,2021-01-24,224052092,defillama
stable_ustc,2021-01-25,223650264,defillama
stable_ustc,2021-01-26,247574811,defillama
stable_ustc,2021-01-27,252884504,defillama
stable_ustc,2021-01-28,257329636,defillama
stable_ustc,2021-01-29,262359412,defillama
stable_ustc,2021-01-30,266350104,defillama
stable_ustc,2021-01-31,268897724,defillama
stable_ustc,2021-02-01,271155216,defillama
stable_ustc,2021-02-02,267992240,defillama
stable_ustc,2021-02-03,268915557,defillama
stable_ustc,2021-02-04,263074628,defillama
stable_ustc,2021-02-05,259223161,defillama
stable_ustc,2021-02-06,263390001,defillama
stable_ustc,2021-02-07,260286059,defillama
stable_ustc,2021-02-08,265615501,defillama
stable_ustc,2021-02-09,273647826,defillama
stable_ustc,2021-02-10,289765660,defillama
stable_ustc,2021-02-11,306966763,defillama
stable_ustc,2021-02-12,331462871,defillama
stable_ustc,2021-02-13,365122480,defillama
stable_ustc,2021-02-14,396505375,defillama
stable_ustc,2021-02-15,422549669,defillama
stable_ustc,2021-02-16,438016349,defillama
stable_ustc,2021-02-17,461443491,defillama
stable_ustc,2021-02-18,484715026,defillama
stable_ustc,2021-02-19,501750520,defillama
stable_ustc,2021-02-20,521546592,defillama
stable_ustc,2021-02-21,538886198,defillama
stable_ustc,2021-02-22,560260122,defillama
stable_ustc,2021-02-23,586177311,defillama
stable_ustc,2021-02-24,591479770,defillama
stable_ustc,2021-02-25,609048879,defillama
stable_ustc,2021-02-26,628633241,defillama
stable_ustc,2021-02-27,656411130,defillama
stable_ustc,2021-02-28,674569400,defillama
stable_ustc,2021-03-01,692211929,defillama
stable_ustc,2021-03-02,707076387,defillama
stable_ustc,2021-03-03,719032691,defillama
stable_ustc,2021-03-04,725186555,defillama
stable_ustc,2021-03-05,748242160,defillama
stable_ustc,2021-03-06,766350469,defillama
stable_ustc,2021-03-07,774838573,defillama
stable_ustc,2021-03-08,786020202,defillama
stable_ustc,2021-03-09,805533803,defillama
stable_ustc,2021-03-10,832898279,defillama
stable_ustc,2021-03-11,866999031,defillama
stable_ustc,2021-03-12,904563979,defillama
stable_ustc,2021-03-13,961849044,defillama
stable_ustc,2021-03-14,1006013914,defillama
stable_ustc,2021-03-15,1026406078,defillama
stable_ustc,2021-03-16,1065669556,defillama
stable_ustc,2021-03-17,1136234637,defillama
stable_ustc,2021-03-18,1189864976,defillama
stable_ustc,2021-03-19,1246903329,defillama
stable_ustc,2021-03-20,1284421584,defillama
stable_ustc,2021-03-21,1303211668,defillama
stable_ustc,2021-03-22,1335453603,defillama
stable_ustc,2021-03-23,1368166974,defillama
stable_ustc,2021-03-24,1397152653,defillama
stable_ustc,2021-03-25,1423201064,defillama
stable_ustc,2021-03-26,1438220373,defillama
stable_ustc,2021-03-27,1486848213,defillama
stable_ustc,2021-03-28,1512990095,defillama
stable_ustc,2021-03-29,1582514892,defillama
stable_ustc,2021-03-30,1578659513,defillama
stable_ustc,2021-03-31,1599916247,defillama
stable_ustc,2021-04-01,1621615752,defillama
stable_ustc,2021-04-02,1648440936,defillama
stable_ustc,2021-04-03,1667896335,defillama
stable_ustc,2021-04-04,1672554748,defillama
stable_ustc,2021-04-05,1682924322,defillama
stable_ustc,2021-04-06,1688553144,defillama
stable_ustc,2021-04-07,1706524798,defillama
stable_ustc,2021-04-08,1706888333,defillama
stable_ustc,2021-04-09,1733893094,defillama
stable_ustc,2021-04-10,1742430630,defillama
stable_ustc,2021-04-11,1759890255,defillama
stable_ustc,2021-04-12,1749622791,defillama
stable_ustc,2021-04-13,1755775138,defillama
stable_ustc,2021-04-14,1781026834,defillama
stable_ustc,2021-04-15,1776099438,defillama
stable_ustc,2021-04-16,1782877757,defillama
stable_ustc,2021-04-17,1818748633,defillama
stable_ustc,2021-04-18,1788020223,defillama
stable_ustc,2021-04-19,1809085957,defillama
stable_ustc,2021-04-20,1810300749,defillama
stable_ustc,2021-04-21,1832654234,defillama
stable_ustc,2021-04-22,1846520540,defillama
stable_ustc,2021-04-23,1869361953,defillama
stable_ustc,2021-04-24,1878694163,defillama
stable_ustc,2021-04-25,1850753699,defillama
stable_ustc,2021-04-26,1876765685,defillama
stable_ustc,2021-04-27,1888102954,defillama
stable_ustc,2021-04-28,1925324171,defillama
stable_ustc,2021-04-29,1937346784,defillama
stable_ustc,2021-04-30,1990811954,defillama
stable_ustc,2021-05-01,2000446047,defillama
stable_ustc,2021-05-02,1983076788,defillama
stable_ustc,2021-05-03,1963935354,defillama
stable_ustc,2021-05-04,1992533309,defillama
stable_ustc,2021-05-05,1979856497,defillama
stable_ustc,2021-05-06,2010279975,defillama
stable_ustc,2021-05-07,2026281048,defillama
stable_ustc,2021-05-08,2045481814,defillama
stable_ustc,2021-05-09,2039881803,defillama
stable_ustc,2021-05-10,2064582684,defillama
stable_ustc,2021-05-11,2059129166,defillama
stable_ustc,2021-05-12,2069932399,defillama
stable_ustc,2021-05-13,2106678399,defillama
stable_ustc,2021-05-14,2095362684,defillama
stable_ustc,2021-05-15,2103571317,defillama
stable_ustc,2021-05-16,2071971554,defillama
stable_ustc,2021-05-17,2092306172,defillama
stable_ustc,2021-05-18,2100838021,defillama
stable_ustc,2021-05-19,2101187789,defillama
stable_ustc,2021-05-20,2083366102,defillama
stable_ustc,2021-05-21,2075509536,defillama
stable_ustc,2021-05-22,2038906735,defillama
stable_ustc,2021-05-23,2054588721,defillama
stable_ustc,2021-05-24,1977566229,defillama
stable_ustc,2021-05-25,1956466938,defillama
stable_ustc,2021-05-26,1972245125,defillama
stable_ustc,2021-05-27,1987543578,defillama
stable_ustc,2021-05-28,1959358866,defillama
stable_ustc,2021-05-29,1973782017,defillama
stable_ustc,2021-05-30,1971208638,defillama
stable_ustc,2021-05-31,1946225596,defillama
stable_ustc,2021-06-01,1955588034,defillama
stable_ustc,2021-06-02,1953179251,defillama
stable_ustc,2021-06-03,1940930268,defillama
stable_ustc,2021-06-04,1945661912,defillama
stable_ustc,2021-06-05,1927879787,defillama
stable_ustc,2021-06-06,1926330756,defillama
stable_ustc,2021-06-07,1917365117,defillama
stable_ustc,2021-06-08,1900296377,defillama
stable_ustc,2021-06-09,1914174198,defillama
stable_ustc,2021-06-10,1924208254,defillama
stable_ustc,2021-06-11,1902551017,defillama
stable_ustc,2021-06-12,1893962342,defillama
stable_ustc,2021-06-13,1908764286,defillama
stable_ustc,2021-06-14,1907257653,defillama
stable_ustc,2021-06-15,1911996616,defillama
stable_ustc,2021-06-16,1911393730,defillama
stable_ustc,2021-06-17,1903095522,defillama
stable_ustc,2021-06-18,1905173470,defillama
stable_ustc,2021-06-19,1912009293,defillama
stable_ustc,2021-06-20,1919250506,defillama
stable_ustc,2021-06-21,1915273312,defillama
stable_ustc,2021-06-22,1912755097,defillama
stable_ustc,2021-06-23,1910436240,defillama
stable_ustc,2021-06-24,1913916841,defillama
stable_ustc,2021-06-25,1910054196,defillama
stable_ustc,2021-06-26,1921153241,defillama
stable_ustc,2021-06-27,1912205211,defillama
stable_ustc,2021-06-28,1918039600,defillama
stable_ustc,2021-06-29,1915705544,defillama
stable_ustc,2021-06-30,1909731951,defillama
stable_ustc,2021-07-01,1914998090,defillama
stable_ustc,2021-07-02,1914589906,defillama
stable_ustc,2021-07-03,1932209162,defillama
stable_ustc,2021-07-04,1937022486,defillama
stable_ustc,2021-07-05,1931190208,defillama
stable_ustc,2021-07-06,1925256633,defillama
stable_ustc,2021-07-07,1932525174,defillama
stable_ustc,2021-07-08,1924737357,defillama
stable_ustc,2021-07-09,1937781216,defillama
stable_ustc,2021-07-10,1930774498,defillama
stable_ustc,2021-07-11,1936089037,defillama
stable_ustc,2021-07-12,1932809893,defillama
stable_ustc,2021-07-13,1941949533,defillama
stable_ustc,2021-07-14,1934009493,defillama
stable_ustc,2021-07-15,2004289705,defillama
stable_ustc,2021-07-16,2000467904,defillama
stable_ustc,2021-07-17,2007110173,defillama
stable_ustc,2021-07-18,2016889577,defillama
stable_ustc,2021-07-19,2018642750,defillama
stable_ustc,2021-07-20,2021965902,defillama
stable_ustc,2021-07-21,2025819746,defillama
stable_ustc,2021-07-22,2020551244,defillama
stable_ustc,2021-07-23,2027495790,defillama
stable_ustc,2021-07-24,2031398815,defillama
stable_ustc,2021-07-25,2035462506,defillama
stable_ustc,2021-07-26,2051862562,defillama
stable_ustc,2021-07-27,2021888549,defillama
stable_ustc,2021-07-28,2030945123,defillama
stable_ustc,2021-07-29,2034392049,defillama
stable_ustc,2021-07-30,2039819715,defillama
stable_ustc,2021-07-31,2050432829,defillama
stable_ustc,2021-08-01,2040373962,defillama
stable_ustc,2021-08-02,2038334356,defillama
stable_ustc,2021-08-03,2048633373,defillama
stable_ustc,2021-08-04,2053754289,defillama
stable_ustc,2021-08-05,2053400083,defillama
stable_ustc,2021-08-06,2051683444,defillama
stable_ustc,2021-08-07,2067681888,defillama
stable_ustc,2021-08-08,2071805888,defillama
stable_ustc,2021-08-09,2055696607,defillama
stable_ustc,2021-08-10,2085701479,defillama
stable_ustc,2021-08-11,2085258276,defillama
stable_ustc,2021-08-12,2091788007,defillama
stable_ustc,2021-08-13,2112730425,defillama
stable_ustc,2021-08-14,2108565709,defillama
stable_ustc,2021-08-15,2109762346,defillama
stable_ustc,2021-08-16,2106904211,defillama
stable_ustc,2021-08-17,2135949282,defillama
stable_ustc,2021-08-18,2174131106,defillama
stable_ustc,2021-08-19,2207440373,defillama
stable_ustc,2021-08-20,2250123999,defillama
stable_ustc,2021-08-21,2258953323,defillama
stable_ustc,2021-08-22,2264154535,defillama
stable_ustc,2021-08-23,2297101395,defillama
stable_ustc,2021-08-24,2294757507,defillama
stable_ustc,2021-08-25,2303479892,defillama
stable_ustc,2021-08-26,2321648450,defillama
stable_ustc,2021-08-27,2339701905,defillama
stable_ustc,2021-08-28,2351431706,defillama
stable_ustc,2021-08-29,2358819157,defillama
stable_ustc,2021-08-30,2356554918,defillama
stable_ustc,2021-08-31,2378384848,defillama
stable_ustc,2021-09-01,2401286170,defillama
stable_ustc,2021-09-02,2416087793,defillama
stable_ustc,2021-09-03,2425350892,defillama
stable_ustc,2021-09-04,2427136890,defillama
stable_ustc,2021-09-05,2444442892,defillama
stable_ustc,2021-09-06,2444928839,defillama
stable_ustc,2021-09-07,2458209005,defillama
stable_ustc,2021-09-08,2464769354,defillama
stable_ustc,2021-09-09,2462761292,defillama
stable_ustc,2021-09-10,2482208233,defillama
stable_ustc,2021-09-11,2528836441,defillama
stable_ustc,2021-09-12,2560622395,defillama
stable_ustc,2021-09-13,2563493660,defillama
stable_ustc,2021-09-14,2570805210,defillama
stable_ustc,2021-09-15,2584528810,defillama
stable_ustc,2021-09-16,2592079756,defillama
stable_ustc,2021-09-17,2598087174,defillama
stable_ustc,2021-09-18,2617402696,defillama
stable_ustc,2021-09-19,2617139675,defillama
stable_ustc,2021-09-20,2623495872,defillama
stable_ustc,2021-09-21,2629095366,defillama
stable_ustc,2021-09-22,2621590320,defillama
stable_ustc,2021-09-23,2640628718,defillama
stable_ustc,2021-09-24,2659501395,defillama
stable_ustc,2021-09-25,2664721042,defillama
stable_ustc,2021-09-26,2671117375,defillama
stable_ustc,2021-09-27,2670162112,defillama
stable_ustc,2021-09-28,2642758612,defillama
stable_ustc,2021-09-29,2660491838,defillama
stable_ustc,2021-09-30,2686471017,defillama
stable_ustc,2021-10-01,2682926089,defillama
stable_ustc,2021-10-02,2677362426,defillama
stable_ustc,2021-10-03,2677864797,defillama
stable_ustc,2021-10-04,2683753467,defillama
stable_ustc,2021-10-05,2694117029,defillama
stable_ustc,2021-10-06,2694867130,defillama
stable_ustc,2021-10-07,2697338241,defillama
stable_ustc,2021-10-08,2707635487,defillama
stable_ustc,2021-10-09,2721993797,defillama
stable_ustc,2021-10-10,2728171410,defillama
stable_ustc,2021-10-11,2723943737,defillama
stable_ustc,2021-10-12,2736019288,defillama
stable_ustc,2021-10-13,2733502796,defillama
stable_ustc,2021-10-14,2737936745,defillama
stable_ustc,2021-10-15,2728714980,defillama
stable_ustc,2021-10-16,2740231570,defillama
stable_ustc,2021-10-17,2739966477,defillama
stable_ustc,2021-10-18,2744132895,defillama
stable_ustc,2021-10-19,2741426899,defillama
stable_ustc,2021-10-20,2743263380,defillama
stable_ustc,2021-10-21,2746816272,defillama
stable_ustc,2021-10-22,2738407821,defillama
stable_ustc,2021-10-23,2750181134,defillama
stable_ustc,2021-10-24,2764468105,defillama
stable_ustc,2021-10-25,2763448642,defillama
stable_ustc,2021-10-26,2774713547,defillama
stable_ustc,2021-10-27,2778732266,defillama
stable_ustc,2021-10-28,2750798793,defillama
stable_ustc,2021-10-29,2763955939,defillama
stable_ustc,2021-10-30,2778199134,defillama
stable_ustc,2021-10-31,2799566037,defillama
stable_ustc,2021-11-01,2791584848,defillama
stable_ustc,2021-11-02,2810469657,defillama
stable_ustc,2021-11-03,2820545451,defillama
stable_ustc,2021-11-04,2835250014,defillama
stable_ustc,2021-11-05,2847693085,defillama
stable_ustc,2021-11-06,2877729827,defillama
stable_ustc,2021-11-07,2871678834,defillama
stable_ustc,2021-11-08,2887191031,defillama
stable_ustc,2021-11-09,2891021036,defillama
stable_ustc,2021-11-10,2892634809,defillama
stable_ustc,2021-11-11,3274206888,defillama
stable_ustc,2021-11-12,3727101564,defillama
stable_ustc,2021-11-13,4166964669,defillama
stable_ustc,2021-11-14,4606817166,defillama
stable_ustc,2021-11-15,5051899538,defillama
stable_ustc,2021-11-16,5477833315,defillama
stable_ustc,2021-11-17,5843417012,defillama
stable_ustc,2021-11-18,6194381290,defillama
stable_ustc,2021-11-19,6561848168,defillama
stable_ustc,2021-11-20,6944879450,defillama
stable_ustc,2021-11-21,7212409111,defillama
stable_ustc,2021-11-22,7204865505,defillama
stable_ustc,2021-11-23,7180165903,defillama
stable_ustc,2021-11-24,7213847802,defillama
stable_ustc,2021-11-25,7225617740,defillama
stable_ustc,2021-11-26,7274789678,defillama
stable_ustc,2021-11-27,7333761789,defillama
stable_ustc,2021-11-28,7382612553,defillama
stable_ustc,2021-11-29,7474770811,defillama
stable_ustc,2021-11-30,7530871472,defillama
stable_ustc,2021-12-01,7640533593,defillama
stable_ustc,2021-12-02,7674207403,defillama
stable_ustc,2021-12-03,7773951136,defillama
stable_ustc,2021-12-04,7884418935,defillama
stable_ustc,2021-12-05,8007154584,defillama
stable_ustc,2021-12-06,8148353674,defillama
stable_ustc,2021-12-07,8237853799,defillama
stable_ustc,2021-12-08,8338427928,defillama
stable_ustc,2021-12-09,8465127379,defillama
stable_ustc,2021-12-10,8562381898,defillama
stable_ustc,2021-12-11,8615419862,defillama
stable_ustc,2021-12-12,8633575158,defillama
stable_ustc,2021-12-13,8648223382,defillama
stable_ustc,2021-12-14,8704613276,defillama
stable_ustc,2021-12-15,8782368949,defillama
stable_ustc,2021-12-16,8789912638,defillama
stable_ustc,2021-12-17,8781289057,defillama
stable_ustc,2021-12-18,8822626085,defillama
stable_ustc,2021-12-19,8914815189,defillama
stable_ustc,2021-12-20,8964090959,defillama
stable_ustc,2021-12-21,9191734978,defillama
stable_ustc,2021-12-22,9325236857,defillama
stable_ustc,2021-12-23,9485666164,defillama
stable_ustc,2021-12-24,9623396016,defillama
stable_ustc,2021-12-25,9787157835,defillama
stable_ustc,2021-12-26,9904722625,defillama
stable_ustc,2021-12-27,9958033238,defillama
stable_ustc,2021-12-28,10031080239,defillama
stable_ustc,2021-12-29,10063782296,defillama
stable_ustc,2021-12-30,10045365681,defillama
stable_ustc,2021-12-31,10128455991,defillama
stable_ustc,2022-01-01,10135310922,defillama
stable_ustc,2022-01-02,10163834119,defillama
stable_ustc,2022-01-03,10150368764,defillama
stable_ustc,2022-01-04,10257790611,defillama
stable_ustc,2022-01-05,10329098172,defillama
stable_ustc,2022-01-06,10409822849,defillama
stable_ustc,2022-01-07,10433344722,defillama
stable_ustc,2022-01-08,10444976281,defillama
stable_ustc,2022-01-09,10450726987,defillama
stable_ustc,2022-01-10,10434515920,defillama
stable_ustc,2022-01-11,10513262058,defillama
stable_ustc,2022-01-12,10557904040,defillama
stable_ustc,2022-01-13,10569377177,defillama
stable_ustc,2022-01-14,10606258642,defillama
stable_ustc,2022-01-15,10621119374,defillama
stable_ustc,2022-01-16,10655723578,defillama
stable_ustc,2022-01-17,10689439272,defillama
stable_ustc,2022-01-18,10771359360,defillama
stable_ustc,2022-01-19,10756022709,defillama
stable_ustc,2022-01-20,10795236737,defillama
stable_ustc,2022-01-21,10860895957,defillama
stable_ustc,2022-01-22,10923420689,defillama
stable_ustc,2022-01-23,11026887688,defillama
stable_ustc,2022-01-24,11061947282,defillama
stable_ustc,2022-01-25,11218730052,defillama
stable_ustc,2022-01-26,11206229010,defillama
stable_ustc,2022-01-27,11250684935,defillama
stable_ustc,2022-01-28,11273109705,defillama
stable_ustc,2022-01-29,11240471983,defillama
stable_ustc,2022-01-30,11283338083,defillama
stable_ustc,2022-01-31,11280745651,defillama
stable_ustc,2022-02-01,11262058917,defillama
stable_ustc,2022-02-02,11282458972,defillama
stable_ustc,2022-02-03,11303651237,defillama
stable_ustc,2022-02-04,11300504874,defillama
stable_ustc,2022-02-05,11320852763,defillama
stable_ustc,2022-02-06,11292788462,defillama
stable_ustc,2022-02-07,11312825211,defillama
stable_ustc,2022-02-08,11257757314,defillama
stable_ustc,2022-02-09,11271451797,defillama
stable_ustc,2022-02-10,11271986399,defillama
stable_ustc,2022-02-11,11252052978,defillama
stable_ustc,2022-02-12,11356364547,defillama
stable_ustc,2022-02-13,11417101846,defillama
stable_ustc,2022-02-14,11504222150,defillama
stable_ustc,2022-02-15,11561367562,defillama
stable_ustc,2022-02-16,11658516929,defillama
stable_ustc,2022-02-17,11733108927,defillama
stable_ustc,2022-02-18,11825534731,defillama
stable_ustc,2022-02-19,11988173926,defillama
stable_ustc,2022-02-20,12082690829,defillama
stable_ustc,2022-02-21,12107265357,defillama
stable_ustc,2022-02-22,12193932335,defillama
stable_ustc,2022-02-23,12291312976,defillama
stable_ustc,2022-02-24,12385951900,defillama
stable_ustc,2022-02-25,12522155720,defillama
stable_ustc,2022-02-26,12629481080,defillama
stable_ustc,2022-02-27,12741783438,defillama
stable_ustc,2022-02-28,12919428691,defillama
stable_ustc,2022-03-01,12970007341,defillama
stable_ustc,2022-03-02,13085772887,defillama
stable_ustc,2022-03-03,13255975399,defillama
stable_ustc,2022-03-04,13395833258,defillama
stable_ustc,2022-03-05,13551723467,defillama
stable_ustc,2022-03-06,13642580597,defillama
stable_ustc,2022-03-07,13772528974,defillama
stable_ustc,2022-03-08,13813811998,defillama
stable_ustc,2022-03-09,14024290626,defillama
stable_ustc,2022-03-10,14160305401,defillama
stable_ustc,2022-03-11,14378525487,defillama
stable_ustc,2022-03-12,14507539195,defillama
stable_ustc,2022-03-13,14633641674,defillama
stable_ustc,2022-03-14,14674878018,defillama
stable_ustc,2022-03-15,14724985965,defillama
stable_ustc,2022-03-16,14907156510,defillama
stable_ustc,2022-03-17,15025682902,defillama
stable_ustc,2022-03-18,15190441408,defillama
stable_ustc,2022-03-19,15283977585,defillama
stable_ustc,2022-03-20,15354115218,defillama
stable_ustc,2022-03-21,15446967744,defillama
stable_ustc,2022-03-22,15560151434,defillama
stable_ustc,2022-03-23,15658940461,defillama
stable_ustc,2022-03-24,15759818427,defillama
stable_ustc,2022-03-25,15833425773,defillama
stable_ustc,2022-03-26,15972075119,defillama
stable_ustc,2022-03-27,16108377390,defillama
stable_ustc,2022-03-28,16147426864,defillama
stable_ustc,2022-03-29,16186187489,defillama
stable_ustc,2022-03-30,16267850191,defillama
stable_ustc,2022-03-31,16354574235,defillama
stable_ustc,2022-04-01,16344087749,defillama
stable_ustc,2022-04-02,16463503677,defillama
stable_ustc,2022-04-03,16506118560,defillama
stable_ustc,2022-04-04,16563471036,defillama
stable_ustc,2022-04-05,16609804958,defillama
stable_ustc,2022-04-06,16701994851,defillama
stable_ustc,2022-04-07,16725027770,defillama
stable_ustc,2022-04-08,16735196025,defillama
stable_ustc,2022-04-09,16792352852,defillama
stable_ustc,2022-04-10,16743735854,defillama
stable_ustc,2022-04-11,16775472783,defillama
stable_ustc,2022-04-12,16799425054,defillama
stable_ustc,2022-04-13,16912080909,defillama
stable_ustc,2022-04-14,17001148334,defillama
stable_ustc,2022-04-15,17142009545,defillama
stable_ustc,2022-04-16,17272985891,defillama
stable_ustc,2022-04-17,17383771190,defillama
stable_ustc,2022-04-18,17495158922,defillama
stable_ustc,2022-04-19,17620196918,defillama
stable_ustc,2022-04-20,17748931479,defillama
stable_ustc,2022-04-21,17878851831,defillama
stable_ustc,2022-04-22,17968821314,defillama
stable_ustc,2022-04-23,18060423363,defillama
stable_ustc,2022-04-24,18143289450,defillama
stable_ustc,2022-04-25,18201040121,defillama
stable_ustc,2022-04-26,18270487016,defillama
stable_ustc,2022-04-27,18396147415,defillama
stable_ustc,2022-04-28,18440419646,defillama
stable_ustc,2022-04-29,18460844478,defillama
stable_ustc,2022-04-30,18465813710,defillama
stable_ustc,2022-05-01,18561479012,defillama
stable_ustc,2022-05-02,18554496743,defillama
stable_ustc,2022-05-03,18617900170,defillama
stable_ustc,2022-05-04,18676405777,defillama
stable_ustc,2022-05-05,18700360530,defillama
stable_ustc,2022-05-06,18674018450,defillama
stable_ustc,2022-05-07,18770471902,defillama
stable_ustc,2022-05-08,18708520935,defillama
stable_ustc,2022-05-09,18635285318,defillama
stable_ustc,2022-05-10,15682326993,defillama
stable_ustc,2022-05-11,13692512964,defillama
stable_ustc,2022-06-22,0,defillama
