asset_id,date,coinmetrics_asset,active_addresses,ledger_transaction_count,token_transfer_count,provider
stable_usdt,2019-01-01,usdt,5561.0,10015.0,9990.0,coinmetrics_community
stable_usdt,2019-01-02,usdt,8232.0,15411.0,15406.0,coinmetrics_community
stable_usdt,2019-01-03,usdt,8688.0,16218.0,16210.0,coinmetrics_community
stable_usdt,2019-01-04,usdt,8164.0,15844.0,15840.0,coinmetrics_community
stable_usdt,2019-01-05,usdt,6780.0,13019.0,13020.0,coinmetrics_community
stable_usdt,2019-01-06,usdt,6535.0,12181.0,12179.0,coinmetrics_community
stable_usdt,2019-01-07,usdt,8721.0,16235.0,16231.0,coinmetrics_community
stable_usdt,2019-01-08,usdt,8304.0,15980.0,15976.0,coinmetrics_community
stable_usdt,2019-01-09,usdt,8277.0,15660.0,15577.0,coinmetrics_community
stable_usdt,2019-01-10,usdt,9495.0,19132.0,19097.0,coinmetrics_community
stable_usdt,2019-01-11,usdt,8584.0,16511.0,16481.0,coinmetrics_community
stable_usdt,2019-01-12,usdt,6902.0,12811.0,12797.0,coinmetrics_community
stable_usdt,2019-01-13,usdt,6411.0,11488.0,11485.0,coinmetrics_community
stable_usdt,2019-01-14,usdt,10460.0,18624.0,18619.0,coinmetrics_community
stable_usdt,2019-01-15,usdt,10845.0,19309.0,19302.0,coinmetrics_community
stable_usdt,2019-01-16,usdt,9479.0,16955.0,16924.0,coinmetrics_community
stable_usdt,2019-01-17,usdt,9723.0,17166.0,17156.0,coinmetrics_community
stable_usdt,2019-01-18,usdt,9332.0,17105.0,17069.0,coinmetrics_community
stable_usdt,2019-01-19,usdt,8280.0,14349.0,14282.0,coinmetrics_community
stable_usdt,2019-01-20,usdt,8093.0,14620.0,14582.0,coinmetrics_community
stable_usdt,2019-01-21,usdt,10298.0,18781.0,18732.0,coinmetrics_community
stable_usdt,2019-01-22,usdt,9146.0,16972.0,16959.0,coinmetrics_community
stable_usdt,2019-01-23,usdt,9294.0,16978.0,16975.0,coinmetrics_community
stable_usdt,2019-01-24,usdt,9448.0,17215.0,17207.0,coinmetrics_community
stable_usdt,2019-01-25,usdt,9913.0,18181.0,18155.0,coinmetrics_community
stable_usdt,2019-01-26,usdt,8699.0,16167.0,16147.0,coinmetrics_community
stable_usdt,2019-01-27,usdt,8261.0,15511.0,15504.0,coinmetrics_community
stable_usdt,2019-01-28,usdt,11087.0,20782.0,20771.0,coinmetrics_community
stable_usdt,2019-01-29,usdt,11901.0,20476.0,20472.0,coinmetrics_community
stable_usdt,2019-01-30,usdt,10183.0,18292.0,18273.0,coinmetrics_community
stable_usdt,2019-01-31,usdt,11248.0,20449.0,20436.0,coinmetrics_community
stable_usdt,2019-02-01,usdt,9205.0,16121.0,16118.0,coinmetrics_community
stable_usdt,2019-02-02,usdt,9637.0,15679.0,15679.0,coinmetrics_community
stable_usdt,2019-02-03,usdt,6808.0,12405.0,12393.0,coinmetrics_community
stable_usdt,2019-02-04,usdt,5627.0,10446.0,10445.0,coinmetrics_community
stable_usdt,2019-02-05,usdt,4976.0,9076.0,9075.0,coinmetrics_community
stable_usdt,2019-02-06,usdt,5950.0,10436.0,10436.0,coinmetrics_community
stable_usdt,2019-02-07,usdt,5902.0,9918.0,9918.0,coinmetrics_community
stable_usdt,2019-02-08,usdt,6362.0,11477.0,11474.0,coinmetrics_community
stable_usdt,2019-02-09,usdt,5016.0,9203.0,9201.0,coinmetrics_community
stable_usdt,2019-02-10,usdt,4691.0,8676.0,8684.0,coinmetrics_community
stable_usdt,2019-02-11,usdt,5786.0,10096.0,10096.0,coinmetrics_community
stable_usdt,2019-02-12,usdt,6616.0,11761.0,11763.0,coinmetrics_community
stable_usdt,2019-02-13,usdt,8573.0,15529.0,15524.0,coinmetrics_community
stable_usdt,2019-02-14,usdt,7560.0,13400.0,13400.0,coinmetrics_community
stable_usdt,2019-02-15,usdt,6892.0,11813.0,11805.0,coinmetrics_community
stable_usdt,2019-02-16,usdt,6727.0,12548.0,12545.0,coinmetrics_community
stable_usdt,2019-02-17,usdt,8141.0,14390.0,14400.0,coinmetrics_community
stable_usdt,2019-02-18,usdt,9380.0,18470.0,18461.0,coinmetrics_community
stable_usdt,2019-02-19,usdt,10384.0,19965.0,19955.0,coinmetrics_community
stable_usdt,2019-02-20,usdt,9706.0,17953.0,17947.0,coinmetrics_community
stable_usdt,2019-02-21,usdt,9053.0,16431.0,16416.0,coinmetrics_community
stable_usdt,2019-02-22,usdt,10016.0,17707.0,17706.0,coinmetrics_community
stable_usdt,2019-02-23,usdt,8811.0,15648.0,15641.0,coinmetrics_community
stable_usdt,2019-02-24,usdt,10490.0,19801.0,19800.0,coinmetrics_community
stable_usdt,2019-02-25,usdt,13703.0,24328.0,24317.0,coinmetrics_community
stable_usdt,2019-02-26,usdt,10832.0,20347.0,20343.0,coinmetrics_community
stable_usdt,2019-02-27,usdt,10329.0,19680.0,19679.0,coinmetrics_community
stable_usdt,2019-02-28,usdt,11928.0,22740.0,22738.0,coinmetrics_community
stable_usdt,2019-03-01,usdt,11190.0,20298.0,20290.0,coinmetrics_community
stable_usdt,2019-03-02,usdt,8424.0,15576.0,15575.0,coinmetrics_community
stable_usdt,2019-03-03,usdt,8065.0,14592.0,14587.0,coinmetrics_community
stable_usdt,2019-03-04,usdt,11058.0,20925.0,20920.0,coinmetrics_community
stable_usdt,2019-03-05,usdt,11832.0,22417.0,22414.0,coinmetrics_community
stable_usdt,2019-03-06,usdt,12482.0,23073.0,23068.0,coinmetrics_community
stable_usdt,2019-03-07,usdt,13423.0,24952.0,24950.0,coinmetrics_community
stable_usdt,2019-03-08,usdt,12938.0,23570.0,23564.0,coinmetrics_community
stable_usdt,2019-03-09,usdt,10442.0,19110.0,19109.0,coinmetrics_community
stable_usdt,2019-03-10,usdt,9965.0,18450.0,18448.0,coinmetrics_community
stable_usdt,2019-03-11,usdt,13735.0,25767.0,25750.0,coinmetrics_community
stable_usdt,2019-03-12,usdt,13506.0,25532.0,25527.0,coinmetrics_community
stable_usdt,2019-03-13,usdt,15499.0,28626.0,28621.0,coinmetrics_community
stable_usdt,2019-03-14,usdt,16660.0,30570.0,30563.0,coinmetrics_community
stable_usdt,2019-03-15,usdt,15177.0,29789.0,29779.0,coinmetrics_community
stable_usdt,2019-03-16,usdt,13549.0,26918.0,26916.0,coinmetrics_community
stable_usdt,2019-03-17,usdt,12392.0,23843.0,23842.0,coinmetrics_community
stable_usdt,2019-03-18,usdt,15615.0,30264.0,30250.0,coinmetrics_community
stable_usdt,2019-03-19,usdt,17259.0,34090.0,34079.0,coinmetrics_community
stable_usdt,2019-03-20,usdt,18342.0,35603.0,35600.0,coinmetrics_community
stable_usdt,2019-03-21,usdt,17010.0,30287.0,30262.0,coinmetrics_community
stable_usdt,2019-03-22,usdt,16637.0,29320.0,29296.0,coinmetrics_community
stable_usdt,2019-03-23,usdt,13302.0,23133.0,23127.0,coinmetrics_community
stable_usdt,2019-03-24,usdt,12764.0,22630.0,22628.0,coinmetrics_community
stable_usdt,2019-03-25,usdt,16738.0,30186.0,30179.0,coinmetrics_community
stable_usdt,2019-03-26,usdt,17814.0,28408.0,28309.0,coinmetrics_community
stable_usdt,2019-03-27,usdt,21552.0,37515.0,37507.0,coinmetrics_community
stable_usdt,2019-03-28,usdt,18947.0,31917.0,31910.0,coinmetrics_community
stable_usdt,2019-03-29,usdt,24779.0,38206.0,38203.0,coinmetrics_community
stable_usdt,2019-03-30,usdt,24963.0,38683.0,38673.0,coinmetrics_community
stable_usdt,2019-03-31,usdt,24015.0,38581.0,38579.0,coinmetrics_community
stable_usdt,2019-04-01,usdt,25265.0,37496.0,37493.0,coinmetrics_community
stable_usdt,2019-04-02,usdt,25261.0,43111.0,43107.0,coinmetrics_community
stable_usdt,2019-04-03,usdt,25059.0,40972.0,40963.0,coinmetrics_community
stable_usdt,2019-04-04,usdt,21834.0,35901.0,35859.0,coinmetrics_community
stable_usdt,2019-04-05,usdt,17937.0,28856.0,28831.0,coinmetrics_community
stable_usdt,2019-04-06,usdt,13633.0,23598.0,23597.0,coinmetrics_community
stable_usdt,2019-04-07,usdt,18141.0,31023.0,31019.0,coinmetrics_community
stable_usdt,2019-04-08,usdt,26982.0,46050.0,46049.0,coinmetrics_community
stable_usdt,2019-04-09,usdt,22050.0,38773.0,38760.0,coinmetrics_community
stable_usdt,2019-04-10,usdt,22957.0,39030.0,39024.0,coinmetrics_community
stable_usdt,2019-04-11,usdt,22488.0,39424.0,39417.0,coinmetrics_community
stable_usdt,2019-04-12,usdt,18635.0,32628.0,32615.0,coinmetrics_community
stable_usdt,2019-04-13,usdt,14420.0,24116.0,24115.0,coinmetrics_community
stable_usdt,2019-04-14,usdt,14335.0,25060.0,25058.0,coinmetrics_community
stable_usdt,2019-04-15,usdt,18680.0,34281.0,34271.0,coinmetrics_community
stable_usdt,2019-04-16,usdt,17865.0,32087.0,32081.0,coinmetrics_community
stable_usdt,2019-04-17,usdt,19755.0,34712.0,34687.0,coinmetrics_community
stable_usdt,2019-04-18,usdt,23142.0,40142.0,40126.0,coinmetrics_community
stable_usdt,2019-04-19,usdt,19869.0,35286.0,35254.0,coinmetrics_community
stable_usdt,2019-04-20,usdt,18708.0,32558.0,32545.0,coinmetrics_community
stable_usdt,2019-04-21,usdt,23174.0,38743.0,38735.0,coinmetrics_community
stable_usdt,2019-04-22,usdt,28934.0,47704.0,47673.0,coinmetrics_community
stable_usdt,2019-04-23,usdt,24948.0,40869.0,40880.0,coinmetrics_community
stable_usdt,2019-04-24,usdt,29435.0,50008.0,49985.0,coinmetrics_community
stable_usdt,2019-04-25,usdt,26446.0,47149.0,47135.0,coinmetrics_community
stable_usdt,2019-04-26,usdt,24458.0,44392.0,44370.0,coinmetrics_community
stable_usdt,2019-04-27,usdt,18618.0,33522.0,33513.0,coinmetrics_community
stable_usdt,2019-04-28,usdt,21850.0,35932.0,35925.0,coinmetrics_community
stable_usdt,2019-04-29,usdt,27275.0,48375.0,48506.0,coinmetrics_community
stable_usdt,2019-04-30,usdt,23749.0,44357.0,44424.0,coinmetrics_community
stable_usdt,2019-05-01,usdt,19744.0,35730.0,35762.0,coinmetrics_community
stable_usdt,2019-05-02,usdt,18107.0,34579.0,34591.0,coinmetrics_community
stable_usdt,2019-05-03,usdt,21049.0,41344.0,41365.0,coinmetrics_community
stable_usdt,2019-05-04,usdt,18925.0,38297.0,38319.0,coinmetrics_community
stable_usdt,2019-05-05,usdt,25169.0,46468.0,46520.0,coinmetrics_community
stable_usdt,2019-05-06,usdt,27106.0,51502.0,51534.0,coinmetrics_community
stable_usdt,2019-05-07,usdt,25628.0,51048.0,51060.0,coinmetrics_community
stable_usdt,2019-05-08,usdt,35622.0,68000.0,68022.0,coinmetrics_community
stable_usdt,2019-05-09,usdt,33429.0,60448.0,60455.0,coinmetrics_community
stable_usdt,2019-05-10,usdt,29700.0,54191.0,54327.0,coinmetrics_community
stable_usdt,2019-05-11,usdt,28973.0,58344.0,58410.0,coinmetrics_community
stable_usdt,2019-05-12,usdt,28005.0,58187.0,58255.0,coinmetrics_community
stable_usdt,2019-05-13,usdt,28053.0,56899.0,56892.0,coinmetrics_community
stable_usdt,2019-05-14,usdt,28172.0,58789.0,58895.0,coinmetrics_community
stable_usdt,2019-05-15,usdt,34803.0,70187.0,70246.0,coinmetrics_community
stable_usdt,2019-05-16,usdt,39103.0,83330.0,83519.0,coinmetrics_community
stable_usdt,2019-05-17,usdt,35482.0,73104.0,73134.0,coinmetrics_community
stable_usdt,2019-05-18,usdt,33332.0,61272.0,61320.0,coinmetrics_community
stable_usdt,2019-05-19,usdt,36768.0,68937.0,69008.0,coinmetrics_community
stable_usdt,2019-05-20,usdt,43983.0,81556.0,81586.0,coinmetrics_community
stable_usdt,2019-05-21,usdt,45924.0,83700.0,83768.0,coinmetrics_community
stable_usdt,2019-05-22,usdt,48854.0,86744.0,86778.0,coinmetrics_community
stable_usdt,2019-05-23,usdt,43536.0,77200.0,77228.0,coinmetrics_community
stable_usdt,2019-05-24,usdt,50509.0,90169.0,90198.0,coinmetrics_community
stable_usdt,2019-05-25,usdt,39791.0,68806.0,68835.0,coinmetrics_community
stable_usdt,2019-05-26,usdt,34342.0,66150.0,66276.0,coinmetrics_community
stable_usdt,2019-05-27,usdt,59604.0,107104.0,107296.0,coinmetrics_community
stable_usdt,2019-05-28,usdt,44964.0,86899.0,86984.0,coinmetrics_community
stable_usdt,2019-05-29,usdt,45774.0,90586.0,90619.0,coinmetrics_community
stable_usdt,2019-05-30,usdt,44828.0,90574.0,90677.0,coinmetrics_community
stable_usdt,2019-05-31,usdt,32420.0,62896.0,62964.0,coinmetrics_community
stable_usdt,2019-06-01,usdt,36828.0,75603.0,75710.0,coinmetrics_community
stable_usdt,2019-06-02,usdt,36622.0,75186.0,75299.0,coinmetrics_community
stable_usdt,2019-06-03,usdt,39807.0,80104.0,80384.0,coinmetrics_community
stable_usdt,2019-06-04,usdt,41460.0,83464.0,83449.0,coinmetrics_community
stable_usdt,2019-06-05,usdt,40539.0,76543.0,76546.0,coinmetrics_community
stable_usdt,2019-06-06,usdt,35166.0,66804.0,66721.0,coinmetrics_community
stable_usdt,2019-06-07,usdt,27651.0,52701.0,52640.0,coinmetrics_community
stable_usdt,2019-06-08,usdt,25452.0,47455.0,47409.0,coinmetrics_community
stable_usdt,2019-06-09,usdt,27118.0,50634.0,50686.0,coinmetrics_community
stable_usdt,2019-06-10,usdt,36131.0,69109.0,69157.0,coinmetrics_community
stable_usdt,2019-06-11,usdt,36326.0,66226.0,66338.0,coinmetrics_community
stable_usdt,2019-06-12,usdt,36548.0,69705.0,69820.0,coinmetrics_community
stable_usdt,2019-06-13,usdt,37338.0,69982.0,69975.0,coinmetrics_community
stable_usdt,2019-06-14,usdt,38592.0,71512.0,71402.0,coinmetrics_community
stable_usdt,2019-06-15,usdt,36514.0,62663.0,62673.0,coinmetrics_community
stable_usdt,2019-06-16,usdt,31944.0,60332.0,60405.0,coinmetrics_community
stable_usdt,2019-06-17,usdt,38875.0,71632.0,71675.0,coinmetrics_community
stable_usdt,2019-06-18,usdt,43380.0,77023.0,77056.0,coinmetrics_community
stable_usdt,2019-06-19,usdt,47014.0,81440.0,81412.0,coinmetrics_community
stable_usdt,2019-06-20,usdt,38200.0,69755.0,69687.0,coinmetrics_community
stable_usdt,2019-06-21,usdt,41572.0,78982.0,79062.0,coinmetrics_community
stable_usdt,2019-06-22,usdt,40886.0,81735.0,81901.0,coinmetrics_community
stable_usdt,2019-06-23,usdt,35311.0,69208.0,69225.0,coinmetrics_community
stable_usdt,2019-06-24,usdt,39447.0,78896.0,78964.0,coinmetrics_community
stable_usdt,2019-06-25,usdt,38629.0,75937.0,75995.0,coinmetrics_community
stable_usdt,2019-06-26,usdt,42656.0,87188.0,87240.0,coinmetrics_community
stable_usdt,2019-06-27,usdt,44746.0,96547.0,96652.0,coinmetrics_community
stable_usdt,2019-06-28,usdt,42525.0,85058.0,84954.0,coinmetrics_community
stable_usdt,2019-06-29,usdt,38859.0,75958.0,76016.0,coinmetrics_community
stable_usdt,2019-06-30,usdt,36311.0,72299.0,72291.0,coinmetrics_community
stable_usdt,2019-07-01,usdt,37464.0,75956.0,76062.0,coinmetrics_community
stable_usdt,2019-07-02,usdt,37973.0,77382.0,77533.0,coinmetrics_community
stable_usdt,2019-07-03,usdt,38014.0,74641.0,74685.0,coinmetrics_community
stable_usdt,2019-07-04,usdt,37377.0,71785.0,71740.0,coinmetrics_community
stable_usdt,2019-07-05,usdt,41361.0,77322.0,77198.0,coinmetrics_community
stable_usdt,2019-07-06,usdt,32423.0,60881.0,60873.0,coinmetrics_community
stable_usdt,2019-07-07,usdt,29219.0,58428.0,58434.0,coinmetrics_community
stable_usdt,2019-07-08,usdt,40456.0,76679.0,76850.0,coinmetrics_community
stable_usdt,2019-07-09,usdt,37794.0,72835.0,72810.0,coinmetrics_community
stable_usdt,2019-07-10,usdt,40944.0,78038.0,78122.0,coinmetrics_community
stable_usdt,2019-07-11,usdt,46935.0,82901.0,82953.0,coinmetrics_community
stable_usdt,2019-07-12,usdt,43979.0,71792.0,71859.0,coinmetrics_community
stable_usdt,2019-07-13,usdt,38180.0,63675.0,63758.0,coinmetrics_community
stable_usdt,2019-07-14,usdt,38703.0,70276.0,70330.0,coinmetrics_community
stable_usdt,2019-07-15,usdt,51283.0,93935.0,94042.0,coinmetrics_community
stable_usdt,2019-07-16,usdt,47819.0,85517.0,85710.0,coinmetrics_community
stable_usdt,2019-07-17,usdt,55459.0,96874.0,97147.0,coinmetrics_community
stable_usdt,2019-07-18,usdt,52928.0,91686.0,91913.0,coinmetrics_community
stable_usdt,2019-07-19,usdt,40651.0,73311.0,73503.0,coinmetrics_community
stable_usdt,2019-07-20,usdt,41644.0,72049.0,72233.0,coinmetrics_community
stable_usdt,2019-07-21,usdt,35027.0,62767.0,62851.0,coinmetrics_community
stable_usdt,2019-07-22,usdt,37087.0,68593.0,68755.0,coinmetrics_community
stable_usdt,2019-07-23,usdt,38924.0,76428.0,76712.0,coinmetrics_community
stable_usdt,2019-07-24,usdt,39390.0,71505.0,71575.0,coinmetrics_community
stable_usdt,2019-07-25,usdt,42437.0,73143.0,73578.0,coinmetrics_community
stable_usdt,2019-07-26,usdt,41370.0,69840.0,69901.0,coinmetrics_community
stable_usdt,2019-07-27,usdt,36872.0,64181.0,64322.0,coinmetrics_community
stable_usdt,2019-07-28,usdt,34537.0,61135.0,61226.0,coinmetrics_community
stable_usdt,2019-07-29,usdt,46727.0,80675.0,80665.0,coinmetrics_community
stable_usdt,2019-07-30,usdt,49865.0,83074.0,83119.0,coinmetrics_community
stable_usdt,2019-07-31,usdt,48604.0,83360.0,83353.0,coinmetrics_community
stable_usdt,2019-08-01,usdt,42999.0,74929.0,74928.0,coinmetrics_community
stable_usdt,2019-08-02,usdt,44203.0,79137.0,79157.0,coinmetrics_community
stable_usdt,2019-08-03,usdt,36138.0,63525.0,63432.0,coinmetrics_community
stable_usdt,2019-08-04,usdt,36736.0,64547.0,64573.0,coinmetrics_community
stable_usdt,2019-08-05,usdt,46660.0,86766.0,86848.0,coinmetrics_community
stable_usdt,2019-08-06,usdt,47482.0,84044.0,84094.0,coinmetrics_community
stable_usdt,2019-08-07,usdt,104110.0,139904.0,139933.0,coinmetrics_community
stable_usdt,2019-08-08,usdt,50775.0,88264.0,88207.0,coinmetrics_community
stable_usdt,2019-08-09,usdt,44021.0,81491.0,80965.0,coinmetrics_community
stable_usdt,2019-08-10,usdt,40901.0,75156.0,75161.0,coinmetrics_community
stable_usdt,2019-08-11,usdt,39995.0,72265.0,72201.0,coinmetrics_community
stable_usdt,2019-08-12,usdt,78914.0,119585.0,119670.0,coinmetrics_community
stable_usdt,2019-08-13,usdt,95276.0,141878.0,142021.0,coinmetrics_community
stable_usdt,2019-08-14,usdt,45158.0,93230.0,93345.0,coinmetrics_community
stable_usdt,2019-08-15,usdt,47346.0,97502.0,97792.0,coinmetrics_community
stable_usdt,2019-08-16,usdt,42363.0,90572.0,90652.0,coinmetrics_community
stable_usdt,2019-08-17,usdt,39505.0,83005.0,83164.0,coinmetrics_community
stable_usdt,2019-08-18,usdt,39380.0,77436.0,77924.0,coinmetrics_community
stable_usdt,2019-08-19,usdt,60322.0,113394.0,115047.0,coinmetrics_community
stable_usdt,2019-08-20,usdt,76998.0,131705.0,133394.0,coinmetrics_community
stable_usdt,2019-08-21,usdt,84682.0,139723.0,141205.0,coinmetrics_community
stable_usdt,2019-08-22,usdt,87910.0,144442.0,146122.0,coinmetrics_community
stable_usdt,2019-08-23,usdt,99290.0,161761.0,163316.0,coinmetrics_community
stable_usdt,2019-08-24,usdt,88594.0,144754.0,145804.0,coinmetrics_community
stable_usdt,2019-08-25,usdt,91958.0,157191.0,158182.0,coinmetrics_community
stable_usdt,2019-08-26,usdt,100446.0,170337.0,171181.0,coinmetrics_community
stable_usdt,2019-08-27,usdt,95413.0,167669.0,168870.0,coinmetrics_community
stable_usdt,2019-08-28,usdt,77381.0,130543.0,131469.0,coinmetrics_community
stable_usdt,2019-08-29,usdt,81796.0,139640.0,140337.0,coinmetrics_community
stable_usdt,2019-08-30,usdt,82845.0,143411.0,144098.0,coinmetrics_community
stable_usdt,2019-08-31,usdt,87439.0,153616.0,154229.0,coinmetrics_community
stable_usdt,2019-09-01,usdt,92151.0,163864.0,164615.0,coinmetrics_community
stable_usdt,2019-09-02,usdt,106085.0,209646.0,210198.0,coinmetrics_community
stable_usdt,2019-09-03,usdt,102840.0,179369.0,179738.0,coinmetrics_community
stable_usdt,2019-09-04,usdt,105334.0,181867.0,182267.0,coinmetrics_community
stable_usdt,2019-09-05,usdt,118439.0,205255.0,206423.0,coinmetrics_community
stable_usdt,2019-09-06,usdt,121344.0,224695.0,225276.0,coinmetrics_community
stable_usdt,2019-09-07,usdt,115565.0,205972.0,206691.0,coinmetrics_community
stable_usdt,2019-09-08,usdt,118758.0,210414.0,211001.0,coinmetrics_community
stable_usdt,2019-09-09,usdt,129956.0,228895.0,229580.0,coinmetrics_community
stable_usdt,2019-09-10,usdt,128423.0,210217.0,210743.0,coinmetrics_community
stable_usdt,2019-09-11,usdt,119737.0,188257.0,188649.0,coinmetrics_community
stable_usdt,2019-09-12,usdt,119624.0,203997.0,204442.0,coinmetrics_community
stable_usdt,2019-09-13,usdt,106927.0,174308.0,174641.0,coinmetrics_community
stable_usdt,2019-09-14,usdt,103378.0,164972.0,165453.0,coinmetrics_community
stable_usdt,2019-09-15,usdt,102597.0,158283.0,158731.0,coinmetrics_community
stable_usdt,2019-09-16,usdt,117652.0,192463.0,192856.0,coinmetrics_community
stable_usdt,2019-09-17,usdt,111430.0,177290.0,177828.0,coinmetrics_community
stable_usdt,2019-09-18,usdt,103773.0,166058.0,166609.0,coinmetrics_community
stable_usdt,2019-09-19,usdt,107572.0,162417.0,163328.0,coinmetrics_community
stable_usdt,2019-09-20,usdt,104539.0,151901.0,153217.0,coinmetrics_community
stable_usdt,2019-09-21,usdt,55724.0,95307.0,95735.0,coinmetrics_community
stable_usdt,2019-09-22,usdt,58610.0,100591.0,100955.0,coinmetrics_community
stable_usdt,2019-09-23,usdt,60217.0,113479.0,113738.0,coinmetrics_community
stable_usdt,2019-09-24,usdt,83125.0,146985.0,146535.0,coinmetrics_community
stable_usdt,2019-09-25,usdt,76547.0,142734.0,143278.0,coinmetrics_community
stable_usdt,2019-09-26,usdt,63734.0,113386.0,113628.0,coinmetrics_community
stable_usdt,2019-09-27,usdt,68469.0,113695.0,114005.0,coinmetrics_community
stable_usdt,2019-09-28,usdt,70394.0,111140.0,111416.0,coinmetrics_community
stable_usdt,2019-09-29,usdt,50555.0,90613.0,90931.0,coinmetrics_community
stable_usdt,2019-09-30,usdt,55898.0,104190.0,104535.0,coinmetrics_community
stable_usdt,2019-10-01,usdt,53365.0,94378.0,94690.0,coinmetrics_community
stable_usdt,2019-10-02,usdt,45561.0,84359.0,84724.0,coinmetrics_community
stable_usdt,2019-10-03,usdt,43226.0,81388.0,81659.0,coinmetrics_community
stable_usdt,2019-10-04,usdt,43462.0,83392.0,83577.0,coinmetrics_community
stable_usdt,2019-10-05,usdt,42645.0,82304.0,82495.0,coinmetrics_community
stable_usdt,2019-10-06,usdt,39912.0,76065.0,76294.0,coinmetrics_community
stable_usdt,2019-10-07,usdt,52104.0,96859.0,97250.0,coinmetrics_community
stable_usdt,2019-10-08,usdt,53367.0,104122.0,104272.0,coinmetrics_community
stable_usdt,2019-10-09,usdt,60222.0,113938.0,114350.0,coinmetrics_community
stable_usdt,2019-10-10,usdt,60125.0,112674.0,113073.0,coinmetrics_community
stable_usdt,2019-10-11,usdt,54022.0,104800.0,105155.0,coinmetrics_community
stable_usdt,2019-10-12,usdt,51400.0,108868.0,96527.0,coinmetrics_community
stable_usdt,2019-10-13,usdt,50522.0,99240.0,99491.0,coinmetrics_community
stable_usdt,2019-10-14,usdt,54949.0,112264.0,109494.0,coinmetrics_community
stable_usdt,2019-10-15,usdt,57803.0,108261.0,108574.0,coinmetrics_community
stable_usdt,2019-10-16,usdt,64522.0,134746.0,122523.0,coinmetrics_community
stable_usdt,2019-10-17,usdt,58463.0,123558.0,114865.0,coinmetrics_community
stable_usdt,2019-10-18,usdt,57243.0,118602.0,116058.0,coinmetrics_community
stable_usdt,2019-10-19,usdt,49692.0,100487.0,100378.0,coinmetrics_community
stable_usdt,2019-10-20,usdt,45233.0,90435.0,90696.0,coinmetrics_community
stable_usdt,2019-10-21,usdt,54364.0,110227.0,109985.0,coinmetrics_community
stable_usdt,2019-10-22,usdt,54904.0,115187.0,115535.0,coinmetrics_community
stable_usdt,2019-10-23,usdt,53199.0,110429.0,110914.0,coinmetrics_community
stable_usdt,2019-10-24,usdt,49915.0,103807.0,104202.0,coinmetrics_community
stable_usdt,2019-10-25,usdt,56723.0,115139.0,115592.0,coinmetrics_community
stable_usdt,2019-10-26,usdt,50779.0,106733.0,107230.0,coinmetrics_community
stable_usdt,2019-10-27,usdt,44197.0,90595.0,91010.0,coinmetrics_community
stable_usdt,2019-10-28,usdt,54878.0,113526.0,113831.0,coinmetrics_community
stable_usdt,2019-10-29,usdt,55617.0,111851.0,112243.0,coinmetrics_community
stable_usdt,2019-10-30,usdt,52729.0,107649.0,108036.0,coinmetrics_community
stable_usdt,2019-10-31,usdt,54933.0,112712.0,112907.0,coinmetrics_community
stable_usdt,2019-11-01,usdt,54120.0,108385.0,108635.0,coinmetrics_community
stable_usdt,2019-11-02,usdt,46898.0,92472.0,92702.0,coinmetrics_community
stable_usdt,2019-11-03,usdt,49399.0,97004.0,97196.0,coinmetrics_community
stable_usdt,2019-11-04,usdt,49781.0,104570.0,104754.0,coinmetrics_community
stable_usdt,2019-11-05,usdt,54334.0,113405.0,113746.0,coinmetrics_community
stable_usdt,2019-11-06,usdt,52254.0,110714.0,110968.0,coinmetrics_community
stable_usdt,2019-11-07,usdt,54812.0,114432.0,114725.0,coinmetrics_community
stable_usdt,2019-11-08,usdt,54390.0,111444.0,111707.0,coinmetrics_community
stable_usdt,2019-11-09,usdt,47121.0,97817.0,98160.0,coinmetrics_community
stable_usdt,2019-11-10,usdt,46703.0,98818.0,99125.0,coinmetrics_community
stable_usdt,2019-11-11,usdt,58198.0,121930.0,122506.0,coinmetrics_community
stable_usdt,2019-11-12,usdt,59720.0,122194.0,122654.0,coinmetrics_community
stable_usdt,2019-11-13,usdt,61793.0,121233.0,121468.0,coinmetrics_community
stable_usdt,2019-11-14,usdt,52138.0,111134.0,111375.0,coinmetrics_community
stable_usdt,2019-11-15,usdt,53481.0,112748.0,113304.0,coinmetrics_community
stable_usdt,2019-11-16,usdt,47004.0,97815.0,98025.0,coinmetrics_community
stable_usdt,2019-11-17,usdt,45221.0,91505.0,91700.0,coinmetrics_community
stable_usdt,2019-11-18,usdt,54531.0,111227.0,110734.0,coinmetrics_community
stable_usdt,2019-11-19,usdt,55656.0,115309.0,115615.0,coinmetrics_community
stable_usdt,2019-11-20,usdt,53339.0,111651.0,111837.0,coinmetrics_community
stable_usdt,2019-11-21,usdt,59834.0,125644.0,125963.0,coinmetrics_community
stable_usdt,2019-11-22,usdt,61959.0,130016.0,130188.0,coinmetrics_community
stable_usdt,2019-11-23,usdt,57179.0,115148.0,115410.0,coinmetrics_community
stable_usdt,2019-11-24,usdt,47112.0,96037.0,96316.0,coinmetrics_community
stable_usdt,2019-11-25,usdt,66473.0,132646.0,133467.0,coinmetrics_community
stable_usdt,2019-11-26,usdt,59189.0,123540.0,123561.0,coinmetrics_community
stable_usdt,2019-11-27,usdt,53048.0,109603.0,109907.0,coinmetrics_community
stable_usdt,2019-11-28,usdt,57293.0,112612.0,112900.0,coinmetrics_community
stable_usdt,2019-11-29,usdt,61338.0,123527.0,123798.0,coinmetrics_community
stable_usdt,2019-11-30,usdt,43309.0,82499.0,82767.0,coinmetrics_community
stable_usdt,2019-12-01,usdt,59830.0,114094.0,114343.0,coinmetrics_community
stable_usdt,2019-12-02,usdt,75480.0,137007.0,137379.0,coinmetrics_community
stable_usdt,2019-12-03,usdt,63715.0,124270.0,124538.0,coinmetrics_community
stable_usdt,2019-12-04,usdt,64076.0,124756.0,125147.0,coinmetrics_community
stable_usdt,2019-12-05,usdt,63648.0,125456.0,125835.0,coinmetrics_community
stable_usdt,2019-12-06,usdt,60827.0,108984.0,109385.0,coinmetrics_community
stable_usdt,2019-12-07,usdt,52669.0,101615.0,102159.0,coinmetrics_community
stable_usdt,2019-12-08,usdt,43928.0,71282.0,71632.0,coinmetrics_community
stable_usdt,2019-12-09,usdt,49615.0,99713.0,99934.0,coinmetrics_community
stable_usdt,2019-12-10,usdt,50188.0,101119.0,101589.0,coinmetrics_community
stable_usdt,2019-12-11,usdt,46634.0,92842.0,93570.0,coinmetrics_community
stable_usdt,2019-12-12,usdt,45792.0,91981.0,92401.0,coinmetrics_community
stable_usdt,2019-12-13,usdt,44019.0,88563.0,89033.0,coinmetrics_community
stable_usdt,2019-12-14,usdt,38431.0,76202.0,76589.0,coinmetrics_community
stable_usdt,2019-12-15,usdt,38418.0,75771.0,76076.0,coinmetrics_community
stable_usdt,2019-12-16,usdt,50267.0,103048.0,104439.0,coinmetrics_community
stable_usdt,2019-12-17,usdt,49622.0,97137.0,98196.0,coinmetrics_community
stable_usdt,2019-12-18,usdt,53698.0,107324.0,107788.0,coinmetrics_community
stable_usdt,2019-12-19,usdt,51274.0,102608.0,102956.0,coinmetrics_community
stable_usdt,2019-12-20,usdt,48040.0,97291.0,97593.0,coinmetrics_community
stable_usdt,2019-12-21,usdt,39644.0,78038.0,78261.0,coinmetrics_community
stable_usdt,2019-12-22,usdt,35121.0,67791.0,68114.0,coinmetrics_community
stable_usdt,2019-12-23,usdt,48613.0,96952.0,97477.0,coinmetrics_community
stable_usdt,2019-12-24,usdt,43956.0,87094.0,87478.0,coinmetrics_community
stable_usdt,2019-12-25,usdt,42857.0,82589.0,82902.0,coinmetrics_community
stable_usdt,2019-12-26,usdt,45391.0,88673.0,88884.0,coinmetrics_community
stable_usdt,2019-12-27,usdt,55052.0,108264.0,108442.0,coinmetrics_community
stable_usdt,2019-12-28,usdt,54600.0,101573.0,101791.0,coinmetrics_community
stable_usdt,2019-12-29,usdt,51889.0,84782.0,85040.0,coinmetrics_community
stable_usdt,2019-12-30,usdt,47047.0,92653.0,92874.0,coinmetrics_community
stable_usdt,2019-12-31,usdt,49850.0,91683.0,91900.0,coinmetrics_community
stable_usdt,2020-01-01,usdt,33914.0,61663.0,61884.0,coinmetrics_community
stable_usdt,2020-01-02,usdt,52727.0,86560.0,86761.0,coinmetrics_community
stable_usdt,2020-01-03,usdt,57017.0,113032.0,112700.0,coinmetrics_community
stable_usdt,2020-01-04,usdt,57097.0,105889.0,106068.0,coinmetrics_community
stable_usdt,2020-01-05,usdt,56893.0,107177.0,107428.0,coinmetrics_community
stable_usdt,2020-01-06,usdt,63276.0,110682.0,111062.0,coinmetrics_community
stable_usdt,2020-01-07,usdt,56136.0,99770.0,100152.0,coinmetrics_community
stable_usdt,2020-01-08,usdt,65491.0,123480.0,125144.0,coinmetrics_community
stable_usdt,2020-01-09,usdt,63915.0,115885.0,118473.0,coinmetrics_community
stable_usdt,2020-01-10,usdt,61755.0,118044.0,118243.0,coinmetrics_community
stable_usdt,2020-01-11,usdt,56628.0,109219.0,109485.0,coinmetrics_community
stable_usdt,2020-01-12,usdt,52216.0,99632.0,99933.0,coinmetrics_community
stable_usdt,2020-01-13,usdt,60263.0,114279.0,114640.0,coinmetrics_community
stable_usdt,2020-01-14,usdt,66602.0,131612.0,132264.0,coinmetrics_community
stable_usdt,2020-01-15,usdt,68595.0,117788.0,118382.0,coinmetrics_community
stable_usdt,2020-01-16,usdt,85877.0,144190.0,144444.0,coinmetrics_community
stable_usdt,2020-01-17,usdt,63904.0,123800.0,124128.0,coinmetrics_community
stable_usdt,2020-01-18,usdt,64004.0,119857.0,120172.0,coinmetrics_community
stable_usdt,2020-01-19,usdt,67499.0,122125.0,122410.0,coinmetrics_community
stable_usdt,2020-01-20,usdt,61758.0,106112.0,106458.0,coinmetrics_community
stable_usdt,2020-01-21,usdt,52339.0,88498.0,88758.0,coinmetrics_community
stable_usdt,2020-01-22,usdt,53515.0,89585.0,89721.0,coinmetrics_community
stable_usdt,2020-01-23,usdt,34905.0,65703.0,66112.0,coinmetrics_community
stable_usdt,2020-01-24,usdt,35493.0,59657.0,60056.0,coinmetrics_community
stable_usdt,2020-01-25,usdt,35684.0,65014.0,65264.0,coinmetrics_community
stable_usdt,2020-01-26,usdt,35427.0,64180.0,64410.0,coinmetrics_community
stable_usdt,2020-01-27,usdt,43982.0,82862.0,83120.0,coinmetrics_community
stable_usdt,2020-01-28,usdt,47628.0,89471.0,89885.0,coinmetrics_community
stable_usdt,2020-01-29,usdt,53959.0,98622.0,98882.0,coinmetrics_community
stable_usdt,2020-01-30,usdt,53147.0,101953.0,102461.0,coinmetrics_community
stable_usdt,2020-01-31,usdt,55357.0,95762.0,96201.0,coinmetrics_community
stable_usdt,2020-02-01,usdt,32757.0,63796.0,64195.0,coinmetrics_community
stable_usdt,2020-02-02,usdt,51814.0,96747.0,97170.0,coinmetrics_community
stable_usdt,2020-02-03,usdt,65731.0,115287.0,115647.0,coinmetrics_community
stable_usdt,2020-02-04,usdt,60341.0,113772.0,114083.0,coinmetrics_community
stable_usdt,2020-02-05,usdt,65721.0,116003.0,116539.0,coinmetrics_community
stable_usdt,2020-02-06,usdt,51277.0,101480.0,102074.0,coinmetrics_community
stable_usdt,2020-02-07,usdt,53554.0,106874.0,107483.0,coinmetrics_community
stable_usdt,2020-02-08,usdt,51857.0,103555.0,104201.0,coinmetrics_community
stable_usdt,2020-02-09,usdt,79628.0,144083.0,144741.0,coinmetrics_community
stable_usdt,2020-02-10,usdt,77669.0,152229.0,152282.0,coinmetrics_community
stable_usdt,2020-02-11,usdt,75710.0,143922.0,144552.0,coinmetrics_community
stable_usdt,2020-02-12,usdt,78057.0,139947.0,141046.0,coinmetrics_community
stable_usdt,2020-02-13,usdt,80342.0,143590.0,144445.0,coinmetrics_community
stable_usdt,2020-02-14,usdt,61569.0,117186.0,118080.0,coinmetrics_community
stable_usdt,2020-02-15,usdt,61896.0,116463.0,117153.0,coinmetrics_community
stable_usdt,2020-02-16,usdt,49678.0,95578.0,96443.0,coinmetrics_community
stable_usdt,2020-02-17,usdt,57053.0,116214.0,117231.0,coinmetrics_community
stable_usdt,2020-02-18,usdt,55891.0,111454.0,112386.0,coinmetrics_community
stable_usdt,2020-02-19,usdt,55357.0,107805.0,108686.0,coinmetrics_community
stable_usdt,2020-02-20,usdt,58969.0,113005.0,113935.0,coinmetrics_community
stable_usdt,2020-02-21,usdt,65049.0,114558.0,115349.0,coinmetrics_community
stable_usdt,2020-02-22,usdt,47613.0,88286.0,88829.0,coinmetrics_community
stable_usdt,2020-02-23,usdt,52409.0,97089.0,97862.0,coinmetrics_community
stable_usdt,2020-02-24,usdt,73010.0,142272.0,143078.0,coinmetrics_community
stable_usdt,2020-02-25,usdt,64960.0,121312.0,122061.0,coinmetrics_community
stable_usdt,2020-02-26,usdt,64500.0,128157.0,129144.0,coinmetrics_community
stable_usdt,2020-02-27,usdt,64455.0,122423.0,123122.0,coinmetrics_community
stable_usdt,2020-02-28,usdt,67311.0,128273.0,129208.0,coinmetrics_community
stable_usdt,2020-02-29,usdt,58462.0,108978.0,109670.0,coinmetrics_community
stable_usdt,2020-03-01,usdt,53821.0,98679.0,99484.0,coinmetrics_community
stable_usdt,2020-03-02,usdt,66532.0,131178.0,132044.0,coinmetrics_community
stable_usdt,2020-03-03,usdt,62969.0,122331.0,123319.0,coinmetrics_community
stable_usdt,2020-03-04,usdt,62401.0,120808.0,121777.0,coinmetrics_community
stable_usdt,2020-03-05,usdt,70165.0,134147.0,135238.0,coinmetrics_community
stable_usdt,2020-03-06,usdt,58583.0,119654.0,120734.0,coinmetrics_community
stable_usdt,2020-03-07,usdt,56939.0,109205.0,110251.0,coinmetrics_community
stable_usdt,2020-03-08,usdt,74745.0,145455.0,146930.0,coinmetrics_community
stable_usdt,2020-03-09,usdt,89935.0,181370.0,182809.0,coinmetrics_community
stable_usdt,2020-03-10,usdt,88396.0,170083.0,171100.0,coinmetrics_community
stable_usdt,2020-03-11,usdt,88461.0,167556.0,168723.0,coinmetrics_community
stable_usdt,2020-03-12,usdt,99879.0,165595.0,167690.0,coinmetrics_community
stable_usdt,2020-03-13,usdt,111083.0,204663.0,207450.0,coinmetrics_community
stable_usdt,2020-03-14,usdt,80075.0,136609.0,137900.0,coinmetrics_community
stable_usdt,2020-03-15,usdt,77740.0,137496.0,139097.0,coinmetrics_community
stable_usdt,2020-03-16,usdt,100676.0,194430.0,196351.0,coinmetrics_community
stable_usdt,2020-03-17,usdt,105468.0,189819.0,191536.0,coinmetrics_community
stable_usdt,2020-03-18,usdt,93532.0,167667.0,168956.0,coinmetrics_community
stable_usdt,2020-03-19,usdt,96189.0,178645.0,179597.0,coinmetrics_community
stable_usdt,2020-03-20,usdt,94059.0,168022.0,168172.0,coinmetrics_community
stable_usdt,2020-03-21,usdt,87718.0,152521.0,153885.0,coinmetrics_community
stable_usdt,2020-03-22,usdt,73468.0,130423.0,133828.0,coinmetrics_community
stable_usdt,2020-03-23,usdt,74534.0,139149.0,140434.0,coinmetrics_community
stable_usdt,2020-03-24,usdt,68669.0,131915.0,133156.0,coinmetrics_community
stable_usdt,2020-03-25,usdt,66649.0,128399.0,129671.0,coinmetrics_community
stable_usdt,2020-03-26,usdt,75520.0,138728.0,141058.0,coinmetrics_community
stable_usdt,2020-03-27,usdt,73093.0,137154.0,138267.0,coinmetrics_community
stable_usdt,2020-03-28,usdt,81291.0,145472.0,146484.0,coinmetrics_community
stable_usdt,2020-03-29,usdt,83702.0,145992.0,147044.0,coinmetrics_community
stable_usdt,2020-03-30,usdt,92590.0,169107.0,170223.0,coinmetrics_community
stable_usdt,2020-03-31,usdt,103598.0,186038.0,187241.0,coinmetrics_community
stable_usdt,2020-04-01,usdt,89146.0,160599.0,162216.0,coinmetrics_community
stable_usdt,2020-04-02,usdt,102057.0,184649.0,186327.0,coinmetrics_community
stable_usdt,2020-04-03,usdt,100153.0,167547.0,168998.0,coinmetrics_community
stable_usdt,2020-04-04,usdt,76893.0,131751.0,133287.0,coinmetrics_community
stable_usdt,2020-04-05,usdt,61553.0,114720.0,115997.0,coinmetrics_community
stable_usdt,2020-04-06,usdt,85748.0,159130.0,162563.0,coinmetrics_community
stable_usdt,2020-04-07,usdt,92415.0,171266.0,173925.0,coinmetrics_community
stable_usdt,2020-04-08,usdt,88687.0,168504.0,171065.0,coinmetrics_community
stable_usdt,2020-04-09,usdt,85274.0,159106.0,161198.0,coinmetrics_community
stable_usdt,2020-04-10,usdt,85304.0,160686.0,163258.0,coinmetrics_community
stable_usdt,2020-04-11,usdt,92677.0,171694.0,174114.0,coinmetrics_community
stable_usdt,2020-04-12,usdt,90668.0,156958.0,158839.0,coinmetrics_community
stable_usdt,2020-04-13,usdt,85176.0,161743.0,163692.0,coinmetrics_community
stable_usdt,2020-04-14,usdt,95549.0,173345.0,178508.0,coinmetrics_community
stable_usdt,2020-04-15,usdt,91996.0,165901.0,168345.0,coinmetrics_community
stable_usdt,2020-04-16,usdt,106238.0,186975.0,190253.0,coinmetrics_community
stable_usdt,2020-04-17,usdt,110069.0,203035.0,205691.0,coinmetrics_community
stable_usdt,2020-04-18,usdt,100706.0,180663.0,183050.0,coinmetrics_community
stable_usdt,2020-04-19,usdt,100232.0,180808.0,183113.0,coinmetrics_community
stable_usdt,2020-04-20,usdt,115109.0,215133.0,217170.0,coinmetrics_community
stable_usdt,2020-04-21,usdt,113499.0,212126.0,214847.0,coinmetrics_community
stable_usdt,2020-04-22,usdt,115726.0,213152.0,215278.0,coinmetrics_community
stable_usdt,2020-04-23,usdt,114638.0,209536.0,212067.0,coinmetrics_community
stable_usdt,2020-04-24,usdt,116479.0,200789.0,204815.0,coinmetrics_community
stable_usdt,2020-04-25,usdt,85559.0,150003.0,152803.0,coinmetrics_community
stable_usdt,2020-04-26,usdt,94275.0,160964.0,162610.0,coinmetrics_community
stable_usdt,2020-04-27,usdt,103229.0,186350.0,188366.0,coinmetrics_community
stable_usdt,2020-04-28,usdt,105751.0,189257.0,191334.0,coinmetrics_community
stable_usdt,2020-04-29,usdt,110787.0,201656.0,203907.0,coinmetrics_community
stable_usdt,2020-04-30,usdt,116479.0,210460.0,212866.0,coinmetrics_community
stable_usdt,2020-05-01,usdt,96563.0,169357.0,171513.0,coinmetrics_community
stable_usdt,2020-05-02,usdt,85102.0,146632.0,148409.0,coinmetrics_community
stable_usdt,2020-05-03,usdt,79586.0,144035.0,145628.0,coinmetrics_community
stable_usdt,2020-05-04,usdt,90989.0,164940.0,166997.0,coinmetrics_community
stable_usdt,2020-05-05,usdt,97196.0,170912.0,175432.0,coinmetrics_community
stable_usdt,2020-05-06,usdt,105378.0,189144.0,192580.0,coinmetrics_community
stable_usdt,2020-05-07,usdt,106354.0,189062.0,191059.0,coinmetrics_community
stable_usdt,2020-05-08,usdt,100981.0,181599.0,183619.0,coinmetrics_community
stable_usdt,2020-05-09,usdt,113674.0,193684.0,195589.0,coinmetrics_community
stable_usdt,2020-05-10,usdt,107139.0,186492.0,188965.0,coinmetrics_community
stable_usdt,2020-05-11,usdt,118548.0,207529.0,210667.0,coinmetrics_community
stable_usdt,2020-05-12,usdt,102892.0,187604.0,189661.0,coinmetrics_community
stable_usdt,2020-05-13,usdt,107736.0,192516.0,196863.0,coinmetrics_community
stable_usdt,2020-05-14,usdt,107480.0,195715.0,197658.0,coinmetrics_community
stable_usdt,2020-05-15,usdt,108487.0,199397.0,201451.0,coinmetrics_community
stable_usdt,2020-05-16,usdt,99367.0,174428.0,176689.0,coinmetrics_community
stable_usdt,2020-05-17,usdt,94119.0,168677.0,170869.0,coinmetrics_community
stable_usdt,2020-05-18,usdt,109720.0,203057.0,204969.0,coinmetrics_community
stable_usdt,2020-05-19,usdt,107206.0,192720.0,194673.0,coinmetrics_community
stable_usdt,2020-05-20,usdt,113392.0,206312.0,208224.0,coinmetrics_community
stable_usdt,2020-05-21,usdt,122844.0,221968.0,224126.0,coinmetrics_community
stable_usdt,2020-05-22,usdt,133411.0,231749.0,234028.0,coinmetrics_community
stable_usdt,2020-05-23,usdt,118921.0,194937.0,197487.0,coinmetrics_community
stable_usdt,2020-05-24,usdt,110864.0,190069.0,192312.0,coinmetrics_community
stable_usdt,2020-05-25,usdt,138366.0,233750.0,235950.0,coinmetrics_community
stable_usdt,2020-05-26,usdt,127703.0,220305.0,222505.0,coinmetrics_community
stable_usdt,2020-05-27,usdt,128336.0,220857.0,224462.0,coinmetrics_community
stable_usdt,2020-05-28,usdt,126326.0,224294.0,226561.0,coinmetrics_community
stable_usdt,2020-05-29,usdt,132898.0,230343.0,232706.0,coinmetrics_community
stable_usdt,2020-05-30,usdt,135803.0,225481.0,227707.0,coinmetrics_community
stable_usdt,2020-05-31,usdt,125197.0,212462.0,214850.0,coinmetrics_community
stable_usdt,2020-06-01,usdt,143030.0,248820.0,251636.0,coinmetrics_community
stable_usdt,2020-06-02,usdt,151972.0,266298.0,268783.0,coinmetrics_community
stable_usdt,2020-06-03,usdt,125192.0,227996.0,229830.0,coinmetrics_community
stable_usdt,2020-06-04,usdt,130538.0,235574.0,237597.0,coinmetrics_community
stable_usdt,2020-06-05,usdt,126795.0,224521.0,227741.0,coinmetrics_community
stable_usdt,2020-06-06,usdt,206398.0,290300.0,308061.0,coinmetrics_community
stable_usdt,2020-06-07,usdt,220342.0,309972.0,312234.0,coinmetrics_community
stable_usdt,2020-06-08,usdt,174132.0,280646.0,282829.0,coinmetrics_community
stable_usdt,2020-06-09,usdt,147770.0,253088.0,256667.0,coinmetrics_community
stable_usdt,2020-06-10,usdt,138353.0,253540.0,256068.0,coinmetrics_community
stable_usdt,2020-06-11,usdt,133289.0,246046.0,248385.0,coinmetrics_community
stable_usdt,2020-06-12,usdt,150839.0,252190.0,254357.0,coinmetrics_community
stable_usdt,2020-06-13,usdt,128467.0,220342.0,222919.0,coinmetrics_community
stable_usdt,2020-06-14,usdt,115417.0,195699.0,198866.0,coinmetrics_community
stable_usdt,2020-06-15,usdt,142682.0,257438.0,260880.0,coinmetrics_community
stable_usdt,2020-06-16,usdt,147934.0,256288.0,258015.0,coinmetrics_community
stable_usdt,2020-06-17,usdt,139570.0,243391.0,246825.0,coinmetrics_community
stable_usdt,2020-06-18,usdt,149462.0,262539.0,265874.0,coinmetrics_community
stable_usdt,2020-06-19,usdt,151901.0,263232.0,268373.0,coinmetrics_community
stable_usdt,2020-06-20,usdt,152361.0,254850.0,260443.0,coinmetrics_community
stable_usdt,2020-06-21,usdt,153469.0,276144.0,282214.0,coinmetrics_community
stable_usdt,2020-06-22,usdt,177663.0,324061.0,327230.0,coinmetrics_community
stable_usdt,2020-06-23,usdt,202336.0,364735.0,364012.0,coinmetrics_community
stable_usdt,2020-06-24,usdt,153636.0,272318.0,275149.0,coinmetrics_community
stable_usdt,2020-06-25,usdt,152038.0,259780.0,262254.0,coinmetrics_community
stable_usdt,2020-06-26,usdt,151059.0,253570.0,256361.0,coinmetrics_community
stable_usdt,2020-06-27,usdt,146312.0,245859.0,248745.0,coinmetrics_community
stable_usdt,2020-06-28,usdt,135462.0,240064.0,242697.0,coinmetrics_community
stable_usdt,2020-06-29,usdt,123431.0,241271.0,243227.0,coinmetrics_community
stable_usdt,2020-06-30,usdt,162834.0,293818.0,295956.0,coinmetrics_community
stable_usdt,2020-07-01,usdt,142798.0,259790.0,262471.0,coinmetrics_community
stable_usdt,2020-07-02,usdt,143091.0,262994.0,265387.0,coinmetrics_community
stable_usdt,2020-07-03,usdt,137505.0,252421.0,255041.0,coinmetrics_community
stable_usdt,2020-07-04,usdt,123579.0,223258.0,225491.0,coinmetrics_community
stable_usdt,2020-07-05,usdt,107202.0,209046.0,211435.0,coinmetrics_community
stable_usdt,2020-07-06,usdt,130733.0,262450.0,265807.0,coinmetrics_community
stable_usdt,2020-07-07,usdt,141112.0,265380.0,268868.0,coinmetrics_community
stable_usdt,2020-07-08,usdt,150827.0,279918.0,284494.0,coinmetrics_community
stable_usdt,2020-07-09,usdt,139603.0,270064.0,272303.0,coinmetrics_community
stable_usdt,2020-07-10,usdt,129767.0,252465.0,254794.0,coinmetrics_community
stable_usdt,2020-07-11,usdt,123162.0,231746.0,235083.0,coinmetrics_community
stable_usdt,2020-07-12,usdt,126751.0,238252.0,241853.0,coinmetrics_community
stable_usdt,2020-07-13,usdt,147480.0,287493.0,290300.0,coinmetrics_community
stable_usdt,2020-07-14,usdt,137703.0,270031.0,272696.0,coinmetrics_community
stable_usdt,2020-07-15,usdt,142564.0,275908.0,278989.0,coinmetrics_community
stable_usdt,2020-07-16,usdt,134310.0,264546.0,267026.0,coinmetrics_community
stable_usdt,2020-07-17,usdt,128519.0,256268.0,259838.0,coinmetrics_community
stable_usdt,2020-07-18,usdt,116728.0,231084.0,236910.0,coinmetrics_community
stable_usdt,2020-07-19,usdt,110981.0,219550.0,225185.0,coinmetrics_community
stable_usdt,2020-07-20,usdt,137086.0,270773.0,274999.0,coinmetrics_community
stable_usdt,2020-07-21,usdt,135672.0,270213.0,273751.0,coinmetrics_community
stable_usdt,2020-07-22,usdt,133275.0,268492.0,272865.0,coinmetrics_community
stable_usdt,2020-07-23,usdt,131709.0,272628.0,277360.0,coinmetrics_community
stable_usdt,2020-07-24,usdt,133837.0,277403.0,281952.0,coinmetrics_community
stable_usdt,2020-07-25,usdt,122209.0,246206.0,251506.0,coinmetrics_community
stable_usdt,2020-07-26,usdt,130553.0,254552.0,259261.0,coinmetrics_community
stable_usdt,2020-07-27,usdt,152818.0,301125.0,305451.0,coinmetrics_community
stable_usdt,2020-07-28,usdt,161298.0,304378.0,307872.0,coinmetrics_community
stable_usdt,2020-07-29,usdt,153424.0,293867.0,297446.0,coinmetrics_community
stable_usdt,2020-07-30,usdt,155545.0,299729.0,302966.0,coinmetrics_community
stable_usdt,2020-07-31,usdt,157006.0,308884.0,311926.0,coinmetrics_community
stable_usdt,2020-08-01,usdt,158271.0,315660.0,319069.0,coinmetrics_community
stable_usdt,2020-08-02,usdt,156062.0,314347.0,318112.0,coinmetrics_community
stable_usdt,2020-08-03,usdt,160255.0,306795.0,310227.0,coinmetrics_community
stable_usdt,2020-08-04,usdt,147995.0,299542.0,302888.0,coinmetrics_community
stable_usdt,2020-08-05,usdt,155959.0,316802.0,319675.0,coinmetrics_community
stable_usdt,2020-08-06,usdt,175977.0,360936.0,364159.0,coinmetrics_community
stable_usdt,2020-08-07,usdt,184543.0,385235.0,389418.0,coinmetrics_community
stable_usdt,2020-08-08,usdt,165274.0,333264.0,337049.0,coinmetrics_community
stable_usdt,2020-08-09,usdt,159990.0,321195.0,324856.0,coinmetrics_community
stable_usdt,2020-08-10,usdt,181232.0,370154.0,374286.0,coinmetrics_community
stable_usdt,2020-08-11,usdt,182762.0,356922.0,359937.0,coinmetrics_community
stable_usdt,2020-08-12,usdt,172341.0,327672.0,330809.0,coinmetrics_community
stable_usdt,2020-08-13,usdt,187206.0,344743.0,347215.0,coinmetrics_community
stable_usdt,2020-08-14,usdt,183474.0,337733.0,340685.0,coinmetrics_community
stable_usdt,2020-08-15,usdt,178680.0,312205.0,314844.0,coinmetrics_community
stable_usdt,2020-08-16,usdt,164658.0,304376.0,306906.0,coinmetrics_community
stable_usdt,2020-08-17,usdt,190980.0,354630.0,358361.0,coinmetrics_community
stable_usdt,2020-08-18,usdt,187272.0,344609.0,347871.0,coinmetrics_community
stable_usdt,2020-08-19,usdt,175576.0,329971.0,333253.0,coinmetrics_community
stable_usdt,2020-08-20,usdt,168219.0,317196.0,320709.0,coinmetrics_community
stable_usdt,2020-08-21,usdt,161889.0,298357.0,301147.0,coinmetrics_community
stable_usdt,2020-08-22,usdt,176950.0,313484.0,315987.0,coinmetrics_community
stable_usdt,2020-08-23,usdt,201327.0,321865.0,324491.0,coinmetrics_community
stable_usdt,2020-08-24,usdt,197018.0,350737.0,353759.0,coinmetrics_community
stable_usdt,2020-08-25,usdt,184157.0,325409.0,328457.0,coinmetrics_community
stable_usdt,2020-08-26,usdt,204507.0,367564.0,370811.0,coinmetrics_community
stable_usdt,2020-08-27,usdt,203131.0,370140.0,373204.0,coinmetrics_community
stable_usdt,2020-08-28,usdt,170184.0,329830.0,334041.0,coinmetrics_community
stable_usdt,2020-08-29,usdt,154710.0,310301.0,314706.0,coinmetrics_community
stable_usdt,2020-08-30,usdt,174256.0,336999.0,341940.0,coinmetrics_community
stable_usdt,2020-08-31,usdt,192428.0,379889.0,383850.0,coinmetrics_community
stable_usdt,2020-09-01,usdt,188542.0,370271.0,374570.0,coinmetrics_community
stable_usdt,2020-09-02,usdt,191865.0,383250.0,387151.0,coinmetrics_community
stable_usdt,2020-09-03,usdt,198690.0,443261.0,447572.0,coinmetrics_community
stable_usdt,2020-09-04,usdt,203360.0,438819.0,442824.0,coinmetrics_community
stable_usdt,2020-09-05,usdt,182353.0,385344.0,390116.0,coinmetrics_community
stable_usdt,2020-09-06,usdt,171048.0,332835.0,337202.0,coinmetrics_community
stable_usdt,2020-09-07,usdt,190882.0,383081.0,386029.0,coinmetrics_community
stable_usdt,2020-09-08,usdt,184141.0,373763.0,377209.0,coinmetrics_community
stable_usdt,2020-09-09,usdt,167933.0,378357.0,381738.0,coinmetrics_community
stable_usdt,2020-09-10,usdt,172404.0,375040.0,380291.0,coinmetrics_community
stable_usdt,2020-09-11,usdt,176459.0,387657.0,391874.0,coinmetrics_community
stable_usdt,2020-09-12,usdt,160956.0,345680.0,349697.0,coinmetrics_community
stable_usdt,2020-09-13,usdt,147749.0,329788.0,333627.0,coinmetrics_community
stable_usdt,2020-09-14,usdt,170312.0,367482.0,372265.0,coinmetrics_community
stable_usdt,2020-09-15,usdt,184728.0,410950.0,416219.0,coinmetrics_community
stable_usdt,2020-09-16,usdt,172749.0,377604.0,382909.0,coinmetrics_community
stable_usdt,2020-09-17,usdt,164668.0,330970.0,334490.0,coinmetrics_community
stable_usdt,2020-09-18,usdt,202169.0,391343.0,395766.0,coinmetrics_community
stable_usdt,2020-09-19,usdt,189193.0,357681.0,362448.0,coinmetrics_community
stable_usdt,2020-09-20,usdt,191472.0,369698.0,375501.0,coinmetrics_community
stable_usdt,2020-09-21,usdt,190653.0,388988.0,394616.0,coinmetrics_community
stable_usdt,2020-09-22,usdt,180706.0,367880.0,372017.0,coinmetrics_community
stable_usdt,2020-09-23,usdt,188517.0,389425.0,394061.0,coinmetrics_community
stable_usdt,2020-09-24,usdt,188215.0,385404.0,389666.0,coinmetrics_community
stable_usdt,2020-09-25,usdt,192521.0,397655.0,402532.0,coinmetrics_community
stable_usdt,2020-09-26,usdt,194179.0,388631.0,401535.0,coinmetrics_community
stable_usdt,2020-09-27,usdt,168188.0,339817.0,348309.0,coinmetrics_community
stable_usdt,2020-09-28,usdt,189729.0,393072.0,400667.0,coinmetrics_community
stable_usdt,2020-09-29,usdt,191499.0,392737.0,399860.0,coinmetrics_community
stable_usdt,2020-09-30,usdt,198597.0,398195.0,404222.0,coinmetrics_community
stable_usdt,2020-10-01,usdt,148853.0,316913.0,323523.0,coinmetrics_community
stable_usdt,2020-10-02,usdt,154482.0,385702.0,394648.0,coinmetrics_community
stable_usdt,2020-10-03,usdt,149669.0,312376.0,318125.0,coinmetrics_community
stable_usdt,2020-10-04,usdt,142821.0,305957.0,311712.0,coinmetrics_community
stable_usdt,2020-10-05,usdt,163736.0,345836.0,351115.0,coinmetrics_community
stable_usdt,2020-10-06,usdt,150480.0,326754.0,332232.0,coinmetrics_community
stable_usdt,2020-10-07,usdt,178232.0,389191.0,398114.0,coinmetrics_community
stable_usdt,2020-10-08,usdt,186255.0,445281.0,464861.0,coinmetrics_community
stable_usdt,2020-10-09,usdt,201439.0,434345.0,445057.0,coinmetrics_community
stable_usdt,2020-10-10,usdt,214899.0,423918.0,445142.0,coinmetrics_community
stable_usdt,2020-10-11,usdt,192678.0,384253.0,390289.0,coinmetrics_community
stable_usdt,2020-10-12,usdt,198902.0,420689.0,426876.0,coinmetrics_community
stable_usdt,2020-10-13,usdt,203510.0,420903.0,427213.0,coinmetrics_community
stable_usdt,2020-10-14,usdt,207692.0,444905.0,452379.0,coinmetrics_community
stable_usdt,2020-10-15,usdt,217575.0,454887.0,462848.0,coinmetrics_community
stable_usdt,2020-10-16,usdt,206667.0,430286.0,439622.0,coinmetrics_community
stable_usdt,2020-10-17,usdt,200397.0,400078.0,408646.0,coinmetrics_community
stable_usdt,2020-10-18,usdt,206481.0,394787.0,400691.0,coinmetrics_community
stable_usdt,2020-10-19,usdt,215578.0,436614.0,442777.0,coinmetrics_community
stable_usdt,2020-10-20,usdt,224554.0,450444.0,456191.0,coinmetrics_community
stable_usdt,2020-10-21,usdt,290221.0,539310.0,545435.0,coinmetrics_community
stable_usdt,2020-10-22,usdt,245104.0,475158.0,482370.0,coinmetrics_community
stable_usdt,2020-10-23,usdt,207454.0,428475.0,436149.0,coinmetrics_community
stable_usdt,2020-10-24,usdt,181787.0,371825.0,389740.0,coinmetrics_community
stable_usdt,2020-10-25,usdt,179959.0,384128.0,404169.0,coinmetrics_community
stable_usdt,2020-10-26,usdt,177050.0,398311.0,412956.0,coinmetrics_community
stable_usdt,2020-10-27,usdt,176984.0,393097.0,399509.0,coinmetrics_community
stable_usdt,2020-10-28,usdt,173439.0,396788.0,405657.0,coinmetrics_community
stable_usdt,2020-10-29,usdt,171742.0,397217.0,403864.0,coinmetrics_community
stable_usdt,2020-10-30,usdt,177258.0,399682.0,406554.0,coinmetrics_community
stable_usdt,2020-10-31,usdt,162400.0,365334.0,373687.0,coinmetrics_community
stable_usdt,2020-11-01,usdt,153023.0,327303.0,348397.0,coinmetrics_community
stable_usdt,2020-11-02,usdt,198987.0,422749.0,437743.0,coinmetrics_community
stable_usdt,2020-11-03,usdt,169425.0,391981.0,398929.0,coinmetrics_community
stable_usdt,2020-11-04,usdt,172713.0,393025.0,400172.0,coinmetrics_community
stable_usdt,2020-11-05,usdt,180366.0,414361.0,424404.0,coinmetrics_community
stable_usdt,2020-11-06,usdt,202743.0,443424.0,455365.0,coinmetrics_community
stable_usdt,2020-11-07,usdt,191907.0,409097.0,415958.0,coinmetrics_community
stable_usdt,2020-11-08,usdt,152337.0,351779.0,358064.0,coinmetrics_community
stable_usdt,2020-11-09,usdt,187383.0,430577.0,437044.0,coinmetrics_community
stable_usdt,2020-11-10,usdt,190035.0,430644.0,433522.0,coinmetrics_community
stable_usdt,2020-11-11,usdt,200765.0,420883.0,424655.0,coinmetrics_community
stable_usdt,2020-11-12,usdt,241124.0,463187.0,474389.0,coinmetrics_community
stable_usdt,2020-11-13,usdt,216863.0,434882.0,446299.0,coinmetrics_community
stable_usdt,2020-11-14,usdt,181163.0,369489.0,375033.0,coinmetrics_community
stable_usdt,2020-11-15,usdt,168708.0,364991.0,372236.0,coinmetrics_community
stable_usdt,2020-11-16,usdt,183552.0,403503.0,409295.0,coinmetrics_community
stable_usdt,2020-11-17,usdt,205057.0,418900.0,430282.0,coinmetrics_community
stable_usdt,2020-11-18,usdt,169317.0,364505.0,376375.0,coinmetrics_community
stable_usdt,2020-11-19,usdt,174899.0,352497.0,361004.0,coinmetrics_community
stable_usdt,2020-11-20,usdt,173896.0,370465.0,377020.0,coinmetrics_community
stable_usdt,2020-11-21,usdt,159391.0,341745.0,347565.0,coinmetrics_community
stable_usdt,2020-11-22,usdt,168993.0,345243.0,351585.0,coinmetrics_community
stable_usdt,2020-11-23,usdt,204935.0,423302.0,429534.0,coinmetrics_community
stable_usdt,2020-11-24,usdt,211614.0,437493.0,448505.0,coinmetrics_community
stable_usdt,2020-11-25,usdt,177513.0,361663.0,367614.0,coinmetrics_community
stable_usdt,2020-11-26,usdt,204049.0,409378.0,417355.0,coinmetrics_community
stable_usdt,2020-11-27,usdt,189530.0,364548.0,371605.0,coinmetrics_community
stable_usdt,2020-11-28,usdt,167228.0,316091.0,321205.0,coinmetrics_community
stable_usdt,2020-11-29,usdt,149204.0,291940.0,296555.0,coinmetrics_community
stable_usdt,2020-11-30,usdt,192815.0,376862.0,384274.0,coinmetrics_community
stable_usdt,2020-12-01,usdt,199101.0,402603.0,411868.0,coinmetrics_community
stable_usdt,2020-12-02,usdt,168696.0,332447.0,337993.0,coinmetrics_community
stable_usdt,2020-12-03,usdt,174807.0,349905.0,353932.0,coinmetrics_community
stable_usdt,2020-12-04,usdt,223933.0,410269.0,415627.0,coinmetrics_community
stable_usdt,2020-12-05,usdt,183009.0,338860.0,340353.0,coinmetrics_community
stable_usdt,2020-12-06,usdt,133745.0,281129.0,285843.0,coinmetrics_community
stable_usdt,2020-12-07,usdt,156217.0,330548.0,336098.0,coinmetrics_community
stable_usdt,2020-12-08,usdt,165725.0,351741.0,357851.0,coinmetrics_community
stable_usdt,2020-12-09,usdt,172977.0,371662.0,377688.0,coinmetrics_community
stable_usdt,2020-12-10,usdt,170325.0,361147.0,368019.0,coinmetrics_community
stable_usdt,2020-12-11,usdt,157611.0,342410.0,348537.0,coinmetrics_community
stable_usdt,2020-12-12,usdt,155477.0,321688.0,327941.0,coinmetrics_community
stable_usdt,2020-12-13,usdt,164183.0,330558.0,336486.0,coinmetrics_community
stable_usdt,2020-12-14,usdt,197904.0,395739.0,402153.0,coinmetrics_community
stable_usdt,2020-12-15,usdt,201596.0,412358.0,418236.0,coinmetrics_community
stable_usdt,2020-12-16,usdt,231793.0,457622.0,465308.0,coinmetrics_community
stable_usdt,2020-12-17,usdt,257620.0,517067.0,525419.0,coinmetrics_community
stable_usdt,2020-12-18,usdt,232429.0,459758.0,466883.0,coinmetrics_community
stable_usdt,2020-12-19,usdt,182833.0,398201.0,407760.0,coinmetrics_community
stable_usdt,2020-12-20,usdt,170163.0,386501.0,392827.0,coinmetrics_community
stable_usdt,2020-12-21,usdt,188287.0,416003.0,422965.0,coinmetrics_community
stable_usdt,2020-12-22,usdt,184582.0,423931.0,429695.0,coinmetrics_community
stable_usdt,2020-12-23,usdt,199776.0,443325.0,451056.0,coinmetrics_community
stable_usdt,2020-12-24,usdt,208690.0,451207.0,458516.0,coinmetrics_community
stable_usdt,2020-12-25,usdt,194868.0,429622.0,439314.0,coinmetrics_community
stable_usdt,2020-12-26,usdt,200451.0,445297.0,457463.0,coinmetrics_community
stable_usdt,2020-12-27,usdt,192540.0,417957.0,427895.0,coinmetrics_community
stable_usdt,2020-12-28,usdt,224186.0,484103.0,493296.0,coinmetrics_community
stable_usdt,2020-12-29,usdt,229571.0,513124.0,522154.0,coinmetrics_community
stable_usdt,2020-12-30,usdt,206218.0,474336.0,482616.0,coinmetrics_community
stable_usdt,2020-12-31,usdt,205136.0,462755.0,470369.0,coinmetrics_community
stable_usdt,2021-01-01,usdt,179447.0,405298.0,413403.0,coinmetrics_community
stable_usdt,2021-01-02,usdt,190235.0,436464.0,444035.0,coinmetrics_community
stable_usdt,2021-01-03,usdt,200499.0,445300.0,453248.0,coinmetrics_community
stable_usdt,2021-01-04,usdt,226355.0,492437.0,500334.0,coinmetrics_community
stable_usdt,2021-01-05,usdt,222722.0,489523.0,498143.0,coinmetrics_community
stable_usdt,2021-01-06,usdt,242861.0,516813.0,524139.0,coinmetrics_community
stable_usdt,2021-01-07,usdt,229201.0,522361.0,530798.0,coinmetrics_community
stable_usdt,2021-01-08,usdt,219892.0,521889.0,530740.0,coinmetrics_community
stable_usdt,2021-01-09,usdt,211896.0,476325.0,483845.0,coinmetrics_community
stable_usdt,2021-01-10,usdt,224455.0,507167.0,515115.0,coinmetrics_community
stable_usdt,2021-01-11,usdt,233712.0,517572.0,527742.0,coinmetrics_community
stable_usdt,2021-01-12,usdt,209634.0,458921.0,467327.0,coinmetrics_community
stable_usdt,2021-01-13,usdt,229907.0,480949.0,492088.0,coinmetrics_community
stable_usdt,2021-01-14,usdt,231327.0,493409.0,501524.0,coinmetrics_community
stable_usdt,2021-01-15,usdt,214179.0,469685.0,477817.0,coinmetrics_community
stable_usdt,2021-01-16,usdt,204271.0,441342.0,449284.0,coinmetrics_community
stable_usdt,2021-01-17,usdt,201512.0,430621.0,441429.0,coinmetrics_community
stable_usdt,2021-01-18,usdt,238472.0,503125.0,511958.0,coinmetrics_community
stable_usdt,2021-01-19,usdt,239772.0,514104.0,524230.0,coinmetrics_community
stable_usdt,2021-01-20,usdt,240769.0,529706.0,541020.0,coinmetrics_community
stable_usdt,2021-01-21,usdt,260079.0,526271.0,537873.0,coinmetrics_community
stable_usdt,2021-01-22,usdt,237437.0,496892.0,505209.0,coinmetrics_community
stable_usdt,2021-01-23,usdt,207285.0,430814.0,438692.0,coinmetrics_community
stable_usdt,2021-01-24,usdt,207168.0,448765.0,459491.0,coinmetrics_community
stable_usdt,2021-01-25,usdt,239040.0,521432.0,530484.0,coinmetrics_community
stable_usdt,2021-01-26,usdt,225130.0,475879.0,483774.0,coinmetrics_community
stable_usdt,2021-01-27,usdt,210437.0,468239.0,476388.0,coinmetrics_community
stable_usdt,2021-01-28,usdt,228875.0,520032.0,528497.0,coinmetrics_community
stable_usdt,2021-01-29,usdt,279011.0,630837.0,641963.0,coinmetrics_community
stable_usdt,2021-01-30,usdt,238322.0,510305.0,518781.0,coinmetrics_community
stable_usdt,2021-01-31,usdt,238353.0,529208.0,537677.0,coinmetrics_community
stable_usdt,2021-02-01,usdt,260748.0,549657.0,556738.0,coinmetrics_community
stable_usdt,2021-02-02,usdt,260223.0,536975.0,544914.0,coinmetrics_community
stable_usdt,2021-02-03,usdt,266208.0,545796.0,556321.0,coinmetrics_community
stable_usdt,2021-02-04,usdt,275656.0,559085.0,571658.0,coinmetrics_community
stable_usdt,2021-02-05,usdt,280738.0,576810.0,588823.0,coinmetrics_community
stable_usdt,2021-02-06,usdt,276684.0,551976.0,560379.0,coinmetrics_community
stable_usdt,2021-02-07,usdt,262529.0,542326.0,555627.0,coinmetrics_community
stable_usdt,2021-02-08,usdt,304531.0,626289.0,646984.0,coinmetrics_community
stable_usdt,2021-02-09,usdt,328129.0,680728.0,695550.0,coinmetrics_community
stable_usdt,2021-02-10,usdt,321222.0,681958.0,693849.0,coinmetrics_community
stable_usdt,2021-02-11,usdt,276598.0,558461.0,567365.0,coinmetrics_community
stable_usdt,2021-02-12,usdt,240350.0,488302.0,494337.0,coinmetrics_community
stable_usdt,2021-02-13,usdt,238015.0,493845.0,499562.0,coinmetrics_community
stable_usdt,2021-02-14,usdt,237338.0,492113.0,498491.0,coinmetrics_community
stable_usdt,2021-02-15,usdt,276246.0,575457.0,586963.0,coinmetrics_community
stable_usdt,2021-02-16,usdt,270744.0,550067.0,559190.0,coinmetrics_community
stable_usdt,2021-02-17,usdt,278845.0,581618.0,591182.0,coinmetrics_community
stable_usdt,2021-02-18,usdt,375975.0,742926.0,754366.0,coinmetrics_community
stable_usdt,2021-02-19,usdt,351724.0,708121.0,718286.0,coinmetrics_community
stable_usdt,2021-02-20,usdt,352964.0,732454.0,741092.0,coinmetrics_community
stable_usdt,2021-02-21,usdt,319772.0,677348.0,685191.0,coinmetrics_community
stable_usdt,2021-02-22,usdt,352826.0,753676.0,766124.0,coinmetrics_community
stable_usdt,2021-02-23,usdt,337529.0,730702.0,743880.0,coinmetrics_community
stable_usdt,2021-02-24,usdt,332181.0,707438.0,718656.0,coinmetrics_community
stable_usdt,2021-02-25,usdt,321686.0,686825.0,698214.0,coinmetrics_community
stable_usdt,2021-02-26,usdt,291336.0,639649.0,649348.0,coinmetrics_community
stable_usdt,2021-02-27,usdt,271246.0,597140.0,605956.0,coinmetrics_community
stable_usdt,2021-02-28,usdt,297211.0,647107.0,657049.0,coinmetrics_community
stable_usdt,2021-03-01,usdt,391023.0,768092.0,780096.0,coinmetrics_community
stable_usdt,2021-03-02,usdt,300786.0,558253.0,570300.0,coinmetrics_community
stable_usdt,2021-03-03,usdt,298513.0,575028.0,586370.0,coinmetrics_community
stable_usdt,2021-03-04,usdt,271472.0,537632.0,549241.0,coinmetrics_community
stable_usdt,2021-03-05,usdt,263690.0,517570.0,527957.0,coinmetrics_community
stable_usdt,2021-03-06,usdt,230435.0,454103.0,465755.0,coinmetrics_community
stable_usdt,2021-03-07,usdt,241836.0,479059.0,488241.0,coinmetrics_community
stable_usdt,2021-03-08,usdt,271470.0,541161.0,553941.0,coinmetrics_community
stable_usdt,2021-03-09,usdt,305792.0,612381.0,625208.0,coinmetrics_community
stable_usdt,2021-03-10,usdt,313395.0,609278.0,620270.0,coinmetrics_community
stable_usdt,2021-03-11,usdt,349071.0,663748.0,674735.0,coinmetrics_community
stable_usdt,2021-03-12,usdt,309281.0,610199.0,620297.0,coinmetrics_community
stable_usdt,2021-03-13,usdt,297747.0,586804.0,598205.0,coinmetrics_community
stable_usdt,2021-03-14,usdt,307693.0,582631.0,592226.0,coinmetrics_community
stable_usdt,2021-03-15,usdt,353105.0,673470.0,686738.0,coinmetrics_community
stable_usdt,2021-03-16,usdt,348737.0,659805.0,672223.0,coinmetrics_community
stable_usdt,2021-03-17,usdt,322146.0,623566.0,635157.0,coinmetrics_community
stable_usdt,2021-03-18,usdt,618587.0,989782.0,1000695.0,coinmetrics_community
stable_usdt,2021-03-19,usdt,498234.0,871602.0,880944.0,coinmetrics_community
stable_usdt,2021-03-20,usdt,336605.0,741391.0,751442.0,coinmetrics_community
stable_usdt,2021-03-21,usdt,318335.0,702623.0,712113.0,coinmetrics_community
stable_usdt,2021-03-22,usdt,364378.0,791961.0,804324.0,coinmetrics_community
stable_usdt,2021-03-23,usdt,336988.0,718909.0,732281.0,coinmetrics_community
stable_usdt,2021-03-24,usdt,383959.0,773567.0,786045.0,coinmetrics_community
stable_usdt,2021-03-25,usdt,336154.0,726123.0,738876.0,coinmetrics_community
stable_usdt,2021-03-26,usdt,322021.0,719582.0,731670.0,coinmetrics_community
stable_usdt,2021-03-27,usdt,294819.0,664032.0,676184.0,coinmetrics_community
stable_usdt,2021-03-28,usdt,279121.0,633815.0,645336.0,coinmetrics_community
stable_usdt,2021-03-29,usdt,346828.0,766438.0,780378.0,coinmetrics_community
stable_usdt,2021-03-30,usdt,393624.0,876325.0,1741452.0,coinmetrics_community
stable_usdt,2021-03-31,usdt,408708.0,926063.0,1429417.0,coinmetrics_community
stable_usdt,2021-04-01,usdt,413510.0,910470.0,1087224.0,coinmetrics_community
stable_usdt,2021-04-02,usdt,416443.0,969357.0,1092445.0,coinmetrics_community
stable_usdt,2021-04-03,usdt,368732.0,902088.0,1113081.0,coinmetrics_community
stable_usdt,2021-04-04,usdt,377522.0,879258.0,954211.0,coinmetrics_community
stable_usdt,2021-04-05,usdt,394640.0,980731.0,1062759.0,coinmetrics_community
stable_usdt,2021-04-06,usdt,411935.0,1035522.0,1084795.0,coinmetrics_community
stable_usdt,2021-04-07,usdt,390955.0,1053011.0,1088206.0,coinmetrics_community
stable_usdt,2021-04-08,usdt,370062.0,920336.0,957055.0,coinmetrics_community
stable_usdt,2021-04-09,usdt,370879.0,894974.0,931645.0,coinmetrics_community
stable_usdt,2021-04-10,usdt,346880.0,862896.0,890026.0,coinmetrics_community
stable_usdt,2021-04-11,usdt,355408.0,849045.0,870858.0,coinmetrics_community
stable_usdt,2021-04-12,usdt,437781.0,1013357.0,1037780.0,coinmetrics_community
stable_usdt,2021-04-13,usdt,404282.0,987290.0,1012385.0,coinmetrics_community
stable_usdt,2021-04-14,usdt,426218.0,1055377.0,1082857.0,coinmetrics_community
stable_usdt,2021-04-15,usdt,422236.0,1019577.0,1046550.0,coinmetrics_community
stable_usdt,2021-04-16,usdt,440453.0,1114678.0,1140432.0,coinmetrics_community
stable_usdt,2021-04-17,usdt,451140.0,1132088.0,1153367.0,coinmetrics_community
stable_usdt,2021-04-18,usdt,425487.0,1114004.0,1131612.0,coinmetrics_community
stable_usdt,2021-04-19,usdt,487061.0,1181524.0,1197997.0,coinmetrics_community
stable_usdt,2021-04-20,usdt,505681.0,1195924.0,1211728.0,coinmetrics_community
stable_usdt,2021-04-21,usdt,500589.0,1124420.0,1140488.0,coinmetrics_community
stable_usdt,2021-04-22,usdt,401073.0,1056448.0,1074998.0,coinmetrics_community
stable_usdt,2021-04-23,usdt,417606.0,1146025.0,1160791.0,coinmetrics_community
stable_usdt,2021-04-24,usdt,316223.0,901062.0,913686.0,coinmetrics_community
stable_usdt,2021-04-25,usdt,324408.0,858536.0,870344.0,coinmetrics_community
stable_usdt,2021-04-26,usdt,409819.0,1041897.0,1059788.0,coinmetrics_community
stable_usdt,2021-04-27,usdt,391540.0,984434.0,1004487.0,coinmetrics_community
stable_usdt,2021-04-28,usdt,366579.0,958428.0,981627.0,coinmetrics_community
stable_usdt,2021-04-29,usdt,386273.0,966715.0,987771.0,coinmetrics_community
stable_usdt,2021-04-30,usdt,404899.0,963104.0,978244.0,coinmetrics_community
stable_usdt,2021-05-01,usdt,361383.0,857931.0,873267.0,coinmetrics_community
stable_usdt,2021-05-02,usdt,333888.0,802713.0,817256.0,coinmetrics_community
stable_usdt,2021-05-03,usdt,388267.0,916274.0,943264.0,coinmetrics_community
stable_usdt,2021-05-04,usdt,455637.0,1042647.0,1067943.0,coinmetrics_community
stable_usdt,2021-05-05,usdt,442801.0,1058380.0,1085121.0,coinmetrics_community
stable_usdt,2021-05-06,usdt,489838.0,1141332.0,1164201.0,coinmetrics_community
stable_usdt,2021-05-07,usdt,504692.0,1254396.0,1276495.0,coinmetrics_community
stable_usdt,2021-05-08,usdt,593485.0,1349488.0,1367056.0,coinmetrics_community
stable_usdt,2021-05-09,usdt,572797.0,1260228.0,1277104.0,coinmetrics_community
stable_usdt,2021-05-10,usdt,838088.0,1777522.0,1798591.0,coinmetrics_community
stable_usdt,2021-05-11,usdt,849068.0,1713750.0,1728868.0,coinmetrics_community
stable_usdt,2021-05-12,usdt,727780.0,1552250.0,1571087.0,coinmetrics_community
stable_usdt,2021-05-13,usdt,619139.0,1413581.0,1437786.0,coinmetrics_community
stable_usdt,2021-05-14,usdt,612968.0,1382983.0,1411260.0,coinmetrics_community
stable_usdt,2021-05-15,usdt,500169.0,1222198.0,1241655.0,coinmetrics_community
stable_usdt,2021-05-16,usdt,455745.0,1136538.0,1156744.0,coinmetrics_community
stable_usdt,2021-05-17,usdt,518096.0,1280635.0,1298530.0,coinmetrics_community
stable_usdt,2021-05-18,usdt,510953.0,1219298.0,1239293.0,coinmetrics_community
stable_usdt,2021-05-19,usdt,540727.0,1499264.0,1523027.0,coinmetrics_community
stable_usdt,2021-05-20,usdt,478902.0,1273699.0,1295988.0,coinmetrics_community
stable_usdt,2021-05-21,usdt,434793.0,1241871.0,1261469.0,coinmetrics_community
stable_usdt,2021-05-22,usdt,356459.0,894235.0,912456.0,coinmetrics_community
stable_usdt,2021-05-23,usdt,360190.0,1009762.0,1034596.0,coinmetrics_community
stable_usdt,2021-05-24,usdt,618678.0,1236222.0,1262074.0,coinmetrics_community
stable_usdt,2021-05-25,usdt,373890.0,1007091.0,1032799.0,coinmetrics_community
stable_usdt,2021-05-26,usdt,391072.0,1014836.0,1041983.0,coinmetrics_community
stable_usdt,2021-05-27,usdt,331191.0,896955.0,923148.0,coinmetrics_community
stable_usdt,2021-05-28,usdt,346156.0,974222.0,1000608.0,coinmetrics_community
stable_usdt,2021-05-29,usdt,608303.0,1144283.0,1171145.0,coinmetrics_community
stable_usdt,2021-05-30,usdt,931544.0,1434198.0,1462931.0,coinmetrics_community
stable_usdt,2021-05-31,usdt,352541.0,892203.0,928903.0,coinmetrics_community
stable_usdt,2021-06-01,usdt,375225.0,944622.0,980281.0,coinmetrics_community
stable_usdt,2021-06-02,usdt,433392.0,969000.0,1016987.0,coinmetrics_community
stable_usdt,2021-06-03,usdt,413328.0,977875.0,1024922.0,coinmetrics_community
stable_usdt,2021-06-04,usdt,411018.0,1040851.0,1086585.0,coinmetrics_community
stable_usdt,2021-06-05,usdt,341547.0,845193.0,890025.0,coinmetrics_community
stable_usdt,2021-06-06,usdt,296853.0,697729.0,751465.0,coinmetrics_community
stable_usdt,2021-06-07,usdt,358325.0,870249.0,941144.0,coinmetrics_community
stable_usdt,2021-06-08,usdt,375741.0,1009130.0,1092322.0,coinmetrics_community
stable_usdt,2021-06-09,usdt,378714.0,937269.0,1057807.0,coinmetrics_community
stable_usdt,2021-06-10,usdt,353196.0,878137.0,1003454.0,coinmetrics_community
stable_usdt,2021-06-11,usdt,358820.0,936022.0,1101832.0,coinmetrics_community
stable_usdt,2021-06-12,usdt,305152.0,801283.0,941000.0,coinmetrics_community
stable_usdt,2021-06-13,usdt,269395.0,709015.0,740463.0,coinmetrics_community
stable_usdt,2021-06-14,usdt,322557.0,789472.0,812855.0,coinmetrics_community
stable_usdt,2021-06-15,usdt,335235.0,861760.0,893071.0,coinmetrics_community
stable_usdt,2021-06-16,usdt,332549.0,861722.0,891706.0,coinmetrics_community
stable_usdt,2021-06-17,usdt,377129.0,903217.0,932952.0,coinmetrics_community
stable_usdt,2021-06-18,usdt,358461.0,945014.0,970929.0,coinmetrics_community
stable_usdt,2021-06-19,usdt,292078.0,774480.0,796864.0,coinmetrics_community
stable_usdt,2021-06-20,usdt,294100.0,780088.0,807503.0,coinmetrics_community
stable_usdt,2021-06-21,usdt,379509.0,1025510.0,1066682.0,coinmetrics_community
stable_usdt,2021-06-22,usdt,425209.0,1164239.0,1213438.0,coinmetrics_community
stable_usdt,2021-06-23,usdt,318992.0,898964.0,945415.0,coinmetrics_community
stable_usdt,2021-06-24,usdt,338125.0,855759.0,913510.0,coinmetrics_community
stable_usdt,2021-06-25,usdt,334575.0,943677.0,1006351.0,coinmetrics_community
stable_usdt,2021-06-26,usdt,304659.0,826175.0,890472.0,coinmetrics_community
stable_usdt,2021-06-27,usdt,270166.0,734623.0,803091.0,coinmetrics_community
stable_usdt,2021-06-28,usdt,313351.0,824858.0,925820.0,coinmetrics_community
stable_usdt,2021-06-29,usdt,342044.0,862790.0,998667.0,coinmetrics_community
stable_usdt,2021-06-30,usdt,340182.0,843091.0,1089677.0,coinmetrics_community
stable_usdt,2021-07-01,usdt,395256.0,998930.0,2751875.0,coinmetrics_community
stable_usdt,2021-07-02,usdt,359566.0,909276.0,1519662.0,coinmetrics_community
stable_usdt,2021-07-03,usdt,292501.0,707502.0,762712.0,coinmetrics_community
stable_usdt,2021-07-04,usdt,301995.0,713823.0,949494.0,coinmetrics_community
stable_usdt,2021-07-05,usdt,343988.0,800449.0,909871.0,coinmetrics_community
stable_usdt,2021-07-06,usdt,447403.0,974376.0,1076029.0,coinmetrics_community
stable_usdt,2021-07-07,usdt,392869.0,912676.0,1022740.0,coinmetrics_community
stable_usdt,2021-07-08,usdt,346996.0,881161.0,898835.0,coinmetrics_community
stable_usdt,2021-07-09,usdt,350614.0,902128.0,923346.0,coinmetrics_community
stable_usdt,2021-07-10,usdt,304745.0,761204.0,777858.0,coinmetrics_community
stable_usdt,2021-07-11,usdt,284425.0,716205.0,730352.0,coinmetrics_community
stable_usdt,2021-07-12,usdt,321285.0,786467.0,804235.0,coinmetrics_community
stable_usdt,2021-07-13,usdt,296921.0,761345.0,776981.0,coinmetrics_community
stable_usdt,2021-07-14,usdt,303557.0,799102.0,817031.0,coinmetrics_community
stable_usdt,2021-07-15,usdt,305300.0,787846.0,881654.0,coinmetrics_community
stable_usdt,2021-07-16,usdt,349971.0,875473.0,913215.0,coinmetrics_community
stable_usdt,2021-07-17,usdt,267969.0,684768.0,710536.0,coinmetrics_community
stable_usdt,2021-07-18,usdt,270578.0,668859.0,689860.0,coinmetrics_community
stable_usdt,2021-07-19,usdt,307557.0,759906.0,786129.0,coinmetrics_community
stable_usdt,2021-07-20,usdt,309746.0,772493.0,797367.0,coinmetrics_community
stable_usdt,2021-07-21,usdt,325537.0,779131.0,804894.0,coinmetrics_community
stable_usdt,2021-07-22,usdt,282048.0,739285.0,762734.0,coinmetrics_community
stable_usdt,2021-07-23,usdt,294765.0,760720.0,780652.0,coinmetrics_community
stable_usdt,2021-07-24,usdt,297680.0,718033.0,749683.0,coinmetrics_community
stable_usdt,2021-07-25,usdt,352182.0,776431.0,801296.0,coinmetrics_community
stable_usdt,2021-07-26,usdt,378454.0,958661.0,991782.0,coinmetrics_community
stable_usdt,2021-07-27,usdt,349383.0,849333.0,884111.0,coinmetrics_community
stable_usdt,2021-07-28,usdt,337279.0,852229.0,895291.0,coinmetrics_community
stable_usdt,2021-07-29,usdt,352420.0,854565.0,919574.0,coinmetrics_community
stable_usdt,2021-07-30,usdt,444544.0,1025006.0,1163182.0,coinmetrics_community
stable_usdt,2021-07-31,usdt,337122.0,824473.0,865235.0,coinmetrics_community
stable_usdt,2021-08-01,usdt,326505.0,822879.0,850785.0,coinmetrics_community
stable_usdt,2021-08-02,usdt,397043.0,944820.0,968364.0,coinmetrics_community
stable_usdt,2021-08-03,usdt,493486.0,1057994.0,1088386.0,coinmetrics_community
stable_usdt,2021-08-04,usdt,416471.0,931045.0,963415.0,coinmetrics_community
stable_usdt,2021-08-05,usdt,380418.0,925548.0,961962.0,coinmetrics_community
stable_usdt,2021-08-06,usdt,438637.0,1033142.0,1095113.0,coinmetrics_community
stable_usdt,2021-08-07,usdt,406445.0,989708.0,1039398.0,coinmetrics_community
stable_usdt,2021-08-08,usdt,357372.0,874776.0,938692.0,coinmetrics_community
stable_usdt,2021-08-09,usdt,425009.0,1001438.0,1077668.0,coinmetrics_community
stable_usdt,2021-08-10,usdt,416095.0,977395.0,1059797.0,coinmetrics_community
stable_usdt,2021-08-11,usdt,454688.0,1045344.0,1135046.0,coinmetrics_community
stable_usdt,2021-08-12,usdt,436102.0,993197.0,1091743.0,coinmetrics_community
stable_usdt,2021-08-13,usdt,456072.0,957960.0,1046002.0,coinmetrics_community
stable_usdt,2021-08-14,usdt,441457.0,942140.0,1053252.0,coinmetrics_community
stable_usdt,2021-08-15,usdt,445762.0,916063.0,1056054.0,coinmetrics_community
stable_usdt,2021-08-16,usdt,468779.0,1138835.0,1184412.0,coinmetrics_community
stable_usdt,2021-08-17,usdt,403637.0,1043494.0,1068229.0,coinmetrics_community
stable_usdt,2021-08-18,usdt,384324.0,1025649.0,1058145.0,coinmetrics_community
stable_usdt,2021-08-19,usdt,396733.0,1056122.0,1090094.0,coinmetrics_community
stable_usdt,2021-08-20,usdt,461471.0,1123934.0,1146539.0,coinmetrics_community
stable_usdt,2021-08-21,usdt,385442.0,948422.0,970209.0,coinmetrics_community
stable_usdt,2021-08-22,usdt,408276.0,955400.0,982569.0,coinmetrics_community
stable_usdt,2021-08-23,usdt,455229.0,1104853.0,1125131.0,coinmetrics_community
stable_usdt,2021-08-24,usdt,426287.0,1060107.0,1076879.0,coinmetrics_community
stable_usdt,2021-08-25,usdt,422882.0,1031282.0,1048228.0,coinmetrics_community
stable_usdt,2021-08-26,usdt,393365.0,998867.0,1014361.0,coinmetrics_community
stable_usdt,2021-08-27,usdt,424685.0,982802.0,998073.0,coinmetrics_community
stable_usdt,2021-08-28,usdt,366457.0,892928.0,907883.0,coinmetrics_community
stable_usdt,2021-08-29,usdt,374246.0,907895.0,925585.0,coinmetrics_community
stable_usdt,2021-08-30,usdt,415992.0,1074019.0,1088253.0,coinmetrics_community
stable_usdt,2021-08-31,usdt,431915.0,1067443.0,1085175.0,coinmetrics_community
stable_usdt,2021-09-01,usdt,438153.0,1072848.0,1083852.0,coinmetrics_community
stable_usdt,2021-09-02,usdt,451412.0,1073524.0,1090307.0,coinmetrics_community
stable_usdt,2021-09-03,usdt,473486.0,1137114.0,1149352.0,coinmetrics_community
stable_usdt,2021-09-04,usdt,434322.0,1035987.0,1047630.0,coinmetrics_community
stable_usdt,2021-09-05,usdt,428759.0,1005251.0,1027391.0,coinmetrics_community
stable_usdt,2021-09-06,usdt,518876.0,1244832.0,1268828.0,coinmetrics_community
stable_usdt,2021-09-07,usdt,548467.0,1429480.0,1446247.0,coinmetrics_community
stable_usdt,2021-09-08,usdt,499714.0,1303724.0,1322291.0,coinmetrics_community
stable_usdt,2021-09-09,usdt,451321.0,1210116.0,1225897.0,coinmetrics_community
stable_usdt,2021-09-10,usdt,480593.0,1223283.0,1241686.0,coinmetrics_community
stable_usdt,2021-09-11,usdt,398480.0,1053848.0,1073155.0,coinmetrics_community
stable_usdt,2021-09-12,usdt,400511.0,1065042.0,1084101.0,coinmetrics_community
stable_usdt,2021-09-13,usdt,461297.0,1264362.0,1282588.0,coinmetrics_community
stable_usdt,2021-09-14,usdt,423232.0,985972.0,1002103.0,coinmetrics_community
stable_usdt,2021-09-15,usdt,430093.0,1030994.0,1046296.0,coinmetrics_community
stable_usdt,2021-09-16,usdt,470133.0,1148205.0,1163870.0,coinmetrics_community
stable_usdt,2021-09-17,usdt,441726.0,1112210.0,1127997.0,coinmetrics_community
stable_usdt,2021-09-18,usdt,371034.0,978096.0,993521.0,coinmetrics_community
stable_usdt,2021-09-19,usdt,355238.0,939634.0,955450.0,coinmetrics_community
stable_usdt,2021-09-20,usdt,483396.0,1331762.0,1351821.0,coinmetrics_community
stable_usdt,2021-09-21,usdt,402215.0,1111052.0,1131625.0,coinmetrics_community
stable_usdt,2021-09-22,usdt,418680.0,1134462.0,1155358.0,coinmetrics_community
stable_usdt,2021-09-23,usdt,400060.0,1109965.0,1123323.0,coinmetrics_community
stable_usdt,2021-09-24,usdt,472821.0,1274144.0,1289284.0,coinmetrics_community
stable_usdt,2021-09-25,usdt,364193.0,1035683.0,1048962.0,coinmetrics_community
stable_usdt,2021-09-26,usdt,409246.0,1148595.0,1163046.0,coinmetrics_community
stable_usdt,2021-09-27,usdt,396891.0,1043550.0,1057476.0,coinmetrics_community
stable_usdt,2021-09-28,usdt,398893.0,1040470.0,1054860.0,coinmetrics_community
stable_usdt,2021-09-29,usdt,386623.0,983167.0,994764.0,coinmetrics_community
stable_usdt,2021-09-30,usdt,418853.0,1045148.0,1058265.0,coinmetrics_community
stable_usdt,2021-10-01,usdt,402725.0,1018336.0,1031872.0,coinmetrics_community
stable_usdt,2021-10-02,usdt,375104.0,962822.0,982223.0,coinmetrics_community
stable_usdt,2021-10-03,usdt,357404.0,928551.0,940201.0,coinmetrics_community
stable_usdt,2021-10-04,usdt,441248.0,1098445.0,1117280.0,coinmetrics_community
stable_usdt,2021-10-05,usdt,458458.0,1108495.0,1125105.0,coinmetrics_community
stable_usdt,2021-10-06,usdt,477555.0,1175106.0,1192916.0,coinmetrics_community
stable_usdt,2021-10-07,usdt,551903.0,1292715.0,1309338.0,coinmetrics_community
stable_usdt,2021-10-08,usdt,498525.0,1199326.0,1213567.0,coinmetrics_community
stable_usdt,2021-10-09,usdt,452699.0,1102206.0,1113643.0,coinmetrics_community
stable_usdt,2021-10-10,usdt,426368.0,1052634.0,1070468.0,coinmetrics_community
stable_usdt,2021-10-11,usdt,518486.0,1249012.0,1263525.0,coinmetrics_community
stable_usdt,2021-10-12,usdt,473572.0,1210362.0,1266604.0,coinmetrics_community
stable_usdt,2021-10-13,usdt,479397.0,1197876.0,1244663.0,coinmetrics_community
stable_usdt,2021-10-14,usdt,492991.0,1269916.0,1301618.0,coinmetrics_community
stable_usdt,2021-10-15,usdt,500693.0,1377888.0,1401821.0,coinmetrics_community
stable_usdt,2021-10-16,usdt,444083.0,1202280.0,1238356.0,coinmetrics_community
stable_usdt,2021-10-17,usdt,409756.0,1127046.0,1154769.0,coinmetrics_community
stable_usdt,2021-10-18,usdt,497264.0,1313859.0,1339458.0,coinmetrics_community
stable_usdt,2021-10-19,usdt,514127.0,1301051.0,1329392.0,coinmetrics_community
stable_usdt,2021-10-20,usdt,518384.0,1355341.0,1378152.0,coinmetrics_community
stable_usdt,2021-10-21,usdt,528239.0,1433286.0,1474034.0,coinmetrics_community
stable_usdt,2021-10-22,usdt,515324.0,1463879.0,1496863.0,coinmetrics_community
stable_usdt,2021-10-23,usdt,468544.0,1121328.0,1140670.0,coinmetrics_community
stable_usdt,2021-10-24,usdt,468745.0,1102462.0,1125880.0,coinmetrics_community
stable_usdt,2021-10-25,usdt,563249.0,1374776.0,1397288.0,coinmetrics_community
stable_usdt,2021-10-26,usdt,586563.0,1418523.0,1443101.0,coinmetrics_community
stable_usdt,2021-10-27,usdt,646620.0,1537416.0,1560742.0,coinmetrics_community
stable_usdt,2021-10-28,usdt,674799.0,1579073.0,1603629.0,coinmetrics_community
stable_usdt,2021-10-29,usdt,729687.0,1592069.0,1624725.0,coinmetrics_community
stable_usdt,2021-10-30,usdt,655362.0,1470174.0,1504304.0,coinmetrics_community
stable_usdt,2021-10-31,usdt,616291.0,1426643.0,1472907.0,coinmetrics_community
stable_usdt,2021-11-01,usdt,634540.0,1514152.0,1897013.0,coinmetrics_community
stable_usdt,2021-11-02,usdt,711128.0,1620207.0,1721043.0,coinmetrics_community
stable_usdt,2021-11-03,usdt,696081.0,1632763.0,1691086.0,coinmetrics_community
stable_usdt,2021-11-04,usdt,692853.0,1612407.0,1667980.0,coinmetrics_community
stable_usdt,2021-11-05,usdt,698523.0,1596588.0,1618765.0,coinmetrics_community
stable_usdt,2021-11-06,usdt,547557.0,1317561.0,1330740.0,coinmetrics_community
stable_usdt,2021-11-07,usdt,550069.0,1305083.0,1320358.0,coinmetrics_community
stable_usdt,2021-11-08,usdt,682288.0,1551441.0,1567060.0,coinmetrics_community
stable_usdt,2021-11-09,usdt,677962.0,1558746.0,1584353.0,coinmetrics_community
stable_usdt,2021-11-10,usdt,669934.0,1562559.0,1578174.0,coinmetrics_community
stable_usdt,2021-11-11,usdt,639909.0,1492938.0,1508355.0,coinmetrics_community
stable_usdt,2021-11-12,usdt,666447.0,1475397.0,1486897.0,coinmetrics_community
stable_usdt,2021-11-13,usdt,557457.0,1296340.0,1308284.0,coinmetrics_community
stable_usdt,2021-11-14,usdt,541284.0,1280504.0,1291050.0,coinmetrics_community
stable_usdt,2021-11-15,usdt,911641.0,1747785.0,1759763.0,coinmetrics_community
stable_usdt,2021-11-16,usdt,739544.0,1691375.0,1705696.0,coinmetrics_community
stable_usdt,2021-11-17,usdt,610221.0,1480791.0,1494111.0,coinmetrics_community
stable_usdt,2021-11-18,usdt,643877.0,1511787.0,1523635.0,coinmetrics_community
stable_usdt,2021-11-19,usdt,669803.0,1512727.0,1528856.0,coinmetrics_community
stable_usdt,2021-11-20,usdt,521045.0,1282820.0,1292359.0,coinmetrics_community
stable_usdt,2021-11-21,usdt,544183.0,1302513.0,1314469.0,coinmetrics_community
stable_usdt,2021-11-22,usdt,618583.0,1473334.0,1485401.0,coinmetrics_community
stable_usdt,2021-11-23,usdt,607394.0,1411727.0,1422713.0,coinmetrics_community
stable_usdt,2021-11-24,usdt,663468.0,1533688.0,1548256.0,coinmetrics_community
stable_usdt,2021-11-25,usdt,713805.0,1641916.0,1656202.0,coinmetrics_community
stable_usdt,2021-11-26,usdt,696590.0,1609537.0,1624709.0,coinmetrics_community
stable_usdt,2021-11-27,usdt,550214.0,1320179.0,1330641.0,coinmetrics_community
stable_usdt,2021-11-28,usdt,509873.0,1259112.0,1270162.0,coinmetrics_community
stable_usdt,2021-11-29,usdt,623891.0,1446691.0,1457892.0,coinmetrics_community
stable_usdt,2021-11-30,usdt,720524.0,1623295.0,1642402.0,coinmetrics_community
stable_usdt,2021-12-01,usdt,721421.0,1639111.0,1654843.0,coinmetrics_community
stable_usdt,2021-12-02,usdt,628602.0,1460634.0,1475929.0,coinmetrics_community
stable_usdt,2021-12-03,usdt,817841.0,1688470.0,1703434.0,coinmetrics_community
stable_usdt,2021-12-04,usdt,709752.0,1603635.0,1621383.0,coinmetrics_community
stable_usdt,2021-12-05,usdt,551141.0,1351819.0,1368696.0,coinmetrics_community
stable_usdt,2021-12-06,usdt,671235.0,1558864.0,1580491.0,coinmetrics_community
stable_usdt,2021-12-07,usdt,654113.0,1509741.0,1531759.0,coinmetrics_community
stable_usdt,2021-12-08,usdt,603985.0,1424091.0,1443549.0,coinmetrics_community
stable_usdt,2021-12-09,usdt,593031.0,1348099.0,1365848.0,coinmetrics_community
stable_usdt,2021-12-10,usdt,623478.0,1371203.0,1390645.0,coinmetrics_community
stable_usdt,2021-12-11,usdt,489896.0,1106641.0,1124712.0,coinmetrics_community
stable_usdt,2021-12-12,usdt,526581.0,1115957.0,1136979.0,coinmetrics_community
stable_usdt,2021-12-13,usdt,620717.0,1298348.0,1317463.0,coinmetrics_community
stable_usdt,2021-12-14,usdt,622884.0,1431417.0,1454790.0,coinmetrics_community
stable_usdt,2021-12-15,usdt,621646.0,1463745.0,1501228.0,coinmetrics_community
stable_usdt,2021-12-16,usdt,551767.0,1328411.0,1345242.0,coinmetrics_community
stable_usdt,2021-12-17,usdt,547833.0,1305414.0,1322045.0,coinmetrics_community
stable_usdt,2021-12-18,usdt,480870.0,1184648.0,1200520.0,coinmetrics_community
stable_usdt,2021-12-19,usdt,453880.0,1111516.0,1128542.0,coinmetrics_community
stable_usdt,2021-12-20,usdt,604640.0,1341503.0,1361221.0,coinmetrics_community
stable_usdt,2021-12-21,usdt,586240.0,1341391.0,1359504.0,coinmetrics_community
stable_usdt,2021-12-22,usdt,588981.0,1324498.0,1340173.0,coinmetrics_community
stable_usdt,2021-12-23,usdt,551410.0,1330554.0,1346573.0,coinmetrics_community
stable_usdt,2021-12-24,usdt,854379.0,1623995.0,1643943.0,coinmetrics_community
stable_usdt,2021-12-25,usdt,423743.0,1099288.0,1116933.0,coinmetrics_community
stable_usdt,2021-12-26,usdt,437534.0,1105438.0,1124291.0,coinmetrics_community
stable_usdt,2021-12-27,usdt,519840.0,1250170.0,1261659.0,coinmetrics_community
stable_usdt,2021-12-28,usdt,534740.0,1309790.0,1323022.0,coinmetrics_community
stable_usdt,2021-12-29,usdt,541094.0,1284798.0,1297412.0,coinmetrics_community
stable_usdt,2021-12-30,usdt,579637.0,1294167.0,1307971.0,coinmetrics_community
stable_usdt,2021-12-31,usdt,488043.0,1196137.0,1210333.0,coinmetrics_community
stable_usdt,2022-01-01,usdt,389798.0,978093.0,985987.0,coinmetrics_community
stable_usdt,2022-01-02,usdt,441034.0,1043639.0,1050441.0,coinmetrics_community
stable_usdt,2022-01-03,usdt,509491.0,1169472.0,1178280.0,coinmetrics_community
stable_usdt,2022-01-04,usdt,547572.0,1309331.0,1318583.0,coinmetrics_community
stable_usdt,2022-01-05,usdt,605364.0,1365024.0,1375855.0,coinmetrics_community
stable_usdt,2022-01-06,usdt,543300.0,1320296.0,1332587.0,coinmetrics_community
stable_usdt,2022-01-07,usdt,561072.0,1227544.0,1239003.0,coinmetrics_community
stable_usdt,2022-01-08,usdt,473142.0,1150552.0,1160974.0,coinmetrics_community
stable_usdt,2022-01-09,usdt,443729.0,1116195.0,1124645.0,coinmetrics_community
stable_usdt,2022-01-10,usdt,540218.0,1279317.0,1291961.0,coinmetrics_community
stable_usdt,2022-01-11,usdt,529229.0,1288097.0,1296785.0,coinmetrics_community
stable_usdt,2022-01-12,usdt,551313.0,1360383.0,1369594.0,coinmetrics_community
stable_usdt,2022-01-13,usdt,499879.0,1268037.0,1281543.0,coinmetrics_community
stable_usdt,2022-01-14,usdt,500385.0,1258012.0,1266578.0,coinmetrics_community
stable_usdt,2022-01-15,usdt,489647.0,1218658.0,1226858.0,coinmetrics_community
stable_usdt,2022-01-16,usdt,466816.0,1196585.0,1207961.0,coinmetrics_community
stable_usdt,2022-01-17,usdt,587222.0,1393810.0,1403885.0,coinmetrics_community
stable_usdt,2022-01-18,usdt,583172.0,1432319.0,1441552.0,coinmetrics_community
stable_usdt,2022-01-19,usdt,536238.0,1404094.0,1415834.0,coinmetrics_community
stable_usdt,2022-01-20,usdt,582318.0,1366529.0,1378913.0,coinmetrics_community
stable_usdt,2022-01-21,usdt,582189.0,1328592.0,1351530.0,coinmetrics_community
stable_usdt,2022-01-22,usdt,602899.0,1354800.0,1380892.0,coinmetrics_community
stable_usdt,2022-01-23,usdt,590926.0,1308735.0,1321872.0,coinmetrics_community
stable_usdt,2022-01-24,usdt,708929.0,1520763.0,1544192.0,coinmetrics_community
stable_usdt,2022-01-25,usdt,773816.0,1647578.0,1658968.0,coinmetrics_community
stable_usdt,2022-01-26,usdt,783931.0,1602582.0,1616710.0,coinmetrics_community
stable_usdt,2022-01-27,usdt,624327.0,1404283.0,1418709.0,coinmetrics_community
stable_usdt,2022-01-28,usdt,624853.0,1398571.0,1412249.0,coinmetrics_community
stable_usdt,2022-01-29,usdt,572956.0,1236954.0,1247543.0,coinmetrics_community
stable_usdt,2022-01-30,usdt,535661.0,1141612.0,1150476.0,coinmetrics_community
stable_usdt,2022-01-31,usdt,590427.0,1232238.0,1242888.0,coinmetrics_community
stable_usdt,2022-02-01,usdt,516781.0,1144226.0,1154969.0,coinmetrics_community
stable_usdt,2022-02-02,usdt,513672.0,1131449.0,1145476.0,coinmetrics_community
stable_usdt,2022-02-03,usdt,519932.0,1129081.0,1140635.0,coinmetrics_community
stable_usdt,2022-02-04,usdt,542922.0,1230794.0,1244462.0,coinmetrics_community
stable_usdt,2022-02-05,usdt,551597.0,1251169.0,1263005.0,coinmetrics_community
stable_usdt,2022-02-06,usdt,531635.0,1211364.0,1222000.0,coinmetrics_community
stable_usdt,2022-02-07,usdt,633638.0,1429948.0,1440612.0,coinmetrics_community
stable_usdt,2022-02-08,usdt,632630.0,1426836.0,1439628.0,coinmetrics_community
stable_usdt,2022-02-09,usdt,669046.0,1435617.0,1447966.0,coinmetrics_community
stable_usdt,2022-02-10,usdt,631948.0,1430307.0,1444936.0,coinmetrics_community
stable_usdt,2022-02-11,usdt,637485.0,1431405.0,1446355.0,coinmetrics_community
stable_usdt,2022-02-12,usdt,559235.0,1277702.0,1288632.0,coinmetrics_community
stable_usdt,2022-02-13,usdt,555093.0,1229457.0,1240230.0,coinmetrics_community
stable_usdt,2022-02-14,usdt,619395.0,1367711.0,1378299.0,coinmetrics_community
stable_usdt,2022-02-15,usdt,679922.0,1471508.0,1483616.0,coinmetrics_community
stable_usdt,2022-02-16,usdt,644738.0,1464716.0,1481188.0,coinmetrics_community
stable_usdt,2022-02-17,usdt,632316.0,1460280.0,1482092.0,coinmetrics_community
stable_usdt,2022-02-18,usdt,602039.0,1411679.0,1434491.0,coinmetrics_community
stable_usdt,2022-02-19,usdt,571622.0,1287718.0,1319207.0,coinmetrics_community
stable_usdt,2022-02-20,usdt,563796.0,1261374.0,1298140.0,coinmetrics_community
stable_usdt,2022-02-21,usdt,613701.0,1404717.0,1445544.0,coinmetrics_community
stable_usdt,2022-02-22,usdt,672939.0,1509566.0,1539306.0,coinmetrics_community
stable_usdt,2022-02-23,usdt,612830.0,1398710.0,1416809.0,coinmetrics_community
stable_usdt,2022-02-24,usdt,700891.0,1549115.0,1574596.0,coinmetrics_community
stable_usdt,2022-02-25,usdt,623666.0,1462464.0,1489976.0,coinmetrics_community
stable_usdt,2022-02-26,usdt,547322.0,1354668.0,1379848.0,coinmetrics_community
stable_usdt,2022-02-27,usdt,533075.0,1327279.0,1350596.0,coinmetrics_community
stable_usdt,2022-02-28,usdt,650207.0,1499045.0,1526472.0,coinmetrics_community
stable_usdt,2022-03-01,usdt,632218.0,1433702.0,1453846.0,coinmetrics_community
stable_usdt,2022-03-02,usdt,617928.0,1441209.0,1459967.0,coinmetrics_community
stable_usdt,2022-03-03,usdt,607453.0,1333168.0,1349447.0,coinmetrics_community
stable_usdt,2022-03-04,usdt,588928.0,1294633.0,1311647.0,coinmetrics_community
stable_usdt,2022-03-05,usdt,569572.0,1219930.0,1234285.0,coinmetrics_community
stable_usdt,2022-03-06,usdt,573099.0,1212709.0,1225606.0,coinmetrics_community
stable_usdt,2022-03-07,usdt,638967.0,1387639.0,1404924.0,coinmetrics_community
stable_usdt,2022-03-08,usdt,654497.0,1354871.0,1370340.0,coinmetrics_community
stable_usdt,2022-03-09,usdt,619790.0,1339797.0,1357428.0,coinmetrics_community
stable_usdt,2022-03-10,usdt,569643.0,1236335.0,1252159.0,coinmetrics_community
stable_usdt,2022-03-11,usdt,539112.0,1216711.0,1231089.0,coinmetrics_community
stable_usdt,2022-03-12,usdt,495370.0,1147846.0,1160362.0,coinmetrics_community
stable_usdt,2022-03-13,usdt,490644.0,1133224.0,1146794.0,coinmetrics_community
stable_usdt,2022-03-14,usdt,606889.0,1312228.0,1327236.0,coinmetrics_community
stable_usdt,2022-03-15,usdt,575615.0,1262319.0,1279315.0,coinmetrics_community
stable_usdt,2022-03-16,usdt,606507.0,1335437.0,1353452.0,coinmetrics_community
stable_usdt,2022-03-17,usdt,586804.0,1309691.0,1324567.0,coinmetrics_community
stable_usdt,2022-03-18,usdt,579597.0,1308716.0,1327264.0,coinmetrics_community
stable_usdt,2022-03-19,usdt,560755.0,1234181.0,1252229.0,coinmetrics_community
stable_usdt,2022-03-20,usdt,525773.0,1198984.0,1216514.0,coinmetrics_community
stable_usdt,2022-03-21,usdt,605302.0,1333992.0,1351185.0,coinmetrics_community
stable_usdt,2022-03-22,usdt,598560.0,1319120.0,1338357.0,coinmetrics_community
stable_usdt,2022-03-23,usdt,590329.0,1288606.0,1307212.0,coinmetrics_community
stable_usdt,2022-03-24,usdt,632683.0,1338432.0,1360287.0,coinmetrics_community
stable_usdt,2022-03-25,usdt,627488.0,1339798.0,1360096.0,coinmetrics_community
stable_usdt,2022-03-26,usdt,534549.0,1169268.0,1184083.0,coinmetrics_community
stable_usdt,2022-03-27,usdt,539668.0,1200420.0,1223220.0,coinmetrics_community
stable_usdt,2022-03-28,usdt,669535.0,1475228.0,1497534.0,coinmetrics_community
stable_usdt,2022-03-29,usdt,690439.0,1496488.0,1513847.0,coinmetrics_community
stable_usdt,2022-03-30,usdt,710631.0,1512152.0,1530723.0,coinmetrics_community
stable_usdt,2022-03-31,usdt,730995.0,1545724.0,1567854.0,coinmetrics_community
stable_usdt,2022-04-01,usdt,686914.0,1419188.0,1441444.0,coinmetrics_community
stable_usdt,2022-04-02,usdt,606333.0,1295923.0,1315803.0,coinmetrics_community
stable_usdt,2022-04-03,usdt,575468.0,1225211.0,1242025.0,coinmetrics_community
stable_usdt,2022-04-04,usdt,682921.0,1391392.0,1409873.0,coinmetrics_community
stable_usdt,2022-04-05,usdt,695433.0,1402915.0,1421302.0,coinmetrics_community
stable_usdt,2022-04-06,usdt,708395.0,1420189.0,1437994.0,coinmetrics_community
stable_usdt,2022-04-07,usdt,668224.0,1363147.0,1382483.0,coinmetrics_community
stable_usdt,2022-04-08,usdt,638862.0,1278966.0,1294955.0,coinmetrics_community
stable_usdt,2022-04-09,usdt,596021.0,1198258.0,1213586.0,coinmetrics_community
stable_usdt,2022-04-10,usdt,582346.0,1196923.0,1209782.0,coinmetrics_community
stable_usdt,2022-04-11,usdt,718100.0,1478188.0,1494531.0,coinmetrics_community
stable_usdt,2022-04-12,usdt,673227.0,1414443.0,1431318.0,coinmetrics_community
stable_usdt,2022-04-13,usdt,659340.0,1435484.0,1450470.0,coinmetrics_community
stable_usdt,2022-04-14,usdt,650991.0,1439656.0,1454367.0,coinmetrics_community
stable_usdt,2022-04-15,usdt,710389.0,1537424.0,1554093.0,coinmetrics_community
stable_usdt,2022-04-16,usdt,605634.0,1313827.0,1330393.0,coinmetrics_community
stable_usdt,2022-04-17,usdt,575742.0,1227220.0,1240813.0,coinmetrics_community
stable_usdt,2022-04-18,usdt,686107.0,1445692.0,1461643.0,coinmetrics_community
stable_usdt,2022-04-19,usdt,761384.0,1565699.0,1580385.0,coinmetrics_community
stable_usdt,2022-04-20,usdt,889720.0,1753357.0,1769142.0,coinmetrics_community
stable_usdt,2022-04-21,usdt,748052.0,1628138.0,1645148.0,coinmetrics_community
stable_usdt,2022-04-22,usdt,719172.0,1529016.0,1545717.0,coinmetrics_community
stable_usdt,2022-04-23,usdt,613365.0,1338834.0,1353654.0,coinmetrics_community
stable_usdt,2022-04-24,usdt,602085.0,1300707.0,1318661.0,coinmetrics_community
stable_usdt,2022-04-25,usdt,751042.0,1588552.0,1610682.0,coinmetrics_community
stable_usdt,2022-04-26,usdt,725618.0,1547400.0,1568874.0,coinmetrics_community
stable_usdt,2022-04-27,usdt,704733.0,1517938.0,1541481.0,coinmetrics_community
stable_usdt,2022-04-28,usdt,711422.0,1553329.0,1577825.0,coinmetrics_community
stable_usdt,2022-04-29,usdt,745397.0,1580936.0,1610251.0,coinmetrics_community
stable_usdt,2022-04-30,usdt,673389.0,1446529.0,1475616.0,coinmetrics_community
stable_usdt,2022-05-01,usdt,639745.0,1397558.0,1415506.0,coinmetrics_community
stable_usdt,2022-05-02,usdt,680768.0,1490345.0,1508261.0,coinmetrics_community
stable_usdt,2022-05-03,usdt,666340.0,1478327.0,1493188.0,coinmetrics_community
stable_usdt,2022-05-04,usdt,700284.0,1557042.0,1575432.0,coinmetrics_community
stable_usdt,2022-05-05,usdt,798052.0,1727505.0,1749456.0,coinmetrics_community
stable_usdt,2022-05-06,usdt,766401.0,1629513.0,1652876.0,coinmetrics_community
stable_usdt,2022-05-07,usdt,754492.0,1553171.0,1577420.0,coinmetrics_community
stable_usdt,2022-05-08,usdt,665691.0,1446973.0,1467803.0,coinmetrics_community
stable_usdt,2022-05-09,usdt,904805.0,1920511.0,1961183.0,coinmetrics_community
stable_usdt,2022-05-10,usdt,870631.0,1934980.0,1995474.0,coinmetrics_community
stable_usdt,2022-05-11,usdt,998287.0,2211830.0,2284901.0,coinmetrics_community
stable_usdt,2022-05-12,usdt,1069825.0,2331984.0,2420673.0,coinmetrics_community
stable_usdt,2022-05-13,usdt,924896.0,1915617.0,1962680.0,coinmetrics_community
stable_usdt,2022-05-14,usdt,836481.0,1748036.0,1780741.0,coinmetrics_community
stable_usdt,2022-05-15,usdt,750255.0,1537018.0,1561179.0,coinmetrics_community
stable_usdt,2022-05-16,usdt,720691.0,1572292.0,1597092.0,coinmetrics_community
stable_usdt,2022-05-17,usdt,696546.0,1473805.0,1492054.0,coinmetrics_community
stable_usdt,2022-05-18,usdt,681914.0,1483188.0,1500740.0,coinmetrics_community
stable_usdt,2022-05-19,usdt,656788.0,1470432.0,1488285.0,coinmetrics_community
stable_usdt,2022-05-20,usdt,645331.0,1428031.0,1445518.0,coinmetrics_community
stable_usdt,2022-05-21,usdt,564787.0,1271950.0,1286226.0,coinmetrics_community
stable_usdt,2022-05-22,usdt,542659.0,1251189.0,1263822.0,coinmetrics_community
stable_usdt,2022-05-23,usdt,676115.0,1521400.0,1544314.0,coinmetrics_community
stable_usdt,2022-05-24,usdt,669953.0,1457638.0,1470512.0,coinmetrics_community
stable_usdt,2022-05-25,usdt,650784.0,1438733.0,1452108.0,coinmetrics_community
stable_usdt,2022-05-26,usdt,680597.0,1517039.0,1535914.0,coinmetrics_community
stable_usdt,2022-05-27,usdt,679492.0,1526508.0,1545794.0,coinmetrics_community
stable_usdt,2022-05-28,usdt,593515.0,1317152.0,1330280.0,coinmetrics_community
stable_usdt,2022-05-29,usdt,580990.0,1243725.0,1257849.0,coinmetrics_community
stable_usdt,2022-05-30,usdt,732000.0,1598113.0,1617621.0,coinmetrics_community
stable_usdt,2022-05-31,usdt,735494.0,1624218.0,1640692.0,coinmetrics_community
stable_usdt,2022-06-01,usdt,697995.0,1492052.0,1505808.0,coinmetrics_community
stable_usdt,2022-06-02,usdt,668423.0,1470729.0,1484840.0,coinmetrics_community
stable_usdt,2022-06-03,usdt,635343.0,1451875.0,1467830.0,coinmetrics_community
stable_usdt,2022-06-04,usdt,537998.0,1268974.0,1280993.0,coinmetrics_community
stable_usdt,2022-06-05,usdt,526218.0,1203226.0,1213815.0,coinmetrics_community
stable_usdt,2022-06-06,usdt,687220.0,1488505.0,1505528.0,coinmetrics_community
stable_usdt,2022-06-07,usdt,678844.0,1497812.0,1512503.0,coinmetrics_community
stable_usdt,2022-06-08,usdt,662180.0,1506430.0,1518276.0,coinmetrics_community
stable_usdt,2022-06-09,usdt,656781.0,1566631.0,1578056.0,coinmetrics_community
stable_usdt,2022-06-10,usdt,680843.0,1639681.0,1649904.0,coinmetrics_community
stable_usdt,2022-06-11,usdt,615248.0,1462872.0,1473229.0,coinmetrics_community
stable_usdt,2022-06-12,usdt,605768.0,1450870.0,1461230.0,coinmetrics_community
stable_usdt,2022-06-13,usdt,799298.0,1875107.0,1905823.0,coinmetrics_community
stable_usdt,2022-06-14,usdt,737320.0,1711597.0,1728129.0,coinmetrics_community
stable_usdt,2022-06-15,usdt,764607.0,1781934.0,1800842.0,coinmetrics_community
stable_usdt,2022-06-16,usdt,683930.0,1589744.0,1601208.0,coinmetrics_community
stable_usdt,2022-06-17,usdt,662767.0,1518697.0,1530682.0,coinmetrics_community
stable_usdt,2022-06-18,usdt,634300.0,1432616.0,1448710.0,coinmetrics_community
stable_usdt,2022-06-19,usdt,608459.0,1407049.0,1421643.0,coinmetrics_community
stable_usdt,2022-06-20,usdt,692404.0,1634542.0,1649803.0,coinmetrics_community
stable_usdt,2022-06-21,usdt,690291.0,1633725.0,1642353.0,coinmetrics_community
stable_usdt,2022-06-22,usdt,673342.0,1599544.0,1607550.0,coinmetrics_community
stable_usdt,2022-06-23,usdt,653678.0,1550497.0,1558421.0,coinmetrics_community
stable_usdt,2022-06-24,usdt,683047.0,1625043.0,1634607.0,coinmetrics_community
stable_usdt,2022-06-25,usdt,631216.0,1469508.0,1475199.0,coinmetrics_community
stable_usdt,2022-06-26,usdt,564278.0,1286724.0,1290936.0,coinmetrics_community
stable_usdt,2022-06-27,usdt,651922.0,1558476.0,1574404.0,coinmetrics_community
stable_usdt,2022-06-28,usdt,770221.0,1635618.0,1651481.0,coinmetrics_community
stable_usdt,2022-06-29,usdt,615205.0,1500618.0,1528415.0,coinmetrics_community
stable_usdt,2022-06-30,usdt,636418.0,1518470.0,1544229.0,coinmetrics_community
stable_usdt,2022-07-01,usdt,648153.0,1494510.0,1511386.0,coinmetrics_community
stable_usdt,2022-07-02,usdt,587305.0,1342588.0,1359342.0,coinmetrics_community
stable_usdt,2022-07-03,usdt,515038.0,1179045.0,1194904.0,coinmetrics_community
stable_usdt,2022-07-04,usdt,652761.0,1501864.0,1524189.0,coinmetrics_community
stable_usdt,2022-07-05,usdt,657159.0,1485991.0,1506199.0,coinmetrics_community
stable_usdt,2022-07-06,usdt,666473.0,1501108.0,1523227.0,coinmetrics_community
stable_usdt,2022-07-07,usdt,629656.0,1436455.0,1450496.0,coinmetrics_community
stable_usdt,2022-07-08,usdt,597376.0,1402509.0,1419746.0,coinmetrics_community
stable_usdt,2022-07-09,usdt,537753.0,1210098.0,1223657.0,coinmetrics_community
stable_usdt,2022-07-10,usdt,495308.0,1142723.0,1157097.0,coinmetrics_community
stable_usdt,2022-07-11,usdt,619267.0,1427474.0,1445796.0,coinmetrics_community
stable_usdt,2022-07-12,usdt,630845.0,1385045.0,1404053.0,coinmetrics_community
stable_usdt,2022-07-13,usdt,667597.0,1400143.0,1417950.0,coinmetrics_community
stable_usdt,2022-07-14,usdt,633097.0,1378380.0,1395235.0,coinmetrics_community
stable_usdt,2022-07-15,usdt,647864.0,1469679.0,1490873.0,coinmetrics_community
stable_usdt,2022-07-16,usdt,577771.0,1324060.0,1342553.0,coinmetrics_community
stable_usdt,2022-07-17,usdt,539444.0,1203455.0,1220059.0,coinmetrics_community
stable_usdt,2022-07-18,usdt,683558.0,1493810.0,1523008.0,coinmetrics_community
stable_usdt,2022-07-19,usdt,691435.0,1508991.0,1538433.0,coinmetrics_community
stable_usdt,2022-07-20,usdt,671635.0,1465022.0,1487180.0,coinmetrics_community
stable_usdt,2022-07-21,usdt,673067.0,1424442.0,1449027.0,coinmetrics_community
stable_usdt,2022-07-22,usdt,673294.0,1450452.0,1473143.0,coinmetrics_community
stable_usdt,2022-07-23,usdt,622008.0,1359808.0,1384622.0,coinmetrics_community
stable_usdt,2022-07-24,usdt,575425.0,1280408.0,1301255.0,coinmetrics_community
stable_usdt,2022-07-25,usdt,698243.0,1550146.0,1583378.0,coinmetrics_community
stable_usdt,2022-07-26,usdt,745538.0,1598841.0,1628147.0,coinmetrics_community
stable_usdt,2022-07-27,usdt,710136.0,1538617.0,1567119.0,coinmetrics_community
stable_usdt,2022-07-28,usdt,672575.0,1512776.0,1545757.0,coinmetrics_community
stable_usdt,2022-07-29,usdt,686571.0,1499144.0,1531395.0,coinmetrics_community
stable_usdt,2022-07-30,usdt,609360.0,1322909.0,1350705.0,coinmetrics_community
stable_usdt,2022-07-31,usdt,607154.0,1319948.0,1343948.0,coinmetrics_community
stable_usdt,2022-08-01,usdt,715494.0,1545613.0,1574392.0,coinmetrics_community
stable_usdt,2022-08-02,usdt,743685.0,1568170.0,1593418.0,coinmetrics_community
stable_usdt,2022-08-03,usdt,765407.0,1580058.0,1614693.0,coinmetrics_community
stable_usdt,2022-08-04,usdt,689762.0,1455145.0,1479685.0,coinmetrics_community
stable_usdt,2022-08-05,usdt,716549.0,1542949.0,1572959.0,coinmetrics_community
stable_usdt,2022-08-06,usdt,618051.0,1312904.0,1334665.0,coinmetrics_community
stable_usdt,2022-08-07,usdt,586506.0,1223319.0,1243857.0,coinmetrics_community
stable_usdt,2022-08-08,usdt,704777.0,1523856.0,1555310.0,coinmetrics_community
stable_usdt,2022-08-09,usdt,685993.0,1486619.0,1510610.0,coinmetrics_community
stable_usdt,2022-08-10,usdt,698574.0,1475435.0,1500593.0,coinmetrics_community
stable_usdt,2022-08-11,usdt,687828.0,1458265.0,1482422.0,coinmetrics_community
stable_usdt,2022-08-12,usdt,670213.0,1426262.0,1450197.0,coinmetrics_community
stable_usdt,2022-08-13,usdt,600853.0,1248058.0,1271140.0,coinmetrics_community
stable_usdt,2022-08-14,usdt,593588.0,1230226.0,1252784.0,coinmetrics_community
stable_usdt,2022-08-15,usdt,693783.0,1423356.0,1456351.0,coinmetrics_community
stable_usdt,2022-08-16,usdt,652095.0,1357846.0,1385472.0,coinmetrics_community
stable_usdt,2022-08-17,usdt,767693.0,1581115.0,1609943.0,coinmetrics_community
stable_usdt,2022-08-18,usdt,657388.0,1425339.0,1456107.0,coinmetrics_community
stable_usdt,2022-08-19,usdt,698909.0,1540978.0,1578549.0,coinmetrics_community
stable_usdt,2022-08-20,usdt,588761.0,1292623.0,1322291.0,coinmetrics_community
stable_usdt,2022-08-21,usdt,543798.0,1199343.0,1223055.0,coinmetrics_community
stable_usdt,2022-08-22,usdt,675786.0,1493931.0,1527409.0,coinmetrics_community
stable_usdt,2022-08-23,usdt,659558.0,1445148.0,1474230.0,coinmetrics_community
stable_usdt,2022-08-24,usdt,660026.0,1426177.0,1452146.0,coinmetrics_community
stable_usdt,2022-08-25,usdt,655336.0,1434872.0,1457231.0,coinmetrics_community
stable_usdt,2022-08-26,usdt,667780.0,1471049.0,1494128.0,coinmetrics_community
stable_usdt,2022-08-27,usdt,599490.0,1325853.0,1343558.0,coinmetrics_community
stable_usdt,2022-08-28,usdt,546469.0,1202736.0,1217611.0,coinmetrics_community
stable_usdt,2022-08-29,usdt,660915.0,1460839.0,1489033.0,coinmetrics_community
stable_usdt,2022-08-30,usdt,677634.0,1491509.0,1512276.0,coinmetrics_community
stable_usdt,2022-08-31,usdt,680795.0,1505797.0,1532716.0,coinmetrics_community
stable_usdt,2022-09-01,usdt,691611.0,1420707.0,1440547.0,coinmetrics_community
stable_usdt,2022-09-02,usdt,687258.0,1388887.0,1404794.0,coinmetrics_community
stable_usdt,2022-09-03,usdt,600327.0,1215509.0,1225363.0,coinmetrics_community
stable_usdt,2022-09-04,usdt,556388.0,1204056.0,1212977.0,coinmetrics_community
stable_usdt,2022-09-05,usdt,700458.0,1482791.0,1505136.0,coinmetrics_community
stable_usdt,2022-09-06,usdt,714649.0,1576269.0,1599524.0,coinmetrics_community
stable_usdt,2022-09-07,usdt,681111.0,1474579.0,1500269.0,coinmetrics_community
stable_usdt,2022-09-08,usdt,674392.0,1415991.0,1438020.0,coinmetrics_community
stable_usdt,2022-09-09,usdt,689678.0,1431525.0,1452289.0,coinmetrics_community
stable_usdt,2022-09-10,usdt,557204.0,1216274.0,1235910.0,coinmetrics_community
stable_usdt,2022-09-11,usdt,542945.0,1194345.0,1210145.0,coinmetrics_community
stable_usdt,2022-09-12,usdt,664568.0,1441835.0,1468369.0,coinmetrics_community
stable_usdt,2022-09-13,usdt,709781.0,1510528.0,1532031.0,coinmetrics_community
stable_usdt,2022-09-14,usdt,695232.0,1475085.0,1491740.0,coinmetrics_community
stable_usdt,2022-09-15,usdt,690512.0,1476731.0,1495456.0,coinmetrics_community
stable_usdt,2022-09-16,usdt,810924.0,1628461.0,1647320.0,coinmetrics_community
stable_usdt,2022-09-17,usdt,579508.0,1270136.0,1286279.0,coinmetrics_community
stable_usdt,2022-09-18,usdt,578071.0,1280038.0,1294703.0,coinmetrics_community
stable_usdt,2022-09-19,usdt,716323.0,1574439.0,1604103.0,coinmetrics_community
stable_usdt,2022-09-20,usdt,723120.0,1523960.0,1543233.0,coinmetrics_community
stable_usdt,2022-09-21,usdt,713682.0,1501651.0,1523942.0,coinmetrics_community
stable_usdt,2022-09-22,usdt,682050.0,1465624.0,1485946.0,coinmetrics_community
stable_usdt,2022-09-23,usdt,696503.0,1490748.0,1513456.0,coinmetrics_community
stable_usdt,2022-09-24,usdt,592049.0,1272990.0,1288468.0,coinmetrics_community
stable_usdt,2022-09-25,usdt,542966.0,1162638.0,1175654.0,coinmetrics_community
stable_usdt,2022-09-26,usdt,767917.0,1581947.0,1599333.0,coinmetrics_community
stable_usdt,2022-09-27,usdt,1313069.0,2109911.0,2141593.0,coinmetrics_community
stable_usdt,2022-09-28,usdt,877362.0,1634348.0,1662083.0,coinmetrics_community
stable_usdt,2022-09-29,usdt,734581.0,1496753.0,1527728.0,coinmetrics_community
stable_usdt,2022-09-30,usdt,792095.0,1540694.0,1570840.0,coinmetrics_community
stable_usdt,2022-10-01,usdt,637435.0,1255429.0,1283312.0,coinmetrics_community
stable_usdt,2022-10-02,usdt,577004.0,1192471.0,1221305.0,coinmetrics_community
stable_usdt,2022-10-03,usdt,680490.0,1407657.0,1442757.0,coinmetrics_community
stable_usdt,2022-10-04,usdt,707107.0,1430768.0,1510173.0,coinmetrics_community
stable_usdt,2022-10-05,usdt,701645.0,1409739.0,1442079.0,coinmetrics_community
stable_usdt,2022-10-06,usdt,692489.0,1402303.0,1440029.0,coinmetrics_community
stable_usdt,2022-10-07,usdt,695573.0,1470099.0,1502167.0,coinmetrics_community
stable_usdt,2022-10-08,usdt,669802.0,1427450.0,1454650.0,coinmetrics_community
stable_usdt,2022-10-09,usdt,588873.0,1342692.0,1362916.0,coinmetrics_community
stable_usdt,2022-10-10,usdt,729574.0,1674035.0,1704693.0,coinmetrics_community
stable_usdt,2022-10-11,usdt,753020.0,1722196.0,1754050.0,coinmetrics_community
stable_usdt,2022-10-12,usdt,723152.0,1688625.0,1716909.0,coinmetrics_community
stable_usdt,2022-10-13,usdt,785173.0,1852402.0,1893467.0,coinmetrics_community
stable_usdt,2022-10-14,usdt,781983.0,1850008.0,1880474.0,coinmetrics_community
stable_usdt,2022-10-15,usdt,681153.0,1647989.0,1671815.0,coinmetrics_community
stable_usdt,2022-10-16,usdt,641139.0,1557215.0,1582362.0,coinmetrics_community
stable_usdt,2022-10-17,usdt,772590.0,1895052.0,1928043.0,coinmetrics_community
stable_usdt,2022-10-18,usdt,796844.0,1915335.0,1947945.0,coinmetrics_community
stable_usdt,2022-10-19,usdt,777101.0,1859744.0,1890918.0,coinmetrics_community
stable_usdt,2022-10-20,usdt,858277.0,1911006.0,1944255.0,coinmetrics_community
stable_usdt,2022-10-21,usdt,861294.0,2187322.0,2224465.0,coinmetrics_community
stable_usdt,2022-10-22,usdt,726241.0,1650410.0,1680312.0,coinmetrics_community
stable_usdt,2022-10-23,usdt,704121.0,1656500.0,1687189.0,coinmetrics_community
stable_usdt,2022-10-24,usdt,832965.0,2018630.0,2059974.0,coinmetrics_community
stable_usdt,2022-10-25,usdt,831115.0,2015540.0,2054982.0,coinmetrics_community
stable_usdt,2022-10-26,usdt,877262.0,2113013.0,2151556.0,coinmetrics_community
stable_usdt,2022-10-27,usdt,856597.0,2088488.0,2127739.0,coinmetrics_community
stable_usdt,2022-10-28,usdt,844477.0,2052522.0,2093970.0,coinmetrics_community
stable_usdt,2022-10-29,usdt,759436.0,1848320.0,1885681.0,coinmetrics_community
stable_usdt,2022-10-30,usdt,726648.0,1743709.0,1775916.0,coinmetrics_community
stable_usdt,2022-10-31,usdt,873940.0,2149605.0,2204736.0,coinmetrics_community
stable_usdt,2022-11-01,usdt,870276.0,2102773.0,2135887.0,coinmetrics_community
stable_usdt,2022-11-02,usdt,854940.0,2038746.0,2068852.0,coinmetrics_community
stable_usdt,2022-11-03,usdt,917100.0,2113372.0,2141534.0,coinmetrics_community
stable_usdt,2022-11-04,usdt,855594.0,1997091.0,2031253.0,coinmetrics_community
stable_usdt,2022-11-05,usdt,831755.0,1931210.0,1958972.0,coinmetrics_community
stable_usdt,2022-11-06,usdt,770691.0,1886022.0,1909153.0,coinmetrics_community
stable_usdt,2022-11-07,usdt,934816.0,2295518.0,2322761.0,coinmetrics_community
stable_usdt,2022-11-08,usdt,1065156.0,2498025.0,2536213.0,coinmetrics_community
stable_usdt,2022-11-09,usdt,1142201.0,2648673.0,2721242.0,coinmetrics_community
stable_usdt,2022-11-10,usdt,1117530.0,2604895.0,2712297.0,coinmetrics_community
stable_usdt,2022-11-11,usdt,989185.0,2275103.0,2341351.0,coinmetrics_community
stable_usdt,2022-11-12,usdt,879082.0,1929539.0,1970782.0,coinmetrics_community
stable_usdt,2022-11-13,usdt,936285.0,1944012.0,1969352.0,coinmetrics_community
stable_usdt,2022-11-14,usdt,1027305.0,2235918.0,2302621.0,coinmetrics_community
stable_usdt,2022-11-15,usdt,1171022.0,2361704.0,2355621.0,coinmetrics_community
stable_usdt,2022-11-16,usdt,1237661.0,2485689.0,2470846.0,coinmetrics_community
stable_usdt,2022-11-17,usdt,1247176.0,2694571.0,2683350.0,coinmetrics_community
stable_usdt,2022-11-18,usdt,1031675.0,2194031.0,2164954.0,coinmetrics_community
stable_usdt,2022-11-19,usdt,1066696.0,2130273.0,2128337.0,coinmetrics_community
stable_usdt,2022-11-20,usdt,951461.0,2018275.0,2017362.0,coinmetrics_community
stable_usdt,2022-11-21,usdt,1064648.0,2223613.0,2219525.0,coinmetrics_community
stable_usdt,2022-11-22,usdt,1001990.0,2127637.0,2133403.0,coinmetrics_community
stable_usdt,2022-11-23,usdt,1002531.0,2156150.0,2054235.0,coinmetrics_community
stable_usdt,2022-11-24,usdt,1098242.0,2236102.0,1961508.0,coinmetrics_community
stable_usdt,2022-11-25,usdt,1059179.0,2109457.0,1772108.0,coinmetrics_community
stable_usdt,2022-11-26,usdt,1028214.0,1970029.0,1375178.0,coinmetrics_community
stable_usdt,2022-11-27,usdt,959136.0,1901232.0,1248241.0,coinmetrics_community
stable_usdt,2022-11-28,usdt,1161455.0,2263208.0,1543340.0,coinmetrics_community
stable_usdt,2022-11-29,usdt,1365322.0,2451191.0,1719955.0,coinmetrics_community
stable_usdt,2022-11-30,usdt,1187417.0,2319275.0,1531149.0,coinmetrics_community
stable_usdt,2022-12-01,usdt,1267009.0,2348904.0,1554642.0,coinmetrics_community
stable_usdt,2022-12-02,usdt,1228341.0,2376870.0,1510020.0,coinmetrics_community
stable_usdt,2022-12-03,usdt,1136921.0,2130205.0,1269537.0,coinmetrics_community
stable_usdt,2022-12-04,usdt,1133217.0,2174137.0,1148442.0,coinmetrics_community
stable_usdt,2022-12-05,usdt,1423333.0,2687728.0,1617322.0,coinmetrics_community
stable_usdt,2022-12-06,usdt,1243887.0,2377416.0,1463755.0,coinmetrics_community
stable_usdt,2022-12-07,usdt,1151987.0,2226174.0,1352353.0,coinmetrics_community
stable_usdt,2022-12-08,usdt,1453742.0,2408005.0,1811799.0,coinmetrics_community
stable_usdt,2022-12-09,usdt,1380548.0,2298194.0,1805089.0,coinmetrics_community
stable_usdt,2022-12-10,usdt,3154144.0,3945844.0,3552475.0,coinmetrics_community
stable_usdt,2022-12-11,usdt,1106123.0,1830973.0,1398165.0,coinmetrics_community
stable_usdt,2022-12-12,usdt,1459527.0,2485267.0,1992428.0,coinmetrics_community
stable_usdt,2022-12-13,usdt,1256552.0,2471253.0,1822675.0,coinmetrics_community
stable_usdt,2022-12-14,usdt,1452668.0,2650985.0,2015480.0,coinmetrics_community
stable_usdt,2022-12-15,usdt,1123547.0,2258112.0,1632560.0,coinmetrics_community
stable_usdt,2022-12-16,usdt,1171541.0,2364602.0,1651521.0,coinmetrics_community
stable_usdt,2022-12-17,usdt,1083786.0,2174857.0,1498350.0,coinmetrics_community
stable_usdt,2022-12-18,usdt,965803.0,1832141.0,1165201.0,coinmetrics_community
stable_usdt,2022-12-19,usdt,1192387.0,2474858.0,1664048.0,coinmetrics_community
stable_usdt,2022-12-20,usdt,1145207.0,2314065.0,1647203.0,coinmetrics_community
stable_usdt,2022-12-21,usdt,1119879.0,2284263.0,1563061.0,coinmetrics_community
stable_usdt,2022-12-22,usdt,1088791.0,2424499.0,1541035.0,coinmetrics_community
stable_usdt,2022-12-23,usdt,1037108.0,2403915.0,1510069.0,coinmetrics_community
stable_usdt,2022-12-24,usdt,859325.0,1959569.0,1230556.0,coinmetrics_community
stable_usdt,2022-12-25,usdt,802182.0,1875262.0,1106204.0,coinmetrics_community
stable_usdt,2022-12-26,usdt,1006234.0,2092922.0,1425131.0,coinmetrics_community
stable_usdt,2022-12-27,usdt,1092056.0,2161555.0,1449980.0,coinmetrics_community
stable_usdt,2022-12-28,usdt,1064186.0,2259367.0,1493417.0,coinmetrics_community
stable_usdt,2022-12-29,usdt,1072668.0,2297487.0,1545251.0,coinmetrics_community
stable_usdt,2022-12-30,usdt,1037225.0,2194251.0,1532764.0,coinmetrics_community
stable_usdt,2022-12-31,usdt,927998.0,1904374.0,1293101.0,coinmetrics_community
stable_usdt,2023-01-01,usdt,809014.0,1728417.0,1117729.0,coinmetrics_community
stable_usdt,2023-01-02,usdt,936355.0,2133684.0,1475780.0,coinmetrics_community
stable_usdt,2023-01-03,usdt,1014105.0,2358174.0,1708710.0,coinmetrics_community
stable_usdt,2023-01-04,usdt,1106904.0,2446423.0,1774788.0,coinmetrics_community
stable_usdt,2023-01-05,usdt,1115168.0,2416095.0,1746551.0,coinmetrics_community
stable_usdt,2023-01-06,usdt,1110991.0,2411377.0,1763798.0,coinmetrics_community
stable_usdt,2023-01-07,usdt,961950.0,2063858.0,1506775.0,coinmetrics_community
stable_usdt,2023-01-08,usdt,963738.0,2047900.0,1563007.0,coinmetrics_community
stable_usdt,2023-01-09,usdt,1245857.0,2802633.0,2159895.0,coinmetrics_community
stable_usdt,2023-01-10,usdt,1150595.0,2558408.0,1941699.0,coinmetrics_community
stable_usdt,2023-01-11,usdt,1109019.0,2454342.0,1856111.0,coinmetrics_community
stable_usdt,2023-01-12,usdt,1137785.0,2563641.0,2007198.0,coinmetrics_community
stable_usdt,2023-01-13,usdt,1124690.0,2625937.0,2070759.0,coinmetrics_community
stable_usdt,2023-01-14,usdt,1001703.0,2476569.0,2033241.0,coinmetrics_community
stable_usdt,2023-01-15,usdt,947993.0,2429703.0,2027259.0,coinmetrics_community
stable_usdt,2023-01-16,usdt,1198238.0,2954759.0,2512444.0,coinmetrics_community
stable_usdt,2023-01-17,usdt,1119901.0,2526640.0,2248764.0,coinmetrics_community
stable_usdt,2023-01-18,usdt,986143.0,2403357.0,2128902.0,coinmetrics_community
stable_usdt,2023-01-19,usdt,1000445.0,2250087.0,1986515.0,coinmetrics_community
stable_usdt,2023-01-20,usdt,974590.0,2002192.0,1779690.0,coinmetrics_community
stable_usdt,2023-01-21,usdt,835220.0,1581772.0,1414862.0,coinmetrics_community
stable_usdt,2023-01-22,usdt,793434.0,1445230.0,1282376.0,coinmetrics_community
stable_usdt,2023-01-23,usdt,949218.0,1790710.0,1594444.0,coinmetrics_community
stable_usdt,2023-01-24,usdt,908115.0,1748592.0,1560696.0,coinmetrics_community
stable_usdt,2023-01-25,usdt,966990.0,1827309.0,1626610.0,coinmetrics_community
stable_usdt,2023-01-26,usdt,886342.0,1871394.0,1656630.0,coinmetrics_community
stable_usdt,2023-01-27,usdt,913650.0,1961391.0,1699267.0,coinmetrics_community
stable_usdt,2023-01-28,usdt,836670.0,1793152.0,1523280.0,coinmetrics_community
stable_usdt,2023-01-29,usdt,861889.0,1996418.0,1687369.0,coinmetrics_community
stable_usdt,2023-01-30,usdt,994228.0,2399394.0,2052789.0,coinmetrics_community
stable_usdt,2023-01-31,usdt,997097.0,2420259.0,2096376.0,coinmetrics_community
stable_usdt,2023-02-01,usdt,1023267.0,2422749.0,2068613.0,coinmetrics_community
stable_usdt,2023-02-02,usdt,1104998.0,2639888.0,2252740.0,coinmetrics_community
stable_usdt,2023-02-03,usdt,1036553.0,2375885.0,2082605.0,coinmetrics_community
stable_usdt,2023-02-04,usdt,969680.0,2245687.0,1887545.0,coinmetrics_community
stable_usdt,2023-02-05,usdt,891796.0,2001211.0,1700254.0,coinmetrics_community
stable_usdt,2023-02-06,usdt,905377.0,2037219.0,1808515.0,coinmetrics_community
stable_usdt,2023-02-07,usdt,925235.0,1996083.0,1806652.0,coinmetrics_community
stable_usdt,2023-02-08,usdt,1001330.0,2082333.0,1916753.0,coinmetrics_community
stable_usdt,2023-02-09,usdt,1000967.0,2040112.0,1862242.0,coinmetrics_community
stable_usdt,2023-02-10,usdt,965325.0,1907257.0,1745687.0,coinmetrics_community
stable_usdt,2023-02-11,usdt,834589.0,1864255.0,1596227.0,coinmetrics_community
stable_usdt,2023-02-12,usdt,732298.0,1505683.0,1394895.0,coinmetrics_community
stable_usdt,2023-02-13,usdt,915655.0,1972835.0,1863114.0,coinmetrics_community
stable_usdt,2023-02-14,usdt,922513.0,1897816.0,1806837.0,coinmetrics_community
stable_usdt,2023-02-15,usdt,906081.0,1895242.0,1807811.0,coinmetrics_community
stable_usdt,2023-02-16,usdt,930929.0,1979889.0,1879062.0,coinmetrics_community
stable_usdt,2023-02-17,usdt,901925.0,1998930.0,1847698.0,coinmetrics_community
stable_usdt,2023-02-18,usdt,779656.0,1783902.0,1626912.0,coinmetrics_community
stable_usdt,2023-02-19,usdt,739786.0,1734217.0,1585151.0,coinmetrics_community
stable_usdt,2023-02-20,usdt,921476.0,2155348.0,1983169.0,coinmetrics_community
stable_usdt,2023-02-21,usdt,899177.0,2056614.0,1919516.0,coinmetrics_community
stable_usdt,2023-02-22,usdt,906326.0,1995412.0,1865581.0,coinmetrics_community
stable_usdt,2023-02-23,usdt,902929.0,2043007.0,1858930.0,coinmetrics_community
stable_usdt,2023-02-24,usdt,873610.0,1972886.0,1808702.0,coinmetrics_community
stable_usdt,2023-02-25,usdt,756608.0,1703535.0,1527459.0,coinmetrics_community
stable_usdt,2023-02-26,usdt,726088.0,1627876.0,1486658.0,coinmetrics_community
stable_usdt,2023-02-27,usdt,896208.0,2013119.0,1846937.0,coinmetrics_community
stable_usdt,2023-02-28,usdt,912693.0,2028536.0,1849575.0,coinmetrics_community
stable_usdt,2023-03-01,usdt,958269.0,2064168.0,1875376.0,coinmetrics_community
stable_usdt,2023-03-02,usdt,925064.0,1967998.0,1774743.0,coinmetrics_community
stable_usdt,2023-03-03,usdt,895953.0,1952747.0,1780956.0,coinmetrics_community
stable_usdt,2023-03-04,usdt,775030.0,1677510.0,1515938.0,coinmetrics_community
stable_usdt,2023-03-05,usdt,735049.0,1594700.0,1434098.0,coinmetrics_community
stable_usdt,2023-03-06,usdt,870372.0,1959660.0,1789230.0,coinmetrics_community
stable_usdt,2023-03-07,usdt,917177.0,1997074.0,1835700.0,coinmetrics_community
stable_usdt,2023-03-08,usdt,899021.0,1981535.0,1804631.0,coinmetrics_community
stable_usdt,2023-03-09,usdt,951309.0,2106461.0,1902948.0,coinmetrics_community
stable_usdt,2023-03-10,usdt,993458.0,2222867.0,2067623.0,coinmetrics_community
stable_usdt,2023-03-11,usdt,886293.0,2196650.0,2235433.0,coinmetrics_community
stable_usdt,2023-03-12,usdt,771136.0,1789576.0,1738578.0,coinmetrics_community
stable_usdt,2023-03-13,usdt,1006554.0,2290299.0,2181955.0,coinmetrics_community
stable_usdt,2023-03-14,usdt,999126.0,2183022.0,2059991.0,coinmetrics_community
stable_usdt,2023-03-15,usdt,988018.0,2152130.0,2006309.0,coinmetrics_community
stable_usdt,2023-03-16,usdt,983428.0,2024891.0,1893882.0,coinmetrics_community
stable_usdt,2023-03-17,usdt,988998.0,2114407.0,1984543.0,coinmetrics_community
stable_usdt,2023-03-18,usdt,842872.0,1872237.0,1767293.0,coinmetrics_community
stable_usdt,2023-03-19,usdt,780368.0,1717815.0,1613500.0,coinmetrics_community
stable_usdt,2023-03-20,usdt,1022566.0,2272945.0,2124675.0,coinmetrics_community
stable_usdt,2023-03-21,usdt,956784.0,2106349.0,1991436.0,coinmetrics_community
stable_usdt,2023-03-22,usdt,961184.0,2085427.0,1953843.0,coinmetrics_community
stable_usdt,2023-03-23,usdt,1016307.0,2177578.0,2022099.0,coinmetrics_community
stable_usdt,2023-03-24,usdt,953582.0,2051455.0,1924947.0,coinmetrics_community
stable_usdt,2023-03-25,usdt,818513.0,1770533.0,1658431.0,coinmetrics_community
stable_usdt,2023-03-26,usdt,775020.0,1663972.0,1562034.0,coinmetrics_community
stable_usdt,2023-03-27,usdt,1010325.0,2212167.0,2071360.0,coinmetrics_community
stable_usdt,2023-03-28,usdt,1076318.0,2221865.0,2111534.0,coinmetrics_community
stable_usdt,2023-03-29,usdt,1118101.0,2207812.0,2082310.0,coinmetrics_community
stable_usdt,2023-03-30,usdt,1002575.0,2141823.0,2029240.0,coinmetrics_community
stable_usdt,2023-03-31,usdt,1027962.0,2183073.0,2045590.0,coinmetrics_community
stable_usdt,2023-04-01,usdt,864973.0,1873581.0,1735849.0,coinmetrics_community
stable_usdt,2023-04-02,usdt,845374.0,1893995.0,1726671.0,coinmetrics_community
stable_usdt,2023-04-03,usdt,1068653.0,2364653.0,2207179.0,coinmetrics_community
stable_usdt,2023-04-04,usdt,1086351.0,2334459.0,2144584.0,coinmetrics_community
stable_usdt,2023-04-05,usdt,1047535.0,2175039.0,2075326.0,coinmetrics_community
stable_usdt,2023-04-06,usdt,1042765.0,2169120.0,2081274.0,coinmetrics_community
stable_usdt,2023-04-07,usdt,1015147.0,2151837.0,1997601.0,coinmetrics_community
stable_usdt,2023-04-08,usdt,994315.0,2030318.0,1827142.0,coinmetrics_community
stable_usdt,2023-04-09,usdt,882140.0,1946372.0,1709909.0,coinmetrics_community
stable_usdt,2023-04-10,usdt,1128280.0,2528229.0,2244737.0,coinmetrics_community
stable_usdt,2023-04-11,usdt,1141622.0,2553003.0,2269405.0,coinmetrics_community
stable_usdt,2023-04-12,usdt,1130142.0,2558394.0,2305915.0,coinmetrics_community
stable_usdt,2023-04-13,usdt,1136730.0,2447516.0,2176929.0,coinmetrics_community
stable_usdt,2023-04-14,usdt,1157929.0,2498323.0,2174324.0,coinmetrics_community
stable_usdt,2023-04-15,usdt,929950.0,2046599.0,1735477.0,coinmetrics_community
stable_usdt,2023-04-16,usdt,830877.0,1847385.0,1593942.0,coinmetrics_community
stable_usdt,2023-04-17,usdt,1166613.0,2723283.0,2344583.0,coinmetrics_community
stable_usdt,2023-04-18,usdt,1161122.0,2554190.0,2175998.0,coinmetrics_community
stable_usdt,2023-04-19,usdt,1171537.0,2667061.0,2300217.0,coinmetrics_community
stable_usdt,2023-04-20,usdt,1101948.0,2532915.0,2192975.0,coinmetrics_community
stable_usdt,2023-04-21,usdt,1048542.0,2446445.0,2111865.0,coinmetrics_community
stable_usdt,2023-04-22,usdt,801358.0,1880926.0,1593495.0,coinmetrics_community
stable_usdt,2023-04-23,usdt,770513.0,1810590.0,1534744.0,coinmetrics_community
stable_usdt,2023-04-24,usdt,1010845.0,2355930.0,2055151.0,coinmetrics_community
stable_usdt,2023-04-25,usdt,1116775.0,2547397.0,2216115.0,coinmetrics_community
stable_usdt,2023-04-26,usdt,1149255.0,2571958.0,2231368.0,coinmetrics_community
stable_usdt,2023-04-27,usdt,1123548.0,2463298.0,2142237.0,coinmetrics_community
stable_usdt,2023-04-28,usdt,1155549.0,2500959.0,2179295.0,coinmetrics_community
stable_usdt,2023-04-29,usdt,948723.0,2050754.0,1798883.0,coinmetrics_community
stable_usdt,2023-04-30,usdt,943593.0,1962747.0,1724110.0,coinmetrics_community
stable_usdt,2023-05-01,usdt,1162699.0,2433790.0,2152163.0,coinmetrics_community
stable_usdt,2023-05-02,usdt,1184424.0,2524116.0,2193879.0,coinmetrics_community
stable_usdt,2023-05-03,usdt,1201945.0,2582641.0,2241366.0,coinmetrics_community
stable_usdt,2023-05-04,usdt,1200603.0,2553126.0,2205603.0,coinmetrics_community
stable_usdt,2023-05-05,usdt,1236839.0,2708389.0,2356684.0,coinmetrics_community
stable_usdt,2023-05-06,usdt,998606.0,2320646.0,1986632.0,coinmetrics_community
stable_usdt,2023-05-07,usdt,900248.0,2123527.0,1818839.0,coinmetrics_community
stable_usdt,2023-05-08,usdt,1122068.0,2671721.0,2316693.0,coinmetrics_community
stable_usdt,2023-05-09,usdt,1079190.0,2450857.0,2140401.0,coinmetrics_community
stable_usdt,2023-05-10,usdt,1110058.0,2542595.0,2203502.0,coinmetrics_community
stable_usdt,2023-05-11,usdt,1111727.0,2550657.0,2207712.0,coinmetrics_community
stable_usdt,2023-05-12,usdt,1126111.0,2554548.0,2213868.0,coinmetrics_community
stable_usdt,2023-05-13,usdt,950693.0,2134294.0,1859587.0,coinmetrics_community
stable_usdt,2023-05-14,usdt,916039.0,2071856.0,1797375.0,coinmetrics_community
stable_usdt,2023-05-15,usdt,1180375.0,2715393.0,2315362.0,coinmetrics_community
stable_usdt,2023-05-16,usdt,1181617.0,2676473.0,2287396.0,coinmetrics_community
stable_usdt,2023-05-17,usdt,1150804.0,2624343.0,2254698.0,coinmetrics_community
stable_usdt,2023-05-18,usdt,1105810.0,2557230.0,2193445.0,coinmetrics_community
stable_usdt,2023-05-19,usdt,1104194.0,2460492.0,2120149.0,coinmetrics_community
stable_usdt,2023-05-20,usdt,956802.0,2123488.0,1819567.0,coinmetrics_community
stable_usdt,2023-05-21,usdt,860265.0,1904874.0,1630801.0,coinmetrics_community
stable_usdt,2023-05-22,usdt,983394.0,2202717.0,1907046.0,coinmetrics_community
stable_usdt,2023-05-23,usdt,966374.0,2216353.0,1907826.0,coinmetrics_community
stable_usdt,2023-05-24,usdt,982405.0,2342072.0,2034678.0,coinmetrics_community
stable_usdt,2023-05-25,usdt,956609.0,2208336.0,1932164.0,coinmetrics_community
stable_usdt,2023-05-26,usdt,920713.0,2138670.0,1899230.0,coinmetrics_community
stable_usdt,2023-05-27,usdt,897916.0,2035608.0,1797263.0,coinmetrics_community
stable_usdt,2023-05-28,usdt,845870.0,1867376.0,1694054.0,coinmetrics_community
stable_usdt,2023-05-29,usdt,1057483.0,2322938.0,2170347.0,coinmetrics_community
stable_usdt,2023-05-30,usdt,1070444.0,2385074.0,2235474.0,coinmetrics_community
stable_usdt,2023-05-31,usdt,1119852.0,2460048.0,2294153.0,coinmetrics_community
stable_usdt,2023-06-01,usdt,1056261.0,2473226.0,2245343.0,coinmetrics_community
stable_usdt,2023-06-02,usdt,1055766.0,2529265.0,2245149.0,coinmetrics_community
stable_usdt,2023-06-03,usdt,899201.0,2251934.0,2048020.0,coinmetrics_community
stable_usdt,2023-06-04,usdt,818661.0,1789648.0,1655586.0,coinmetrics_community
stable_usdt,2023-06-05,usdt,1132828.0,2249153.0,2116800.0,coinmetrics_community
stable_usdt,2023-06-06,usdt,1135177.0,2207901.0,2019520.0,coinmetrics_community
stable_usdt,2023-06-07,usdt,1116944.0,2454863.0,2214113.0,coinmetrics_community
stable_usdt,2023-06-08,usdt,1212124.0,2317017.0,2107601.0,coinmetrics_community
stable_usdt,2023-06-09,usdt,1143475.0,2190670.0,1998430.0,coinmetrics_community
stable_usdt,2023-06-10,usdt,1238733.0,2422754.0,2210979.0,coinmetrics_community
stable_usdt,2023-06-11,usdt,1104797.0,1910182.0,1771996.0,coinmetrics_community
stable_usdt,2023-06-12,usdt,1242540.0,2240521.0,2097810.0,coinmetrics_community
stable_usdt,2023-06-13,usdt,1240696.0,2259710.0,2091562.0,coinmetrics_community
stable_usdt,2023-06-14,usdt,1135116.0,2165391.0,1975276.0,coinmetrics_community
stable_usdt,2023-06-15,usdt,1297094.0,2490043.0,2215438.0,coinmetrics_community
stable_usdt,2023-06-16,usdt,1059856.0,2156427.0,1934986.0,coinmetrics_community
stable_usdt,2023-06-17,usdt,823046.0,1834864.0,1552401.0,coinmetrics_community
stable_usdt,2023-06-18,usdt,740192.0,1619872.0,1418914.0,coinmetrics_community
stable_usdt,2023-06-19,usdt,907867.0,1956590.0,1776553.0,coinmetrics_community
stable_usdt,2023-06-20,usdt,993372.0,2156410.0,1983037.0,coinmetrics_community
stable_usdt,2023-06-21,usdt,969719.0,2125311.0,1963203.0,coinmetrics_community
stable_usdt,2023-06-22,usdt,865561.0,1829205.0,1703441.0,coinmetrics_community
stable_usdt,2023-06-23,usdt,896678.0,1891367.0,1742564.0,coinmetrics_community
stable_usdt,2023-06-24,usdt,814534.0,1664002.0,1469576.0,coinmetrics_community
stable_usdt,2023-06-25,usdt,745177.0,1582878.0,1442647.0,coinmetrics_community
stable_usdt,2023-06-26,usdt,923209.0,1956830.0,1807814.0,coinmetrics_community
stable_usdt,2023-06-27,usdt,953944.0,1958711.0,1796188.0,coinmetrics_community
stable_usdt,2023-06-28,usdt,973156.0,1968283.0,1809724.0,coinmetrics_community
stable_usdt,2023-06-29,usdt,945725.0,1948980.0,1801535.0,coinmetrics_community
stable_usdt,2023-06-30,usdt,1052388.0,2185351.0,2051576.0,coinmetrics_community
stable_usdt,2023-07-01,usdt,851617.0,1723117.0,1552200.0,coinmetrics_community
stable_usdt,2023-07-02,usdt,763809.0,1625176.0,1476208.0,coinmetrics_community
stable_usdt,2023-07-03,usdt,1139842.0,2183117.0,1983952.0,coinmetrics_community
stable_usdt,2023-07-04,usdt,1023590.0,2084352.0,1878617.0,coinmetrics_community
stable_usdt,2023-07-05,usdt,1131763.0,2124984.0,1908301.0,coinmetrics_community
stable_usdt,2023-07-06,usdt,1099012.0,2106588.0,1931262.0,coinmetrics_community
stable_usdt,2023-07-07,usdt,1090391.0,2149136.0,1938440.0,coinmetrics_community
stable_usdt,2023-07-08,usdt,882319.0,1750312.0,1569069.0,coinmetrics_community
stable_usdt,2023-07-09,usdt,828298.0,1665107.0,1512949.0,coinmetrics_community
stable_usdt,2023-07-10,usdt,1086824.0,2173766.0,2001037.0,coinmetrics_community
stable_usdt,2023-07-11,usdt,1084365.0,2025193.0,1910123.0,coinmetrics_community
stable_usdt,2023-07-12,usdt,1021189.0,1996741.0,1848541.0,coinmetrics_community
stable_usdt,2023-07-13,usdt,1018129.0,2027360.0,1918404.0,coinmetrics_community
stable_usdt,2023-07-14,usdt,1044324.0,2141201.0,2080851.0,coinmetrics_community
stable_usdt,2023-07-15,usdt,931296.0,1821969.0,1758058.0,coinmetrics_community
stable_usdt,2023-07-16,usdt,986860.0,1779342.0,1737795.0,coinmetrics_community
stable_usdt,2023-07-17,usdt,1096846.0,2162949.0,2075238.0,coinmetrics_community
stable_usdt,2023-07-18,usdt,1189114.0,2213060.0,2125204.0,coinmetrics_community
stable_usdt,2023-07-19,usdt,1120306.0,2130534.0,2033380.0,coinmetrics_community
stable_usdt,2023-07-20,usdt,1068850.0,2095159.0,1996504.0,coinmetrics_community
stable_usdt,2023-07-21,usdt,1138434.0,2146958.0,2052153.0,coinmetrics_community
stable_usdt,2023-07-22,usdt,866524.0,1669503.0,1617726.0,coinmetrics_community
stable_usdt,2023-07-23,usdt,767679.0,1506341.0,1475847.0,coinmetrics_community
stable_usdt,2023-07-24,usdt,1181374.0,2099959.0,2058528.0,coinmetrics_community
stable_usdt,2023-07-25,usdt,1053566.0,2044436.0,1996174.0,coinmetrics_community
stable_usdt,2023-07-26,usdt,1213198.0,2127467.0,2088219.0,coinmetrics_community
stable_usdt,2023-07-27,usdt,1194213.0,2069113.0,2027944.0,coinmetrics_community
stable_usdt,2023-07-28,usdt,1061438.0,1964719.0,1912407.0,coinmetrics_community
stable_usdt,2023-07-29,usdt,834159.0,1665983.0,1570108.0,coinmetrics_community
stable_usdt,2023-07-30,usdt,831653.0,1635848.0,1553553.0,coinmetrics_community
stable_usdt,2023-07-31,usdt,1062652.0,2249167.0,2123555.0,coinmetrics_community
stable_usdt,2023-08-01,usdt,1182631.0,2322668.0,2192670.0,coinmetrics_community
stable_usdt,2023-08-02,usdt,1236379.0,2274059.0,2171835.0,coinmetrics_community
stable_usdt,2023-08-03,usdt,1116461.0,2179359.0,2075343.0,coinmetrics_community
stable_usdt,2023-08-04,usdt,1122735.0,2158204.0,2069483.0,coinmetrics_community
stable_usdt,2023-08-05,usdt,841527.0,1675037.0,1599608.0,coinmetrics_community
stable_usdt,2023-08-06,usdt,778410.0,1643125.0,1574634.0,coinmetrics_community
stable_usdt,2023-08-07,usdt,1257688.0,2370601.0,2267868.0,coinmetrics_community
stable_usdt,2023-08-08,usdt,1296936.0,2311834.0,2206759.0,coinmetrics_community
stable_usdt,2023-08-09,usdt,1166438.0,2214593.0,2106352.0,coinmetrics_community
stable_usdt,2023-08-10,usdt,1076692.0,2158593.0,2050928.0,coinmetrics_community
stable_usdt,2023-08-11,usdt,1000910.0,1997240.0,1895506.0,coinmetrics_community
stable_usdt,2023-08-12,usdt,813526.0,1665578.0,1594124.0,coinmetrics_community
stable_usdt,2023-08-13,usdt,791285.0,1601864.0,1533866.0,coinmetrics_community
stable_usdt,2023-08-14,usdt,1026478.0,2156515.0,2042849.0,coinmetrics_community
stable_usdt,2023-08-15,usdt,1227191.0,2256655.0,2142337.0,coinmetrics_community
stable_usdt,2023-08-16,usdt,1197860.0,2222903.0,2131322.0,coinmetrics_community
stable_usdt,2023-08-17,usdt,1140952.0,2222297.0,2139430.0,coinmetrics_community
stable_usdt,2023-08-18,usdt,1025106.0,2159903.0,2053088.0,coinmetrics_community
stable_usdt,2023-08-19,usdt,830761.0,1751010.0,1673038.0,coinmetrics_community
stable_usdt,2023-08-20,usdt,782215.0,1610373.0,1519677.0,coinmetrics_community
stable_usdt,2023-08-21,usdt,1092486.0,2101352.0,1989730.0,coinmetrics_community
stable_usdt,2023-08-22,usdt,1079704.0,2070877.0,1996812.0,coinmetrics_community
stable_usdt,2023-08-23,usdt,1022443.0,2050761.0,1989676.0,coinmetrics_community
stable_usdt,2023-08-24,usdt,918597.0,1975357.0,1922509.0,coinmetrics_community
stable_usdt,2023-08-25,usdt,924494.0,2023455.0,1964711.0,coinmetrics_community
stable_usdt,2023-08-26,usdt,788895.0,1656836.0,1600718.0,coinmetrics_community
stable_usdt,2023-08-27,usdt,757850.0,1637504.0,1552145.0,coinmetrics_community
stable_usdt,2023-08-28,usdt,1142038.0,2202280.0,2094538.0,coinmetrics_community
stable_usdt,2023-08-29,usdt,1215022.0,2373331.0,2279304.0,coinmetrics_community
stable_usdt,2023-08-30,usdt,1037811.0,2202596.0,2115893.0,coinmetrics_community
stable_usdt,2023-08-31,usdt,1068479.0,2292758.0,2201449.0,coinmetrics_community
stable_usdt,2023-09-01,usdt,1025891.0,2246092.0,2161779.0,coinmetrics_community
stable_usdt,2023-09-02,usdt,881696.0,1901034.0,1843790.0,coinmetrics_community
stable_usdt,2023-09-03,usdt,811954.0,1773504.0,1725418.0,coinmetrics_community
stable_usdt,2023-09-04,usdt,1003134.0,2113520.0,2088057.0,coinmetrics_community
stable_usdt,2023-09-05,usdt,1050084.0,2306625.0,2206243.0,coinmetrics_community
stable_usdt,2023-09-06,usdt,981224.0,2247642.0,2139111.0,coinmetrics_community
stable_usdt,2023-09-07,usdt,959968.0,2235566.0,2119225.0,coinmetrics_community
stable_usdt,2023-09-08,usdt,955458.0,2216423.0,2104490.0,coinmetrics_community
stable_usdt,2023-09-09,usdt,820271.0,1953081.0,1842808.0,coinmetrics_community
stable_usdt,2023-09-10,usdt,781646.0,1807017.0,1727381.0,coinmetrics_community
stable_usdt,2023-09-11,usdt,1005077.0,2281409.0,2203070.0,coinmetrics_community
stable_usdt,2023-09-12,usdt,1027069.0,2146559.0,2135215.0,coinmetrics_community
stable_usdt,2023-09-13,usdt,1053418.0,2210108.0,2184368.0,coinmetrics_community
stable_usdt,2023-09-14,usdt,1005237.0,2271033.0,2248973.0,coinmetrics_community
stable_usdt,2023-09-15,usdt,1056205.0,2220379.0,2198403.0,coinmetrics_community
stable_usdt,2023-09-16,usdt,856142.0,1805587.0,1796041.0,coinmetrics_community
stable_usdt,2023-09-17,usdt,842753.0,1754852.0,1749781.0,coinmetrics_community
stable_usdt,2023-09-18,usdt,1172318.0,2251572.0,2249787.0,coinmetrics_community
stable_usdt,2023-09-19,usdt,1256555.0,2255296.0,2247957.0,coinmetrics_community
stable_usdt,2023-09-20,usdt,1238400.0,2235008.0,2235963.0,coinmetrics_community
stable_usdt,2023-09-21,usdt,1232628.0,2286641.0,2280719.0,coinmetrics_community
stable_usdt,2023-09-22,usdt,1128261.0,2100117.0,2093249.0,coinmetrics_community
stable_usdt,2023-09-23,usdt,961639.0,1816770.0,1813429.0,coinmetrics_community
stable_usdt,2023-09-24,usdt,943040.0,1825368.0,1824455.0,coinmetrics_community
stable_usdt,2023-09-25,usdt,1162193.0,2281223.0,2281855.0,coinmetrics_community
stable_usdt,2023-09-26,usdt,1216906.0,2362434.0,2350720.0,coinmetrics_community
stable_usdt,2023-09-27,usdt,1145152.0,2270703.0,2247735.0,coinmetrics_community
stable_usdt,2023-09-28,usdt,1338578.0,2461585.0,2443634.0,coinmetrics_community
stable_usdt,2023-09-29,usdt,1172269.0,2183919.0,2172289.0,coinmetrics_community
stable_usdt,2023-09-30,usdt,1083946.0,2106382.0,2099357.0,coinmetrics_community
stable_usdt,2023-10-01,usdt,1012598.0,2006435.0,2005251.0,coinmetrics_community
stable_usdt,2023-10-02,usdt,1172324.0,2290196.0,2268759.0,coinmetrics_community
stable_usdt,2023-10-03,usdt,1082303.0,2205617.0,2154295.0,coinmetrics_community
stable_usdt,2023-10-04,usdt,1206347.0,2246804.0,2191108.0,coinmetrics_community
stable_usdt,2023-10-05,usdt,1164430.0,2219283.0,2160901.0,coinmetrics_community
stable_usdt,2023-10-06,usdt,1189936.0,2268089.0,2214786.0,coinmetrics_community
stable_usdt,2023-10-07,usdt,1040588.0,2014443.0,1966122.0,coinmetrics_community
stable_usdt,2023-10-08,usdt,1004051.0,1925153.0,1861810.0,coinmetrics_community
stable_usdt,2023-10-09,usdt,1174097.0,2312728.0,2269822.0,coinmetrics_community
stable_usdt,2023-10-10,usdt,1262090.0,2335630.0,2269671.0,coinmetrics_community
stable_usdt,2023-10-11,usdt,1199228.0,2286258.0,2219427.0,coinmetrics_community
stable_usdt,2023-10-12,usdt,1159964.0,2253295.0,2199344.0,coinmetrics_community
stable_usdt,2023-10-13,usdt,1135066.0,2262765.0,2207986.0,coinmetrics_community
stable_usdt,2023-10-14,usdt,935423.0,1920207.0,1877268.0,coinmetrics_community
stable_usdt,2023-10-15,usdt,899437.0,1908975.0,1869761.0,coinmetrics_community
stable_usdt,2023-10-16,usdt,1169371.0,2451692.0,2431431.0,coinmetrics_community
stable_usdt,2023-10-17,usdt,1190875.0,2370699.0,2330413.0,coinmetrics_community
stable_usdt,2023-10-18,usdt,1099814.0,2215110.0,2164734.0,coinmetrics_community
stable_usdt,2023-10-19,usdt,1101674.0,2198603.0,2160768.0,coinmetrics_community
stable_usdt,2023-10-20,usdt,1131256.0,2314089.0,2261851.0,coinmetrics_community
stable_usdt,2023-10-21,usdt,960030.0,2001158.0,1983312.0,coinmetrics_community
stable_usdt,2023-10-22,usdt,917356.0,1886117.0,1866276.0,coinmetrics_community
stable_usdt,2023-10-23,usdt,1190879.0,2398057.0,2388767.0,coinmetrics_community
stable_usdt,2023-10-24,usdt,1113424.0,2389044.0,2379542.0,coinmetrics_community
stable_usdt,2023-10-25,usdt,1143617.0,2329473.0,2315457.0,coinmetrics_community
stable_usdt,2023-10-26,usdt,1062228.0,2258931.0,2242940.0,coinmetrics_community
stable_usdt,2023-10-27,usdt,1097139.0,2249808.0,2221883.0,coinmetrics_community
stable_usdt,2023-10-28,usdt,975674.0,1966932.0,1950874.0,coinmetrics_community
stable_usdt,2023-10-29,usdt,991262.0,1914110.0,1913640.0,coinmetrics_community
stable_usdt,2023-10-30,usdt,1149721.0,2317126.0,2350343.0,coinmetrics_community
stable_usdt,2023-10-31,usdt,1206061.0,2464278.0,2482024.0,coinmetrics_community
stable_usdt,2023-11-01,usdt,1258091.0,2617297.0,2645980.0,coinmetrics_community
stable_usdt,2023-11-02,usdt,1165404.0,2471525.0,2491219.0,coinmetrics_community
stable_usdt,2023-11-03,usdt,1223411.0,2484064.0,2494979.0,coinmetrics_community
stable_usdt,2023-11-04,usdt,995133.0,2120675.0,2150700.0,coinmetrics_community
stable_usdt,2023-11-05,usdt,973610.0,1926739.0,1949379.0,coinmetrics_community
stable_usdt,2023-11-06,usdt,1015554.0,2091654.0,2106681.0,coinmetrics_community
stable_usdt,2023-11-07,usdt,1036880.0,2178288.0,2194986.0,coinmetrics_community
stable_usdt,2023-11-08,usdt,1018663.0,2079883.0,2077925.0,coinmetrics_community
stable_usdt,2023-11-09,usdt,1082410.0,2257894.0,2297138.0,coinmetrics_community
stable_usdt,2023-11-10,usdt,1084523.0,2273120.0,2331399.0,coinmetrics_community
stable_usdt,2023-11-11,usdt,1010670.0,2042623.0,2114908.0,coinmetrics_community
stable_usdt,2023-11-12,usdt,908570.0,1831589.0,1888765.0,coinmetrics_community
stable_usdt,2023-11-13,usdt,1112601.0,2195280.0,2244663.0,coinmetrics_community
stable_usdt,2023-11-14,usdt,1093539.0,2174983.0,2207550.0,coinmetrics_community
stable_usdt,2023-11-15,usdt,1126670.0,2282820.0,2323127.0,coinmetrics_community
stable_usdt,2023-11-16,usdt,1091506.0,2253832.0,2282227.0,coinmetrics_community
stable_usdt,2023-11-17,usdt,1059339.0,2157750.0,2183864.0,coinmetrics_community
stable_usdt,2023-11-18,usdt,921844.0,1790904.0,1817924.0,coinmetrics_community
stable_usdt,2023-11-19,usdt,955615.0,1777397.0,1824035.0,coinmetrics_community
stable_usdt,2023-11-20,usdt,1241038.0,2355260.0,2383323.0,coinmetrics_community
stable_usdt,2023-11-21,usdt,1237395.0,2399362.0,2438208.0,coinmetrics_community
stable_usdt,2023-11-22,usdt,1170293.0,2247898.0,2263463.0,coinmetrics_community
stable_usdt,2023-11-23,usdt,1057644.0,2011627.0,2028469.0,coinmetrics_community
stable_usdt,2023-11-24,usdt,1035746.0,2003438.0,2004981.0,coinmetrics_community
stable_usdt,2023-11-25,usdt,910155.0,1767884.0,1788203.0,coinmetrics_community
stable_usdt,2023-11-26,usdt,864410.0,1656833.0,1672748.0,coinmetrics_community
stable_usdt,2023-11-27,usdt,1064114.0,2094361.0,2112400.0,coinmetrics_community
stable_usdt,2023-11-28,usdt,1040509.0,2090243.0,2090469.0,coinmetrics_community
stable_usdt,2023-11-29,usdt,1078380.0,2079643.0,2084125.0,coinmetrics_community
stable_usdt,2023-11-30,usdt,1071873.0,2102583.0,2098643.0,coinmetrics_community
stable_usdt,2023-12-01,usdt,1094565.0,2157501.0,2146536.0,coinmetrics_community
stable_usdt,2023-12-02,usdt,927453.0,1788915.0,1799240.0,coinmetrics_community
stable_usdt,2023-12-03,usdt,896245.0,1727736.0,1743679.0,coinmetrics_community
stable_usdt,2023-12-04,usdt,1139850.0,2287205.0,2298623.0,coinmetrics_community
stable_usdt,2023-12-05,usdt,1132808.0,2269885.0,2271477.0,coinmetrics_community
stable_usdt,2023-12-06,usdt,1115339.0,2267212.0,2288128.0,coinmetrics_community
stable_usdt,2023-12-07,usdt,1186753.0,2311074.0,2331774.0,coinmetrics_community
stable_usdt,2023-12-08,usdt,1206717.0,2338207.0,2386061.0,coinmetrics_community
stable_usdt,2023-12-09,usdt,1079530.0,2050979.0,2093979.0,coinmetrics_community
stable_usdt,2023-12-10,usdt,1009969.0,1899088.0,1917826.0,coinmetrics_community
stable_usdt,2023-12-11,usdt,1215391.0,2393600.0,2394630.0,coinmetrics_community
stable_usdt,2023-12-12,usdt,1177554.0,2303424.0,2290978.0,coinmetrics_community
stable_usdt,2023-12-13,usdt,1152589.0,2254784.0,2241051.0,coinmetrics_community
stable_usdt,2023-12-14,usdt,1176365.0,2330122.0,2322110.0,coinmetrics_community
stable_usdt,2023-12-15,usdt,1237241.0,2458576.0,2451071.0,coinmetrics_community
stable_usdt,2023-12-16,usdt,1021333.0,1954967.0,1966604.0,coinmetrics_community
stable_usdt,2023-12-17,usdt,978274.0,1857762.0,1858509.0,coinmetrics_community
stable_usdt,2023-12-18,usdt,1308608.0,2371480.0,2363620.0,coinmetrics_community
stable_usdt,2023-12-19,usdt,1218997.0,2296865.0,2255630.0,coinmetrics_community
stable_usdt,2023-12-20,usdt,1248563.0,2359348.0,2320624.0,coinmetrics_community
stable_usdt,2023-12-21,usdt,1203623.0,2310284.0,2287301.0,coinmetrics_community
stable_usdt,2023-12-22,usdt,1229966.0,2353918.0,2333692.0,coinmetrics_community
stable_usdt,2023-12-23,usdt,1085923.0,1992832.0,1992299.0,coinmetrics_community
stable_usdt,2023-12-24,usdt,1049175.0,1953358.0,1977783.0,coinmetrics_community
stable_usdt,2023-12-25,usdt,1128074.0,2134285.0,2145112.0,coinmetrics_community
stable_usdt,2023-12-26,usdt,1203719.0,2271161.0,2275331.0,coinmetrics_community
stable_usdt,2023-12-27,usdt,1196153.0,2286980.0,2290873.0,coinmetrics_community
stable_usdt,2023-12-28,usdt,1208530.0,2313639.0,2329227.0,coinmetrics_community
stable_usdt,2023-12-29,usdt,1188672.0,2262213.0,2270626.0,coinmetrics_community
stable_usdt,2023-12-30,usdt,979658.0,1839455.0,1860052.0,coinmetrics_community
stable_usdt,2023-12-31,usdt,905434.0,1673223.0,1705043.0,coinmetrics_community
stable_usdt,2024-01-01,usdt,910567.0,1678953.0,1711285.0,coinmetrics_community
stable_usdt,2024-01-02,usdt,1121358.0,2122335.0,2125387.0,coinmetrics_community
stable_usdt,2024-01-03,usdt,1204349.0,2281959.0,2303157.0,coinmetrics_community
stable_usdt,2024-01-04,usdt,1130249.0,2157123.0,2150266.0,coinmetrics_community
stable_usdt,2024-01-05,usdt,1109046.0,2105414.0,2095738.0,coinmetrics_community
stable_usdt,2024-01-06,usdt,973039.0,1849245.0,1862482.0,coinmetrics_community
stable_usdt,2024-01-07,usdt,914543.0,1725834.0,1749653.0,coinmetrics_community
stable_usdt,2024-01-08,usdt,1148316.0,2235282.0,2252514.0,coinmetrics_community
stable_usdt,2024-01-09,usdt,1162116.0,2274850.0,2288868.0,coinmetrics_community
stable_usdt,2024-01-10,usdt,1189831.0,2341162.0,2360966.0,coinmetrics_community
stable_usdt,2024-01-11,usdt,1228129.0,2429924.0,2463873.0,coinmetrics_community
stable_usdt,2024-01-12,usdt,1161775.0,2311368.0,2325826.0,coinmetrics_community
stable_usdt,2024-01-13,usdt,987012.0,1919095.0,1953213.0,coinmetrics_community
stable_usdt,2024-01-14,usdt,956998.0,1832271.0,1888420.0,coinmetrics_community
stable_usdt,2024-01-15,usdt,1167610.0,2284187.0,2310275.0,coinmetrics_community
stable_usdt,2024-01-16,usdt,1134839.0,2225530.0,2229483.0,coinmetrics_community
stable_usdt,2024-01-17,usdt,1154166.0,2261757.0,2298721.0,coinmetrics_community
stable_usdt,2024-01-18,usdt,1201221.0,2404713.0,2469076.0,coinmetrics_community
stable_usdt,2024-01-19,usdt,1216944.0,2391649.0,2444695.0,coinmetrics_community
stable_usdt,2024-01-20,usdt,1059733.0,1990513.0,2050577.0,coinmetrics_community
stable_usdt,2024-01-21,usdt,1031131.0,1891337.0,1976100.0,coinmetrics_community
stable_usdt,2024-01-22,usdt,1232038.0,2390403.0,2456381.0,coinmetrics_community
stable_usdt,2024-01-23,usdt,1205824.0,2429097.0,2464638.0,coinmetrics_community
stable_usdt,2024-01-24,usdt,1145011.0,2322250.0,2357956.0,coinmetrics_community
stable_usdt,2024-01-25,usdt,1139517.0,2274712.0,2316446.0,coinmetrics_community
stable_usdt,2024-01-26,usdt,1256753.0,2295459.0,2337121.0,coinmetrics_community
stable_usdt,2024-01-27,usdt,1167152.0,2008614.0,2074961.0,coinmetrics_community
stable_usdt,2024-01-28,usdt,1102899.0,1945938.0,2041915.0,coinmetrics_community
stable_usdt,2024-01-29,usdt,1265310.0,2373140.0,2444875.0,coinmetrics_community
stable_usdt,2024-01-30,usdt,1287274.0,2408010.0,2474017.0,coinmetrics_community
stable_usdt,2024-01-31,usdt,1539215.0,2649994.0,2731159.0,coinmetrics_community
stable_usdt,2024-02-01,usdt,1344309.0,2432840.0,2463116.0,coinmetrics_community
stable_usdt,2024-02-02,usdt,1274606.0,2314900.0,2342298.0,coinmetrics_community
stable_usdt,2024-02-03,usdt,1091177.0,1946887.0,1984878.0,coinmetrics_community
stable_usdt,2024-02-04,usdt,1047671.0,1894443.0,1952340.0,coinmetrics_community
stable_usdt,2024-02-05,usdt,1247521.0,2319733.0,2349621.0,coinmetrics_community
stable_usdt,2024-02-06,usdt,1163184.0,2159406.0,2167201.0,coinmetrics_community
stable_usdt,2024-02-07,usdt,1184633.0,2244137.0,2274949.0,coinmetrics_community
stable_usdt,2024-02-08,usdt,1152784.0,2180482.0,2231268.0,coinmetrics_community
stable_usdt,2024-02-09,usdt,1124029.0,2083157.0,2139850.0,coinmetrics_community
stable_usdt,2024-02-10,usdt,938364.0,1713878.0,1804798.0,coinmetrics_community
stable_usdt,2024-02-11,usdt,906913.0,1619220.0,1699680.0,coinmetrics_community
stable_usdt,2024-02-12,usdt,1098398.0,2009867.0,2122343.0,coinmetrics_community
stable_usdt,2024-02-13,usdt,1143540.0,2142935.0,2240163.0,coinmetrics_community
stable_usdt,2024-02-14,usdt,1164106.0,2230693.0,2326742.0,coinmetrics_community
stable_usdt,2024-02-15,usdt,1199664.0,2285855.0,2370204.0,coinmetrics_community
stable_usdt,2024-02-16,usdt,1140571.0,2183334.0,2260642.0,coinmetrics_community
stable_usdt,2024-02-17,usdt,1020684.0,1921906.0,2014307.0,coinmetrics_community
stable_usdt,2024-02-18,usdt,1015566.0,1917265.0,2004700.0,coinmetrics_community
stable_usdt,2024-02-19,usdt,1188831.0,2338506.0,2430611.0,coinmetrics_community
stable_usdt,2024-02-20,usdt,1207942.0,2393338.0,2495906.0,coinmetrics_community
stable_usdt,2024-02-21,usdt,1192545.0,2343398.0,2344578.0,coinmetrics_community
stable_usdt,2024-02-22,usdt,1187110.0,2345857.0,2349743.0,coinmetrics_community
stable_usdt,2024-02-23,usdt,1134568.0,2266310.0,2268188.0,coinmetrics_community
stable_usdt,2024-02-24,usdt,1029413.0,1930176.0,1948318.0,coinmetrics_community
stable_usdt,2024-02-25,usdt,1025221.0,1887298.0,1921231.0,coinmetrics_community
stable_usdt,2024-02-26,usdt,1286597.0,2421547.0,2457877.0,coinmetrics_community
stable_usdt,2024-02-27,usdt,1376174.0,2554378.0,2579117.0,coinmetrics_community
stable_usdt,2024-02-28,usdt,1462401.0,2806894.0,2849448.0,coinmetrics_community
stable_usdt,2024-02-29,usdt,1512770.0,2921086.0,2991723.0,coinmetrics_community
stable_usdt,2024-03-01,usdt,1452765.0,2836691.0,2881970.0,coinmetrics_community
stable_usdt,2024-03-02,usdt,1330378.0,2524747.0,2585090.0,coinmetrics_community
stable_usdt,2024-03-03,usdt,1308781.0,2395170.0,2482900.0,coinmetrics_community
stable_usdt,2024-03-04,usdt,1521268.0,2881704.0,2932904.0,coinmetrics_community
stable_usdt,2024-03-05,usdt,1647541.0,3117080.0,3195392.0,coinmetrics_community
stable_usdt,2024-03-06,usdt,1492432.0,2816774.0,2870607.0,coinmetrics_community
stable_usdt,2024-03-07,usdt,1505912.0,2792637.0,2843683.0,coinmetrics_community
stable_usdt,2024-03-08,usdt,1459488.0,2697402.0,2747968.0,coinmetrics_community
stable_usdt,2024-03-09,usdt,1379920.0,2452934.0,2526958.0,coinmetrics_community
stable_usdt,2024-03-10,usdt,1364922.0,2411292.0,2491335.0,coinmetrics_community
stable_usdt,2024-03-11,usdt,1555489.0,2853833.0,2899593.0,coinmetrics_community
stable_usdt,2024-03-12,usdt,1513594.0,2822784.0,2870577.0,coinmetrics_community
stable_usdt,2024-03-13,usdt,1554616.0,2803860.0,2866670.0,coinmetrics_community
stable_usdt,2024-03-14,usdt,1662691.0,2971972.0,3052559.0,coinmetrics_community
stable_usdt,2024-03-15,usdt,1702490.0,3059856.0,3155387.0,coinmetrics_community
stable_usdt,2024-03-16,usdt,1579342.0,2722859.0,2830924.0,coinmetrics_community
stable_usdt,2024-03-17,usdt,1501245.0,2569390.0,2676126.0,coinmetrics_community
stable_usdt,2024-03-18,usdt,1675849.0,2989022.0,3076245.0,coinmetrics_community
stable_usdt,2024-03-19,usdt,1700516.0,3100399.0,3199799.0,coinmetrics_community
stable_usdt,2024-03-20,usdt,1570278.0,2914624.0,2978725.0,coinmetrics_community
stable_usdt,2024-03-21,usdt,1536647.0,2792306.0,2845735.0,coinmetrics_community
stable_usdt,2024-03-22,usdt,1483924.0,2774862.0,2818239.0,coinmetrics_community
stable_usdt,2024-03-23,usdt,1277089.0,2345273.0,2394168.0,coinmetrics_community
stable_usdt,2024-03-24,usdt,1277042.0,2276671.0,2343672.0,coinmetrics_community
stable_usdt,2024-03-25,usdt,1543836.0,2868123.0,2921155.0,coinmetrics_community
stable_usdt,2024-03-26,usdt,1579856.0,2848709.0,2903807.0,coinmetrics_community
stable_usdt,2024-03-27,usdt,1532927.0,2740040.0,2789430.0,coinmetrics_community
stable_usdt,2024-03-28,usdt,1564298.0,2680414.0,2733167.0,coinmetrics_community
stable_usdt,2024-03-29,usdt,1467505.0,2539696.0,2598751.0,coinmetrics_community
stable_usdt,2024-03-30,usdt,1352271.0,2346259.0,2430654.0,coinmetrics_community
stable_usdt,2024-03-31,usdt,1302299.0,2222189.0,2296436.0,coinmetrics_community
stable_usdt,2024-04-01,usdt,1535710.0,2736476.0,2787837.0,coinmetrics_community
stable_usdt,2024-04-02,usdt,1573786.0,2810139.0,2910194.0,coinmetrics_community
stable_usdt,2024-04-03,usdt,1476639.0,2691156.0,2730164.0,coinmetrics_community
stable_usdt,2024-04-04,usdt,1383106.0,2487438.0,2500829.0,coinmetrics_community
stable_usdt,2024-04-05,usdt,1385157.0,2504257.0,2525031.0,coinmetrics_community
stable_usdt,2024-04-06,usdt,1157158.0,2072604.0,2104838.0,coinmetrics_community
stable_usdt,2024-04-07,usdt,1153208.0,2044896.0,2085915.0,coinmetrics_community
stable_usdt,2024-04-08,usdt,1397578.0,2530514.0,2565647.0,coinmetrics_community
stable_usdt,2024-04-09,usdt,1357957.0,2492907.0,2521112.0,coinmetrics_community
stable_usdt,2024-04-10,usdt,1345605.0,2437067.0,2472426.0,coinmetrics_community
stable_usdt,2024-04-11,usdt,1380665.0,2457551.0,2505178.0,coinmetrics_community
stable_usdt,2024-04-12,usdt,1487430.0,2663602.0,2733045.0,coinmetrics_community
stable_usdt,2024-04-13,usdt,1382287.0,2445221.0,2556632.0,coinmetrics_community
stable_usdt,2024-04-14,usdt,1262002.0,2255489.0,2336851.0,coinmetrics_community
stable_usdt,2024-04-15,usdt,1438325.0,2661229.0,2733743.0,coinmetrics_community
stable_usdt,2024-04-16,usdt,1418948.0,2627766.0,2692983.0,coinmetrics_community
stable_usdt,2024-04-17,usdt,1385525.0,2573337.0,2622283.0,coinmetrics_community
stable_usdt,2024-04-18,usdt,1357185.0,2513798.0,2561525.0,coinmetrics_community
stable_usdt,2024-04-19,usdt,1366812.0,2539335.0,2593246.0,coinmetrics_community
stable_usdt,2024-04-20,usdt,1177521.0,2115125.0,2154118.0,coinmetrics_community
stable_usdt,2024-04-21,usdt,1102103.0,1974664.0,2011701.0,coinmetrics_community
stable_usdt,2024-04-22,usdt,1336016.0,2464493.0,2500951.0,coinmetrics_community
stable_usdt,2024-04-23,usdt,1332367.0,2470527.0,2503730.0,coinmetrics_community
stable_usdt,2024-04-24,usdt,1340603.0,2481211.0,2578377.0,coinmetrics_community
stable_usdt,2024-04-25,usdt,1280194.0,2385751.0,2474599.0,coinmetrics_community
stable_usdt,2024-04-26,usdt,1162333.0,2194540.0,2257020.0,coinmetrics_community
stable_usdt,2024-04-27,usdt,1083689.0,2018207.0,2098323.0,coinmetrics_community
stable_usdt,2024-04-28,usdt,1083161.0,1915720.0,1984919.0,coinmetrics_community
stable_usdt,2024-04-29,usdt,1285017.0,2366665.0,2450168.0,coinmetrics_community
stable_usdt,2024-04-30,usdt,1362484.0,2519915.0,2623767.0,coinmetrics_community
stable_usdt,2024-05-01,usdt,1309193.0,2394878.0,2500336.0,coinmetrics_community
stable_usdt,2024-05-02,usdt,1326390.0,2349841.0,2437891.0,coinmetrics_community
stable_usdt,2024-05-03,usdt,1282626.0,2316781.0,2402278.0,coinmetrics_community
stable_usdt,2024-05-04,usdt,1132603.0,2000582.0,2072439.0,coinmetrics_community
stable_usdt,2024-05-05,usdt,1087940.0,1920138.0,1992924.0,coinmetrics_community
stable_usdt,2024-05-06,usdt,1315875.0,2430687.0,2524183.0,coinmetrics_community
stable_usdt,2024-05-07,usdt,1321022.0,2445222.0,2532528.0,coinmetrics_community
stable_usdt,2024-05-08,usdt,1307191.0,2431823.0,2519559.0,coinmetrics_community
stable_usdt,2024-05-09,usdt,1277792.0,2318935.0,2406103.0,coinmetrics_community
stable_usdt,2024-05-10,usdt,1586001.0,2687203.0,2783619.0,coinmetrics_community
stable_usdt,2024-05-11,usdt,1209548.0,2091915.0,2157316.0,coinmetrics_community
stable_usdt,2024-05-12,usdt,1128117.0,1942161.0,2013309.0,coinmetrics_community
stable_usdt,2024-05-13,usdt,1426730.0,2517162.0,2622150.0,coinmetrics_community
stable_usdt,2024-05-14,usdt,1458941.0,2557169.0,2653599.0,coinmetrics_community
stable_usdt,2024-05-15,usdt,1527638.0,2749882.0,2856696.0,coinmetrics_community
stable_usdt,2024-05-16,usdt,1574345.0,2786583.0,2887638.0,coinmetrics_community
stable_usdt,2024-05-17,usdt,1542635.0,2730339.0,2834837.0,coinmetrics_community
stable_usdt,2024-05-18,usdt,1359460.0,2353987.0,2453863.0,coinmetrics_community
stable_usdt,2024-05-19,usdt,1260942.0,2175881.0,2261855.0,coinmetrics_community
stable_usdt,2024-05-20,usdt,1497144.0,2716590.0,2813890.0,coinmetrics_community
stable_usdt,2024-05-21,usdt,1548023.0,2809863.0,2907514.0,coinmetrics_community
stable_usdt,2024-05-22,usdt,1432693.0,2626983.0,2717929.0,coinmetrics_community
stable_usdt,2024-05-23,usdt,1388266.0,2602954.0,2689836.0,coinmetrics_community
stable_usdt,2024-05-24,usdt,1339970.0,2538184.0,2611518.0,coinmetrics_community
stable_usdt,2024-05-25,usdt,1155971.0,2180999.0,2251973.0,coinmetrics_community
stable_usdt,2024-05-26,usdt,1118947.0,2091839.0,2165764.0,coinmetrics_community
stable_usdt,2024-05-27,usdt,1333439.0,2542814.0,2620093.0,coinmetrics_community
stable_usdt,2024-05-28,usdt,1351169.0,2566844.0,2651344.0,coinmetrics_community
stable_usdt,2024-05-29,usdt,1329230.0,2630154.0,2723657.0,coinmetrics_community
stable_usdt,2024-05-30,usdt,1358676.0,2606174.0,2690996.0,coinmetrics_community
stable_usdt,2024-05-31,usdt,1408764.0,2707467.0,2788411.0,coinmetrics_community
stable_usdt,2024-06-01,usdt,1302871.0,2421825.0,2492693.0,coinmetrics_community
stable_usdt,2024-06-02,usdt,1195986.0,2296031.0,2363404.0,coinmetrics_community
stable_usdt,2024-06-03,usdt,1436643.0,2828489.0,2916211.0,coinmetrics_community
stable_usdt,2024-06-04,usdt,1400200.0,2631582.0,2726817.0,coinmetrics_community
stable_usdt,2024-06-05,usdt,1452268.0,2726616.0,2833430.0,coinmetrics_community
stable_usdt,2024-06-06,usdt,1435257.0,2738718.0,2841994.0,coinmetrics_community
stable_usdt,2024-06-07,usdt,1533522.0,3007910.0,3131684.0,coinmetrics_community
stable_usdt,2024-06-08,usdt,1221464.0,2479036.0,2576622.0,coinmetrics_community
stable_usdt,2024-06-09,usdt,1142777.0,2244955.0,2327872.0,coinmetrics_community
stable_usdt,2024-06-10,usdt,1354561.0,2586551.0,2670976.0,coinmetrics_community
stable_usdt,2024-06-11,usdt,1526316.0,2900152.0,2995133.0,coinmetrics_community
stable_usdt,2024-06-12,usdt,1439015.0,2746365.0,2840755.0,coinmetrics_community
stable_usdt,2024-06-13,usdt,1375708.0,2618797.0,2698651.0,coinmetrics_community
stable_usdt,2024-06-14,usdt,1412523.0,2702978.0,2778721.0,coinmetrics_community
stable_usdt,2024-06-15,usdt,1238062.0,2359712.0,2415310.0,coinmetrics_community
stable_usdt,2024-06-16,usdt,1132649.0,2167086.0,2223768.0,coinmetrics_community
stable_usdt,2024-06-17,usdt,1384618.0,2724983.0,2789417.0,coinmetrics_community
stable_usdt,2024-06-18,usdt,1474266.0,2798059.0,2891723.0,coinmetrics_community
stable_usdt,2024-06-19,usdt,1311954.0,2513111.0,2580971.0,coinmetrics_community
stable_usdt,2024-06-20,usdt,1355091.0,2655784.0,2722641.0,coinmetrics_community
stable_usdt,2024-06-21,usdt,1320486.0,2571665.0,2631978.0,coinmetrics_community
stable_usdt,2024-06-22,usdt,1117268.0,2124109.0,2167217.0,coinmetrics_community
stable_usdt,2024-06-23,usdt,1062006.0,2000590.0,2047379.0,coinmetrics_community
stable_usdt,2024-06-24,usdt,1397194.0,2697427.0,2761771.0,coinmetrics_community
stable_usdt,2024-06-25,usdt,1369077.0,2650499.0,2707755.0,coinmetrics_community
stable_usdt,2024-06-26,usdt,1322213.0,2581931.0,2640979.0,coinmetrics_community
stable_usdt,2024-06-27,usdt,1316300.0,2552727.0,2619167.0,coinmetrics_community
stable_usdt,2024-06-28,usdt,1296346.0,2555570.0,2615004.0,coinmetrics_community
stable_usdt,2024-06-29,usdt,1120157.0,2144294.0,2185009.0,coinmetrics_community
stable_usdt,2024-06-30,usdt,1166862.0,2174103.0,2224807.0,coinmetrics_community
stable_usdt,2024-07-01,usdt,1442178.0,2753690.0,2803199.0,coinmetrics_community
stable_usdt,2024-07-02,usdt,1322469.0,2603841.0,2652681.0,coinmetrics_community
stable_usdt,2024-07-03,usdt,1360911.0,2660722.0,2707617.0,coinmetrics_community
stable_usdt,2024-07-04,usdt,1374451.0,2690115.0,2752313.0,coinmetrics_community
stable_usdt,2024-07-05,usdt,1462321.0,2926126.0,3001252.0,coinmetrics_community
stable_usdt,2024-07-06,usdt,1153470.0,2241058.0,2288540.0,coinmetrics_community
stable_usdt,2024-07-07,usdt,1107139.0,2117491.0,2163154.0,coinmetrics_community
stable_usdt,2024-07-08,usdt,1353373.0,2743196.0,2801123.0,coinmetrics_community
stable_usdt,2024-07-09,usdt,1292661.0,2566579.0,2624211.0,coinmetrics_community
stable_usdt,2024-07-10,usdt,1318924.0,2643726.0,2676305.0,coinmetrics_community
stable_usdt,2024-07-11,usdt,1315868.0,2609928.0,2635229.0,coinmetrics_community
stable_usdt,2024-07-12,usdt,1296169.0,2593795.0,2574447.0,coinmetrics_community
stable_usdt,2024-07-13,usdt,1119616.0,2255381.0,2246427.0,coinmetrics_community
stable_usdt,2024-07-14,usdt,1140300.0,2250234.0,2269910.0,coinmetrics_community
stable_usdt,2024-07-15,usdt,1377031.0,2770099.0,2772164.0,coinmetrics_community
stable_usdt,2024-07-16,usdt,1363923.0,2725597.0,2745498.0,coinmetrics_community
stable_usdt,2024-07-17,usdt,1319225.0,2663562.0,2688330.0,coinmetrics_community
stable_usdt,2024-07-18,usdt,1282990.0,2581121.0,2596232.0,coinmetrics_community
stable_usdt,2024-07-19,usdt,1302310.0,2648775.0,2666268.0,coinmetrics_community
stable_usdt,2024-07-20,usdt,1160137.0,2239260.0,2277521.0,coinmetrics_community
stable_usdt,2024-07-21,usdt,1147639.0,2207973.0,2263202.0,coinmetrics_community
stable_usdt,2024-07-22,usdt,1356682.0,2703298.0,2730931.0,coinmetrics_community
stable_usdt,2024-07-23,usdt,1307071.0,2556815.0,2599493.0,coinmetrics_community
stable_usdt,2024-07-24,usdt,1255362.0,2457546.0,2499147.0,coinmetrics_community
stable_usdt,2024-07-25,usdt,1317013.0,2658416.0,2684945.0,coinmetrics_community
stable_usdt,2024-07-26,usdt,1273896.0,2485452.0,2506323.0,coinmetrics_community
stable_usdt,2024-07-27,usdt,1126123.0,2143323.0,2183700.0,coinmetrics_community
stable_usdt,2024-07-28,usdt,1046531.0,1998297.0,2027320.0,coinmetrics_community
stable_usdt,2024-07-29,usdt,1351650.0,2679820.0,2698246.0,coinmetrics_community
stable_usdt,2024-07-30,usdt,1296253.0,2561081.0,2575608.0,coinmetrics_community
stable_usdt,2024-07-31,usdt,1343971.0,2695028.0,2694150.0,coinmetrics_community
stable_usdt,2024-08-01,usdt,1396090.0,2766914.0,2781054.0,coinmetrics_community
stable_usdt,2024-08-02,usdt,1367369.0,2747283.0,2753056.0,coinmetrics_community
stable_usdt,2024-08-03,usdt,1201293.0,2349713.0,2376355.0,coinmetrics_community
stable_usdt,2024-08-04,usdt,1189789.0,2259604.0,2299571.0,coinmetrics_community
stable_usdt,2024-08-05,usdt,1694711.0,3389257.0,3471403.0,coinmetrics_community
stable_usdt,2024-08-06,usdt,1390091.0,2782093.0,2811900.0,coinmetrics_community
stable_usdt,2024-08-07,usdt,1337039.0,2641310.0,2683393.0,coinmetrics_community
stable_usdt,2024-08-08,usdt,1349896.0,2680126.0,2699251.0,coinmetrics_community
stable_usdt,2024-08-09,usdt,1305912.0,2576119.0,2595512.0,coinmetrics_community
stable_usdt,2024-08-10,usdt,1099587.0,2140819.0,2168636.0,coinmetrics_community
stable_usdt,2024-08-11,usdt,1083678.0,2101612.0,2135503.0,coinmetrics_community
stable_usdt,2024-08-12,usdt,1311956.0,2695211.0,2727544.0,coinmetrics_community
stable_usdt,2024-08-13,usdt,1317784.0,2685950.0,2736570.0,coinmetrics_community
stable_usdt,2024-08-14,usdt,1301925.0,2564028.0,2604481.0,coinmetrics_community
stable_usdt,2024-08-15,usdt,1312296.0,2641547.0,2683929.0,coinmetrics_community
stable_usdt,2024-08-16,usdt,1269890.0,2510809.0,2536806.0,coinmetrics_community
stable_usdt,2024-08-17,usdt,1107089.0,2127559.0,2134893.0,coinmetrics_community
stable_usdt,2024-08-18,usdt,1083858.0,2057706.0,2077931.0,coinmetrics_community
stable_usdt,2024-08-19,usdt,1251388.0,2468407.0,2488543.0,coinmetrics_community
stable_usdt,2024-08-20,usdt,1285006.0,2487542.0,2554162.0,coinmetrics_community
stable_usdt,2024-08-21,usdt,1234048.0,2366221.0,2435671.0,coinmetrics_community
stable_usdt,2024-08-22,usdt,1206082.0,2276749.0,2333714.0,coinmetrics_community
stable_usdt,2024-08-23,usdt,1251937.0,2354553.0,2431500.0,coinmetrics_community
stable_usdt,2024-08-24,usdt,1120568.0,2071666.0,2147481.0,coinmetrics_community
stable_usdt,2024-08-25,usdt,1055596.0,1980686.0,2043655.0,coinmetrics_community
stable_usdt,2024-08-26,usdt,1412937.0,2665355.0,2722597.0,coinmetrics_community
stable_usdt,2024-08-27,usdt,1420001.0,2681006.0,2748106.0,coinmetrics_community
stable_usdt,2024-08-28,usdt,1359408.0,2582240.0,2659354.0,coinmetrics_community
stable_usdt,2024-08-29,usdt,1277454.0,2438414.0,2508385.0,coinmetrics_community
stable_usdt,2024-08-30,usdt,1275284.0,2474281.0,2550804.0,coinmetrics_community
stable_usdt,2024-08-31,usdt,1135982.0,2107011.0,2165780.0,coinmetrics_community
stable_usdt,2024-09-01,usdt,1098805.0,2143856.0,2224400.0,coinmetrics_community
stable_usdt,2024-09-02,usdt,1310190.0,2603039.0,2663510.0,coinmetrics_community
stable_usdt,2024-09-03,usdt,1324930.0,2616709.0,2679460.0,coinmetrics_community
stable_usdt,2024-09-04,usdt,1317667.0,2646525.0,2711786.0,coinmetrics_community
stable_usdt,2024-09-05,usdt,1306850.0,2623943.0,2674374.0,coinmetrics_community
stable_usdt,2024-09-06,usdt,1384016.0,2712288.0,2777807.0,coinmetrics_community
stable_usdt,2024-09-07,usdt,1182068.0,2205307.0,2275311.0,coinmetrics_community
stable_usdt,2024-09-08,usdt,1125429.0,2091181.0,2176072.0,coinmetrics_community
stable_usdt,2024-09-09,usdt,1354041.0,2639617.0,2706707.0,coinmetrics_community
stable_usdt,2024-09-10,usdt,1317625.0,2576164.0,2643092.0,coinmetrics_community
stable_usdt,2024-09-11,usdt,1308299.0,2557307.0,2641458.0,coinmetrics_community
stable_usdt,2024-09-12,usdt,1326343.0,2571167.0,2646405.0,coinmetrics_community
stable_usdt,2024-09-13,usdt,1376210.0,2654396.0,2731345.0,coinmetrics_community
stable_usdt,2024-09-14,usdt,1232689.0,2289550.0,2355650.0,coinmetrics_community
stable_usdt,2024-09-15,usdt,1257611.0,2316938.0,2439058.0,coinmetrics_community
stable_usdt,2024-09-16,usdt,1355966.0,2692795.0,2765597.0,coinmetrics_community
stable_usdt,2024-09-17,usdt,1296394.0,2641972.0,2698163.0,coinmetrics_community
stable_usdt,2024-09-18,usdt,1367232.0,2810366.0,2845219.0,coinmetrics_community
stable_usdt,2024-09-19,usdt,1445261.0,2965792.0,3016759.0,coinmetrics_community
stable_usdt,2024-09-20,usdt,1455074.0,2868172.0,2931316.0,coinmetrics_community
stable_usdt,2024-09-21,usdt,1174457.0,2306442.0,2352053.0,coinmetrics_community
stable_usdt,2024-09-22,usdt,1122146.0,2176902.0,2230667.0,coinmetrics_community
stable_usdt,2024-09-23,usdt,1425324.0,2872374.0,2924823.0,coinmetrics_community
stable_usdt,2024-09-24,usdt,1430834.0,2890562.0,2955310.0,coinmetrics_community
stable_usdt,2024-09-25,usdt,1396051.0,2743103.0,2809547.0,coinmetrics_community
stable_usdt,2024-09-26,usdt,1479089.0,2873049.0,2957777.0,coinmetrics_community
stable_usdt,2024-09-27,usdt,1453537.0,2801214.0,2883335.0,coinmetrics_community
stable_usdt,2024-09-28,usdt,1223426.0,2317523.0,2389333.0,coinmetrics_community
stable_usdt,2024-09-29,usdt,1211515.0,2291341.0,2360462.0,coinmetrics_community
stable_usdt,2024-09-30,usdt,1489931.0,2928393.0,3005276.0,coinmetrics_community
stable_usdt,2024-10-01,usdt,1513627.0,2925058.0,3010051.0,coinmetrics_community
stable_usdt,2024-10-02,usdt,1435071.0,2785142.0,2870327.0,coinmetrics_community
stable_usdt,2024-10-03,usdt,1408562.0,2748789.0,2834847.0,coinmetrics_community
stable_usdt,2024-10-04,usdt,1395287.0,2703990.0,2785627.0,coinmetrics_community
stable_usdt,2024-10-05,usdt,1193211.0,2302839.0,2369574.0,coinmetrics_community
stable_usdt,2024-10-06,usdt,1153964.0,2204092.0,2268639.0,coinmetrics_community
stable_usdt,2024-10-07,usdt,1421996.0,2835568.0,2920948.0,coinmetrics_community
stable_usdt,2024-10-08,usdt,1425981.0,2817236.0,2880360.0,coinmetrics_community
stable_usdt,2024-10-09,usdt,1416190.0,2759892.0,2810725.0,coinmetrics_community
stable_usdt,2024-10-10,usdt,1449029.0,2820688.0,2881341.0,coinmetrics_community
stable_usdt,2024-10-11,usdt,1394053.0,2660416.0,2729764.0,coinmetrics_community
stable_usdt,2024-10-12,usdt,1193585.0,2251598.0,2322111.0,coinmetrics_community
stable_usdt,2024-10-13,usdt,1152369.0,2156689.0,2224607.0,coinmetrics_community
stable_usdt,2024-10-14,usdt,1498444.0,2874167.0,2954848.0,coinmetrics_community
stable_usdt,2024-10-15,usdt,1549528.0,3019639.0,3099481.0,coinmetrics_community
stable_usdt,2024-10-16,usdt,1499802.0,2883666.0,2957868.0,coinmetrics_community
stable_usdt,2024-10-17,usdt,1439397.0,2735138.0,2810243.0,coinmetrics_community
stable_usdt,2024-10-18,usdt,1451006.0,2732551.0,2809863.0,coinmetrics_community
stable_usdt,2024-10-19,usdt,1243853.0,2322832.0,2389357.0,coinmetrics_community
stable_usdt,2024-10-20,usdt,1227240.0,2254242.0,2337390.0,coinmetrics_community
stable_usdt,2024-10-21,usdt,1476081.0,2778097.0,2863410.0,coinmetrics_community
stable_usdt,2024-10-22,usdt,1429267.0,2672553.0,2767586.0,coinmetrics_community
stable_usdt,2024-10-23,usdt,1471004.0,2783741.0,2889822.0,coinmetrics_community
stable_usdt,2024-10-24,usdt,1543204.0,3768255.0,3867633.0,coinmetrics_community
stable_usdt,2024-10-25,usdt,1579485.0,3582372.0,3697425.0,coinmetrics_community
stable_usdt,2024-10-26,usdt,1345790.0,3290805.0,3382464.0,coinmetrics_community
stable_usdt,2024-10-27,usdt,1223033.0,2282559.0,2356298.0,coinmetrics_community
stable_usdt,2024-10-28,usdt,1535431.0,2837054.0,2937778.0,coinmetrics_community
stable_usdt,2024-10-29,usdt,1626813.0,2935295.0,3057340.0,coinmetrics_community
stable_usdt,2024-10-30,usdt,1494949.0,2842494.0,2980061.0,coinmetrics_community
stable_usdt,2024-10-31,usdt,1543064.0,2947353.0,3107057.0,coinmetrics_community
stable_usdt,2024-11-01,usdt,1585054.0,2983616.0,3150918.0,coinmetrics_community
stable_usdt,2024-11-02,usdt,1309380.0,2434132.0,2555215.0,coinmetrics_community
stable_usdt,2024-11-03,usdt,1271003.0,2421312.0,2565068.0,coinmetrics_community
stable_usdt,2024-11-04,usdt,1507295.0,2890236.0,3020892.0,coinmetrics_community
stable_usdt,2024-11-05,usdt,1567435.0,2920179.0,3057214.0,coinmetrics_community
stable_usdt,2024-11-06,usdt,1762396.0,3201476.0,3404256.0,coinmetrics_community
stable_usdt,2024-11-07,usdt,1645552.0,3048708.0,3227359.0,coinmetrics_community
stable_usdt,2024-11-08,usdt,1666418.0,3006335.0,3176781.0,coinmetrics_community
stable_usdt,2024-11-09,usdt,1396824.0,2520102.0,2676968.0,coinmetrics_community
stable_usdt,2024-11-10,usdt,1492614.0,2678315.0,2873367.0,coinmetrics_community
stable_usdt,2024-11-11,usdt,1908139.0,3416680.0,3647360.0,coinmetrics_community
stable_usdt,2024-11-12,usdt,1942925.0,3457178.0,3704075.0,coinmetrics_community
stable_usdt,2024-11-13,usdt,1930382.0,3362061.0,3607639.0,coinmetrics_community
stable_usdt,2024-11-14,usdt,1942304.0,3323525.0,3556049.0,coinmetrics_community
stable_usdt,2024-11-15,usdt,2017541.0,3339472.0,3556006.0,coinmetrics_community
stable_usdt,2024-11-16,usdt,1699238.0,2760794.0,2986059.0,coinmetrics_community
stable_usdt,2024-11-17,usdt,1665474.0,2615701.0,2865484.0,coinmetrics_community
stable_usdt,2024-11-18,usdt,1978303.0,3245843.0,3497059.0,coinmetrics_community
stable_usdt,2024-11-19,usdt,1934926.0,3242556.0,3494277.0,coinmetrics_community
stable_usdt,2024-11-20,usdt,1987332.0,3275442.0,3543561.0,coinmetrics_community
stable_usdt,2024-11-21,usdt,2034556.0,3290851.0,3565907.0,coinmetrics_community
stable_usdt,2024-11-22,usdt,2025904.0,3232388.0,3489442.0,coinmetrics_community
stable_usdt,2024-11-23,usdt,1705895.0,2777731.0,2982961.0,coinmetrics_community
stable_usdt,2024-11-24,usdt,1578790.0,2572333.0,2773260.0,coinmetrics_community
stable_usdt,2024-11-25,usdt,1937349.0,3282650.0,3505939.0,coinmetrics_community
stable_usdt,2024-11-26,usdt,1939271.0,3257178.0,3490170.0,coinmetrics_community
stable_usdt,2024-11-27,usdt,1871093.0,3086293.0,3312273.0,coinmetrics_community
stable_usdt,2024-11-28,usdt,1798579.0,2976973.0,3179917.0,coinmetrics_community
stable_usdt,2024-11-29,usdt,1891823.0,3123796.0,3311655.0,coinmetrics_community
stable_usdt,2024-11-30,usdt,1621184.0,2747362.0,2913687.0,coinmetrics_community
stable_usdt,2024-12-01,usdt,1571609.0,2678870.0,2840465.0,coinmetrics_community
stable_usdt,2024-12-02,usdt,1974659.0,3499599.0,3712025.0,coinmetrics_community
stable_usdt,2024-12-03,usdt,1961501.0,3417624.0,3647770.0,coinmetrics_community
stable_usdt,2024-12-04,usdt,1857981.0,3179149.0,3390679.0,coinmetrics_community
stable_usdt,2024-12-05,usdt,1891171.0,3275368.0,3508533.0,coinmetrics_community
stable_usdt,2024-12-06,usdt,1783140.0,3068212.0,3276037.0,coinmetrics_community
stable_usdt,2024-12-07,usdt,1515502.0,2521542.0,2702623.0,coinmetrics_community
stable_usdt,2024-12-08,usdt,1433610.0,2357368.0,2529420.0,coinmetrics_community
stable_usdt,2024-12-09,usdt,1838677.0,3185880.0,3422902.0,coinmetrics_community
stable_usdt,2024-12-10,usdt,2001668.0,3398393.0,3673691.0,coinmetrics_community
stable_usdt,2024-12-11,usdt,1778996.0,3025117.0,3254573.0,coinmetrics_community
stable_usdt,2024-12-12,usdt,1688645.0,2949793.0,3153943.0,coinmetrics_community
stable_usdt,2024-12-13,usdt,1636241.0,2835828.0,3015462.0,coinmetrics_community
stable_usdt,2024-12-14,usdt,1449727.0,2526023.0,2699504.0,coinmetrics_community
stable_usdt,2024-12-15,usdt,1436685.0,2444072.0,2613818.0,coinmetrics_community
stable_usdt,2024-12-16,usdt,1784767.0,3142093.0,3347799.0,coinmetrics_community
stable_usdt,2024-12-17,usdt,2389144.0,3446090.0,3717031.0,coinmetrics_community
stable_usdt,2024-12-18,usdt,1979157.0,3303384.0,3551012.0,coinmetrics_community
stable_usdt,2024-12-19,usdt,2004563.0,3376156.0,3636246.0,coinmetrics_community
stable_usdt,2024-12-20,usdt,1988543.0,3489363.0,3763815.0,coinmetrics_community
stable_usdt,2024-12-21,usdt,1585245.0,2713893.0,2913364.0,coinmetrics_community
stable_usdt,2024-12-22,usdt,1443875.0,2516337.0,2700420.0,coinmetrics_community
stable_usdt,2024-12-23,usdt,1747598.0,3064163.0,3270084.0,coinmetrics_community
stable_usdt,2024-12-24,usdt,1660859.0,2837015.0,3020963.0,coinmetrics_community
stable_usdt,2024-12-25,usdt,1431354.0,2584184.0,2764410.0,coinmetrics_community
stable_usdt,2024-12-26,usdt,1570824.0,2771456.0,2960525.0,coinmetrics_community
stable_usdt,2024-12-27,usdt,1607211.0,2831849.0,3021140.0,coinmetrics_community
stable_usdt,2024-12-28,usdt,1462739.0,2485518.0,2677489.0,coinmetrics_community
stable_usdt,2024-12-29,usdt,1388569.0,2326948.0,2505380.0,coinmetrics_community
stable_usdt,2024-12-30,usdt,1708230.0,3001050.0,3235054.0,coinmetrics_community
stable_usdt,2024-12-31,usdt,1647168.0,2808835.0,3052306.0,coinmetrics_community
stable_usdt,2025-01-01,usdt,1390900.0,2360033.0,2570691.0,coinmetrics_community
stable_usdt,2025-01-02,usdt,1718794.0,2927960.0,3197320.0,coinmetrics_community
stable_usdt,2025-01-03,usdt,1700626.0,2856076.0,3115791.0,coinmetrics_community
stable_usdt,2025-01-04,usdt,1451837.0,2445411.0,2665593.0,coinmetrics_community
stable_usdt,2025-01-05,usdt,1459251.0,2409196.0,2640367.0,coinmetrics_community
stable_usdt,2025-01-06,usdt,1753103.0,3019993.0,3302081.0,coinmetrics_community
stable_usdt,2025-01-07,usdt,1767314.0,3026268.0,3321204.0,coinmetrics_community
stable_usdt,2025-01-08,usdt,1803285.0,3127701.0,3423220.0,coinmetrics_community
stable_usdt,2025-01-09,usdt,1722240.0,2994639.0,3250332.0,coinmetrics_community
stable_usdt,2025-01-10,usdt,1698865.0,3023402.0,3273169.0,coinmetrics_community
stable_usdt,2025-01-11,usdt,1408750.0,2482761.0,2689994.0,coinmetrics_community
stable_usdt,2025-01-12,usdt,1362101.0,2341163.0,2528868.0,coinmetrics_community
stable_usdt,2025-01-13,usdt,1764202.0,3178253.0,3419975.0,coinmetrics_community
stable_usdt,2025-01-14,usdt,1658873.0,2938122.0,3169586.0,coinmetrics_community
stable_usdt,2025-01-15,usdt,1813556.0,3180723.0,3431322.0,coinmetrics_community
stable_usdt,2025-01-16,usdt,1807535.0,3171390.0,3411129.0,coinmetrics_community
stable_usdt,2025-01-17,usdt,1808162.0,3074928.0,3320763.0,coinmetrics_community
stable_usdt,2025-01-18,usdt,2989976.0,3849549.0,4462968.0,coinmetrics_community
stable_usdt,2025-01-19,usdt,3143481.0,3943346.0,4559884.0,coinmetrics_community
stable_usdt,2025-01-20,usdt,2769572.0,4071576.0,4527812.0,coinmetrics_community
stable_usdt,2025-01-21,usdt,1991091.0,3337890.0,3645993.0,coinmetrics_community
stable_usdt,2025-01-22,usdt,1851337.0,3152416.0,3392958.0,coinmetrics_community
stable_usdt,2025-01-23,usdt,2051503.0,3273802.0,3581434.0,coinmetrics_community
stable_usdt,2025-01-24,usdt,1930090.0,3113405.0,3381618.0,coinmetrics_community
stable_usdt,2025-01-25,usdt,1652384.0,2610390.0,2855192.0,coinmetrics_community
stable_usdt,2025-01-26,usdt,1586966.0,2457772.0,2718288.0,coinmetrics_community
stable_usdt,2025-01-27,usdt,1956641.0,3280431.0,3595268.0,coinmetrics_community
stable_usdt,2025-01-28,usdt,1668271.0,2612460.0,2852790.0,coinmetrics_community
stable_usdt,2025-01-29,usdt,1488844.0,2454491.0,2688055.0,coinmetrics_community
stable_usdt,2025-01-30,usdt,1534547.0,2455831.0,2683151.0,coinmetrics_community
stable_usdt,2025-01-31,usdt,1589924.0,2582919.0,2808544.0,coinmetrics_community
stable_usdt,2025-02-01,usdt,1477149.0,2408662.0,2610849.0,coinmetrics_community
stable_usdt,2025-02-02,usdt,1592263.0,2756171.0,2997272.0,coinmetrics_community
stable_usdt,2025-02-03,usdt,2018205.0,3683607.0,3996099.0,coinmetrics_community
stable_usdt,2025-02-04,usdt,1755179.0,3128922.0,3365343.0,coinmetrics_community
stable_usdt,2025-02-05,usdt,1662451.0,2944452.0,3164148.0,coinmetrics_community
stable_usdt,2025-02-06,usdt,1628341.0,2915378.0,3139264.0,coinmetrics_community
stable_usdt,2025-02-07,usdt,1658398.0,2973982.0,3215729.0,coinmetrics_community
stable_usdt,2025-02-08,usdt,1419792.0,2424962.0,2615958.0,coinmetrics_community
stable_usdt,2025-02-09,usdt,1535236.0,2426039.0,2670805.0,coinmetrics_community
stable_usdt,2025-02-10,usdt,1798281.0,3069868.0,3334098.0,coinmetrics_community
stable_usdt,2025-02-11,usdt,1772286.0,3002950.0,3252697.0,coinmetrics_community
stable_usdt,2025-02-12,usdt,1753607.0,2995032.0,3253579.0,coinmetrics_community
stable_usdt,2025-02-13,usdt,1679252.0,2891617.0,3123604.0,coinmetrics_community
stable_usdt,2025-02-14,usdt,1710600.0,2926250.0,3187107.0,coinmetrics_community
stable_usdt,2025-02-15,usdt,1440413.0,2440391.0,2630060.0,coinmetrics_community
stable_usdt,2025-02-16,usdt,1344282.0,2289473.0,2465865.0,coinmetrics_community
stable_usdt,2025-02-17,usdt,1660232.0,2917339.0,3151521.0,coinmetrics_community
stable_usdt,2025-02-18,usdt,1747979.0,3100136.0,3370127.0,coinmetrics_community
stable_usdt,2025-02-19,usdt,1605042.0,2831815.0,3035414.0,coinmetrics_community
stable_usdt,2025-02-20,usdt,1697865.0,2992610.0,3190577.0,coinmetrics_community
stable_usdt,2025-02-21,usdt,1674457.0,3026141.0,3246673.0,coinmetrics_community
stable_usdt,2025-02-22,usdt,1374290.0,2424636.0,2587743.0,coinmetrics_community
stable_usdt,2025-02-23,usdt,1286060.0,2204690.0,2456907.0,coinmetrics_community
stable_usdt,2025-02-24,usdt,1818963.0,3270463.0,4268694.0,coinmetrics_community
stable_usdt,2025-02-25,usdt,2061047.0,3722590.0,4872325.0,coinmetrics_community
stable_usdt,2025-02-26,usdt,1807456.0,3234734.0,4101417.0,coinmetrics_community
stable_usdt,2025-02-27,usdt,1752426.0,3140173.0,3740811.0,coinmetrics_community
stable_usdt,2025-02-28,usdt,1952850.0,3544128.0,4135401.0,coinmetrics_community
stable_usdt,2025-03-01,usdt,1544758.0,2715536.0,3160570.0,coinmetrics_community
stable_usdt,2025-03-02,usdt,1672647.0,2881266.0,3344333.0,coinmetrics_community
stable_usdt,2025-03-03,usdt,1926326.0,3601476.0,4073830.0,coinmetrics_community
stable_usdt,2025-03-04,usdt,1860438.0,3558340.0,3995820.0,coinmetrics_community
stable_usdt,2025-03-05,usdt,1727945.0,3182825.0,3593333.0,coinmetrics_community
stable_usdt,2025-03-06,usdt,1674923.0,3129557.0,3432647.0,coinmetrics_community
stable_usdt,2025-03-07,usdt,1712950.0,3234089.0,3550499.0,coinmetrics_community
stable_usdt,2025-03-08,usdt,1418158.0,2562885.0,2844998.0,coinmetrics_community
stable_usdt,2025-03-09,usdt,1433321.0,2623516.0,2888655.0,coinmetrics_community
stable_usdt,2025-03-10,usdt,1796817.0,3355851.0,3667165.0,coinmetrics_community
stable_usdt,2025-03-11,usdt,1768501.0,3276229.0,3580702.0,coinmetrics_community
stable_usdt,2025-03-12,usdt,1613612.0,3036244.0,3257882.0,coinmetrics_community
stable_usdt,2025-03-13,usdt,1575043.0,2964447.0,3175988.0,coinmetrics_community
stable_usdt,2025-03-14,usdt,1585136.0,2951350.0,3172628.0,coinmetrics_community
stable_usdt,2025-03-15,usdt,1384785.0,2555657.0,2747680.0,coinmetrics_community
stable_usdt,2025-03-16,usdt,1342175.0,2520712.0,2719568.0,coinmetrics_community
stable_usdt,2025-03-17,usdt,1547454.0,3000560.0,3215390.0,coinmetrics_community
stable_usdt,2025-03-18,usdt,1541366.0,3013076.0,3236417.0,coinmetrics_community
stable_usdt,2025-03-19,usdt,1534685.0,3039249.0,3293039.0,coinmetrics_community
stable_usdt,2025-03-20,usdt,1545007.0,3041894.0,3298790.0,coinmetrics_community
stable_usdt,2025-03-21,usdt,1481480.0,2964741.0,3206181.0,coinmetrics_community
stable_usdt,2025-03-22,usdt,1264619.0,2491815.0,2723347.0,coinmetrics_community
stable_usdt,2025-03-23,usdt,1249915.0,2440969.0,2690583.0,coinmetrics_community
stable_usdt,2025-03-24,usdt,1617236.0,3169400.0,3452136.0,coinmetrics_community
stable_usdt,2025-03-25,usdt,1590806.0,3162719.0,3462412.0,coinmetrics_community
stable_usdt,2025-03-26,usdt,1575422.0,3178575.0,3573236.0,coinmetrics_community
stable_usdt,2025-03-27,usdt,1602390.0,3232885.0,3646973.0,coinmetrics_community
stable_usdt,2025-03-28,usdt,1608164.0,3263051.0,3686056.0,coinmetrics_community
stable_usdt,2025-03-29,usdt,1411904.0,2909776.0,3374517.0,coinmetrics_community
stable_usdt,2025-03-30,usdt,1281557.0,2664190.0,3078416.0,coinmetrics_community
stable_usdt,2025-03-31,usdt,1611486.0,3331411.0,3752342.0,coinmetrics_community
stable_usdt,2025-04-01,usdt,1628798.0,3372163.0,3763270.0,coinmetrics_community
stable_usdt,2025-04-02,usdt,1625235.0,3339808.0,3699589.0,coinmetrics_community
stable_usdt,2025-04-03,usdt,1730835.0,3296754.0,3635044.0,coinmetrics_community
stable_usdt,2025-04-04,usdt,1565496.0,3135582.0,3459165.0,coinmetrics_community
stable_usdt,2025-04-05,usdt,1329522.0,2671034.0,2974168.0,coinmetrics_community
stable_usdt,2025-04-06,usdt,1472715.0,2807330.0,3118732.0,coinmetrics_community
stable_usdt,2025-04-07,usdt,1894180.0,3782373.0,4164723.0,coinmetrics_community
stable_usdt,2025-04-08,usdt,1689427.0,3369197.0,3737819.0,coinmetrics_community
stable_usdt,2025-04-09,usdt,1735287.0,3479631.0,3850084.0,coinmetrics_community
stable_usdt,2025-04-10,usdt,1666095.0,3310584.0,3648967.0,coinmetrics_community
stable_usdt,2025-04-11,usdt,1636424.0,3330275.0,3686400.0,coinmetrics_community
stable_usdt,2025-04-12,usdt,1419632.0,2939369.0,3318763.0,coinmetrics_community
stable_usdt,2025-04-13,usdt,1356683.0,2859340.0,3235245.0,coinmetrics_community
stable_usdt,2025-04-14,usdt,1614461.0,3505007.0,3959803.0,coinmetrics_community
stable_usdt,2025-04-15,usdt,1711542.0,3538663.0,3906124.0,coinmetrics_community
stable_usdt,2025-04-16,usdt,1686503.0,3508091.0,3863831.0,coinmetrics_community
stable_usdt,2025-04-17,usdt,1619529.0,3327664.0,3704190.0,coinmetrics_community
stable_usdt,2025-04-18,usdt,1523059.0,3037817.0,3401498.0,coinmetrics_community
stable_usdt,2025-04-19,usdt,1411227.0,2747942.0,3125167.0,coinmetrics_community
stable_usdt,2025-04-20,usdt,1327250.0,2629418.0,2954344.0,coinmetrics_community
stable_usdt,2025-04-21,usdt,1611384.0,3291538.0,3703332.0,coinmetrics_community
stable_usdt,2025-04-22,usdt,1681724.0,3384221.0,3782892.0,coinmetrics_community
stable_usdt,2025-04-23,usdt,1697642.0,3355410.0,3768664.0,coinmetrics_community
stable_usdt,2025-04-24,usdt,1677239.0,3153193.0,3546998.0,coinmetrics_community
stable_usdt,2025-04-25,usdt,1685860.0,3504706.0,4014455.0,coinmetrics_community
stable_usdt,2025-04-26,usdt,1420785.0,2928072.0,3348117.0,coinmetrics_community
stable_usdt,2025-04-27,usdt,1387850.0,2981582.0,3440183.0,coinmetrics_community
stable_usdt,2025-04-28,usdt,1709387.0,3757312.0,4313728.0,coinmetrics_community
stable_usdt,2025-04-29,usdt,1702966.0,3816142.0,4397069.0,coinmetrics_community
stable_usdt,2025-04-30,usdt,1756699.0,3854296.0,4371023.0,coinmetrics_community
stable_usdt,2025-05-01,usdt,1656796.0,3410487.0,3849921.0,coinmetrics_community
stable_usdt,2025-05-02,usdt,1563951.0,3284857.0,3665456.0,coinmetrics_community
stable_usdt,2025-05-03,usdt,1409512.0,2967817.0,3319974.0,coinmetrics_community
stable_usdt,2025-05-04,usdt,1368261.0,2906358.0,3247924.0,coinmetrics_community
stable_usdt,2025-05-05,usdt,1634294.0,3539278.0,3963569.0,coinmetrics_community
stable_usdt,2025-05-06,usdt,1701888.0,3599195.0,4007408.0,coinmetrics_community
stable_usdt,2025-05-07,usdt,1706437.0,3584172.0,3982950.0,coinmetrics_community
stable_usdt,2025-05-08,usdt,1839256.0,3658338.0,4038583.0,coinmetrics_community
stable_usdt,2025-05-09,usdt,1821619.0,3625998.0,4009990.0,coinmetrics_community
stable_usdt,2025-05-10,usdt,1549933.0,3026366.0,3332096.0,coinmetrics_community
stable_usdt,2025-05-11,usdt,1510624.0,2923195.0,3203374.0,coinmetrics_community
stable_usdt,2025-05-12,usdt,1852216.0,3657340.0,3983503.0,coinmetrics_community
stable_usdt,2025-05-13,usdt,1464620.0,2561046.0,2891197.0,coinmetrics_community
stable_usdt,2025-05-14,usdt,1786047.0,3487123.0,3784176.0,coinmetrics_community
stable_usdt,2025-05-15,usdt,1913267.0,3719125.0,4055617.0,coinmetrics_community
stable_usdt,2025-05-16,usdt,1757712.0,3390300.0,3686270.0,coinmetrics_community
stable_usdt,2025-05-17,usdt,1551140.0,2901858.0,3178239.0,coinmetrics_community
stable_usdt,2025-05-18,usdt,1508338.0,2832781.0,3132102.0,coinmetrics_community
stable_usdt,2025-05-19,usdt,1746568.0,3394274.0,3698559.0,coinmetrics_community
stable_usdt,2025-05-20,usdt,1738563.0,3347257.0,3646816.0,coinmetrics_community
stable_usdt,2025-05-21,usdt,1808896.0,3409820.0,3729394.0,coinmetrics_community
stable_usdt,2025-05-22,usdt,1876137.0,3413595.0,3704318.0,coinmetrics_community
stable_usdt,2025-05-23,usdt,1891689.0,3539565.0,3870270.0,coinmetrics_community
stable_usdt,2025-05-24,usdt,1536810.0,2734679.0,2946841.0,coinmetrics_community
stable_usdt,2025-05-25,usdt,1494350.0,2688702.0,2893481.0,coinmetrics_community
stable_usdt,2025-05-26,usdt,1728008.0,3137966.0,3355013.0,coinmetrics_community
stable_usdt,2025-05-27,usdt,1742597.0,3223365.0,3466338.0,coinmetrics_community
stable_usdt,2025-05-28,usdt,1741918.0,3199091.0,3443060.0,coinmetrics_community
stable_usdt,2025-05-29,usdt,1726340.0,3208439.0,3457036.0,coinmetrics_community
stable_usdt,2025-05-30,usdt,1770554.0,3388672.0,3663800.0,coinmetrics_community
stable_usdt,2025-05-31,usdt,1580535.0,2867950.0,3085655.0,coinmetrics_community
stable_usdt,2025-06-01,usdt,1519803.0,2737031.0,2970482.0,coinmetrics_community
stable_usdt,2025-06-02,usdt,1744863.0,3213682.0,3450292.0,coinmetrics_community
stable_usdt,2025-06-03,usdt,1778774.0,3281914.0,3540100.0,coinmetrics_community
stable_usdt,2025-06-04,usdt,1736429.0,3176295.0,3427353.0,coinmetrics_community
stable_usdt,2025-06-05,usdt,1799862.0,3318564.0,3610870.0,coinmetrics_community
stable_usdt,2025-06-06,usdt,1649254.0,3018591.0,3287857.0,coinmetrics_community
stable_usdt,2025-06-07,usdt,1443479.0,2513661.0,2734254.0,coinmetrics_community
stable_usdt,2025-06-08,usdt,1417497.0,2449817.0,2672378.0,coinmetrics_community
stable_usdt,2025-06-09,usdt,1698020.0,3106195.0,3363627.0,coinmetrics_community
stable_usdt,2025-06-10,usdt,1824839.0,3385867.0,3666840.0,coinmetrics_community
stable_usdt,2025-06-11,usdt,1805029.0,3322562.0,3611272.0,coinmetrics_community
stable_usdt,2025-06-12,usdt,1738388.0,3197884.0,3445182.0,coinmetrics_community
stable_usdt,2025-06-13,usdt,1780459.0,3321176.0,3605849.0,coinmetrics_community
stable_usdt,2025-06-14,usdt,1479590.0,2692492.0,2923160.0,coinmetrics_community
stable_usdt,2025-06-15,usdt,1504551.0,2744285.0,2981122.0,coinmetrics_community
stable_usdt,2025-06-16,usdt,1789157.0,3330669.0,3562518.0,coinmetrics_community
stable_usdt,2025-06-17,usdt,1809775.0,3353461.0,3598660.0,coinmetrics_community
stable_usdt,2025-06-18,usdt,1826114.0,3258503.0,3497170.0,coinmetrics_community
stable_usdt,2025-06-19,usdt,1618997.0,2942010.0,3179189.0,coinmetrics_community
stable_usdt,2025-06-20,usdt,1634102.0,3036104.0,3279336.0,coinmetrics_community
stable_usdt,2025-06-21,usdt,1479128.0,2685800.0,2910700.0,coinmetrics_community
stable_usdt,2025-06-22,usdt,1514638.0,2848601.0,3117784.0,coinmetrics_community
stable_usdt,2025-06-23,usdt,1707360.0,3258526.0,3519696.0,coinmetrics_community
stable_usdt,2025-06-24,usdt,1674303.0,3113032.0,3369933.0,coinmetrics_community
stable_usdt,2025-06-25,usdt,1660399.0,3034871.0,3260227.0,coinmetrics_community
stable_usdt,2025-06-26,usdt,1640653.0,3028957.0,3254951.0,coinmetrics_community
stable_usdt,2025-06-27,usdt,1689901.0,3021223.0,3274548.0,coinmetrics_community
stable_usdt,2025-06-28,usdt,1534819.0,2601172.0,2822710.0,coinmetrics_community
stable_usdt,2025-06-29,usdt,1459155.0,2500296.0,2713452.0,coinmetrics_community
stable_usdt,2025-06-30,usdt,1802063.0,3245038.0,3481427.0,coinmetrics_community
stable_usdt,2025-07-01,usdt,1894907.0,3351522.0,3575391.0,coinmetrics_community
stable_usdt,2025-07-02,usdt,1847602.0,3352214.0,3622388.0,coinmetrics_community
stable_usdt,2025-07-03,usdt,1974839.0,3306491.0,3556310.0,coinmetrics_community
stable_usdt,2025-07-04,usdt,1691802.0,3098156.0,3309626.0,coinmetrics_community
stable_usdt,2025-07-05,usdt,1496404.0,2673241.0,2871374.0,coinmetrics_community
stable_usdt,2025-07-06,usdt,1471437.0,2567119.0,2762086.0,coinmetrics_community
stable_usdt,2025-07-07,usdt,1856342.0,3277137.0,3511976.0,coinmetrics_community
stable_usdt,2025-07-08,usdt,1741233.0,3158439.0,3390389.0,coinmetrics_community
stable_usdt,2025-07-09,usdt,1776901.0,3186317.0,3425617.0,coinmetrics_community
stable_usdt,2025-07-10,usdt,1938590.0,3412659.0,3705703.0,coinmetrics_community
stable_usdt,2025-07-11,usdt,1920186.0,3471179.0,3784433.0,coinmetrics_community
stable_usdt,2025-07-12,usdt,1598564.0,2812903.0,3079487.0,coinmetrics_community
stable_usdt,2025-07-13,usdt,1487888.0,2669271.0,2934605.0,coinmetrics_community
stable_usdt,2025-07-14,usdt,1853635.0,3412888.0,3717610.0,coinmetrics_community
stable_usdt,2025-07-15,usdt,1851064.0,3499247.0,3800461.0,coinmetrics_community
stable_usdt,2025-07-16,usdt,1907277.0,3456501.0,3785808.0,coinmetrics_community
stable_usdt,2025-07-17,usdt,1976481.0,3534281.0,3925714.0,coinmetrics_community
stable_usdt,2025-07-18,usdt,2118944.0,3708949.0,4112265.0,coinmetrics_community
stable_usdt,2025-07-19,usdt,2001532.0,3204112.0,3579975.0,coinmetrics_community
stable_usdt,2025-07-20,usdt,1789357.0,3009185.0,3363438.0,coinmetrics_community
stable_usdt,2025-07-21,usdt,1952729.0,3563545.0,3938277.0,coinmetrics_community
stable_usdt,2025-07-22,usdt,1981697.0,3679271.0,4077497.0,coinmetrics_community
stable_usdt,2025-07-23,usdt,1930133.0,3514227.0,3885502.0,coinmetrics_community
stable_usdt,2025-07-24,usdt,1941642.0,3495341.0,3891710.0,coinmetrics_community
stable_usdt,2025-07-25,usdt,1789757.0,3341704.0,3662122.0,coinmetrics_community
stable_usdt,2025-07-26,usdt,1547696.0,2735636.0,2974876.0,coinmetrics_community
stable_usdt,2025-07-27,usdt,1600516.0,2747652.0,3006425.0,coinmetrics_community
stable_usdt,2025-07-28,usdt,1861197.0,3400263.0,3717409.0,coinmetrics_community
stable_usdt,2025-07-29,usdt,1766371.0,3233873.0,3507524.0,coinmetrics_community
stable_usdt,2025-07-30,usdt,1787123.0,3332682.0,3628287.0,coinmetrics_community
stable_usdt,2025-07-31,usdt,1840213.0,3404703.0,3692396.0,coinmetrics_community
stable_usdt,2025-08-01,usdt,1931357.0,3662344.0,3969611.0,coinmetrics_community
stable_usdt,2025-08-02,usdt,1578033.0,2902216.0,3151210.0,coinmetrics_community
stable_usdt,2025-08-03,usdt,1508504.0,2713582.0,2939348.0,coinmetrics_community
stable_usdt,2025-08-04,usdt,1810737.0,3364716.0,3641269.0,coinmetrics_community
stable_usdt,2025-08-05,usdt,1807770.0,3422367.0,3701975.0,coinmetrics_community
stable_usdt,2025-08-06,usdt,1758521.0,3311503.0,3598634.0,coinmetrics_community
stable_usdt,2025-08-07,usdt,1767417.0,3300244.0,3604612.0,coinmetrics_community
stable_usdt,2025-08-08,usdt,1795082.0,3348977.0,3639605.0,coinmetrics_community
stable_usdt,2025-08-09,usdt,1589120.0,2905842.0,3181142.0,coinmetrics_community
stable_usdt,2025-08-10,usdt,1539900.0,2900885.0,3175322.0,coinmetrics_community
stable_usdt,2025-08-11,usdt,1899003.0,3543638.0,3854306.0,coinmetrics_community
stable_usdt,2025-08-12,usdt,1886192.0,3507959.0,3839480.0,coinmetrics_community
stable_usdt,2025-08-13,usdt,1892282.0,3507271.0,3837603.0,coinmetrics_community
stable_usdt,2025-08-14,usdt,1984252.0,3707633.0,4067816.0,coinmetrics_community
stable_usdt,2025-08-15,usdt,1907972.0,3502345.0,3857677.0,coinmetrics_community
stable_usdt,2025-08-16,usdt,1585499.0,2911295.0,3195026.0,coinmetrics_community
stable_usdt,2025-08-17,usdt,1480628.0,2737293.0,3008522.0,coinmetrics_community
stable_usdt,2025-08-18,usdt,1812387.0,3417213.0,3782572.0,coinmetrics_community
stable_usdt,2025-08-19,usdt,1787636.0,3334430.0,3624968.0,coinmetrics_community
stable_usdt,2025-08-20,usdt,1798036.0,3324241.0,3600482.0,coinmetrics_community
stable_usdt,2025-08-21,usdt,1754010.0,3185086.0,3481765.0,coinmetrics_community
stable_usdt,2025-08-22,usdt,1771072.0,3270052.0,3571217.0,coinmetrics_community
stable_usdt,2025-08-23,usdt,1566709.0,2783213.0,3066153.0,coinmetrics_community
stable_usdt,2025-08-24,usdt,1529444.0,2829720.0,3149830.0,coinmetrics_community
stable_usdt,2025-08-25,usdt,1792154.0,3457916.0,3782755.0,coinmetrics_community
stable_usdt,2025-08-26,usdt,1766282.0,3295357.0,3612289.0,coinmetrics_community
stable_usdt,2025-08-27,usdt,1753003.0,3291518.0,3605929.0,coinmetrics_community
stable_usdt,2025-08-28,usdt,1822417.0,3355164.0,3699041.0,coinmetrics_community
stable_usdt,2025-08-29,usdt,1820611.0,3505061.0,3867536.0,coinmetrics_community
stable_usdt,2025-08-30,usdt,1488511.0,2746153.0,2987924.0,coinmetrics_community
stable_usdt,2025-08-31,usdt,1483103.0,2740017.0,3030720.0,coinmetrics_community
stable_usdt,2025-09-01,usdt,1833463.0,3499125.0,3828667.0,coinmetrics_community
stable_usdt,2025-09-02,usdt,1837606.0,3479621.0,3804651.0,coinmetrics_community
stable_usdt,2025-09-03,usdt,1789438.0,3350949.0,3736896.0,coinmetrics_community
stable_usdt,2025-09-04,usdt,1760817.0,3357694.0,3738177.0,coinmetrics_community
stable_usdt,2025-09-05,usdt,1793899.0,3565206.0,4053716.0,coinmetrics_community
stable_usdt,2025-09-06,usdt,1389563.0,2615376.0,2852826.0,coinmetrics_community
stable_usdt,2025-09-07,usdt,1356741.0,2514990.0,2752230.0,coinmetrics_community
stable_usdt,2025-09-08,usdt,1753637.0,3308385.0,3578838.0,coinmetrics_community
stable_usdt,2025-09-09,usdt,1795211.0,3354189.0,3622452.0,coinmetrics_community
stable_usdt,2025-09-10,usdt,1791929.0,3330953.0,3617037.0,coinmetrics_community
stable_usdt,2025-09-11,usdt,1771566.0,3313601.0,3591887.0,coinmetrics_community
stable_usdt,2025-09-12,usdt,1870632.0,3350626.0,3633960.0,coinmetrics_community
stable_usdt,2025-09-13,usdt,1703060.0,2914517.0,3215788.0,coinmetrics_community
stable_usdt,2025-09-14,usdt,1650119.0,2910548.0,3203126.0,coinmetrics_community
stable_usdt,2025-09-15,usdt,1907554.0,3577872.0,3880450.0,coinmetrics_community
stable_usdt,2025-09-16,usdt,1879562.0,3439737.0,3728616.0,coinmetrics_community
stable_usdt,2025-09-17,usdt,1851293.0,3465793.0,3768242.0,coinmetrics_community
stable_usdt,2025-09-18,usdt,1859929.0,3334119.0,3626901.0,coinmetrics_community
stable_usdt,2025-09-19,usdt,1836430.0,3290228.0,3568518.0,coinmetrics_community
stable_usdt,2025-09-20,usdt,1601172.0,2972127.0,3271570.0,coinmetrics_community
stable_usdt,2025-09-21,usdt,1544595.0,3013552.0,3278264.0,coinmetrics_community
stable_usdt,2025-09-22,usdt,1866731.0,3557026.0,3887657.0,coinmetrics_community
stable_usdt,2025-09-23,usdt,1865334.0,3470639.0,3778336.0,coinmetrics_community
stable_usdt,2025-09-24,usdt,1814217.0,3334399.0,3625359.0,coinmetrics_community
stable_usdt,2025-09-25,usdt,1969953.0,3729620.0,4119044.0,coinmetrics_community
stable_usdt,2025-09-26,usdt,1865388.0,3510025.0,3855949.0,coinmetrics_community
stable_usdt,2025-09-27,usdt,1478700.0,2794758.0,3067730.0,coinmetrics_community
stable_usdt,2025-09-28,usdt,1458963.0,2743738.0,3058569.0,coinmetrics_community
stable_usdt,2025-09-29,usdt,1749328.0,3362737.0,3683676.0,coinmetrics_community
stable_usdt,2025-09-30,usdt,1875734.0,3592588.0,3883679.0,coinmetrics_community
stable_usdt,2025-10-01,usdt,1958536.0,3571378.0,3868588.0,coinmetrics_community
stable_usdt,2025-10-02,usdt,1869705.0,3484777.0,3770862.0,coinmetrics_community
stable_usdt,2025-10-03,usdt,1836721.0,3383956.0,3672862.0,coinmetrics_community
stable_usdt,2025-10-04,usdt,1501673.0,2744669.0,2962975.0,coinmetrics_community
stable_usdt,2025-10-05,usdt,1499075.0,2786846.0,3047075.0,coinmetrics_community
stable_usdt,2025-10-06,usdt,1785648.0,3268496.0,3528110.0,coinmetrics_community
stable_usdt,2025-10-07,usdt,1847448.0,3412619.0,3697352.0,coinmetrics_community
stable_usdt,2025-10-08,usdt,1827394.0,3406899.0,3704763.0,coinmetrics_community
stable_usdt,2025-10-09,usdt,1874319.0,3524832.0,3838656.0,coinmetrics_community
stable_usdt,2025-10-10,usdt,2157796.0,3949211.0,4346106.0,coinmetrics_community
stable_usdt,2025-10-11,usdt,1875887.0,3620580.0,4031906.0,coinmetrics_community
stable_usdt,2025-10-12,usdt,1668832.0,3208052.0,3597313.0,coinmetrics_community
stable_usdt,2025-10-13,usdt,1855695.0,3659761.0,4052855.0,coinmetrics_community
stable_usdt,2025-10-14,usdt,1949478.0,3882135.0,4276133.0,coinmetrics_community
stable_usdt,2025-10-15,usdt,1965204.0,3872123.0,4283784.0,coinmetrics_community
stable_usdt,2025-10-16,usdt,1899578.0,3808587.0,4247297.0,coinmetrics_community
stable_usdt,2025-10-17,usdt,1991520.0,3844719.0,4290159.0,coinmetrics_community
stable_usdt,2025-10-18,usdt,1588030.0,2994706.0,3336613.0,coinmetrics_community
stable_usdt,2025-10-19,usdt,1519022.0,2880654.0,3213384.0,coinmetrics_community
stable_usdt,2025-10-20,usdt,1830820.0,3514126.0,3878480.0,coinmetrics_community
stable_usdt,2025-10-21,usdt,1855749.0,3727030.0,4168331.0,coinmetrics_community
stable_usdt,2025-10-22,usdt,1809230.0,3740950.0,4276015.0,coinmetrics_community
stable_usdt,2025-10-23,usdt,1890308.0,3761559.0,4444438.0,coinmetrics_community
stable_usdt,2025-10-24,usdt,1839988.0,3723992.0,4362423.0,coinmetrics_community
stable_usdt,2025-10-25,usdt,1567557.0,3143430.0,3665351.0,coinmetrics_community
stable_usdt,2025-10-26,usdt,1591287.0,3058270.0,3560813.0,coinmetrics_community
stable_usdt,2025-10-27,usdt,1939149.0,3759744.0,4223818.0,coinmetrics_community
stable_usdt,2025-10-28,usdt,2007623.0,3947473.0,4473685.0,coinmetrics_community
stable_usdt,2025-10-29,usdt,1979098.0,3902358.0,4418697.0,coinmetrics_community
stable_usdt,2025-10-30,usdt,2071255.0,4101964.0,4685706.0,coinmetrics_community
stable_usdt,2025-10-31,usdt,2018827.0,3910663.0,4355723.0,coinmetrics_community
stable_usdt,2025-11-01,usdt,1783007.0,3478190.0,3868574.0,coinmetrics_community
stable_usdt,2025-11-02,usdt,1595038.0,3083607.0,3468284.0,coinmetrics_community
stable_usdt,2025-11-03,usdt,2048856.0,4026125.0,4509667.0,coinmetrics_community
stable_usdt,2025-11-04,usdt,2199902.0,4333694.0,4859250.0,coinmetrics_community
stable_usdt,2025-11-05,usdt,2124067.0,4104451.0,4597582.0,coinmetrics_community
stable_usdt,2025-11-06,usdt,2001399.0,3909961.0,4346349.0,coinmetrics_community
stable_usdt,2025-11-07,usdt,2025247.0,3977251.0,4437180.0,coinmetrics_community
stable_usdt,2025-11-08,usdt,1783751.0,3244732.0,3637691.0,coinmetrics_community
stable_usdt,2025-11-09,usdt,1666992.0,3166988.0,3560337.0,coinmetrics_community
stable_usdt,2025-11-10,usdt,2066602.0,3955000.0,4397637.0,coinmetrics_community
stable_usdt,2025-11-11,usdt,2095336.0,3971377.0,4417093.0,coinmetrics_community
stable_usdt,2025-11-12,usdt,1985191.0,3786516.0,4230756.0,coinmetrics_community
stable_usdt,2025-11-13,usdt,1997209.0,3939657.0,4442859.0,coinmetrics_community
stable_usdt,2025-11-14,usdt,2100861.0,4105880.0,4622496.0,coinmetrics_community
stable_usdt,2025-11-15,usdt,1768471.0,3358238.0,3773416.0,coinmetrics_community
stable_usdt,2025-11-16,usdt,1692998.0,3290303.0,3747048.0,coinmetrics_community
stable_usdt,2025-11-17,usdt,2012910.0,3937600.0,4439330.0,coinmetrics_community
stable_usdt,2025-11-18,usdt,2035290.0,3746372.0,4250465.0,coinmetrics_community
stable_usdt,2025-11-19,usdt,1995515.0,3810332.0,4312762.0,coinmetrics_community
stable_usdt,2025-11-20,usdt,1980162.0,3872390.0,4394828.0,coinmetrics_community
stable_usdt,2025-11-21,usdt,2074341.0,4073816.0,4680085.0,coinmetrics_community
stable_usdt,2025-11-22,usdt,1696310.0,3286925.0,3793781.0,coinmetrics_community
stable_usdt,2025-11-23,usdt,1647835.0,3156514.0,3647532.0,coinmetrics_community
stable_usdt,2025-11-24,usdt,1926822.0,3733459.0,4265064.0,coinmetrics_community
stable_usdt,2025-11-25,usdt,1943216.0,3811123.0,4351855.0,coinmetrics_community
stable_usdt,2025-11-26,usdt,1935973.0,3717565.0,4271275.0,coinmetrics_community
stable_usdt,2025-11-27,usdt,1973032.0,3702750.0,4232228.0,coinmetrics_community
stable_usdt,2025-11-28,usdt,1982206.0,3846617.0,4388920.0,coinmetrics_community
stable_usdt,2025-11-29,usdt,1679312.0,3255174.0,3702598.0,coinmetrics_community
stable_usdt,2025-11-30,usdt,1696123.0,3248358.0,3695481.0,coinmetrics_community
stable_usdt,2025-12-01,usdt,2173808.0,4260298.0,4813296.0,coinmetrics_community
stable_usdt,2025-12-02,usdt,2125212.0,4123296.0,4690924.0,coinmetrics_community
stable_usdt,2025-12-03,usdt,2054835.0,4082368.0,4715596.0,coinmetrics_community
stable_usdt,2025-12-04,usdt,1974454.0,3897532.0,4473881.0,coinmetrics_community
stable_usdt,2025-12-05,usdt,1993473.0,3913849.0,4500118.0,coinmetrics_community
stable_usdt,2025-12-06,usdt,1716012.0,3308423.0,3806186.0,coinmetrics_community
stable_usdt,2025-12-07,usdt,1620962.0,3156443.0,3632079.0,coinmetrics_community
stable_usdt,2025-12-08,usdt,2007659.0,3914113.0,4467753.0,coinmetrics_community
stable_usdt,2025-12-09,usdt,2022093.0,4043029.0,4671530.0,coinmetrics_community
stable_usdt,2025-12-10,usdt,1982550.0,4091043.0,4762130.0,coinmetrics_community
stable_usdt,2025-12-11,usdt,2000901.0,3965699.0,4661557.0,coinmetrics_community
stable_usdt,2025-12-12,usdt,1949588.0,3791734.0,4246793.0,coinmetrics_community
stable_usdt,2025-12-13,usdt,1722285.0,3112093.0,3405384.0,coinmetrics_community
stable_usdt,2025-12-14,usdt,1681855.0,3034106.0,3366526.0,coinmetrics_community
stable_usdt,2025-12-15,usdt,2123167.0,4128430.0,4577523.0,coinmetrics_community
stable_usdt,2025-12-16,usdt,2084080.0,3983808.0,4417720.0,coinmetrics_community
stable_usdt,2025-12-17,usdt,2062386.0,3882921.0,4350668.0,coinmetrics_community
stable_usdt,2025-12-18,usdt,2013433.0,3872170.0,4345878.0,coinmetrics_community
stable_usdt,2025-12-19,usdt,1942778.0,3702069.0,4133625.0,coinmetrics_community
stable_usdt,2025-12-20,usdt,1619396.0,3215145.0,3671020.0,coinmetrics_community
stable_usdt,2025-12-21,usdt,1534099.0,3086750.0,3688685.0,coinmetrics_community
stable_usdt,2025-12-22,usdt,1939132.0,3783193.0,4299507.0,coinmetrics_community
stable_usdt,2025-12-23,usdt,1987084.0,3720777.0,4435591.0,coinmetrics_community
stable_usdt,2025-12-24,usdt,1853558.0,3487061.0,4277763.0,coinmetrics_community
stable_usdt,2025-12-25,usdt,1591679.0,3105207.0,4097621.0,coinmetrics_community
stable_usdt,2025-12-26,usdt,1796084.0,3505296.0,4552036.0,coinmetrics_community
stable_usdt,2025-12-27,usdt,1604551.0,3109657.0,4214063.0,coinmetrics_community
stable_usdt,2025-12-28,usdt,1546164.0,2865076.0,3621545.0,coinmetrics_community
stable_usdt,2025-12-29,usdt,1938718.0,3774437.0,4829798.0,coinmetrics_community
stable_usdt,2025-12-30,usdt,1947282.0,3675505.0,4535612.0,coinmetrics_community
stable_usdt,2025-12-31,usdt,1831735.0,3496998.0,4506926.0,coinmetrics_community
stable_usdt,2026-01-01,usdt,1522995.0,2913841.0,4017143.0,coinmetrics_community
stable_usdt,2026-01-02,usdt,1896339.0,3413237.0,4446016.0,coinmetrics_community
stable_usdt,2026-01-03,usdt,1671286.0,3094788.0,4311489.0,coinmetrics_community
stable_usdt,2026-01-04,usdt,1656439.0,3077095.0,4186098.0,coinmetrics_community
stable_usdt,2026-01-05,usdt,2020056.0,3836630.0,4778284.0,coinmetrics_community
stable_usdt,2026-01-06,usdt,2195682.0,3922157.0,4923981.0,coinmetrics_community
stable_usdt,2026-01-07,usdt,1996078.0,3759091.0,4779066.0,coinmetrics_community
stable_usdt,2026-01-08,usdt,2455095.0,3990312.0,4693051.0,coinmetrics_community
stable_usdt,2026-01-09,usdt,1917517.0,3697550.0,4300295.0,coinmetrics_community
stable_usdt,2026-01-10,usdt,1595169.0,3104413.0,3615705.0,coinmetrics_community
stable_usdt,2026-01-11,usdt,1556983.0,2985029.0,3472037.0,coinmetrics_community
stable_usdt,2026-01-12,usdt,1967394.0,3884895.0,4534822.0,coinmetrics_community
stable_usdt,2026-01-13,usdt,1989047.0,3897620.0,4564397.0,coinmetrics_community
stable_usdt,2026-01-14,usdt,2035350.0,4028773.0,4717923.0,coinmetrics_community
stable_usdt,2026-01-15,usdt,2079080.0,4394919.0,5046874.0,coinmetrics_community
stable_usdt,2026-01-16,usdt,1958882.0,4149649.0,4759200.0,coinmetrics_community
stable_usdt,2026-01-17,usdt,1633439.0,3426036.0,3956736.0,coinmetrics_community
stable_usdt,2026-01-18,usdt,1556267.0,3192055.0,3680998.0,coinmetrics_community
stable_usdt,2026-01-19,usdt,1959240.0,4002032.0,4596666.0,coinmetrics_community
stable_usdt,2026-01-20,usdt,2094466.0,4284805.0,4962957.0,coinmetrics_community
stable_usdt,2026-01-21,usdt,2079246.0,4320390.0,5059165.0,coinmetrics_community
stable_usdt,2026-01-22,usdt,2036730.0,4265343.0,4952646.0,coinmetrics_community
stable_usdt,2026-01-23,usdt,1965443.0,3958255.0,4559072.0,coinmetrics_community
stable_usdt,2026-01-24,usdt,1738547.0,3335977.0,3855445.0,coinmetrics_community
stable_usdt,2026-01-25,usdt,1764279.0,3368518.0,3867564.0,coinmetrics_community
stable_usdt,2026-01-26,usdt,2075063.0,4121471.0,4712930.0,coinmetrics_community
stable_usdt,2026-01-27,usdt,2179893.0,4168259.0,4708351.0,coinmetrics_community
stable_usdt,2026-01-28,usdt,2147487.0,4282202.0,4874418.0,coinmetrics_community
stable_usdt,2026-01-29,usdt,2227099.0,4345756.0,4913504.0,coinmetrics_community
stable_usdt,2026-01-30,usdt,2259438.0,4439011.0,5033206.0,coinmetrics_community
stable_usdt,2026-01-31,usdt,2090497.0,3983425.0,4554304.0,coinmetrics_community
stable_usdt,2026-02-01,usdt,2048801.0,3866815.0,4386360.0,coinmetrics_community
stable_usdt,2026-02-02,usdt,2283224.0,4501159.0,5047031.0,coinmetrics_community
stable_usdt,2026-02-03,usdt,2345524.0,4436559.0,4974380.0,coinmetrics_community
stable_usdt,2026-02-04,usdt,2527820.0,4628624.0,5138131.0,coinmetrics_community
stable_usdt,2026-02-05,usdt,2810845.0,5188667.0,5872727.0,coinmetrics_community
stable_usdt,2026-02-06,usdt,2518794.0,4809062.0,5476025.0,coinmetrics_community
stable_usdt,2026-02-07,usdt,1894752.0,3547774.0,4022520.0,coinmetrics_community
stable_usdt,2026-02-08,usdt,1817669.0,3502393.0,3992542.0,coinmetrics_community
stable_usdt,2026-02-09,usdt,2102913.0,4152809.0,4646931.0,coinmetrics_community
stable_usdt,2026-02-10,usdt,2065514.0,4078859.0,4541487.0,coinmetrics_community
stable_usdt,2026-02-11,usdt,2042874.0,4059347.0,4539077.0,coinmetrics_community
stable_usdt,2026-02-12,usdt,1975227.0,3885909.0,4349871.0,coinmetrics_community
stable_usdt,2026-02-13,usdt,2009027.0,3955219.0,4452818.0,coinmetrics_community
stable_usdt,2026-02-14,usdt,1732320.0,3326070.0,3757878.0,coinmetrics_community
stable_usdt,2026-02-15,usdt,1698526.0,3381874.0,3864143.0,coinmetrics_community
stable_usdt,2026-02-16,usdt,1839776.0,3561804.0,4060976.0,coinmetrics_community
stable_usdt,2026-02-17,usdt,1769856.0,3387011.0,3877001.0,coinmetrics_community
stable_usdt,2026-02-18,usdt,1713749.0,3272838.0,3727650.0,coinmetrics_community
stable_usdt,2026-02-19,usdt,1727949.0,3221448.0,3665832.0,coinmetrics_community
stable_usdt,2026-02-20,usdt,1715541.0,3270492.0,3703243.0,coinmetrics_community
stable_usdt,2026-02-21,usdt,1533895.0,2767981.0,3137181.0,coinmetrics_community
stable_usdt,2026-02-22,usdt,1497593.0,2702710.0,3082107.0,coinmetrics_community
stable_usdt,2026-02-23,usdt,1856062.0,3638151.0,4168933.0,coinmetrics_community
stable_usdt,2026-02-24,usdt,1906855.0,3779378.0,4329749.0,coinmetrics_community
stable_usdt,2026-02-25,usdt,1924032.0,3897949.0,4388210.0,coinmetrics_community
stable_usdt,2026-02-26,usdt,1911924.0,3807429.0,4328457.0,coinmetrics_community
stable_usdt,2026-02-27,usdt,1938875.0,3768365.0,4348571.0,coinmetrics_community
stable_usdt,2026-02-28,usdt,1817082.0,3497456.0,4048849.0,coinmetrics_community
stable_usdt,2026-03-01,usdt,1753615.0,3463066.0,3996004.0,coinmetrics_community
stable_usdt,2026-03-02,usdt,2063941.0,4269865.0,4872367.0,coinmetrics_community
stable_usdt,2026-03-03,usdt,2039026.0,4136379.0,4728419.0,coinmetrics_community
stable_usdt,2026-03-04,usdt,2057432.0,4076920.0,4635735.0,coinmetrics_community
stable_usdt,2026-03-05,usdt,2046796.0,4079756.0,4633803.0,coinmetrics_community
stable_usdt,2026-03-06,usdt,2061828.0,4065030.0,4725827.0,coinmetrics_community
stable_usdt,2026-03-07,usdt,1647900.0,3343571.0,3848275.0,coinmetrics_community
stable_usdt,2026-03-08,usdt,1623626.0,3306608.0,3769411.0,coinmetrics_community
stable_usdt,2026-03-09,usdt,1970878.0,4108238.0,4666550.0,coinmetrics_community
stable_usdt,2026-03-10,usdt,2086152.0,4310234.0,4885347.0,coinmetrics_community
stable_usdt,2026-03-11,usdt,2006936.0,4077179.0,4724898.0,coinmetrics_community
stable_usdt,2026-03-12,usdt,1905131.0,4004264.0,4560812.0,coinmetrics_community
stable_usdt,2026-03-13,usdt,1985273.0,4102495.0,4636103.0,coinmetrics_community
stable_usdt,2026-03-14,usdt,1708343.0,3350705.0,3835125.0,coinmetrics_community
stable_usdt,2026-03-15,usdt,1733418.0,3465831.0,4047260.0,coinmetrics_community
stable_usdt,2026-03-16,usdt,2015970.0,4249370.0,4834251.0,coinmetrics_community
stable_usdt,2026-03-17,usdt,1992779.0,4244916.0,4829074.0,coinmetrics_community
stable_usdt,2026-03-18,usdt,1984550.0,4256297.0,4867619.0,coinmetrics_community
stable_usdt,2026-03-19,usdt,2001764.0,4367560.0,4965137.0,coinmetrics_community
stable_usdt,2026-03-20,usdt,1977399.0,4272648.0,4918875.0,coinmetrics_community
stable_usdt,2026-03-21,usdt,1666839.0,3523844.0,4062288.0,coinmetrics_community
stable_usdt,2026-03-22,usdt,1601601.0,3667895.0,4242815.0,coinmetrics_community
stable_usdt,2026-03-23,usdt,1996463.0,4623223.0,5210565.0,coinmetrics_community
stable_usdt,2026-03-24,usdt,1908630.0,4358235.0,4898126.0,coinmetrics_community
stable_usdt,2026-03-25,usdt,1928742.0,4287236.0,5021977.0,coinmetrics_community
stable_usdt,2026-03-26,usdt,1883718.0,4339492.0,4932712.0,coinmetrics_community
stable_usdt,2026-03-27,usdt,1861481.0,4387598.0,5006429.0,coinmetrics_community
stable_usdt,2026-03-28,usdt,1613097.0,3700928.0,4287134.0,coinmetrics_community
stable_usdt,2026-03-29,usdt,1527501.0,3633085.0,4373187.0,coinmetrics_community
stable_usdt,2026-03-30,usdt,1957225.0,4542667.0,5247947.0,coinmetrics_community
stable_usdt,2026-03-31,usdt,2020490.0,4586917.0,5163395.0,coinmetrics_community
stable_usdt,2026-04-01,usdt,2091936.0,4540259.0,5319001.0,coinmetrics_community
stable_usdt,2026-04-02,usdt,1950807.0,4092740.0,4724473.0,coinmetrics_community
stable_usdt,2026-04-03,usdt,1759464.0,3755627.0,4332746.0,coinmetrics_community
stable_usdt,2026-04-04,usdt,1620488.0,3377559.0,3913006.0,coinmetrics_community
stable_usdt,2026-04-05,usdt,1552083.0,3216751.0,3694237.0,coinmetrics_community
stable_usdt,2026-04-06,usdt,1921379.0,4097265.0,4687662.0,coinmetrics_community
stable_usdt,2026-04-07,usdt,1980458.0,4248500.0,4908948.0,coinmetrics_community
stable_usdt,2026-04-08,usdt,1951403.0,4080631.0,4679155.0,coinmetrics_community
stable_usdt,2026-04-09,usdt,1909653.0,3919445.0,4589759.0,coinmetrics_community
stable_usdt,2026-04-10,usdt,1965227.0,4055732.0,4790224.0,coinmetrics_community
stable_usdt,2026-04-11,usdt,1632353.0,3362789.0,4078468.0,coinmetrics_community
stable_usdt,2026-04-12,usdt,1560820.0,3273373.0,3934438.0,coinmetrics_community
stable_usdt,2026-04-13,usdt,1892037.0,4022328.0,4718505.0,coinmetrics_community
stable_usdt,2026-04-14,usdt,1956703.0,4256043.0,4862171.0,coinmetrics_community
stable_usdt,2026-04-15,usdt,2034354.0,4414467.0,4993091.0,coinmetrics_community
stable_usdt,2026-04-16,usdt,1985253.0,4246621.0,5033225.0,coinmetrics_community
stable_usdt,2026-04-17,usdt,1985598.0,4220453.0,5309327.0,coinmetrics_community
stable_usdt,2026-04-18,usdt,1707052.0,3548235.0,4730683.0,coinmetrics_community
stable_usdt,2026-04-19,usdt,1589667.0,3495024.0,4054515.0,coinmetrics_community
stable_usdt,2026-04-20,usdt,1945774.0,4118673.0,4566723.0,coinmetrics_community
stable_usdt,2026-04-21,usdt,1904002.0,4065998.0,4552003.0,coinmetrics_community
stable_usdt,2026-04-22,usdt,1835870.0,3877533.0,4262665.0,coinmetrics_community
stable_usdt,2026-04-23,usdt,1798164.0,3891938.0,4298543.0,coinmetrics_community
stable_usdt,2026-04-24,usdt,2339549.0,4063805.0,4524717.0,coinmetrics_community
stable_usdt,2026-04-25,usdt,2267885.0,3755736.0,4226412.0,coinmetrics_community
stable_usdt,2026-04-26,usdt,2435571.0,4114904.0,4478219.0,coinmetrics_community
stable_usdt,2026-04-27,usdt,2715276.0,4667597.0,5061034.0,coinmetrics_community
stable_usdt,2026-04-28,usdt,2866766.0,4920113.0,5301004.0,coinmetrics_community
stable_usdt,2026-04-29,usdt,2795763.0,4872805.0,5321852.0,coinmetrics_community
stable_usdt,2026-04-30,usdt,2006178.0,3989521.0,4433268.0,coinmetrics_community
stable_usdt,2026-05-01,usdt,1787124.0,3684413.0,4052797.0,coinmetrics_community
stable_usdt,2026-05-02,usdt,1578799.0,3195424.0,3501293.0,coinmetrics_community
stable_usdt,2026-05-03,usdt,1552911.0,3044829.0,3350917.0,coinmetrics_community
stable_usdt,2026-05-04,usdt,1858662.0,4026051.0,4517873.0,coinmetrics_community
stable_usdt,2026-05-05,usdt,1978563.0,3920342.0,4451165.0,coinmetrics_community
stable_usdt,2026-05-06,usdt,2014020.0,4027101.0,4522797.0,coinmetrics_community
stable_usdt,2026-05-07,usdt,1938890.0,3954034.0,4410106.0,coinmetrics_community
stable_usdt,2026-05-08,usdt,1976137.0,3952104.0,4388463.0,coinmetrics_community
stable_usdt,2026-05-09,usdt,1747439.0,3489822.0,3954386.0,coinmetrics_community
stable_usdt,2026-05-10,usdt,1693769.0,3397800.0,4155490.0,coinmetrics_community
stable_usdt,2026-05-11,usdt,1986969.0,4017322.0,4526125.0,coinmetrics_community
stable_usdt,2026-05-12,usdt,1977308.0,4203138.0,4651166.0,coinmetrics_community
stable_usdt,2026-05-13,usdt,1895657.0,3727036.0,4244305.0,coinmetrics_community
stable_usdt,2026-05-14,usdt,1882931.0,3726093.0,4359500.0,coinmetrics_community
stable_usdt,2026-05-15,usdt,1997398.0,3973752.0,4568316.0,coinmetrics_community
stable_usdt,2026-05-16,usdt,1672768.0,3312290.0,3979805.0,coinmetrics_community
stable_usdt,2026-05-17,usdt,1648211.0,3131772.0,4106609.0,coinmetrics_community
stable_usdt,2026-05-18,usdt,1979436.0,3958999.0,4861359.0,coinmetrics_community
stable_usdt,2026-05-19,usdt,1985146.0,3920226.0,5009032.0,coinmetrics_community
stable_usdt,2026-05-20,usdt,1916284.0,3815720.0,4871197.0,coinmetrics_community
stable_usdt,2026-05-21,usdt,1800600.0,3762811.0,4299114.0,coinmetrics_community
stable_usdt,2026-05-22,usdt,1840597.0,3714702.0,4163476.0,coinmetrics_community
stable_usdt,2026-05-23,usdt,1663910.0,3296648.0,3834245.0,coinmetrics_community
stable_usdt,2026-05-24,usdt,1578874.0,3080724.0,3986619.0,coinmetrics_community
stable_usdt,2026-05-25,usdt,1861659.0,3650494.0,4637512.0,coinmetrics_community
stable_usdt,2026-05-26,usdt,1832103.0,3699974.0,4188034.0,coinmetrics_community
stable_usdt,2026-05-27,usdt,1858749.0,3614172.0,4343304.0,coinmetrics_community
stable_usdt,2026-05-28,usdt,1910660.0,3722900.0,4716770.0,coinmetrics_community
stable_usdt,2026-05-29,usdt,1897046.0,3675006.0,4580524.0,coinmetrics_community
stable_usdt,2026-05-30,usdt,1603560.0,3119925.0,3769157.0,coinmetrics_community
stable_usdt,2026-05-31,usdt,1652655.0,3118091.0,3955412.0,coinmetrics_community
stable_usdt,2026-06-01,usdt,2160438.0,4447840.0,5615279.0,coinmetrics_community
stable_usdt,2026-06-02,usdt,2133420.0,4609100.0,5840222.0,coinmetrics_community
stable_usdt,2026-06-03,usdt,2073742.0,4547783.0,5459506.0,coinmetrics_community
stable_usdt,2026-06-04,usdt,2215200.0,4826208.0,5746073.0,coinmetrics_community
stable_usdt,2026-06-05,usdt,2286914.0,5259359.0,6623683.0,coinmetrics_community
stable_usdt,2026-06-06,usdt,1934902.0,3883305.0,5023407.0,coinmetrics_community
stable_usdt,2026-06-07,usdt,1826671.0,3490265.0,4555857.0,coinmetrics_community
stable_usdt,2026-06-08,usdt,2015345.0,4104173.0,5073707.0,coinmetrics_community
stable_usdt,2026-06-09,usdt,2255942.0,4382538.0,5516801.0,coinmetrics_community
stable_usdt,2026-06-10,usdt,2257656.0,4506310.0,5578495.0,coinmetrics_community
stable_usdt,2026-06-11,usdt,2174408.0,4307486.0,5203935.0,coinmetrics_community
stable_usdt,2026-06-12,usdt,2140764.0,4233705.0,5173330.0,coinmetrics_community
stable_usdt,2026-06-13,usdt,1757320.0,3562405.0,4762713.0,coinmetrics_community
stable_usdt,2026-06-14,usdt,1861226.0,3727096.0,4784505.0,coinmetrics_community
stable_usdt,2026-06-15,usdt,2290287.0,4727940.0,5499584.0,coinmetrics_community
stable_usdt,2026-06-16,usdt,2273280.0,4299738.0,5181252.0,coinmetrics_community
stable_usdt,2026-06-17,usdt,2107723.0,4349617.0,5275541.0,coinmetrics_community
stable_usdt,2026-06-18,usdt,2023020.0,4245561.0,5223052.0,coinmetrics_community
stable_usdt,2026-06-19,usdt,1910549.0,3868552.0,4834786.0,coinmetrics_community
stable_usdt,2026-06-20,usdt,1669241.0,3399959.0,4429480.0,coinmetrics_community
stable_usdt,2026-06-21,usdt,1591355.0,3277380.0,4158841.0,coinmetrics_community
stable_usdt,2026-06-22,usdt,1874513.0,4084544.0,4537051.0,coinmetrics_community
stable_usdt,2026-06-23,usdt,1909115.0,4137696.0,5035486.0,coinmetrics_community
stable_usdt,2026-06-24,usdt,1918033.0,4312821.0,4946516.0,coinmetrics_community
stable_usdt,2026-06-25,usdt,1968713.0,4139403.0,4833380.0,coinmetrics_community
stable_usdt,2026-06-26,usdt,2029299.0,4178185.0,4954565.0,coinmetrics_community
stable_usdt,2026-06-27,usdt,1734525.0,3380037.0,4500493.0,coinmetrics_community
stable_usdt,2026-06-28,usdt,1715722.0,3370970.0,4128086.0,coinmetrics_community
stable_usdt,2026-06-29,usdt,2003121.0,4197496.0,4662759.0,coinmetrics_community
stable_usdt,2026-06-30,usdt,2111052.0,4157612.0,4662741.0,coinmetrics_community
stable_usdt,2026-07-01,usdt,2116712.0,4285481.0,4797340.0,coinmetrics_community
stable_usdt,2026-07-02,usdt,2160712.0,4110312.0,5401279.0,coinmetrics_community
stable_usdt,2026-07-03,usdt,3609513.0,4409641.0,5334508.0,coinmetrics_community
stable_usdt,2026-07-04,usdt,1815246.0,3381639.0,4099882.0,coinmetrics_community
stable_usdt,2026-07-05,usdt,1778428.0,3433853.0,3965953.0,coinmetrics_community
stable_usdt,2026-07-06,usdt,2003881.0,4004428.0,4777596.0,coinmetrics_community
stable_usdt,2026-07-07,usdt,1976724.0,4051524.0,4840151.0,coinmetrics_community
stable_usdt,2026-07-08,usdt,1893087.0,3889511.0,4525833.0,coinmetrics_community
stable_usdt,2026-07-09,usdt,1833707.0,3833277.0,4398779.0,coinmetrics_community
stable_usdt,2026-07-10,usdt,1846984.0,3685349.0,4353448.0,coinmetrics_community
stable_usdt,2026-07-11,usdt,1665965.0,3263373.0,4042408.0,coinmetrics_community
stable_usdt,2026-07-12,usdt,1618166.0,3224475.0,3874575.0,coinmetrics_community
stable_usdt,2026-07-13,usdt,1973638.0,3988515.0,4745091.0,coinmetrics_community
stable_usdt,2026-07-14,usdt,2063362.0,3952236.0,4786733.0,coinmetrics_community
stable_usdt,2026-07-15,usdt,2048086.0,4112974.0,5071061.0,coinmetrics_community
stable_usdt,2026-07-16,usdt,1894954.0,3848598.0,4691325.0,coinmetrics_community
stable_usdt,2026-07-17,usdt,2145748.0,3804581.0,4556767.0,coinmetrics_community
stable_usdt,2026-07-18,usdt,1507370.0,3018973.0,3711819.0,coinmetrics_community
stable_usdt,2026-07-19,usdt,1525218.0,3166597.0,3740247.0,coinmetrics_community
stable_usdt,2026-07-20,usdt,1917572.0,3810965.0,4571626.0,coinmetrics_community
stable_usdt,2026-07-21,usdt,1914619.0,3687624.0,4494134.0,coinmetrics_community
stable_usdt,2026-07-22,usdt,1926961.0,3617165.0,4282173.0,coinmetrics_community
stable_usdt,2026-07-23,usdt,1904200.0,3837493.0,4763508.0,coinmetrics_community
stable_usdt,2026-07-24,usdt,1938079.0,3713480.0,4503000.0,coinmetrics_community
stable_usdt,2026-07-25,usdt,1779798.0,3172014.0,3896816.0,coinmetrics_community
stable_usdt,2026-07-26,usdt,1726658.0,3123554.0,3878198.0,coinmetrics_community
stable_usdt,2026-07-27,usdt,2049194.0,3849705.0,4745050.0,coinmetrics_community
stable_usdt,2026-07-28,usdt,2095244.0,3853608.0,4858082.0,coinmetrics_community
stable_usdt,2026-07-29,usdt,2132764.0,3791792.0,4721742.0,coinmetrics_community
stable_usdt,2026-07-30,usdt,2186307.0,3788405.0,4587740.0,coinmetrics_community
stable_usdt,2026-07-31,usdt,2270506.0,4013013.0,4954821.0,coinmetrics_community
stable_usdt,2026-08-01,usdt,1969375.0,3461334.0,4322622.0,coinmetrics_community
stable_usdt,2026-08-02,usdt,1900629.0,3311418.0,3989617.0,coinmetrics_community
stable_usdt,2026-08-03,usdt,2279941.0,3921726.0,4555338.0,coinmetrics_community
stable_usdt,2026-08-04,usdt,2401463.0,4042183.0,4902125.0,coinmetrics_community
stable_usdt,2026-08-05,usdt,2323310.0,3990241.0,4850539.0,coinmetrics_community
stable_usdt,2026-08-06,usdt,2162205.0,3779721.0,4482271.0,coinmetrics_community
stable_usdt,2026-08-07,usdt,2332044.0,3943509.0,4836038.0,coinmetrics_community
stable_usdt,2026-08-08,usdt,2049879.0,3373648.0,4592171.0,coinmetrics_community
stable_usdt,2026-08-09,usdt,1870495.0,3239478.0,3934123.0,coinmetrics_community
stable_usdt,2026-08-10,usdt,2362231.0,4114255.0,4929280.0,coinmetrics_community
stable_usdt,2026-08-11,usdt,2321962.0,4010767.0,5024234.0,coinmetrics_community
stable_usdt,2026-08-12,usdt,2363003.0,3839700.0,4564368.0,coinmetrics_community
stable_usdt,2026-08-13,usdt,2381982.0,3942188.0,4611439.0,coinmetrics_community
stable_usdt,2026-08-14,usdt,2347311.0,4103784.0,4786976.0,coinmetrics_community
stable_usdt,2026-08-15,usdt,2066798.0,4304678.0,4895057.0,coinmetrics_community
stable_usdt,2026-08-16,usdt,1967311.0,3371123.0,4074313.0,coinmetrics_community
stable_usdt,2026-08-17,usdt,2461149.0,4186923.0,4997833.0,coinmetrics_community
stable_usdt,2026-08-18,usdt,2396318.0,4058232.0,4760355.0,coinmetrics_community
stable_usdt,2026-08-19,usdt,2512878.0,4416353.0,5157352.0,coinmetrics_community
stable_usdt,2026-08-20,usdt,2510439.0,4703089.0,5703162.0,coinmetrics_community
stable_usdt,2026-08-21,usdt,2636854.0,5128657.0,6114833.0,coinmetrics_community
stable_usdt,2026-08-22,usdt,2455487.0,4496896.0,5468640.0,coinmetrics_community
stable_usdt,2026-08-23,usdt,2380622.0,4111987.0,5046014.0,coinmetrics_community
stable_usdt,2026-08-24,usdt,2571731.0,4661822.0,5612331.0,coinmetrics_community
stable_usdc,2019-01-01,usdc,638.0,893.0,933.0,coinmetrics_community
stable_usdc,2019-01-02,usdc,835.0,1197.0,1235.0,coinmetrics_community
stable_usdc,2019-01-03,usdc,904.0,1307.0,1356.0,coinmetrics_community
stable_usdc,2019-01-04,usdc,891.0,1211.0,1247.0,coinmetrics_community
stable_usdc,2019-01-05,usdc,648.0,878.0,917.0,coinmetrics_community
stable_usdc,2019-01-06,usdc,612.0,797.0,811.0,coinmetrics_community
stable_usdc,2019-01-07,usdc,848.0,1146.0,1175.0,coinmetrics_community
stable_usdc,2019-01-08,usdc,972.0,1325.0,1379.0,coinmetrics_community
stable_usdc,2019-01-09,usdc,1028.0,1412.0,1462.0,coinmetrics_community
stable_usdc,2019-01-10,usdc,1219.0,1765.0,1800.0,coinmetrics_community
stable_usdc,2019-01-11,usdc,1028.0,1449.0,1455.0,coinmetrics_community
stable_usdc,2019-01-12,usdc,679.0,926.0,974.0,coinmetrics_community
stable_usdc,2019-01-13,usdc,679.0,953.0,985.0,coinmetrics_community
stable_usdc,2019-01-14,usdc,819.0,956.0,975.0,coinmetrics_community
stable_usdc,2019-01-15,usdc,873.0,1153.0,1178.0,coinmetrics_community
stable_usdc,2019-01-16,usdc,842.0,1118.0,1162.0,coinmetrics_community
stable_usdc,2019-01-17,usdc,888.0,1185.0,1211.0,coinmetrics_community
stable_usdc,2019-01-18,usdc,898.0,1291.0,1314.0,coinmetrics_community
stable_usdc,2019-01-19,usdc,694.0,885.0,913.0,coinmetrics_community
stable_usdc,2019-01-20,usdc,597.0,779.0,804.0,coinmetrics_community
stable_usdc,2019-01-21,usdc,542.0,692.0,693.0,coinmetrics_community
stable_usdc,2019-01-22,usdc,725.0,975.0,999.0,coinmetrics_community
stable_usdc,2019-01-23,usdc,736.0,963.0,1008.0,coinmetrics_community
stable_usdc,2019-01-24,usdc,735.0,991.0,1028.0,coinmetrics_community
stable_usdc,2019-01-25,usdc,815.0,1093.0,1111.0,coinmetrics_community
stable_usdc,2019-01-26,usdc,643.0,848.0,857.0,coinmetrics_community
stable_usdc,2019-01-27,usdc,672.0,874.0,885.0,coinmetrics_community
stable_usdc,2019-01-28,usdc,1211.0,1768.0,1775.0,coinmetrics_community
stable_usdc,2019-01-29,usdc,907.0,1349.0,1351.0,coinmetrics_community
stable_usdc,2019-01-30,usdc,935.0,1351.0,1417.0,coinmetrics_community
stable_usdc,2019-01-31,usdc,1021.0,1395.0,1398.0,coinmetrics_community
stable_usdc,2019-02-01,usdc,921.0,1259.0,1253.0,coinmetrics_community
stable_usdc,2019-02-02,usdc,709.0,903.0,906.0,coinmetrics_community
stable_usdc,2019-02-03,usdc,624.0,762.0,765.0,coinmetrics_community
stable_usdc,2019-02-04,usdc,853.0,1138.0,1138.0,coinmetrics_community
stable_usdc,2019-02-05,usdc,865.0,1132.0,1132.0,coinmetrics_community
stable_usdc,2019-02-06,usdc,951.0,1358.0,1360.0,coinmetrics_community
stable_usdc,2019-02-07,usdc,934.0,1293.0,1332.0,coinmetrics_community
stable_usdc,2019-02-08,usdc,1160.0,1761.0,1787.0,coinmetrics_community
stable_usdc,2019-02-09,usdc,713.0,936.0,934.0,coinmetrics_community
stable_usdc,2019-02-10,usdc,675.0,904.0,904.0,coinmetrics_community
stable_usdc,2019-02-11,usdc,794.0,1036.0,1031.0,coinmetrics_community
stable_usdc,2019-02-12,usdc,955.0,1364.0,1383.0,coinmetrics_community
stable_usdc,2019-02-13,usdc,941.0,1280.0,1285.0,coinmetrics_community
stable_usdc,2019-02-14,usdc,930.0,1263.0,1273.0,coinmetrics_community
stable_usdc,2019-02-15,usdc,1027.0,1425.0,1434.0,coinmetrics_community
stable_usdc,2019-02-16,usdc,794.0,1053.0,1064.0,coinmetrics_community
stable_usdc,2019-02-17,usdc,710.0,967.0,984.0,coinmetrics_community
stable_usdc,2019-02-18,usdc,1240.0,1802.0,1818.0,coinmetrics_community
stable_usdc,2019-02-19,usdc,1260.0,1660.0,1852.0,coinmetrics_community
stable_usdc,2019-02-20,usdc,1156.0,1657.0,1755.0,coinmetrics_community
stable_usdc,2019-02-21,usdc,1152.0,1553.0,1587.0,coinmetrics_community
stable_usdc,2019-02-22,usdc,1127.0,1542.0,1573.0,coinmetrics_community
stable_usdc,2019-02-23,usdc,1044.0,1393.0,1425.0,coinmetrics_community
stable_usdc,2019-02-24,usdc,1251.0,1749.0,1806.0,coinmetrics_community
stable_usdc,2019-02-25,usdc,1245.0,1694.0,1749.0,coinmetrics_community
stable_usdc,2019-02-26,usdc,1180.0,1561.0,1595.0,coinmetrics_community
stable_usdc,2019-02-27,usdc,1341.0,1817.0,1886.0,coinmetrics_community
stable_usdc,2019-02-28,usdc,1161.0,1556.0,1612.0,coinmetrics_community
stable_usdc,2019-03-01,usdc,1167.0,1561.0,1654.0,coinmetrics_community
stable_usdc,2019-03-02,usdc,993.0,1181.0,1229.0,coinmetrics_community
stable_usdc,2019-03-03,usdc,755.0,1101.0,1286.0,coinmetrics_community
stable_usdc,2019-03-04,usdc,1100.0,1529.0,1616.0,coinmetrics_community
stable_usdc,2019-03-05,usdc,1082.0,1717.0,1884.0,coinmetrics_community
stable_usdc,2019-03-06,usdc,1098.0,1458.0,1523.0,coinmetrics_community
stable_usdc,2019-03-07,usdc,1231.0,1617.0,1664.0,coinmetrics_community
stable_usdc,2019-03-08,usdc,1140.0,1554.0,1689.0,coinmetrics_community
stable_usdc,2019-03-09,usdc,1054.0,1414.0,1516.0,coinmetrics_community
stable_usdc,2019-03-10,usdc,807.0,1072.0,1134.0,coinmetrics_community
stable_usdc,2019-03-11,usdc,1062.0,1421.0,1492.0,coinmetrics_community
stable_usdc,2019-03-12,usdc,1124.0,1440.0,1468.0,coinmetrics_community
stable_usdc,2019-03-13,usdc,1040.0,1335.0,1378.0,coinmetrics_community
stable_usdc,2019-03-14,usdc,1185.0,1468.0,1519.0,coinmetrics_community
stable_usdc,2019-03-15,usdc,1143.0,1544.0,1578.0,coinmetrics_community
stable_usdc,2019-03-16,usdc,1111.0,1599.0,1670.0,coinmetrics_community
stable_usdc,2019-03-17,usdc,748.0,1018.0,1045.0,coinmetrics_community
stable_usdc,2019-03-18,usdc,1020.0,1454.0,1493.0,coinmetrics_community
stable_usdc,2019-03-19,usdc,1096.0,1437.0,1454.0,coinmetrics_community
stable_usdc,2019-03-20,usdc,954.0,1243.0,1275.0,coinmetrics_community
stable_usdc,2019-03-21,usdc,1321.0,1876.0,2002.0,coinmetrics_community
stable_usdc,2019-03-22,usdc,1062.0,1506.0,1541.0,coinmetrics_community
stable_usdc,2019-03-23,usdc,886.0,1154.0,1176.0,coinmetrics_community
stable_usdc,2019-03-24,usdc,786.0,980.0,1002.0,coinmetrics_community
stable_usdc,2019-03-25,usdc,1015.0,1347.0,1394.0,coinmetrics_community
stable_usdc,2019-03-26,usdc,1212.0,1592.0,1638.0,coinmetrics_community
stable_usdc,2019-03-27,usdc,1289.0,1737.0,1788.0,coinmetrics_community
stable_usdc,2019-03-28,usdc,1148.0,1456.0,1493.0,coinmetrics_community
stable_usdc,2019-03-29,usdc,1315.0,1718.0,1755.0,coinmetrics_community
stable_usdc,2019-03-30,usdc,1064.0,1364.0,1399.0,coinmetrics_community
stable_usdc,2019-03-31,usdc,839.0,1078.0,1085.0,coinmetrics_community
stable_usdc,2019-04-01,usdc,1126.0,1537.0,1561.0,coinmetrics_community
stable_usdc,2019-04-02,usdc,2159.0,3360.0,3431.0,coinmetrics_community
stable_usdc,2019-04-03,usdc,2578.0,4093.0,4164.0,coinmetrics_community
stable_usdc,2019-04-04,usdc,1741.0,2582.0,2625.0,coinmetrics_community
stable_usdc,2019-04-05,usdc,1614.0,2192.0,2230.0,coinmetrics_community
stable_usdc,2019-04-06,usdc,1376.0,1744.0,1787.0,coinmetrics_community
stable_usdc,2019-04-07,usdc,1290.0,1688.0,1719.0,coinmetrics_community
stable_usdc,2019-04-08,usdc,1821.0,2631.0,2663.0,coinmetrics_community
stable_usdc,2019-04-09,usdc,1334.0,1733.0,1760.0,coinmetrics_community
stable_usdc,2019-04-10,usdc,1586.0,2191.0,2231.0,coinmetrics_community
stable_usdc,2019-04-11,usdc,1743.0,2504.0,2567.0,coinmetrics_community
stable_usdc,2019-04-12,usdc,1453.0,1964.0,2001.0,coinmetrics_community
stable_usdc,2019-04-13,usdc,1071.0,1421.0,1483.0,coinmetrics_community
stable_usdc,2019-04-14,usdc,844.0,1071.0,1102.0,coinmetrics_community
stable_usdc,2019-04-15,usdc,1162.0,1542.0,1605.0,coinmetrics_community
stable_usdc,2019-04-16,usdc,1262.0,1598.0,1624.0,coinmetrics_community
stable_usdc,2019-04-17,usdc,1195.0,1546.0,1580.0,coinmetrics_community
stable_usdc,2019-04-18,usdc,1443.0,1883.0,1924.0,coinmetrics_community
stable_usdc,2019-04-19,usdc,1493.0,2041.0,2074.0,coinmetrics_community
stable_usdc,2019-04-20,usdc,1103.0,1483.0,1511.0,coinmetrics_community
stable_usdc,2019-04-21,usdc,1109.0,1553.0,1590.0,coinmetrics_community
stable_usdc,2019-04-22,usdc,1201.0,1592.0,1611.0,coinmetrics_community
stable_usdc,2019-04-23,usdc,1413.0,2009.0,2057.0,coinmetrics_community
stable_usdc,2019-04-24,usdc,1681.0,2479.0,2554.0,coinmetrics_community
stable_usdc,2019-04-25,usdc,1618.0,2459.0,2520.0,coinmetrics_community
stable_usdc,2019-04-26,usdc,2221.0,3349.0,3400.0,coinmetrics_community
stable_usdc,2019-04-27,usdc,1289.0,1685.0,1715.0,coinmetrics_community
stable_usdc,2019-04-28,usdc,1175.0,1464.0,1477.0,coinmetrics_community
stable_usdc,2019-04-29,usdc,1441.0,1820.0,1875.0,coinmetrics_community
stable_usdc,2019-04-30,usdc,1962.0,2523.0,2624.0,coinmetrics_community
stable_usdc,2019-05-01,usdc,2400.0,3006.0,3097.0,coinmetrics_community
stable_usdc,2019-05-02,usdc,3103.0,4083.0,4116.0,coinmetrics_community
stable_usdc,2019-05-03,usdc,3182.0,4652.0,4748.0,coinmetrics_community
stable_usdc,2019-05-04,usdc,1697.0,2460.0,2519.0,coinmetrics_community
stable_usdc,2019-05-05,usdc,1297.0,1753.0,1775.0,coinmetrics_community
stable_usdc,2019-05-06,usdc,1594.0,2091.0,2146.0,coinmetrics_community
stable_usdc,2019-05-07,usdc,1365.0,1791.0,1840.0,coinmetrics_community
stable_usdc,2019-05-08,usdc,1209.0,1605.0,1709.0,coinmetrics_community
stable_usdc,2019-05-09,usdc,1338.0,1687.0,1735.0,coinmetrics_community
stable_usdc,2019-05-10,usdc,1578.0,2122.0,2171.0,coinmetrics_community
stable_usdc,2019-05-11,usdc,1776.0,2618.0,2731.0,coinmetrics_community
stable_usdc,2019-05-12,usdc,1742.0,2562.0,2735.0,coinmetrics_community
stable_usdc,2019-05-13,usdc,1739.0,2504.0,2623.0,coinmetrics_community
stable_usdc,2019-05-14,usdc,1764.0,2504.0,2587.0,coinmetrics_community
stable_usdc,2019-05-15,usdc,3624.0,5058.0,5145.0,coinmetrics_community
stable_usdc,2019-05-16,usdc,3927.0,5743.0,6063.0,coinmetrics_community
stable_usdc,2019-05-17,usdc,3271.0,5142.0,5268.0,coinmetrics_community
stable_usdc,2019-05-18,usdc,2387.0,3171.0,3253.0,coinmetrics_community
stable_usdc,2019-05-19,usdc,2490.0,3647.0,3709.0,coinmetrics_community
stable_usdc,2019-05-20,usdc,2690.0,3680.0,3743.0,coinmetrics_community
stable_usdc,2019-05-21,usdc,2751.0,3890.0,3982.0,coinmetrics_community
stable_usdc,2019-05-22,usdc,2687.0,3607.0,3752.0,coinmetrics_community
stable_usdc,2019-05-23,usdc,2787.0,3807.0,3962.0,coinmetrics_community
stable_usdc,2019-05-24,usdc,2736.0,3852.0,3995.0,coinmetrics_community
stable_usdc,2019-05-25,usdc,1996.0,2760.0,2912.0,coinmetrics_community
stable_usdc,2019-05-26,usdc,2412.0,3423.0,3575.0,coinmetrics_community
stable_usdc,2019-05-27,usdc,3199.0,4508.0,4588.0,coinmetrics_community
stable_usdc,2019-05-28,usdc,2620.0,3633.0,3698.0,coinmetrics_community
stable_usdc,2019-05-29,usdc,2845.0,3877.0,3987.0,coinmetrics_community
stable_usdc,2019-05-30,usdc,3473.0,5267.0,5393.0,coinmetrics_community
stable_usdc,2019-05-31,usdc,2950.0,4099.0,4212.0,coinmetrics_community
stable_usdc,2019-06-01,usdc,2241.0,3023.0,3114.0,coinmetrics_community
stable_usdc,2019-06-02,usdc,1895.0,2442.0,2475.0,coinmetrics_community
stable_usdc,2019-06-03,usdc,2604.0,3592.0,3743.0,coinmetrics_community
stable_usdc,2019-06-04,usdc,3040.0,4554.0,4831.0,coinmetrics_community
stable_usdc,2019-06-05,usdc,2795.0,3850.0,4054.0,coinmetrics_community
stable_usdc,2019-06-06,usdc,2325.0,3087.0,3248.0,coinmetrics_community
stable_usdc,2019-06-07,usdc,2417.0,3111.0,3207.0,coinmetrics_community
stable_usdc,2019-06-08,usdc,1597.0,1926.0,2008.0,coinmetrics_community
stable_usdc,2019-06-09,usdc,1786.0,2407.0,2529.0,coinmetrics_community
stable_usdc,2019-06-10,usdc,2505.0,3512.0,3698.0,coinmetrics_community
stable_usdc,2019-06-11,usdc,2540.0,3253.0,3441.0,coinmetrics_community
stable_usdc,2019-06-12,usdc,2473.0,3357.0,3631.0,coinmetrics_community
stable_usdc,2019-06-13,usdc,2548.0,3529.0,3675.0,coinmetrics_community
stable_usdc,2019-06-14,usdc,2790.0,3793.0,4019.0,coinmetrics_community
stable_usdc,2019-06-15,usdc,2092.0,2692.0,2894.0,coinmetrics_community
stable_usdc,2019-06-16,usdc,2488.0,3378.0,3658.0,coinmetrics_community
stable_usdc,2019-06-17,usdc,2863.0,3919.0,4183.0,coinmetrics_community
stable_usdc,2019-06-18,usdc,2696.0,3567.0,3823.0,coinmetrics_community
stable_usdc,2019-06-19,usdc,2420.0,3057.0,3139.0,coinmetrics_community
stable_usdc,2019-06-20,usdc,2610.0,3235.0,3309.0,coinmetrics_community
stable_usdc,2019-06-21,usdc,4216.0,5547.0,5743.0,coinmetrics_community
stable_usdc,2019-06-22,usdc,3541.0,5261.0,5562.0,coinmetrics_community
stable_usdc,2019-06-23,usdc,2153.0,2955.0,3117.0,coinmetrics_community
stable_usdc,2019-06-24,usdc,2994.0,3977.0,3947.0,coinmetrics_community
stable_usdc,2019-06-25,usdc,2872.0,4022.0,4289.0,coinmetrics_community
stable_usdc,2019-06-26,usdc,4839.0,7514.0,8066.0,coinmetrics_community
stable_usdc,2019-06-27,usdc,4500.0,7325.0,7827.0,coinmetrics_community
stable_usdc,2019-06-28,usdc,3682.0,5512.0,5941.0,coinmetrics_community
stable_usdc,2019-06-29,usdc,2804.0,4251.0,4518.0,coinmetrics_community
stable_usdc,2019-06-30,usdc,2276.0,3298.0,3521.0,coinmetrics_community
stable_usdc,2019-07-01,usdc,3060.0,4477.0,4725.0,coinmetrics_community
stable_usdc,2019-07-02,usdc,3098.0,4688.0,4947.0,coinmetrics_community
stable_usdc,2019-07-03,usdc,2907.0,4285.0,4484.0,coinmetrics_community
stable_usdc,2019-07-04,usdc,2366.0,3387.0,3639.0,coinmetrics_community
stable_usdc,2019-07-05,usdc,2183.0,3036.0,3244.0,coinmetrics_community
stable_usdc,2019-07-06,usdc,1762.0,2581.0,2837.0,coinmetrics_community
stable_usdc,2019-07-07,usdc,1711.0,2488.0,2759.0,coinmetrics_community
stable_usdc,2019-07-08,usdc,2576.0,3812.0,4095.0,coinmetrics_community
stable_usdc,2019-07-09,usdc,2942.0,4306.0,4790.0,coinmetrics_community
stable_usdc,2019-07-10,usdc,3200.0,4679.0,5149.0,coinmetrics_community
stable_usdc,2019-07-11,usdc,2985.0,4663.0,5099.0,coinmetrics_community
stable_usdc,2019-07-12,usdc,2855.0,4064.0,4521.0,coinmetrics_community
stable_usdc,2019-07-13,usdc,1925.0,2895.0,3204.0,coinmetrics_community
stable_usdc,2019-07-14,usdc,2233.0,3777.0,4543.0,coinmetrics_community
stable_usdc,2019-07-15,usdc,3468.0,5469.0,6305.0,coinmetrics_community
stable_usdc,2019-07-16,usdc,2939.0,4836.0,6094.0,coinmetrics_community
stable_usdc,2019-07-17,usdc,3159.0,5047.0,5900.0,coinmetrics_community
stable_usdc,2019-07-18,usdc,2644.0,4139.0,4580.0,coinmetrics_community
stable_usdc,2019-07-19,usdc,2169.0,3345.0,3812.0,coinmetrics_community
stable_usdc,2019-07-20,usdc,1875.0,2760.0,3177.0,coinmetrics_community
stable_usdc,2019-07-21,usdc,1628.0,2286.0,2661.0,coinmetrics_community
stable_usdc,2019-07-22,usdc,1957.0,2830.0,3138.0,coinmetrics_community
stable_usdc,2019-07-23,usdc,2161.0,2999.0,3390.0,coinmetrics_community
stable_usdc,2019-07-24,usdc,2116.0,2902.0,3176.0,coinmetrics_community
stable_usdc,2019-07-25,usdc,1987.0,2798.0,3193.0,coinmetrics_community
stable_usdc,2019-07-26,usdc,2045.0,3192.0,3798.0,coinmetrics_community
stable_usdc,2019-07-27,usdc,2302.0,3306.0,3717.0,coinmetrics_community
stable_usdc,2019-07-28,usdc,1647.0,2228.0,2528.0,coinmetrics_community
stable_usdc,2019-07-29,usdc,2005.0,2822.0,3105.0,coinmetrics_community
stable_usdc,2019-07-30,usdc,2013.0,2963.0,3416.0,coinmetrics_community
stable_usdc,2019-07-31,usdc,2256.0,3210.0,3528.0,coinmetrics_community
stable_usdc,2019-08-01,usdc,2539.0,3368.0,3755.0,coinmetrics_community
stable_usdc,2019-08-02,usdc,2513.0,3772.0,4469.0,coinmetrics_community
stable_usdc,2019-08-03,usdc,1784.0,2620.0,2812.0,coinmetrics_community
stable_usdc,2019-08-04,usdc,1501.0,2084.0,2375.0,coinmetrics_community
stable_usdc,2019-08-05,usdc,2493.0,3633.0,3922.0,coinmetrics_community
stable_usdc,2019-08-06,usdc,2496.0,3584.0,3820.0,coinmetrics_community
stable_usdc,2019-08-07,usdc,2375.0,3308.0,3465.0,coinmetrics_community
stable_usdc,2019-08-08,usdc,2331.0,3230.0,3459.0,coinmetrics_community
stable_usdc,2019-08-09,usdc,2301.0,3407.0,3846.0,coinmetrics_community
stable_usdc,2019-08-10,usdc,1738.0,2581.0,3006.0,coinmetrics_community
stable_usdc,2019-08-11,usdc,1278.0,1759.0,2013.0,coinmetrics_community
stable_usdc,2019-08-12,usdc,1984.0,2649.0,2845.0,coinmetrics_community
stable_usdc,2019-08-13,usdc,2060.0,3203.0,3627.0,coinmetrics_community
stable_usdc,2019-08-14,usdc,2639.0,4291.0,5096.0,coinmetrics_community
stable_usdc,2019-08-15,usdc,2882.0,4706.0,5652.0,coinmetrics_community
stable_usdc,2019-08-16,usdc,2392.0,3313.0,3584.0,coinmetrics_community
stable_usdc,2019-08-17,usdc,1547.0,2097.0,2286.0,coinmetrics_community
stable_usdc,2019-08-18,usdc,1443.0,2057.0,2470.0,coinmetrics_community
stable_usdc,2019-08-19,usdc,1808.0,2402.0,2574.0,coinmetrics_community
stable_usdc,2019-08-20,usdc,1994.0,2734.0,2900.0,coinmetrics_community
stable_usdc,2019-08-21,usdc,2180.0,3158.0,3662.0,coinmetrics_community
stable_usdc,2019-08-22,usdc,2070.0,2961.0,3261.0,coinmetrics_community
stable_usdc,2019-08-23,usdc,1861.0,2488.0,2751.0,coinmetrics_community
stable_usdc,2019-08-24,usdc,1721.0,2266.0,2636.0,coinmetrics_community
stable_usdc,2019-08-25,usdc,1485.0,2684.0,4524.0,coinmetrics_community
stable_usdc,2019-08-26,usdc,1988.0,2945.0,3473.0,coinmetrics_community
stable_usdc,2019-08-27,usdc,2050.0,3038.0,3373.0,coinmetrics_community
stable_usdc,2019-08-28,usdc,2377.0,3589.0,4389.0,coinmetrics_community
stable_usdc,2019-08-29,usdc,2773.0,4122.0,4818.0,coinmetrics_community
stable_usdc,2019-08-30,usdc,2106.0,2982.0,3357.0,coinmetrics_community
stable_usdc,2019-08-31,usdc,1408.0,1930.0,2129.0,coinmetrics_community
stable_usdc,2019-09-01,usdc,1355.0,1884.0,2069.0,coinmetrics_community
stable_usdc,2019-09-02,usdc,1935.0,2875.0,3184.0,coinmetrics_community
stable_usdc,2019-09-03,usdc,2173.0,3104.0,3403.0,coinmetrics_community
stable_usdc,2019-09-04,usdc,2165.0,2998.0,3259.0,coinmetrics_community
stable_usdc,2019-09-05,usdc,1956.0,2638.0,2901.0,coinmetrics_community
stable_usdc,2019-09-06,usdc,2440.0,3342.0,3651.0,coinmetrics_community
stable_usdc,2019-09-07,usdc,1701.0,2210.0,2388.0,coinmetrics_community
stable_usdc,2019-09-08,usdc,1442.0,1971.0,2212.0,coinmetrics_community
stable_usdc,2019-09-09,usdc,1967.0,2619.0,2831.0,coinmetrics_community
stable_usdc,2019-09-10,usdc,1892.0,2488.0,2970.0,coinmetrics_community
stable_usdc,2019-09-11,usdc,2291.0,2927.0,3143.0,coinmetrics_community
stable_usdc,2019-09-12,usdc,2322.0,2979.0,3135.0,coinmetrics_community
stable_usdc,2019-09-13,usdc,2020.0,2798.0,3253.0,coinmetrics_community
stable_usdc,2019-09-14,usdc,1568.0,1949.0,2150.0,coinmetrics_community
stable_usdc,2019-09-15,usdc,1392.0,1645.0,1783.0,coinmetrics_community
stable_usdc,2019-09-16,usdc,2581.0,3285.0,3678.0,coinmetrics_community
stable_usdc,2019-09-17,usdc,2798.0,3643.0,4003.0,coinmetrics_community
stable_usdc,2019-09-18,usdc,2440.0,3183.0,3510.0,coinmetrics_community
stable_usdc,2019-09-19,usdc,2459.0,3351.0,3704.0,coinmetrics_community
stable_usdc,2019-09-20,usdc,2082.0,2618.0,2823.0,coinmetrics_community
stable_usdc,2019-09-21,usdc,1613.0,1945.0,2115.0,coinmetrics_community
stable_usdc,2019-09-22,usdc,1359.0,1602.0,1771.0,coinmetrics_community
stable_usdc,2019-09-23,usdc,1903.0,2373.0,2562.0,coinmetrics_community
stable_usdc,2019-09-24,usdc,3668.0,5789.0,6710.0,coinmetrics_community
stable_usdc,2019-09-25,usdc,2992.0,4300.0,4752.0,coinmetrics_community
stable_usdc,2019-09-26,usdc,2449.0,3565.0,4014.0,coinmetrics_community
stable_usdc,2019-09-27,usdc,2182.0,3069.0,3406.0,coinmetrics_community
stable_usdc,2019-09-28,usdc,1450.0,1842.0,2055.0,coinmetrics_community
stable_usdc,2019-09-29,usdc,1431.0,1896.0,2058.0,coinmetrics_community
stable_usdc,2019-09-30,usdc,2005.0,2769.0,3019.0,coinmetrics_community
stable_usdc,2019-10-01,usdc,2225.0,3221.0,3792.0,coinmetrics_community
stable_usdc,2019-10-02,usdc,2048.0,2973.0,3406.0,coinmetrics_community
stable_usdc,2019-10-03,usdc,2210.0,3076.0,3526.0,coinmetrics_community
stable_usdc,2019-10-04,usdc,2296.0,3358.0,3718.0,coinmetrics_community
stable_usdc,2019-10-05,usdc,1519.0,2175.0,2482.0,coinmetrics_community
stable_usdc,2019-10-06,usdc,1521.0,2215.0,2444.0,coinmetrics_community
stable_usdc,2019-10-07,usdc,2273.0,3265.0,3589.0,coinmetrics_community
stable_usdc,2019-10-08,usdc,2277.0,3257.0,3738.0,coinmetrics_community
stable_usdc,2019-10-09,usdc,2829.0,4684.0,5517.0,coinmetrics_community
stable_usdc,2019-10-10,usdc,2636.0,3992.0,4588.0,coinmetrics_community
stable_usdc,2019-10-11,usdc,2451.0,3540.0,4105.0,coinmetrics_community
stable_usdc,2019-10-12,usdc,1423.0,1976.0,2378.0,coinmetrics_community
stable_usdc,2019-10-13,usdc,1401.0,2091.0,2393.0,coinmetrics_community
stable_usdc,2019-10-14,usdc,1821.0,2390.0,2679.0,coinmetrics_community
stable_usdc,2019-10-15,usdc,2058.0,2844.0,3377.0,coinmetrics_community
stable_usdc,2019-10-16,usdc,2282.0,3960.0,6953.0,coinmetrics_community
stable_usdc,2019-10-17,usdc,2125.0,3027.0,3402.0,coinmetrics_community
stable_usdc,2019-10-18,usdc,2366.0,3141.0,3365.0,coinmetrics_community
stable_usdc,2019-10-19,usdc,1658.0,2009.0,2198.0,coinmetrics_community
stable_usdc,2019-10-20,usdc,1567.0,2065.0,2331.0,coinmetrics_community
stable_usdc,2019-10-21,usdc,2129.0,2752.0,3104.0,coinmetrics_community
stable_usdc,2019-10-22,usdc,2059.0,2764.0,3127.0,coinmetrics_community
stable_usdc,2019-10-23,usdc,2869.0,4296.0,4891.0,coinmetrics_community
stable_usdc,2019-10-24,usdc,2359.0,3181.0,3507.0,coinmetrics_community
stable_usdc,2019-10-25,usdc,2690.0,3994.0,4741.0,coinmetrics_community
stable_usdc,2019-10-26,usdc,2816.0,4687.0,5749.0,coinmetrics_community
stable_usdc,2019-10-27,usdc,2508.0,3407.0,3938.0,coinmetrics_community
stable_usdc,2019-10-28,usdc,3417.0,4339.0,4642.0,coinmetrics_community
stable_usdc,2019-10-29,usdc,3070.0,4031.0,4360.0,coinmetrics_community
stable_usdc,2019-10-30,usdc,2499.0,3277.0,3538.0,coinmetrics_community
stable_usdc,2019-10-31,usdc,2461.0,3332.0,3646.0,coinmetrics_community
stable_usdc,2019-11-01,usdc,2566.0,3497.0,3820.0,coinmetrics_community
stable_usdc,2019-11-02,usdc,1746.0,2180.0,2321.0,coinmetrics_community
stable_usdc,2019-11-03,usdc,1528.0,1854.0,2076.0,coinmetrics_community
stable_usdc,2019-11-04,usdc,2441.0,3192.0,3530.0,coinmetrics_community
stable_usdc,2019-11-05,usdc,2698.0,3668.0,3971.0,coinmetrics_community
stable_usdc,2019-11-06,usdc,2397.0,3335.0,3718.0,coinmetrics_community
stable_usdc,2019-11-07,usdc,2548.0,3306.0,3675.0,coinmetrics_community
stable_usdc,2019-11-08,usdc,2752.0,3766.0,4349.0,coinmetrics_community
stable_usdc,2019-11-09,usdc,1827.0,2320.0,2561.0,coinmetrics_community
stable_usdc,2019-11-10,usdc,1664.0,2170.0,2463.0,coinmetrics_community
stable_usdc,2019-11-11,usdc,1935.0,2560.0,2932.0,coinmetrics_community
stable_usdc,2019-11-12,usdc,2346.0,3152.0,3418.0,coinmetrics_community
stable_usdc,2019-11-13,usdc,2109.0,2866.0,3232.0,coinmetrics_community
stable_usdc,2019-11-14,usdc,2294.0,3109.0,3564.0,coinmetrics_community
stable_usdc,2019-11-15,usdc,2539.0,3680.0,4329.0,coinmetrics_community
stable_usdc,2019-11-16,usdc,1798.0,2334.0,2672.0,coinmetrics_community
stable_usdc,2019-11-17,usdc,1550.0,2061.0,2425.0,coinmetrics_community
stable_usdc,2019-11-18,usdc,2418.0,3386.0,3826.0,coinmetrics_community
stable_usdc,2019-11-19,usdc,2388.0,3567.0,4686.0,coinmetrics_community
stable_usdc,2019-11-20,usdc,2163.0,3091.0,3914.0,coinmetrics_community
stable_usdc,2019-11-21,usdc,3078.0,5106.0,5956.0,coinmetrics_community
stable_usdc,2019-11-22,usdc,3905.0,7411.0,9957.0,coinmetrics_community
stable_usdc,2019-11-23,usdc,2183.0,3542.0,4101.0,coinmetrics_community
stable_usdc,2019-11-24,usdc,1873.0,2934.0,3590.0,coinmetrics_community
stable_usdc,2019-11-25,usdc,3207.0,6051.0,7858.0,coinmetrics_community
stable_usdc,2019-11-26,usdc,2526.0,3906.0,4474.0,coinmetrics_community
stable_usdc,2019-11-27,usdc,2969.0,4787.0,5518.0,coinmetrics_community
stable_usdc,2019-11-28,usdc,1951.0,3244.0,4093.0,coinmetrics_community
stable_usdc,2019-11-29,usdc,3169.0,4317.0,4923.0,coinmetrics_community
stable_usdc,2019-11-30,usdc,1772.0,2698.0,3084.0,coinmetrics_community
stable_usdc,2019-12-01,usdc,1785.0,2651.0,3073.0,coinmetrics_community
stable_usdc,2019-12-02,usdc,2403.0,3505.0,4074.0,coinmetrics_community
stable_usdc,2019-12-03,usdc,2468.0,3472.0,4003.0,coinmetrics_community
stable_usdc,2019-12-04,usdc,2600.0,3741.0,4251.0,coinmetrics_community
stable_usdc,2019-12-05,usdc,2505.0,3505.0,3996.0,coinmetrics_community
stable_usdc,2019-12-06,usdc,2370.0,3176.0,3676.0,coinmetrics_community
stable_usdc,2019-12-07,usdc,1835.0,2397.0,2747.0,coinmetrics_community
stable_usdc,2019-12-08,usdc,1629.0,2174.0,2510.0,coinmetrics_community
stable_usdc,2019-12-09,usdc,2114.0,2826.0,3124.0,coinmetrics_community
stable_usdc,2019-12-10,usdc,2553.0,3679.0,4303.0,coinmetrics_community
stable_usdc,2019-12-11,usdc,2412.0,3192.0,3732.0,coinmetrics_community
stable_usdc,2019-12-12,usdc,2395.0,3214.0,3626.0,coinmetrics_community
stable_usdc,2019-12-13,usdc,2360.0,3214.0,3623.0,coinmetrics_community
stable_usdc,2019-12-14,usdc,1826.0,2422.0,2856.0,coinmetrics_community
stable_usdc,2019-12-15,usdc,1679.0,2189.0,2504.0,coinmetrics_community
stable_usdc,2019-12-16,usdc,2471.0,3686.0,4257.0,coinmetrics_community
stable_usdc,2019-12-17,usdc,3068.0,5070.0,6645.0,coinmetrics_community
stable_usdc,2019-12-18,usdc,3159.0,5155.0,5814.0,coinmetrics_community
stable_usdc,2019-12-19,usdc,2725.0,4204.0,4729.0,coinmetrics_community
stable_usdc,2019-12-20,usdc,2471.0,3697.0,4149.0,coinmetrics_community
stable_usdc,2019-12-21,usdc,1721.0,2239.0,2699.0,coinmetrics_community
stable_usdc,2019-12-22,usdc,1669.0,2223.0,2482.0,coinmetrics_community
stable_usdc,2019-12-23,usdc,2404.0,3591.0,4122.0,coinmetrics_community
stable_usdc,2019-12-24,usdc,2027.0,2818.0,3230.0,coinmetrics_community
stable_usdc,2019-12-25,usdc,1574.0,2174.0,2636.0,coinmetrics_community
stable_usdc,2019-12-26,usdc,2070.0,2828.0,3186.0,coinmetrics_community
stable_usdc,2019-12-27,usdc,2299.0,3423.0,3908.0,coinmetrics_community
stable_usdc,2019-12-28,usdc,1747.0,2349.0,2611.0,coinmetrics_community
stable_usdc,2019-12-29,usdc,1693.0,2349.0,2753.0,coinmetrics_community
stable_usdc,2019-12-30,usdc,2074.0,2878.0,3622.0,coinmetrics_community
stable_usdc,2019-12-31,usdc,2241.0,2968.0,3231.0,coinmetrics_community
stable_usdc,2020-01-01,usdc,1481.0,1896.0,2280.0,coinmetrics_community
stable_usdc,2020-01-02,usdc,2302.0,2947.0,3221.0,coinmetrics_community
stable_usdc,2020-01-03,usdc,2561.0,3676.0,4142.0,coinmetrics_community
stable_usdc,2020-01-04,usdc,1824.0,2292.0,2646.0,coinmetrics_community
stable_usdc,2020-01-05,usdc,1924.0,2673.0,3119.0,coinmetrics_community
stable_usdc,2020-01-06,usdc,2761.0,3963.0,4537.0,coinmetrics_community
stable_usdc,2020-01-07,usdc,2930.0,4653.0,5316.0,coinmetrics_community
stable_usdc,2020-01-08,usdc,3327.0,5228.0,6108.0,coinmetrics_community
stable_usdc,2020-01-09,usdc,2878.0,4385.0,4980.0,coinmetrics_community
stable_usdc,2020-01-10,usdc,2896.0,4210.0,4556.0,coinmetrics_community
stable_usdc,2020-01-11,usdc,2337.0,3347.0,3832.0,coinmetrics_community
stable_usdc,2020-01-12,usdc,1819.0,2431.0,2799.0,coinmetrics_community
stable_usdc,2020-01-13,usdc,2295.0,3461.0,3921.0,coinmetrics_community
stable_usdc,2020-01-14,usdc,3939.0,6951.0,7817.0,coinmetrics_community
stable_usdc,2020-01-15,usdc,3941.0,6497.0,7436.0,coinmetrics_community
stable_usdc,2020-01-16,usdc,3397.0,5310.0,6180.0,coinmetrics_community
stable_usdc,2020-01-17,usdc,3770.0,6187.0,7460.0,coinmetrics_community
stable_usdc,2020-01-18,usdc,2503.0,3930.0,4918.0,coinmetrics_community
stable_usdc,2020-01-19,usdc,2516.0,4014.0,5264.0,coinmetrics_community
stable_usdc,2020-01-20,usdc,2371.0,3262.0,3839.0,coinmetrics_community
stable_usdc,2020-01-21,usdc,2884.0,4064.0,4554.0,coinmetrics_community
stable_usdc,2020-01-22,usdc,2799.0,4111.0,4478.0,coinmetrics_community
stable_usdc,2020-01-23,usdc,2970.0,4735.0,5489.0,coinmetrics_community
stable_usdc,2020-01-24,usdc,2741.0,4158.0,4847.0,coinmetrics_community
stable_usdc,2020-01-25,usdc,1995.0,2811.0,3350.0,coinmetrics_community
stable_usdc,2020-01-26,usdc,2053.0,2857.0,3453.0,coinmetrics_community
stable_usdc,2020-01-27,usdc,3139.0,4797.0,5748.0,coinmetrics_community
stable_usdc,2020-01-28,usdc,3273.0,4958.0,5704.0,coinmetrics_community
stable_usdc,2020-01-29,usdc,3403.0,4985.0,5710.0,coinmetrics_community
stable_usdc,2020-01-30,usdc,3922.0,5955.0,6852.0,coinmetrics_community
stable_usdc,2020-01-31,usdc,3220.0,4816.0,5545.0,coinmetrics_community
stable_usdc,2020-02-01,usdc,3829.0,5063.0,5724.0,coinmetrics_community
stable_usdc,2020-02-02,usdc,2595.0,3822.0,4552.0,coinmetrics_community
stable_usdc,2020-02-03,usdc,3127.0,4594.0,5489.0,coinmetrics_community
stable_usdc,2020-02-04,usdc,3870.0,5456.0,6609.0,coinmetrics_community
stable_usdc,2020-02-05,usdc,3995.0,6188.0,7509.0,coinmetrics_community
stable_usdc,2020-02-06,usdc,4142.0,6399.0,7453.0,coinmetrics_community
stable_usdc,2020-02-07,usdc,3824.0,5934.0,7168.0,coinmetrics_community
stable_usdc,2020-02-08,usdc,3267.0,5038.0,6396.0,coinmetrics_community
stable_usdc,2020-02-09,usdc,3156.0,4740.0,6036.0,coinmetrics_community
stable_usdc,2020-02-10,usdc,3573.0,6023.0,7125.0,coinmetrics_community
stable_usdc,2020-02-11,usdc,4219.0,6819.0,7998.0,coinmetrics_community
stable_usdc,2020-02-12,usdc,6428.0,10154.0,12008.0,coinmetrics_community
stable_usdc,2020-02-13,usdc,4375.0,7618.0,8941.0,coinmetrics_community
stable_usdc,2020-02-14,usdc,4286.0,7163.0,8600.0,coinmetrics_community
stable_usdc,2020-02-15,usdc,3570.0,6110.0,7550.0,coinmetrics_community
stable_usdc,2020-02-16,usdc,3418.0,6277.0,7532.0,coinmetrics_community
stable_usdc,2020-02-17,usdc,3629.0,6450.0,7772.0,coinmetrics_community
stable_usdc,2020-02-18,usdc,4162.0,6915.0,8022.0,coinmetrics_community
stable_usdc,2020-02-19,usdc,3981.0,6403.0,7569.0,coinmetrics_community
stable_usdc,2020-02-20,usdc,4034.0,6932.0,8480.0,coinmetrics_community
stable_usdc,2020-02-21,usdc,3608.0,5939.0,6944.0,coinmetrics_community
stable_usdc,2020-02-22,usdc,2634.0,4357.0,4896.0,coinmetrics_community
stable_usdc,2020-02-23,usdc,2525.0,4359.0,4832.0,coinmetrics_community
stable_usdc,2020-02-24,usdc,3508.0,5787.0,6481.0,coinmetrics_community
stable_usdc,2020-02-25,usdc,3930.0,7291.0,9025.0,coinmetrics_community
stable_usdc,2020-02-26,usdc,5318.0,10105.0,12484.0,coinmetrics_community
stable_usdc,2020-02-27,usdc,5199.0,9063.0,10941.0,coinmetrics_community
stable_usdc,2020-02-28,usdc,4605.0,8240.0,9785.0,coinmetrics_community
stable_usdc,2020-02-29,usdc,2803.0,4905.0,5895.0,coinmetrics_community
stable_usdc,2020-03-01,usdc,3110.0,5749.0,7079.0,coinmetrics_community
stable_usdc,2020-03-02,usdc,4488.0,7557.0,9219.0,coinmetrics_community
stable_usdc,2020-03-03,usdc,4711.0,7650.0,8855.0,coinmetrics_community
stable_usdc,2020-03-04,usdc,4027.0,6549.0,7722.0,coinmetrics_community
stable_usdc,2020-03-05,usdc,4645.0,7201.0,8433.0,coinmetrics_community
stable_usdc,2020-03-06,usdc,4589.0,7297.0,8498.0,coinmetrics_community
stable_usdc,2020-03-07,usdc,3333.0,5658.0,6867.0,coinmetrics_community
stable_usdc,2020-03-08,usdc,3879.0,7120.0,9049.0,coinmetrics_community
stable_usdc,2020-03-09,usdc,5471.0,10595.0,14046.0,coinmetrics_community
stable_usdc,2020-03-10,usdc,4283.0,7268.0,8685.0,coinmetrics_community
stable_usdc,2020-03-11,usdc,3902.0,7319.0,9402.0,coinmetrics_community
stable_usdc,2020-03-12,usdc,8334.0,17375.0,24588.0,coinmetrics_community
stable_usdc,2020-03-13,usdc,10125.0,22385.0,30110.0,coinmetrics_community
stable_usdc,2020-03-14,usdc,4695.0,9981.0,13351.0,coinmetrics_community
stable_usdc,2020-03-15,usdc,4295.0,10847.0,15724.0,coinmetrics_community
stable_usdc,2020-03-16,usdc,6932.0,15318.0,22401.0,coinmetrics_community
stable_usdc,2020-03-17,usdc,7144.0,12388.0,17892.0,coinmetrics_community
stable_usdc,2020-03-18,usdc,6119.0,9829.0,14262.0,coinmetrics_community
stable_usdc,2020-03-19,usdc,7260.0,12715.0,17912.0,coinmetrics_community
stable_usdc,2020-03-20,usdc,6615.0,12633.0,17737.0,coinmetrics_community
stable_usdc,2020-03-21,usdc,4831.0,7688.0,10309.0,coinmetrics_community
stable_usdc,2020-03-22,usdc,3798.0,6549.0,9674.0,coinmetrics_community
stable_usdc,2020-03-23,usdc,5135.0,8486.0,11980.0,coinmetrics_community
stable_usdc,2020-03-24,usdc,5428.0,8806.0,12765.0,coinmetrics_community
stable_usdc,2020-03-25,usdc,4420.0,7437.0,9375.0,coinmetrics_community
stable_usdc,2020-03-26,usdc,5182.0,7406.0,9688.0,coinmetrics_community
stable_usdc,2020-03-27,usdc,5240.0,8044.0,10692.0,coinmetrics_community
stable_usdc,2020-03-28,usdc,4415.0,7343.0,10668.0,coinmetrics_community
stable_usdc,2020-03-29,usdc,3441.0,5072.0,7820.0,coinmetrics_community
stable_usdc,2020-03-30,usdc,4703.0,7160.0,10666.0,coinmetrics_community
stable_usdc,2020-03-31,usdc,4599.0,6935.0,10282.0,coinmetrics_community
stable_usdc,2020-04-01,usdc,5112.0,7427.0,10335.0,coinmetrics_community
stable_usdc,2020-04-02,usdc,6053.0,9466.0,12955.0,coinmetrics_community
stable_usdc,2020-04-03,usdc,5386.0,8165.0,10915.0,coinmetrics_community
stable_usdc,2020-04-04,usdc,3962.0,5290.0,7646.0,coinmetrics_community
stable_usdc,2020-04-05,usdc,3662.0,4731.0,7425.0,coinmetrics_community
stable_usdc,2020-04-06,usdc,6026.0,9781.0,14094.0,coinmetrics_community
stable_usdc,2020-04-07,usdc,6886.0,10699.0,14890.0,coinmetrics_community
stable_usdc,2020-04-08,usdc,5327.0,7571.0,11074.0,coinmetrics_community
stable_usdc,2020-04-09,usdc,5317.0,7174.0,9655.0,coinmetrics_community
stable_usdc,2020-04-10,usdc,6524.0,9786.0,13227.0,coinmetrics_community
stable_usdc,2020-04-11,usdc,4080.0,5323.0,7755.0,coinmetrics_community
stable_usdc,2020-04-12,usdc,4016.0,5333.0,7800.0,coinmetrics_community
stable_usdc,2020-04-13,usdc,5147.0,7316.0,10085.0,coinmetrics_community
stable_usdc,2020-04-14,usdc,4956.0,6517.0,8581.0,coinmetrics_community
stable_usdc,2020-04-15,usdc,5314.0,7220.0,9740.0,coinmetrics_community
stable_usdc,2020-04-16,usdc,6083.0,9346.0,12863.0,coinmetrics_community
stable_usdc,2020-04-17,usdc,5896.0,7891.0,10290.0,coinmetrics_community
stable_usdc,2020-04-18,usdc,4900.0,6948.0,9901.0,coinmetrics_community
stable_usdc,2020-04-19,usdc,4415.0,6465.0,9587.0,coinmetrics_community
stable_usdc,2020-04-20,usdc,5721.0,8322.0,12025.0,coinmetrics_community
stable_usdc,2020-04-21,usdc,5756.0,7521.0,10442.0,coinmetrics_community
stable_usdc,2020-04-22,usdc,5738.0,7968.0,11366.0,coinmetrics_community
stable_usdc,2020-04-23,usdc,7026.0,10378.0,14045.0,coinmetrics_community
stable_usdc,2020-04-24,usdc,6327.0,8576.0,11190.0,coinmetrics_community
stable_usdc,2020-04-25,usdc,5458.0,7246.0,9939.0,coinmetrics_community
stable_usdc,2020-04-26,usdc,4783.0,6082.0,8871.0,coinmetrics_community
stable_usdc,2020-04-27,usdc,5709.0,7607.0,10569.0,coinmetrics_community
stable_usdc,2020-04-28,usdc,5925.0,7801.0,10288.0,coinmetrics_community
stable_usdc,2020-04-29,usdc,7885.0,11518.0,15015.0,coinmetrics_community
stable_usdc,2020-04-30,usdc,7476.0,11998.0,14008.0,coinmetrics_community
stable_usdc,2020-05-01,usdc,7233.0,10031.0,13184.0,coinmetrics_community
stable_usdc,2020-05-02,usdc,5450.0,6939.0,9398.0,coinmetrics_community
stable_usdc,2020-05-03,usdc,5171.0,6869.0,9955.0,coinmetrics_community
stable_usdc,2020-05-04,usdc,6541.0,9561.0,12799.0,coinmetrics_community
stable_usdc,2020-05-05,usdc,6080.0,7767.0,10300.0,coinmetrics_community
stable_usdc,2020-05-06,usdc,6764.0,8811.0,11559.0,coinmetrics_community
stable_usdc,2020-05-07,usdc,7320.0,9717.0,12757.0,coinmetrics_community
stable_usdc,2020-05-08,usdc,7726.0,10536.0,13275.0,coinmetrics_community
stable_usdc,2020-05-09,usdc,5688.0,7643.0,10191.0,coinmetrics_community
stable_usdc,2020-05-10,usdc,7714.0,12340.0,14970.0,coinmetrics_community
stable_usdc,2020-05-11,usdc,7493.0,10382.0,13520.0,coinmetrics_community
stable_usdc,2020-05-12,usdc,6962.0,8989.0,11684.0,coinmetrics_community
stable_usdc,2020-05-13,usdc,6934.0,9170.0,11992.0,coinmetrics_community
stable_usdc,2020-05-14,usdc,8508.0,11087.0,13898.0,coinmetrics_community
stable_usdc,2020-05-15,usdc,7214.0,9460.0,12152.0,coinmetrics_community
stable_usdc,2020-05-16,usdc,4537.0,6144.0,7171.0,coinmetrics_community
stable_usdc,2020-05-17,usdc,4369.0,6297.0,7475.0,coinmetrics_community
stable_usdc,2020-05-18,usdc,6677.0,8482.0,11720.0,coinmetrics_community
stable_usdc,2020-05-19,usdc,5454.0,8074.0,9402.0,coinmetrics_community
stable_usdc,2020-05-20,usdc,5756.0,8370.0,9474.0,coinmetrics_community
stable_usdc,2020-05-21,usdc,7176.0,9270.0,12741.0,coinmetrics_community
stable_usdc,2020-05-22,usdc,6746.0,9543.0,10783.0,coinmetrics_community
stable_usdc,2020-05-23,usdc,4545.0,6408.0,7574.0,coinmetrics_community
stable_usdc,2020-05-24,usdc,5095.0,6301.0,9722.0,coinmetrics_community
stable_usdc,2020-05-25,usdc,5164.0,6935.0,7904.0,coinmetrics_community
stable_usdc,2020-05-26,usdc,5277.0,7745.0,8766.0,coinmetrics_community
stable_usdc,2020-05-27,usdc,6234.0,7581.0,10304.0,coinmetrics_community
stable_usdc,2020-05-28,usdc,5778.0,8019.0,8890.0,coinmetrics_community
stable_usdc,2020-05-29,usdc,7335.0,10129.0,11236.0,coinmetrics_community
stable_usdc,2020-05-30,usdc,6278.0,7852.0,10906.0,coinmetrics_community
stable_usdc,2020-05-31,usdc,4776.0,6669.0,7565.0,coinmetrics_community
stable_usdc,2020-06-01,usdc,6774.0,9455.0,10489.0,coinmetrics_community
stable_usdc,2020-06-02,usdc,9778.0,12963.0,16724.0,coinmetrics_community
stable_usdc,2020-06-03,usdc,7189.0,9550.0,10499.0,coinmetrics_community
stable_usdc,2020-06-04,usdc,6424.0,8718.0,9785.0,coinmetrics_community
stable_usdc,2020-06-05,usdc,7157.0,9166.0,12690.0,coinmetrics_community
stable_usdc,2020-06-06,usdc,4455.0,6067.0,7009.0,coinmetrics_community
stable_usdc,2020-06-07,usdc,4403.0,6141.0,7018.0,coinmetrics_community
stable_usdc,2020-06-08,usdc,6280.0,7512.0,10990.0,coinmetrics_community
stable_usdc,2020-06-09,usdc,6003.0,8377.0,9912.0,coinmetrics_community
stable_usdc,2020-06-10,usdc,6214.0,8835.0,10239.0,coinmetrics_community
stable_usdc,2020-06-11,usdc,8491.0,11777.0,15836.0,coinmetrics_community
stable_usdc,2020-06-12,usdc,6876.0,9806.0,11457.0,coinmetrics_community
stable_usdc,2020-06-13,usdc,4608.0,6230.0,7543.0,coinmetrics_community
stable_usdc,2020-06-14,usdc,5373.0,6749.0,10960.0,coinmetrics_community
stable_usdc,2020-06-15,usdc,6767.0,10391.0,12754.0,coinmetrics_community
stable_usdc,2020-06-16,usdc,6719.0,10434.0,13433.0,coinmetrics_community
stable_usdc,2020-06-17,usdc,7300.0,10704.0,15928.0,coinmetrics_community
stable_usdc,2020-06-18,usdc,6914.0,11100.0,13865.0,coinmetrics_community
stable_usdc,2020-06-19,usdc,7961.0,14262.0,18469.0,coinmetrics_community
stable_usdc,2020-06-20,usdc,8304.0,13370.0,20222.0,coinmetrics_community
stable_usdc,2020-06-21,usdc,5768.0,10736.0,15034.0,coinmetrics_community
stable_usdc,2020-06-22,usdc,8801.0,14842.0,18464.0,coinmetrics_community
stable_usdc,2020-06-23,usdc,9767.0,13795.0,19404.0,coinmetrics_community
stable_usdc,2020-06-24,usdc,8275.0,13543.0,17243.0,coinmetrics_community
stable_usdc,2020-06-25,usdc,7651.0,12144.0,15169.0,coinmetrics_community
stable_usdc,2020-06-26,usdc,9159.0,13731.0,20255.0,coinmetrics_community
stable_usdc,2020-06-27,usdc,10565.0,15481.0,19084.0,coinmetrics_community
stable_usdc,2020-06-28,usdc,6182.0,9883.0,12941.0,coinmetrics_community
stable_usdc,2020-06-29,usdc,7543.0,10333.0,15412.0,coinmetrics_community
stable_usdc,2020-06-30,usdc,8495.0,12033.0,14143.0,coinmetrics_community
stable_usdc,2020-07-01,usdc,8266.0,12752.0,15694.0,coinmetrics_community
stable_usdc,2020-07-02,usdc,9537.0,14667.0,21339.0,coinmetrics_community
stable_usdc,2020-07-03,usdc,8489.0,14595.0,18371.0,coinmetrics_community
stable_usdc,2020-07-04,usdc,7417.0,10649.0,16496.0,coinmetrics_community
stable_usdc,2020-07-05,usdc,5587.0,9124.0,11983.0,coinmetrics_community
stable_usdc,2020-07-06,usdc,7741.0,12437.0,15486.0,coinmetrics_community
stable_usdc,2020-07-07,usdc,8580.0,13378.0,16538.0,coinmetrics_community
stable_usdc,2020-07-08,usdc,11571.0,16287.0,22350.0,coinmetrics_community
stable_usdc,2020-07-09,usdc,12532.0,17722.0,20538.0,coinmetrics_community
stable_usdc,2020-07-10,usdc,9322.0,13431.0,18958.0,coinmetrics_community
stable_usdc,2020-07-11,usdc,6588.0,10217.0,12520.0,coinmetrics_community
stable_usdc,2020-07-12,usdc,5955.0,9860.0,12692.0,coinmetrics_community
stable_usdc,2020-07-13,usdc,8156.0,13498.0,16440.0,coinmetrics_community
stable_usdc,2020-07-14,usdc,8752.0,12300.0,18044.0,coinmetrics_community
stable_usdc,2020-07-15,usdc,8737.0,13539.0,16597.0,coinmetrics_community
stable_usdc,2020-07-16,usdc,8719.0,13764.0,16509.0,coinmetrics_community
stable_usdc,2020-07-17,usdc,9041.0,13175.0,19426.0,coinmetrics_community
stable_usdc,2020-07-18,usdc,7121.0,13808.0,20078.0,coinmetrics_community
stable_usdc,2020-07-19,usdc,7132.0,14795.0,22404.0,coinmetrics_community
stable_usdc,2020-07-20,usdc,9418.0,15294.0,24036.0,coinmetrics_community
stable_usdc,2020-07-21,usdc,9326.0,15259.0,19536.0,coinmetrics_community
stable_usdc,2020-07-22,usdc,8321.0,14217.0,18767.0,coinmetrics_community
stable_usdc,2020-07-23,usdc,10305.0,16373.0,24669.0,coinmetrics_community
stable_usdc,2020-07-24,usdc,9562.0,17035.0,22646.0,coinmetrics_community
stable_usdc,2020-07-25,usdc,9125.0,16121.0,21933.0,coinmetrics_community
stable_usdc,2020-07-26,usdc,9488.0,17550.0,23268.0,coinmetrics_community
stable_usdc,2020-07-27,usdc,13637.0,23246.0,28200.0,coinmetrics_community
stable_usdc,2020-07-28,usdc,10699.0,17830.0,22513.0,coinmetrics_community
stable_usdc,2020-07-29,usdc,9941.0,16136.0,23632.0,coinmetrics_community
stable_usdc,2020-07-30,usdc,9627.0,16040.0,21833.0,coinmetrics_community
stable_usdc,2020-07-31,usdc,10256.0,17471.0,21088.0,coinmetrics_community
stable_usdc,2020-08-01,usdc,10069.0,17808.0,22343.0,coinmetrics_community
stable_usdc,2020-08-02,usdc,9325.0,17174.0,21829.0,coinmetrics_community
stable_usdc,2020-08-03,usdc,12242.0,22474.0,27313.0,coinmetrics_community
stable_usdc,2020-08-04,usdc,10612.0,17951.0,21753.0,coinmetrics_community
stable_usdc,2020-08-05,usdc,10904.0,16511.0,23331.0,coinmetrics_community
stable_usdc,2020-08-06,usdc,10115.0,16416.0,19313.0,coinmetrics_community
stable_usdc,2020-08-07,usdc,10724.0,19574.0,23026.0,coinmetrics_community
stable_usdc,2020-08-08,usdc,9374.0,16560.0,20341.0,coinmetrics_community
stable_usdc,2020-08-09,usdc,8190.0,14813.0,18072.0,coinmetrics_community
stable_usdc,2020-08-10,usdc,10695.0,20150.0,24412.0,coinmetrics_community
stable_usdc,2020-08-11,usdc,12777.0,23157.0,26624.0,coinmetrics_community
stable_usdc,2020-08-12,usdc,12267.0,23501.0,27879.0,coinmetrics_community
stable_usdc,2020-08-13,usdc,12200.0,22550.0,25977.0,coinmetrics_community
stable_usdc,2020-08-14,usdc,13535.0,24117.0,29260.0,coinmetrics_community
stable_usdc,2020-08-15,usdc,10807.0,18056.0,21451.0,coinmetrics_community
stable_usdc,2020-08-16,usdc,9847.0,17135.0,20031.0,coinmetrics_community
stable_usdc,2020-08-17,usdc,12289.0,21442.0,24568.0,coinmetrics_community
stable_usdc,2020-08-18,usdc,12483.0,23508.0,26900.0,coinmetrics_community
stable_usdc,2020-08-19,usdc,12578.0,20916.0,27899.0,coinmetrics_community
stable_usdc,2020-08-20,usdc,10926.0,19604.0,23270.0,coinmetrics_community
stable_usdc,2020-08-21,usdc,40866.0,49013.0,51950.0,coinmetrics_community
stable_usdc,2020-08-22,usdc,10083.0,17420.0,20558.0,coinmetrics_community
stable_usdc,2020-08-23,usdc,7887.0,14410.0,17371.0,coinmetrics_community
stable_usdc,2020-08-24,usdc,9053.0,16729.0,20196.0,coinmetrics_community
stable_usdc,2020-08-25,usdc,11178.0,19337.0,22414.0,coinmetrics_community
stable_usdc,2020-08-26,usdc,10711.0,17238.0,23611.0,coinmetrics_community
stable_usdc,2020-08-27,usdc,10372.0,17719.0,22930.0,coinmetrics_community
stable_usdc,2020-08-28,usdc,10194.0,19414.0,23529.0,coinmetrics_community
stable_usdc,2020-08-29,usdc,8582.0,16279.0,19760.0,coinmetrics_community
stable_usdc,2020-08-30,usdc,8203.0,16238.0,19771.0,coinmetrics_community
stable_usdc,2020-08-31,usdc,9911.0,17755.0,20794.0,coinmetrics_community
stable_usdc,2020-09-01,usdc,12621.0,23914.0,27124.0,coinmetrics_community
stable_usdc,2020-09-02,usdc,12265.0,26163.0,30174.0,coinmetrics_community
stable_usdc,2020-09-03,usdc,14475.0,26982.0,31846.0,coinmetrics_community
stable_usdc,2020-09-04,usdc,17141.0,29996.0,34786.0,coinmetrics_community
stable_usdc,2020-09-05,usdc,14449.0,33352.0,37934.0,coinmetrics_community
stable_usdc,2020-09-06,usdc,12602.0,24132.0,30341.0,coinmetrics_community
stable_usdc,2020-09-07,usdc,9791.0,20662.0,25330.0,coinmetrics_community
stable_usdc,2020-09-08,usdc,11443.0,24420.0,30612.0,coinmetrics_community
stable_usdc,2020-09-09,usdc,12669.0,28204.0,35724.0,coinmetrics_community
stable_usdc,2020-09-10,usdc,13592.0,28733.0,37077.0,coinmetrics_community
stable_usdc,2020-09-11,usdc,13955.0,31162.0,38166.0,coinmetrics_community
stable_usdc,2020-09-12,usdc,11543.0,26607.0,33465.0,coinmetrics_community
stable_usdc,2020-09-13,usdc,10157.0,25366.0,31846.0,coinmetrics_community
stable_usdc,2020-09-14,usdc,11454.0,27294.0,33861.0,coinmetrics_community
stable_usdc,2020-09-15,usdc,12649.0,29456.0,37075.0,coinmetrics_community
stable_usdc,2020-09-16,usdc,13829.0,27877.0,35161.0,coinmetrics_community
stable_usdc,2020-09-17,usdc,14083.0,25299.0,28770.0,coinmetrics_community
stable_usdc,2020-09-18,usdc,15117.0,27893.0,31844.0,coinmetrics_community
stable_usdc,2020-09-19,usdc,12642.0,27223.0,35100.0,coinmetrics_community
stable_usdc,2020-09-20,usdc,11229.0,26554.0,34943.0,coinmetrics_community
stable_usdc,2020-09-21,usdc,13932.0,28496.0,34253.0,coinmetrics_community
stable_usdc,2020-09-22,usdc,12796.0,25445.0,29558.0,coinmetrics_community
stable_usdc,2020-09-23,usdc,15353.0,29488.0,35794.0,coinmetrics_community
stable_usdc,2020-09-24,usdc,12972.0,27375.0,33277.0,coinmetrics_community
stable_usdc,2020-09-25,usdc,12154.0,25181.0,30236.0,coinmetrics_community
stable_usdc,2020-09-26,usdc,10591.0,21965.0,26878.0,coinmetrics_community
stable_usdc,2020-09-27,usdc,8779.0,18594.0,22226.0,coinmetrics_community
stable_usdc,2020-09-28,usdc,11674.0,20819.0,25471.0,coinmetrics_community
stable_usdc,2020-09-29,usdc,11904.0,27888.0,31608.0,coinmetrics_community
stable_usdc,2020-09-30,usdc,12613.0,27983.0,31594.0,coinmetrics_community
stable_usdc,2020-10-01,usdc,14788.0,31620.0,36689.0,coinmetrics_community
stable_usdc,2020-10-02,usdc,15492.0,33511.0,38792.0,coinmetrics_community
stable_usdc,2020-10-03,usdc,10309.0,22146.0,25561.0,coinmetrics_community
stable_usdc,2020-10-04,usdc,9445.0,21252.0,25940.0,coinmetrics_community
stable_usdc,2020-10-05,usdc,12562.0,25651.0,31158.0,coinmetrics_community
stable_usdc,2020-10-06,usdc,12453.0,29066.0,33698.0,coinmetrics_community
stable_usdc,2020-10-07,usdc,11934.0,25259.0,29735.0,coinmetrics_community
stable_usdc,2020-10-08,usdc,11581.0,24276.0,28424.0,coinmetrics_community
stable_usdc,2020-10-09,usdc,12489.0,24251.0,28664.0,coinmetrics_community
stable_usdc,2020-10-10,usdc,9678.0,19360.0,22925.0,coinmetrics_community
stable_usdc,2020-10-11,usdc,8798.0,18756.0,22477.0,coinmetrics_community
stable_usdc,2020-10-12,usdc,10518.0,22026.0,25690.0,coinmetrics_community
stable_usdc,2020-10-13,usdc,14821.0,23929.0,28545.0,coinmetrics_community
stable_usdc,2020-10-14,usdc,11842.0,22053.0,26074.0,coinmetrics_community
stable_usdc,2020-10-15,usdc,40112.0,56269.0,60088.0,coinmetrics_community
stable_usdc,2020-10-16,usdc,31208.0,47373.0,50820.0,coinmetrics_community
stable_usdc,2020-10-17,usdc,23587.0,37481.0,40859.0,coinmetrics_community
stable_usdc,2020-10-18,usdc,10839.0,20025.0,23808.0,coinmetrics_community
stable_usdc,2020-10-19,usdc,13728.0,25347.0,30032.0,coinmetrics_community
stable_usdc,2020-10-20,usdc,19935.0,34929.0,39980.0,coinmetrics_community
stable_usdc,2020-10-21,usdc,30218.0,48587.0,52953.0,coinmetrics_community
stable_usdc,2020-10-22,usdc,29933.0,47781.0,52704.0,coinmetrics_community
stable_usdc,2020-10-23,usdc,25148.0,41842.0,45488.0,coinmetrics_community
stable_usdc,2020-10-24,usdc,21506.0,34776.0,37938.0,coinmetrics_community
stable_usdc,2020-10-25,usdc,19409.0,31994.0,34931.0,coinmetrics_community
stable_usdc,2020-10-26,usdc,23945.0,45258.0,51939.0,coinmetrics_community
stable_usdc,2020-10-27,usdc,23449.0,39480.0,43392.0,coinmetrics_community
stable_usdc,2020-10-28,usdc,24174.0,41555.0,45550.0,coinmetrics_community
stable_usdc,2020-10-29,usdc,27487.0,46733.0,50761.0,coinmetrics_community
stable_usdc,2020-10-30,usdc,26510.0,46039.0,50268.0,coinmetrics_community
stable_usdc,2020-10-31,usdc,29232.0,46872.0,49849.0,coinmetrics_community
stable_usdc,2020-11-01,usdc,26831.0,41490.0,45093.0,coinmetrics_community
stable_usdc,2020-11-02,usdc,29401.0,46828.0,51364.0,coinmetrics_community
stable_usdc,2020-11-03,usdc,33311.0,53313.0,57298.0,coinmetrics_community
stable_usdc,2020-11-04,usdc,29939.0,47943.0,52444.0,coinmetrics_community
stable_usdc,2020-11-05,usdc,28681.0,46359.0,50792.0,coinmetrics_community
stable_usdc,2020-11-06,usdc,30096.0,47739.0,52613.0,coinmetrics_community
stable_usdc,2020-11-07,usdc,28469.0,48414.0,54156.0,coinmetrics_community
stable_usdc,2020-11-08,usdc,30854.0,48234.0,51768.0,coinmetrics_community
stable_usdc,2020-11-09,usdc,37208.0,54043.0,59845.0,coinmetrics_community
stable_usdc,2020-11-10,usdc,26680.0,43012.0,46718.0,coinmetrics_community
stable_usdc,2020-11-11,usdc,26538.0,40743.0,44380.0,coinmetrics_community
stable_usdc,2020-11-12,usdc,28404.0,42370.0,45846.0,coinmetrics_community
stable_usdc,2020-11-13,usdc,26863.0,42337.0,45744.0,coinmetrics_community
stable_usdc,2020-11-14,usdc,26901.0,42108.0,46196.0,coinmetrics_community
stable_usdc,2020-11-15,usdc,22794.0,36910.0,41556.0,coinmetrics_community
stable_usdc,2020-11-16,usdc,26462.0,40820.0,46541.0,coinmetrics_community
stable_usdc,2020-11-17,usdc,32584.0,53344.0,57480.0,coinmetrics_community
stable_usdc,2020-11-18,usdc,31338.0,50311.0,54873.0,coinmetrics_community
stable_usdc,2020-11-19,usdc,29659.0,47179.0,51281.0,coinmetrics_community
stable_usdc,2020-11-20,usdc,35899.0,55826.0,60084.0,coinmetrics_community
stable_usdc,2020-11-21,usdc,38818.0,60220.0,64553.0,coinmetrics_community
stable_usdc,2020-11-22,usdc,35395.0,57041.0,62360.0,coinmetrics_community
stable_usdc,2020-11-23,usdc,38426.0,52871.0,58832.0,coinmetrics_community
stable_usdc,2020-11-24,usdc,43212.0,59630.0,64245.0,coinmetrics_community
stable_usdc,2020-11-25,usdc,38425.0,58949.0,63894.0,coinmetrics_community
stable_usdc,2020-11-26,usdc,33700.0,53168.0,60936.0,coinmetrics_community
stable_usdc,2020-11-27,usdc,25064.0,36723.0,40886.0,coinmetrics_community
stable_usdc,2020-11-28,usdc,35276.0,46656.0,51397.0,coinmetrics_community
stable_usdc,2020-11-29,usdc,27743.0,39673.0,44340.0,coinmetrics_community
stable_usdc,2020-11-30,usdc,36088.0,56039.0,63100.0,coinmetrics_community
stable_usdc,2020-12-01,usdc,34008.0,49460.0,53913.0,coinmetrics_community
stable_usdc,2020-12-02,usdc,16448.0,29501.0,33806.0,coinmetrics_community
stable_usdc,2020-12-03,usdc,16274.0,31133.0,35655.0,coinmetrics_community
stable_usdc,2020-12-04,usdc,16963.0,31058.0,35653.0,coinmetrics_community
stable_usdc,2020-12-05,usdc,14924.0,26590.0,30578.0,coinmetrics_community
stable_usdc,2020-12-06,usdc,13755.0,22847.0,28958.0,coinmetrics_community
stable_usdc,2020-12-07,usdc,14090.0,28426.0,32440.0,coinmetrics_community
stable_usdc,2020-12-08,usdc,16629.0,32734.0,37101.0,coinmetrics_community
stable_usdc,2020-12-09,usdc,16408.0,31691.0,36100.0,coinmetrics_community
stable_usdc,2020-12-10,usdc,16730.0,29186.0,33005.0,coinmetrics_community
stable_usdc,2020-12-11,usdc,25487.0,40672.0,44774.0,coinmetrics_community
stable_usdc,2020-12-12,usdc,45965.0,66981.0,71095.0,coinmetrics_community
stable_usdc,2020-12-13,usdc,46946.0,65314.0,70717.0,coinmetrics_community
stable_usdc,2020-12-14,usdc,39301.0,57076.0,59975.0,coinmetrics_community
stable_usdc,2020-12-15,usdc,41734.0,56217.0,62178.0,coinmetrics_community
stable_usdc,2020-12-16,usdc,34055.0,52219.0,56107.0,coinmetrics_community
stable_usdc,2020-12-17,usdc,37704.0,60744.0,66768.0,coinmetrics_community
stable_usdc,2020-12-18,usdc,19322.0,37253.0,43606.0,coinmetrics_community
stable_usdc,2020-12-19,usdc,19052.0,37525.0,43270.0,coinmetrics_community
stable_usdc,2020-12-20,usdc,18149.0,35058.0,42845.0,coinmetrics_community
stable_usdc,2020-12-21,usdc,17494.0,39635.0,45032.0,coinmetrics_community
stable_usdc,2020-12-22,usdc,17741.0,47699.0,53484.0,coinmetrics_community
stable_usdc,2020-12-23,usdc,19431.0,43072.0,48640.0,coinmetrics_community
stable_usdc,2020-12-24,usdc,18733.0,38712.0,44332.0,coinmetrics_community
stable_usdc,2020-12-25,usdc,17396.0,37003.0,46186.0,coinmetrics_community
stable_usdc,2020-12-26,usdc,19079.0,40339.0,48632.0,coinmetrics_community
stable_usdc,2020-12-27,usdc,19372.0,41886.0,50054.0,coinmetrics_community
stable_usdc,2020-12-28,usdc,19812.0,39193.0,46144.0,coinmetrics_community
stable_usdc,2020-12-29,usdc,21136.0,44427.0,51375.0,coinmetrics_community
stable_usdc,2020-12-30,usdc,21400.0,41663.0,48332.0,coinmetrics_community
stable_usdc,2020-12-31,usdc,22432.0,42335.0,48611.0,coinmetrics_community
stable_usdc,2021-01-01,usdc,22634.0,39828.0,49531.0,coinmetrics_community
stable_usdc,2021-01-02,usdc,23527.0,45857.0,54162.0,coinmetrics_community
stable_usdc,2021-01-03,usdc,23570.0,44031.0,50282.0,coinmetrics_community
stable_usdc,2021-01-04,usdc,24427.0,45738.0,51546.0,coinmetrics_community
stable_usdc,2021-01-05,usdc,25168.0,45569.0,50742.0,coinmetrics_community
stable_usdc,2021-01-06,usdc,27594.0,46680.0,52809.0,coinmetrics_community
stable_usdc,2021-01-07,usdc,27131.0,45303.0,51165.0,coinmetrics_community
stable_usdc,2021-01-08,usdc,27241.0,47715.0,52911.0,coinmetrics_community
stable_usdc,2021-01-09,usdc,29926.0,47203.0,51819.0,coinmetrics_community
stable_usdc,2021-01-10,usdc,26965.0,44639.0,52689.0,coinmetrics_community
stable_usdc,2021-01-11,usdc,24928.0,50708.0,58444.0,coinmetrics_community
stable_usdc,2021-01-12,usdc,23037.0,43960.0,50326.0,coinmetrics_community
stable_usdc,2021-01-13,usdc,22189.0,41131.0,47993.0,coinmetrics_community
stable_usdc,2021-01-14,usdc,24237.0,46948.0,53815.0,coinmetrics_community
stable_usdc,2021-01-15,usdc,24357.0,45563.0,52212.0,coinmetrics_community
stable_usdc,2021-01-16,usdc,22154.0,42862.0,48739.0,coinmetrics_community
stable_usdc,2021-01-17,usdc,22435.0,40768.0,49615.0,coinmetrics_community
stable_usdc,2021-01-18,usdc,22401.0,42167.0,47886.0,coinmetrics_community
stable_usdc,2021-01-19,usdc,23505.0,43988.0,50173.0,coinmetrics_community
stable_usdc,2021-01-20,usdc,23861.0,44253.0,50941.0,coinmetrics_community
stable_usdc,2021-01-21,usdc,23002.0,43631.0,50365.0,coinmetrics_community
stable_usdc,2021-01-22,usdc,24534.0,46858.0,54456.0,coinmetrics_community
stable_usdc,2021-01-23,usdc,19860.0,37039.0,43149.0,coinmetrics_community
stable_usdc,2021-01-24,usdc,18610.0,35343.0,41093.0,coinmetrics_community
stable_usdc,2021-01-25,usdc,22314.0,42198.0,48675.0,coinmetrics_community
stable_usdc,2021-01-26,usdc,26981.0,45919.0,54722.0,coinmetrics_community
stable_usdc,2021-01-27,usdc,24079.0,45371.0,51974.0,coinmetrics_community
stable_usdc,2021-01-28,usdc,26515.0,47003.0,53382.0,coinmetrics_community
stable_usdc,2021-01-29,usdc,33183.0,54980.0,60703.0,coinmetrics_community
stable_usdc,2021-01-30,usdc,25328.0,41446.0,45907.0,coinmetrics_community
stable_usdc,2021-01-31,usdc,23636.0,39578.0,44208.0,coinmetrics_community
stable_usdc,2021-02-01,usdc,26239.0,43155.0,47424.0,coinmetrics_community
stable_usdc,2021-02-02,usdc,26643.0,44207.0,49120.0,coinmetrics_community
stable_usdc,2021-02-03,usdc,27802.0,48257.0,52740.0,coinmetrics_community
stable_usdc,2021-02-04,usdc,30514.0,50973.0,56240.0,coinmetrics_community
stable_usdc,2021-02-05,usdc,29545.0,48843.0,53499.0,coinmetrics_community
stable_usdc,2021-02-06,usdc,32100.0,51777.0,57144.0,coinmetrics_community
stable_usdc,2021-02-07,usdc,26546.0,45127.0,49940.0,coinmetrics_community
stable_usdc,2021-02-08,usdc,26749.0,44253.0,48725.0,coinmetrics_community
stable_usdc,2021-02-09,usdc,28983.0,47713.0,51142.0,coinmetrics_community
stable_usdc,2021-02-10,usdc,32228.0,52003.0,55838.0,coinmetrics_community
stable_usdc,2021-02-11,usdc,31330.0,50658.0,55099.0,coinmetrics_community
stable_usdc,2021-02-12,usdc,33741.0,55002.0,59576.0,coinmetrics_community
stable_usdc,2021-02-13,usdc,33563.0,56098.0,61130.0,coinmetrics_community
stable_usdc,2021-02-14,usdc,27016.0,45335.0,49992.0,coinmetrics_community
stable_usdc,2021-02-15,usdc,26188.0,43835.0,48539.0,coinmetrics_community
stable_usdc,2021-02-16,usdc,35469.0,52912.0,56648.0,coinmetrics_community
stable_usdc,2021-02-17,usdc,29010.0,48978.0,53309.0,coinmetrics_community
stable_usdc,2021-02-18,usdc,29747.0,49501.0,54055.0,coinmetrics_community
stable_usdc,2021-02-19,usdc,32946.0,53232.0,57263.0,coinmetrics_community
stable_usdc,2021-02-20,usdc,34446.0,56078.0,60540.0,coinmetrics_community
stable_usdc,2021-02-21,usdc,29000.0,47893.0,52448.0,coinmetrics_community
stable_usdc,2021-02-22,usdc,31364.0,54698.0,60090.0,coinmetrics_community
stable_usdc,2021-02-23,usdc,35257.0,62064.0,69541.0,coinmetrics_community
stable_usdc,2021-02-24,usdc,35391.0,59619.0,66645.0,coinmetrics_community
stable_usdc,2021-02-25,usdc,29013.0,51081.0,57916.0,coinmetrics_community
stable_usdc,2021-02-26,usdc,34035.0,59038.0,66773.0,coinmetrics_community
stable_usdc,2021-02-27,usdc,29697.0,51340.0,58665.0,coinmetrics_community
stable_usdc,2021-02-28,usdc,28545.0,51383.0,59214.0,coinmetrics_community
stable_usdc,2021-03-01,usdc,29613.0,48963.0,54694.0,coinmetrics_community
stable_usdc,2021-03-02,usdc,28162.0,46646.0,52370.0,coinmetrics_community
stable_usdc,2021-03-03,usdc,29139.0,49499.0,57080.0,coinmetrics_community
stable_usdc,2021-03-04,usdc,27873.0,47707.0,55375.0,coinmetrics_community
stable_usdc,2021-03-05,usdc,29334.0,52354.0,59455.0,coinmetrics_community
stable_usdc,2021-03-06,usdc,24004.0,39629.0,44750.0,coinmetrics_community
stable_usdc,2021-03-07,usdc,23126.0,40012.0,45081.0,coinmetrics_community
stable_usdc,2021-03-08,usdc,25836.0,42031.0,47414.0,coinmetrics_community
stable_usdc,2021-03-09,usdc,30214.0,50607.0,55027.0,coinmetrics_community
stable_usdc,2021-03-10,usdc,28317.0,46717.0,51094.0,coinmetrics_community
stable_usdc,2021-03-11,usdc,28498.0,46945.0,52133.0,coinmetrics_community
stable_usdc,2021-03-12,usdc,31463.0,50816.0,55799.0,coinmetrics_community
stable_usdc,2021-03-13,usdc,27276.0,44852.0,48945.0,coinmetrics_community
stable_usdc,2021-03-14,usdc,23196.0,37768.0,41176.0,coinmetrics_community
stable_usdc,2021-03-15,usdc,26624.0,45605.0,49468.0,coinmetrics_community
stable_usdc,2021-03-16,usdc,31949.0,51878.0,56498.0,coinmetrics_community
stable_usdc,2021-03-17,usdc,29308.0,46785.0,51299.0,coinmetrics_community
stable_usdc,2021-03-18,usdc,29071.0,311414.0,315221.0,coinmetrics_community
stable_usdc,2021-03-19,usdc,30131.0,312881.0,317728.0,coinmetrics_community
stable_usdc,2021-03-20,usdc,27527.0,276003.0,279969.0,coinmetrics_community
stable_usdc,2021-03-21,usdc,30432.0,268184.0,272484.0,coinmetrics_community
stable_usdc,2021-03-22,usdc,40950.0,317281.0,326604.0,coinmetrics_community
stable_usdc,2021-03-23,usdc,34843.0,331338.0,339095.0,coinmetrics_community
stable_usdc,2021-03-24,usdc,36280.0,325528.0,333451.0,coinmetrics_community
stable_usdc,2021-03-25,usdc,41070.0,356920.0,363407.0,coinmetrics_community
stable_usdc,2021-03-26,usdc,31013.0,278697.0,284622.0,coinmetrics_community
stable_usdc,2021-03-27,usdc,27872.0,260467.0,266396.0,coinmetrics_community
stable_usdc,2021-03-28,usdc,23474.0,268946.0,276050.0,coinmetrics_community
stable_usdc,2021-03-29,usdc,32075.0,289691.0,295149.0,coinmetrics_community
stable_usdc,2021-03-30,usdc,31345.0,290570.0,297924.0,coinmetrics_community
stable_usdc,2021-03-31,usdc,31586.0,306333.0,313966.0,coinmetrics_community
stable_usdc,2021-04-01,usdc,33242.0,272836.0,279871.0,coinmetrics_community
stable_usdc,2021-04-02,usdc,41154.0,265561.0,271440.0,coinmetrics_community
stable_usdc,2021-04-03,usdc,33051.0,267979.0,289412.0,coinmetrics_community
stable_usdc,2021-04-04,usdc,24373.0,273763.0,280044.0,coinmetrics_community
stable_usdc,2021-04-05,usdc,32394.0,272463.0,321870.0,coinmetrics_community
stable_usdc,2021-04-06,usdc,36049.0,327443.0,333153.0,coinmetrics_community
stable_usdc,2021-04-07,usdc,32840.0,391704.0,397865.0,coinmetrics_community
stable_usdc,2021-04-08,usdc,34765.0,316716.0,322676.0,coinmetrics_community
stable_usdc,2021-04-09,usdc,32791.0,309521.0,315995.0,coinmetrics_community
stable_usdc,2021-04-10,usdc,34581.0,328211.0,335075.0,coinmetrics_community
stable_usdc,2021-04-11,usdc,34765.0,323891.0,331437.0,coinmetrics_community
stable_usdc,2021-04-12,usdc,45151.0,345807.0,353591.0,coinmetrics_community
stable_usdc,2021-04-13,usdc,51664.0,358448.0,365765.0,coinmetrics_community
stable_usdc,2021-04-14,usdc,45031.0,379314.0,387323.0,coinmetrics_community
stable_usdc,2021-04-15,usdc,34193.0,321461.0,329699.0,coinmetrics_community
stable_usdc,2021-04-16,usdc,54641.0,376807.0,383235.0,coinmetrics_community
stable_usdc,2021-04-17,usdc,40202.0,357795.0,362851.0,coinmetrics_community
stable_usdc,2021-04-18,usdc,42736.0,454484.0,463400.0,coinmetrics_community
stable_usdc,2021-04-19,usdc,39776.0,401932.0,408594.0,coinmetrics_community
stable_usdc,2021-04-20,usdc,48409.0,410588.0,416948.0,coinmetrics_community
stable_usdc,2021-04-21,usdc,48691.0,404052.0,411335.0,coinmetrics_community
stable_usdc,2021-04-22,usdc,47654.0,471306.0,480643.0,coinmetrics_community
stable_usdc,2021-04-23,usdc,53279.0,492816.0,502373.0,coinmetrics_community
stable_usdc,2021-04-24,usdc,36405.0,496918.0,505113.0,coinmetrics_community
stable_usdc,2021-04-25,usdc,36732.0,508351.0,522294.0,coinmetrics_community
stable_usdc,2021-04-26,usdc,43201.0,561241.0,577779.0,coinmetrics_community
stable_usdc,2021-04-27,usdc,41590.0,524989.0,541511.0,coinmetrics_community
stable_usdc,2021-04-28,usdc,41108.0,554432.0,569378.0,coinmetrics_community
stable_usdc,2021-04-29,usdc,46755.0,807044.0,824737.0,coinmetrics_community
stable_usdc,2021-04-30,usdc,38226.0,768529.0,787258.0,coinmetrics_community
stable_usdc,2021-05-01,usdc,32940.0,509989.0,525549.0,coinmetrics_community
stable_usdc,2021-05-02,usdc,33467.0,440579.0,455423.0,coinmetrics_community
stable_usdc,2021-05-03,usdc,38756.0,439946.0,457915.0,coinmetrics_community
stable_usdc,2021-05-04,usdc,40995.0,463088.0,479508.0,coinmetrics_community
stable_usdc,2021-05-05,usdc,38519.0,440710.0,456182.0,coinmetrics_community
stable_usdc,2021-05-06,usdc,37990.0,437317.0,452244.0,coinmetrics_community
stable_usdc,2021-05-07,usdc,41372.0,435968.0,450468.0,coinmetrics_community
stable_usdc,2021-05-08,usdc,29512.0,418804.0,432464.0,coinmetrics_community
stable_usdc,2021-05-09,usdc,40039.0,418370.0,430133.0,coinmetrics_community
stable_usdc,2021-05-10,usdc,35126.0,486340.0,502033.0,coinmetrics_community
stable_usdc,2021-05-11,usdc,29748.0,489924.0,504293.0,coinmetrics_community
stable_usdc,2021-05-12,usdc,30979.0,532736.0,549480.0,coinmetrics_community
stable_usdc,2021-05-13,usdc,46993.0,596117.0,614538.0,coinmetrics_community
stable_usdc,2021-05-14,usdc,35007.0,534814.0,548136.0,coinmetrics_community
stable_usdc,2021-05-15,usdc,31446.0,555323.0,566888.0,coinmetrics_community
stable_usdc,2021-05-16,usdc,30021.0,575950.0,591330.0,coinmetrics_community
stable_usdc,2021-05-17,usdc,35943.0,613472.0,629054.0,coinmetrics_community
stable_usdc,2021-05-18,usdc,31683.0,595903.0,610781.0,coinmetrics_community
stable_usdc,2021-05-19,usdc,49967.0,863243.0,892855.0,coinmetrics_community
stable_usdc,2021-05-20,usdc,39548.0,647772.0,669347.0,coinmetrics_community
stable_usdc,2021-05-21,usdc,37596.0,778491.0,803054.0,coinmetrics_community
stable_usdc,2021-05-22,usdc,35895.0,472420.0,490650.0,coinmetrics_community
stable_usdc,2021-05-23,usdc,36441.0,547461.0,573379.0,coinmetrics_community
stable_usdc,2021-05-24,usdc,37795.0,492839.0,514243.0,coinmetrics_community
stable_usdc,2021-05-25,usdc,33248.0,526310.0,544123.0,coinmetrics_community
stable_usdc,2021-05-26,usdc,37857.0,489432.0,508087.0,coinmetrics_community
stable_usdc,2021-05-27,usdc,34504.0,446320.0,460449.0,coinmetrics_community
stable_usdc,2021-05-28,usdc,34137.0,473021.0,490898.0,coinmetrics_community
stable_usdc,2021-05-29,usdc,31201.0,428500.0,444465.0,coinmetrics_community
stable_usdc,2021-05-30,usdc,26929.0,394273.0,410681.0,coinmetrics_community
stable_usdc,2021-05-31,usdc,28632.0,441002.0,458604.0,coinmetrics_community
stable_usdc,2021-06-01,usdc,30797.0,428891.0,445518.0,coinmetrics_community
stable_usdc,2021-06-02,usdc,34770.0,387604.0,404269.0,coinmetrics_community
stable_usdc,2021-06-03,usdc,34011.0,398808.0,415412.0,coinmetrics_community
stable_usdc,2021-06-04,usdc,34822.0,418783.0,435203.0,coinmetrics_community
stable_usdc,2021-06-05,usdc,23852.0,387842.0,402321.0,coinmetrics_community
stable_usdc,2021-06-06,usdc,22444.0,336545.0,349520.0,coinmetrics_community
stable_usdc,2021-06-07,usdc,31551.0,396273.0,415919.0,coinmetrics_community
stable_usdc,2021-06-08,usdc,34972.0,466400.0,487830.0,coinmetrics_community
stable_usdc,2021-06-09,usdc,29052.0,417719.0,436621.0,coinmetrics_community
stable_usdc,2021-06-10,usdc,30937.0,387184.0,405016.0,coinmetrics_community
stable_usdc,2021-06-11,usdc,31735.0,378109.0,395307.0,coinmetrics_community
stable_usdc,2021-06-12,usdc,25275.0,373294.0,390308.0,coinmetrics_community
stable_usdc,2021-06-13,usdc,24483.0,334888.0,351578.0,coinmetrics_community
stable_usdc,2021-06-14,usdc,37924.0,370700.0,387835.0,coinmetrics_community
stable_usdc,2021-06-15,usdc,34070.0,363809.0,379982.0,coinmetrics_community
stable_usdc,2021-06-16,usdc,33722.0,393891.0,411301.0,coinmetrics_community
stable_usdc,2021-06-17,usdc,35511.0,367564.0,385630.0,coinmetrics_community
stable_usdc,2021-06-18,usdc,34535.0,359043.0,377680.0,coinmetrics_community
stable_usdc,2021-06-19,usdc,26607.0,332036.0,346363.0,coinmetrics_community
stable_usdc,2021-06-20,usdc,26829.0,350125.0,368344.0,coinmetrics_community
stable_usdc,2021-06-21,usdc,34570.0,455843.0,480696.0,coinmetrics_community
stable_usdc,2021-06-22,usdc,39053.0,530046.0,561496.0,coinmetrics_community
stable_usdc,2021-06-23,usdc,32620.0,418521.0,442932.0,coinmetrics_community
stable_usdc,2021-06-24,usdc,31045.0,347103.0,364005.0,coinmetrics_community
stable_usdc,2021-06-25,usdc,29279.0,406998.0,425079.0,coinmetrics_community
stable_usdc,2021-06-26,usdc,27324.0,417375.0,438362.0,coinmetrics_community
stable_usdc,2021-06-27,usdc,23780.0,416357.0,432663.0,coinmetrics_community
stable_usdc,2021-06-28,usdc,29165.0,380596.0,399072.0,coinmetrics_community
stable_usdc,2021-06-29,usdc,37425.0,401553.0,419669.0,coinmetrics_community
stable_usdc,2021-06-30,usdc,29174.0,395944.0,413236.0,coinmetrics_community
stable_usdc,2021-07-01,usdc,26743.0,350800.0,366075.0,coinmetrics_community
stable_usdc,2021-07-02,usdc,28151.0,335820.0,351872.0,coinmetrics_community
stable_usdc,2021-07-03,usdc,25047.0,289870.0,304312.0,coinmetrics_community
stable_usdc,2021-07-04,usdc,51913.0,297399.0,314702.0,coinmetrics_community
stable_usdc,2021-07-05,usdc,53104.0,349893.0,365783.0,coinmetrics_community
stable_usdc,2021-07-06,usdc,70832.0,372915.0,385123.0,coinmetrics_community
stable_usdc,2021-07-07,usdc,58305.0,340692.0,353474.0,coinmetrics_community
stable_usdc,2021-07-08,usdc,63432.0,369080.0,383398.0,coinmetrics_community
stable_usdc,2021-07-09,usdc,60888.0,333973.0,347007.0,coinmetrics_community
stable_usdc,2021-07-10,usdc,49236.0,303004.0,315935.0,coinmetrics_community
stable_usdc,2021-07-11,usdc,30261.0,276114.0,288522.0,coinmetrics_community
stable_usdc,2021-07-12,usdc,61482.0,309866.0,322363.0,coinmetrics_community
stable_usdc,2021-07-13,usdc,58975.0,336533.0,354932.0,coinmetrics_community
stable_usdc,2021-07-14,usdc,35240.0,331435.0,349867.0,coinmetrics_community
stable_usdc,2021-07-15,usdc,27970.0,324458.0,342712.0,coinmetrics_community
stable_usdc,2021-07-16,usdc,28410.0,310680.0,325621.0,coinmetrics_community
stable_usdc,2021-07-17,usdc,23503.0,285113.0,299435.0,coinmetrics_community
stable_usdc,2021-07-18,usdc,20116.0,271205.0,285469.0,coinmetrics_community
stable_usdc,2021-07-19,usdc,28922.0,312187.0,328102.0,coinmetrics_community
stable_usdc,2021-07-20,usdc,33361.0,326429.0,346908.0,coinmetrics_community
stable_usdc,2021-07-21,usdc,31173.0,327113.0,347771.0,coinmetrics_community
stable_usdc,2021-07-22,usdc,27744.0,300602.0,314715.0,coinmetrics_community
stable_usdc,2021-07-23,usdc,26825.0,284908.0,300701.0,coinmetrics_community
stable_usdc,2021-07-24,usdc,25152.0,278685.0,293813.0,coinmetrics_community
stable_usdc,2021-07-25,usdc,21567.0,276410.0,289928.0,coinmetrics_community
stable_usdc,2021-07-26,usdc,34650.0,377020.0,397669.0,coinmetrics_community
stable_usdc,2021-07-27,usdc,33265.0,332132.0,347601.0,coinmetrics_community
stable_usdc,2021-07-28,usdc,30824.0,337049.0,351801.0,coinmetrics_community
stable_usdc,2021-07-29,usdc,29139.0,315330.0,329276.0,coinmetrics_community
stable_usdc,2021-07-30,usdc,30296.0,347198.0,363101.0,coinmetrics_community
stable_usdc,2021-07-31,usdc,29698.0,320646.0,334555.0,coinmetrics_community
stable_usdc,2021-08-01,usdc,25092.0,326362.0,339844.0,coinmetrics_community
stable_usdc,2021-08-02,usdc,31199.0,348245.0,361258.0,coinmetrics_community
stable_usdc,2021-08-03,usdc,30239.0,349534.0,363259.0,coinmetrics_community
stable_usdc,2021-08-04,usdc,34010.0,316940.0,331553.0,coinmetrics_community
stable_usdc,2021-08-05,usdc,26878.0,313619.0,327565.0,coinmetrics_community
stable_usdc,2021-08-06,usdc,30631.0,328333.0,341889.0,coinmetrics_community
stable_usdc,2021-08-07,usdc,28223.0,358375.0,373449.0,coinmetrics_community
stable_usdc,2021-08-08,usdc,27312.0,323197.0,337673.0,coinmetrics_community
stable_usdc,2021-08-09,usdc,30040.0,331098.0,346278.0,coinmetrics_community
stable_usdc,2021-08-10,usdc,29595.0,378419.0,393635.0,coinmetrics_community
stable_usdc,2021-08-11,usdc,32118.0,392327.0,407363.0,coinmetrics_community
stable_usdc,2021-08-12,usdc,34750.0,387251.0,415021.0,coinmetrics_community
stable_usdc,2021-08-13,usdc,30230.0,368529.0,385932.0,coinmetrics_community
stable_usdc,2021-08-14,usdc,26452.0,320466.0,333847.0,coinmetrics_community
stable_usdc,2021-08-15,usdc,24773.0,331047.0,345386.0,coinmetrics_community
stable_usdc,2021-08-16,usdc,32202.0,506485.0,526647.0,coinmetrics_community
stable_usdc,2021-08-17,usdc,31280.0,564745.0,588164.0,coinmetrics_community
stable_usdc,2021-08-18,usdc,31674.0,568391.0,592555.0,coinmetrics_community
stable_usdc,2021-08-19,usdc,37020.0,479564.0,505989.0,coinmetrics_community
stable_usdc,2021-08-20,usdc,33189.0,431931.0,451053.0,coinmetrics_community
stable_usdc,2021-08-21,usdc,27459.0,387032.0,402998.0,coinmetrics_community
stable_usdc,2021-08-22,usdc,27749.0,373520.0,388496.0,coinmetrics_community
stable_usdc,2021-08-23,usdc,30763.0,384453.0,399989.0,coinmetrics_community
stable_usdc,2021-08-24,usdc,30705.0,439945.0,457608.0,coinmetrics_community
stable_usdc,2021-08-25,usdc,27773.0,399272.0,414520.0,coinmetrics_community
stable_usdc,2021-08-26,usdc,27110.0,416822.0,432726.0,coinmetrics_community
stable_usdc,2021-08-27,usdc,25702.0,360901.0,378115.0,coinmetrics_community
stable_usdc,2021-08-28,usdc,24404.0,398225.0,416542.0,coinmetrics_community
stable_usdc,2021-08-29,usdc,22951.0,377464.0,394434.0,coinmetrics_community
stable_usdc,2021-08-30,usdc,31146.0,477793.0,498264.0,coinmetrics_community
stable_usdc,2021-08-31,usdc,32000.0,517965.0,542555.0,coinmetrics_community
stable_usdc,2021-09-01,usdc,33047.0,516740.0,538258.0,coinmetrics_community
stable_usdc,2021-09-02,usdc,36780.0,513950.0,534691.0,coinmetrics_community
stable_usdc,2021-09-03,usdc,31226.0,517631.0,541306.0,coinmetrics_community
stable_usdc,2021-09-04,usdc,26248.0,482072.0,506263.0,coinmetrics_community
stable_usdc,2021-09-05,usdc,24435.0,487780.0,516167.0,coinmetrics_community
stable_usdc,2021-09-06,usdc,30961.0,600598.0,637162.0,coinmetrics_community
stable_usdc,2021-09-07,usdc,38784.0,968699.0,1028604.0,coinmetrics_community
stable_usdc,2021-09-08,usdc,38155.0,777512.0,820106.0,coinmetrics_community
stable_usdc,2021-09-09,usdc,37907.0,846532.0,898648.0,coinmetrics_community
stable_usdc,2021-09-10,usdc,41644.0,805534.0,861685.0,coinmetrics_community
stable_usdc,2021-09-11,usdc,34456.0,699462.0,749499.0,coinmetrics_community
stable_usdc,2021-09-12,usdc,29871.0,631229.0,675963.0,coinmetrics_community
stable_usdc,2021-09-13,usdc,34671.0,718910.0,773305.0,coinmetrics_community
stable_usdc,2021-09-14,usdc,34208.0,348530.0,375249.0,coinmetrics_community
stable_usdc,2021-09-15,usdc,33360.0,503403.0,545518.0,coinmetrics_community
stable_usdc,2021-09-16,usdc,32912.0,623542.0,689154.0,coinmetrics_community
stable_usdc,2021-09-17,usdc,31321.0,621581.0,656608.0,coinmetrics_community
stable_usdc,2021-09-18,usdc,27307.0,538024.0,573669.0,coinmetrics_community
stable_usdc,2021-09-19,usdc,24522.0,511809.0,554040.0,coinmetrics_community
stable_usdc,2021-09-20,usdc,37311.0,727113.0,782812.0,coinmetrics_community
stable_usdc,2021-09-21,usdc,34080.0,699360.0,755336.0,coinmetrics_community
stable_usdc,2021-09-22,usdc,33125.0,645584.0,696526.0,coinmetrics_community
stable_usdc,2021-09-23,usdc,27613.0,590658.0,622518.0,coinmetrics_community
stable_usdc,2021-09-24,usdc,28464.0,631687.0,661549.0,coinmetrics_community
stable_usdc,2021-09-25,usdc,23673.0,560812.0,587627.0,coinmetrics_community
stable_usdc,2021-09-26,usdc,21203.0,622356.0,649644.0,coinmetrics_community
stable_usdc,2021-09-27,usdc,26676.0,590928.0,618885.0,coinmetrics_community
stable_usdc,2021-09-28,usdc,29613.0,585441.0,614854.0,coinmetrics_community
stable_usdc,2021-09-29,usdc,31238.0,537975.0,563868.0,coinmetrics_community
stable_usdc,2021-09-30,usdc,28692.0,557881.0,584698.0,coinmetrics_community
stable_usdc,2021-10-01,usdc,36799.0,638097.0,669423.0,coinmetrics_community
stable_usdc,2021-10-02,usdc,29954.0,576935.0,607777.0,coinmetrics_community
stable_usdc,2021-10-03,usdc,25157.0,569757.0,599123.0,coinmetrics_community
stable_usdc,2021-10-04,usdc,30886.0,599077.0,625641.0,coinmetrics_community
stable_usdc,2021-10-05,usdc,33376.0,563613.0,590494.0,coinmetrics_community
stable_usdc,2021-10-06,usdc,32040.0,629506.0,660458.0,coinmetrics_community
stable_usdc,2021-10-07,usdc,31715.0,606557.0,634425.0,coinmetrics_community
stable_usdc,2021-10-08,usdc,30385.0,581455.0,609367.0,coinmetrics_community
stable_usdc,2021-10-09,usdc,29790.0,554062.0,586845.0,coinmetrics_community
stable_usdc,2021-10-10,usdc,31848.0,534366.0,563506.0,coinmetrics_community
stable_usdc,2021-10-11,usdc,30315.0,626900.0,657146.0,coinmetrics_community
stable_usdc,2021-10-12,usdc,32286.0,678016.0,708927.0,coinmetrics_community
stable_usdc,2021-10-13,usdc,32253.0,601076.0,628992.0,coinmetrics_community
stable_usdc,2021-10-14,usdc,32651.0,636522.0,664428.0,coinmetrics_community
stable_usdc,2021-10-15,usdc,35068.0,762554.0,793813.0,coinmetrics_community
stable_usdc,2021-10-16,usdc,30350.0,660170.0,687932.0,coinmetrics_community
stable_usdc,2021-10-17,usdc,30319.0,667624.0,694330.0,coinmetrics_community
stable_usdc,2021-10-18,usdc,36693.0,677191.0,706424.0,coinmetrics_community
stable_usdc,2021-10-19,usdc,34547.0,667115.0,696671.0,coinmetrics_community
stable_usdc,2021-10-20,usdc,36712.0,697601.0,735175.0,coinmetrics_community
stable_usdc,2021-10-21,usdc,33832.0,839824.0,885253.0,coinmetrics_community
stable_usdc,2021-10-22,usdc,31474.0,811303.0,852553.0,coinmetrics_community
stable_usdc,2021-10-23,usdc,26864.0,529626.0,557768.0,coinmetrics_community
stable_usdc,2021-10-24,usdc,26320.0,446891.0,477294.0,coinmetrics_community
stable_usdc,2021-10-25,usdc,32526.0,670921.0,712844.0,coinmetrics_community
stable_usdc,2021-10-26,usdc,32113.0,775847.0,823874.0,coinmetrics_community
stable_usdc,2021-10-27,usdc,63701.0,855054.0,905823.0,coinmetrics_community
stable_usdc,2021-10-28,usdc,35880.0,992978.0,1070362.0,coinmetrics_community
stable_usdc,2021-10-29,usdc,38399.0,963361.0,1038172.0,coinmetrics_community
stable_usdc,2021-10-30,usdc,31795.0,767227.0,822670.0,coinmetrics_community
stable_usdc,2021-10-31,usdc,28817.0,763743.0,817080.0,coinmetrics_community
stable_usdc,2021-11-01,usdc,36336.0,852190.0,913994.0,coinmetrics_community
stable_usdc,2021-11-02,usdc,39690.0,820853.0,880435.0,coinmetrics_community
stable_usdc,2021-11-03,usdc,38014.0,963761.0,1028006.0,coinmetrics_community
stable_usdc,2021-11-04,usdc,37128.0,906051.0,963529.0,coinmetrics_community
stable_usdc,2021-11-05,usdc,34784.0,853433.0,912993.0,coinmetrics_community
stable_usdc,2021-11-06,usdc,37098.0,946161.0,1020604.0,coinmetrics_community
stable_usdc,2021-11-07,usdc,32335.0,952127.0,1037471.0,coinmetrics_community
stable_usdc,2021-11-08,usdc,35470.0,1040845.0,1123984.0,coinmetrics_community
stable_usdc,2021-11-09,usdc,35737.0,935978.0,1011957.0,coinmetrics_community
stable_usdc,2021-11-10,usdc,35871.0,988573.0,1064651.0,coinmetrics_community
stable_usdc,2021-11-11,usdc,32843.0,879469.0,937771.0,coinmetrics_community
stable_usdc,2021-11-12,usdc,32246.0,876767.0,939854.0,coinmetrics_community
stable_usdc,2021-11-13,usdc,27896.0,767717.0,817741.0,coinmetrics_community
stable_usdc,2021-11-14,usdc,28308.0,731758.0,777209.0,coinmetrics_community
stable_usdc,2021-11-15,usdc,39596.0,821742.0,878967.0,coinmetrics_community
stable_usdc,2021-11-16,usdc,45356.0,964638.0,1028888.0,coinmetrics_community
stable_usdc,2021-11-17,usdc,34497.0,1052497.0,1111955.0,coinmetrics_community
stable_usdc,2021-11-18,usdc,35004.0,971233.0,1027052.0,coinmetrics_community
stable_usdc,2021-11-19,usdc,32689.0,900999.0,953997.0,coinmetrics_community
stable_usdc,2021-11-20,usdc,29086.0,788019.0,836216.0,coinmetrics_community
stable_usdc,2021-11-21,usdc,29002.0,810132.0,864627.0,coinmetrics_community
stable_usdc,2021-11-22,usdc,30605.0,943807.0,1002720.0,coinmetrics_community
stable_usdc,2021-11-23,usdc,32391.0,795272.0,847297.0,coinmetrics_community
stable_usdc,2021-11-24,usdc,33318.0,913778.0,970389.0,coinmetrics_community
stable_usdc,2021-11-25,usdc,30694.0,878029.0,934340.0,coinmetrics_community
stable_usdc,2021-11-26,usdc,40761.0,920715.0,978451.0,coinmetrics_community
stable_usdc,2021-11-27,usdc,28902.0,761939.0,807947.0,coinmetrics_community
stable_usdc,2021-11-28,usdc,26299.0,808450.0,857716.0,coinmetrics_community
stable_usdc,2021-11-29,usdc,33353.0,765524.0,816853.0,coinmetrics_community
stable_usdc,2021-11-30,usdc,41317.0,894389.0,953996.0,coinmetrics_community
stable_usdc,2021-12-01,usdc,39396.0,910335.0,971367.0,coinmetrics_community
stable_usdc,2021-12-02,usdc,37179.0,869804.0,929285.0,coinmetrics_community
stable_usdc,2021-12-03,usdc,36543.0,861242.0,917388.0,coinmetrics_community
stable_usdc,2021-12-04,usdc,43516.0,879423.0,947625.0,coinmetrics_community
stable_usdc,2021-12-05,usdc,30951.0,859557.0,916380.0,coinmetrics_community
stable_usdc,2021-12-06,usdc,44326.0,1029339.0,1101283.0,coinmetrics_community
stable_usdc,2021-12-07,usdc,38077.0,840490.0,904291.0,coinmetrics_community
stable_usdc,2021-12-08,usdc,37857.0,813054.0,870448.0,coinmetrics_community
stable_usdc,2021-12-09,usdc,37555.0,776036.0,826204.0,coinmetrics_community
stable_usdc,2021-12-10,usdc,35646.0,820449.0,879151.0,coinmetrics_community
stable_usdc,2021-12-11,usdc,28544.0,697343.0,756799.0,coinmetrics_community
stable_usdc,2021-12-12,usdc,25207.0,564980.0,615367.0,coinmetrics_community
stable_usdc,2021-12-13,usdc,33673.0,567318.0,620903.0,coinmetrics_community
stable_usdc,2021-12-14,usdc,42195.0,811789.0,865246.0,coinmetrics_community
stable_usdc,2021-12-15,usdc,33509.0,857113.0,932587.0,coinmetrics_community
stable_usdc,2021-12-16,usdc,34048.0,793351.0,845481.0,coinmetrics_community
stable_usdc,2021-12-17,usdc,43554.0,822499.0,879719.0,coinmetrics_community
stable_usdc,2021-12-18,usdc,32590.0,732649.0,774833.0,coinmetrics_community
stable_usdc,2021-12-19,usdc,29901.0,693915.0,738256.0,coinmetrics_community
stable_usdc,2021-12-20,usdc,35517.0,722773.0,766962.0,coinmetrics_community
stable_usdc,2021-12-21,usdc,42279.0,739997.0,788354.0,coinmetrics_community
stable_usdc,2021-12-22,usdc,37185.0,760011.0,810005.0,coinmetrics_community
stable_usdc,2021-12-23,usdc,33163.0,805886.0,856177.0,coinmetrics_community
stable_usdc,2021-12-24,usdc,34750.0,817884.0,871967.0,coinmetrics_community
stable_usdc,2021-12-25,usdc,25267.0,666514.0,708807.0,coinmetrics_community
stable_usdc,2021-12-26,usdc,27080.0,720484.0,775101.0,coinmetrics_community
stable_usdc,2021-12-27,usdc,32623.0,743628.0,790097.0,coinmetrics_community
stable_usdc,2021-12-28,usdc,31613.0,813756.0,860073.0,coinmetrics_community
stable_usdc,2021-12-29,usdc,33347.0,719093.0,755351.0,coinmetrics_community
stable_usdc,2021-12-30,usdc,36369.0,709139.0,749803.0,coinmetrics_community
stable_usdc,2021-12-31,usdc,33133.0,701647.0,741784.0,coinmetrics_community
stable_usdc,2022-01-01,usdc,24937.0,581184.0,614385.0,coinmetrics_community
stable_usdc,2022-01-02,usdc,23065.0,588711.0,623603.0,coinmetrics_community
stable_usdc,2022-01-03,usdc,31586.0,591709.0,632919.0,coinmetrics_community
stable_usdc,2022-01-04,usdc,32499.0,758453.0,805851.0,coinmetrics_community
stable_usdc,2022-01-05,usdc,35497.0,731280.0,778535.0,coinmetrics_community
stable_usdc,2022-01-06,usdc,34352.0,849534.0,894829.0,coinmetrics_community
stable_usdc,2022-01-07,usdc,34024.0,628447.0,665908.0,coinmetrics_community
stable_usdc,2022-01-08,usdc,29466.0,693215.0,736995.0,coinmetrics_community
stable_usdc,2022-01-09,usdc,23845.0,699031.0,733244.0,coinmetrics_community
stable_usdc,2022-01-10,usdc,28827.0,714775.0,759044.0,coinmetrics_community
stable_usdc,2022-01-11,usdc,29628.0,721133.0,756913.0,coinmetrics_community
stable_usdc,2022-01-12,usdc,30280.0,749448.0,790730.0,coinmetrics_community
stable_usdc,2022-01-13,usdc,28681.0,769481.0,816124.0,coinmetrics_community
stable_usdc,2022-01-14,usdc,30079.0,775780.0,815406.0,coinmetrics_community
stable_usdc,2022-01-15,usdc,26175.0,640954.0,675508.0,coinmetrics_community
stable_usdc,2022-01-16,usdc,22552.0,701251.0,748156.0,coinmetrics_community
stable_usdc,2022-01-17,usdc,28304.0,693630.0,740994.0,coinmetrics_community
stable_usdc,2022-01-18,usdc,30875.0,712171.0,754450.0,coinmetrics_community
stable_usdc,2022-01-19,usdc,39420.0,718035.0,758018.0,coinmetrics_community
stable_usdc,2022-01-20,usdc,115120.0,648412.0,689192.0,coinmetrics_community
stable_usdc,2022-01-21,usdc,38162.0,664300.0,724015.0,coinmetrics_community
stable_usdc,2022-01-22,usdc,61753.0,732226.0,801182.0,coinmetrics_community
stable_usdc,2022-01-23,usdc,264710.0,977915.0,1038780.0,coinmetrics_community
stable_usdc,2022-01-24,usdc,501096.0,1228555.0,1320165.0,coinmetrics_community
stable_usdc,2022-01-25,usdc,419833.0,1113657.0,1165271.0,coinmetrics_community
stable_usdc,2022-01-26,usdc,259284.0,1055381.0,1122681.0,coinmetrics_community
stable_usdc,2022-01-27,usdc,234300.0,1024157.0,1086423.0,coinmetrics_community
stable_usdc,2022-01-28,usdc,239262.0,934936.0,985430.0,coinmetrics_community
stable_usdc,2022-01-29,usdc,213746.0,784735.0,825995.0,coinmetrics_community
stable_usdc,2022-01-30,usdc,204316.0,691557.0,730103.0,coinmetrics_community
stable_usdc,2022-01-31,usdc,236707.0,767701.0,812475.0,coinmetrics_community
stable_usdc,2022-02-01,usdc,223447.0,796243.0,844354.0,coinmetrics_community
stable_usdc,2022-02-02,usdc,230624.0,792927.0,855244.0,coinmetrics_community
stable_usdc,2022-02-03,usdc,206742.0,749340.0,794154.0,coinmetrics_community
stable_usdc,2022-02-04,usdc,206265.0,830699.0,873079.0,coinmetrics_community
stable_usdc,2022-02-05,usdc,190094.0,737074.0,775647.0,coinmetrics_community
stable_usdc,2022-02-06,usdc,175855.0,707057.0,738659.0,coinmetrics_community
stable_usdc,2022-02-07,usdc,231776.0,886701.0,930919.0,coinmetrics_community
stable_usdc,2022-02-08,usdc,214006.0,898329.0,941415.0,coinmetrics_community
stable_usdc,2022-02-09,usdc,221940.0,811418.0,853941.0,coinmetrics_community
stable_usdc,2022-02-10,usdc,237874.0,873053.0,915195.0,coinmetrics_community
stable_usdc,2022-02-11,usdc,253515.0,870675.0,920331.0,coinmetrics_community
stable_usdc,2022-02-12,usdc,243908.0,819261.0,860401.0,coinmetrics_community
stable_usdc,2022-02-13,usdc,245048.0,745707.0,785647.0,coinmetrics_community
stable_usdc,2022-02-14,usdc,254805.0,797693.0,838351.0,coinmetrics_community
stable_usdc,2022-02-15,usdc,273540.0,768854.0,810472.0,coinmetrics_community
stable_usdc,2022-02-16,usdc,257291.0,815252.0,852931.0,coinmetrics_community
stable_usdc,2022-02-17,usdc,216448.0,800493.0,847271.0,coinmetrics_community
stable_usdc,2022-02-18,usdc,213672.0,785634.0,833123.0,coinmetrics_community
stable_usdc,2022-02-19,usdc,195797.0,691005.0,726820.0,coinmetrics_community
stable_usdc,2022-02-20,usdc,210523.0,738611.0,787652.0,coinmetrics_community
stable_usdc,2022-02-21,usdc,243783.0,911811.0,969824.0,coinmetrics_community
stable_usdc,2022-02-22,usdc,276369.0,938252.0,986215.0,coinmetrics_community
stable_usdc,2022-02-23,usdc,290866.0,893380.0,946118.0,coinmetrics_community
stable_usdc,2022-02-24,usdc,297061.0,1040921.0,1134264.0,coinmetrics_community
stable_usdc,2022-02-25,usdc,243167.0,902487.0,962262.0,coinmetrics_community
stable_usdc,2022-02-26,usdc,199757.0,778314.0,822253.0,coinmetrics_community
stable_usdc,2022-02-27,usdc,194700.0,822867.0,871763.0,coinmetrics_community
stable_usdc,2022-02-28,usdc,228289.0,866125.0,919500.0,coinmetrics_community
stable_usdc,2022-03-01,usdc,237903.0,846344.0,901872.0,coinmetrics_community
stable_usdc,2022-03-02,usdc,233865.0,872582.0,934414.0,coinmetrics_community
stable_usdc,2022-03-03,usdc,221114.0,710447.0,764145.0,coinmetrics_community
stable_usdc,2022-03-04,usdc,219504.0,714965.0,766965.0,coinmetrics_community
stable_usdc,2022-03-05,usdc,201730.0,572423.0,620830.0,coinmetrics_community
stable_usdc,2022-03-06,usdc,195631.0,622112.0,675828.0,coinmetrics_community
stable_usdc,2022-03-07,usdc,217100.0,812711.0,868577.0,coinmetrics_community
stable_usdc,2022-03-08,usdc,207883.0,788144.0,833651.0,coinmetrics_community
stable_usdc,2022-03-09,usdc,368179.0,863733.0,915604.0,coinmetrics_community
stable_usdc,2022-03-10,usdc,323981.0,736793.0,791524.0,coinmetrics_community
stable_usdc,2022-03-11,usdc,229955.0,740680.0,790990.0,coinmetrics_community
stable_usdc,2022-03-12,usdc,196318.0,644142.0,689111.0,coinmetrics_community
stable_usdc,2022-03-13,usdc,208861.0,664032.0,713199.0,coinmetrics_community
stable_usdc,2022-03-14,usdc,233757.0,716973.0,768908.0,coinmetrics_community
stable_usdc,2022-03-15,usdc,373323.0,771852.0,825135.0,coinmetrics_community
stable_usdc,2022-03-16,usdc,309418.0,821531.0,888222.0,coinmetrics_community
stable_usdc,2022-03-17,usdc,263979.0,744391.0,803067.0,coinmetrics_community
stable_usdc,2022-03-18,usdc,258788.0,796798.0,867371.0,coinmetrics_community
stable_usdc,2022-03-19,usdc,240939.0,688774.0,746240.0,coinmetrics_community
stable_usdc,2022-03-20,usdc,237264.0,681494.0,730781.0,coinmetrics_community
stable_usdc,2022-03-21,usdc,262162.0,720624.0,769210.0,coinmetrics_community
stable_usdc,2022-03-22,usdc,289632.0,695971.0,753521.0,coinmetrics_community
stable_usdc,2022-03-23,usdc,303131.0,748879.0,819192.0,coinmetrics_community
stable_usdc,2022-03-24,usdc,316492.0,754884.0,834189.0,coinmetrics_community
stable_usdc,2022-03-25,usdc,325050.0,680108.0,750711.0,coinmetrics_community
stable_usdc,2022-03-26,usdc,275528.0,544597.0,600524.0,coinmetrics_community
stable_usdc,2022-03-27,usdc,292205.0,608334.0,668621.0,coinmetrics_community
stable_usdc,2022-03-28,usdc,376277.0,766894.0,853365.0,coinmetrics_community
stable_usdc,2022-03-29,usdc,377571.0,817260.0,904891.0,coinmetrics_community
stable_usdc,2022-03-30,usdc,418219.0,857327.0,962968.0,coinmetrics_community
stable_usdc,2022-03-31,usdc,423288.0,813516.0,907706.0,coinmetrics_community
stable_usdc,2022-04-01,usdc,411499.0,745933.0,845535.0,coinmetrics_community
stable_usdc,2022-04-02,usdc,391149.0,691675.0,798432.0,coinmetrics_community
stable_usdc,2022-04-03,usdc,372641.0,588607.0,700302.0,coinmetrics_community
stable_usdc,2022-04-04,usdc,415629.0,575274.0,682282.0,coinmetrics_community
stable_usdc,2022-04-05,usdc,499209.0,661596.0,742397.0,coinmetrics_community
stable_usdc,2022-04-06,usdc,370683.0,562122.0,651781.0,coinmetrics_community
stable_usdc,2022-04-07,usdc,288982.0,515103.0,622707.0,coinmetrics_community
stable_usdc,2022-04-08,usdc,425585.0,536696.0,665049.0,coinmetrics_community
stable_usdc,2022-04-09,usdc,350153.0,372170.0,464230.0,coinmetrics_community
stable_usdc,2022-04-10,usdc,404941.0,441286.0,509138.0,coinmetrics_community
stable_usdc,2022-04-11,usdc,456966.0,621500.0,710506.0,coinmetrics_community
stable_usdc,2022-04-12,usdc,471712.0,608078.0,684204.0,coinmetrics_community
stable_usdc,2022-04-13,usdc,493485.0,646476.0,737363.0,coinmetrics_community
stable_usdc,2022-04-14,usdc,510008.0,727636.0,806874.0,coinmetrics_community
stable_usdc,2022-04-15,usdc,479900.0,685745.0,769183.0,coinmetrics_community
stable_usdc,2022-04-16,usdc,456298.0,537092.0,604615.0,coinmetrics_community
stable_usdc,2022-04-17,usdc,464419.0,484775.0,555918.0,coinmetrics_community
stable_usdc,2022-04-18,usdc,503196.0,504581.0,595696.0,coinmetrics_community
stable_usdc,2022-04-19,usdc,692761.0,633313.0,752102.0,coinmetrics_community
stable_usdc,2022-04-20,usdc,811204.0,730604.0,846873.0,coinmetrics_community
stable_usdc,2022-04-21,usdc,800376.0,796322.0,918709.0,coinmetrics_community
stable_usdc,2022-04-22,usdc,644629.0,674986.0,790301.0,coinmetrics_community
stable_usdc,2022-04-23,usdc,726221.0,611154.0,726962.0,coinmetrics_community
stable_usdc,2022-04-24,usdc,794443.0,592547.0,747597.0,coinmetrics_community
stable_usdc,2022-04-25,usdc,841785.0,708348.0,849154.0,coinmetrics_community
stable_usdc,2022-04-26,usdc,847779.0,691992.0,831379.0,coinmetrics_community
stable_usdc,2022-04-27,usdc,928431.0,719984.0,862093.0,coinmetrics_community
stable_usdc,2022-04-28,usdc,960682.0,773017.0,930500.0,coinmetrics_community
stable_usdc,2022-04-29,usdc,1066559.0,718196.0,904493.0,coinmetrics_community
stable_usdc,2022-04-30,usdc,792361.0,486968.0,627761.0,coinmetrics_community
stable_usdc,2022-05-01,usdc,866555.0,556417.0,697937.0,coinmetrics_community
stable_usdc,2022-05-02,usdc,1176172.0,823399.0,1006026.0,coinmetrics_community
stable_usdc,2022-05-03,usdc,1163640.0,859544.0,1039330.0,coinmetrics_community
stable_usdc,2022-05-04,usdc,1123695.0,875196.0,1056367.0,coinmetrics_community
stable_usdc,2022-05-05,usdc,1041658.0,949382.0,1136073.0,coinmetrics_community
stable_usdc,2022-05-06,usdc,1014082.0,907859.0,1109206.0,coinmetrics_community
stable_usdc,2022-05-07,usdc,1005448.0,822610.0,992878.0,coinmetrics_community
stable_usdc,2022-05-08,usdc,1027855.0,897087.0,1079810.0,coinmetrics_community
stable_usdc,2022-05-09,usdc,1033778.0,1071509.0,1304772.0,coinmetrics_community
stable_usdc,2022-05-10,usdc,1120389.0,1230268.0,1582541.0,coinmetrics_community
stable_usdc,2022-05-11,usdc,1031575.0,1466887.0,1876019.0,coinmetrics_community
stable_usdc,2022-05-12,usdc,1035630.0,1346694.0,1749476.0,coinmetrics_community
stable_usdc,2022-05-13,usdc,983555.0,988796.0,1277058.0,coinmetrics_community
stable_usdc,2022-05-14,usdc,997411.0,934894.0,1177232.0,coinmetrics_community
stable_usdc,2022-05-15,usdc,1031072.0,852375.0,1071882.0,coinmetrics_community
stable_usdc,2022-05-16,usdc,1084754.0,891380.0,1120347.0,coinmetrics_community
stable_usdc,2022-05-17,usdc,1072004.0,766999.0,974210.0,coinmetrics_community
stable_usdc,2022-05-18,usdc,1093878.0,809508.0,1015157.0,coinmetrics_community
stable_usdc,2022-05-19,usdc,1073973.0,834261.0,1029957.0,coinmetrics_community
stable_usdc,2022-05-20,usdc,1015589.0,751413.0,930761.0,coinmetrics_community
stable_usdc,2022-05-21,usdc,1097702.0,694834.0,874427.0,coinmetrics_community
stable_usdc,2022-05-22,usdc,1121217.0,774317.0,965739.0,coinmetrics_community
stable_usdc,2022-05-23,usdc,1214936.0,929229.0,1176293.0,coinmetrics_community
stable_usdc,2022-05-24,usdc,1151476.0,782951.0,973943.0,coinmetrics_community
stable_usdc,2022-05-25,usdc,1169973.0,771687.0,956751.0,coinmetrics_community
stable_usdc,2022-05-26,usdc,1300949.0,942540.0,1157784.0,coinmetrics_community
stable_usdc,2022-05-27,usdc,1189069.0,962353.0,1168849.0,coinmetrics_community
stable_usdc,2022-05-28,usdc,988339.0,737198.0,889516.0,coinmetrics_community
stable_usdc,2022-05-29,usdc,1005431.0,706611.0,845464.0,coinmetrics_community
stable_usdc,2022-05-30,usdc,1005760.0,788367.0,940348.0,coinmetrics_community
stable_usdc,2022-05-31,usdc,1014383.0,870333.0,1019435.0,coinmetrics_community
stable_usdc,2022-06-01,usdc,861170.0,704034.0,831490.0,coinmetrics_community
stable_usdc,2022-06-02,usdc,1053815.0,778400.0,930771.0,coinmetrics_community
stable_usdc,2022-06-03,usdc,580116.0,702176.0,800657.0,coinmetrics_community
stable_usdc,2022-06-04,usdc,893434.0,679217.0,801998.0,coinmetrics_community
stable_usdc,2022-06-05,usdc,976861.0,673885.0,805545.0,coinmetrics_community
stable_usdc,2022-06-06,usdc,954244.0,650131.0,786193.0,coinmetrics_community
stable_usdc,2022-06-07,usdc,984734.0,763269.0,922875.0,coinmetrics_community
stable_usdc,2022-06-08,usdc,914778.0,719204.0,860229.0,coinmetrics_community
stable_usdc,2022-06-09,usdc,822276.0,675496.0,808111.0,coinmetrics_community
stable_usdc,2022-06-10,usdc,824598.0,749348.0,882848.0,coinmetrics_community
stable_usdc,2022-06-11,usdc,808780.0,721425.0,857894.0,coinmetrics_community
stable_usdc,2022-06-12,usdc,791010.0,796153.0,951961.0,coinmetrics_community
stable_usdc,2022-06-13,usdc,732847.0,1013003.0,1217914.0,coinmetrics_community
stable_usdc,2022-06-14,usdc,777276.0,867428.0,1053116.0,coinmetrics_community
stable_usdc,2022-06-15,usdc,874258.0,935491.0,1147094.0,coinmetrics_community
stable_usdc,2022-06-16,usdc,645596.0,773888.0,915635.0,coinmetrics_community
stable_usdc,2022-06-17,usdc,689971.0,729725.0,854139.0,coinmetrics_community
stable_usdc,2022-06-18,usdc,695123.0,851545.0,1008582.0,coinmetrics_community
stable_usdc,2022-06-19,usdc,689315.0,857158.0,1000435.0,coinmetrics_community
stable_usdc,2022-06-20,usdc,756957.0,864464.0,1004953.0,coinmetrics_community
stable_usdc,2022-06-21,usdc,700400.0,827264.0,960038.0,coinmetrics_community
stable_usdc,2022-06-22,usdc,822436.0,844452.0,986591.0,coinmetrics_community
stable_usdc,2022-06-23,usdc,681422.0,737407.0,854182.0,coinmetrics_community
stable_usdc,2022-06-24,usdc,713253.0,794741.0,926629.0,coinmetrics_community
stable_usdc,2022-06-25,usdc,689132.0,698620.0,832604.0,coinmetrics_community
stable_usdc,2022-06-26,usdc,697424.0,682722.0,819829.0,coinmetrics_community
stable_usdc,2022-06-27,usdc,580096.0,679284.0,821392.0,coinmetrics_community
stable_usdc,2022-06-28,usdc,702709.0,738954.0,902708.0,coinmetrics_community
stable_usdc,2022-06-29,usdc,649397.0,828580.0,1010110.0,coinmetrics_community
stable_usdc,2022-06-30,usdc,624714.0,792438.0,941144.0,coinmetrics_community
stable_usdc,2022-07-01,usdc,595579.0,729104.0,855023.0,coinmetrics_community
stable_usdc,2022-07-02,usdc,571550.0,624722.0,744353.0,coinmetrics_community
stable_usdc,2022-07-03,usdc,567705.0,511159.0,634740.0,coinmetrics_community
stable_usdc,2022-07-04,usdc,564558.0,650292.0,783046.0,coinmetrics_community
stable_usdc,2022-07-05,usdc,558904.0,685882.0,807824.0,coinmetrics_community
stable_usdc,2022-07-06,usdc,540761.0,651906.0,762968.0,coinmetrics_community
stable_usdc,2022-07-07,usdc,561362.0,614205.0,727269.0,coinmetrics_community
stable_usdc,2022-07-08,usdc,390393.0,619001.0,714262.0,coinmetrics_community
stable_usdc,2022-07-09,usdc,519266.0,575984.0,675853.0,coinmetrics_community
stable_usdc,2022-07-10,usdc,486244.0,503824.0,598832.0,coinmetrics_community
stable_usdc,2022-07-11,usdc,530909.0,585729.0,690602.0,coinmetrics_community
stable_usdc,2022-07-12,usdc,515647.0,547939.0,653759.0,coinmetrics_community
stable_usdc,2022-07-13,usdc,535139.0,540939.0,654287.0,coinmetrics_community
stable_usdc,2022-07-14,usdc,503366.0,600176.0,710230.0,coinmetrics_community
stable_usdc,2022-07-15,usdc,446387.0,687002.0,792979.0,coinmetrics_community
stable_usdc,2022-07-16,usdc,467938.0,625314.0,732708.0,coinmetrics_community
stable_usdc,2022-07-17,usdc,445992.0,515163.0,612515.0,coinmetrics_community
stable_usdc,2022-07-18,usdc,472710.0,653362.0,763448.0,coinmetrics_community
stable_usdc,2022-07-19,usdc,618709.0,824668.0,966665.0,coinmetrics_community
stable_usdc,2022-07-20,usdc,506297.0,836331.0,951051.0,coinmetrics_community
stable_usdc,2022-07-21,usdc,399186.0,809338.0,905408.0,coinmetrics_community
stable_usdc,2022-07-22,usdc,499311.0,862878.0,970362.0,coinmetrics_community
stable_usdc,2022-07-23,usdc,606607.0,860953.0,986055.0,coinmetrics_community
stable_usdc,2022-07-24,usdc,570236.0,908560.0,1013750.0,coinmetrics_community
stable_usdc,2022-07-25,usdc,432742.0,850215.0,956660.0,coinmetrics_community
stable_usdc,2022-07-26,usdc,413093.0,941545.0,1038722.0,coinmetrics_community
stable_usdc,2022-07-27,usdc,408074.0,975293.0,1076359.0,coinmetrics_community
stable_usdc,2022-07-28,usdc,410739.0,985582.0,1126386.0,coinmetrics_community
stable_usdc,2022-07-29,usdc,397295.0,1159300.0,1270976.0,coinmetrics_community
stable_usdc,2022-07-30,usdc,327398.0,949774.0,1045921.0,coinmetrics_community
stable_usdc,2022-07-31,usdc,405898.0,955951.0,1046481.0,coinmetrics_community
stable_usdc,2022-08-01,usdc,403646.0,974053.0,1064190.0,coinmetrics_community
stable_usdc,2022-08-02,usdc,375856.0,980371.0,1077670.0,coinmetrics_community
stable_usdc,2022-08-03,usdc,512498.0,1007558.0,1139538.0,coinmetrics_community
stable_usdc,2022-08-04,usdc,347255.0,851793.0,940677.0,coinmetrics_community
stable_usdc,2022-08-05,usdc,317804.0,944183.0,1028499.0,coinmetrics_community
stable_usdc,2022-08-06,usdc,281029.0,740168.0,803959.0,coinmetrics_community
stable_usdc,2022-08-07,usdc,288781.0,687503.0,753818.0,coinmetrics_community
stable_usdc,2022-08-08,usdc,373699.0,970644.0,1058804.0,coinmetrics_community
stable_usdc,2022-08-09,usdc,358313.0,855578.0,934004.0,coinmetrics_community
stable_usdc,2022-08-10,usdc,353224.0,669813.0,754663.0,coinmetrics_community
stable_usdc,2022-08-11,usdc,360353.0,783095.0,891607.0,coinmetrics_community
stable_usdc,2022-08-12,usdc,320505.0,775350.0,864050.0,coinmetrics_community
stable_usdc,2022-08-13,usdc,327893.0,588341.0,665974.0,coinmetrics_community
stable_usdc,2022-08-14,usdc,302278.0,702472.0,794026.0,coinmetrics_community
stable_usdc,2022-08-15,usdc,338373.0,821874.0,920719.0,coinmetrics_community
stable_usdc,2022-08-16,usdc,350615.0,892486.0,1003458.0,coinmetrics_community
stable_usdc,2022-08-17,usdc,322407.0,954998.0,1050846.0,coinmetrics_community
stable_usdc,2022-08-18,usdc,294786.0,811927.0,891096.0,coinmetrics_community
stable_usdc,2022-08-19,usdc,345828.0,1029257.0,1141620.0,coinmetrics_community
stable_usdc,2022-08-20,usdc,273530.0,885662.0,970663.0,coinmetrics_community
stable_usdc,2022-08-21,usdc,269211.0,890980.0,977726.0,coinmetrics_community
stable_usdc,2022-08-22,usdc,291289.0,951086.0,1043870.0,coinmetrics_community
stable_usdc,2022-08-23,usdc,269073.0,774036.0,853665.0,coinmetrics_community
stable_usdc,2022-08-24,usdc,262462.0,808697.0,886856.0,coinmetrics_community
stable_usdc,2022-08-25,usdc,258858.0,728376.0,808881.0,coinmetrics_community
stable_usdc,2022-08-26,usdc,283686.0,809767.0,918820.0,coinmetrics_community
stable_usdc,2022-08-27,usdc,263664.0,744357.0,830677.0,coinmetrics_community
stable_usdc,2022-08-28,usdc,250185.0,690441.0,766896.0,coinmetrics_community
stable_usdc,2022-08-29,usdc,282984.0,745250.0,825673.0,coinmetrics_community
stable_usdc,2022-08-30,usdc,280427.0,807788.0,894305.0,coinmetrics_community
stable_usdc,2022-08-31,usdc,265517.0,853834.0,929816.0,coinmetrics_community
stable_usdc,2022-09-01,usdc,277672.0,712053.0,794320.0,coinmetrics_community
stable_usdc,2022-09-02,usdc,259956.0,635669.0,710219.0,coinmetrics_community
stable_usdc,2022-09-03,usdc,239766.0,505010.0,566296.0,coinmetrics_community
stable_usdc,2022-09-04,usdc,240767.0,575313.0,640741.0,coinmetrics_community
stable_usdc,2022-09-05,usdc,245008.0,638952.0,705917.0,coinmetrics_community
stable_usdc,2022-09-06,usdc,281330.0,881604.0,986173.0,coinmetrics_community
stable_usdc,2022-09-07,usdc,250971.0,712212.0,786148.0,coinmetrics_community
stable_usdc,2022-09-08,usdc,249293.0,754321.0,833085.0,coinmetrics_community
stable_usdc,2022-09-09,usdc,265765.0,779044.0,861853.0,coinmetrics_community
stable_usdc,2022-09-10,usdc,272616.0,684256.0,769789.0,coinmetrics_community
stable_usdc,2022-09-11,usdc,250609.0,732920.0,813714.0,coinmetrics_community
stable_usdc,2022-09-12,usdc,265069.0,936031.0,1022240.0,coinmetrics_community
stable_usdc,2022-09-13,usdc,269512.0,845023.0,942774.0,coinmetrics_community
stable_usdc,2022-09-14,usdc,252120.0,814562.0,891416.0,coinmetrics_community
stable_usdc,2022-09-15,usdc,238428.0,840407.0,925663.0,coinmetrics_community
stable_usdc,2022-09-16,usdc,227932.0,668886.0,735431.0,coinmetrics_community
stable_usdc,2022-09-17,usdc,211044.0,583880.0,642497.0,coinmetrics_community
stable_usdc,2022-09-18,usdc,224006.0,658662.0,727418.0,coinmetrics_community
stable_usdc,2022-09-19,usdc,256449.0,764536.0,852820.0,coinmetrics_community
stable_usdc,2022-09-20,usdc,240871.0,740637.0,816109.0,coinmetrics_community
stable_usdc,2022-09-21,usdc,238072.0,638468.0,727608.0,coinmetrics_community
stable_usdc,2022-09-22,usdc,228363.0,703485.0,771803.0,coinmetrics_community
stable_usdc,2022-09-23,usdc,225795.0,862356.0,944071.0,coinmetrics_community
stable_usdc,2022-09-24,usdc,209242.0,677076.0,745787.0,coinmetrics_community
stable_usdc,2022-09-25,usdc,207004.0,565154.0,633734.0,coinmetrics_community
stable_usdc,2022-09-26,usdc,233251.0,713129.0,782654.0,coinmetrics_community
stable_usdc,2022-09-27,usdc,310178.0,783969.0,877387.0,coinmetrics_community
stable_usdc,2022-09-28,usdc,344411.0,703464.0,786646.0,coinmetrics_community
stable_usdc,2022-09-29,usdc,307391.0,654481.0,728775.0,coinmetrics_community
stable_usdc,2022-09-30,usdc,270987.0,591582.0,664813.0,coinmetrics_community
stable_usdc,2022-10-01,usdc,234214.0,358423.0,413156.0,coinmetrics_community
stable_usdc,2022-10-02,usdc,256215.0,442267.0,504715.0,coinmetrics_community
stable_usdc,2022-10-03,usdc,265792.0,508186.0,570392.0,coinmetrics_community
stable_usdc,2022-10-04,usdc,271145.0,555548.0,620624.0,coinmetrics_community
stable_usdc,2022-10-05,usdc,274248.0,500893.0,562546.0,coinmetrics_community
stable_usdc,2022-10-06,usdc,253368.0,554800.0,616032.0,coinmetrics_community
stable_usdc,2022-10-07,usdc,284451.0,494299.0,558845.0,coinmetrics_community
stable_usdc,2022-10-08,usdc,251463.0,362166.0,410436.0,coinmetrics_community
stable_usdc,2022-10-09,usdc,242628.0,349957.0,401602.0,coinmetrics_community
stable_usdc,2022-10-10,usdc,270197.0,441676.0,507506.0,coinmetrics_community
stable_usdc,2022-10-11,usdc,398051.0,565730.0,699418.0,coinmetrics_community
stable_usdc,2022-10-12,usdc,377907.0,368633.0,461018.0,coinmetrics_community
stable_usdc,2022-10-13,usdc,307318.0,502981.0,604904.0,coinmetrics_community
stable_usdc,2022-10-14,usdc,263607.0,420331.0,497401.0,coinmetrics_community
stable_usdc,2022-10-15,usdc,239459.0,321783.0,376637.0,coinmetrics_community
stable_usdc,2022-10-16,usdc,231720.0,322314.0,379109.0,coinmetrics_community
stable_usdc,2022-10-17,usdc,239426.0,375148.0,440612.0,coinmetrics_community
stable_usdc,2022-10-18,usdc,232434.0,413887.0,481801.0,coinmetrics_community
stable_usdc,2022-10-19,usdc,225517.0,364130.0,423028.0,coinmetrics_community
stable_usdc,2022-10-20,usdc,245715.0,397204.0,464752.0,coinmetrics_community
stable_usdc,2022-10-21,usdc,226785.0,428712.0,498885.0,coinmetrics_community
stable_usdc,2022-10-22,usdc,186907.0,278836.0,325205.0,coinmetrics_community
stable_usdc,2022-10-23,usdc,190534.0,364700.0,418247.0,coinmetrics_community
stable_usdc,2022-10-24,usdc,208782.0,449680.0,507549.0,coinmetrics_community
stable_usdc,2022-10-25,usdc,235781.0,579880.0,669837.0,coinmetrics_community
stable_usdc,2022-10-26,usdc,229010.0,565257.0,652638.0,coinmetrics_community
stable_usdc,2022-10-27,usdc,217635.0,533103.0,624149.0,coinmetrics_community
stable_usdc,2022-10-28,usdc,220912.0,480422.0,561910.0,coinmetrics_community
stable_usdc,2022-10-29,usdc,217754.0,425223.0,517094.0,coinmetrics_community
stable_usdc,2022-10-30,usdc,211184.0,409407.0,492292.0,coinmetrics_community
stable_usdc,2022-10-31,usdc,234701.0,559526.0,711197.0,coinmetrics_community
stable_usdc,2022-11-01,usdc,205411.0,478943.0,607766.0,coinmetrics_community
stable_usdc,2022-11-02,usdc,208716.0,488352.0,592357.0,coinmetrics_community
stable_usdc,2022-11-03,usdc,198757.0,430735.0,505785.0,coinmetrics_community
stable_usdc,2022-11-04,usdc,223958.0,530103.0,635043.0,coinmetrics_community
stable_usdc,2022-11-05,usdc,326459.0,566171.0,695694.0,coinmetrics_community
stable_usdc,2022-11-06,usdc,299317.0,511643.0,622095.0,coinmetrics_community
stable_usdc,2022-11-07,usdc,282794.0,649053.0,806215.0,coinmetrics_community
stable_usdc,2022-11-08,usdc,362136.0,1014321.0,1400566.0,coinmetrics_community
stable_usdc,2022-11-09,usdc,491196.0,1055311.0,1525428.0,coinmetrics_community
stable_usdc,2022-11-10,usdc,398051.0,1056643.0,1601660.0,coinmetrics_community
stable_usdc,2022-11-11,usdc,267287.0,804826.0,1237048.0,coinmetrics_community
stable_usdc,2022-11-12,usdc,230648.0,560482.0,853886.0,coinmetrics_community
stable_usdc,2022-11-13,usdc,249168.0,608868.0,937091.0,coinmetrics_community
stable_usdc,2022-11-14,usdc,267385.0,773946.0,1165579.0,coinmetrics_community
stable_usdc,2022-11-15,usdc,242746.0,526842.0,766732.0,coinmetrics_community
stable_usdc,2022-11-16,usdc,215728.0,385053.0,553887.0,coinmetrics_community
stable_usdc,2022-11-17,usdc,243374.0,644490.0,1012385.0,coinmetrics_community
stable_usdc,2022-11-18,usdc,243247.0,545606.0,854711.0,coinmetrics_community
stable_usdc,2022-11-19,usdc,198606.0,357097.0,540433.0,coinmetrics_community
stable_usdc,2022-11-20,usdc,207740.0,542549.0,863154.0,coinmetrics_community
stable_usdc,2022-11-21,usdc,238038.0,716969.0,1097298.0,coinmetrics_community
stable_usdc,2022-11-22,usdc,201878.0,561448.0,838641.0,coinmetrics_community
stable_usdc,2022-11-23,usdc,201040.0,867670.0,1378862.0,coinmetrics_community
stable_usdc,2022-11-24,usdc,192449.0,567160.0,861501.0,coinmetrics_community
stable_usdc,2022-11-25,usdc,169711.0,438962.0,662597.0,coinmetrics_community
stable_usdc,2022-11-26,usdc,175664.0,423191.0,645196.0,coinmetrics_community
stable_usdc,2022-11-27,usdc,168033.0,273450.0,379697.0,coinmetrics_community
stable_usdc,2022-11-28,usdc,185426.0,423045.0,605109.0,coinmetrics_community
stable_usdc,2022-11-29,usdc,180133.0,354577.0,498129.0,coinmetrics_community
stable_usdc,2022-11-30,usdc,196806.0,380156.0,521917.0,coinmetrics_community
stable_usdc,2022-12-01,usdc,215256.0,335582.0,444837.0,coinmetrics_community
stable_usdc,2022-12-02,usdc,172358.0,313467.0,415834.0,coinmetrics_community
stable_usdc,2022-12-03,usdc,174410.0,302412.0,416716.0,coinmetrics_community
stable_usdc,2022-12-04,usdc,176661.0,259282.0,347994.0,coinmetrics_community
stable_usdc,2022-12-05,usdc,185935.0,457227.0,670981.0,coinmetrics_community
stable_usdc,2022-12-06,usdc,188808.0,362178.0,498194.0,coinmetrics_community
stable_usdc,2022-12-07,usdc,196723.0,309723.0,407272.0,coinmetrics_community
stable_usdc,2022-12-08,usdc,212423.0,294172.0,382971.0,coinmetrics_community
stable_usdc,2022-12-09,usdc,186590.0,310704.0,405556.0,coinmetrics_community
stable_usdc,2022-12-10,usdc,163488.0,207330.0,259124.0,coinmetrics_community
stable_usdc,2022-12-11,usdc,171046.0,217850.0,285718.0,coinmetrics_community
stable_usdc,2022-12-12,usdc,197323.0,316083.0,435778.0,coinmetrics_community
stable_usdc,2022-12-13,usdc,204548.0,455074.0,673198.0,coinmetrics_community
stable_usdc,2022-12-14,usdc,200181.0,418585.0,609057.0,coinmetrics_community
stable_usdc,2022-12-15,usdc,191085.0,363291.0,498795.0,coinmetrics_community
stable_usdc,2022-12-16,usdc,242742.0,424825.0,588764.0,coinmetrics_community
stable_usdc,2022-12-17,usdc,219722.0,341484.0,460174.0,coinmetrics_community
stable_usdc,2022-12-18,usdc,194421.0,250201.0,335900.0,coinmetrics_community
stable_usdc,2022-12-19,usdc,211734.0,370937.0,515200.0,coinmetrics_community
stable_usdc,2022-12-20,usdc,223926.0,398473.0,560280.0,coinmetrics_community
stable_usdc,2022-12-21,usdc,213535.0,357055.0,503615.0,coinmetrics_community
stable_usdc,2022-12-22,usdc,212381.0,389257.0,561713.0,coinmetrics_community
stable_usdc,2022-12-23,usdc,206836.0,307574.0,412356.0,coinmetrics_community
stable_usdc,2022-12-24,usdc,190068.0,293990.0,426074.0,coinmetrics_community
stable_usdc,2022-12-25,usdc,200243.0,263084.0,352178.0,coinmetrics_community
stable_usdc,2022-12-26,usdc,195588.0,309140.0,431571.0,coinmetrics_community
stable_usdc,2022-12-27,usdc,199280.0,330885.0,457332.0,coinmetrics_community
stable_usdc,2022-12-28,usdc,238974.0,507993.0,746714.0,coinmetrics_community
stable_usdc,2022-12-29,usdc,269665.0,765691.0,1237204.0,coinmetrics_community
stable_usdc,2022-12-30,usdc,239962.0,698570.0,1078969.0,coinmetrics_community
stable_usdc,2022-12-31,usdc,234952.0,397031.0,580677.0,coinmetrics_community
stable_usdc,2023-01-01,usdc,233671.0,335293.0,467499.0,coinmetrics_community
stable_usdc,2023-01-02,usdc,283898.0,614947.0,969846.0,coinmetrics_community
stable_usdc,2023-01-03,usdc,320119.0,1079504.0,1880365.0,coinmetrics_community
stable_usdc,2023-01-04,usdc,363583.0,998346.0,1637415.0,coinmetrics_community
stable_usdc,2023-01-05,usdc,415338.0,880673.0,1385760.0,coinmetrics_community
stable_usdc,2023-01-06,usdc,426276.0,659600.0,909595.0,coinmetrics_community
stable_usdc,2023-01-07,usdc,356958.0,431317.0,558988.0,coinmetrics_community
stable_usdc,2023-01-08,usdc,396870.0,569777.0,755419.0,coinmetrics_community
stable_usdc,2023-01-09,usdc,436530.0,841818.0,1231708.0,coinmetrics_community
stable_usdc,2023-01-10,usdc,345212.0,661018.0,918823.0,coinmetrics_community
stable_usdc,2023-01-11,usdc,340553.0,619357.0,831773.0,coinmetrics_community
stable_usdc,2023-01-12,usdc,340719.0,630014.0,881463.0,coinmetrics_community
stable_usdc,2023-01-13,usdc,317251.0,646098.0,888687.0,coinmetrics_community
stable_usdc,2023-01-14,usdc,395738.0,1107103.0,1713587.0,coinmetrics_community
stable_usdc,2023-01-15,usdc,330457.0,945489.0,1409531.0,coinmetrics_community
stable_usdc,2023-01-16,usdc,319953.0,939480.0,1375108.0,coinmetrics_community
stable_usdc,2023-01-17,usdc,336824.0,705832.0,932180.0,coinmetrics_community
stable_usdc,2023-01-18,usdc,340431.0,760115.0,1012293.0,coinmetrics_community
stable_usdc,2023-01-19,usdc,317210.0,629588.0,826043.0,coinmetrics_community
stable_usdc,2023-01-20,usdc,323022.0,635024.0,820474.0,coinmetrics_community
stable_usdc,2023-01-21,usdc,305811.0,678898.0,893027.0,coinmetrics_community
stable_usdc,2023-01-22,usdc,281683.0,750540.0,994517.0,coinmetrics_community
stable_usdc,2023-01-23,usdc,325336.0,772304.0,1051075.0,coinmetrics_community
stable_usdc,2023-01-24,usdc,283751.0,646488.0,826982.0,coinmetrics_community
stable_usdc,2023-01-25,usdc,284674.0,769501.0,1010207.0,coinmetrics_community
stable_usdc,2023-01-26,usdc,305542.0,724758.0,936956.0,coinmetrics_community
stable_usdc,2023-01-27,usdc,306556.0,690568.0,878579.0,coinmetrics_community
stable_usdc,2023-01-28,usdc,253095.0,659918.0,816026.0,coinmetrics_community
stable_usdc,2023-01-29,usdc,260615.0,739786.0,945450.0,coinmetrics_community
stable_usdc,2023-01-30,usdc,274443.0,790769.0,1004773.0,coinmetrics_community
stable_usdc,2023-01-31,usdc,262597.0,622066.0,776181.0,coinmetrics_community
stable_usdc,2023-02-01,usdc,270772.0,791164.0,1011410.0,coinmetrics_community
stable_usdc,2023-02-02,usdc,287720.0,737283.0,944689.0,coinmetrics_community
stable_usdc,2023-02-03,usdc,253590.0,648620.0,793132.0,coinmetrics_community
stable_usdc,2023-02-04,usdc,244949.0,679654.0,781011.0,coinmetrics_community
stable_usdc,2023-02-05,usdc,237739.0,696446.0,830832.0,coinmetrics_community
stable_usdc,2023-02-06,usdc,244457.0,776313.0,913380.0,coinmetrics_community
stable_usdc,2023-02-07,usdc,254143.0,857446.0,1022659.0,coinmetrics_community
stable_usdc,2023-02-08,usdc,256964.0,833522.0,973206.0,coinmetrics_community
stable_usdc,2023-02-09,usdc,274309.0,785276.0,965433.0,coinmetrics_community
stable_usdc,2023-02-10,usdc,256312.0,706022.0,897547.0,coinmetrics_community
stable_usdc,2023-02-11,usdc,229897.0,461344.0,537221.0,coinmetrics_community
stable_usdc,2023-02-12,usdc,223624.0,486532.0,597459.0,coinmetrics_community
stable_usdc,2023-02-13,usdc,265476.0,645693.0,824196.0,coinmetrics_community
stable_usdc,2023-02-14,usdc,248618.0,579672.0,724415.0,coinmetrics_community
stable_usdc,2023-02-15,usdc,254061.0,587098.0,713243.0,coinmetrics_community
stable_usdc,2023-02-16,usdc,286444.0,783122.0,953484.0,coinmetrics_community
stable_usdc,2023-02-17,usdc,241004.0,661611.0,778119.0,coinmetrics_community
stable_usdc,2023-02-18,usdc,248241.0,681928.0,799889.0,coinmetrics_community
stable_usdc,2023-02-19,usdc,254198.0,637232.0,817316.0,coinmetrics_community
stable_usdc,2023-02-20,usdc,270303.0,738097.0,957166.0,coinmetrics_community
stable_usdc,2023-02-21,usdc,239117.0,664106.0,852946.0,coinmetrics_community
stable_usdc,2023-02-22,usdc,238167.0,649223.0,823102.0,coinmetrics_community
stable_usdc,2023-02-23,usdc,228707.0,575764.0,702881.0,coinmetrics_community
stable_usdc,2023-02-24,usdc,237338.0,585399.0,758557.0,coinmetrics_community
stable_usdc,2023-02-25,usdc,85086.0,167102.0,205991.0,coinmetrics_community
stable_usdc,2023-02-26,usdc,224487.0,480277.0,634427.0,coinmetrics_community
stable_usdc,2023-02-27,usdc,220014.0,537860.0,678791.0,coinmetrics_community
stable_usdc,2023-02-28,usdc,230200.0,528018.0,649844.0,coinmetrics_community
stable_usdc,2023-03-01,usdc,230466.0,503570.0,616214.0,coinmetrics_community
stable_usdc,2023-03-02,usdc,237836.0,490276.0,605639.0,coinmetrics_community
stable_usdc,2023-03-03,usdc,237460.0,603000.0,731936.0,coinmetrics_community
stable_usdc,2023-03-04,usdc,211177.0,480575.0,569301.0,coinmetrics_community
stable_usdc,2023-03-05,usdc,202594.0,463569.0,553148.0,coinmetrics_community
stable_usdc,2023-03-06,usdc,207539.0,471364.0,569530.0,coinmetrics_community
stable_usdc,2023-03-07,usdc,206247.0,508253.0,632229.0,coinmetrics_community
stable_usdc,2023-03-08,usdc,211734.0,582438.0,738434.0,coinmetrics_community
stable_usdc,2023-03-09,usdc,222591.0,632003.0,809733.0,coinmetrics_community
stable_usdc,2023-03-10,usdc,259140.0,826680.0,1085054.0,coinmetrics_community
stable_usdc,2023-03-11,usdc,348359.0,1013052.0,1581640.0,coinmetrics_community
stable_usdc,2023-03-12,usdc,222073.0,608484.0,924798.0,coinmetrics_community
stable_usdc,2023-03-13,usdc,234848.0,812997.0,1142953.0,coinmetrics_community
stable_usdc,2023-03-14,usdc,227308.0,818261.0,1134094.0,coinmetrics_community
stable_usdc,2023-03-15,usdc,208701.0,772001.0,1030616.0,coinmetrics_community
stable_usdc,2023-03-16,usdc,211824.0,687341.0,884490.0,coinmetrics_community
stable_usdc,2023-03-17,usdc,207963.0,707038.0,944930.0,coinmetrics_community
stable_usdc,2023-03-18,usdc,229573.0,764383.0,1049919.0,coinmetrics_community
stable_usdc,2023-03-19,usdc,198337.0,666287.0,877290.0,coinmetrics_community
stable_usdc,2023-03-20,usdc,214147.0,941746.0,1297545.0,coinmetrics_community
stable_usdc,2023-03-21,usdc,199860.0,843205.0,1118735.0,coinmetrics_community
stable_usdc,2023-03-22,usdc,149990.0,576110.0,748740.0,coinmetrics_community
stable_usdc,2023-03-23,usdc,192569.0,730753.0,954302.0,coinmetrics_community
stable_usdc,2023-03-24,usdc,221380.0,644256.0,840755.0,coinmetrics_community
stable_usdc,2023-03-25,usdc,228295.0,531757.0,676583.0,coinmetrics_community
stable_usdc,2023-03-26,usdc,173316.0,480447.0,621838.0,coinmetrics_community
stable_usdc,2023-03-27,usdc,206667.0,561772.0,697277.0,coinmetrics_community
stable_usdc,2023-03-28,usdc,192502.0,561213.0,695626.0,coinmetrics_community
stable_usdc,2023-03-29,usdc,182166.0,568594.0,689173.0,coinmetrics_community
stable_usdc,2023-03-30,usdc,181762.0,571324.0,709107.0,coinmetrics_community
stable_usdc,2023-03-31,usdc,193995.0,569078.0,699883.0,coinmetrics_community
stable_usdc,2023-04-01,usdc,183659.0,447486.0,540599.0,coinmetrics_community
stable_usdc,2023-04-02,usdc,173314.0,473236.0,577758.0,coinmetrics_community
stable_usdc,2023-04-03,usdc,197238.0,565423.0,704062.0,coinmetrics_community
stable_usdc,2023-04-04,usdc,200079.0,515786.0,624027.0,coinmetrics_community
stable_usdc,2023-04-05,usdc,191863.0,500279.0,605153.0,coinmetrics_community
stable_usdc,2023-04-06,usdc,189184.0,498542.0,607917.0,coinmetrics_community
stable_usdc,2023-04-07,usdc,184592.0,454490.0,554788.0,coinmetrics_community
stable_usdc,2023-04-08,usdc,180188.0,425902.0,519525.0,coinmetrics_community
stable_usdc,2023-04-09,usdc,194300.0,434087.0,525942.0,coinmetrics_community
stable_usdc,2023-04-10,usdc,196866.0,509596.0,614551.0,coinmetrics_community
stable_usdc,2023-04-11,usdc,228966.0,729324.0,952515.0,coinmetrics_community
stable_usdc,2023-04-12,usdc,222082.0,852604.0,1088751.0,coinmetrics_community
stable_usdc,2023-04-13,usdc,224313.0,728486.0,921723.0,coinmetrics_community
stable_usdc,2023-04-14,usdc,235249.0,716570.0,909536.0,coinmetrics_community
stable_usdc,2023-04-15,usdc,210940.0,529556.0,654018.0,coinmetrics_community
stable_usdc,2023-04-16,usdc,210629.0,573710.0,699384.0,coinmetrics_community
stable_usdc,2023-04-17,usdc,213956.0,710962.0,894016.0,coinmetrics_community
stable_usdc,2023-04-18,usdc,222288.0,653943.0,814888.0,coinmetrics_community
stable_usdc,2023-04-19,usdc,224878.0,625146.0,787340.0,coinmetrics_community
stable_usdc,2023-04-20,usdc,224614.0,705563.0,894822.0,coinmetrics_community
stable_usdc,2023-04-21,usdc,230136.0,761082.0,923096.0,coinmetrics_community
stable_usdc,2023-04-22,usdc,205470.0,531877.0,637788.0,coinmetrics_community
stable_usdc,2023-04-23,usdc,203911.0,547784.0,676465.0,coinmetrics_community
stable_usdc,2023-04-24,usdc,201349.0,631848.0,775530.0,coinmetrics_community
stable_usdc,2023-04-25,usdc,213180.0,668725.0,811718.0,coinmetrics_community
stable_usdc,2023-04-26,usdc,225779.0,680572.0,872589.0,coinmetrics_community
stable_usdc,2023-04-27,usdc,220995.0,722876.0,888472.0,coinmetrics_community
stable_usdc,2023-04-28,usdc,218048.0,648840.0,794322.0,coinmetrics_community
stable_usdc,2023-04-29,usdc,204117.0,551246.0,661677.0,coinmetrics_community
stable_usdc,2023-04-30,usdc,221217.0,565131.0,688177.0,coinmetrics_community
stable_usdc,2023-05-01,usdc,241697.0,644552.0,797322.0,coinmetrics_community
stable_usdc,2023-05-02,usdc,222305.0,563365.0,670624.0,coinmetrics_community
stable_usdc,2023-05-03,usdc,222662.0,595520.0,728015.0,coinmetrics_community
stable_usdc,2023-05-04,usdc,295043.0,694945.0,839716.0,coinmetrics_community
stable_usdc,2023-05-05,usdc,331422.0,747044.0,917186.0,coinmetrics_community
stable_usdc,2023-05-06,usdc,377652.0,843766.0,1021830.0,coinmetrics_community
stable_usdc,2023-05-07,usdc,313430.0,712275.0,864782.0,coinmetrics_community
stable_usdc,2023-05-08,usdc,360164.0,860224.0,1076106.0,coinmetrics_community
stable_usdc,2023-05-09,usdc,292661.0,676003.0,825460.0,coinmetrics_community
stable_usdc,2023-05-10,usdc,294582.0,738251.0,906558.0,coinmetrics_community
stable_usdc,2023-05-11,usdc,292789.0,755877.0,927472.0,coinmetrics_community
stable_usdc,2023-05-12,usdc,265095.0,763568.0,926826.0,coinmetrics_community
stable_usdc,2023-05-13,usdc,235592.0,881607.0,1006817.0,coinmetrics_community
stable_usdc,2023-05-14,usdc,229503.0,867845.0,968571.0,coinmetrics_community
stable_usdc,2023-05-15,usdc,245629.0,702227.0,854835.0,coinmetrics_community
stable_usdc,2023-05-16,usdc,237189.0,606671.0,731664.0,coinmetrics_community
stable_usdc,2023-05-17,usdc,252367.0,682399.0,838457.0,coinmetrics_community
stable_usdc,2023-05-18,usdc,241920.0,703043.0,870414.0,coinmetrics_community
stable_usdc,2023-05-19,usdc,224821.0,607299.0,724276.0,coinmetrics_community
stable_usdc,2023-05-20,usdc,222438.0,592197.0,729380.0,coinmetrics_community
stable_usdc,2023-05-21,usdc,219669.0,486508.0,590489.0,coinmetrics_community
stable_usdc,2023-05-22,usdc,285096.0,603486.0,742376.0,coinmetrics_community
stable_usdc,2023-05-23,usdc,286790.0,645721.0,766394.0,coinmetrics_community
stable_usdc,2023-05-24,usdc,258740.0,784864.0,981906.0,coinmetrics_community
stable_usdc,2023-05-25,usdc,233092.0,665584.0,818787.0,coinmetrics_community
stable_usdc,2023-05-26,usdc,223501.0,704658.0,810094.0,coinmetrics_community
stable_usdc,2023-05-27,usdc,224463.0,764731.0,886692.0,coinmetrics_community
stable_usdc,2023-05-28,usdc,230368.0,846044.0,980286.0,coinmetrics_community
stable_usdc,2023-05-29,usdc,220509.0,726100.0,847514.0,coinmetrics_community
stable_usdc,2023-05-30,usdc,247912.0,881004.0,1040001.0,coinmetrics_community
stable_usdc,2023-05-31,usdc,249900.0,977071.0,1151003.0,coinmetrics_community
stable_usdc,2023-06-01,usdc,230600.0,889438.0,1023352.0,coinmetrics_community
stable_usdc,2023-06-02,usdc,220761.0,696976.0,809508.0,coinmetrics_community
stable_usdc,2023-06-03,usdc,220446.0,698258.0,825312.0,coinmetrics_community
stable_usdc,2023-06-04,usdc,233485.0,751312.0,899535.0,coinmetrics_community
stable_usdc,2023-06-05,usdc,243314.0,883635.0,1065384.0,coinmetrics_community
stable_usdc,2023-06-06,usdc,230341.0,653575.0,804976.0,coinmetrics_community
stable_usdc,2023-06-07,usdc,224937.0,656035.0,823079.0,coinmetrics_community
stable_usdc,2023-06-08,usdc,229281.0,605766.0,733846.0,coinmetrics_community
stable_usdc,2023-06-09,usdc,220008.0,615709.0,773330.0,coinmetrics_community
stable_usdc,2023-06-10,usdc,292063.0,947721.0,1285840.0,coinmetrics_community
stable_usdc,2023-06-11,usdc,207677.0,692939.0,855877.0,coinmetrics_community
stable_usdc,2023-06-12,usdc,211580.0,606775.0,757024.0,coinmetrics_community
stable_usdc,2023-06-13,usdc,185973.0,637772.0,785430.0,coinmetrics_community
stable_usdc,2023-06-14,usdc,223368.0,625686.0,771685.0,coinmetrics_community
stable_usdc,2023-06-15,usdc,223935.0,696569.0,850860.0,coinmetrics_community
stable_usdc,2023-06-16,usdc,214766.0,579732.0,701699.0,coinmetrics_community
stable_usdc,2023-06-17,usdc,194087.0,510141.0,609313.0,coinmetrics_community
stable_usdc,2023-06-18,usdc,194491.0,504201.0,599797.0,coinmetrics_community
stable_usdc,2023-06-19,usdc,208738.0,540481.0,652866.0,coinmetrics_community
stable_usdc,2023-06-20,usdc,208113.0,597946.0,733323.0,coinmetrics_community
stable_usdc,2023-06-21,usdc,223130.0,693682.0,873828.0,coinmetrics_community
stable_usdc,2023-06-22,usdc,216085.0,667247.0,831933.0,coinmetrics_community
stable_usdc,2023-06-23,usdc,205089.0,684301.0,870608.0,coinmetrics_community
stable_usdc,2023-06-24,usdc,205472.0,632128.0,789633.0,coinmetrics_community
stable_usdc,2023-06-25,usdc,198370.0,602116.0,758541.0,coinmetrics_community
stable_usdc,2023-06-26,usdc,210533.0,564355.0,705443.0,coinmetrics_community
stable_usdc,2023-06-27,usdc,222329.0,660889.0,806213.0,coinmetrics_community
stable_usdc,2023-06-28,usdc,226896.0,656434.0,808778.0,coinmetrics_community
stable_usdc,2023-06-29,usdc,225089.0,776913.0,1009783.0,coinmetrics_community
stable_usdc,2023-06-30,usdc,262864.0,1003415.0,1322363.0,coinmetrics_community
stable_usdc,2023-07-01,usdc,221483.0,579153.0,724185.0,coinmetrics_community
stable_usdc,2023-07-02,usdc,217853.0,688850.0,859513.0,coinmetrics_community
stable_usdc,2023-07-03,usdc,231066.0,649016.0,787082.0,coinmetrics_community
stable_usdc,2023-07-04,usdc,242309.0,612250.0,756574.0,coinmetrics_community
stable_usdc,2023-07-05,usdc,215549.0,545613.0,673609.0,coinmetrics_community
stable_usdc,2023-07-06,usdc,237378.0,843066.0,1084894.0,coinmetrics_community
stable_usdc,2023-07-07,usdc,248190.0,804046.0,1044544.0,coinmetrics_community
stable_usdc,2023-07-08,usdc,220675.0,672042.0,848340.0,coinmetrics_community
stable_usdc,2023-07-09,usdc,211004.0,563596.0,685838.0,coinmetrics_community
stable_usdc,2023-07-10,usdc,239013.0,698297.0,863843.0,coinmetrics_community
stable_usdc,2023-07-11,usdc,240665.0,706456.0,871521.0,coinmetrics_community
stable_usdc,2023-07-12,usdc,223605.0,582565.0,721257.0,coinmetrics_community
stable_usdc,2023-07-13,usdc,261988.0,925062.0,1153359.0,coinmetrics_community
stable_usdc,2023-07-14,usdc,285550.0,1194018.0,1495205.0,coinmetrics_community
stable_usdc,2023-07-15,usdc,233884.0,950645.0,1150607.0,coinmetrics_community
stable_usdc,2023-07-16,usdc,219585.0,769824.0,928576.0,coinmetrics_community
stable_usdc,2023-07-17,usdc,248959.0,852098.0,1055117.0,coinmetrics_community
stable_usdc,2023-07-18,usdc,231987.0,727430.0,874273.0,coinmetrics_community
stable_usdc,2023-07-19,usdc,234028.0,768939.0,919204.0,coinmetrics_community
stable_usdc,2023-07-20,usdc,231771.0,756253.0,881795.0,coinmetrics_community
stable_usdc,2023-07-21,usdc,230729.0,620367.0,736485.0,coinmetrics_community
stable_usdc,2023-07-22,usdc,221907.0,578346.0,683598.0,coinmetrics_community
stable_usdc,2023-07-23,usdc,208129.0,619770.0,732603.0,coinmetrics_community
stable_usdc,2023-07-24,usdc,235197.0,660648.0,808845.0,coinmetrics_community
stable_usdc,2023-07-25,usdc,221368.0,588035.0,713316.0,coinmetrics_community
stable_usdc,2023-07-26,usdc,240040.0,747733.0,897100.0,coinmetrics_community
stable_usdc,2023-07-27,usdc,216284.0,632701.0,762143.0,coinmetrics_community
stable_usdc,2023-07-28,usdc,208153.0,540577.0,635981.0,coinmetrics_community
stable_usdc,2023-07-29,usdc,193886.0,458885.0,535272.0,coinmetrics_community
stable_usdc,2023-07-30,usdc,223671.0,498730.0,589263.0,coinmetrics_community
stable_usdc,2023-07-31,usdc,254623.0,585807.0,700299.0,coinmetrics_community
stable_usdc,2023-08-01,usdc,235232.0,616717.0,748886.0,coinmetrics_community
stable_usdc,2023-08-02,usdc,223506.0,592720.0,703111.0,coinmetrics_community
stable_usdc,2023-08-03,usdc,211961.0,531281.0,638302.0,coinmetrics_community
stable_usdc,2023-08-04,usdc,204052.0,546134.0,652166.0,coinmetrics_community
stable_usdc,2023-08-05,usdc,196150.0,796532.0,876316.0,coinmetrics_community
stable_usdc,2023-08-06,usdc,193570.0,717663.0,818936.0,coinmetrics_community
stable_usdc,2023-08-07,usdc,203804.0,826819.0,935975.0,coinmetrics_community
stable_usdc,2023-08-08,usdc,212089.0,582085.0,707376.0,coinmetrics_community
stable_usdc,2023-08-09,usdc,198500.0,531180.0,634473.0,coinmetrics_community
stable_usdc,2023-08-10,usdc,199190.0,454775.0,546734.0,coinmetrics_community
stable_usdc,2023-08-11,usdc,193528.0,455246.0,539848.0,coinmetrics_community
stable_usdc,2023-08-12,usdc,173738.0,427886.0,500719.0,coinmetrics_community
stable_usdc,2023-08-13,usdc,184939.0,431344.0,504145.0,coinmetrics_community
stable_usdc,2023-08-14,usdc,199320.0,506390.0,600545.0,coinmetrics_community
stable_usdc,2023-08-15,usdc,206875.0,543271.0,645877.0,coinmetrics_community
stable_usdc,2023-08-16,usdc,221766.0,652641.0,776478.0,coinmetrics_community
stable_usdc,2023-08-17,usdc,229594.0,790961.0,974481.0,coinmetrics_community
stable_usdc,2023-08-18,usdc,222693.0,781025.0,923784.0,coinmetrics_community
stable_usdc,2023-08-19,usdc,190114.0,599028.0,695311.0,coinmetrics_community
stable_usdc,2023-08-20,usdc,187425.0,446964.0,526022.0,coinmetrics_community
stable_usdc,2023-08-21,usdc,192633.0,575451.0,682831.0,coinmetrics_community
stable_usdc,2023-08-22,usdc,204295.0,677989.0,795662.0,coinmetrics_community
stable_usdc,2023-08-23,usdc,202959.0,665048.0,777950.0,coinmetrics_community
stable_usdc,2023-08-24,usdc,201036.0,606413.0,712720.0,coinmetrics_community
stable_usdc,2023-08-25,usdc,214840.0,614758.0,720941.0,coinmetrics_community
stable_usdc,2023-08-26,usdc,194619.0,476030.0,548206.0,coinmetrics_community
stable_usdc,2023-08-27,usdc,194516.0,502499.0,588807.0,coinmetrics_community
stable_usdc,2023-08-28,usdc,197748.0,524336.0,614281.0,coinmetrics_community
stable_usdc,2023-08-29,usdc,212296.0,628702.0,762810.0,coinmetrics_community
stable_usdc,2023-08-30,usdc,203983.0,532489.0,632173.0,coinmetrics_community
stable_usdc,2023-08-31,usdc,223529.0,553990.0,677203.0,coinmetrics_community
stable_usdc,2023-09-01,usdc,215128.0,543560.0,646108.0,coinmetrics_community
stable_usdc,2023-09-02,usdc,184888.0,428484.0,504736.0,coinmetrics_community
stable_usdc,2023-09-03,usdc,183688.0,422184.0,483952.0,coinmetrics_community
stable_usdc,2023-09-04,usdc,197353.0,504554.0,593440.0,coinmetrics_community
stable_usdc,2023-09-05,usdc,205420.0,552814.0,657976.0,coinmetrics_community
stable_usdc,2023-09-06,usdc,194150.0,526417.0,625210.0,coinmetrics_community
stable_usdc,2023-09-07,usdc,190439.0,425725.0,505891.0,coinmetrics_community
stable_usdc,2023-09-08,usdc,189775.0,432619.0,519057.0,coinmetrics_community
stable_usdc,2023-09-09,usdc,159328.0,352670.0,405787.0,coinmetrics_community
stable_usdc,2023-09-10,usdc,196487.0,455905.0,578645.0,coinmetrics_community
stable_usdc,2023-09-11,usdc,224350.0,561497.0,704684.0,coinmetrics_community
stable_usdc,2023-09-12,usdc,207672.0,571969.0,705641.0,coinmetrics_community
stable_usdc,2023-09-13,usdc,199476.0,523621.0,643434.0,coinmetrics_community
stable_usdc,2023-09-14,usdc,194491.0,541123.0,653351.0,coinmetrics_community
stable_usdc,2023-09-15,usdc,183936.0,463267.0,552487.0,coinmetrics_community
stable_usdc,2023-09-16,usdc,166408.0,416014.0,495699.0,coinmetrics_community
stable_usdc,2023-09-17,usdc,163919.0,412134.0,490196.0,coinmetrics_community
stable_usdc,2023-09-18,usdc,213866.0,562973.0,684336.0,coinmetrics_community
stable_usdc,2023-09-19,usdc,243403.0,531097.0,640374.0,coinmetrics_community
stable_usdc,2023-09-20,usdc,191632.0,492477.0,606598.0,coinmetrics_community
stable_usdc,2023-09-21,usdc,186337.0,510905.0,618939.0,coinmetrics_community
stable_usdc,2023-09-22,usdc,177791.0,435791.0,527005.0,coinmetrics_community
stable_usdc,2023-09-23,usdc,158601.0,356274.0,440641.0,coinmetrics_community
stable_usdc,2023-09-24,usdc,161458.0,422556.0,526174.0,coinmetrics_community
stable_usdc,2023-09-25,usdc,170875.0,446167.0,534206.0,coinmetrics_community
stable_usdc,2023-09-26,usdc,173344.0,395387.0,474517.0,coinmetrics_community
stable_usdc,2023-09-27,usdc,186940.0,527805.0,620105.0,coinmetrics_community
stable_usdc,2023-09-28,usdc,201084.0,659344.0,773299.0,coinmetrics_community
stable_usdc,2023-09-29,usdc,227662.0,742751.0,866558.0,coinmetrics_community
stable_usdc,2023-09-30,usdc,217829.0,637021.0,757985.0,coinmetrics_community
stable_usdc,2023-10-01,usdc,229375.0,695674.0,865652.0,coinmetrics_community
stable_usdc,2023-10-02,usdc,236724.0,798576.0,992512.0,coinmetrics_community
stable_usdc,2023-10-03,usdc,226331.0,758375.0,929062.0,coinmetrics_community
stable_usdc,2023-10-04,usdc,210548.0,690683.0,841903.0,coinmetrics_community
stable_usdc,2023-10-05,usdc,202542.0,586979.0,707511.0,coinmetrics_community
stable_usdc,2023-10-06,usdc,200363.0,607103.0,765371.0,coinmetrics_community
stable_usdc,2023-10-07,usdc,174131.0,481468.0,582901.0,coinmetrics_community
stable_usdc,2023-10-08,usdc,167159.0,394112.0,487315.0,coinmetrics_community
stable_usdc,2023-10-09,usdc,205719.0,491633.0,610074.0,coinmetrics_community
stable_usdc,2023-10-10,usdc,196790.0,466880.0,569872.0,coinmetrics_community
stable_usdc,2023-10-11,usdc,203606.0,499278.0,609145.0,coinmetrics_community
stable_usdc,2023-10-12,usdc,194653.0,497207.0,603636.0,coinmetrics_community
stable_usdc,2023-10-13,usdc,187036.0,466388.0,562645.0,coinmetrics_community
stable_usdc,2023-10-14,usdc,165907.0,373822.0,442954.0,coinmetrics_community
stable_usdc,2023-10-15,usdc,159887.0,406724.0,480953.0,coinmetrics_community
stable_usdc,2023-10-16,usdc,204615.0,616238.0,794979.0,coinmetrics_community
stable_usdc,2023-10-17,usdc,196530.0,560389.0,708980.0,coinmetrics_community
stable_usdc,2023-10-18,usdc,185234.0,490899.0,600640.0,coinmetrics_community
stable_usdc,2023-10-19,usdc,198159.0,657149.0,799852.0,coinmetrics_community
stable_usdc,2023-10-20,usdc,218282.0,693300.0,889356.0,coinmetrics_community
stable_usdc,2023-10-21,usdc,209594.0,665508.0,849865.0,coinmetrics_community
stable_usdc,2023-10-22,usdc,194678.0,588908.0,754632.0,coinmetrics_community
stable_usdc,2023-10-23,usdc,237635.0,889989.0,1158704.0,coinmetrics_community
stable_usdc,2023-10-24,usdc,323823.0,989657.0,1277499.0,coinmetrics_community
stable_usdc,2023-10-25,usdc,406494.0,1037906.0,1326956.0,coinmetrics_community
stable_usdc,2023-10-26,usdc,348358.0,932676.0,1186009.0,coinmetrics_community
stable_usdc,2023-10-27,usdc,321973.0,813063.0,1031710.0,coinmetrics_community
stable_usdc,2023-10-28,usdc,329643.0,645167.0,809691.0,coinmetrics_community
stable_usdc,2023-10-29,usdc,273843.0,608634.0,760321.0,coinmetrics_community
stable_usdc,2023-10-30,usdc,435103.0,873232.0,1078858.0,coinmetrics_community
stable_usdc,2023-10-31,usdc,425758.0,1029162.0,1276223.0,coinmetrics_community
stable_usdc,2023-11-01,usdc,451991.0,1561540.0,2038037.0,coinmetrics_community
stable_usdc,2023-11-02,usdc,412933.0,1711814.0,2166103.0,coinmetrics_community
stable_usdc,2023-11-03,usdc,345257.0,1451590.0,1812263.0,coinmetrics_community
stable_usdc,2023-11-04,usdc,377322.0,1360767.0,1788119.0,coinmetrics_community
stable_usdc,2023-11-05,usdc,275174.0,993051.0,1310986.0,coinmetrics_community
stable_usdc,2023-11-06,usdc,336920.0,949158.0,1185574.0,coinmetrics_community
stable_usdc,2023-11-07,usdc,444803.0,1224120.0,1539468.0,coinmetrics_community
stable_usdc,2023-11-08,usdc,321207.0,972575.0,1230351.0,coinmetrics_community
stable_usdc,2023-11-09,usdc,441685.0,1541470.0,2020627.0,coinmetrics_community
stable_usdc,2023-11-10,usdc,440993.0,1798440.0,2338410.0,coinmetrics_community
stable_usdc,2023-11-11,usdc,478630.0,1875509.0,2452136.0,coinmetrics_community
stable_usdc,2023-11-12,usdc,390121.0,1584143.0,2038789.0,coinmetrics_community
stable_usdc,2023-11-13,usdc,400663.0,1725907.0,2181648.0,coinmetrics_community
stable_usdc,2023-11-14,usdc,367760.0,1704004.0,2140994.0,coinmetrics_community
stable_usdc,2023-11-15,usdc,448919.0,1586791.0,2008863.0,coinmetrics_community
stable_usdc,2023-11-16,usdc,516334.0,1779918.0,2232684.0,coinmetrics_community
stable_usdc,2023-11-17,usdc,436459.0,1645557.0,2054037.0,coinmetrics_community
stable_usdc,2023-11-18,usdc,376846.0,1177087.0,1431663.0,coinmetrics_community
stable_usdc,2023-11-19,usdc,408491.0,1187079.0,1513575.0,coinmetrics_community
stable_usdc,2023-11-20,usdc,520738.0,1523477.0,1969094.0,coinmetrics_community
stable_usdc,2023-11-21,usdc,526219.0,1632978.0,2147267.0,coinmetrics_community
stable_usdc,2023-11-22,usdc,476783.0,1541375.0,2044928.0,coinmetrics_community
stable_usdc,2023-11-23,usdc,514580.0,1262975.0,1603072.0,coinmetrics_community
stable_usdc,2023-11-24,usdc,446716.0,1146842.0,1468213.0,coinmetrics_community
stable_usdc,2023-11-25,usdc,440671.0,978120.0,1314685.0,coinmetrics_community
stable_usdc,2023-11-26,usdc,448752.0,912391.0,1271884.0,coinmetrics_community
stable_usdc,2023-11-27,usdc,442509.0,1116636.0,1529950.0,coinmetrics_community
stable_usdc,2023-11-28,usdc,540007.0,1122324.0,1511588.0,coinmetrics_community
stable_usdc,2023-11-29,usdc,481253.0,1073085.0,1476469.0,coinmetrics_community
stable_usdc,2023-11-30,usdc,457447.0,999274.0,1379109.0,coinmetrics_community
stable_usdc,2023-12-01,usdc,498741.0,1092295.0,1459509.0,coinmetrics_community
stable_usdc,2023-12-02,usdc,454093.0,928219.0,1299159.0,coinmetrics_community
stable_usdc,2023-12-03,usdc,457912.0,915633.0,1268944.0,coinmetrics_community
stable_usdc,2023-12-04,usdc,530321.0,1516280.0,2002650.0,coinmetrics_community
stable_usdc,2023-12-05,usdc,580688.0,1505204.0,1980977.0,coinmetrics_community
stable_usdc,2023-12-06,usdc,589668.0,1775993.0,2403564.0,coinmetrics_community
stable_usdc,2023-12-07,usdc,637083.0,1789154.0,2484055.0,coinmetrics_community
stable_usdc,2023-12-08,usdc,809578.0,2035424.0,2911302.0,coinmetrics_community
stable_usdc,2023-12-09,usdc,805517.0,1884588.0,2695138.0,coinmetrics_community
stable_usdc,2023-12-10,usdc,734833.0,1525785.0,2168631.0,coinmetrics_community
stable_usdc,2023-12-11,usdc,772159.0,2163320.0,2907607.0,coinmetrics_community
stable_usdc,2023-12-12,usdc,701410.0,1888238.0,2546282.0,coinmetrics_community
stable_usdc,2023-12-13,usdc,694612.0,1816138.0,2448347.0,coinmetrics_community
stable_usdc,2023-12-14,usdc,738330.0,2187387.0,2949575.0,coinmetrics_community
stable_usdc,2023-12-15,usdc,844851.0,2203993.0,3102000.0,coinmetrics_community
stable_usdc,2023-12-16,usdc,740864.0,1738003.0,2369171.0,coinmetrics_community
stable_usdc,2023-12-17,usdc,722842.0,1674995.0,2292639.0,coinmetrics_community
stable_usdc,2023-12-18,usdc,792445.0,1968000.0,2677002.0,coinmetrics_community
stable_usdc,2023-12-19,usdc,799619.0,1859165.0,2570200.0,coinmetrics_community
stable_usdc,2023-12-20,usdc,812678.0,1858964.0,2599145.0,coinmetrics_community
stable_usdc,2023-12-21,usdc,874579.0,1930619.0,2759956.0,coinmetrics_community
stable_usdc,2023-12-22,usdc,940462.0,2026654.0,2958032.0,coinmetrics_community
stable_usdc,2023-12-23,usdc,797003.0,1554722.0,2182489.0,coinmetrics_community
stable_usdc,2023-12-24,usdc,820304.0,1783134.0,2501081.0,coinmetrics_community
stable_usdc,2023-12-25,usdc,791654.0,1695033.0,2335090.0,coinmetrics_community
stable_usdc,2023-12-26,usdc,849621.0,1824183.0,2522324.0,coinmetrics_community
stable_usdc,2023-12-27,usdc,800741.0,1780327.0,2416873.0,coinmetrics_community
stable_usdc,2023-12-28,usdc,775511.0,1786936.0,2420802.0,coinmetrics_community
stable_usdc,2023-12-29,usdc,702948.0,1870633.0,2442065.0,coinmetrics_community
stable_usdc,2023-12-30,usdc,648696.0,1727144.0,2157259.0,coinmetrics_community
stable_usdc,2023-12-31,usdc,632947.0,1693237.0,2115994.0,coinmetrics_community
stable_usdc,2024-01-01,usdc,620790.0,1638320.0,2076893.0,coinmetrics_community
stable_usdc,2024-01-02,usdc,767424.0,1900468.0,2424323.0,coinmetrics_community
stable_usdc,2024-01-03,usdc,767683.0,2026090.0,2620951.0,coinmetrics_community
stable_usdc,2024-01-04,usdc,712753.0,1830047.0,2346774.0,coinmetrics_community
stable_usdc,2024-01-05,usdc,692351.0,1741489.0,2222568.0,coinmetrics_community
stable_usdc,2024-01-06,usdc,641898.0,1516463.0,1983264.0,coinmetrics_community
stable_usdc,2024-01-07,usdc,659447.0,1433681.0,1880770.0,coinmetrics_community
stable_usdc,2024-01-08,usdc,718081.0,1782807.0,2360189.0,coinmetrics_community
stable_usdc,2024-01-09,usdc,707323.0,1856499.0,2441056.0,coinmetrics_community
stable_usdc,2024-01-10,usdc,695349.0,1863151.0,2451946.0,coinmetrics_community
stable_usdc,2024-01-11,usdc,704380.0,1853660.0,2453030.0,coinmetrics_community
stable_usdc,2024-01-12,usdc,673617.0,1792719.0,2353838.0,coinmetrics_community
stable_usdc,2024-01-13,usdc,695773.0,1533797.0,2031672.0,coinmetrics_community
stable_usdc,2024-01-14,usdc,717048.0,1648247.0,2167076.0,coinmetrics_community
stable_usdc,2024-01-15,usdc,705570.0,1456833.0,1932239.0,coinmetrics_community
stable_usdc,2024-01-16,usdc,716829.0,1556651.0,2014821.0,coinmetrics_community
stable_usdc,2024-01-17,usdc,768917.0,1733191.0,2311856.0,coinmetrics_community
stable_usdc,2024-01-18,usdc,785865.0,1907504.0,2561120.0,coinmetrics_community
stable_usdc,2024-01-19,usdc,758891.0,2066940.0,2687070.0,coinmetrics_community
stable_usdc,2024-01-20,usdc,756067.0,1659602.0,2191552.0,coinmetrics_community
stable_usdc,2024-01-21,usdc,725133.0,1486979.0,2021173.0,coinmetrics_community
stable_usdc,2024-01-22,usdc,761766.0,1939858.0,2610839.0,coinmetrics_community
stable_usdc,2024-01-23,usdc,754172.0,2018332.0,2652050.0,coinmetrics_community
stable_usdc,2024-01-24,usdc,716149.0,1914692.0,2485378.0,coinmetrics_community
stable_usdc,2024-01-25,usdc,729939.0,1976055.0,2544008.0,coinmetrics_community
stable_usdc,2024-01-26,usdc,1295680.0,2391705.0,3047491.0,coinmetrics_community
stable_usdc,2024-01-27,usdc,1215674.0,2035319.0,2584647.0,coinmetrics_community
stable_usdc,2024-01-28,usdc,1114858.0,2135149.0,2746314.0,coinmetrics_community
stable_usdc,2024-01-29,usdc,1156891.0,2451562.0,3107457.0,coinmetrics_community
stable_usdc,2024-01-30,usdc,1146356.0,2425228.0,3095439.0,coinmetrics_community
stable_usdc,2024-01-31,usdc,1692190.0,3054129.0,4026959.0,coinmetrics_community
stable_usdc,2024-02-01,usdc,1250732.0,2490473.0,3313150.0,coinmetrics_community
stable_usdc,2024-02-02,usdc,1087278.0,2295061.0,3005751.0,coinmetrics_community
stable_usdc,2024-02-03,usdc,908154.0,1853827.0,2372095.0,coinmetrics_community
stable_usdc,2024-02-04,usdc,908231.0,2011748.0,2567170.0,coinmetrics_community
stable_usdc,2024-02-05,usdc,902827.0,2299832.0,2856876.0,coinmetrics_community
stable_usdc,2024-02-06,usdc,763250.0,1669510.0,2127309.0,coinmetrics_community
stable_usdc,2024-02-07,usdc,921677.0,2373150.0,3015684.0,coinmetrics_community
stable_usdc,2024-02-08,usdc,891553.0,2446125.0,3020325.0,coinmetrics_community
stable_usdc,2024-02-09,usdc,877576.0,2316598.0,2936134.0,coinmetrics_community
stable_usdc,2024-02-10,usdc,816047.0,2231252.0,2788662.0,coinmetrics_community
stable_usdc,2024-02-11,usdc,762635.0,2061387.0,2606778.0,coinmetrics_community
stable_usdc,2024-02-12,usdc,809244.0,2172161.0,2817965.0,coinmetrics_community
stable_usdc,2024-02-13,usdc,860837.0,2387218.0,3048501.0,coinmetrics_community
stable_usdc,2024-02-14,usdc,910663.0,2785494.0,3493468.0,coinmetrics_community
stable_usdc,2024-02-15,usdc,889787.0,2589153.0,3306287.0,coinmetrics_community
stable_usdc,2024-02-16,usdc,818991.0,2536171.0,3155921.0,coinmetrics_community
stable_usdc,2024-02-17,usdc,762839.0,2185634.0,2736262.0,coinmetrics_community
stable_usdc,2024-02-18,usdc,753185.0,2161441.0,2782642.0,coinmetrics_community
stable_usdc,2024-02-19,usdc,794837.0,2497078.0,3086827.0,coinmetrics_community
stable_usdc,2024-02-20,usdc,800535.0,2492877.0,3089934.0,coinmetrics_community
stable_usdc,2024-02-21,usdc,798818.0,2458892.0,3050436.0,coinmetrics_community
stable_usdc,2024-02-22,usdc,802511.0,2364241.0,2927934.0,coinmetrics_community
stable_usdc,2024-02-23,usdc,777731.0,2520687.0,3097931.0,coinmetrics_community
stable_usdc,2024-02-24,usdc,765679.0,2188966.0,2712705.0,coinmetrics_community
stable_usdc,2024-02-25,usdc,728747.0,2015187.0,2552370.0,coinmetrics_community
stable_usdc,2024-02-26,usdc,909263.0,2413205.0,3077033.0,coinmetrics_community
stable_usdc,2024-02-27,usdc,979624.0,2902124.0,3856002.0,coinmetrics_community
stable_usdc,2024-02-28,usdc,1016220.0,3112000.0,4036251.0,coinmetrics_community
stable_usdc,2024-02-29,usdc,1166883.0,3237556.0,4212362.0,coinmetrics_community
stable_usdc,2024-03-01,usdc,1087461.0,2909546.0,3765148.0,coinmetrics_community
stable_usdc,2024-03-02,usdc,1076083.0,2745454.0,3517174.0,coinmetrics_community
stable_usdc,2024-03-03,usdc,1211787.0,2841555.0,3757775.0,coinmetrics_community
stable_usdc,2024-03-04,usdc,1209013.0,2961580.0,3901086.0,coinmetrics_community
stable_usdc,2024-03-05,usdc,1259976.0,3266166.0,4365016.0,coinmetrics_community
stable_usdc,2024-03-06,usdc,1308809.0,3157099.0,4120475.0,coinmetrics_community
stable_usdc,2024-03-07,usdc,1399672.0,3136394.0,4126461.0,coinmetrics_community
stable_usdc,2024-03-08,usdc,1304867.0,3152055.0,4087261.0,coinmetrics_community
stable_usdc,2024-03-09,usdc,1342282.0,2897528.0,3740182.0,coinmetrics_community
stable_usdc,2024-03-10,usdc,1262588.0,2658299.0,3446908.0,coinmetrics_community
stable_usdc,2024-03-11,usdc,1268751.0,2938218.0,3758718.0,coinmetrics_community
stable_usdc,2024-03-12,usdc,1211398.0,2801102.0,3653535.0,coinmetrics_community
stable_usdc,2024-03-13,usdc,1257076.0,2598903.0,3475901.0,coinmetrics_community
stable_usdc,2024-03-14,usdc,1386708.0,2868600.0,3884103.0,coinmetrics_community
stable_usdc,2024-03-15,usdc,1392370.0,2993338.0,4165768.0,coinmetrics_community
stable_usdc,2024-03-16,usdc,1475494.0,2943441.0,4058650.0,coinmetrics_community
stable_usdc,2024-03-17,usdc,1449343.0,2889130.0,3949734.0,coinmetrics_community
stable_usdc,2024-03-18,usdc,1495896.0,3110831.0,4237949.0,coinmetrics_community
stable_usdc,2024-03-19,usdc,1468426.0,3373741.0,4651703.0,coinmetrics_community
stable_usdc,2024-03-20,usdc,1306932.0,3155509.0,4234777.0,coinmetrics_community
stable_usdc,2024-03-21,usdc,1286968.0,2873056.0,3816142.0,coinmetrics_community
stable_usdc,2024-03-22,usdc,1214044.0,2903322.0,3810554.0,coinmetrics_community
stable_usdc,2024-03-23,usdc,1114233.0,2554858.0,3339899.0,coinmetrics_community
stable_usdc,2024-03-24,usdc,1137198.0,2677410.0,3424911.0,coinmetrics_community
stable_usdc,2024-03-25,usdc,1279284.0,2908106.0,3765743.0,coinmetrics_community
stable_usdc,2024-03-26,usdc,1296432.0,2954254.0,3796055.0,coinmetrics_community
stable_usdc,2024-03-27,usdc,1334417.0,3002228.0,3880374.0,coinmetrics_community
stable_usdc,2024-03-28,usdc,1395010.0,3064996.0,3953851.0,coinmetrics_community
stable_usdc,2024-03-29,usdc,1344519.0,3000996.0,3853949.0,coinmetrics_community
stable_usdc,2024-03-30,usdc,1404712.0,2935945.0,3837120.0,coinmetrics_community
stable_usdc,2024-03-31,usdc,1311410.0,2553395.0,3350302.0,coinmetrics_community
stable_usdc,2024-04-01,usdc,1391070.0,2775614.0,3688313.0,coinmetrics_community
stable_usdc,2024-04-02,usdc,1470029.0,2915372.0,3940425.0,coinmetrics_community
stable_usdc,2024-04-03,usdc,1390599.0,2581442.0,3530972.0,coinmetrics_community
stable_usdc,2024-04-04,usdc,1296995.0,2214067.0,3071801.0,coinmetrics_community
stable_usdc,2024-04-05,usdc,1061568.0,1950178.0,2806540.0,coinmetrics_community
stable_usdc,2024-04-06,usdc,919895.0,1698379.0,2417307.0,coinmetrics_community
stable_usdc,2024-04-07,usdc,865528.0,1626723.0,2351369.0,coinmetrics_community
stable_usdc,2024-04-08,usdc,999723.0,1966536.0,2803714.0,coinmetrics_community
stable_usdc,2024-04-09,usdc,967171.0,2099060.0,2896034.0,coinmetrics_community
stable_usdc,2024-04-10,usdc,1006178.0,2107887.0,2965631.0,coinmetrics_community
stable_usdc,2024-04-11,usdc,1131942.0,2134747.0,3025496.0,coinmetrics_community
stable_usdc,2024-04-12,usdc,1223670.0,2319509.0,3357267.0,coinmetrics_community
stable_usdc,2024-04-13,usdc,1235978.0,2764281.0,3915783.0,coinmetrics_community
stable_usdc,2024-04-14,usdc,1118362.0,2647719.0,3754330.0,coinmetrics_community
stable_usdc,2024-04-15,usdc,1135942.0,2483753.0,3501328.0,coinmetrics_community
stable_usdc,2024-04-16,usdc,1205168.0,2847183.0,4015381.0,coinmetrics_community
stable_usdc,2024-04-17,usdc,1251905.0,2842924.0,4029314.0,coinmetrics_community
stable_usdc,2024-04-18,usdc,1131259.0,2766735.0,3934515.0,coinmetrics_community
stable_usdc,2024-04-19,usdc,1080492.0,2982077.0,4273938.0,coinmetrics_community
stable_usdc,2024-04-20,usdc,1013159.0,2770912.0,3901298.0,coinmetrics_community
stable_usdc,2024-04-21,usdc,913889.0,2591181.0,3679630.0,coinmetrics_community
stable_usdc,2024-04-22,usdc,1062558.0,2793070.0,3957163.0,coinmetrics_community
stable_usdc,2024-04-23,usdc,1056724.0,2776837.0,3808413.0,coinmetrics_community
stable_usdc,2024-04-24,usdc,1170605.0,3029483.0,4127740.0,coinmetrics_community
stable_usdc,2024-04-25,usdc,1053098.0,2945885.0,4006016.0,coinmetrics_community
stable_usdc,2024-04-26,usdc,748181.0,1933998.0,2732891.0,coinmetrics_community
stable_usdc,2024-04-27,usdc,901880.0,2649871.0,3536337.0,coinmetrics_community
stable_usdc,2024-04-28,usdc,866727.0,2451042.0,3210577.0,coinmetrics_community
stable_usdc,2024-04-29,usdc,887048.0,2637985.0,3441039.0,coinmetrics_community
stable_usdc,2024-04-30,usdc,1050599.0,2948851.0,3920338.0,coinmetrics_community
stable_usdc,2024-05-01,usdc,995998.0,3067532.0,4066682.0,coinmetrics_community
stable_usdc,2024-05-02,usdc,941870.0,2838164.0,3685870.0,coinmetrics_community
stable_usdc,2024-05-03,usdc,912285.0,2635155.0,3428748.0,coinmetrics_community
stable_usdc,2024-05-04,usdc,848537.0,2479924.0,3164551.0,coinmetrics_community
stable_usdc,2024-05-05,usdc,775595.0,2126011.0,2765687.0,coinmetrics_community
stable_usdc,2024-05-06,usdc,901701.0,2453446.0,3240330.0,coinmetrics_community
stable_usdc,2024-05-07,usdc,913004.0,2430823.0,3213548.0,coinmetrics_community
stable_usdc,2024-05-08,usdc,901263.0,2342525.0,3095647.0,coinmetrics_community
stable_usdc,2024-05-09,usdc,896412.0,2203131.0,2948956.0,coinmetrics_community
stable_usdc,2024-05-10,usdc,915326.0,2245171.0,3013590.0,coinmetrics_community
stable_usdc,2024-05-11,usdc,792684.0,2029263.0,2601090.0,coinmetrics_community
stable_usdc,2024-05-12,usdc,766490.0,1968112.0,2509328.0,coinmetrics_community
stable_usdc,2024-05-13,usdc,990368.0,2521416.0,3329274.0,coinmetrics_community
stable_usdc,2024-05-14,usdc,971036.0,2429538.0,3196246.0,coinmetrics_community
stable_usdc,2024-05-15,usdc,1068649.0,2699498.0,3533919.0,coinmetrics_community
stable_usdc,2024-05-16,usdc,1117844.0,2678338.0,3524201.0,coinmetrics_community
stable_usdc,2024-05-17,usdc,1060639.0,2614161.0,3438147.0,coinmetrics_community
stable_usdc,2024-05-18,usdc,935934.0,2443780.0,3178987.0,coinmetrics_community
stable_usdc,2024-05-19,usdc,859253.0,2386729.0,3053781.0,coinmetrics_community
stable_usdc,2024-05-20,usdc,1024658.0,2930383.0,3839920.0,coinmetrics_community
stable_usdc,2024-05-21,usdc,1117356.0,2920475.0,3786500.0,coinmetrics_community
stable_usdc,2024-05-22,usdc,1104379.0,3066505.0,3921299.0,coinmetrics_community
stable_usdc,2024-05-23,usdc,1034208.0,2988108.0,3846483.0,coinmetrics_community
stable_usdc,2024-05-24,usdc,926081.0,2793670.0,3525494.0,coinmetrics_community
stable_usdc,2024-05-25,usdc,836100.0,2514072.0,3111243.0,coinmetrics_community
stable_usdc,2024-05-26,usdc,834295.0,2504849.0,3143370.0,coinmetrics_community
stable_usdc,2024-05-27,usdc,971659.0,2622831.0,3361916.0,coinmetrics_community
stable_usdc,2024-05-28,usdc,984981.0,2834418.0,3643670.0,coinmetrics_community
stable_usdc,2024-05-29,usdc,981674.0,2474076.0,3275825.0,coinmetrics_community
stable_usdc,2024-05-30,usdc,954037.0,2388204.0,3169595.0,coinmetrics_community
stable_usdc,2024-05-31,usdc,900158.0,2444619.0,3208066.0,coinmetrics_community
stable_usdc,2024-06-01,usdc,815934.0,2083393.0,2668015.0,coinmetrics_community
stable_usdc,2024-06-02,usdc,832549.0,2285269.0,2918943.0,coinmetrics_community
stable_usdc,2024-06-03,usdc,950041.0,2373395.0,3106001.0,coinmetrics_community
stable_usdc,2024-06-04,usdc,931232.0,2437456.0,3169739.0,coinmetrics_community
stable_usdc,2024-06-05,usdc,987484.0,2486124.0,3279395.0,coinmetrics_community
stable_usdc,2024-06-06,usdc,1013129.0,2541347.0,3327770.0,coinmetrics_community
stable_usdc,2024-06-07,usdc,1087807.0,2733826.0,3647385.0,coinmetrics_community
stable_usdc,2024-06-08,usdc,892403.0,2271620.0,2988688.0,coinmetrics_community
stable_usdc,2024-06-09,usdc,821775.0,2231215.0,2872508.0,coinmetrics_community
stable_usdc,2024-06-10,usdc,863416.0,2445032.0,3135351.0,coinmetrics_community
stable_usdc,2024-06-11,usdc,1036356.0,2606163.0,3495640.0,coinmetrics_community
stable_usdc,2024-06-12,usdc,956693.0,2296441.0,3150704.0,coinmetrics_community
stable_usdc,2024-06-13,usdc,868009.0,2264469.0,3007181.0,coinmetrics_community
stable_usdc,2024-06-14,usdc,876544.0,2213883.0,2953428.0,coinmetrics_community
stable_usdc,2024-06-15,usdc,756187.0,1970613.0,2608213.0,coinmetrics_community
stable_usdc,2024-06-16,usdc,730008.0,1953469.0,2564672.0,coinmetrics_community
stable_usdc,2024-06-17,usdc,805751.0,2268010.0,3037603.0,coinmetrics_community
stable_usdc,2024-06-18,usdc,956461.0,2560263.0,3474337.0,coinmetrics_community
stable_usdc,2024-06-19,usdc,859865.0,2360093.0,3084186.0,coinmetrics_community
stable_usdc,2024-06-20,usdc,904332.0,2394321.0,3180275.0,coinmetrics_community
stable_usdc,2024-06-21,usdc,885357.0,2533786.0,3340640.0,coinmetrics_community
stable_usdc,2024-06-22,usdc,671936.0,2151150.0,2721583.0,coinmetrics_community
stable_usdc,2024-06-23,usdc,697266.0,2217807.0,2813258.0,coinmetrics_community
stable_usdc,2024-06-24,usdc,896804.0,2758976.0,3623789.0,coinmetrics_community
stable_usdc,2024-06-25,usdc,911700.0,2675398.0,3415875.0,coinmetrics_community
stable_usdc,2024-06-26,usdc,808966.0,2503935.0,3201215.0,coinmetrics_community
stable_usdc,2024-06-27,usdc,912228.0,2308835.0,3035058.0,coinmetrics_community
stable_usdc,2024-06-28,usdc,854506.0,2513221.0,3243470.0,coinmetrics_community
stable_usdc,2024-06-29,usdc,726322.0,2143192.0,2743262.0,coinmetrics_community
stable_usdc,2024-06-30,usdc,778971.0,2201764.0,2867008.0,coinmetrics_community
stable_usdc,2024-07-01,usdc,862932.0,2289822.0,2994169.0,coinmetrics_community
stable_usdc,2024-07-02,usdc,852321.0,2255593.0,2918313.0,coinmetrics_community
stable_usdc,2024-07-03,usdc,925184.0,2352060.0,3143457.0,coinmetrics_community
stable_usdc,2024-07-04,usdc,944037.0,2563439.0,3472997.0,coinmetrics_community
stable_usdc,2024-07-05,usdc,1024011.0,2909479.0,3975288.0,coinmetrics_community
stable_usdc,2024-07-06,usdc,864461.0,2292788.0,3041898.0,coinmetrics_community
stable_usdc,2024-07-07,usdc,815210.0,1959801.0,2653979.0,coinmetrics_community
stable_usdc,2024-07-08,usdc,869667.0,2663721.0,3583924.0,coinmetrics_community
stable_usdc,2024-07-09,usdc,804172.0,2291290.0,3045050.0,coinmetrics_community
stable_usdc,2024-07-10,usdc,786139.0,2274484.0,2992537.0,coinmetrics_community
stable_usdc,2024-07-11,usdc,755735.0,2281205.0,3082325.0,coinmetrics_community
stable_usdc,2024-07-12,usdc,694319.0,2150141.0,2924033.0,coinmetrics_community
stable_usdc,2024-07-13,usdc,649967.0,1845368.0,2391777.0,coinmetrics_community
stable_usdc,2024-07-14,usdc,678708.0,1942349.0,2602059.0,coinmetrics_community
stable_usdc,2024-07-15,usdc,837012.0,2348968.0,3151610.0,coinmetrics_community
stable_usdc,2024-07-16,usdc,920922.0,2733741.0,3572363.0,coinmetrics_community
stable_usdc,2024-07-17,usdc,910049.0,3017933.0,3794555.0,coinmetrics_community
stable_usdc,2024-07-18,usdc,839376.0,2407798.0,3159198.0,coinmetrics_community
stable_usdc,2024-07-19,usdc,900711.0,2529948.0,3320093.0,coinmetrics_community
stable_usdc,2024-07-20,usdc,847702.0,2125639.0,2770859.0,coinmetrics_community
stable_usdc,2024-07-21,usdc,913379.0,2255463.0,3035878.0,coinmetrics_community
stable_usdc,2024-07-22,usdc,954661.0,2309066.0,3092711.0,coinmetrics_community
stable_usdc,2024-07-23,usdc,855777.0,2371023.0,3182518.0,coinmetrics_community
stable_usdc,2024-07-24,usdc,843933.0,2474894.0,3248586.0,coinmetrics_community
stable_usdc,2024-07-25,usdc,870874.0,2829399.0,3828568.0,coinmetrics_community
stable_usdc,2024-07-26,usdc,857413.0,2628310.0,3506045.0,coinmetrics_community
stable_usdc,2024-07-27,usdc,868691.0,2617642.0,3478602.0,coinmetrics_community
stable_usdc,2024-07-28,usdc,750970.0,2396520.0,3146346.0,coinmetrics_community
stable_usdc,2024-07-29,usdc,932398.0,2635841.0,3585106.0,coinmetrics_community
stable_usdc,2024-07-30,usdc,840526.0,2506920.0,3381330.0,coinmetrics_community
stable_usdc,2024-07-31,usdc,861894.0,2611772.0,3539361.0,coinmetrics_community
stable_usdc,2024-08-01,usdc,898625.0,2746264.0,3726802.0,coinmetrics_community
stable_usdc,2024-08-02,usdc,877830.0,3103068.0,4185254.0,coinmetrics_community
stable_usdc,2024-08-03,usdc,875536.0,2869527.0,3817348.0,coinmetrics_community
stable_usdc,2024-08-04,usdc,871159.0,2977311.0,3927688.0,coinmetrics_community
stable_usdc,2024-08-05,usdc,1246501.0,4344610.0,5902721.0,coinmetrics_community
stable_usdc,2024-08-06,usdc,955164.0,3439466.0,4572806.0,coinmetrics_community
stable_usdc,2024-08-07,usdc,931735.0,3330207.0,4408157.0,coinmetrics_community
stable_usdc,2024-08-08,usdc,916229.0,3250734.0,4277512.0,coinmetrics_community
stable_usdc,2024-08-09,usdc,832581.0,3290179.0,4238737.0,coinmetrics_community
stable_usdc,2024-08-10,usdc,691582.0,2731445.0,3439210.0,coinmetrics_community
stable_usdc,2024-08-11,usdc,744971.0,3059060.0,3971633.0,coinmetrics_community
stable_usdc,2024-08-12,usdc,802276.0,3593583.0,4648866.0,coinmetrics_community
stable_usdc,2024-08-13,usdc,814430.0,3200346.0,4106289.0,coinmetrics_community
stable_usdc,2024-08-14,usdc,775976.0,3167973.0,4087644.0,coinmetrics_community
stable_usdc,2024-08-15,usdc,866183.0,3401418.0,4357126.0,coinmetrics_community
stable_usdc,2024-08-16,usdc,771995.0,3146875.0,4047404.0,coinmetrics_community
stable_usdc,2024-08-17,usdc,705386.0,2616735.0,3283079.0,coinmetrics_community
stable_usdc,2024-08-18,usdc,679326.0,2574513.0,3308998.0,coinmetrics_community
stable_usdc,2024-08-19,usdc,689082.0,2968754.0,3776545.0,coinmetrics_community
stable_usdc,2024-08-20,usdc,768609.0,2931128.0,3780863.0,coinmetrics_community
stable_usdc,2024-08-21,usdc,747764.0,2795101.0,3615859.0,coinmetrics_community
stable_usdc,2024-08-22,usdc,716875.0,2728687.0,3475599.0,coinmetrics_community
stable_usdc,2024-08-23,usdc,877977.0,3286317.0,4237035.0,coinmetrics_community
stable_usdc,2024-08-24,usdc,857135.0,3267328.0,4243785.0,coinmetrics_community
stable_usdc,2024-08-25,usdc,735541.0,3105826.0,3983624.0,coinmetrics_community
stable_usdc,2024-08-26,usdc,733315.0,3133852.0,4076234.0,coinmetrics_community
stable_usdc,2024-08-27,usdc,790231.0,3370353.0,4330223.0,coinmetrics_community
stable_usdc,2024-08-28,usdc,836061.0,3596080.0,4522085.0,coinmetrics_community
stable_usdc,2024-08-29,usdc,787739.0,3422609.0,4388757.0,coinmetrics_community
stable_usdc,2024-08-30,usdc,767025.0,3425004.0,4409055.0,coinmetrics_community
stable_usdc,2024-08-31,usdc,689689.0,2557687.0,3281728.0,coinmetrics_community
stable_usdc,2024-09-01,usdc,643639.0,3037773.0,3973688.0,coinmetrics_community
stable_usdc,2024-09-02,usdc,647327.0,3403002.0,4323919.0,coinmetrics_community
stable_usdc,2024-09-03,usdc,670478.0,3217344.0,4158850.0,coinmetrics_community
stable_usdc,2024-09-04,usdc,752859.0,3652808.0,4809801.0,coinmetrics_community
stable_usdc,2024-09-05,usdc,713102.0,3440669.0,4530500.0,coinmetrics_community
stable_usdc,2024-09-06,usdc,838299.0,3661541.0,4693523.0,coinmetrics_community
stable_usdc,2024-09-07,usdc,696303.0,2860865.0,3584317.0,coinmetrics_community
stable_usdc,2024-09-08,usdc,678429.0,2858213.0,3565622.0,coinmetrics_community
stable_usdc,2024-09-09,usdc,772982.0,3264826.0,4143560.0,coinmetrics_community
stable_usdc,2024-09-10,usdc,754028.0,3023224.0,3858334.0,coinmetrics_community
stable_usdc,2024-09-11,usdc,720751.0,3254563.0,4140684.0,coinmetrics_community
stable_usdc,2024-09-12,usdc,710849.0,2954346.0,3804961.0,coinmetrics_community
stable_usdc,2024-09-13,usdc,812566.0,3011876.0,3821521.0,coinmetrics_community
stable_usdc,2024-09-14,usdc,771336.0,2484369.0,3021652.0,coinmetrics_community
stable_usdc,2024-09-15,usdc,694673.0,2543320.0,3109127.0,coinmetrics_community
stable_usdc,2024-09-16,usdc,658696.0,2899478.0,3586934.0,coinmetrics_community
stable_usdc,2024-09-17,usdc,714634.0,2844783.0,3535950.0,coinmetrics_community
stable_usdc,2024-09-18,usdc,815862.0,2997333.0,3779176.0,coinmetrics_community
stable_usdc,2024-09-19,usdc,949955.0,3252006.0,4232084.0,coinmetrics_community
stable_usdc,2024-09-20,usdc,934469.0,3425746.0,4460681.0,coinmetrics_community
stable_usdc,2024-09-21,usdc,843784.0,2624777.0,3297766.0,coinmetrics_community
stable_usdc,2024-09-22,usdc,791921.0,2768538.0,3444174.0,coinmetrics_community
stable_usdc,2024-09-23,usdc,843663.0,3226641.0,4068811.0,coinmetrics_community
stable_usdc,2024-09-24,usdc,923566.0,3088619.0,3919475.0,coinmetrics_community
stable_usdc,2024-09-25,usdc,946309.0,2908650.0,3725302.0,coinmetrics_community
stable_usdc,2024-09-26,usdc,1013286.0,2912751.0,3830703.0,coinmetrics_community
stable_usdc,2024-09-27,usdc,1032590.0,2937846.0,3883139.0,coinmetrics_community
stable_usdc,2024-09-28,usdc,965268.0,2543136.0,3231784.0,coinmetrics_community
stable_usdc,2024-09-29,usdc,951089.0,2747145.0,3504091.0,coinmetrics_community
stable_usdc,2024-09-30,usdc,988553.0,3246418.0,4240290.0,coinmetrics_community
stable_usdc,2024-10-01,usdc,1080910.0,3450574.0,4589369.0,coinmetrics_community
stable_usdc,2024-10-02,usdc,1034237.0,3570949.0,4725058.0,coinmetrics_community
stable_usdc,2024-10-03,usdc,963302.0,3560603.0,4645615.0,coinmetrics_community
stable_usdc,2024-10-04,usdc,921614.0,3314651.0,4376997.0,coinmetrics_community
stable_usdc,2024-10-05,usdc,860815.0,2750089.0,3603222.0,coinmetrics_community
stable_usdc,2024-10-06,usdc,835838.0,2748248.0,3599998.0,coinmetrics_community
stable_usdc,2024-10-07,usdc,912900.0,3296373.0,4379238.0,coinmetrics_community
stable_usdc,2024-10-08,usdc,900868.0,3270364.0,4271309.0,coinmetrics_community
stable_usdc,2024-10-09,usdc,983894.0,3172907.0,4205457.0,coinmetrics_community
stable_usdc,2024-10-10,usdc,999074.0,3333875.0,4365090.0,coinmetrics_community
stable_usdc,2024-10-11,usdc,977702.0,3069636.0,4045621.0,coinmetrics_community
stable_usdc,2024-10-12,usdc,953694.0,2824523.0,3685951.0,coinmetrics_community
stable_usdc,2024-10-13,usdc,912345.0,2900133.0,3831126.0,coinmetrics_community
stable_usdc,2024-10-14,usdc,1140835.0,3325475.0,4455062.0,coinmetrics_community
stable_usdc,2024-10-15,usdc,1125494.0,3544600.0,4714099.0,coinmetrics_community
stable_usdc,2024-10-16,usdc,1063264.0,3298951.0,4320222.0,coinmetrics_community
stable_usdc,2024-10-17,usdc,1127675.0,3214973.0,4218170.0,coinmetrics_community
stable_usdc,2024-10-18,usdc,1171048.0,3136542.0,4050302.0,coinmetrics_community
stable_usdc,2024-10-19,usdc,982637.0,2509873.0,3219146.0,coinmetrics_community
stable_usdc,2024-10-20,usdc,1036540.0,2995342.0,3909229.0,coinmetrics_community
stable_usdc,2024-10-21,usdc,1108963.0,2795603.0,3784740.0,coinmetrics_community
stable_usdc,2024-10-22,usdc,1106371.0,2843268.0,3779963.0,coinmetrics_community
stable_usdc,2024-10-23,usdc,1221044.0,3141706.0,4210152.0,coinmetrics_community
stable_usdc,2024-10-24,usdc,1205722.0,2967235.0,4021291.0,coinmetrics_community
stable_usdc,2024-10-25,usdc,1313157.0,3570562.0,4789120.0,coinmetrics_community
stable_usdc,2024-10-26,usdc,1187870.0,3237771.0,4233628.0,coinmetrics_community
stable_usdc,2024-10-27,usdc,1059193.0,3031854.0,3937018.0,coinmetrics_community
stable_usdc,2024-10-28,usdc,1205023.0,3368071.0,4447255.0,coinmetrics_community
stable_usdc,2024-10-29,usdc,1382360.0,3403748.0,4566225.0,coinmetrics_community
stable_usdc,2024-10-30,usdc,1272066.0,3564503.0,4658446.0,coinmetrics_community
stable_usdc,2024-10-31,usdc,1219845.0,3593753.0,4719439.0,coinmetrics_community
stable_usdc,2024-11-01,usdc,1224572.0,3874452.0,5034032.0,coinmetrics_community
stable_usdc,2024-11-02,usdc,1179053.0,3151553.0,4172175.0,coinmetrics_community
stable_usdc,2024-11-03,usdc,1103608.0,3335125.0,4498279.0,coinmetrics_community
stable_usdc,2024-11-04,usdc,1034384.0,3407098.0,4481205.0,coinmetrics_community
stable_usdc,2024-11-05,usdc,1113769.0,3465814.0,4458486.0,coinmetrics_community
stable_usdc,2024-11-06,usdc,1526199.0,4083327.0,5500659.0,coinmetrics_community
stable_usdc,2024-11-07,usdc,1411380.0,3696094.0,4984497.0,coinmetrics_community
stable_usdc,2024-11-08,usdc,1464735.0,3607833.0,4843919.0,coinmetrics_community
stable_usdc,2024-11-09,usdc,1402191.0,3537800.0,4693872.0,coinmetrics_community
stable_usdc,2024-11-10,usdc,1592770.0,4355848.0,5766998.0,coinmetrics_community
stable_usdc,2024-11-11,usdc,1726053.0,4388568.0,6050490.0,coinmetrics_community
stable_usdc,2024-11-12,usdc,1759574.0,4708559.0,6428131.0,coinmetrics_community
stable_usdc,2024-11-13,usdc,1825396.0,4313614.0,6013265.0,coinmetrics_community
stable_usdc,2024-11-14,usdc,1853336.0,4178321.0,5841174.0,coinmetrics_community
stable_usdc,2024-11-15,usdc,1774544.0,4062806.0,5614811.0,coinmetrics_community
stable_usdc,2024-11-16,usdc,1739573.0,3890601.0,5253663.0,coinmetrics_community
stable_usdc,2024-11-17,usdc,1894982.0,3808506.0,5296274.0,coinmetrics_community
stable_usdc,2024-11-18,usdc,1907412.0,3801561.0,5322054.0,coinmetrics_community
stable_usdc,2024-11-19,usdc,1905945.0,4061606.0,5564393.0,coinmetrics_community
stable_usdc,2024-11-20,usdc,1924741.0,4215227.0,5867774.0,coinmetrics_community
stable_usdc,2024-11-21,usdc,2125574.0,4851456.0,6672960.0,coinmetrics_community
stable_usdc,2024-11-22,usdc,2124536.0,4674150.0,6289814.0,coinmetrics_community
stable_usdc,2024-11-23,usdc,1870655.0,4521361.0,6014067.0,coinmetrics_community
stable_usdc,2024-11-24,usdc,1726355.0,4306308.0,5643746.0,coinmetrics_community
stable_usdc,2024-11-25,usdc,1845599.0,4688742.0,6233811.0,coinmetrics_community
stable_usdc,2024-11-26,usdc,1870928.0,5170284.0,6799932.0,coinmetrics_community
stable_usdc,2024-11-27,usdc,1836725.0,4928928.0,6591777.0,coinmetrics_community
stable_usdc,2024-11-28,usdc,1724855.0,4508794.0,6000593.0,coinmetrics_community
stable_usdc,2024-11-29,usdc,1785932.0,4554205.0,6138678.0,coinmetrics_community
stable_usdc,2024-11-30,usdc,1633568.0,4304417.0,5639191.0,coinmetrics_community
stable_usdc,2024-12-01,usdc,1615573.0,4607010.0,5905396.0,coinmetrics_community
stable_usdc,2024-12-02,usdc,1724239.0,5172986.0,6868034.0,coinmetrics_community
stable_usdc,2024-12-03,usdc,1701021.0,4939592.0,6528516.0,coinmetrics_community
stable_usdc,2024-12-04,usdc,1853205.0,5564861.0,7307784.0,coinmetrics_community
stable_usdc,2024-12-05,usdc,1867854.0,5725708.0,7514578.0,coinmetrics_community
stable_usdc,2024-12-06,usdc,1664543.0,5596738.0,7215479.0,coinmetrics_community
stable_usdc,2024-12-07,usdc,1575823.0,4720275.0,6062066.0,coinmetrics_community
stable_usdc,2024-12-08,usdc,1395148.0,4426687.0,5635696.0,coinmetrics_community
stable_usdc,2024-12-09,usdc,1716486.0,5659392.0,7374978.0,coinmetrics_community
stable_usdc,2024-12-10,usdc,1888914.0,5669263.0,7434525.0,coinmetrics_community
stable_usdc,2024-12-11,usdc,1727466.0,4928212.0,6494981.0,coinmetrics_community
stable_usdc,2024-12-12,usdc,1610677.0,4712008.0,6201172.0,coinmetrics_community
stable_usdc,2024-12-13,usdc,1526559.0,4020258.0,5409621.0,coinmetrics_community
stable_usdc,2024-12-14,usdc,1468512.0,4057158.0,5350550.0,coinmetrics_community
stable_usdc,2024-12-15,usdc,1419415.0,4191001.0,5442902.0,coinmetrics_community
stable_usdc,2024-12-16,usdc,1614660.0,4830805.0,6331707.0,coinmetrics_community
stable_usdc,2024-12-17,usdc,2555155.0,5548188.0,7407379.0,coinmetrics_community
stable_usdc,2024-12-18,usdc,2155782.0,5671977.0,7474324.0,coinmetrics_community
stable_usdc,2024-12-19,usdc,2044860.0,5553501.0,7497697.0,coinmetrics_community
stable_usdc,2024-12-20,usdc,2001583.0,6392145.0,8569758.0,coinmetrics_community
stable_usdc,2024-12-21,usdc,1783449.0,5443972.0,7195539.0,coinmetrics_community
stable_usdc,2024-12-22,usdc,1529124.0,5283938.0,6907979.0,coinmetrics_community
stable_usdc,2024-12-23,usdc,1594096.0,5254630.0,6897021.0,coinmetrics_community
stable_usdc,2024-12-24,usdc,1493569.0,4248234.0,5654941.0,coinmetrics_community
stable_usdc,2024-12-25,usdc,1336198.0,4142461.0,5451138.0,coinmetrics_community
stable_usdc,2024-12-26,usdc,1461027.0,4373009.0,5780329.0,coinmetrics_community
stable_usdc,2024-12-27,usdc,1451782.0,4532528.0,6039957.0,coinmetrics_community
stable_usdc,2024-12-28,usdc,1408179.0,3891527.0,5303171.0,coinmetrics_community
stable_usdc,2024-12-29,usdc,1395047.0,3509444.0,4640440.0,coinmetrics_community
stable_usdc,2024-12-30,usdc,1574822.0,4590985.0,6044714.0,coinmetrics_community
stable_usdc,2024-12-31,usdc,1575278.0,4317293.0,5848503.0,coinmetrics_community
stable_usdc,2025-01-01,usdc,1448490.0,3921853.0,5242353.0,coinmetrics_community
stable_usdc,2025-01-02,usdc,1896540.0,4746391.0,6424569.0,coinmetrics_community
stable_usdc,2025-01-03,usdc,1768194.0,4266916.0,5773462.0,coinmetrics_community
stable_usdc,2025-01-04,usdc,1519052.0,3628511.0,4884511.0,coinmetrics_community
stable_usdc,2025-01-05,usdc,1514671.0,3540772.0,4794270.0,coinmetrics_community
stable_usdc,2025-01-06,usdc,1691621.0,4086023.0,5627129.0,coinmetrics_community
stable_usdc,2025-01-07,usdc,1798491.0,4350685.0,5919362.0,coinmetrics_community
stable_usdc,2025-01-08,usdc,1812223.0,4454100.0,6085112.0,coinmetrics_community
stable_usdc,2025-01-09,usdc,1737246.0,4692894.0,6232606.0,coinmetrics_community
stable_usdc,2025-01-10,usdc,1686936.0,5110375.0,6744708.0,coinmetrics_community
stable_usdc,2025-01-11,usdc,1485127.0,3996961.0,5286717.0,coinmetrics_community
stable_usdc,2025-01-12,usdc,1323726.0,3668648.0,4826327.0,coinmetrics_community
stable_usdc,2025-01-13,usdc,1719023.0,5639973.0,7319286.0,coinmetrics_community
stable_usdc,2025-01-14,usdc,1613420.0,4813670.0,6285198.0,coinmetrics_community
stable_usdc,2025-01-15,usdc,1707721.0,4903388.0,6495934.0,coinmetrics_community
stable_usdc,2025-01-16,usdc,1807085.0,5359522.0,6970862.0,coinmetrics_community
stable_usdc,2025-01-17,usdc,1834951.0,5104203.0,6667669.0,coinmetrics_community
stable_usdc,2025-01-18,usdc,4603828.0,6781850.0,9597212.0,coinmetrics_community
stable_usdc,2025-01-19,usdc,5478691.0,7947736.0,11553094.0,coinmetrics_community
stable_usdc,2025-01-20,usdc,5458436.0,9187396.0,12648019.0,coinmetrics_community
stable_usdc,2025-01-21,usdc,3561425.0,7348544.0,9861448.0,coinmetrics_community
stable_usdc,2025-01-22,usdc,3430919.0,6382007.0,8672858.0,coinmetrics_community
stable_usdc,2025-01-23,usdc,3172395.0,5924017.0,8208951.0,coinmetrics_community
stable_usdc,2025-01-24,usdc,2922693.0,5362983.0,7516178.0,coinmetrics_community
stable_usdc,2025-01-25,usdc,2673835.0,4964382.0,6971201.0,coinmetrics_community
stable_usdc,2025-01-26,usdc,2526500.0,4699957.0,6758168.0,coinmetrics_community
stable_usdc,2025-01-27,usdc,2750931.0,5756192.0,8083206.0,coinmetrics_community
stable_usdc,2025-01-28,usdc,2265108.0,4568339.0,6573633.0,coinmetrics_community
stable_usdc,2025-01-29,usdc,2167566.0,4771715.0,6599596.0,coinmetrics_community
stable_usdc,2025-01-30,usdc,2195778.0,4095771.0,5884200.0,coinmetrics_community
stable_usdc,2025-01-31,usdc,2018331.0,4020908.0,5736092.0,coinmetrics_community
stable_usdc,2025-02-01,usdc,1990740.0,3927713.0,5526769.0,coinmetrics_community
stable_usdc,2025-02-02,usdc,2256334.0,5263794.0,7219118.0,coinmetrics_community
stable_usdc,2025-02-03,usdc,2524912.0,6819180.0,9344921.0,coinmetrics_community
stable_usdc,2025-02-04,usdc,2106478.0,5430147.0,7464130.0,coinmetrics_community
stable_usdc,2025-02-05,usdc,1914506.0,4541812.0,6380932.0,coinmetrics_community
stable_usdc,2025-02-06,usdc,1780897.0,4340565.0,6078699.0,coinmetrics_community
stable_usdc,2025-02-07,usdc,1758700.0,4416783.0,6179979.0,coinmetrics_community
stable_usdc,2025-02-08,usdc,1702794.0,3820527.0,5208247.0,coinmetrics_community
stable_usdc,2025-02-09,usdc,1950207.0,3834969.0,5494620.0,coinmetrics_community
stable_usdc,2025-02-10,usdc,1865575.0,4080519.0,5852693.0,coinmetrics_community
stable_usdc,2025-02-11,usdc,1949043.0,4099114.0,5852712.0,coinmetrics_community
stable_usdc,2025-02-12,usdc,1920378.0,4297679.0,6143434.0,coinmetrics_community
stable_usdc,2025-02-13,usdc,1869200.0,4049853.0,5669829.0,coinmetrics_community
stable_usdc,2025-02-14,usdc,2032363.0,4349422.0,6042913.0,coinmetrics_community
stable_usdc,2025-02-15,usdc,1574666.0,3234389.0,4509647.0,coinmetrics_community
stable_usdc,2025-02-16,usdc,1394899.0,3146949.0,4432043.0,coinmetrics_community
stable_usdc,2025-02-17,usdc,1681557.0,4097495.0,5851000.0,coinmetrics_community
stable_usdc,2025-02-18,usdc,1899316.0,4557606.0,6520048.0,coinmetrics_community
stable_usdc,2025-02-19,usdc,1578272.0,3895992.0,5558741.0,coinmetrics_community
stable_usdc,2025-02-20,usdc,1594648.0,3832431.0,5488028.0,coinmetrics_community
stable_usdc,2025-02-21,usdc,1665246.0,4327709.0,6146435.0,coinmetrics_community
stable_usdc,2025-02-22,usdc,1326689.0,3118192.0,4635886.0,coinmetrics_community
stable_usdc,2025-02-23,usdc,1222232.0,2998079.0,4661450.0,coinmetrics_community
stable_usdc,2025-02-24,usdc,1774557.0,4815845.0,6972464.0,coinmetrics_community
stable_usdc,2025-02-25,usdc,2235708.0,6073557.0,8489674.0,coinmetrics_community
stable_usdc,2025-02-26,usdc,1791405.0,5019832.0,7918017.0,coinmetrics_community
stable_usdc,2025-02-27,usdc,1632795.0,5063468.0,8364008.0,coinmetrics_community
stable_usdc,2025-02-28,usdc,1892966.0,5811738.0,9388491.0,coinmetrics_community
stable_usdc,2025-03-01,usdc,1433885.0,3988878.0,7188979.0,coinmetrics_community
stable_usdc,2025-03-02,usdc,1824032.0,5081602.0,8217062.0,coinmetrics_community
stable_usdc,2025-03-03,usdc,1849247.0,5778344.0,8593776.0,coinmetrics_community
stable_usdc,2025-03-04,usdc,1766263.0,5864982.0,8736282.0,coinmetrics_community
stable_usdc,2025-03-05,usdc,1530929.0,4626923.0,7589515.0,coinmetrics_community
stable_usdc,2025-03-06,usdc,1431435.0,4490261.0,6840387.0,coinmetrics_community
stable_usdc,2025-03-07,usdc,1596066.0,4987654.0,7020077.0,coinmetrics_community
stable_usdc,2025-03-08,usdc,1295051.0,3505773.0,5450150.0,coinmetrics_community
stable_usdc,2025-03-09,usdc,1379193.0,4048378.0,6342153.0,coinmetrics_community
stable_usdc,2025-03-10,usdc,1621089.0,5260044.0,7456207.0,coinmetrics_community
stable_usdc,2025-03-11,usdc,1600583.0,5004792.0,7178024.0,coinmetrics_community
stable_usdc,2025-03-12,usdc,1456950.0,4468516.0,6477470.0,coinmetrics_community
stable_usdc,2025-03-13,usdc,1374213.0,4195858.0,6199388.0,coinmetrics_community
stable_usdc,2025-03-14,usdc,1428809.0,3973384.0,6076815.0,coinmetrics_community
stable_usdc,2025-03-15,usdc,1224233.0,3359380.0,5321073.0,coinmetrics_community
stable_usdc,2025-03-16,usdc,1150808.0,3783239.0,5964436.0,coinmetrics_community
stable_usdc,2025-03-17,usdc,1169361.0,3922435.0,6178223.0,coinmetrics_community
stable_usdc,2025-03-18,usdc,1159566.0,3895177.0,6939407.0,coinmetrics_community
stable_usdc,2025-03-19,usdc,1261256.0,4524288.0,7728601.0,coinmetrics_community
stable_usdc,2025-03-20,usdc,1311474.0,4004405.0,6115915.0,coinmetrics_community
stable_usdc,2025-03-21,usdc,1152703.0,3939409.0,6356303.0,coinmetrics_community
stable_usdc,2025-03-22,usdc,994388.0,3843295.0,7061954.0,coinmetrics_community
stable_usdc,2025-03-23,usdc,1065935.0,3780485.0,6176111.0,coinmetrics_community
stable_usdc,2025-03-24,usdc,1412257.0,4500298.0,6871658.0,coinmetrics_community
stable_usdc,2025-03-25,usdc,1301785.0,4120885.0,6168097.0,coinmetrics_community
stable_usdc,2025-03-26,usdc,1338759.0,4359083.0,6684639.0,coinmetrics_community
stable_usdc,2025-03-27,usdc,1267131.0,4115915.0,6089114.0,coinmetrics_community
stable_usdc,2025-03-28,usdc,1353176.0,4307076.0,6363445.0,coinmetrics_community
stable_usdc,2025-03-29,usdc,1307482.0,4218488.0,6270572.0,coinmetrics_community
stable_usdc,2025-03-30,usdc,1115037.0,3784279.0,5562044.0,coinmetrics_community
stable_usdc,2025-03-31,usdc,1388326.0,4631181.0,6742636.0,coinmetrics_community
stable_usdc,2025-04-01,usdc,1730796.0,4786735.0,6827491.0,coinmetrics_community
stable_usdc,2025-04-02,usdc,1540073.0,5044540.0,7322621.0,coinmetrics_community
stable_usdc,2025-04-03,usdc,1496087.0,4558230.0,6593891.0,coinmetrics_community
stable_usdc,2025-04-04,usdc,1411057.0,4901144.0,7075431.0,coinmetrics_community
stable_usdc,2025-04-05,usdc,1180517.0,3568043.0,5195679.0,coinmetrics_community
stable_usdc,2025-04-06,usdc,1428313.0,4272164.0,6104687.0,coinmetrics_community
stable_usdc,2025-04-07,usdc,1803801.0,6293631.0,8710860.0,coinmetrics_community
stable_usdc,2025-04-08,usdc,1456763.0,5036248.0,7048191.0,coinmetrics_community
stable_usdc,2025-04-09,usdc,1625166.0,5713047.0,8087144.0,coinmetrics_community
stable_usdc,2025-04-10,usdc,1457454.0,4642024.0,6529174.0,coinmetrics_community
stable_usdc,2025-04-11,usdc,1539495.0,4881764.0,6854512.0,coinmetrics_community
stable_usdc,2025-04-12,usdc,1465831.0,4504467.0,6348881.0,coinmetrics_community
stable_usdc,2025-04-13,usdc,1351973.0,4559934.0,6401426.0,coinmetrics_community
stable_usdc,2025-04-14,usdc,1451438.0,5047861.0,7070784.0,coinmetrics_community
stable_usdc,2025-04-15,usdc,1450267.0,4562147.0,6533009.0,coinmetrics_community
stable_usdc,2025-04-16,usdc,1509600.0,4771008.0,6703264.0,coinmetrics_community
stable_usdc,2025-04-17,usdc,1420886.0,4239402.0,6132284.0,coinmetrics_community
stable_usdc,2025-04-18,usdc,1294040.0,3714153.0,5510335.0,coinmetrics_community
stable_usdc,2025-04-19,usdc,1307069.0,3571459.0,5181848.0,coinmetrics_community
stable_usdc,2025-04-20,usdc,1200827.0,3290815.0,4855935.0,coinmetrics_community
stable_usdc,2025-04-21,usdc,1430007.0,4070755.0,6132861.0,coinmetrics_community
stable_usdc,2025-04-22,usdc,1710438.0,4684924.0,6999862.0,coinmetrics_community
stable_usdc,2025-04-23,usdc,1817349.0,5415676.0,8013820.0,coinmetrics_community
stable_usdc,2025-04-24,usdc,1621565.0,4608203.0,6784199.0,coinmetrics_community
stable_usdc,2025-04-25,usdc,1727255.0,5052080.0,7590173.0,coinmetrics_community
stable_usdc,2025-04-26,usdc,1465601.0,4244756.0,6383868.0,coinmetrics_community
stable_usdc,2025-04-27,usdc,1412431.0,4212975.0,6310569.0,coinmetrics_community
stable_usdc,2025-04-28,usdc,1644701.0,5085376.0,7724166.0,coinmetrics_community
stable_usdc,2025-04-29,usdc,1561099.0,5054188.0,7752209.0,coinmetrics_community
stable_usdc,2025-04-30,usdc,1583268.0,5117576.0,7624379.0,coinmetrics_community
stable_usdc,2025-05-01,usdc,1677553.0,4722103.0,7304541.0,coinmetrics_community
stable_usdc,2025-05-02,usdc,1579382.0,4388978.0,6759785.0,coinmetrics_community
stable_usdc,2025-05-03,usdc,1456265.0,3854687.0,5875497.0,coinmetrics_community
stable_usdc,2025-05-04,usdc,1337415.0,3958967.0,5976124.0,coinmetrics_community
stable_usdc,2025-05-05,usdc,1548185.0,4749472.0,7040230.0,coinmetrics_community
stable_usdc,2025-05-06,usdc,1608826.0,4948580.0,7389917.0,coinmetrics_community
stable_usdc,2025-05-07,usdc,1705692.0,4878685.0,7217470.0,coinmetrics_community
stable_usdc,2025-05-08,usdc,1904785.0,5654031.0,8378926.0,coinmetrics_community
stable_usdc,2025-05-09,usdc,2075303.0,6129752.0,9043987.0,coinmetrics_community
stable_usdc,2025-05-10,usdc,1785901.0,5096252.0,7647834.0,coinmetrics_community
stable_usdc,2025-05-11,usdc,1669064.0,4931072.0,7367779.0,coinmetrics_community
stable_usdc,2025-05-12,usdc,2026575.0,6175660.0,9124796.0,coinmetrics_community
stable_usdc,2025-05-13,usdc,2041437.0,5557929.0,8406635.0,coinmetrics_community
stable_usdc,2025-05-14,usdc,1968803.0,5308931.0,7917991.0,coinmetrics_community
stable_usdc,2025-05-15,usdc,1865163.0,5406830.0,7930310.0,coinmetrics_community
stable_usdc,2025-05-16,usdc,1718592.0,4725167.0,6972593.0,coinmetrics_community
stable_usdc,2025-05-17,usdc,1597213.0,4258947.0,6330595.0,coinmetrics_community
stable_usdc,2025-05-18,usdc,1600163.0,4652768.0,6951979.0,coinmetrics_community
stable_usdc,2025-05-19,usdc,1658930.0,5239731.0,7700917.0,coinmetrics_community
stable_usdc,2025-05-20,usdc,1673164.0,5076412.0,7635567.0,coinmetrics_community
stable_usdc,2025-05-21,usdc,1883414.0,5452588.0,8258744.0,coinmetrics_community
stable_usdc,2025-05-22,usdc,2021050.0,5324958.0,8135694.0,coinmetrics_community
stable_usdc,2025-05-23,usdc,2133722.0,5836653.0,8760090.0,coinmetrics_community
stable_usdc,2025-05-24,usdc,2407028.0,4025483.0,6869112.0,coinmetrics_community
stable_usdc,2025-05-25,usdc,1593835.0,3914213.0,5995918.0,coinmetrics_community
stable_usdc,2025-05-26,usdc,1693775.0,4069713.0,6237266.0,coinmetrics_community
stable_usdc,2025-05-27,usdc,1727709.0,4446604.0,6822605.0,coinmetrics_community
stable_usdc,2025-05-28,usdc,1671548.0,4135548.0,6297398.0,coinmetrics_community
stable_usdc,2025-05-29,usdc,1704064.0,4446988.0,6804476.0,coinmetrics_community
stable_usdc,2025-05-30,usdc,1923220.0,5198243.0,7865121.0,coinmetrics_community
stable_usdc,2025-05-31,usdc,1710101.0,4352547.0,6604971.0,coinmetrics_community
stable_usdc,2025-06-01,usdc,1644941.0,4658173.0,6753093.0,coinmetrics_community
stable_usdc,2025-06-02,usdc,1686101.0,4969228.0,7193570.0,coinmetrics_community
stable_usdc,2025-06-03,usdc,2092205.0,5091477.0,7641587.0,coinmetrics_community
stable_usdc,2025-06-04,usdc,1744255.0,4581491.0,7436053.0,coinmetrics_community
stable_usdc,2025-06-05,usdc,1839799.0,5059290.0,8061618.0,coinmetrics_community
stable_usdc,2025-06-06,usdc,1726969.0,4697210.0,7473443.0,coinmetrics_community
stable_usdc,2025-06-07,usdc,1376611.0,3930788.0,5784465.0,coinmetrics_community
stable_usdc,2025-06-08,usdc,1377057.0,3698801.0,5670467.0,coinmetrics_community
stable_usdc,2025-06-09,usdc,1702946.0,4467173.0,7137687.0,coinmetrics_community
stable_usdc,2025-06-10,usdc,1853906.0,5325199.0,7945857.0,coinmetrics_community
stable_usdc,2025-06-11,usdc,1999726.0,5662761.0,8357966.0,coinmetrics_community
stable_usdc,2025-06-12,usdc,1881579.0,5388586.0,8387292.0,coinmetrics_community
stable_usdc,2025-06-13,usdc,1892109.0,6173511.0,9393760.0,coinmetrics_community
stable_usdc,2025-06-14,usdc,1360414.0,4421675.0,6726366.0,coinmetrics_community
stable_usdc,2025-06-15,usdc,1330184.0,4382237.0,6488930.0,coinmetrics_community
stable_usdc,2025-06-16,usdc,1643908.0,5180772.0,7793185.0,coinmetrics_community
stable_usdc,2025-06-17,usdc,1746606.0,5624627.0,8644989.0,coinmetrics_community
stable_usdc,2025-06-18,usdc,1795487.0,5428089.0,8502290.0,coinmetrics_community
stable_usdc,2025-06-19,usdc,1621603.0,4765193.0,7512501.0,coinmetrics_community
stable_usdc,2025-06-20,usdc,1631066.0,5013402.0,7533832.0,coinmetrics_community
stable_usdc,2025-06-21,usdc,1472264.0,4706755.0,7019447.0,coinmetrics_community
stable_usdc,2025-06-22,usdc,1636507.0,5564563.0,8074411.0,coinmetrics_community
stable_usdc,2025-06-23,usdc,1698091.0,5459943.0,7913846.0,coinmetrics_community
stable_usdc,2025-06-24,usdc,1606313.0,5126641.0,7192395.0,coinmetrics_community
stable_usdc,2025-06-25,usdc,1687648.0,5055061.0,7095779.0,coinmetrics_community
stable_usdc,2025-06-26,usdc,1558227.0,4941665.0,6935817.0,coinmetrics_community
stable_usdc,2025-06-27,usdc,2496185.0,5656792.0,8045596.0,coinmetrics_community
stable_usdc,2025-06-28,usdc,2548588.0,5541101.0,7942525.0,coinmetrics_community
stable_usdc,2025-06-29,usdc,2007231.0,4971430.0,7045439.0,coinmetrics_community
stable_usdc,2025-06-30,usdc,2254203.0,5876856.0,8341329.0,coinmetrics_community
stable_usdc,2025-07-01,usdc,2315221.0,5431600.0,7874234.0,coinmetrics_community
stable_usdc,2025-07-02,usdc,2252483.0,5538937.0,8344395.0,coinmetrics_community
stable_usdc,2025-07-03,usdc,2738768.0,6462348.0,9620606.0,coinmetrics_community
stable_usdc,2025-07-04,usdc,2307078.0,5893420.0,8383284.0,coinmetrics_community
stable_usdc,2025-07-05,usdc,1911829.0,4863271.0,6881341.0,coinmetrics_community
stable_usdc,2025-07-06,usdc,1759787.0,4934213.0,6932682.0,coinmetrics_community
stable_usdc,2025-07-07,usdc,2068347.0,5642771.0,7785353.0,coinmetrics_community
stable_usdc,2025-07-08,usdc,1991966.0,5808787.0,8370785.0,coinmetrics_community
stable_usdc,2025-07-09,usdc,2089999.0,6163424.0,8689976.0,coinmetrics_community
stable_usdc,2025-07-10,usdc,2392901.0,6473381.0,9551307.0,coinmetrics_community
stable_usdc,2025-07-11,usdc,2482697.0,6855865.0,9537921.0,coinmetrics_community
stable_usdc,2025-07-12,usdc,2326995.0,6020193.0,8402551.0,coinmetrics_community
stable_usdc,2025-07-13,usdc,1941068.0,5901855.0,8231002.0,coinmetrics_community
stable_usdc,2025-07-14,usdc,2479070.0,6979947.0,9945727.0,coinmetrics_community
stable_usdc,2025-07-15,usdc,2457530.0,7118693.0,10402638.0,coinmetrics_community
stable_usdc,2025-07-16,usdc,2635390.0,6767885.0,10181598.0,coinmetrics_community
stable_usdc,2025-07-17,usdc,2909124.0,7544929.0,11130202.0,coinmetrics_community
stable_usdc,2025-07-18,usdc,2869879.0,6979074.0,10830165.0,coinmetrics_community
stable_usdc,2025-07-19,usdc,2732566.0,6052957.0,9343440.0,coinmetrics_community
stable_usdc,2025-07-20,usdc,2541251.0,6383866.0,9172556.0,coinmetrics_community
stable_usdc,2025-07-21,usdc,3061840.0,7049935.0,10337229.0,coinmetrics_community
stable_usdc,2025-07-22,usdc,3122960.0,7802676.0,11889931.0,coinmetrics_community
stable_usdc,2025-07-23,usdc,3044420.0,7174748.0,11091406.0,coinmetrics_community
stable_usdc,2025-07-24,usdc,3193335.0,7355659.0,11252130.0,coinmetrics_community
stable_usdc,2025-07-25,usdc,2725452.0,7073856.0,10645524.0,coinmetrics_community
stable_usdc,2025-07-26,usdc,2081194.0,5333723.0,8269706.0,coinmetrics_community
stable_usdc,2025-07-27,usdc,2332155.0,5766066.0,8685771.0,coinmetrics_community
stable_usdc,2025-07-28,usdc,2611629.0,6177477.0,9434787.0,coinmetrics_community
stable_usdc,2025-07-29,usdc,2461448.0,5793313.0,8994280.0,coinmetrics_community
stable_usdc,2025-07-30,usdc,2372711.0,5923692.0,9052016.0,coinmetrics_community
stable_usdc,2025-07-31,usdc,2537988.0,6000725.0,9616265.0,coinmetrics_community
stable_usdc,2025-08-01,usdc,2808155.0,7054755.0,10824559.0,coinmetrics_community
stable_usdc,2025-08-02,usdc,2331095.0,5357672.0,8088641.0,coinmetrics_community
stable_usdc,2025-08-03,usdc,1910466.0,4451707.0,6896539.0,coinmetrics_community
stable_usdc,2025-08-04,usdc,2215905.0,5341080.0,8054159.0,coinmetrics_community
stable_usdc,2025-08-05,usdc,2283063.0,5709260.0,8670423.0,coinmetrics_community
stable_usdc,2025-08-06,usdc,2271351.0,5587764.0,8808534.0,coinmetrics_community
stable_usdc,2025-08-07,usdc,2199943.0,5419093.0,8529606.0,coinmetrics_community
stable_usdc,2025-08-08,usdc,2301808.0,5751606.0,9121820.0,coinmetrics_community
stable_usdc,2025-08-09,usdc,2345600.0,5724713.0,9020042.0,coinmetrics_community
stable_usdc,2025-08-10,usdc,2016849.0,5527098.0,8250268.0,coinmetrics_community
stable_usdc,2025-08-11,usdc,2421307.0,6458520.0,9652691.0,coinmetrics_community
stable_usdc,2025-08-12,usdc,2468179.0,6743635.0,10402162.0,coinmetrics_community
stable_usdc,2025-08-13,usdc,2717158.0,7068365.0,10769557.0,coinmetrics_community
stable_usdc,2025-08-14,usdc,2852844.0,7742375.0,11648576.0,coinmetrics_community
stable_usdc,2025-08-15,usdc,2365500.0,6865363.0,9882332.0,coinmetrics_community
stable_usdc,2025-08-16,usdc,1838180.0,5958850.0,8774184.0,coinmetrics_community
stable_usdc,2025-08-17,usdc,1691361.0,5693639.0,8255158.0,coinmetrics_community
stable_usdc,2025-08-18,usdc,2028540.0,6811724.0,10058132.0,coinmetrics_community
stable_usdc,2025-08-19,usdc,2111728.0,6756949.0,10511188.0,coinmetrics_community
stable_usdc,2025-08-20,usdc,2114340.0,6754280.0,10508733.0,coinmetrics_community
stable_usdc,2025-08-21,usdc,2471652.0,6728339.0,9683808.0,coinmetrics_community
stable_usdc,2025-08-22,usdc,2663745.0,7321702.0,10688449.0,coinmetrics_community
stable_usdc,2025-08-23,usdc,2119059.0,6089165.0,9270374.0,coinmetrics_community
stable_usdc,2025-08-24,usdc,2216645.0,6985583.0,10362803.0,coinmetrics_community
stable_usdc,2025-08-25,usdc,2393256.0,7631828.0,11008462.0,coinmetrics_community
stable_usdc,2025-08-26,usdc,2214099.0,6966500.0,10787678.0,coinmetrics_community
stable_usdc,2025-08-27,usdc,2304145.0,6789024.0,10155378.0,coinmetrics_community
stable_usdc,2025-08-28,usdc,2599143.0,6789832.0,10174341.0,coinmetrics_community
stable_usdc,2025-08-29,usdc,2430602.0,7070134.0,10208981.0,coinmetrics_community
stable_usdc,2025-08-30,usdc,1838882.0,5483396.0,8170361.0,coinmetrics_community
stable_usdc,2025-08-31,usdc,1659747.0,5175044.0,7668805.0,coinmetrics_community
stable_usdc,2025-09-01,usdc,2067926.0,6589909.0,9696620.0,coinmetrics_community
stable_usdc,2025-09-02,usdc,2065196.0,6563212.0,9939892.0,coinmetrics_community
stable_usdc,2025-09-03,usdc,2153688.0,6094710.0,9464285.0,coinmetrics_community
stable_usdc,2025-09-04,usdc,2214515.0,6052734.0,9341436.0,coinmetrics_community
stable_usdc,2025-09-05,usdc,2110992.0,6060637.0,9354168.0,coinmetrics_community
stable_usdc,2025-09-06,usdc,1677519.0,3988856.0,6541042.0,coinmetrics_community
stable_usdc,2025-09-07,usdc,1612322.0,3528275.0,5601437.0,coinmetrics_community
stable_usdc,2025-09-08,usdc,2047748.0,5422402.0,8095209.0,coinmetrics_community
stable_usdc,2025-09-09,usdc,2211973.0,5847005.0,9328469.0,coinmetrics_community
stable_usdc,2025-09-10,usdc,2409448.0,5961970.0,9144301.0,coinmetrics_community
stable_usdc,2025-09-11,usdc,2519170.0,6070844.0,9054011.0,coinmetrics_community
stable_usdc,2025-09-12,usdc,2740638.0,6462671.0,9280940.0,coinmetrics_community
stable_usdc,2025-09-13,usdc,2104777.0,5243056.0,7708388.0,coinmetrics_community
stable_usdc,2025-09-14,usdc,2181004.0,5466188.0,8000774.0,coinmetrics_community
stable_usdc,2025-09-15,usdc,2322183.0,6374390.0,9293538.0,coinmetrics_community
stable_usdc,2025-09-16,usdc,2180066.0,5886549.0,8702400.0,coinmetrics_community
stable_usdc,2025-09-17,usdc,2246512.0,6238821.0,9076396.0,coinmetrics_community
stable_usdc,2025-09-18,usdc,2426641.0,5559480.0,8414279.0,coinmetrics_community
stable_usdc,2025-09-19,usdc,2174416.0,5099513.0,7668968.0,coinmetrics_community
stable_usdc,2025-09-20,usdc,1850818.0,4922831.0,7360246.0,coinmetrics_community
stable_usdc,2025-09-21,usdc,1970099.0,5439530.0,8154196.0,coinmetrics_community
stable_usdc,2025-09-22,usdc,2226024.0,5897770.0,9021305.0,coinmetrics_community
stable_usdc,2025-09-23,usdc,2243535.0,5793446.0,8988347.0,coinmetrics_community
stable_usdc,2025-09-24,usdc,2351452.0,5798303.0,8851927.0,coinmetrics_community
stable_usdc,2025-09-25,usdc,2640342.0,7069406.0,10628402.0,coinmetrics_community
stable_usdc,2025-09-26,usdc,2392490.0,6742506.0,10047832.0,coinmetrics_community
stable_usdc,2025-09-27,usdc,1807697.0,5373387.0,7925702.0,coinmetrics_community
stable_usdc,2025-09-28,usdc,1780305.0,5465522.0,8154423.0,coinmetrics_community
stable_usdc,2025-09-29,usdc,2038351.0,6110732.0,9056886.0,coinmetrics_community
stable_usdc,2025-09-30,usdc,2048916.0,6443706.0,9438806.0,coinmetrics_community
stable_usdc,2025-10-01,usdc,2286766.0,6641416.0,9709611.0,coinmetrics_community
stable_usdc,2025-10-02,usdc,2388709.0,6656704.0,9904572.0,coinmetrics_community
stable_usdc,2025-10-03,usdc,2281046.0,6574064.0,9813463.0,coinmetrics_community
stable_usdc,2025-10-04,usdc,1975632.0,5455596.0,8076043.0,coinmetrics_community
stable_usdc,2025-10-05,usdc,2049018.0,6206974.0,9378507.0,coinmetrics_community
stable_usdc,2025-10-06,usdc,2209143.0,6496822.0,9795010.0,coinmetrics_community
stable_usdc,2025-10-07,usdc,2397286.0,6846200.0,10331732.0,coinmetrics_community
stable_usdc,2025-10-08,usdc,2316602.0,6836945.0,10484505.0,coinmetrics_community
stable_usdc,2025-10-09,usdc,2397715.0,7008596.0,11001062.0,coinmetrics_community
stable_usdc,2025-10-10,usdc,2924288.0,8205043.0,12797109.0,coinmetrics_community
stable_usdc,2025-10-11,usdc,2600584.0,8407184.0,13034268.0,coinmetrics_community
stable_usdc,2025-10-12,usdc,2304800.0,7771461.0,12518551.0,coinmetrics_community
stable_usdc,2025-10-13,usdc,2427987.0,8028782.0,12684352.0,coinmetrics_community
stable_usdc,2025-10-14,usdc,2475903.0,8259630.0,13134199.0,coinmetrics_community
stable_usdc,2025-10-15,usdc,2431498.0,7538087.0,12083267.0,coinmetrics_community
stable_usdc,2025-10-16,usdc,2673066.0,7617279.0,10804312.0,coinmetrics_community
stable_usdc,2025-10-17,usdc,2788323.0,7788199.0,11017408.0,coinmetrics_community
stable_usdc,2025-10-18,usdc,2299884.0,5886892.0,8423548.0,coinmetrics_community
stable_usdc,2025-10-19,usdc,2225847.0,6000675.0,8635293.0,coinmetrics_community
stable_usdc,2025-10-20,usdc,2379596.0,6470500.0,9296240.0,coinmetrics_community
stable_usdc,2025-10-21,usdc,2548877.0,7112898.0,10389629.0,coinmetrics_community
stable_usdc,2025-10-22,usdc,2547895.0,7295285.0,10561982.0,coinmetrics_community
stable_usdc,2025-10-23,usdc,3006984.0,6991940.0,10453675.0,coinmetrics_community
stable_usdc,2025-10-24,usdc,2796318.0,6554156.0,9556291.0,coinmetrics_community
stable_usdc,2025-10-25,usdc,2216566.0,5706107.0,8369963.0,coinmetrics_community
stable_usdc,2025-10-26,usdc,2231184.0,6525543.0,9624257.0,coinmetrics_community
stable_usdc,2025-10-27,usdc,2669954.0,7104341.0,10527817.0,coinmetrics_community
stable_usdc,2025-10-28,usdc,2772870.0,7236824.0,10681609.0,coinmetrics_community
stable_usdc,2025-10-29,usdc,2803964.0,7686993.0,11170219.0,coinmetrics_community
stable_usdc,2025-10-30,usdc,2695199.0,7704581.0,11430541.0,coinmetrics_community
stable_usdc,2025-10-31,usdc,2388582.0,7510454.0,10541611.0,coinmetrics_community
stable_usdc,2025-11-01,usdc,1921456.0,6638625.0,9039411.0,coinmetrics_community
stable_usdc,2025-11-02,usdc,1804470.0,7906995.0,9347604.0,coinmetrics_community
stable_usdc,2025-11-03,usdc,2601035.0,10513052.0,11376452.0,coinmetrics_community
stable_usdc,2025-11-04,usdc,3225197.0,10016832.0,13195932.0,coinmetrics_community
stable_usdc,2025-11-05,usdc,2607527.0,8400010.0,12273781.0,coinmetrics_community
stable_usdc,2025-11-06,usdc,2664945.0,8888104.0,12132200.0,coinmetrics_community
stable_usdc,2025-11-07,usdc,2693357.0,9153098.0,13134748.0,coinmetrics_community
stable_usdc,2025-11-08,usdc,2094060.0,7151513.0,10080975.0,coinmetrics_community
stable_usdc,2025-11-09,usdc,2174911.0,7992811.0,11022945.0,coinmetrics_community
stable_usdc,2025-11-10,usdc,2407253.0,8833315.0,12535609.0,coinmetrics_community
stable_usdc,2025-11-11,usdc,2515895.0,8968219.0,13301934.0,coinmetrics_community
stable_usdc,2025-11-12,usdc,2604391.0,9517517.0,12787994.0,coinmetrics_community
stable_usdc,2025-11-13,usdc,2655604.0,11567956.0,13430252.0,coinmetrics_community
stable_usdc,2025-11-14,usdc,2760153.0,11857562.0,14032316.0,coinmetrics_community
stable_usdc,2025-11-15,usdc,2095800.0,10101924.0,11034687.0,coinmetrics_community
stable_usdc,2025-11-16,usdc,2137016.0,10091467.0,10623610.0,coinmetrics_community
stable_usdc,2025-11-17,usdc,2495793.0,10528561.0,11693247.0,coinmetrics_community
stable_usdc,2025-11-18,usdc,2457637.0,10546163.0,11858388.0,coinmetrics_community
stable_usdc,2025-11-19,usdc,2349247.0,11083545.0,12542410.0,coinmetrics_community
stable_usdc,2025-11-20,usdc,2443432.0,10503958.0,13108456.0,coinmetrics_community
stable_usdc,2025-11-21,usdc,2654795.0,11223008.0,15561179.0,coinmetrics_community
stable_usdc,2025-11-22,usdc,1904831.0,8242183.0,11206315.0,coinmetrics_community
stable_usdc,2025-11-23,usdc,1926145.0,8629323.0,11487727.0,coinmetrics_community
stable_usdc,2025-11-24,usdc,2464392.0,10372431.0,13452773.0,coinmetrics_community
stable_usdc,2025-11-25,usdc,2382503.0,10455856.0,13451392.0,coinmetrics_community
stable_usdc,2025-11-26,usdc,2466461.0,10851495.0,13147839.0,coinmetrics_community
stable_usdc,2025-11-27,usdc,2380920.0,9128586.0,11681020.0,coinmetrics_community
stable_usdc,2025-11-28,usdc,2368989.0,8210608.0,11325156.0,coinmetrics_community
stable_usdc,2025-11-29,usdc,2197236.0,6937720.0,10065166.0,coinmetrics_community
stable_usdc,2025-11-30,usdc,1947642.0,8236671.0,11774972.0,coinmetrics_community
stable_usdc,2025-12-01,usdc,2571901.0,9797825.0,13800436.0,coinmetrics_community
stable_usdc,2025-12-02,usdc,2457270.0,9345759.0,13275679.0,coinmetrics_community
stable_usdc,2025-12-03,usdc,2400237.0,10028507.0,13886603.0,coinmetrics_community
stable_usdc,2025-12-04,usdc,2480366.0,9769207.0,13525139.0,coinmetrics_community
stable_usdc,2025-12-05,usdc,2198921.0,9177618.0,12297599.0,coinmetrics_community
stable_usdc,2025-12-06,usdc,1889988.0,8084981.0,10805565.0,coinmetrics_community
stable_usdc,2025-12-07,usdc,2001520.0,8685481.0,11548752.0,coinmetrics_community
stable_usdc,2025-12-08,usdc,2382135.0,9236973.0,12238181.0,coinmetrics_community
stable_usdc,2025-12-09,usdc,2323454.0,9708682.0,13035817.0,coinmetrics_community
stable_usdc,2025-12-10,usdc,2247463.0,10422395.0,13917410.0,coinmetrics_community
stable_usdc,2025-12-11,usdc,2333077.0,10310193.0,14093151.0,coinmetrics_community
stable_usdc,2025-12-12,usdc,2191804.0,9547901.0,13295685.0,coinmetrics_community
stable_usdc,2025-12-13,usdc,1804813.0,8072479.0,11175147.0,coinmetrics_community
stable_usdc,2025-12-14,usdc,1787140.0,8722060.0,12018669.0,coinmetrics_community
stable_usdc,2025-12-15,usdc,2292940.0,9972995.0,14059581.0,coinmetrics_community
stable_usdc,2025-12-16,usdc,2214255.0,10137099.0,13621548.0,coinmetrics_community
stable_usdc,2025-12-17,usdc,2174154.0,9991383.0,13406398.0,coinmetrics_community
stable_usdc,2025-12-18,usdc,2245253.0,9925601.0,13703573.0,coinmetrics_community
stable_usdc,2025-12-19,usdc,2229575.0,9828237.0,13681325.0,coinmetrics_community
stable_usdc,2025-12-20,usdc,1702694.0,7909071.0,10890232.0,coinmetrics_community
stable_usdc,2025-12-21,usdc,1642678.0,8368205.0,11909729.0,coinmetrics_community
stable_usdc,2025-12-22,usdc,2065530.0,9740675.0,13502653.0,coinmetrics_community
stable_usdc,2025-12-23,usdc,2092019.0,9946376.0,13852711.0,coinmetrics_community
stable_usdc,2025-12-24,usdc,1939097.0,9831368.0,14503690.0,coinmetrics_community
stable_usdc,2025-12-25,usdc,1744398.0,9202779.0,13524505.0,coinmetrics_community
stable_usdc,2025-12-26,usdc,1908824.0,9480330.0,13167359.0,coinmetrics_community
stable_usdc,2025-12-27,usdc,1707844.0,8465621.0,11723726.0,coinmetrics_community
stable_usdc,2025-12-28,usdc,1682780.0,8199911.0,11104522.0,coinmetrics_community
stable_usdc,2025-12-29,usdc,2151885.0,9484249.0,13123803.0,coinmetrics_community
stable_usdc,2025-12-30,usdc,2069728.0,9125292.0,12323981.0,coinmetrics_community
stable_usdc,2025-12-31,usdc,2036297.0,8557068.0,12081127.0,coinmetrics_community
stable_usdc,2026-01-01,usdc,1719066.0,7619620.0,10700316.0,coinmetrics_community
stable_usdc,2026-01-02,usdc,2397517.0,9013969.0,12705381.0,coinmetrics_community
stable_usdc,2026-01-03,usdc,2239160.0,8047388.0,11742702.0,coinmetrics_community
stable_usdc,2026-01-04,usdc,2198763.0,8473191.0,12396365.0,coinmetrics_community
stable_usdc,2026-01-05,usdc,2617395.0,9807865.0,14109329.0,coinmetrics_community
stable_usdc,2026-01-06,usdc,2755467.0,9596033.0,14370528.0,coinmetrics_community
stable_usdc,2026-01-07,usdc,2448728.0,9316350.0,13891540.0,coinmetrics_community
stable_usdc,2026-01-08,usdc,2568342.0,9292147.0,13349357.0,coinmetrics_community
stable_usdc,2026-01-09,usdc,2569748.0,8990343.0,12827390.0,coinmetrics_community
stable_usdc,2026-01-10,usdc,2009570.0,7770599.0,10728930.0,coinmetrics_community
stable_usdc,2026-01-11,usdc,2022074.0,7999126.0,11185536.0,coinmetrics_community
stable_usdc,2026-01-12,usdc,2560644.0,9052523.0,12973811.0,coinmetrics_community
stable_usdc,2026-01-13,usdc,2695509.0,8929744.0,13313844.0,coinmetrics_community
stable_usdc,2026-01-14,usdc,2584317.0,8929179.0,14124249.0,coinmetrics_community
stable_usdc,2026-01-15,usdc,2622232.0,8611483.0,12705137.0,coinmetrics_community
stable_usdc,2026-01-16,usdc,2740033.0,8311316.0,12530155.0,coinmetrics_community
stable_usdc,2026-01-17,usdc,2161681.0,7169863.0,11088174.0,coinmetrics_community
stable_usdc,2026-01-18,usdc,2209957.0,7199692.0,10958695.0,coinmetrics_community
stable_usdc,2026-01-19,usdc,2605658.0,8068372.0,12151017.0,coinmetrics_community
stable_usdc,2026-01-20,usdc,2635513.0,8562435.0,13390127.0,coinmetrics_community
stable_usdc,2026-01-21,usdc,2852228.0,9221360.0,14487474.0,coinmetrics_community
stable_usdc,2026-01-22,usdc,2583364.0,9053509.0,13993528.0,coinmetrics_community
stable_usdc,2026-01-23,usdc,2558360.0,9177594.0,13609600.0,coinmetrics_community
stable_usdc,2026-01-24,usdc,2301593.0,7849456.0,11448049.0,coinmetrics_community
stable_usdc,2026-01-25,usdc,2432472.0,8235854.0,12798899.0,coinmetrics_community
stable_usdc,2026-01-26,usdc,2590323.0,9039015.0,13707649.0,coinmetrics_community
stable_usdc,2026-01-27,usdc,2673563.0,8760942.0,13406449.0,coinmetrics_community
stable_usdc,2026-01-28,usdc,3041419.0,9462842.0,14837742.0,coinmetrics_community
stable_usdc,2026-01-29,usdc,3074652.0,9371040.0,14779890.0,coinmetrics_community
stable_usdc,2026-01-30,usdc,3326325.0,9355781.0,14974529.0,coinmetrics_community
stable_usdc,2026-01-31,usdc,3029664.0,8291616.0,13393212.0,coinmetrics_community
stable_usdc,2026-02-01,usdc,2784077.0,8357890.0,13641284.0,coinmetrics_community
stable_usdc,2026-02-02,usdc,2920341.0,8855387.0,14052367.0,coinmetrics_community
stable_usdc,2026-02-03,usdc,2967077.0,9328295.0,14631685.0,coinmetrics_community
stable_usdc,2026-02-04,usdc,3159741.0,9488827.0,14879074.0,coinmetrics_community
stable_usdc,2026-02-05,usdc,3611272.0,10634175.0,16947204.0,coinmetrics_community
stable_usdc,2026-02-06,usdc,3366705.0,10206088.0,15711195.0,coinmetrics_community
stable_usdc,2026-02-07,usdc,2497842.0,7939241.0,11883152.0,coinmetrics_community
stable_usdc,2026-02-08,usdc,2461831.0,7675104.0,11606578.0,coinmetrics_community
stable_usdc,2026-02-09,usdc,2669086.0,8151713.0,12185665.0,coinmetrics_community
stable_usdc,2026-02-10,usdc,2562778.0,8363518.0,12579441.0,coinmetrics_community
stable_usdc,2026-02-11,usdc,2491071.0,8339874.0,13136917.0,coinmetrics_community
stable_usdc,2026-02-12,usdc,2302184.0,8092504.0,12464932.0,coinmetrics_community
stable_usdc,2026-02-13,usdc,2445697.0,7824621.0,12247946.0,coinmetrics_community
stable_usdc,2026-02-14,usdc,2081322.0,6988713.0,10835830.0,coinmetrics_community
stable_usdc,2026-02-15,usdc,2047364.0,7434808.0,12205104.0,coinmetrics_community
stable_usdc,2026-02-16,usdc,2076229.0,7228589.0,11723146.0,coinmetrics_community
stable_usdc,2026-02-17,usdc,2106925.0,6801300.0,11154620.0,coinmetrics_community
stable_usdc,2026-02-18,usdc,2117358.0,7068387.0,12615065.0,coinmetrics_community
stable_usdc,2026-02-19,usdc,2159817.0,6857750.0,12155679.0,coinmetrics_community
stable_usdc,2026-02-20,usdc,2321705.0,7104859.0,10800936.0,coinmetrics_community
stable_usdc,2026-02-21,usdc,1991070.0,5905365.0,9119730.0,coinmetrics_community
stable_usdc,2026-02-22,usdc,1890858.0,5821232.0,8796256.0,coinmetrics_community
stable_usdc,2026-02-23,usdc,2254281.0,7108931.0,10790047.0,coinmetrics_community
stable_usdc,2026-02-24,usdc,2255262.0,7300603.0,10957805.0,coinmetrics_community
stable_usdc,2026-02-25,usdc,2558823.0,8071001.0,12402942.0,coinmetrics_community
stable_usdc,2026-02-26,usdc,2458909.0,7751145.0,11875584.0,coinmetrics_community
stable_usdc,2026-02-27,usdc,2552188.0,7667825.0,11653728.0,coinmetrics_community
stable_usdc,2026-02-28,usdc,2417106.0,7480245.0,11305809.0,coinmetrics_community
stable_usdc,2026-03-01,usdc,2253682.0,7277104.0,10856632.0,coinmetrics_community
stable_usdc,2026-03-02,usdc,2559806.0,8123898.0,12188426.0,coinmetrics_community
stable_usdc,2026-03-03,usdc,2494770.0,8173885.0,12180999.0,coinmetrics_community
stable_usdc,2026-03-04,usdc,2718746.0,8712828.0,13242840.0,coinmetrics_community
stable_usdc,2026-03-05,usdc,2643035.0,8043972.0,12230173.0,coinmetrics_community
stable_usdc,2026-03-06,usdc,2649652.0,7977435.0,11837424.0,coinmetrics_community
stable_usdc,2026-03-07,usdc,1957714.0,6448534.0,9390506.0,coinmetrics_community
stable_usdc,2026-03-08,usdc,1900334.0,6772970.0,9872239.0,coinmetrics_community
stable_usdc,2026-03-09,usdc,2303035.0,8164308.0,12127950.0,coinmetrics_community
stable_usdc,2026-03-10,usdc,2442236.0,8328672.0,12547425.0,coinmetrics_community
stable_usdc,2026-03-11,usdc,2407441.0,7855215.0,12073867.0,coinmetrics_community
stable_usdc,2026-03-12,usdc,2279270.0,7665721.0,11668648.0,coinmetrics_community
stable_usdc,2026-03-13,usdc,2496528.0,8104933.0,12377034.0,coinmetrics_community
stable_usdc,2026-03-14,usdc,2028824.0,6290829.0,9489720.0,coinmetrics_community
stable_usdc,2026-03-15,usdc,1982106.0,6477862.0,9860843.0,coinmetrics_community
stable_usdc,2026-03-16,usdc,2381985.0,7951758.0,12376403.0,coinmetrics_community
stable_usdc,2026-03-17,usdc,2400105.0,7583686.0,11664238.0,coinmetrics_community
stable_usdc,2026-03-18,usdc,2330105.0,7969482.0,12120251.0,coinmetrics_community
stable_usdc,2026-03-19,usdc,2326246.0,7852033.0,12160950.0,coinmetrics_community
stable_usdc,2026-03-20,usdc,2490201.0,7568858.0,11347564.0,coinmetrics_community
stable_usdc,2026-03-21,usdc,2104637.0,6080555.0,8937534.0,coinmetrics_community
stable_usdc,2026-03-22,usdc,2046722.0,6569554.0,10347964.0,coinmetrics_community
stable_usdc,2026-03-23,usdc,2310466.0,8253676.0,12443522.0,coinmetrics_community
stable_usdc,2026-03-24,usdc,2221664.0,7648124.0,11384352.0,coinmetrics_community
stable_usdc,2026-03-25,usdc,2389656.0,7321401.0,11200143.0,coinmetrics_community
stable_usdc,2026-03-26,usdc,2310232.0,7243383.0,10933889.0,coinmetrics_community
stable_usdc,2026-03-27,usdc,2322089.0,7406698.0,11044343.0,coinmetrics_community
stable_usdc,2026-03-28,usdc,1818481.0,6344161.0,9355116.0,coinmetrics_community
stable_usdc,2026-03-29,usdc,1871686.0,6559089.0,10003041.0,coinmetrics_community
stable_usdc,2026-03-30,usdc,2435612.0,7968686.0,11850551.0,coinmetrics_community
stable_usdc,2026-03-31,usdc,2610886.0,8346195.0,12099766.0,coinmetrics_community
stable_usdc,2026-04-01,usdc,2649955.0,8399540.0,12885763.0,coinmetrics_community
stable_usdc,2026-04-02,usdc,2690465.0,7423843.0,10999410.0,coinmetrics_community
stable_usdc,2026-04-03,usdc,2488073.0,6904917.0,9966995.0,coinmetrics_community
stable_usdc,2026-04-04,usdc,2089726.0,5956534.0,8545848.0,coinmetrics_community
stable_usdc,2026-04-05,usdc,2164068.0,6135038.0,8910944.0,coinmetrics_community
stable_usdc,2026-04-06,usdc,2470109.0,7168631.0,10466967.0,coinmetrics_community
stable_usdc,2026-04-07,usdc,2543732.0,7802121.0,11612220.0,coinmetrics_community
stable_usdc,2026-04-08,usdc,2544712.0,7276135.0,10886043.0,coinmetrics_community
stable_usdc,2026-04-09,usdc,2577817.0,7059095.0,10890483.0,coinmetrics_community
stable_usdc,2026-04-10,usdc,2504089.0,7002291.0,10650607.0,coinmetrics_community
stable_usdc,2026-04-11,usdc,1960537.0,6036797.0,9457974.0,coinmetrics_community
stable_usdc,2026-04-12,usdc,2066563.0,6354671.0,9808137.0,coinmetrics_community
stable_usdc,2026-04-13,usdc,2167986.0,6925109.0,10858066.0,coinmetrics_community
stable_usdc,2026-04-14,usdc,2220270.0,7076377.0,11184351.0,coinmetrics_community
stable_usdc,2026-04-15,usdc,2429966.0,7312789.0,11633749.0,coinmetrics_community
stable_usdc,2026-04-16,usdc,2367250.0,7388553.0,11761414.0,coinmetrics_community
stable_usdc,2026-04-17,usdc,2501000.0,7514499.0,12142956.0,coinmetrics_community
stable_usdc,2026-04-18,usdc,2103236.0,5749963.0,9568790.0,coinmetrics_community
stable_usdc,2026-04-19,usdc,2041203.0,5849065.0,8959981.0,coinmetrics_community
stable_usdc,2026-04-20,usdc,2068411.0,5893359.0,9021022.0,coinmetrics_community
stable_usdc,2026-04-21,usdc,2095938.0,5961624.0,9179998.0,coinmetrics_community
stable_usdc,2026-04-22,usdc,2201526.0,6229644.0,9446387.0,coinmetrics_community
stable_usdc,2026-04-23,usdc,2139528.0,6158868.0,9455029.0,coinmetrics_community
stable_usdc,2026-04-24,usdc,2235599.0,5946441.0,8960986.0,coinmetrics_community
stable_usdc,2026-04-25,usdc,2218147.0,4878500.0,7583792.0,coinmetrics_community
stable_usdc,2026-04-26,usdc,1962991.0,5246779.0,8160866.0,coinmetrics_community
stable_usdc,2026-04-27,usdc,2426807.0,6140957.0,9330181.0,coinmetrics_community
stable_usdc,2026-04-28,usdc,2395829.0,5896152.0,9152890.0,coinmetrics_community
stable_usdc,2026-04-29,usdc,2398360.0,5917435.0,9231706.0,coinmetrics_community
stable_usdc,2026-04-30,usdc,2343130.0,5474585.0,8560446.0,coinmetrics_community
stable_usdc,2026-05-01,usdc,2205581.0,5305742.0,8141609.0,coinmetrics_community
stable_usdc,2026-05-02,usdc,1810406.0,4255900.0,6614884.0,coinmetrics_community
stable_usdc,2026-05-03,usdc,1765752.0,4377096.0,6887572.0,coinmetrics_community
stable_usdc,2026-05-04,usdc,2254247.0,6056490.0,9348756.0,coinmetrics_community
stable_usdc,2026-05-05,usdc,2380035.0,5881032.0,9064727.0,coinmetrics_community
stable_usdc,2026-05-06,usdc,2409695.0,6104173.0,9405070.0,coinmetrics_community
stable_usdc,2026-05-07,usdc,2368704.0,6370623.0,9656207.0,coinmetrics_community
stable_usdc,2026-05-08,usdc,2563900.0,6264843.0,9432437.0,coinmetrics_community
stable_usdc,2026-05-09,usdc,2119706.0,5401163.0,8311880.0,coinmetrics_community
stable_usdc,2026-05-10,usdc,2068777.0,5498505.0,8496431.0,coinmetrics_community
stable_usdc,2026-05-11,usdc,2536244.0,6327731.0,9528515.0,coinmetrics_community
stable_usdc,2026-05-12,usdc,2339412.0,6280080.0,9671402.0,coinmetrics_community
stable_usdc,2026-05-13,usdc,2398378.0,5937410.0,9339454.0,coinmetrics_community
stable_usdc,2026-05-14,usdc,2460035.0,6224799.0,10039709.0,coinmetrics_community
stable_usdc,2026-05-15,usdc,2521958.0,6247322.0,9719773.0,coinmetrics_community
stable_usdc,2026-05-16,usdc,2148349.0,5050328.0,7830807.0,coinmetrics_community
stable_usdc,2026-05-17,usdc,2083908.0,4951004.0,8109582.0,coinmetrics_community
stable_usdc,2026-05-18,usdc,2505654.0,6536310.0,10524550.0,coinmetrics_community
stable_usdc,2026-05-19,usdc,2286051.0,6080110.0,10176134.0,coinmetrics_community
stable_usdc,2026-05-20,usdc,2489578.0,6726197.0,10974239.0,coinmetrics_community
stable_usdc,2026-05-21,usdc,2608702.0,7186485.0,13179189.0,coinmetrics_community
stable_usdc,2026-05-22,usdc,2569367.0,6760451.0,11433793.0,coinmetrics_community
stable_usdc,2026-05-23,usdc,2159055.0,6117666.0,10633668.0,coinmetrics_community
stable_usdc,2026-05-24,usdc,2068810.0,5636666.0,9779795.0,coinmetrics_community
stable_usdc,2026-05-25,usdc,2180974.0,5819712.0,10256355.0,coinmetrics_community
stable_usdc,2026-05-26,usdc,2222174.0,6640918.0,10952945.0,coinmetrics_community
stable_usdc,2026-05-27,usdc,2325023.0,7099790.0,11881056.0,coinmetrics_community
stable_usdc,2026-05-28,usdc,2479974.0,7516514.0,12921503.0,coinmetrics_community
stable_usdc,2026-05-29,usdc,2433493.0,6800153.0,11479023.0,coinmetrics_community
stable_usdc,2026-05-30,usdc,1943532.0,5236817.0,8763932.0,coinmetrics_community
stable_usdc,2026-05-31,usdc,2102241.0,5147936.0,8739826.0,coinmetrics_community
stable_usdc,2026-06-01,usdc,2664461.0,7238733.0,11988043.0,coinmetrics_community
stable_usdc,2026-06-02,usdc,2737034.0,7832923.0,13357483.0,coinmetrics_community
stable_usdc,2026-06-03,usdc,2708679.0,8159367.0,13609089.0,coinmetrics_community
stable_usdc,2026-06-04,usdc,2988272.0,9614690.0,15767728.0,coinmetrics_community
stable_usdc,2026-06-05,usdc,3083705.0,10445023.0,17032576.0,coinmetrics_community
stable_usdc,2026-06-06,usdc,2305485.0,7072802.0,11672269.0,coinmetrics_community
stable_usdc,2026-06-07,usdc,2216917.0,6378260.0,10656144.0,coinmetrics_community
stable_usdc,2026-06-08,usdc,2604939.0,7294980.0,12060730.0,coinmetrics_community
stable_usdc,2026-06-09,usdc,3354576.0,8949376.0,16660160.0,coinmetrics_community
stable_usdc,2026-06-10,usdc,3251669.0,9688238.0,17585013.0,coinmetrics_community
stable_usdc,2026-06-11,usdc,3076076.0,7734321.0,13629326.0,coinmetrics_community
stable_usdc,2026-06-12,usdc,3027841.0,7561173.0,12789131.0,coinmetrics_community
stable_usdc,2026-06-13,usdc,2273829.0,5526116.0,9619874.0,coinmetrics_community
stable_usdc,2026-06-14,usdc,2326020.0,5746781.0,9930893.0,coinmetrics_community
stable_usdc,2026-06-15,usdc,2774677.0,7315351.0,12164549.0,coinmetrics_community
stable_usdc,2026-06-16,usdc,2914750.0,7640785.0,12553406.0,coinmetrics_community
stable_usdc,2026-06-17,usdc,2709098.0,8025826.0,12638614.0,coinmetrics_community
stable_usdc,2026-06-18,usdc,2830348.0,7634586.0,12092723.0,coinmetrics_community
stable_usdc,2026-06-19,usdc,3399023.0,6592604.0,10555780.0,coinmetrics_community
stable_usdc,2026-06-20,usdc,2261934.0,6127084.0,9782048.0,coinmetrics_community
stable_usdc,2026-06-21,usdc,2325129.0,5971929.0,9627528.0,coinmetrics_community
stable_usdc,2026-06-22,usdc,2686482.0,7224530.0,11118864.0,coinmetrics_community
stable_usdc,2026-06-23,usdc,2661056.0,7116559.0,11402279.0,coinmetrics_community
stable_usdc,2026-06-24,usdc,2687195.0,8265825.0,13375760.0,coinmetrics_community
stable_usdc,2026-06-25,usdc,2748830.0,8127163.0,12844366.0,coinmetrics_community
stable_usdc,2026-06-26,usdc,2957245.0,8489208.0,13242865.0,coinmetrics_community
stable_usdc,2026-06-27,usdc,2330426.0,5776558.0,9838875.0,coinmetrics_community
stable_usdc,2026-06-28,usdc,2382038.0,6226644.0,10113866.0,coinmetrics_community
stable_usdc,2026-06-29,usdc,2722828.0,8156495.0,12581342.0,coinmetrics_community
stable_usdc,2026-06-30,usdc,2818992.0,6709844.0,10719010.0,coinmetrics_community
stable_usdc,2026-07-01,usdc,2978518.0,7310677.0,11465099.0,coinmetrics_community
stable_usdc,2026-07-02,usdc,3049728.0,7051951.0,11875519.0,coinmetrics_community
stable_usdc,2026-07-03,usdc,4426809.0,6781122.0,10923624.0,coinmetrics_community
stable_usdc,2026-07-04,usdc,2538043.0,5734085.0,9148252.0,coinmetrics_community
stable_usdc,2026-07-05,usdc,2350804.0,5623358.0,8839994.0,coinmetrics_community
stable_usdc,2026-07-06,usdc,2778423.0,7265763.0,11121882.0,coinmetrics_community
stable_usdc,2026-07-07,usdc,2597336.0,7256828.0,11006075.0,coinmetrics_community
stable_usdc,2026-07-08,usdc,2648010.0,7336069.0,11126493.0,coinmetrics_community
stable_usdc,2026-07-09,usdc,2612229.0,6832944.0,10199006.0,coinmetrics_community
stable_usdc,2026-07-10,usdc,2662900.0,6848260.0,10289175.0,coinmetrics_community
stable_usdc,2026-07-11,usdc,2201393.0,5925267.0,8864795.0,coinmetrics_community
stable_usdc,2026-07-12,usdc,2075938.0,5901803.0,9404321.0,coinmetrics_community
stable_usdc,2026-07-13,usdc,2566086.0,8503607.0,12542660.0,coinmetrics_community
stable_usdc,2026-07-14,usdc,2936364.0,7602837.0,12410157.0,coinmetrics_community
stable_usdc,2026-07-15,usdc,3044876.0,7073483.0,11796779.0,coinmetrics_community
stable_usdc,2026-07-16,usdc,2821785.0,6725310.0,10864527.0,coinmetrics_community
stable_usdc,2026-07-17,usdc,3244340.0,7111145.0,11812687.0,coinmetrics_community
stable_usdc,2026-07-18,usdc,2339062.0,5068672.0,8211729.0,coinmetrics_community
stable_usdc,2026-07-19,usdc,2335143.0,5304450.0,8098816.0,coinmetrics_community
stable_usdc,2026-07-20,usdc,2554366.0,6908089.0,10682869.0,coinmetrics_community
stable_usdc,2026-07-21,usdc,2630384.0,6320311.0,10221003.0,coinmetrics_community
stable_usdc,2026-07-22,usdc,2732486.0,6604185.0,11250604.0,coinmetrics_community
stable_usdc,2026-07-23,usdc,2859050.0,6927889.0,11238240.0,coinmetrics_community
stable_usdc,2026-07-24,usdc,2914359.0,6431075.0,10291279.0,coinmetrics_community
stable_usdc,2026-07-25,usdc,2661749.0,5250154.0,8965870.0,coinmetrics_community
stable_usdc,2026-07-26,usdc,2767221.0,5528082.0,8951079.0,coinmetrics_community
stable_usdc,2026-07-27,usdc,2961084.0,7006915.0,11436392.0,coinmetrics_community
stable_usdc,2026-07-28,usdc,2937496.0,6842937.0,11355326.0,coinmetrics_community
stable_usdc,2026-07-29,usdc,3074269.0,7336118.0,11693222.0,coinmetrics_community
stable_usdc,2026-07-30,usdc,3004933.0,6645980.0,10769514.0,coinmetrics_community
stable_usdc,2026-07-31,usdc,3133090.0,6996632.0,11680062.0,coinmetrics_community
stable_usdc,2026-08-01,usdc,2857549.0,5506755.0,8854494.0,coinmetrics_community
stable_usdc,2026-08-02,usdc,2738006.0,5603525.0,10841673.0,coinmetrics_community
stable_usdc,2026-08-03,usdc,3206396.0,6878199.0,14061611.0,coinmetrics_community
stable_usdc,2026-08-04,usdc,3158724.0,6834643.0,15354055.0,coinmetrics_community
stable_usdc,2026-08-05,usdc,3073022.0,6937648.0,15202373.0,coinmetrics_community
stable_usdc,2026-08-06,usdc,3158282.0,6835305.0,13258649.0,coinmetrics_community
stable_usdc,2026-08-07,usdc,3289495.0,6898010.0,11872374.0,coinmetrics_community
stable_usdc,2026-08-08,usdc,2916485.0,5614713.0,9322008.0,coinmetrics_community
stable_usdc,2026-08-09,usdc,2852415.0,5719601.0,9220410.0,coinmetrics_community
stable_usdc,2026-08-10,usdc,3195215.0,7271846.0,11942996.0,coinmetrics_community
stable_usdc,2026-08-11,usdc,3431218.0,7293403.0,12186663.0,coinmetrics_community
stable_usdc,2026-08-12,usdc,3322415.0,7549159.0,12180194.0,coinmetrics_community
stable_usdc,2026-08-13,usdc,3309955.0,7587043.0,12720651.0,coinmetrics_community
stable_usdc,2026-08-14,usdc,3281749.0,7597432.0,12315702.0,coinmetrics_community
stable_usdc,2026-08-15,usdc,2729540.0,6992233.0,10818703.0,coinmetrics_community
stable_usdc,2026-08-16,usdc,2605941.0,6656810.0,10543682.0,coinmetrics_community
stable_usdc,2026-08-17,usdc,3236114.0,8815525.0,13777686.0,coinmetrics_community
stable_usdc,2026-08-18,usdc,3456375.0,8919698.0,13602114.0,coinmetrics_community
stable_usdc,2026-08-19,usdc,4009066.0,10928755.0,17398166.0,coinmetrics_community
stable_usdc,2026-08-20,usdc,3991089.0,11389000.0,17830190.0,coinmetrics_community
stable_usdc,2026-08-21,usdc,4385712.0,12943419.0,21106617.0,coinmetrics_community
stable_usdc,2026-08-22,usdc,3884703.0,11560599.0,18612549.0,coinmetrics_community
stable_usdc,2026-08-23,usdc,3734736.0,10361556.0,17024307.0,coinmetrics_community
stable_usdc,2026-08-24,usdc,3926668.0,11039105.0,19069506.0,coinmetrics_community
stable_dai,2019-11-13,dai,7.0,0.0,0.0,coinmetrics_community
stable_dai,2019-11-14,dai,0.0,0.0,0.0,coinmetrics_community
stable_dai,2019-11-15,dai,2.0,0.0,0.0,coinmetrics_community
stable_dai,2019-11-16,dai,0.0,0.0,0.0,coinmetrics_community
stable_dai,2019-11-17,dai,2.0,0.0,0.0,coinmetrics_community
stable_dai,2019-11-18,dai,1035.0,979.0,1059.0,coinmetrics_community
stable_dai,2019-11-19,dai,1724.0,3466.0,4122.0,coinmetrics_community
stable_dai,2019-11-20,dai,1140.0,2299.0,2764.0,coinmetrics_community
stable_dai,2019-11-21,dai,1309.0,4069.0,5198.0,coinmetrics_community
stable_dai,2019-11-22,dai,1525.0,7876.0,10221.0,coinmetrics_community
stable_dai,2019-11-23,dai,1029.0,4585.0,5634.0,coinmetrics_community
stable_dai,2019-11-24,dai,927.0,4673.0,5395.0,coinmetrics_community
stable_dai,2019-11-25,dai,1238.0,6995.0,8365.0,coinmetrics_community
stable_dai,2019-11-26,dai,998.0,4053.0,4566.0,coinmetrics_community
stable_dai,2019-11-27,dai,1004.0,4419.0,5188.0,coinmetrics_community
stable_dai,2019-11-28,dai,1066.0,3612.0,4492.0,coinmetrics_community
stable_dai,2019-11-29,dai,927.0,3324.0,4237.0,coinmetrics_community
stable_dai,2019-11-30,dai,794.0,3313.0,4201.0,coinmetrics_community
stable_dai,2019-12-01,dai,878.0,3835.0,4752.0,coinmetrics_community
stable_dai,2019-12-02,dai,1371.0,4823.0,5666.0,coinmetrics_community
stable_dai,2019-12-03,dai,1823.0,3872.0,4979.0,coinmetrics_community
stable_dai,2019-12-04,dai,1671.0,4650.0,5615.0,coinmetrics_community
stable_dai,2019-12-05,dai,1643.0,2765.0,3568.0,coinmetrics_community
stable_dai,2019-12-06,dai,1513.0,2594.0,3259.0,coinmetrics_community
stable_dai,2019-12-07,dai,1534.0,2311.0,3160.0,coinmetrics_community
stable_dai,2019-12-08,dai,1460.0,2529.0,3689.0,coinmetrics_community
stable_dai,2019-12-09,dai,1710.0,2576.0,3481.0,coinmetrics_community
stable_dai,2019-12-10,dai,1759.0,3309.0,4349.0,coinmetrics_community
stable_dai,2019-12-11,dai,1677.0,2898.0,4281.0,coinmetrics_community
stable_dai,2019-12-12,dai,1624.0,3051.0,4381.0,coinmetrics_community
stable_dai,2019-12-13,dai,1577.0,3018.0,4503.0,coinmetrics_community
stable_dai,2019-12-14,dai,1297.0,2708.0,4300.0,coinmetrics_community
stable_dai,2019-12-15,dai,1369.0,3316.0,5010.0,coinmetrics_community
stable_dai,2019-12-16,dai,1970.0,5061.0,7808.0,coinmetrics_community
stable_dai,2019-12-17,dai,2388.0,6334.0,9499.0,coinmetrics_community
stable_dai,2019-12-18,dai,2490.0,6745.0,9759.0,coinmetrics_community
stable_dai,2019-12-19,dai,2196.0,4641.0,6760.0,coinmetrics_community
stable_dai,2019-12-20,dai,1891.0,3623.0,5231.0,coinmetrics_community
stable_dai,2019-12-21,dai,1487.0,2815.0,4286.0,coinmetrics_community
stable_dai,2019-12-22,dai,1527.0,3359.0,5158.0,coinmetrics_community
stable_dai,2019-12-23,dai,1848.0,4187.0,5877.0,coinmetrics_community
stable_dai,2019-12-24,dai,1670.0,3033.0,4295.0,coinmetrics_community
stable_dai,2019-12-25,dai,1384.0,2945.0,4103.0,coinmetrics_community
stable_dai,2019-12-26,dai,1208.0,2894.0,4082.0,coinmetrics_community
stable_dai,2019-12-27,dai,1639.0,3134.0,4472.0,coinmetrics_community
stable_dai,2019-12-28,dai,1533.0,3252.0,4789.0,coinmetrics_community
stable_dai,2019-12-29,dai,1594.0,4038.0,5920.0,coinmetrics_community
stable_dai,2019-12-30,dai,1636.0,3533.0,5029.0,coinmetrics_community
stable_dai,2019-12-31,dai,1492.0,3143.0,4417.0,coinmetrics_community
stable_dai,2020-01-01,dai,1173.0,2376.0,3615.0,coinmetrics_community
stable_dai,2020-01-02,dai,1570.0,2952.0,4370.0,coinmetrics_community
stable_dai,2020-01-03,dai,1827.0,4353.0,6315.0,coinmetrics_community
stable_dai,2020-01-04,dai,1571.0,2730.0,3944.0,coinmetrics_community
stable_dai,2020-01-05,dai,1673.0,3673.0,5885.0,coinmetrics_community
stable_dai,2020-01-06,dai,2366.0,4918.0,7542.0,coinmetrics_community
stable_dai,2020-01-07,dai,2480.0,5466.0,8344.0,coinmetrics_community
stable_dai,2020-01-08,dai,2702.0,6879.0,10333.0,coinmetrics_community
stable_dai,2020-01-09,dai,2601.0,6265.0,9164.0,coinmetrics_community
stable_dai,2020-01-10,dai,2537.0,6035.0,8802.0,coinmetrics_community
stable_dai,2020-01-11,dai,2018.0,5559.0,8051.0,coinmetrics_community
stable_dai,2020-01-12,dai,1939.0,4750.0,6866.0,coinmetrics_community
stable_dai,2020-01-13,dai,2386.0,4798.0,7158.0,coinmetrics_community
stable_dai,2020-01-14,dai,3603.0,9788.0,14526.0,coinmetrics_community
stable_dai,2020-01-15,dai,3111.0,8440.0,13036.0,coinmetrics_community
stable_dai,2020-01-16,dai,3372.0,7540.0,11564.0,coinmetrics_community
stable_dai,2020-01-17,dai,5969.0,11838.0,16553.0,coinmetrics_community
stable_dai,2020-01-18,dai,4828.0,9865.0,13898.0,coinmetrics_community
stable_dai,2020-01-19,dai,3866.0,8327.0,13089.0,coinmetrics_community
stable_dai,2020-01-20,dai,2813.0,5658.0,9042.0,coinmetrics_community
stable_dai,2020-01-21,dai,3177.0,5984.0,9307.0,coinmetrics_community
stable_dai,2020-01-22,dai,2557.0,3807.0,6623.0,coinmetrics_community
stable_dai,2020-01-23,dai,2476.0,4157.0,6937.0,coinmetrics_community
stable_dai,2020-01-24,dai,2617.0,5916.0,9060.0,coinmetrics_community
stable_dai,2020-01-25,dai,2091.0,3993.0,6336.0,coinmetrics_community
stable_dai,2020-01-26,dai,2198.0,4354.0,6995.0,coinmetrics_community
stable_dai,2020-01-27,dai,2974.0,6208.0,9576.0,coinmetrics_community
stable_dai,2020-01-28,dai,3106.0,6463.0,9824.0,coinmetrics_community
stable_dai,2020-01-29,dai,3246.0,5971.0,9421.0,coinmetrics_community
stable_dai,2020-01-30,dai,3272.0,7262.0,11371.0,coinmetrics_community
stable_dai,2020-01-31,dai,3365.0,6623.0,11028.0,coinmetrics_community
stable_dai,2020-02-01,dai,2946.0,6010.0,9467.0,coinmetrics_community
stable_dai,2020-02-02,dai,3027.0,7770.0,11453.0,coinmetrics_community
stable_dai,2020-02-03,dai,3262.0,6769.0,10753.0,coinmetrics_community
stable_dai,2020-02-04,dai,3461.0,6988.0,11683.0,coinmetrics_community
stable_dai,2020-02-05,dai,4067.0,8972.0,14205.0,coinmetrics_community
stable_dai,2020-02-06,dai,4425.0,9710.0,15158.0,coinmetrics_community
stable_dai,2020-02-07,dai,4389.0,8896.0,15034.0,coinmetrics_community
stable_dai,2020-02-08,dai,3492.0,9422.0,14657.0,coinmetrics_community
stable_dai,2020-02-09,dai,3745.0,7377.0,12938.0,coinmetrics_community
stable_dai,2020-02-10,dai,4060.0,8242.0,13889.0,coinmetrics_community
stable_dai,2020-02-11,dai,4180.0,9661.0,15146.0,coinmetrics_community
stable_dai,2020-02-12,dai,5630.0,13633.0,23506.0,coinmetrics_community
stable_dai,2020-02-13,dai,4430.0,12285.0,18805.0,coinmetrics_community
stable_dai,2020-02-14,dai,5011.0,12252.0,19202.0,coinmetrics_community
stable_dai,2020-02-15,dai,4468.0,11670.0,18199.0,coinmetrics_community
stable_dai,2020-02-16,dai,3990.0,12756.0,19715.0,coinmetrics_community
stable_dai,2020-02-17,dai,4389.0,13925.0,21593.0,coinmetrics_community
stable_dai,2020-02-18,dai,4603.0,10953.0,17271.0,coinmetrics_community
stable_dai,2020-02-19,dai,4358.0,9803.0,14771.0,coinmetrics_community
stable_dai,2020-02-20,dai,4591.0,10438.0,15816.0,coinmetrics_community
stable_dai,2020-02-21,dai,3888.0,7338.0,11840.0,coinmetrics_community
stable_dai,2020-02-22,dai,3386.0,6265.0,10272.0,coinmetrics_community
stable_dai,2020-02-23,dai,3387.0,6339.0,10724.0,coinmetrics_community
stable_dai,2020-02-24,dai,4014.0,8094.0,12888.0,coinmetrics_community
stable_dai,2020-02-25,dai,4223.0,9379.0,15338.0,coinmetrics_community
stable_dai,2020-02-26,dai,5382.0,14134.0,23005.0,coinmetrics_community
stable_dai,2020-02-27,dai,4713.0,12294.0,19616.0,coinmetrics_community
stable_dai,2020-02-28,dai,4017.0,10228.0,16749.0,coinmetrics_community
stable_dai,2020-02-29,dai,2823.0,6667.0,10220.0,coinmetrics_community
stable_dai,2020-03-01,dai,3697.0,9042.0,14729.0,coinmetrics_community
stable_dai,2020-03-02,dai,3977.0,8143.0,12935.0,coinmetrics_community
stable_dai,2020-03-03,dai,3670.0,7150.0,12227.0,coinmetrics_community
stable_dai,2020-03-04,dai,4140.0,7303.0,10545.0,coinmetrics_community
stable_dai,2020-03-05,dai,4648.0,7321.0,12212.0,coinmetrics_community
stable_dai,2020-03-06,dai,4132.0,7419.0,12807.0,coinmetrics_community
stable_dai,2020-03-07,dai,3142.0,6982.0,10588.0,coinmetrics_community
stable_dai,2020-03-08,dai,3907.0,10266.0,16915.0,coinmetrics_community
stable_dai,2020-03-09,dai,5451.0,15528.0,24753.0,coinmetrics_community
stable_dai,2020-03-10,dai,4054.0,9412.0,14706.0,coinmetrics_community
stable_dai,2020-03-11,dai,4450.0,10442.0,17164.0,coinmetrics_community
stable_dai,2020-03-12,dai,8187.0,24500.0,39543.0,coinmetrics_community
stable_dai,2020-03-13,dai,8851.0,20747.0,34328.0,coinmetrics_community
stable_dai,2020-03-14,dai,4429.0,10597.0,16769.0,coinmetrics_community
stable_dai,2020-03-15,dai,4793.0,12173.0,20331.0,coinmetrics_community
stable_dai,2020-03-16,dai,6392.0,15064.0,26467.0,coinmetrics_community
stable_dai,2020-03-17,dai,3724.0,7769.0,12849.0,coinmetrics_community
stable_dai,2020-03-18,dai,3253.0,6016.0,10224.0,coinmetrics_community
stable_dai,2020-03-19,dai,3906.0,8273.0,14998.0,coinmetrics_community
stable_dai,2020-03-20,dai,3494.0,9362.0,17000.0,coinmetrics_community
stable_dai,2020-03-21,dai,2256.0,5807.0,9592.0,coinmetrics_community
stable_dai,2020-03-22,dai,2379.0,5702.0,9902.0,coinmetrics_community
stable_dai,2020-03-23,dai,3025.0,6682.0,10843.0,coinmetrics_community
stable_dai,2020-03-24,dai,2861.0,6264.0,10811.0,coinmetrics_community
stable_dai,2020-03-25,dai,2738.0,6274.0,10327.0,coinmetrics_community
stable_dai,2020-03-26,dai,2864.0,5437.0,8339.0,coinmetrics_community
stable_dai,2020-03-27,dai,2795.0,5685.0,8970.0,coinmetrics_community
stable_dai,2020-03-28,dai,2724.0,6183.0,10509.0,coinmetrics_community
stable_dai,2020-03-29,dai,2202.0,4719.0,8029.0,coinmetrics_community
stable_dai,2020-03-30,dai,2672.0,5786.0,9869.0,coinmetrics_community
stable_dai,2020-03-31,dai,2842.0,5872.0,9916.0,coinmetrics_community
stable_dai,2020-04-01,dai,3069.0,5649.0,9255.0,coinmetrics_community
stable_dai,2020-04-02,dai,3494.0,8194.0,12011.0,coinmetrics_community
stable_dai,2020-04-03,dai,3050.0,6785.0,10351.0,coinmetrics_community
stable_dai,2020-04-04,dai,2563.0,5325.0,8310.0,coinmetrics_community
stable_dai,2020-04-05,dai,2411.0,4522.0,7445.0,coinmetrics_community
stable_dai,2020-04-06,dai,4225.0,11160.0,18275.0,coinmetrics_community
stable_dai,2020-04-07,dai,4071.0,11687.0,17986.0,coinmetrics_community
stable_dai,2020-04-08,dai,3161.0,8319.0,12026.0,coinmetrics_community
stable_dai,2020-04-09,dai,2955.0,6761.0,9374.0,coinmetrics_community
stable_dai,2020-04-10,dai,3534.0,8745.0,13079.0,coinmetrics_community
stable_dai,2020-04-11,dai,2338.0,5202.0,7393.0,coinmetrics_community
stable_dai,2020-04-12,dai,2243.0,5369.0,8010.0,coinmetrics_community
stable_dai,2020-04-13,dai,2663.0,6820.0,9898.0,coinmetrics_community
stable_dai,2020-04-14,dai,2498.0,5455.0,7707.0,coinmetrics_community
stable_dai,2020-04-15,dai,2821.0,5954.0,8628.0,coinmetrics_community
stable_dai,2020-04-16,dai,3353.0,8958.0,13326.0,coinmetrics_community
stable_dai,2020-04-17,dai,2676.0,5416.0,7725.0,coinmetrics_community
stable_dai,2020-04-18,dai,2995.0,6445.0,9897.0,coinmetrics_community
stable_dai,2020-04-19,dai,2935.0,6641.0,10150.0,coinmetrics_community
stable_dai,2020-04-20,dai,3350.0,8363.0,12256.0,coinmetrics_community
stable_dai,2020-04-21,dai,3021.0,6233.0,8617.0,coinmetrics_community
stable_dai,2020-04-22,dai,3318.0,6804.0,9755.0,coinmetrics_community
stable_dai,2020-04-23,dai,3963.0,9456.0,13372.0,coinmetrics_community
stable_dai,2020-04-24,dai,3634.0,6434.0,9013.0,coinmetrics_community
stable_dai,2020-04-25,dai,3072.0,5431.0,8431.0,coinmetrics_community
stable_dai,2020-04-26,dai,2828.0,5438.0,8110.0,coinmetrics_community
stable_dai,2020-04-27,dai,3554.0,6245.0,8987.0,coinmetrics_community
stable_dai,2020-04-28,dai,3640.0,5707.0,7835.0,coinmetrics_community
stable_dai,2020-04-29,dai,4780.0,9592.0,14041.0,coinmetrics_community
stable_dai,2020-04-30,dai,4534.0,10263.0,14014.0,coinmetrics_community
stable_dai,2020-05-01,dai,3842.0,7823.0,10405.0,coinmetrics_community
stable_dai,2020-05-02,dai,3065.0,5515.0,7543.0,coinmetrics_community
stable_dai,2020-05-03,dai,2937.0,6650.0,9491.0,coinmetrics_community
stable_dai,2020-05-04,dai,3473.0,8890.0,12767.0,coinmetrics_community
stable_dai,2020-05-05,dai,3741.0,6763.0,9190.0,coinmetrics_community
stable_dai,2020-05-06,dai,3518.0,6639.0,8907.0,coinmetrics_community
stable_dai,2020-05-07,dai,3964.0,7796.0,10656.0,coinmetrics_community
stable_dai,2020-05-08,dai,3715.0,6950.0,9277.0,coinmetrics_community
stable_dai,2020-05-09,dai,3212.0,6304.0,8580.0,coinmetrics_community
stable_dai,2020-05-10,dai,4183.0,11983.0,17228.0,coinmetrics_community
stable_dai,2020-05-11,dai,4114.0,7791.0,10907.0,coinmetrics_community
stable_dai,2020-05-12,dai,3457.0,5464.0,7096.0,coinmetrics_community
stable_dai,2020-05-13,dai,3347.0,5836.0,7880.0,coinmetrics_community
stable_dai,2020-05-14,dai,3601.0,5520.0,7483.0,coinmetrics_community
stable_dai,2020-05-15,dai,3926.0,6325.0,7888.0,coinmetrics_community
stable_dai,2020-05-16,dai,2874.0,3988.0,5428.0,coinmetrics_community
stable_dai,2020-05-17,dai,2913.0,4326.0,6383.0,coinmetrics_community
stable_dai,2020-05-18,dai,4026.0,5559.0,8270.0,coinmetrics_community
stable_dai,2020-05-19,dai,3529.0,5348.0,7120.0,coinmetrics_community
stable_dai,2020-05-20,dai,3757.0,5326.0,7136.0,coinmetrics_community
stable_dai,2020-05-21,dai,3837.0,6077.0,8340.0,coinmetrics_community
stable_dai,2020-05-22,dai,3909.0,5640.0,7886.0,coinmetrics_community
stable_dai,2020-05-23,dai,2906.0,4307.0,6080.0,coinmetrics_community
stable_dai,2020-05-24,dai,2452.0,4059.0,5717.0,coinmetrics_community
stable_dai,2020-05-25,dai,2995.0,4061.0,5660.0,coinmetrics_community
stable_dai,2020-05-26,dai,4072.0,5253.0,7740.0,coinmetrics_community
stable_dai,2020-05-27,dai,3611.0,4794.0,6527.0,coinmetrics_community
stable_dai,2020-05-28,dai,3633.0,5195.0,7190.0,coinmetrics_community
stable_dai,2020-05-29,dai,4124.0,6185.0,8939.0,coinmetrics_community
stable_dai,2020-05-30,dai,3315.0,5611.0,8405.0,coinmetrics_community
stable_dai,2020-05-31,dai,3079.0,5095.0,7079.0,coinmetrics_community
stable_dai,2020-06-01,dai,4184.0,6419.0,9076.0,coinmetrics_community
stable_dai,2020-06-02,dai,5674.0,8348.0,12309.0,coinmetrics_community
stable_dai,2020-06-03,dai,4222.0,6173.0,8209.0,coinmetrics_community
stable_dai,2020-06-04,dai,4162.0,6330.0,7971.0,coinmetrics_community
stable_dai,2020-06-05,dai,4038.0,6186.0,7678.0,coinmetrics_community
stable_dai,2020-06-06,dai,3025.0,4345.0,5489.0,coinmetrics_community
stable_dai,2020-06-07,dai,2728.0,4842.0,6526.0,coinmetrics_community
stable_dai,2020-06-08,dai,4039.0,5042.0,6772.0,coinmetrics_community
stable_dai,2020-06-09,dai,5079.0,6076.0,8910.0,coinmetrics_community
stable_dai,2020-06-10,dai,3968.0,5770.0,7864.0,coinmetrics_community
stable_dai,2020-06-11,dai,4788.0,8033.0,11285.0,coinmetrics_community
stable_dai,2020-06-12,dai,4423.0,6687.0,8877.0,coinmetrics_community
stable_dai,2020-06-13,dai,3057.0,4899.0,6521.0,coinmetrics_community
stable_dai,2020-06-14,dai,3274.0,6110.0,9060.0,coinmetrics_community
stable_dai,2020-06-15,dai,6819.0,10361.0,14531.0,coinmetrics_community
stable_dai,2020-06-16,dai,4315.0,6834.0,9734.0,coinmetrics_community
stable_dai,2020-06-17,dai,4212.0,6640.0,9820.0,coinmetrics_community
stable_dai,2020-06-18,dai,4380.0,6747.0,9835.0,coinmetrics_community
stable_dai,2020-06-19,dai,5521.0,9634.0,15212.0,coinmetrics_community
stable_dai,2020-06-20,dai,5170.0,8113.0,13374.0,coinmetrics_community
stable_dai,2020-06-21,dai,3965.0,7615.0,12348.0,coinmetrics_community
stable_dai,2020-06-22,dai,6004.0,9649.0,14802.0,coinmetrics_community
stable_dai,2020-06-23,dai,5007.0,8297.0,12194.0,coinmetrics_community
stable_dai,2020-06-24,dai,5341.0,9646.0,13947.0,coinmetrics_community
stable_dai,2020-06-25,dai,5691.0,9872.0,14244.0,coinmetrics_community
stable_dai,2020-06-26,dai,5697.0,9298.0,13021.0,coinmetrics_community
stable_dai,2020-06-27,dai,4464.0,8197.0,12049.0,coinmetrics_community
stable_dai,2020-06-28,dai,4007.0,7091.0,10474.0,coinmetrics_community
stable_dai,2020-06-29,dai,5372.0,7700.0,11250.0,coinmetrics_community
stable_dai,2020-06-30,dai,4813.0,6876.0,9545.0,coinmetrics_community
stable_dai,2020-07-01,dai,6759.0,10098.0,14142.0,coinmetrics_community
stable_dai,2020-07-02,dai,7471.0,12806.0,16830.0,coinmetrics_community
stable_dai,2020-07-03,dai,8200.0,13524.0,18717.0,coinmetrics_community
stable_dai,2020-07-04,dai,5405.0,9057.0,12343.0,coinmetrics_community
stable_dai,2020-07-05,dai,4375.0,7797.0,10915.0,coinmetrics_community
stable_dai,2020-07-06,dai,6725.0,10094.0,14370.0,coinmetrics_community
stable_dai,2020-07-07,dai,6839.0,10883.0,14558.0,coinmetrics_community
stable_dai,2020-07-08,dai,6987.0,10659.0,14928.0,coinmetrics_community
stable_dai,2020-07-09,dai,5446.0,9206.0,12278.0,coinmetrics_community
stable_dai,2020-07-10,dai,4851.0,7795.0,10445.0,coinmetrics_community
stable_dai,2020-07-11,dai,4012.0,6805.0,9689.0,coinmetrics_community
stable_dai,2020-07-12,dai,3997.0,7236.0,10607.0,coinmetrics_community
stable_dai,2020-07-13,dai,7509.0,10852.0,14505.0,coinmetrics_community
stable_dai,2020-07-14,dai,6357.0,9843.0,12812.0,coinmetrics_community
stable_dai,2020-07-15,dai,6043.0,8296.0,11867.0,coinmetrics_community
stable_dai,2020-07-16,dai,5674.0,9426.0,12652.0,coinmetrics_community
stable_dai,2020-07-17,dai,5874.0,9923.0,12904.0,coinmetrics_community
stable_dai,2020-07-18,dai,4313.0,8671.0,14015.0,coinmetrics_community
stable_dai,2020-07-19,dai,5108.0,13565.0,25051.0,coinmetrics_community
stable_dai,2020-07-20,dai,6604.0,13564.0,23462.0,coinmetrics_community
stable_dai,2020-07-21,dai,6873.0,11270.0,19387.0,coinmetrics_community
stable_dai,2020-07-22,dai,6441.0,12915.0,21193.0,coinmetrics_community
stable_dai,2020-07-23,dai,7847.0,14845.0,24780.0,coinmetrics_community
stable_dai,2020-07-24,dai,8600.0,17356.0,27914.0,coinmetrics_community
stable_dai,2020-07-25,dai,6858.0,17192.0,28852.0,coinmetrics_community
stable_dai,2020-07-26,dai,5970.0,12085.0,18767.0,coinmetrics_community
stable_dai,2020-07-27,dai,6946.0,12070.0,17285.0,coinmetrics_community
stable_dai,2020-07-28,dai,7458.0,12398.0,18333.0,coinmetrics_community
stable_dai,2020-07-29,dai,8123.0,16499.0,26551.0,coinmetrics_community
stable_dai,2020-07-30,dai,7322.0,13652.0,22104.0,coinmetrics_community
stable_dai,2020-07-31,dai,7837.0,16144.0,25896.0,coinmetrics_community
stable_dai,2020-08-01,dai,8675.0,16750.0,26812.0,coinmetrics_community
stable_dai,2020-08-02,dai,7768.0,18739.0,29295.0,coinmetrics_community
stable_dai,2020-08-03,dai,9860.0,16468.0,26426.0,coinmetrics_community
stable_dai,2020-08-04,dai,8196.0,13235.0,19372.0,coinmetrics_community
stable_dai,2020-08-05,dai,7113.0,11531.0,16876.0,coinmetrics_community
stable_dai,2020-08-06,dai,7394.0,11156.0,15546.0,coinmetrics_community
stable_dai,2020-08-07,dai,7064.0,11590.0,16249.0,coinmetrics_community
stable_dai,2020-08-08,dai,5429.0,10156.0,13779.0,coinmetrics_community
stable_dai,2020-08-09,dai,5337.0,9527.0,12815.0,coinmetrics_community
stable_dai,2020-08-10,dai,6454.0,11955.0,16754.0,coinmetrics_community
stable_dai,2020-08-11,dai,6724.0,10946.0,15278.0,coinmetrics_community
stable_dai,2020-08-12,dai,6791.0,11936.0,16722.0,coinmetrics_community
stable_dai,2020-08-13,dai,7184.0,12963.0,16590.0,coinmetrics_community
stable_dai,2020-08-14,dai,7579.0,13086.0,18533.0,coinmetrics_community
stable_dai,2020-08-15,dai,6155.0,9940.0,12959.0,coinmetrics_community
stable_dai,2020-08-16,dai,6951.0,11173.0,13959.0,coinmetrics_community
stable_dai,2020-08-17,dai,5733.0,10284.0,13287.0,coinmetrics_community
stable_dai,2020-08-18,dai,6211.0,10433.0,13595.0,coinmetrics_community
stable_dai,2020-08-19,dai,6591.0,11296.0,15510.0,coinmetrics_community
stable_dai,2020-08-20,dai,6764.0,13085.0,18531.0,coinmetrics_community
stable_dai,2020-08-21,dai,6444.0,13557.0,19308.0,coinmetrics_community
stable_dai,2020-08-22,dai,5432.0,11752.0,16741.0,coinmetrics_community
stable_dai,2020-08-23,dai,4900.0,11419.0,16337.0,coinmetrics_community
stable_dai,2020-08-24,dai,7053.0,17694.0,23325.0,coinmetrics_community
stable_dai,2020-08-25,dai,6592.0,13823.0,18301.0,coinmetrics_community
stable_dai,2020-08-26,dai,5962.0,11556.0,15619.0,coinmetrics_community
stable_dai,2020-08-27,dai,6010.0,11574.0,15568.0,coinmetrics_community
stable_dai,2020-08-28,dai,5812.0,11837.0,16607.0,coinmetrics_community
stable_dai,2020-08-29,dai,5531.0,12481.0,17556.0,coinmetrics_community
stable_dai,2020-08-30,dai,5109.0,11569.0,16289.0,coinmetrics_community
stable_dai,2020-08-31,dai,5951.0,10524.0,14157.0,coinmetrics_community
stable_dai,2020-09-01,dai,6258.0,11013.0,14832.0,coinmetrics_community
stable_dai,2020-09-02,dai,6356.0,10712.0,14645.0,coinmetrics_community
stable_dai,2020-09-03,dai,7122.0,12670.0,17211.0,coinmetrics_community
stable_dai,2020-09-04,dai,8666.0,15124.0,19762.0,coinmetrics_community
stable_dai,2020-09-05,dai,8825.0,20426.0,23743.0,coinmetrics_community
stable_dai,2020-09-06,dai,6951.0,14947.0,18879.0,coinmetrics_community
stable_dai,2020-09-07,dai,7414.0,14413.0,17882.0,coinmetrics_community
stable_dai,2020-09-08,dai,7339.0,13373.0,17206.0,coinmetrics_community
stable_dai,2020-09-09,dai,6972.0,13118.0,16845.0,coinmetrics_community
stable_dai,2020-09-10,dai,6691.0,13159.0,16811.0,coinmetrics_community
stable_dai,2020-09-11,dai,6160.0,12412.0,16069.0,coinmetrics_community
stable_dai,2020-09-12,dai,5946.0,12278.0,15981.0,coinmetrics_community
stable_dai,2020-09-13,dai,6064.0,13649.0,17871.0,coinmetrics_community
stable_dai,2020-09-14,dai,8767.0,25324.0,37865.0,coinmetrics_community
stable_dai,2020-09-15,dai,8827.0,22572.0,32926.0,coinmetrics_community
stable_dai,2020-09-16,dai,8978.0,20041.0,28240.0,coinmetrics_community
stable_dai,2020-09-17,dai,8820.0,16156.0,19560.0,coinmetrics_community
stable_dai,2020-09-18,dai,11453.0,21448.0,26364.0,coinmetrics_community
stable_dai,2020-09-19,dai,9569.0,19010.0,24912.0,coinmetrics_community
stable_dai,2020-09-20,dai,8563.0,17267.0,22502.0,coinmetrics_community
stable_dai,2020-09-21,dai,9138.0,17933.0,23408.0,coinmetrics_community
stable_dai,2020-09-22,dai,8401.0,16342.0,20640.0,coinmetrics_community
stable_dai,2020-09-23,dai,8984.0,16917.0,21746.0,coinmetrics_community
stable_dai,2020-09-24,dai,8008.0,15194.0,19375.0,coinmetrics_community
stable_dai,2020-09-25,dai,8665.0,16369.0,20128.0,coinmetrics_community
stable_dai,2020-09-26,dai,7850.0,15139.0,19030.0,coinmetrics_community
stable_dai,2020-09-27,dai,6790.0,13141.0,16539.0,coinmetrics_community
stable_dai,2020-09-28,dai,7588.0,19035.0,23347.0,coinmetrics_community
stable_dai,2020-09-29,dai,7388.0,14947.0,18977.0,coinmetrics_community
stable_dai,2020-09-30,dai,8830.0,15103.0,18726.0,coinmetrics_community
stable_dai,2020-10-01,dai,8927.0,15572.0,20036.0,coinmetrics_community
stable_dai,2020-10-02,dai,8178.0,15106.0,19294.0,coinmetrics_community
stable_dai,2020-10-03,dai,6617.0,11705.0,14498.0,coinmetrics_community
stable_dai,2020-10-04,dai,6590.0,12307.0,14987.0,coinmetrics_community
stable_dai,2020-10-05,dai,7081.0,12850.0,15452.0,coinmetrics_community
stable_dai,2020-10-06,dai,6794.0,12201.0,15185.0,coinmetrics_community
stable_dai,2020-10-07,dai,6872.0,11533.0,14511.0,coinmetrics_community
stable_dai,2020-10-08,dai,6596.0,11315.0,14264.0,coinmetrics_community
stable_dai,2020-10-09,dai,8117.0,10958.0,15227.0,coinmetrics_community
stable_dai,2020-10-10,dai,6532.0,10715.0,13899.0,coinmetrics_community
stable_dai,2020-10-11,dai,5596.0,9407.0,12116.0,coinmetrics_community
stable_dai,2020-10-12,dai,6164.0,10169.0,12756.0,coinmetrics_community
stable_dai,2020-10-13,dai,6175.0,9641.0,12072.0,coinmetrics_community
stable_dai,2020-10-14,dai,5884.0,9159.0,11490.0,coinmetrics_community
stable_dai,2020-10-15,dai,6549.0,10224.0,12728.0,coinmetrics_community
stable_dai,2020-10-16,dai,6933.0,11495.0,13814.0,coinmetrics_community
stable_dai,2020-10-17,dai,6678.0,11096.0,13958.0,coinmetrics_community
stable_dai,2020-10-18,dai,6493.0,11237.0,13879.0,coinmetrics_community
stable_dai,2020-10-19,dai,7568.0,12589.0,15541.0,coinmetrics_community
stable_dai,2020-10-20,dai,6977.0,11583.0,14569.0,coinmetrics_community
stable_dai,2020-10-21,dai,7421.0,11905.0,15134.0,coinmetrics_community
stable_dai,2020-10-22,dai,10682.0,15556.0,19369.0,coinmetrics_community
stable_dai,2020-10-23,dai,8481.0,13132.0,16152.0,coinmetrics_community
stable_dai,2020-10-24,dai,7483.0,11863.0,14721.0,coinmetrics_community
stable_dai,2020-10-25,dai,6002.0,10074.0,13094.0,coinmetrics_community
stable_dai,2020-10-26,dai,7307.0,12734.0,16154.0,coinmetrics_community
stable_dai,2020-10-27,dai,7520.0,12371.0,15845.0,coinmetrics_community
stable_dai,2020-10-28,dai,7506.0,15929.0,19229.0,coinmetrics_community
stable_dai,2020-10-29,dai,6896.0,12793.0,15404.0,coinmetrics_community
stable_dai,2020-10-30,dai,6975.0,12190.0,14957.0,coinmetrics_community
stable_dai,2020-10-31,dai,6095.0,11101.0,13595.0,coinmetrics_community
stable_dai,2020-11-01,dai,6161.0,10745.0,13681.0,coinmetrics_community
stable_dai,2020-11-02,dai,6948.0,12082.0,14888.0,coinmetrics_community
stable_dai,2020-11-03,dai,7865.0,13930.0,17875.0,coinmetrics_community
stable_dai,2020-11-04,dai,7561.0,14914.0,19517.0,coinmetrics_community
stable_dai,2020-11-05,dai,8104.0,13413.0,17130.0,coinmetrics_community
stable_dai,2020-11-06,dai,7786.0,12988.0,16912.0,coinmetrics_community
stable_dai,2020-11-07,dai,7248.0,12781.0,16543.0,coinmetrics_community
stable_dai,2020-11-08,dai,6345.0,10725.0,13599.0,coinmetrics_community
stable_dai,2020-11-09,dai,7058.0,13648.0,17238.0,coinmetrics_community
stable_dai,2020-11-10,dai,6445.0,11047.0,13596.0,coinmetrics_community
stable_dai,2020-11-11,dai,6204.0,9901.0,12486.0,coinmetrics_community
stable_dai,2020-11-12,dai,6206.0,10510.0,13517.0,coinmetrics_community
stable_dai,2020-11-13,dai,7419.0,12265.0,15123.0,coinmetrics_community
stable_dai,2020-11-14,dai,6036.0,10646.0,13566.0,coinmetrics_community
stable_dai,2020-11-15,dai,6202.0,11575.0,14857.0,coinmetrics_community
stable_dai,2020-11-16,dai,7066.0,12456.0,15996.0,coinmetrics_community
stable_dai,2020-11-17,dai,8293.0,18741.0,23083.0,coinmetrics_community
stable_dai,2020-11-18,dai,8793.0,16340.0,19884.0,coinmetrics_community
stable_dai,2020-11-19,dai,7750.0,14639.0,18236.0,coinmetrics_community
stable_dai,2020-11-20,dai,7981.0,14438.0,18721.0,coinmetrics_community
stable_dai,2020-11-21,dai,7706.0,16269.0,20339.0,coinmetrics_community
stable_dai,2020-11-22,dai,7804.0,16517.0,21378.0,coinmetrics_community
stable_dai,2020-11-23,dai,7945.0,14369.0,18317.0,coinmetrics_community
stable_dai,2020-11-24,dai,8408.0,14569.0,17971.0,coinmetrics_community
stable_dai,2020-11-25,dai,7996.0,14077.0,17672.0,coinmetrics_community
stable_dai,2020-11-26,dai,9866.0,20452.0,27300.0,coinmetrics_community
stable_dai,2020-11-27,dai,7768.0,13041.0,16758.0,coinmetrics_community
stable_dai,2020-11-28,dai,7132.0,11883.0,15620.0,coinmetrics_community
stable_dai,2020-11-29,dai,6622.0,11728.0,15970.0,coinmetrics_community
stable_dai,2020-11-30,dai,10046.0,28061.0,33012.0,coinmetrics_community
stable_dai,2020-12-01,dai,9505.0,22184.0,26133.0,coinmetrics_community
stable_dai,2020-12-02,dai,8509.0,17858.0,21426.0,coinmetrics_community
stable_dai,2020-12-03,dai,8373.0,16819.0,20162.0,coinmetrics_community
stable_dai,2020-12-04,dai,8234.0,17593.0,21348.0,coinmetrics_community
stable_dai,2020-12-05,dai,8172.0,17337.0,21417.0,coinmetrics_community
stable_dai,2020-12-06,dai,7245.0,15888.0,19507.0,coinmetrics_community
stable_dai,2020-12-07,dai,7250.0,14589.0,18152.0,coinmetrics_community
stable_dai,2020-12-08,dai,6915.0,15840.0,19150.0,coinmetrics_community
stable_dai,2020-12-09,dai,8019.0,17174.0,21060.0,coinmetrics_community
stable_dai,2020-12-10,dai,7127.0,15731.0,19156.0,coinmetrics_community
stable_dai,2020-12-11,dai,7619.0,16589.0,19915.0,coinmetrics_community
stable_dai,2020-12-12,dai,9557.0,16876.0,20266.0,coinmetrics_community
stable_dai,2020-12-13,dai,7220.0,14288.0,17597.0,coinmetrics_community
stable_dai,2020-12-14,dai,7679.0,15131.0,18428.0,coinmetrics_community
stable_dai,2020-12-15,dai,8271.0,15719.0,19932.0,coinmetrics_community
stable_dai,2020-12-16,dai,9170.0,17949.0,23151.0,coinmetrics_community
stable_dai,2020-12-17,dai,9611.0,21473.0,29049.0,coinmetrics_community
stable_dai,2020-12-18,dai,9218.0,20883.0,26985.0,coinmetrics_community
stable_dai,2020-12-19,dai,10369.0,20833.0,26730.0,coinmetrics_community
stable_dai,2020-12-20,dai,8519.0,17302.0,22804.0,coinmetrics_community
stable_dai,2020-12-21,dai,8695.0,18288.0,23604.0,coinmetrics_community
stable_dai,2020-12-22,dai,8648.0,17168.0,22090.0,coinmetrics_community
stable_dai,2020-12-23,dai,9275.0,18666.0,22929.0,coinmetrics_community
stable_dai,2020-12-24,dai,9443.0,20626.0,25389.0,coinmetrics_community
stable_dai,2020-12-25,dai,9973.0,24723.0,33343.0,coinmetrics_community
stable_dai,2020-12-26,dai,12519.0,27177.0,36409.0,coinmetrics_community
stable_dai,2020-12-27,dai,12146.0,25505.0,35152.0,coinmetrics_community
stable_dai,2020-12-28,dai,12126.0,25145.0,33293.0,coinmetrics_community
stable_dai,2020-12-29,dai,12430.0,29757.0,37378.0,coinmetrics_community
stable_dai,2020-12-30,dai,12525.0,33545.0,40117.0,coinmetrics_community
stable_dai,2020-12-31,dai,14389.0,39493.0,47883.0,coinmetrics_community
stable_dai,2021-01-01,dai,12678.0,36786.0,44877.0,coinmetrics_community
stable_dai,2021-01-02,dai,14477.0,39469.0,47720.0,coinmetrics_community
stable_dai,2021-01-03,dai,12565.0,34378.0,41157.0,coinmetrics_community
stable_dai,2021-01-04,dai,12514.0,30536.0,36565.0,coinmetrics_community
stable_dai,2021-01-05,dai,12130.0,24522.0,29964.0,coinmetrics_community
stable_dai,2021-01-06,dai,13162.0,24763.0,30552.0,coinmetrics_community
stable_dai,2021-01-07,dai,12915.0,24083.0,29893.0,coinmetrics_community
stable_dai,2021-01-08,dai,12376.0,23187.0,28761.0,coinmetrics_community
stable_dai,2021-01-09,dai,11235.0,22665.0,27660.0,coinmetrics_community
stable_dai,2021-01-10,dai,11680.0,22467.0,28333.0,coinmetrics_community
stable_dai,2021-01-11,dai,12142.0,27495.0,35642.0,coinmetrics_community
stable_dai,2021-01-12,dai,12774.0,27901.0,33787.0,coinmetrics_community
stable_dai,2021-01-13,dai,11477.0,21852.0,27514.0,coinmetrics_community
stable_dai,2021-01-14,dai,11967.0,30653.0,36082.0,coinmetrics_community
stable_dai,2021-01-15,dai,11074.0,22564.0,27851.0,coinmetrics_community
stable_dai,2021-01-16,dai,10649.0,21515.0,26273.0,coinmetrics_community
stable_dai,2021-01-17,dai,10327.0,20513.0,25271.0,coinmetrics_community
stable_dai,2021-01-18,dai,10008.0,19051.0,22787.0,coinmetrics_community
stable_dai,2021-01-19,dai,10572.0,20022.0,25419.0,coinmetrics_community
stable_dai,2021-01-20,dai,9684.0,20088.0,25043.0,coinmetrics_community
stable_dai,2021-01-21,dai,10592.0,19968.0,25715.0,coinmetrics_community
stable_dai,2021-01-22,dai,9836.0,19203.0,24304.0,coinmetrics_community
stable_dai,2021-01-23,dai,9509.0,21171.0,26161.0,coinmetrics_community
stable_dai,2021-01-24,dai,9663.0,21780.0,27508.0,coinmetrics_community
stable_dai,2021-01-25,dai,10192.0,20780.0,26274.0,coinmetrics_community
stable_dai,2021-01-26,dai,9329.0,18288.0,23354.0,coinmetrics_community
stable_dai,2021-01-27,dai,9881.0,18153.0,23009.0,coinmetrics_community
stable_dai,2021-01-28,dai,10080.0,17212.0,21656.0,coinmetrics_community
stable_dai,2021-01-29,dai,9888.0,16596.0,20785.0,coinmetrics_community
stable_dai,2021-01-30,dai,9630.0,15786.0,19081.0,coinmetrics_community
stable_dai,2021-01-31,dai,9839.0,15877.0,19361.0,coinmetrics_community
stable_dai,2021-02-01,dai,9514.0,15022.0,17983.0,coinmetrics_community
stable_dai,2021-02-02,dai,9203.0,14472.0,18367.0,coinmetrics_community
stable_dai,2021-02-03,dai,9095.0,14273.0,17518.0,coinmetrics_community
stable_dai,2021-02-04,dai,8378.0,13225.0,16978.0,coinmetrics_community
stable_dai,2021-02-05,dai,8493.0,13288.0,16242.0,coinmetrics_community
stable_dai,2021-02-06,dai,8982.0,13325.0,16374.0,coinmetrics_community
stable_dai,2021-02-07,dai,9448.0,15262.0,18911.0,coinmetrics_community
stable_dai,2021-02-08,dai,10485.0,17144.0,21426.0,coinmetrics_community
stable_dai,2021-02-09,dai,10445.0,16897.0,21823.0,coinmetrics_community
stable_dai,2021-02-10,dai,11982.0,19469.0,25404.0,coinmetrics_community
stable_dai,2021-02-11,dai,11879.0,18513.0,24708.0,coinmetrics_community
stable_dai,2021-02-12,dai,10392.0,14980.0,18537.0,coinmetrics_community
stable_dai,2021-02-13,dai,9314.0,14113.0,17152.0,coinmetrics_community
stable_dai,2021-02-14,dai,8914.0,13751.0,17028.0,coinmetrics_community
stable_dai,2021-02-15,dai,7635.0,12464.0,15817.0,coinmetrics_community
stable_dai,2021-02-16,dai,9767.0,13856.0,16592.0,coinmetrics_community
stable_dai,2021-02-17,dai,8433.0,13069.0,16002.0,coinmetrics_community
stable_dai,2021-02-18,dai,9339.0,13551.0,16599.0,coinmetrics_community
stable_dai,2021-02-19,dai,9694.0,13625.0,16223.0,coinmetrics_community
stable_dai,2021-02-20,dai,9991.0,15317.0,18244.0,coinmetrics_community
stable_dai,2021-02-21,dai,9927.0,14949.0,18023.0,coinmetrics_community
stable_dai,2021-02-22,dai,10210.0,16537.0,21109.0,coinmetrics_community
stable_dai,2021-02-23,dai,12459.0,22943.0,29358.0,coinmetrics_community
stable_dai,2021-02-24,dai,12739.0,20534.0,26286.0,coinmetrics_community
stable_dai,2021-02-25,dai,10293.0,16439.0,21384.0,coinmetrics_community
stable_dai,2021-02-26,dai,11327.0,18156.0,23527.0,coinmetrics_community
stable_dai,2021-02-27,dai,11265.0,17766.0,23482.0,coinmetrics_community
stable_dai,2021-02-28,dai,10875.0,20471.0,26905.0,coinmetrics_community
stable_dai,2021-03-01,dai,10239.0,16536.0,21133.0,coinmetrics_community
stable_dai,2021-03-02,dai,9701.0,15865.0,19920.0,coinmetrics_community
stable_dai,2021-03-03,dai,9634.0,16516.0,22466.0,coinmetrics_community
stable_dai,2021-03-04,dai,9315.0,17145.0,22594.0,coinmetrics_community
stable_dai,2021-03-05,dai,8804.0,15631.0,19798.0,coinmetrics_community
stable_dai,2021-03-06,dai,7999.0,13688.0,17708.0,coinmetrics_community
stable_dai,2021-03-07,dai,7595.0,12422.0,16051.0,coinmetrics_community
stable_dai,2021-03-08,dai,8769.0,12577.0,17120.0,coinmetrics_community
stable_dai,2021-03-09,dai,8728.0,13937.0,17200.0,coinmetrics_community
stable_dai,2021-03-10,dai,8971.0,13920.0,18219.0,coinmetrics_community
stable_dai,2021-03-11,dai,8622.0,13939.0,17931.0,coinmetrics_community
stable_dai,2021-03-12,dai,7352.0,10981.0,13670.0,coinmetrics_community
stable_dai,2021-03-13,dai,7952.0,11762.0,15108.0,coinmetrics_community
stable_dai,2021-03-14,dai,7298.0,11121.0,13724.0,coinmetrics_community
stable_dai,2021-03-15,dai,7806.0,12810.0,15253.0,coinmetrics_community
stable_dai,2021-03-16,dai,8052.0,12237.0,14713.0,coinmetrics_community
stable_dai,2021-03-17,dai,7114.0,10642.0,12649.0,coinmetrics_community
stable_dai,2021-03-18,dai,7037.0,9961.0,11829.0,coinmetrics_community
stable_dai,2021-03-19,dai,7071.0,10021.0,12214.0,coinmetrics_community
stable_dai,2021-03-20,dai,7267.0,10547.0,13166.0,coinmetrics_community
stable_dai,2021-03-21,dai,9053.0,14131.0,17238.0,coinmetrics_community
stable_dai,2021-03-22,dai,7784.0,12204.0,14819.0,coinmetrics_community
stable_dai,2021-03-23,dai,8019.0,13704.0,16551.0,coinmetrics_community
stable_dai,2021-03-24,dai,7886.0,12910.0,16372.0,coinmetrics_community
stable_dai,2021-03-25,dai,8380.0,12512.0,16814.0,coinmetrics_community
stable_dai,2021-03-26,dai,7651.0,11516.0,14322.0,coinmetrics_community
stable_dai,2021-03-27,dai,7041.0,10935.0,13572.0,coinmetrics_community
stable_dai,2021-03-28,dai,6479.0,10108.0,12151.0,coinmetrics_community
stable_dai,2021-03-29,dai,7263.0,12254.0,15478.0,coinmetrics_community
stable_dai,2021-03-30,dai,7467.0,11253.0,14017.0,coinmetrics_community
stable_dai,2021-03-31,dai,6499.0,9619.0,11912.0,coinmetrics_community
stable_dai,2021-04-01,dai,6849.0,11051.0,13352.0,coinmetrics_community
stable_dai,2021-04-02,dai,7221.0,10860.0,13800.0,coinmetrics_community
stable_dai,2021-04-03,dai,6857.0,10832.0,13466.0,coinmetrics_community
stable_dai,2021-04-04,dai,6906.0,10978.0,14069.0,coinmetrics_community
stable_dai,2021-04-05,dai,6691.0,10828.0,13156.0,coinmetrics_community
stable_dai,2021-04-06,dai,8466.0,12915.0,15258.0,coinmetrics_community
stable_dai,2021-04-07,dai,7034.0,11461.0,13732.0,coinmetrics_community
stable_dai,2021-04-08,dai,8768.0,10800.0,14610.0,coinmetrics_community
stable_dai,2021-04-09,dai,7062.0,10248.0,12213.0,coinmetrics_community
stable_dai,2021-04-10,dai,8019.0,11666.0,15071.0,coinmetrics_community
stable_dai,2021-04-11,dai,7616.0,11328.0,13483.0,coinmetrics_community
stable_dai,2021-04-12,dai,7767.0,11312.0,13238.0,coinmetrics_community
stable_dai,2021-04-13,dai,8242.0,12417.0,15577.0,coinmetrics_community
stable_dai,2021-04-14,dai,7638.0,12098.0,15440.0,coinmetrics_community
stable_dai,2021-04-15,dai,8008.0,12463.0,16217.0,coinmetrics_community
stable_dai,2021-04-16,dai,7922.0,12314.0,14639.0,coinmetrics_community
stable_dai,2021-04-17,dai,7760.0,11406.0,13209.0,coinmetrics_community
stable_dai,2021-04-18,dai,8917.0,16113.0,20796.0,coinmetrics_community
stable_dai,2021-04-19,dai,7526.0,12077.0,14299.0,coinmetrics_community
stable_dai,2021-04-20,dai,7325.0,11445.0,13849.0,coinmetrics_community
stable_dai,2021-04-21,dai,8308.0,12812.0,15655.0,coinmetrics_community
stable_dai,2021-04-22,dai,9727.0,16655.0,21514.0,coinmetrics_community
stable_dai,2021-04-23,dai,10685.0,18823.0,24713.0,coinmetrics_community
stable_dai,2021-04-24,dai,9264.0,15282.0,18905.0,coinmetrics_community
stable_dai,2021-04-25,dai,9783.0,16336.0,20861.0,coinmetrics_community
stable_dai,2021-04-26,dai,9940.0,17287.0,22585.0,coinmetrics_community
stable_dai,2021-04-27,dai,10004.0,15984.0,20093.0,coinmetrics_community
stable_dai,2021-04-28,dai,9496.0,15588.0,19624.0,coinmetrics_community
stable_dai,2021-04-29,dai,10208.0,16464.0,19968.0,coinmetrics_community
stable_dai,2021-04-30,dai,8589.0,15668.0,18981.0,coinmetrics_community
stable_dai,2021-05-01,dai,9515.0,15624.0,20263.0,coinmetrics_community
stable_dai,2021-05-02,dai,8238.0,14348.0,17880.0,coinmetrics_community
stable_dai,2021-05-03,dai,9542.0,17629.0,23967.0,coinmetrics_community
stable_dai,2021-05-04,dai,9244.0,17713.0,23444.0,coinmetrics_community
stable_dai,2021-05-05,dai,9335.0,15887.0,20205.0,coinmetrics_community
stable_dai,2021-05-06,dai,9144.0,16410.0,20767.0,coinmetrics_community
stable_dai,2021-05-07,dai,8703.0,15946.0,19658.0,coinmetrics_community
stable_dai,2021-05-08,dai,7246.0,11615.0,15576.0,coinmetrics_community
stable_dai,2021-05-09,dai,8433.0,11832.0,16227.0,coinmetrics_community
stable_dai,2021-05-10,dai,6809.0,11311.0,14467.0,coinmetrics_community
stable_dai,2021-05-11,dai,5380.0,8551.0,10284.0,coinmetrics_community
stable_dai,2021-05-12,dai,5927.0,10230.0,13345.0,coinmetrics_community
stable_dai,2021-05-13,dai,9468.0,17266.0,22902.0,coinmetrics_community
stable_dai,2021-05-14,dai,7324.0,12329.0,15653.0,coinmetrics_community
stable_dai,2021-05-15,dai,7182.0,13087.0,16241.0,coinmetrics_community
stable_dai,2021-05-16,dai,8089.0,15318.0,20434.0,coinmetrics_community
stable_dai,2021-05-17,dai,8724.0,17430.0,23682.0,coinmetrics_community
stable_dai,2021-05-18,dai,7538.0,13638.0,17643.0,coinmetrics_community
stable_dai,2021-05-19,dai,11737.0,26690.0,39210.0,coinmetrics_community
stable_dai,2021-05-20,dai,10421.0,21670.0,31289.0,coinmetrics_community
stable_dai,2021-05-21,dai,9577.0,20366.0,28074.0,coinmetrics_community
stable_dai,2021-05-22,dai,8705.0,17744.0,24794.0,coinmetrics_community
stable_dai,2021-05-23,dai,9845.0,24221.0,35999.0,coinmetrics_community
stable_dai,2021-05-24,dai,9001.0,19600.0,29101.0,coinmetrics_community
stable_dai,2021-05-25,dai,8208.0,16700.0,22759.0,coinmetrics_community
stable_dai,2021-05-26,dai,8105.0,16050.0,22020.0,coinmetrics_community
stable_dai,2021-05-27,dai,7692.0,14571.0,19607.0,coinmetrics_community
stable_dai,2021-05-28,dai,7570.0,15808.0,21712.0,coinmetrics_community
stable_dai,2021-05-29,dai,8159.0,15644.0,21132.0,coinmetrics_community
stable_dai,2021-05-30,dai,7424.0,14628.0,19773.0,coinmetrics_community
stable_dai,2021-05-31,dai,9265.0,16204.0,20971.0,coinmetrics_community
stable_dai,2021-06-01,dai,10035.0,16988.0,21630.0,coinmetrics_community
stable_dai,2021-06-02,dai,11291.0,17126.0,22145.0,coinmetrics_community
stable_dai,2021-06-03,dai,12997.0,19552.0,23897.0,coinmetrics_community
stable_dai,2021-06-04,dai,7076.0,14034.0,18818.0,coinmetrics_community
stable_dai,2021-06-05,dai,7584.0,13564.0,18203.0,coinmetrics_community
stable_dai,2021-06-06,dai,8476.0,13559.0,17378.0,coinmetrics_community
stable_dai,2021-06-07,dai,7946.0,14581.0,19295.0,coinmetrics_community
stable_dai,2021-06-08,dai,8010.0,17258.0,24160.0,coinmetrics_community
stable_dai,2021-06-09,dai,7178.0,14331.0,19237.0,coinmetrics_community
stable_dai,2021-06-10,dai,7859.0,14605.0,19089.0,coinmetrics_community
stable_dai,2021-06-11,dai,6965.0,13971.0,19024.0,coinmetrics_community
stable_dai,2021-06-12,dai,8423.0,14852.0,20589.0,coinmetrics_community
stable_dai,2021-06-13,dai,8066.0,14927.0,20119.0,coinmetrics_community
stable_dai,2021-06-14,dai,7191.0,13975.0,18867.0,coinmetrics_community
stable_dai,2021-06-15,dai,7226.0,13649.0,18553.0,coinmetrics_community
stable_dai,2021-06-16,dai,7521.0,13498.0,19375.0,coinmetrics_community
stable_dai,2021-06-17,dai,7964.0,13846.0,21216.0,coinmetrics_community
stable_dai,2021-06-18,dai,7622.0,14947.0,22972.0,coinmetrics_community
stable_dai,2021-06-19,dai,6869.0,13166.0,19180.0,coinmetrics_community
stable_dai,2021-06-20,dai,7673.0,15583.0,23105.0,coinmetrics_community
stable_dai,2021-06-21,dai,8473.0,21450.0,30887.0,coinmetrics_community
stable_dai,2021-06-22,dai,9161.0,21571.0,30136.0,coinmetrics_community
stable_dai,2021-06-23,dai,8851.0,17744.0,26299.0,coinmetrics_community
stable_dai,2021-06-24,dai,8208.0,15345.0,21466.0,coinmetrics_community
stable_dai,2021-06-25,dai,7086.0,14841.0,21673.0,coinmetrics_community
stable_dai,2021-06-26,dai,8657.0,17459.0,25319.0,coinmetrics_community
stable_dai,2021-06-27,dai,7772.0,15033.0,21971.0,coinmetrics_community
stable_dai,2021-06-28,dai,7272.0,15027.0,22551.0,coinmetrics_community
stable_dai,2021-06-29,dai,9060.0,16723.0,24884.0,coinmetrics_community
stable_dai,2021-06-30,dai,8186.0,16259.0,24778.0,coinmetrics_community
stable_dai,2021-07-01,dai,8217.0,16478.0,26095.0,coinmetrics_community
stable_dai,2021-07-02,dai,7461.0,14568.0,19910.0,coinmetrics_community
stable_dai,2021-07-03,dai,5999.0,13059.0,18143.0,coinmetrics_community
stable_dai,2021-07-04,dai,6371.0,12868.0,18357.0,coinmetrics_community
stable_dai,2021-07-05,dai,7204.0,13790.0,18408.0,coinmetrics_community
stable_dai,2021-07-06,dai,5576.0,10622.0,13604.0,coinmetrics_community
stable_dai,2021-07-07,dai,5923.0,10480.0,13307.0,coinmetrics_community
stable_dai,2021-07-08,dai,5928.0,10899.0,14672.0,coinmetrics_community
stable_dai,2021-07-09,dai,7269.0,11085.0,16513.0,coinmetrics_community
stable_dai,2021-07-10,dai,4889.0,10700.0,14354.0,coinmetrics_community
stable_dai,2021-07-11,dai,4822.0,9848.0,13347.0,coinmetrics_community
stable_dai,2021-07-12,dai,5566.0,10883.0,14603.0,coinmetrics_community
stable_dai,2021-07-13,dai,5424.0,11745.0,15911.0,coinmetrics_community
stable_dai,2021-07-14,dai,5549.0,11575.0,15198.0,coinmetrics_community
stable_dai,2021-07-15,dai,5156.0,11287.0,14920.0,coinmetrics_community
stable_dai,2021-07-16,dai,4998.0,10486.0,13845.0,coinmetrics_community
stable_dai,2021-07-17,dai,4966.0,10478.0,13627.0,coinmetrics_community
stable_dai,2021-07-18,dai,5196.0,10327.0,13633.0,coinmetrics_community
stable_dai,2021-07-19,dai,5993.0,12446.0,16327.0,coinmetrics_community
stable_dai,2021-07-20,dai,6897.0,14637.0,19865.0,coinmetrics_community
stable_dai,2021-07-21,dai,8000.0,15603.0,20915.0,coinmetrics_community
stable_dai,2021-07-22,dai,5799.0,11708.0,15020.0,coinmetrics_community
stable_dai,2021-07-23,dai,6284.0,11854.0,15810.0,coinmetrics_community
stable_dai,2021-07-24,dai,6692.0,11935.0,16276.0,coinmetrics_community
stable_dai,2021-07-25,dai,4960.0,9888.0,12748.0,coinmetrics_community
stable_dai,2021-07-26,dai,7386.0,15721.0,22342.0,coinmetrics_community
stable_dai,2021-07-27,dai,5537.0,12706.0,16751.0,coinmetrics_community
stable_dai,2021-07-28,dai,5276.0,11245.0,14350.0,coinmetrics_community
stable_dai,2021-07-29,dai,5801.0,11639.0,14543.0,coinmetrics_community
stable_dai,2021-07-30,dai,5750.0,12493.0,16100.0,coinmetrics_community
stable_dai,2021-07-31,dai,5662.0,11645.0,14776.0,coinmetrics_community
stable_dai,2021-08-01,dai,5669.0,11348.0,15512.0,coinmetrics_community
stable_dai,2021-08-02,dai,7082.0,12745.0,16218.0,coinmetrics_community
stable_dai,2021-08-03,dai,5431.0,11130.0,14346.0,coinmetrics_community
stable_dai,2021-08-04,dai,6574.0,12819.0,17015.0,coinmetrics_community
stable_dai,2021-08-05,dai,5006.0,10308.0,13978.0,coinmetrics_community
stable_dai,2021-08-06,dai,5552.0,10531.0,13933.0,coinmetrics_community
stable_dai,2021-08-07,dai,5276.0,11507.0,15579.0,coinmetrics_community
stable_dai,2021-08-08,dai,5374.0,10762.0,14282.0,coinmetrics_community
stable_dai,2021-08-09,dai,5645.0,11313.0,15299.0,coinmetrics_community
stable_dai,2021-08-10,dai,5835.0,10649.0,13591.0,coinmetrics_community
stable_dai,2021-08-11,dai,6264.0,11302.0,14623.0,coinmetrics_community
stable_dai,2021-08-12,dai,5716.0,10823.0,14246.0,coinmetrics_community
stable_dai,2021-08-13,dai,7299.0,11669.0,14741.0,coinmetrics_community
stable_dai,2021-08-14,dai,7142.0,12041.0,14542.0,coinmetrics_community
stable_dai,2021-08-15,dai,4760.0,9678.0,12178.0,coinmetrics_community
stable_dai,2021-08-16,dai,5922.0,11121.0,13812.0,coinmetrics_community
stable_dai,2021-08-17,dai,5986.0,13020.0,16182.0,coinmetrics_community
stable_dai,2021-08-18,dai,5982.0,12810.0,16419.0,coinmetrics_community
stable_dai,2021-08-19,dai,6228.0,11995.0,15207.0,coinmetrics_community
stable_dai,2021-08-20,dai,6147.0,11613.0,14607.0,coinmetrics_community
stable_dai,2021-08-21,dai,5583.0,11600.0,14456.0,coinmetrics_community
stable_dai,2021-08-22,dai,5191.0,15360.0,18065.0,coinmetrics_community
stable_dai,2021-08-23,dai,5427.0,10567.0,13360.0,coinmetrics_community
stable_dai,2021-08-24,dai,4827.0,9375.0,11717.0,coinmetrics_community
stable_dai,2021-08-25,dai,4548.0,8632.0,10807.0,coinmetrics_community
stable_dai,2021-08-26,dai,4538.0,8551.0,10909.0,coinmetrics_community
stable_dai,2021-08-27,dai,4187.0,7428.0,9360.0,coinmetrics_community
stable_dai,2021-08-28,dai,4284.0,7086.0,8721.0,coinmetrics_community
stable_dai,2021-08-29,dai,3937.0,7082.0,9081.0,coinmetrics_community
stable_dai,2021-08-30,dai,4461.0,8068.0,10041.0,coinmetrics_community
stable_dai,2021-08-31,dai,4841.0,8818.0,11194.0,coinmetrics_community
stable_dai,2021-09-01,dai,5119.0,8816.0,11666.0,coinmetrics_community
stable_dai,2021-09-02,dai,5160.0,8526.0,10587.0,coinmetrics_community
stable_dai,2021-09-03,dai,4544.0,7352.0,9263.0,coinmetrics_community
stable_dai,2021-09-04,dai,3837.0,6358.0,7746.0,coinmetrics_community
stable_dai,2021-09-05,dai,3881.0,6482.0,7902.0,coinmetrics_community
stable_dai,2021-09-06,dai,4593.0,7748.0,9585.0,coinmetrics_community
stable_dai,2021-09-07,dai,5957.0,11063.0,14256.0,coinmetrics_community
stable_dai,2021-09-08,dai,5317.0,9617.0,12276.0,coinmetrics_community
stable_dai,2021-09-09,dai,5126.0,7870.0,9826.0,coinmetrics_community
stable_dai,2021-09-10,dai,5700.0,9820.0,12851.0,coinmetrics_community
stable_dai,2021-09-11,dai,5956.0,10145.0,13045.0,coinmetrics_community
stable_dai,2021-09-12,dai,5530.0,9700.0,12899.0,coinmetrics_community
stable_dai,2021-09-13,dai,5744.0,10234.0,13023.0,coinmetrics_community
stable_dai,2021-09-14,dai,5878.0,10036.0,12874.0,coinmetrics_community
stable_dai,2021-09-15,dai,5480.0,9499.0,12198.0,coinmetrics_community
stable_dai,2021-09-16,dai,5373.0,9169.0,12158.0,coinmetrics_community
stable_dai,2021-09-17,dai,5222.0,8709.0,11236.0,coinmetrics_community
stable_dai,2021-09-18,dai,5295.0,9232.0,12055.0,coinmetrics_community
stable_dai,2021-09-19,dai,5211.0,9637.0,12968.0,coinmetrics_community
stable_dai,2021-09-20,dai,6648.0,13215.0,17546.0,coinmetrics_community
stable_dai,2021-09-21,dai,6465.0,12571.0,16752.0,coinmetrics_community
stable_dai,2021-09-22,dai,6858.0,12288.0,16887.0,coinmetrics_community
stable_dai,2021-09-23,dai,6016.0,10757.0,15408.0,coinmetrics_community
stable_dai,2021-09-24,dai,5171.0,10635.0,13812.0,coinmetrics_community
stable_dai,2021-09-25,dai,4767.0,9008.0,11589.0,coinmetrics_community
stable_dai,2021-09-26,dai,4024.0,8015.0,10698.0,coinmetrics_community
stable_dai,2021-09-27,dai,4367.0,7785.0,9696.0,coinmetrics_community
stable_dai,2021-09-28,dai,4432.0,7958.0,9802.0,coinmetrics_community
stable_dai,2021-09-29,dai,4816.0,8806.0,10899.0,coinmetrics_community
stable_dai,2021-09-30,dai,4857.0,8938.0,10941.0,coinmetrics_community
stable_dai,2021-10-01,dai,5560.0,10562.0,13541.0,coinmetrics_community
stable_dai,2021-10-02,dai,5148.0,9217.0,11922.0,coinmetrics_community
stable_dai,2021-10-03,dai,4988.0,8874.0,11144.0,coinmetrics_community
stable_dai,2021-10-04,dai,5331.0,9319.0,11480.0,coinmetrics_community
stable_dai,2021-10-05,dai,5178.0,9041.0,10868.0,coinmetrics_community
stable_dai,2021-10-06,dai,4742.0,8624.0,10579.0,coinmetrics_community
stable_dai,2021-10-07,dai,4894.0,9101.0,10764.0,coinmetrics_community
stable_dai,2021-10-08,dai,4836.0,8500.0,10033.0,coinmetrics_community
stable_dai,2021-10-09,dai,5480.0,9930.0,11848.0,coinmetrics_community
stable_dai,2021-10-10,dai,4915.0,9383.0,11377.0,coinmetrics_community
stable_dai,2021-10-11,dai,5196.0,10620.0,13147.0,coinmetrics_community
stable_dai,2021-10-12,dai,5579.0,10815.0,13003.0,coinmetrics_community
stable_dai,2021-10-13,dai,4835.0,9676.0,11526.0,coinmetrics_community
stable_dai,2021-10-14,dai,4907.0,9751.0,12102.0,coinmetrics_community
stable_dai,2021-10-15,dai,6089.0,16441.0,19975.0,coinmetrics_community
stable_dai,2021-10-16,dai,5053.0,9742.0,12247.0,coinmetrics_community
stable_dai,2021-10-17,dai,4845.0,10175.0,12684.0,coinmetrics_community
stable_dai,2021-10-18,dai,5583.0,11192.0,13571.0,coinmetrics_community
stable_dai,2021-10-19,dai,5624.0,11135.0,13725.0,coinmetrics_community
stable_dai,2021-10-20,dai,6719.0,14252.0,17852.0,coinmetrics_community
stable_dai,2021-10-21,dai,5906.0,11790.0,15041.0,coinmetrics_community
stable_dai,2021-10-22,dai,5471.0,10512.0,12802.0,coinmetrics_community
stable_dai,2021-10-23,dai,4942.0,10235.0,12580.0,coinmetrics_community
stable_dai,2021-10-24,dai,4833.0,9881.0,12003.0,coinmetrics_community
stable_dai,2021-10-25,dai,5254.0,10124.0,12211.0,coinmetrics_community
stable_dai,2021-10-26,dai,5456.0,11310.0,13575.0,coinmetrics_community
stable_dai,2021-10-27,dai,5104.0,9681.0,11817.0,coinmetrics_community
stable_dai,2021-10-28,dai,5092.0,9304.0,11260.0,coinmetrics_community
stable_dai,2021-10-29,dai,5331.0,9080.0,11579.0,coinmetrics_community
stable_dai,2021-10-30,dai,4688.0,7531.0,9216.0,coinmetrics_community
stable_dai,2021-10-31,dai,4476.0,8060.0,9797.0,coinmetrics_community
stable_dai,2021-11-01,dai,5034.0,8244.0,9966.0,coinmetrics_community
stable_dai,2021-11-02,dai,5524.0,8872.0,10827.0,coinmetrics_community
stable_dai,2021-11-03,dai,5683.0,9543.0,11820.0,coinmetrics_community
stable_dai,2021-11-04,dai,6170.0,10194.0,12375.0,coinmetrics_community
stable_dai,2021-11-05,dai,5586.0,9174.0,10983.0,coinmetrics_community
stable_dai,2021-11-06,dai,5125.0,8804.0,10570.0,coinmetrics_community
stable_dai,2021-11-07,dai,5322.0,9008.0,11205.0,coinmetrics_community
stable_dai,2021-11-08,dai,5910.0,9558.0,11940.0,coinmetrics_community
stable_dai,2021-11-09,dai,5141.0,8133.0,9829.0,coinmetrics_community
stable_dai,2021-11-10,dai,5656.0,9685.0,11936.0,coinmetrics_community
stable_dai,2021-11-11,dai,5165.0,8141.0,10194.0,coinmetrics_community
stable_dai,2021-11-12,dai,4898.0,8515.0,10226.0,coinmetrics_community
stable_dai,2021-11-13,dai,4554.0,7189.0,8935.0,coinmetrics_community
stable_dai,2021-11-14,dai,4895.0,8121.0,10253.0,coinmetrics_community
stable_dai,2021-11-15,dai,5050.0,8228.0,9933.0,coinmetrics_community
stable_dai,2021-11-16,dai,6432.0,11948.0,15101.0,coinmetrics_community
stable_dai,2021-11-17,dai,5905.0,10729.0,13652.0,coinmetrics_community
stable_dai,2021-11-18,dai,5727.0,10300.0,13034.0,coinmetrics_community
stable_dai,2021-11-19,dai,5968.0,10011.0,12213.0,coinmetrics_community
stable_dai,2021-11-20,dai,5047.0,8566.0,11052.0,coinmetrics_community
stable_dai,2021-11-21,dai,5359.0,9134.0,11218.0,coinmetrics_community
stable_dai,2021-11-22,dai,4747.0,8935.0,10890.0,coinmetrics_community
stable_dai,2021-11-23,dai,5052.0,9275.0,11163.0,coinmetrics_community
stable_dai,2021-11-24,dai,5532.0,9752.0,11683.0,coinmetrics_community
stable_dai,2021-11-25,dai,5283.0,9372.0,11571.0,coinmetrics_community
stable_dai,2021-11-26,dai,6128.0,11734.0,14861.0,coinmetrics_community
stable_dai,2021-11-27,dai,4917.0,8596.0,10517.0,coinmetrics_community
stable_dai,2021-11-28,dai,4800.0,8260.0,10560.0,coinmetrics_community
stable_dai,2021-11-29,dai,6067.0,10196.0,12161.0,coinmetrics_community
stable_dai,2021-11-30,dai,8818.0,15032.0,18125.0,coinmetrics_community
stable_dai,2021-12-01,dai,6379.0,10213.0,12351.0,coinmetrics_community
stable_dai,2021-12-02,dai,6292.0,10303.0,12602.0,coinmetrics_community
stable_dai,2021-12-03,dai,6080.0,10694.0,13649.0,coinmetrics_community
stable_dai,2021-12-04,dai,7091.0,13989.0,18519.0,coinmetrics_community
stable_dai,2021-12-05,dai,5120.0,9175.0,11677.0,coinmetrics_community
stable_dai,2021-12-06,dai,5829.0,11040.0,14155.0,coinmetrics_community
stable_dai,2021-12-07,dai,5193.0,8337.0,10423.0,coinmetrics_community
stable_dai,2021-12-08,dai,5315.0,9236.0,11568.0,coinmetrics_community
stable_dai,2021-12-09,dai,5190.0,8892.0,11442.0,coinmetrics_community
stable_dai,2021-12-10,dai,5374.0,9878.0,12922.0,coinmetrics_community
stable_dai,2021-12-11,dai,4925.0,8578.0,10874.0,coinmetrics_community
stable_dai,2021-12-12,dai,5200.0,8462.0,11055.0,coinmetrics_community
stable_dai,2021-12-13,dai,6289.0,10960.0,14265.0,coinmetrics_community
stable_dai,2021-12-14,dai,6133.0,10613.0,13586.0,coinmetrics_community
stable_dai,2021-12-15,dai,5939.0,10393.0,13142.0,coinmetrics_community
stable_dai,2021-12-16,dai,5551.0,8825.0,11113.0,coinmetrics_community
stable_dai,2021-12-17,dai,5535.0,9854.0,12333.0,coinmetrics_community
stable_dai,2021-12-18,dai,4652.0,8848.0,11524.0,coinmetrics_community
stable_dai,2021-12-19,dai,4140.0,7765.0,9924.0,coinmetrics_community
stable_dai,2021-12-20,dai,4664.0,8667.0,11301.0,coinmetrics_community
stable_dai,2021-12-21,dai,4864.0,8484.0,10884.0,coinmetrics_community
stable_dai,2021-12-22,dai,4398.0,7127.0,8903.0,coinmetrics_community
stable_dai,2021-12-23,dai,4238.0,7471.0,9608.0,coinmetrics_community
stable_dai,2021-12-24,dai,4654.0,7295.0,9171.0,coinmetrics_community
stable_dai,2021-12-25,dai,3341.0,5066.0,6215.0,coinmetrics_community
stable_dai,2021-12-26,dai,4234.0,6468.0,8164.0,coinmetrics_community
stable_dai,2021-12-27,dai,4394.0,6522.0,8028.0,coinmetrics_community
stable_dai,2021-12-28,dai,5016.0,7865.0,9515.0,coinmetrics_community
stable_dai,2021-12-29,dai,3807.0,5931.0,7439.0,coinmetrics_community
stable_dai,2021-12-30,dai,4376.0,6945.0,8848.0,coinmetrics_community
stable_dai,2021-12-31,dai,4210.0,6699.0,8580.0,coinmetrics_community
stable_dai,2022-01-01,dai,3426.0,5611.0,7237.0,coinmetrics_community
stable_dai,2022-01-02,dai,3312.0,5154.0,6559.0,coinmetrics_community
stable_dai,2022-01-03,dai,4114.0,6306.0,7773.0,coinmetrics_community
stable_dai,2022-01-04,dai,3754.0,5758.0,6992.0,coinmetrics_community
stable_dai,2022-01-05,dai,4141.0,6998.0,8906.0,coinmetrics_community
stable_dai,2022-01-06,dai,4911.0,8219.0,11093.0,coinmetrics_community
stable_dai,2022-01-07,dai,4770.0,8789.0,12105.0,coinmetrics_community
stable_dai,2022-01-08,dai,4261.0,7122.0,9457.0,coinmetrics_community
stable_dai,2022-01-09,dai,3132.0,4804.0,5944.0,coinmetrics_community
stable_dai,2022-01-10,dai,3733.0,6859.0,9273.0,coinmetrics_community
stable_dai,2022-01-11,dai,3630.0,5650.0,7067.0,coinmetrics_community
stable_dai,2022-01-12,dai,3705.0,5374.0,6894.0,coinmetrics_community
stable_dai,2022-01-13,dai,3351.0,5407.0,6636.0,coinmetrics_community
stable_dai,2022-01-14,dai,3327.0,5268.0,6427.0,coinmetrics_community
stable_dai,2022-01-15,dai,3148.0,4717.0,5892.0,coinmetrics_community
stable_dai,2022-01-16,dai,3097.0,5048.0,6240.0,coinmetrics_community
stable_dai,2022-01-17,dai,4332.0,8354.0,11256.0,coinmetrics_community
stable_dai,2022-01-18,dai,4230.0,7368.0,9499.0,coinmetrics_community
stable_dai,2022-01-19,dai,4297.0,6994.0,8808.0,coinmetrics_community
stable_dai,2022-01-20,dai,3867.0,6488.0,8293.0,coinmetrics_community
stable_dai,2022-01-21,dai,5652.0,11453.0,16699.0,coinmetrics_community
stable_dai,2022-01-22,dai,6868.0,13975.0,19495.0,coinmetrics_community
stable_dai,2022-01-23,dai,4174.0,6803.0,8672.0,coinmetrics_community
stable_dai,2022-01-24,dai,5511.0,10429.0,14806.0,coinmetrics_community
stable_dai,2022-01-25,dai,4248.0,6677.0,8341.0,coinmetrics_community
stable_dai,2022-01-26,dai,4092.0,6910.0,9159.0,coinmetrics_community
stable_dai,2022-01-27,dai,3764.0,6322.0,8364.0,coinmetrics_community
stable_dai,2022-01-28,dai,3688.0,6024.0,8452.0,coinmetrics_community
stable_dai,2022-01-29,dai,3314.0,4910.0,6387.0,coinmetrics_community
stable_dai,2022-01-30,dai,3123.0,4604.0,5890.0,coinmetrics_community
stable_dai,2022-01-31,dai,4038.0,5812.0,7185.0,coinmetrics_community
stable_dai,2022-02-01,dai,3797.0,5344.0,6947.0,coinmetrics_community
stable_dai,2022-02-02,dai,3625.0,5631.0,7062.0,coinmetrics_community
stable_dai,2022-02-03,dai,4063.0,5973.0,7386.0,coinmetrics_community
stable_dai,2022-02-04,dai,4544.0,7297.0,9540.0,coinmetrics_community
stable_dai,2022-02-05,dai,4970.0,7905.0,9736.0,coinmetrics_community
stable_dai,2022-02-06,dai,3797.0,6025.0,7542.0,coinmetrics_community
stable_dai,2022-02-07,dai,4042.0,6693.0,8626.0,coinmetrics_community
stable_dai,2022-02-08,dai,4059.0,7007.0,8968.0,coinmetrics_community
stable_dai,2022-02-09,dai,4014.0,6684.0,8412.0,coinmetrics_community
stable_dai,2022-02-10,dai,3556.0,6201.0,7988.0,coinmetrics_community
stable_dai,2022-02-11,dai,5414.0,8727.0,10801.0,coinmetrics_community
stable_dai,2022-02-12,dai,4116.0,7150.0,8832.0,coinmetrics_community
stable_dai,2022-02-13,dai,3525.0,5521.0,6950.0,coinmetrics_community
stable_dai,2022-02-14,dai,3736.0,5988.0,7474.0,coinmetrics_community
stable_dai,2022-02-15,dai,3704.0,5745.0,7234.0,coinmetrics_community
stable_dai,2022-02-16,dai,3305.0,5273.0,6568.0,coinmetrics_community
stable_dai,2022-02-17,dai,3661.0,6322.0,7859.0,coinmetrics_community
stable_dai,2022-02-18,dai,3503.0,5605.0,7122.0,coinmetrics_community
stable_dai,2022-02-19,dai,3341.0,5489.0,6948.0,coinmetrics_community
stable_dai,2022-02-20,dai,3864.0,6981.0,9071.0,coinmetrics_community
stable_dai,2022-02-21,dai,3587.0,6718.0,8615.0,coinmetrics_community
stable_dai,2022-02-22,dai,3808.0,6873.0,8727.0,coinmetrics_community
stable_dai,2022-02-23,dai,3570.0,5969.0,7401.0,coinmetrics_community
stable_dai,2022-02-24,dai,5378.0,11085.0,15450.0,coinmetrics_community
stable_dai,2022-02-25,dai,4279.0,7180.0,9220.0,coinmetrics_community
stable_dai,2022-02-26,dai,3612.0,5682.0,7299.0,coinmetrics_community
stable_dai,2022-02-27,dai,3800.0,7005.0,8864.0,coinmetrics_community
stable_dai,2022-02-28,dai,4077.0,7288.0,9098.0,coinmetrics_community
stable_dai,2022-03-01,dai,4519.0,7398.0,9654.0,coinmetrics_community
stable_dai,2022-03-02,dai,4336.0,6979.0,8672.0,coinmetrics_community
stable_dai,2022-03-03,dai,4125.0,6333.0,7890.0,coinmetrics_community
stable_dai,2022-03-04,dai,4680.0,7614.0,10124.0,coinmetrics_community
stable_dai,2022-03-05,dai,4346.0,6486.0,8130.0,coinmetrics_community
stable_dai,2022-03-06,dai,4394.0,6949.0,8776.0,coinmetrics_community
stable_dai,2022-03-07,dai,5912.0,9714.0,12276.0,coinmetrics_community
stable_dai,2022-03-08,dai,6133.0,10000.0,11964.0,coinmetrics_community
stable_dai,2022-03-09,dai,5960.0,8961.0,11212.0,coinmetrics_community
stable_dai,2022-03-10,dai,5368.0,8155.0,10035.0,coinmetrics_community
stable_dai,2022-03-11,dai,4710.0,7716.0,9732.0,coinmetrics_community
stable_dai,2022-03-12,dai,5018.0,6951.0,8705.0,coinmetrics_community
stable_dai,2022-03-13,dai,4155.0,6175.0,8023.0,coinmetrics_community
stable_dai,2022-03-14,dai,4841.0,7316.0,9288.0,coinmetrics_community
stable_dai,2022-03-15,dai,4669.0,7581.0,9548.0,coinmetrics_community
stable_dai,2022-03-16,dai,4368.0,7272.0,9372.0,coinmetrics_community
stable_dai,2022-03-17,dai,4083.0,5964.0,7979.0,coinmetrics_community
stable_dai,2022-03-18,dai,4254.0,7137.0,9158.0,coinmetrics_community
stable_dai,2022-03-19,dai,4171.0,6236.0,7984.0,coinmetrics_community
stable_dai,2022-03-20,dai,4111.0,6172.0,8228.0,coinmetrics_community
stable_dai,2022-03-21,dai,4322.0,6412.0,8246.0,coinmetrics_community
stable_dai,2022-03-22,dai,4884.0,7056.0,9237.0,coinmetrics_community
stable_dai,2022-03-23,dai,4404.0,6652.0,9020.0,coinmetrics_community
stable_dai,2022-03-24,dai,4464.0,6957.0,9607.0,coinmetrics_community
stable_dai,2022-03-25,dai,4242.0,6666.0,8561.0,coinmetrics_community
stable_dai,2022-03-26,dai,3395.0,5107.0,6582.0,coinmetrics_community
stable_dai,2022-03-27,dai,3932.0,5719.0,7889.0,coinmetrics_community
stable_dai,2022-03-28,dai,5188.0,8410.0,11285.0,coinmetrics_community
stable_dai,2022-03-29,dai,5090.0,7782.0,10025.0,coinmetrics_community
stable_dai,2022-03-30,dai,4799.0,7127.0,9099.0,coinmetrics_community
stable_dai,2022-03-31,dai,4652.0,6892.0,8909.0,coinmetrics_community
stable_dai,2022-04-01,dai,4714.0,7781.0,9817.0,coinmetrics_community
stable_dai,2022-04-02,dai,4131.0,6721.0,8983.0,coinmetrics_community
stable_dai,2022-04-03,dai,3553.0,5621.0,7115.0,coinmetrics_community
stable_dai,2022-04-04,dai,4131.0,6456.0,8325.0,coinmetrics_community
stable_dai,2022-04-05,dai,3835.0,5805.0,7316.0,coinmetrics_community
stable_dai,2022-04-06,dai,4451.0,7725.0,10078.0,coinmetrics_community
stable_dai,2022-04-07,dai,3810.0,5887.0,7454.0,coinmetrics_community
stable_dai,2022-04-08,dai,3728.0,5730.0,7356.0,coinmetrics_community
stable_dai,2022-04-09,dai,3454.0,5181.0,6726.0,coinmetrics_community
stable_dai,2022-04-10,dai,3486.0,5268.0,7061.0,coinmetrics_community
stable_dai,2022-04-11,dai,4386.0,7811.0,10538.0,coinmetrics_community
stable_dai,2022-04-12,dai,4110.0,6663.0,8351.0,coinmetrics_community
stable_dai,2022-04-13,dai,3820.0,5983.0,7615.0,coinmetrics_community
stable_dai,2022-04-14,dai,3874.0,5536.0,7213.0,coinmetrics_community
stable_dai,2022-04-15,dai,3564.0,5093.0,6323.0,coinmetrics_community
stable_dai,2022-04-16,dai,3563.0,5129.0,6546.0,coinmetrics_community
stable_dai,2022-04-17,dai,3679.0,5745.0,7917.0,coinmetrics_community
stable_dai,2022-04-18,dai,5007.0,7556.0,10110.0,coinmetrics_community
stable_dai,2022-04-19,dai,4092.0,5927.0,7347.0,coinmetrics_community
stable_dai,2022-04-20,dai,3643.0,5775.0,7327.0,coinmetrics_community
stable_dai,2022-04-21,dai,3764.0,6105.0,7725.0,coinmetrics_community
stable_dai,2022-04-22,dai,3734.0,5584.0,7023.0,coinmetrics_community
stable_dai,2022-04-23,dai,3327.0,4548.0,5886.0,coinmetrics_community
stable_dai,2022-04-24,dai,3143.0,4227.0,5365.0,coinmetrics_community
stable_dai,2022-04-25,dai,4053.0,5884.0,7914.0,coinmetrics_community
stable_dai,2022-04-26,dai,3976.0,5850.0,7413.0,coinmetrics_community
stable_dai,2022-04-27,dai,4015.0,5723.0,7319.0,coinmetrics_community
stable_dai,2022-04-28,dai,3525.0,5259.0,6677.0,coinmetrics_community
stable_dai,2022-04-29,dai,3878.0,5757.0,7407.0,coinmetrics_community
stable_dai,2022-04-30,dai,3545.0,5301.0,7350.0,coinmetrics_community
stable_dai,2022-05-01,dai,3457.0,4778.0,6005.0,coinmetrics_community
stable_dai,2022-05-02,dai,3526.0,4785.0,6021.0,coinmetrics_community
stable_dai,2022-05-03,dai,3439.0,4572.0,5712.0,coinmetrics_community
stable_dai,2022-05-04,dai,3911.0,5546.0,6995.0,coinmetrics_community
stable_dai,2022-05-05,dai,3967.0,5777.0,7494.0,coinmetrics_community
stable_dai,2022-05-06,dai,4091.0,6203.0,8392.0,coinmetrics_community
stable_dai,2022-05-07,dai,3707.0,5579.0,7661.0,coinmetrics_community
stable_dai,2022-05-08,dai,4595.0,7931.0,11376.0,coinmetrics_community
stable_dai,2022-05-09,dai,6509.0,12546.0,18988.0,coinmetrics_community
stable_dai,2022-05-10,dai,5820.0,10835.0,17259.0,coinmetrics_community
stable_dai,2022-05-11,dai,7493.0,14543.0,22980.0,coinmetrics_community
stable_dai,2022-05-12,dai,9973.0,18955.0,28673.0,coinmetrics_community
stable_dai,2022-05-13,dai,6478.0,11154.0,15257.0,coinmetrics_community
stable_dai,2022-05-14,dai,4962.0,8305.0,11175.0,coinmetrics_community
stable_dai,2022-05-15,dai,5176.0,8290.0,11046.0,coinmetrics_community
stable_dai,2022-05-16,dai,5257.0,8651.0,11258.0,coinmetrics_community
stable_dai,2022-05-17,dai,4165.0,7366.0,9319.0,coinmetrics_community
stable_dai,2022-05-18,dai,4503.0,7632.0,10067.0,coinmetrics_community
stable_dai,2022-05-19,dai,4561.0,7709.0,10094.0,coinmetrics_community
stable_dai,2022-05-20,dai,4206.0,6783.0,8964.0,coinmetrics_community
stable_dai,2022-05-21,dai,3368.0,4834.0,6330.0,coinmetrics_community
stable_dai,2022-05-22,dai,3344.0,4947.0,6568.0,coinmetrics_community
stable_dai,2022-05-23,dai,3901.0,6629.0,8787.0,coinmetrics_community
stable_dai,2022-05-24,dai,3606.0,5646.0,7583.0,coinmetrics_community
stable_dai,2022-05-25,dai,3406.0,5286.0,6895.0,coinmetrics_community
stable_dai,2022-05-26,dai,3942.0,6878.0,9646.0,coinmetrics_community
stable_dai,2022-05-27,dai,3889.0,7103.0,9881.0,coinmetrics_community
stable_dai,2022-05-28,dai,3631.0,5313.0,7598.0,coinmetrics_community
stable_dai,2022-05-29,dai,3336.0,4523.0,6193.0,coinmetrics_community
stable_dai,2022-05-30,dai,5510.0,9830.0,12674.0,coinmetrics_community
stable_dai,2022-05-31,dai,4510.0,6904.0,8437.0,coinmetrics_community
stable_dai,2022-06-01,dai,3962.0,6135.0,7842.0,coinmetrics_community
stable_dai,2022-06-02,dai,3797.0,5667.0,6976.0,coinmetrics_community
stable_dai,2022-06-03,dai,3520.0,5202.0,6717.0,coinmetrics_community
stable_dai,2022-06-04,dai,3083.0,4551.0,5765.0,coinmetrics_community
stable_dai,2022-06-05,dai,2920.0,4115.0,5379.0,coinmetrics_community
stable_dai,2022-06-06,dai,3438.0,5420.0,6795.0,coinmetrics_community
stable_dai,2022-06-07,dai,3377.0,5588.0,7335.0,coinmetrics_community
stable_dai,2022-06-08,dai,3036.0,4528.0,5662.0,coinmetrics_community
stable_dai,2022-06-09,dai,3348.0,4518.0,6281.0,coinmetrics_community
stable_dai,2022-06-10,dai,4106.0,6142.0,8916.0,coinmetrics_community
stable_dai,2022-06-11,dai,5360.0,9634.0,14797.0,coinmetrics_community
stable_dai,2022-06-12,dai,5395.0,10595.0,16675.0,coinmetrics_community
stable_dai,2022-06-13,dai,9250.0,18865.0,27349.0,coinmetrics_community
stable_dai,2022-06-14,dai,7786.0,14221.0,19634.0,coinmetrics_community
stable_dai,2022-06-15,dai,6931.0,13691.0,19336.0,coinmetrics_community
stable_dai,2022-06-16,dai,5274.0,9621.0,13487.0,coinmetrics_community
stable_dai,2022-06-17,dai,5033.0,8607.0,11543.0,coinmetrics_community
stable_dai,2022-06-18,dai,7493.0,13429.0,20394.0,coinmetrics_community
stable_dai,2022-06-19,dai,5785.0,11593.0,17132.0,coinmetrics_community
stable_dai,2022-06-20,dai,9108.0,13869.0,18462.0,coinmetrics_community
stable_dai,2022-06-21,dai,4227.0,7420.0,10637.0,coinmetrics_community
stable_dai,2022-06-22,dai,4629.0,8250.0,13430.0,coinmetrics_community
stable_dai,2022-06-23,dai,4860.0,7476.0,13459.0,coinmetrics_community
stable_dai,2022-06-24,dai,3762.0,6383.0,8805.0,coinmetrics_community
stable_dai,2022-06-25,dai,2909.0,4976.0,6421.0,coinmetrics_community
stable_dai,2022-06-26,dai,2899.0,4481.0,5825.0,coinmetrics_community
stable_dai,2022-06-27,dai,3393.0,5445.0,7109.0,coinmetrics_community
stable_dai,2022-06-28,dai,3602.0,6465.0,8798.0,coinmetrics_community
stable_dai,2022-06-29,dai,6090.0,9372.0,11907.0,coinmetrics_community
stable_dai,2022-06-30,dai,3903.0,7637.0,10477.0,coinmetrics_community
stable_dai,2022-07-01,dai,4612.0,8909.0,11890.0,coinmetrics_community
stable_dai,2022-07-02,dai,3939.0,6719.0,8876.0,coinmetrics_community
stable_dai,2022-07-03,dai,3482.0,6119.0,7850.0,coinmetrics_community
stable_dai,2022-07-04,dai,4119.0,6745.0,8696.0,coinmetrics_community
stable_dai,2022-07-05,dai,4154.0,7195.0,9174.0,coinmetrics_community
stable_dai,2022-07-06,dai,3692.0,6685.0,8483.0,coinmetrics_community
stable_dai,2022-07-07,dai,3799.0,5816.0,7507.0,coinmetrics_community
stable_dai,2022-07-08,dai,3840.0,6686.0,8553.0,coinmetrics_community
stable_dai,2022-07-09,dai,3190.0,5077.0,6522.0,coinmetrics_community
stable_dai,2022-07-10,dai,3162.0,5030.0,6585.0,coinmetrics_community
stable_dai,2022-07-11,dai,3384.0,5615.0,7186.0,coinmetrics_community
stable_dai,2022-07-12,dai,3837.0,6154.0,8203.0,coinmetrics_community
stable_dai,2022-07-13,dai,3535.0,6638.0,8911.0,coinmetrics_community
stable_dai,2022-07-14,dai,3701.0,6598.0,8467.0,coinmetrics_community
stable_dai,2022-07-15,dai,3524.0,6236.0,8084.0,coinmetrics_community
stable_dai,2022-07-16,dai,3355.0,6627.0,8883.0,coinmetrics_community
stable_dai,2022-07-17,dai,3061.0,5822.0,7643.0,coinmetrics_community
stable_dai,2022-07-18,dai,4243.0,8535.0,11525.0,coinmetrics_community
stable_dai,2022-07-19,dai,3859.0,7147.0,9377.0,coinmetrics_community
stable_dai,2022-07-20,dai,4284.0,7194.0,9439.0,coinmetrics_community
stable_dai,2022-07-21,dai,3795.0,7003.0,9148.0,coinmetrics_community
stable_dai,2022-07-22,dai,3821.0,7142.0,9175.0,coinmetrics_community
stable_dai,2022-07-23,dai,3046.0,5862.0,7712.0,coinmetrics_community
stable_dai,2022-07-24,dai,3591.0,6497.0,8547.0,coinmetrics_community
stable_dai,2022-07-25,dai,3872.0,7052.0,9166.0,coinmetrics_community
stable_dai,2022-07-26,dai,3694.0,7151.0,9292.0,coinmetrics_community
stable_dai,2022-07-27,dai,5062.0,8911.0,11468.0,coinmetrics_community
stable_dai,2022-07-28,dai,4240.0,8006.0,10864.0,coinmetrics_community
stable_dai,2022-07-29,dai,3864.0,7555.0,9927.0,coinmetrics_community
stable_dai,2022-07-30,dai,4850.0,8038.0,10267.0,coinmetrics_community
stable_dai,2022-07-31,dai,3652.0,6356.0,8216.0,coinmetrics_community
stable_dai,2022-08-01,dai,4689.0,6772.0,8900.0,coinmetrics_community
stable_dai,2022-08-02,dai,4540.0,8035.0,10588.0,coinmetrics_community
stable_dai,2022-08-03,dai,4422.0,7263.0,9279.0,coinmetrics_community
stable_dai,2022-08-04,dai,3760.0,6257.0,7912.0,coinmetrics_community
stable_dai,2022-08-05,dai,4076.0,7109.0,9264.0,coinmetrics_community
stable_dai,2022-08-06,dai,3480.0,5589.0,7156.0,coinmetrics_community
stable_dai,2022-08-07,dai,4445.0,6450.0,8475.0,coinmetrics_community
stable_dai,2022-08-08,dai,4494.0,7249.0,10016.0,coinmetrics_community
stable_dai,2022-08-09,dai,4177.0,7667.0,11793.0,coinmetrics_community
stable_dai,2022-08-10,dai,4124.0,8321.0,11269.0,coinmetrics_community
stable_dai,2022-08-11,dai,4773.0,8784.0,11709.0,coinmetrics_community
stable_dai,2022-08-12,dai,4122.0,7065.0,9322.0,coinmetrics_community
stable_dai,2022-08-13,dai,3961.0,7120.0,10161.0,coinmetrics_community
stable_dai,2022-08-14,dai,3656.0,7253.0,10315.0,coinmetrics_community
stable_dai,2022-08-15,dai,3751.0,6838.0,9136.0,coinmetrics_community
stable_dai,2022-08-16,dai,3899.0,6823.0,9004.0,coinmetrics_community
stable_dai,2022-08-17,dai,3939.0,7172.0,9745.0,coinmetrics_community
stable_dai,2022-08-18,dai,3426.0,6028.0,7768.0,coinmetrics_community
stable_dai,2022-08-19,dai,4190.0,8951.0,12890.0,coinmetrics_community
stable_dai,2022-08-20,dai,3548.0,7740.0,10926.0,coinmetrics_community
stable_dai,2022-08-21,dai,4556.0,8837.0,11870.0,coinmetrics_community
stable_dai,2022-08-22,dai,3467.0,8444.0,11297.0,coinmetrics_community
stable_dai,2022-08-23,dai,3584.0,8235.0,11108.0,coinmetrics_community
stable_dai,2022-08-24,dai,3529.0,6794.0,8969.0,coinmetrics_community
stable_dai,2022-08-25,dai,3299.0,6082.0,8151.0,coinmetrics_community
stable_dai,2022-08-26,dai,3627.0,8050.0,11419.0,coinmetrics_community
stable_dai,2022-08-27,dai,3363.0,7009.0,9967.0,coinmetrics_community
stable_dai,2022-08-28,dai,3085.0,5647.0,7774.0,coinmetrics_community
stable_dai,2022-08-29,dai,3979.0,9306.0,14431.0,coinmetrics_community
stable_dai,2022-08-30,dai,3477.0,9239.0,14340.0,coinmetrics_community
stable_dai,2022-08-31,dai,3444.0,7775.0,10335.0,coinmetrics_community
stable_dai,2022-09-01,dai,3618.0,6993.0,9188.0,coinmetrics_community
stable_dai,2022-09-02,dai,3601.0,6930.0,9365.0,coinmetrics_community
stable_dai,2022-09-03,dai,3085.0,5584.0,7776.0,coinmetrics_community
stable_dai,2022-09-04,dai,2860.0,5127.0,7076.0,coinmetrics_community
stable_dai,2022-09-05,dai,3985.0,6812.0,9132.0,coinmetrics_community
stable_dai,2022-09-06,dai,4125.0,8903.0,12969.0,coinmetrics_community
stable_dai,2022-09-07,dai,4264.0,7818.0,11354.0,coinmetrics_community
stable_dai,2022-09-08,dai,3761.0,6992.0,9693.0,coinmetrics_community
stable_dai,2022-09-09,dai,3778.0,6623.0,9349.0,coinmetrics_community
stable_dai,2022-09-10,dai,3429.0,5902.0,9290.0,coinmetrics_community
stable_dai,2022-09-11,dai,3678.0,7812.0,12146.0,coinmetrics_community
stable_dai,2022-09-12,dai,4038.0,7447.0,10850.0,coinmetrics_community
stable_dai,2022-09-13,dai,4258.0,8857.0,12660.0,coinmetrics_community
stable_dai,2022-09-14,dai,4948.0,8707.0,12645.0,coinmetrics_community
stable_dai,2022-09-15,dai,5860.0,10796.0,15524.0,coinmetrics_community
stable_dai,2022-09-16,dai,4851.0,8202.0,11953.0,coinmetrics_community
stable_dai,2022-09-17,dai,4583.0,8020.0,12210.0,coinmetrics_community
stable_dai,2022-09-18,dai,7263.0,11748.0,17627.0,coinmetrics_community
stable_dai,2022-09-19,dai,6253.0,11383.0,16729.0,coinmetrics_community
stable_dai,2022-09-20,dai,4898.0,8255.0,12864.0,coinmetrics_community
stable_dai,2022-09-21,dai,7035.0,11749.0,18439.0,coinmetrics_community
stable_dai,2022-09-22,dai,5321.0,9979.0,19141.0,coinmetrics_community
stable_dai,2022-09-23,dai,4144.0,9513.0,14780.0,coinmetrics_community
stable_dai,2022-09-24,dai,3604.0,6935.0,10286.0,coinmetrics_community
stable_dai,2022-09-25,dai,2923.0,6111.0,8848.0,coinmetrics_community
stable_dai,2022-09-26,dai,3658.0,7508.0,10406.0,coinmetrics_community
stable_dai,2022-09-27,dai,3494.0,6689.0,9407.0,coinmetrics_community
stable_dai,2022-09-28,dai,3629.0,7417.0,10175.0,coinmetrics_community
stable_dai,2022-09-29,dai,3502.0,7012.0,9459.0,coinmetrics_community
stable_dai,2022-09-30,dai,3486.0,6916.0,9384.0,coinmetrics_community
stable_dai,2022-10-01,dai,3562.0,6005.0,8665.0,coinmetrics_community
stable_dai,2022-10-02,dai,3489.0,6853.0,10047.0,coinmetrics_community
stable_dai,2022-10-03,dai,3458.0,6092.0,8074.0,coinmetrics_community
stable_dai,2022-10-04,dai,3686.0,6339.0,8671.0,coinmetrics_community
stable_dai,2022-10-05,dai,3519.0,6357.0,8708.0,coinmetrics_community
stable_dai,2022-10-06,dai,3861.0,6826.0,9268.0,coinmetrics_community
stable_dai,2022-10-07,dai,3451.0,6104.0,8396.0,coinmetrics_community
stable_dai,2022-10-08,dai,2573.0,4053.0,5703.0,coinmetrics_community
stable_dai,2022-10-09,dai,2060.0,3277.0,4373.0,coinmetrics_community
stable_dai,2022-10-10,dai,2609.0,3923.0,5099.0,coinmetrics_community
stable_dai,2022-10-11,dai,3250.0,5586.0,7256.0,coinmetrics_community
stable_dai,2022-10-12,dai,3112.0,5168.0,6859.0,coinmetrics_community
stable_dai,2022-10-13,dai,4023.0,7622.0,10554.0,coinmetrics_community
stable_dai,2022-10-14,dai,3573.0,5885.0,7931.0,coinmetrics_community
stable_dai,2022-10-15,dai,2480.0,3814.0,5257.0,coinmetrics_community
stable_dai,2022-10-16,dai,2454.0,4322.0,6155.0,coinmetrics_community
stable_dai,2022-10-17,dai,2870.0,4471.0,6141.0,coinmetrics_community
stable_dai,2022-10-18,dai,2960.0,4663.0,6157.0,coinmetrics_community
stable_dai,2022-10-19,dai,3317.0,5181.0,6995.0,coinmetrics_community
stable_dai,2022-10-20,dai,3033.0,5109.0,7016.0,coinmetrics_community
stable_dai,2022-10-21,dai,2938.0,4501.0,5941.0,coinmetrics_community
stable_dai,2022-10-22,dai,2598.0,3749.0,5471.0,coinmetrics_community
stable_dai,2022-10-23,dai,2887.0,4579.0,6287.0,coinmetrics_community
stable_dai,2022-10-24,dai,3464.0,5376.0,7161.0,coinmetrics_community
stable_dai,2022-10-25,dai,3900.0,6790.0,9322.0,coinmetrics_community
stable_dai,2022-10-26,dai,4125.0,7596.0,10539.0,coinmetrics_community
stable_dai,2022-10-27,dai,4164.0,8192.0,10800.0,coinmetrics_community
stable_dai,2022-10-28,dai,3962.0,6821.0,9344.0,coinmetrics_community
stable_dai,2022-10-29,dai,3526.0,6812.0,9493.0,coinmetrics_community
stable_dai,2022-10-30,dai,3543.0,6779.0,8877.0,coinmetrics_community
stable_dai,2022-10-31,dai,3914.0,6834.0,9035.0,coinmetrics_community
stable_dai,2022-11-01,dai,4299.0,7518.0,9971.0,coinmetrics_community
stable_dai,2022-11-02,dai,4903.0,8652.0,11368.0,coinmetrics_community
stable_dai,2022-11-03,dai,4398.0,7504.0,9656.0,coinmetrics_community
stable_dai,2022-11-04,dai,4107.0,7238.0,10215.0,coinmetrics_community
stable_dai,2022-11-05,dai,3226.0,5462.0,7409.0,coinmetrics_community
stable_dai,2022-11-06,dai,3105.0,5458.0,7587.0,coinmetrics_community
stable_dai,2022-11-07,dai,4338.0,7243.0,10063.0,coinmetrics_community
stable_dai,2022-11-08,dai,5332.0,12569.0,17713.0,coinmetrics_community
stable_dai,2022-11-09,dai,7154.0,17505.0,24446.0,coinmetrics_community
stable_dai,2022-11-10,dai,6589.0,15219.0,23119.0,coinmetrics_community
stable_dai,2022-11-11,dai,5379.0,11678.0,16566.0,coinmetrics_community
stable_dai,2022-11-12,dai,4627.0,8681.0,12628.0,coinmetrics_community
stable_dai,2022-11-13,dai,4702.0,8626.0,12272.0,coinmetrics_community
stable_dai,2022-11-14,dai,5382.0,10281.0,14990.0,coinmetrics_community
stable_dai,2022-11-15,dai,4855.0,8377.0,12442.0,coinmetrics_community
stable_dai,2022-11-16,dai,5389.0,9131.0,13153.0,coinmetrics_community
stable_dai,2022-11-17,dai,4528.0,8340.0,11849.0,coinmetrics_community
stable_dai,2022-11-18,dai,4374.0,7455.0,10638.0,coinmetrics_community
stable_dai,2022-11-19,dai,4154.0,8079.0,12721.0,coinmetrics_community
stable_dai,2022-11-20,dai,4436.0,9702.0,14912.0,coinmetrics_community
stable_dai,2022-11-21,dai,5304.0,11794.0,17445.0,coinmetrics_community
stable_dai,2022-11-22,dai,4968.0,9656.0,14605.0,coinmetrics_community
stable_dai,2022-11-23,dai,4497.0,8785.0,13062.0,coinmetrics_community
stable_dai,2022-11-24,dai,6466.0,9838.0,13559.0,coinmetrics_community
stable_dai,2022-11-25,dai,4558.0,7782.0,11228.0,coinmetrics_community
stable_dai,2022-11-26,dai,3648.0,6949.0,10276.0,coinmetrics_community
stable_dai,2022-11-27,dai,3483.0,6232.0,8929.0,coinmetrics_community
stable_dai,2022-11-28,dai,4536.0,7474.0,10619.0,coinmetrics_community
stable_dai,2022-11-29,dai,4916.0,8612.0,12011.0,coinmetrics_community
stable_dai,2022-11-30,dai,4556.0,8358.0,11925.0,coinmetrics_community
stable_dai,2022-12-01,dai,4685.0,7401.0,10648.0,coinmetrics_community
stable_dai,2022-12-02,dai,4428.0,7136.0,10614.0,coinmetrics_community
stable_dai,2022-12-03,dai,3416.0,6591.0,9843.0,coinmetrics_community
stable_dai,2022-12-04,dai,3288.0,6404.0,9884.0,coinmetrics_community
stable_dai,2022-12-05,dai,4365.0,6585.0,9385.0,coinmetrics_community
stable_dai,2022-12-06,dai,3682.0,5363.0,7400.0,coinmetrics_community
stable_dai,2022-12-07,dai,4178.0,6308.0,8439.0,coinmetrics_community
stable_dai,2022-12-08,dai,3681.0,5429.0,7494.0,coinmetrics_community
stable_dai,2022-12-09,dai,3088.0,4274.0,5734.0,coinmetrics_community
stable_dai,2022-12-10,dai,3099.0,4663.0,6434.0,coinmetrics_community
stable_dai,2022-12-11,dai,3024.0,4099.0,5893.0,coinmetrics_community
stable_dai,2022-12-12,dai,4191.0,5865.0,8039.0,coinmetrics_community
stable_dai,2022-12-13,dai,5280.0,8268.0,12047.0,coinmetrics_community
stable_dai,2022-12-14,dai,4364.0,6400.0,9112.0,coinmetrics_community
stable_dai,2022-12-15,dai,4119.0,5669.0,7875.0,coinmetrics_community
stable_dai,2022-12-16,dai,4907.0,8146.0,11354.0,coinmetrics_community
stable_dai,2022-12-17,dai,4019.0,6539.0,9031.0,coinmetrics_community
stable_dai,2022-12-18,dai,2953.0,4687.0,6777.0,coinmetrics_community
stable_dai,2022-12-19,dai,3763.0,5711.0,8178.0,coinmetrics_community
stable_dai,2022-12-20,dai,4364.0,6824.0,9957.0,coinmetrics_community
stable_dai,2022-12-21,dai,5063.0,6856.0,9046.0,coinmetrics_community
stable_dai,2022-12-22,dai,4308.0,6232.0,8102.0,coinmetrics_community
stable_dai,2022-12-23,dai,3989.0,5687.0,7537.0,coinmetrics_community
stable_dai,2022-12-24,dai,4570.0,5074.0,6365.0,coinmetrics_community
stable_dai,2022-12-25,dai,4093.0,4581.0,5695.0,coinmetrics_community
stable_dai,2022-12-26,dai,3788.0,5493.0,7453.0,coinmetrics_community
stable_dai,2022-12-27,dai,4048.0,6033.0,8128.0,coinmetrics_community
stable_dai,2022-12-28,dai,4149.0,6122.0,8526.0,coinmetrics_community
stable_dai,2022-12-29,dai,4240.0,5747.0,8023.0,coinmetrics_community
stable_dai,2022-12-30,dai,4391.0,5609.0,7590.0,coinmetrics_community
stable_dai,2022-12-31,dai,3977.0,4735.0,5881.0,coinmetrics_community
stable_dai,2023-01-01,dai,3066.0,3948.0,5078.0,coinmetrics_community
stable_dai,2023-01-02,dai,3891.0,5019.0,6493.0,coinmetrics_community
stable_dai,2023-01-03,dai,4186.0,4652.0,5527.0,coinmetrics_community
stable_dai,2023-01-04,dai,4061.0,5252.0,6911.0,coinmetrics_community
stable_dai,2023-01-05,dai,4033.0,5240.0,6804.0,coinmetrics_community
stable_dai,2023-01-06,dai,5614.0,5541.0,6428.0,coinmetrics_community
stable_dai,2023-01-07,dai,5783.0,4005.0,5221.0,coinmetrics_community
stable_dai,2023-01-08,dai,3763.0,3719.0,4734.0,coinmetrics_community
stable_dai,2023-01-09,dai,4582.0,5884.0,7796.0,coinmetrics_community
stable_dai,2023-01-10,dai,4692.0,5377.0,6629.0,coinmetrics_community
stable_dai,2023-01-11,dai,4036.0,5137.0,6521.0,coinmetrics_community
stable_dai,2023-01-12,dai,5263.0,7254.0,9665.0,coinmetrics_community
stable_dai,2023-01-13,dai,4377.0,5780.0,7577.0,coinmetrics_community
stable_dai,2023-01-14,dai,4815.0,7090.0,9775.0,coinmetrics_community
stable_dai,2023-01-15,dai,3899.0,5697.0,7477.0,coinmetrics_community
stable_dai,2023-01-16,dai,4574.0,6831.0,8573.0,coinmetrics_community
stable_dai,2023-01-17,dai,4566.0,7037.0,8596.0,coinmetrics_community
stable_dai,2023-01-18,dai,5287.0,8189.0,12219.0,coinmetrics_community
stable_dai,2023-01-19,dai,5235.0,6954.0,10295.0,coinmetrics_community
stable_dai,2023-01-20,dai,4262.0,6076.0,9463.0,coinmetrics_community
stable_dai,2023-01-21,dai,5390.0,7445.0,11065.0,coinmetrics_community
stable_dai,2023-01-22,dai,4501.0,6260.0,9882.0,coinmetrics_community
stable_dai,2023-01-23,dai,4570.0,6128.0,9424.0,coinmetrics_community
stable_dai,2023-01-24,dai,4378.0,6286.0,10017.0,coinmetrics_community
stable_dai,2023-01-25,dai,4704.0,7540.0,12559.0,coinmetrics_community
stable_dai,2023-01-26,dai,5096.0,6820.0,10875.0,coinmetrics_community
stable_dai,2023-01-27,dai,4395.0,6492.0,10685.0,coinmetrics_community
stable_dai,2023-01-28,dai,4102.0,6018.0,11127.0,coinmetrics_community
stable_dai,2023-01-29,dai,4029.0,6526.0,13063.0,coinmetrics_community
stable_dai,2023-01-30,dai,5496.0,8904.0,18532.0,coinmetrics_community
stable_dai,2023-01-31,dai,5538.0,8304.0,18794.0,coinmetrics_community
stable_dai,2023-02-01,dai,4790.0,6716.0,8481.0,coinmetrics_community
stable_dai,2023-02-02,dai,12402.0,14896.0,16842.0,coinmetrics_community
stable_dai,2023-02-03,dai,5155.0,6853.0,8183.0,coinmetrics_community
stable_dai,2023-02-04,dai,4248.0,5758.0,6683.0,coinmetrics_community
stable_dai,2023-02-05,dai,4136.0,5881.0,7098.0,coinmetrics_community
stable_dai,2023-02-06,dai,4531.0,6179.0,7168.0,coinmetrics_community
stable_dai,2023-02-07,dai,5241.0,6903.0,7433.0,coinmetrics_community
stable_dai,2023-02-08,dai,4929.0,6650.0,7056.0,coinmetrics_community
stable_dai,2023-02-09,dai,4997.0,7239.0,8257.0,coinmetrics_community
stable_dai,2023-02-10,dai,5311.0,7835.0,7607.0,coinmetrics_community
stable_dai,2023-02-11,dai,4296.0,6184.0,5973.0,coinmetrics_community
stable_dai,2023-02-12,dai,4056.0,5537.0,6102.0,coinmetrics_community
stable_dai,2023-02-13,dai,5123.0,7610.0,9143.0,coinmetrics_community
stable_dai,2023-02-14,dai,4395.0,6144.0,7455.0,coinmetrics_community
stable_dai,2023-02-15,dai,4758.0,9668.0,11276.0,coinmetrics_community
stable_dai,2023-02-16,dai,4654.0,7861.0,9659.0,coinmetrics_community
stable_dai,2023-02-17,dai,4627.0,7427.0,8462.0,coinmetrics_community
stable_dai,2023-02-18,dai,3890.0,7837.0,7377.0,coinmetrics_community
stable_dai,2023-02-19,dai,3282.0,5677.0,7405.0,coinmetrics_community
stable_dai,2023-02-20,dai,3639.0,6146.0,8352.0,coinmetrics_community
stable_dai,2023-02-21,dai,3782.0,6023.0,8061.0,coinmetrics_community
stable_dai,2023-02-22,dai,3903.0,7286.0,8116.0,coinmetrics_community
stable_dai,2023-02-23,dai,3884.0,8299.0,7002.0,coinmetrics_community
stable_dai,2023-02-24,dai,3853.0,5959.0,7682.0,coinmetrics_community
stable_dai,2023-02-25,dai,3104.0,4689.0,6142.0,coinmetrics_community
stable_dai,2023-02-26,dai,3236.0,4498.0,5759.0,coinmetrics_community
stable_dai,2023-02-27,dai,3734.0,5507.0,7097.0,coinmetrics_community
stable_dai,2023-02-28,dai,3955.0,5921.0,7629.0,coinmetrics_community
stable_dai,2023-03-01,dai,3950.0,5813.0,7460.0,coinmetrics_community
stable_dai,2023-03-02,dai,3560.0,5433.0,6969.0,coinmetrics_community
stable_dai,2023-03-03,dai,4166.0,6659.0,8654.0,coinmetrics_community
stable_dai,2023-03-04,dai,2743.0,4192.0,5424.0,coinmetrics_community
stable_dai,2023-03-05,dai,2587.0,4308.0,5689.0,coinmetrics_community
stable_dai,2023-03-06,dai,3205.0,4800.0,6279.0,coinmetrics_community
stable_dai,2023-03-07,dai,3300.0,5580.0,7412.0,coinmetrics_community
stable_dai,2023-03-08,dai,3434.0,5191.0,6897.0,coinmetrics_community
stable_dai,2023-03-09,dai,4319.0,6879.0,9397.0,coinmetrics_community
stable_dai,2023-03-10,dai,6217.0,10961.0,16068.0,coinmetrics_community
stable_dai,2023-03-11,dai,14659.0,33220.0,56342.0,coinmetrics_community
stable_dai,2023-03-12,dai,7036.0,15288.0,23495.0,coinmetrics_community
stable_dai,2023-03-13,dai,8759.0,14236.0,20024.0,coinmetrics_community
stable_dai,2023-03-14,dai,5584.0,9399.0,13703.0,coinmetrics_community
stable_dai,2023-03-15,dai,4502.0,8470.0,11595.0,coinmetrics_community
stable_dai,2023-03-16,dai,4527.0,6464.0,8905.0,coinmetrics_community
stable_dai,2023-03-17,dai,4644.0,7240.0,10346.0,coinmetrics_community
stable_dai,2023-03-18,dai,4035.0,6694.0,9485.0,coinmetrics_community
stable_dai,2023-03-19,dai,3558.0,6067.0,8480.0,coinmetrics_community
stable_dai,2023-03-20,dai,3982.0,7149.0,9717.0,coinmetrics_community
stable_dai,2023-03-21,dai,4471.0,7779.0,11286.0,coinmetrics_community
stable_dai,2023-03-22,dai,4687.0,6676.0,10007.0,coinmetrics_community
stable_dai,2023-03-23,dai,4024.0,6023.0,8292.0,coinmetrics_community
stable_dai,2023-03-24,dai,4196.0,6086.0,8189.0,coinmetrics_community
stable_dai,2023-03-25,dai,3073.0,4697.0,6598.0,coinmetrics_community
stable_dai,2023-03-26,dai,3341.0,5849.0,8918.0,coinmetrics_community
stable_dai,2023-03-27,dai,4670.0,7580.0,13009.0,coinmetrics_community
stable_dai,2023-03-28,dai,4695.0,6934.0,11766.0,coinmetrics_community
stable_dai,2023-03-29,dai,3730.0,5265.0,8083.0,coinmetrics_community
stable_dai,2023-03-30,dai,3322.0,4899.0,6931.0,coinmetrics_community
stable_dai,2023-03-31,dai,3762.0,5489.0,7682.0,coinmetrics_community
stable_dai,2023-04-01,dai,3185.0,4338.0,6218.0,coinmetrics_community
stable_dai,2023-04-02,dai,2868.0,3983.0,5536.0,coinmetrics_community
stable_dai,2023-04-03,dai,3396.0,5353.0,7261.0,coinmetrics_community
stable_dai,2023-04-04,dai,3164.0,4747.0,6688.0,coinmetrics_community
stable_dai,2023-04-05,dai,3080.0,4305.0,5902.0,coinmetrics_community
stable_dai,2023-04-06,dai,2909.0,4072.0,5586.0,coinmetrics_community
stable_dai,2023-04-07,dai,2606.0,3692.0,5251.0,coinmetrics_community
stable_dai,2023-04-08,dai,2283.0,3203.0,4687.0,coinmetrics_community
stable_dai,2023-04-09,dai,2175.0,3004.0,4282.0,coinmetrics_community
stable_dai,2023-04-10,dai,2886.0,4197.0,5778.0,coinmetrics_community
stable_dai,2023-04-11,dai,3096.0,4428.0,6478.0,coinmetrics_community
stable_dai,2023-04-12,dai,4353.0,6349.0,8607.0,coinmetrics_community
stable_dai,2023-04-13,dai,3035.0,4463.0,6722.0,coinmetrics_community
stable_dai,2023-04-14,dai,3464.0,5592.0,8446.0,coinmetrics_community
stable_dai,2023-04-15,dai,2454.0,3606.0,5115.0,coinmetrics_community
stable_dai,2023-04-16,dai,2299.0,3303.0,4859.0,coinmetrics_community
stable_dai,2023-04-17,dai,3025.0,4214.0,5958.0,coinmetrics_community
stable_dai,2023-04-18,dai,2515.0,3486.0,4928.0,coinmetrics_community
stable_dai,2023-04-19,dai,2430.0,3600.0,5196.0,coinmetrics_community
stable_dai,2023-04-20,dai,2568.0,4111.0,5743.0,coinmetrics_community
stable_dai,2023-04-21,dai,2811.0,4236.0,6335.0,coinmetrics_community
stable_dai,2023-04-22,dai,2080.0,2913.0,3921.0,coinmetrics_community
stable_dai,2023-04-23,dai,1916.0,2543.0,3434.0,coinmetrics_community
stable_dai,2023-04-24,dai,2286.0,3257.0,4422.0,coinmetrics_community
stable_dai,2023-04-25,dai,3080.0,3938.0,5864.0,coinmetrics_community
stable_dai,2023-04-26,dai,3362.0,4812.0,7680.0,coinmetrics_community
stable_dai,2023-04-27,dai,3142.0,4162.0,6978.0,coinmetrics_community
stable_dai,2023-04-28,dai,2838.0,3485.0,5640.0,coinmetrics_community
stable_dai,2023-04-29,dai,2356.0,2764.0,4920.0,coinmetrics_community
stable_dai,2023-04-30,dai,2301.0,2846.0,4855.0,coinmetrics_community
stable_dai,2023-05-01,dai,2559.0,3325.0,4706.0,coinmetrics_community
stable_dai,2023-05-02,dai,2500.0,3107.0,4210.0,coinmetrics_community
stable_dai,2023-05-03,dai,2753.0,3492.0,4811.0,coinmetrics_community
stable_dai,2023-05-04,dai,2670.0,3149.0,4597.0,coinmetrics_community
stable_dai,2023-05-05,dai,2173.0,2660.0,3512.0,coinmetrics_community
stable_dai,2023-05-06,dai,1843.0,3014.0,4066.0,coinmetrics_community
stable_dai,2023-05-07,dai,2125.0,2600.0,4426.0,coinmetrics_community
stable_dai,2023-05-08,dai,3004.0,3745.0,6416.0,coinmetrics_community
stable_dai,2023-05-09,dai,3409.0,4252.0,9737.0,coinmetrics_community
stable_dai,2023-05-10,dai,2335.0,3125.0,4056.0,coinmetrics_community
stable_dai,2023-05-11,dai,2271.0,3212.0,4459.0,coinmetrics_community
stable_dai,2023-05-12,dai,2937.0,4027.0,5336.0,coinmetrics_community
stable_dai,2023-05-13,dai,2220.0,3016.0,4342.0,coinmetrics_community
stable_dai,2023-05-14,dai,2140.0,2648.0,3589.0,coinmetrics_community
stable_dai,2023-05-15,dai,2595.0,3325.0,4454.0,coinmetrics_community
stable_dai,2023-05-16,dai,4210.0,6911.0,8495.0,coinmetrics_community
stable_dai,2023-05-17,dai,4061.0,6492.0,8334.0,coinmetrics_community
stable_dai,2023-05-18,dai,3980.0,6077.0,7649.0,coinmetrics_community
stable_dai,2023-05-19,dai,3009.0,4085.0,5186.0,coinmetrics_community
stable_dai,2023-05-20,dai,2618.0,3712.0,4722.0,coinmetrics_community
stable_dai,2023-05-21,dai,3327.0,5188.0,6531.0,coinmetrics_community
stable_dai,2023-05-22,dai,3681.0,5998.0,7407.0,coinmetrics_community
stable_dai,2023-05-23,dai,3181.0,4809.0,6006.0,coinmetrics_community
stable_dai,2023-05-24,dai,3368.0,5575.0,7153.0,coinmetrics_community
stable_dai,2023-05-25,dai,3341.0,5046.0,6646.0,coinmetrics_community
stable_dai,2023-05-26,dai,2765.0,4172.0,5584.0,coinmetrics_community
stable_dai,2023-05-27,dai,2349.0,3504.0,4571.0,coinmetrics_community
stable_dai,2023-05-28,dai,2292.0,3614.0,4697.0,coinmetrics_community
stable_dai,2023-05-29,dai,2536.0,3445.0,4407.0,coinmetrics_community
stable_dai,2023-05-30,dai,2619.0,3633.0,4631.0,coinmetrics_community
stable_dai,2023-05-31,dai,3046.0,4595.0,5797.0,coinmetrics_community
stable_dai,2023-06-01,dai,2813.0,3863.0,4997.0,coinmetrics_community
stable_dai,2023-06-02,dai,2793.0,4045.0,5138.0,coinmetrics_community
stable_dai,2023-06-03,dai,2366.0,3085.0,4035.0,coinmetrics_community
stable_dai,2023-06-04,dai,2099.0,2821.0,3674.0,coinmetrics_community
stable_dai,2023-06-05,dai,3073.0,4376.0,5810.0,coinmetrics_community
stable_dai,2023-06-06,dai,3002.0,4323.0,5709.0,coinmetrics_community
stable_dai,2023-06-07,dai,2907.0,4319.0,5516.0,coinmetrics_community
stable_dai,2023-06-08,dai,2634.0,3632.0,4655.0,coinmetrics_community
stable_dai,2023-06-09,dai,4331.0,5612.0,6837.0,coinmetrics_community
stable_dai,2023-06-10,dai,4034.0,6318.0,8377.0,coinmetrics_community
stable_dai,2023-06-11,dai,2667.0,3662.0,4605.0,coinmetrics_community
stable_dai,2023-06-12,dai,2979.0,4439.0,5896.0,coinmetrics_community
stable_dai,2023-06-13,dai,2829.0,4109.0,5313.0,coinmetrics_community
stable_dai,2023-06-14,dai,2876.0,4093.0,5491.0,coinmetrics_community
stable_dai,2023-06-15,dai,3456.0,5540.0,8292.0,coinmetrics_community
stable_dai,2023-06-16,dai,3090.0,4489.0,6084.0,coinmetrics_community
stable_dai,2023-06-17,dai,2253.0,3050.0,3959.0,coinmetrics_community
stable_dai,2023-06-18,dai,2041.0,2702.0,3446.0,coinmetrics_community
stable_dai,2023-06-19,dai,2452.0,3356.0,4357.0,coinmetrics_community
stable_dai,2023-06-20,dai,2769.0,4349.0,5830.0,coinmetrics_community
stable_dai,2023-06-21,dai,3534.0,5531.0,7584.0,coinmetrics_community
stable_dai,2023-06-22,dai,2802.0,4281.0,5733.0,coinmetrics_community
stable_dai,2023-06-23,dai,13971.0,15301.0,16680.0,coinmetrics_community
stable_dai,2023-06-24,dai,2965.0,4250.0,5300.0,coinmetrics_community
stable_dai,2023-06-25,dai,2167.0,3477.0,4772.0,coinmetrics_community
stable_dai,2023-06-26,dai,6045.0,7566.0,9023.0,coinmetrics_community
stable_dai,2023-06-27,dai,3027.0,4538.0,5791.0,coinmetrics_community
stable_dai,2023-06-28,dai,2662.0,4122.0,5361.0,coinmetrics_community
stable_dai,2023-06-29,dai,2511.0,3432.0,4454.0,coinmetrics_community
stable_dai,2023-06-30,dai,3150.0,5052.0,6535.0,coinmetrics_community
stable_dai,2023-07-01,dai,2668.0,3513.0,4338.0,coinmetrics_community
stable_dai,2023-07-02,dai,2386.0,3379.0,4463.0,coinmetrics_community
stable_dai,2023-07-03,dai,3212.0,4824.0,6359.0,coinmetrics_community
stable_dai,2023-07-04,dai,2723.0,3903.0,4997.0,coinmetrics_community
stable_dai,2023-07-05,dai,2542.0,3273.0,3964.0,coinmetrics_community
stable_dai,2023-07-06,dai,2545.0,3929.0,5076.0,coinmetrics_community
stable_dai,2023-07-07,dai,2561.0,3867.0,4930.0,coinmetrics_community
stable_dai,2023-07-08,dai,2250.0,3291.0,4214.0,coinmetrics_community
stable_dai,2023-07-09,dai,1917.0,2957.0,3779.0,coinmetrics_community
stable_dai,2023-07-10,dai,2496.0,3686.0,4680.0,coinmetrics_community
stable_dai,2023-07-11,dai,3054.0,3465.0,4924.0,coinmetrics_community
stable_dai,2023-07-12,dai,2275.0,3315.0,4174.0,coinmetrics_community
stable_dai,2023-07-13,dai,2804.0,4269.0,5642.0,coinmetrics_community
stable_dai,2023-07-14,dai,3032.0,4618.0,6164.0,coinmetrics_community
stable_dai,2023-07-15,dai,2368.0,3427.0,4486.0,coinmetrics_community
stable_dai,2023-07-16,dai,2118.0,3029.0,3705.0,coinmetrics_community
stable_dai,2023-07-17,dai,2484.0,3701.0,4907.0,coinmetrics_community
stable_dai,2023-07-18,dai,2334.0,3219.0,4155.0,coinmetrics_community
stable_dai,2023-07-19,dai,2470.0,3485.0,4736.0,coinmetrics_community
stable_dai,2023-07-20,dai,3319.0,4716.0,5771.0,coinmetrics_community
stable_dai,2023-07-21,dai,2360.0,3603.0,4626.0,coinmetrics_community
stable_dai,2023-07-22,dai,2021.0,3041.0,4097.0,coinmetrics_community
stable_dai,2023-07-23,dai,1886.0,2848.0,3660.0,coinmetrics_community
stable_dai,2023-07-24,dai,2505.0,3871.0,4816.0,coinmetrics_community
stable_dai,2023-07-25,dai,2377.0,3600.0,4709.0,coinmetrics_community
stable_dai,2023-07-26,dai,2555.0,3898.0,4875.0,coinmetrics_community
stable_dai,2023-07-27,dai,2341.0,3213.0,4156.0,coinmetrics_community
stable_dai,2023-07-28,dai,2380.0,3285.0,4052.0,coinmetrics_community
stable_dai,2023-07-29,dai,2015.0,2911.0,3694.0,coinmetrics_community
stable_dai,2023-07-30,dai,2082.0,3288.0,4623.0,coinmetrics_community
stable_dai,2023-07-31,dai,3293.0,5402.0,7031.0,coinmetrics_community
stable_dai,2023-08-01,dai,3926.0,6647.0,8946.0,coinmetrics_community
stable_dai,2023-08-02,dai,3412.0,5605.0,7045.0,coinmetrics_community
stable_dai,2023-08-03,dai,2933.0,4551.0,5982.0,coinmetrics_community
stable_dai,2023-08-04,dai,2695.0,4250.0,5941.0,coinmetrics_community
stable_dai,2023-08-05,dai,2226.0,3480.0,4569.0,coinmetrics_community
stable_dai,2023-08-06,dai,2312.0,3412.0,4445.0,coinmetrics_community
stable_dai,2023-08-07,dai,2857.0,4301.0,5627.0,coinmetrics_community
stable_dai,2023-08-08,dai,2799.0,4372.0,5671.0,coinmetrics_community
stable_dai,2023-08-09,dai,2793.0,4168.0,5512.0,coinmetrics_community
stable_dai,2023-08-10,dai,2643.0,3960.0,5183.0,coinmetrics_community
stable_dai,2023-08-11,dai,2753.0,3866.0,5007.0,coinmetrics_community
stable_dai,2023-08-12,dai,2164.0,3133.0,3924.0,coinmetrics_community
stable_dai,2023-08-13,dai,2077.0,3017.0,3847.0,coinmetrics_community
stable_dai,2023-08-14,dai,2476.0,3414.0,4317.0,coinmetrics_community
stable_dai,2023-08-15,dai,2499.0,3670.0,4767.0,coinmetrics_community
stable_dai,2023-08-16,dai,3116.0,3818.0,5106.0,coinmetrics_community
stable_dai,2023-08-17,dai,3575.0,6020.0,8019.0,coinmetrics_community
stable_dai,2023-08-18,dai,3493.0,5659.0,7174.0,coinmetrics_community
stable_dai,2023-08-19,dai,2399.0,3585.0,4741.0,coinmetrics_community
stable_dai,2023-08-20,dai,2182.0,3023.0,3878.0,coinmetrics_community
stable_dai,2023-08-21,dai,2633.0,3771.0,4642.0,coinmetrics_community
stable_dai,2023-08-22,dai,2681.0,4221.0,5606.0,coinmetrics_community
stable_dai,2023-08-23,dai,2667.0,4208.0,5248.0,coinmetrics_community
stable_dai,2023-08-24,dai,2892.0,4440.0,5380.0,coinmetrics_community
stable_dai,2023-08-25,dai,2468.0,3725.0,4601.0,coinmetrics_community
stable_dai,2023-08-26,dai,2032.0,2667.0,3357.0,coinmetrics_community
stable_dai,2023-08-27,dai,2048.0,2988.0,3728.0,coinmetrics_community
stable_dai,2023-08-28,dai,2256.0,3377.0,4161.0,coinmetrics_community
stable_dai,2023-08-29,dai,2494.0,3907.0,4917.0,coinmetrics_community
stable_dai,2023-08-30,dai,2608.0,3851.0,4796.0,coinmetrics_community
stable_dai,2023-08-31,dai,2741.0,4444.0,5560.0,coinmetrics_community
stable_dai,2023-09-01,dai,3128.0,4721.0,6200.0,coinmetrics_community
stable_dai,2023-09-02,dai,2226.0,3263.0,4240.0,coinmetrics_community
stable_dai,2023-09-03,dai,1827.0,2562.0,3343.0,coinmetrics_community
stable_dai,2023-09-04,dai,2401.0,3376.0,4205.0,coinmetrics_community
stable_dai,2023-09-05,dai,2472.0,3547.0,4583.0,coinmetrics_community
stable_dai,2023-09-06,dai,2469.0,3563.0,4482.0,coinmetrics_community
stable_dai,2023-09-07,dai,2447.0,3411.0,4344.0,coinmetrics_community
stable_dai,2023-09-08,dai,2601.0,3731.0,4700.0,coinmetrics_community
stable_dai,2023-09-09,dai,1875.0,2721.0,3543.0,coinmetrics_community
stable_dai,2023-09-10,dai,2212.0,3196.0,4167.0,coinmetrics_community
stable_dai,2023-09-11,dai,3012.0,4888.0,6724.0,coinmetrics_community
stable_dai,2023-09-12,dai,2691.0,4340.0,5732.0,coinmetrics_community
stable_dai,2023-09-13,dai,2266.0,3506.0,4472.0,coinmetrics_community
stable_dai,2023-09-14,dai,2271.0,3607.0,4664.0,coinmetrics_community
stable_dai,2023-09-15,dai,2302.0,3710.0,4782.0,coinmetrics_community
stable_dai,2023-09-16,dai,2137.0,3095.0,3892.0,coinmetrics_community
stable_dai,2023-09-17,dai,1964.0,2883.0,3504.0,coinmetrics_community
stable_dai,2023-09-18,dai,2489.0,3827.0,4926.0,coinmetrics_community
stable_dai,2023-09-19,dai,2526.0,3944.0,4934.0,coinmetrics_community
stable_dai,2023-09-20,dai,2359.0,3714.0,4705.0,coinmetrics_community
stable_dai,2023-09-21,dai,2554.0,4019.0,5400.0,coinmetrics_community
stable_dai,2023-09-22,dai,2435.0,3851.0,5075.0,coinmetrics_community
stable_dai,2023-09-23,dai,1932.0,3024.0,4455.0,coinmetrics_community
stable_dai,2023-09-24,dai,1974.0,3460.0,4978.0,coinmetrics_community
stable_dai,2023-09-25,dai,2414.0,3589.0,4719.0,coinmetrics_community
stable_dai,2023-09-26,dai,2358.0,3433.0,4495.0,coinmetrics_community
stable_dai,2023-09-27,dai,2610.0,4165.0,5333.0,coinmetrics_community
stable_dai,2023-09-28,dai,2629.0,4383.0,5702.0,coinmetrics_community
stable_dai,2023-09-29,dai,2646.0,4169.0,5405.0,coinmetrics_community
stable_dai,2023-09-30,dai,2219.0,3413.0,4461.0,coinmetrics_community
stable_dai,2023-10-01,dai,2310.0,3447.0,4468.0,coinmetrics_community
stable_dai,2023-10-02,dai,2966.0,5069.0,6732.0,coinmetrics_community
stable_dai,2023-10-03,dai,2542.0,3874.0,5139.0,coinmetrics_community
stable_dai,2023-10-04,dai,2656.0,4403.0,5848.0,coinmetrics_community
stable_dai,2023-10-05,dai,2706.0,4228.0,5496.0,coinmetrics_community
stable_dai,2023-10-06,dai,2377.0,3927.0,5152.0,coinmetrics_community
stable_dai,2023-10-07,dai,2064.0,3164.0,4048.0,coinmetrics_community
stable_dai,2023-10-08,dai,1912.0,3226.0,4574.0,coinmetrics_community
stable_dai,2023-10-09,dai,2819.0,4635.0,6263.0,coinmetrics_community
stable_dai,2023-10-10,dai,2812.0,4857.0,6329.0,coinmetrics_community
stable_dai,2023-10-11,dai,2615.0,4831.0,6582.0,coinmetrics_community
stable_dai,2023-10-12,dai,2788.0,4918.0,6633.0,coinmetrics_community
stable_dai,2023-10-13,dai,2415.0,4086.0,5337.0,coinmetrics_community
stable_dai,2023-10-14,dai,1936.0,2863.0,3890.0,coinmetrics_community
stable_dai,2023-10-15,dai,2012.0,3218.0,4319.0,coinmetrics_community
stable_dai,2023-10-16,dai,2835.0,5289.0,6946.0,coinmetrics_community
stable_dai,2023-10-17,dai,2604.0,4231.0,5840.0,coinmetrics_community
stable_dai,2023-10-18,dai,2590.0,4549.0,6308.0,coinmetrics_community
stable_dai,2023-10-19,dai,2572.0,4290.0,5884.0,coinmetrics_community
stable_dai,2023-10-20,dai,2754.0,4800.0,6343.0,coinmetrics_community
stable_dai,2023-10-21,dai,2345.0,3728.0,5041.0,coinmetrics_community
stable_dai,2023-10-22,dai,2212.0,4225.0,5860.0,coinmetrics_community
stable_dai,2023-10-23,dai,3208.0,6395.0,8557.0,coinmetrics_community
stable_dai,2023-10-24,dai,3703.0,7086.0,9438.0,coinmetrics_community
stable_dai,2023-10-25,dai,3068.0,5014.0,6668.0,coinmetrics_community
stable_dai,2023-10-26,dai,2961.0,5253.0,6967.0,coinmetrics_community
stable_dai,2023-10-27,dai,3016.0,5075.0,6434.0,coinmetrics_community
stable_dai,2023-10-28,dai,2593.0,4257.0,5565.0,coinmetrics_community
stable_dai,2023-10-29,dai,2321.0,3805.0,5025.0,coinmetrics_community
stable_dai,2023-10-30,dai,2664.0,4285.0,5607.0,coinmetrics_community
stable_dai,2023-10-31,dai,2862.0,4287.0,5446.0,coinmetrics_community
stable_dai,2023-11-01,dai,3071.0,5030.0,6551.0,coinmetrics_community
stable_dai,2023-11-02,dai,3085.0,4926.0,6716.0,coinmetrics_community
stable_dai,2023-11-03,dai,2589.0,4229.0,5716.0,coinmetrics_community
stable_dai,2023-11-04,dai,2341.0,3534.0,4774.0,coinmetrics_community
stable_dai,2023-11-05,dai,2477.0,4089.0,5672.0,coinmetrics_community
stable_dai,2023-11-06,dai,2696.0,3926.0,5246.0,coinmetrics_community
stable_dai,2023-11-07,dai,2604.0,3961.0,5226.0,coinmetrics_community
stable_dai,2023-11-08,dai,2788.0,3949.0,5147.0,coinmetrics_community
stable_dai,2023-11-09,dai,3048.0,5086.0,7233.0,coinmetrics_community
stable_dai,2023-11-10,dai,2793.0,4749.0,6622.0,coinmetrics_community
stable_dai,2023-11-11,dai,2400.0,4413.0,6206.0,coinmetrics_community
stable_dai,2023-11-12,dai,2294.0,3590.0,4774.0,coinmetrics_community
stable_dai,2023-11-13,dai,2339.0,4082.0,5321.0,coinmetrics_community
stable_dai,2023-11-14,dai,2536.0,4354.0,5747.0,coinmetrics_community
stable_dai,2023-11-15,dai,3097.0,4761.0,6134.0,coinmetrics_community
stable_dai,2023-11-16,dai,2430.0,4329.0,5683.0,coinmetrics_community
stable_dai,2023-11-17,dai,2534.0,4242.0,5571.0,coinmetrics_community
stable_dai,2023-11-18,dai,2146.0,3504.0,4758.0,coinmetrics_community
stable_dai,2023-11-19,dai,2192.0,3486.0,4826.0,coinmetrics_community
stable_dai,2023-11-20,dai,2549.0,4217.0,5454.0,coinmetrics_community
stable_dai,2023-11-21,dai,2683.0,4998.0,6300.0,coinmetrics_community
stable_dai,2023-11-22,dai,2594.0,4541.0,5792.0,coinmetrics_community
stable_dai,2023-11-23,dai,2255.0,3619.0,4642.0,coinmetrics_community
stable_dai,2023-11-24,dai,2402.0,3781.0,5051.0,coinmetrics_community
stable_dai,2023-11-25,dai,2011.0,2918.0,3712.0,coinmetrics_community
stable_dai,2023-11-26,dai,1950.0,3117.0,4008.0,coinmetrics_community
stable_dai,2023-11-27,dai,2321.0,3898.0,5162.0,coinmetrics_community
stable_dai,2023-11-28,dai,2135.0,3407.0,4469.0,coinmetrics_community
stable_dai,2023-11-29,dai,2658.0,3889.0,4796.0,coinmetrics_community
stable_dai,2023-11-30,dai,2298.0,3357.0,4232.0,coinmetrics_community
stable_dai,2023-12-01,dai,2494.0,3685.0,4767.0,coinmetrics_community
stable_dai,2023-12-02,dai,2252.0,3293.0,4319.0,coinmetrics_community
stable_dai,2023-12-03,dai,2297.0,3376.0,4406.0,coinmetrics_community
stable_dai,2023-12-04,dai,2935.0,4681.0,6052.0,coinmetrics_community
stable_dai,2023-12-05,dai,2756.0,4126.0,5346.0,coinmetrics_community
stable_dai,2023-12-06,dai,2537.0,3957.0,5017.0,coinmetrics_community
stable_dai,2023-12-07,dai,2698.0,4057.0,5182.0,coinmetrics_community
stable_dai,2023-12-08,dai,2720.0,4160.0,5362.0,coinmetrics_community
stable_dai,2023-12-09,dai,2562.0,3981.0,5310.0,coinmetrics_community
stable_dai,2023-12-10,dai,2311.0,3566.0,4585.0,coinmetrics_community
stable_dai,2023-12-11,dai,2863.0,5129.0,6899.0,coinmetrics_community
stable_dai,2023-12-12,dai,2628.0,6657.0,9865.0,coinmetrics_community
stable_dai,2023-12-13,dai,2761.0,10487.0,17687.0,coinmetrics_community
stable_dai,2023-12-14,dai,2390.0,4812.0,6787.0,coinmetrics_community
stable_dai,2023-12-15,dai,2137.0,3843.0,5584.0,coinmetrics_community
stable_dai,2023-12-16,dai,1896.0,3559.0,5464.0,coinmetrics_community
stable_dai,2023-12-17,dai,1868.0,3246.0,4685.0,coinmetrics_community
stable_dai,2023-12-18,dai,3182.0,4611.0,5714.0,coinmetrics_community
stable_dai,2023-12-19,dai,2542.0,4103.0,5522.0,coinmetrics_community
stable_dai,2023-12-20,dai,2357.0,3652.0,4805.0,coinmetrics_community
stable_dai,2023-12-21,dai,2507.0,3995.0,5305.0,coinmetrics_community
stable_dai,2023-12-22,dai,2621.0,4338.0,5611.0,coinmetrics_community
stable_dai,2023-12-23,dai,2295.0,3542.0,4659.0,coinmetrics_community
stable_dai,2023-12-24,dai,2233.0,3745.0,5015.0,coinmetrics_community
stable_dai,2023-12-25,dai,2229.0,3473.0,4769.0,coinmetrics_community
stable_dai,2023-12-26,dai,2716.0,4568.0,6547.0,coinmetrics_community
stable_dai,2023-12-27,dai,2669.0,4818.0,6697.0,coinmetrics_community
stable_dai,2023-12-28,dai,2840.0,5544.0,7827.0,coinmetrics_community
stable_dai,2023-12-29,dai,2530.0,4997.0,6914.0,coinmetrics_community
stable_dai,2023-12-30,dai,2291.0,4162.0,6043.0,coinmetrics_community
stable_dai,2023-12-31,dai,2545.0,4626.0,6505.0,coinmetrics_community
stable_dai,2024-01-01,dai,2396.0,4873.0,6907.0,coinmetrics_community
stable_dai,2024-01-02,dai,2977.0,5777.0,8018.0,coinmetrics_community
stable_dai,2024-01-03,dai,3064.0,5989.0,8214.0,coinmetrics_community
stable_dai,2024-01-04,dai,2942.0,5525.0,7680.0,coinmetrics_community
stable_dai,2024-01-05,dai,2704.0,5705.0,8062.0,coinmetrics_community
stable_dai,2024-01-06,dai,2099.0,3942.0,5497.0,coinmetrics_community
stable_dai,2024-01-07,dai,1838.0,3128.0,4255.0,coinmetrics_community
stable_dai,2024-01-08,dai,2913.0,6094.0,8705.0,coinmetrics_community
stable_dai,2024-01-09,dai,2670.0,5692.0,7922.0,coinmetrics_community
stable_dai,2024-01-10,dai,2864.0,6145.0,8464.0,coinmetrics_community
stable_dai,2024-01-11,dai,3316.0,6359.0,9114.0,coinmetrics_community
stable_dai,2024-01-12,dai,3073.0,6232.0,8717.0,coinmetrics_community
stable_dai,2024-01-13,dai,2444.0,4512.0,6223.0,coinmetrics_community
stable_dai,2024-01-14,dai,2184.0,4046.0,5668.0,coinmetrics_community
stable_dai,2024-01-15,dai,2837.0,5418.0,7563.0,coinmetrics_community
stable_dai,2024-01-16,dai,3344.0,5194.0,6711.0,coinmetrics_community
stable_dai,2024-01-17,dai,2345.0,3726.0,4918.0,coinmetrics_community
stable_dai,2024-01-18,dai,2698.0,4469.0,6155.0,coinmetrics_community
stable_dai,2024-01-19,dai,2895.0,5223.0,6975.0,coinmetrics_community
stable_dai,2024-01-20,dai,4151.0,5711.0,7246.0,coinmetrics_community
stable_dai,2024-01-21,dai,2291.0,3675.0,5096.0,coinmetrics_community
stable_dai,2024-01-22,dai,3040.0,5870.0,8152.0,coinmetrics_community
stable_dai,2024-01-23,dai,3332.0,6659.0,9675.0,coinmetrics_community
stable_dai,2024-01-24,dai,2799.0,5161.0,7124.0,coinmetrics_community
stable_dai,2024-01-25,dai,2336.0,4440.0,6389.0,coinmetrics_community
stable_dai,2024-01-26,dai,2581.0,5537.0,8497.0,coinmetrics_community
stable_dai,2024-01-27,dai,2295.0,4800.0,7378.0,coinmetrics_community
stable_dai,2024-01-28,dai,2275.0,5447.0,8919.0,coinmetrics_community
stable_dai,2024-01-29,dai,2745.0,7964.0,13387.0,coinmetrics_community
stable_dai,2024-01-30,dai,2945.0,6246.0,9738.0,coinmetrics_community
stable_dai,2024-01-31,dai,2841.0,5623.0,8069.0,coinmetrics_community
stable_dai,2024-02-01,dai,2684.0,4574.0,6282.0,coinmetrics_community
stable_dai,2024-02-02,dai,2585.0,4779.0,6849.0,coinmetrics_community
stable_dai,2024-02-03,dai,1952.0,3437.0,4901.0,coinmetrics_community
stable_dai,2024-02-04,dai,1949.0,3283.0,4568.0,coinmetrics_community
stable_dai,2024-02-05,dai,2574.0,4321.0,5996.0,coinmetrics_community
stable_dai,2024-02-06,dai,2183.0,3959.0,5792.0,coinmetrics_community
stable_dai,2024-02-07,dai,2185.0,3694.0,5034.0,coinmetrics_community
stable_dai,2024-02-08,dai,1984.0,3084.0,4392.0,coinmetrics_community
stable_dai,2024-02-09,dai,2182.0,3415.0,4818.0,coinmetrics_community
stable_dai,2024-02-10,dai,2030.0,3513.0,5229.0,coinmetrics_community
stable_dai,2024-02-11,dai,2001.0,3070.0,4429.0,coinmetrics_community
stable_dai,2024-02-12,dai,2490.0,4147.0,6067.0,coinmetrics_community
stable_dai,2024-02-13,dai,2608.0,4312.0,6279.0,coinmetrics_community
stable_dai,2024-02-14,dai,2766.0,4859.0,7343.0,coinmetrics_community
stable_dai,2024-02-15,dai,2608.0,4339.0,6170.0,coinmetrics_community
stable_dai,2024-02-16,dai,2450.0,3973.0,5579.0,coinmetrics_community
stable_dai,2024-02-17,dai,2158.0,3669.0,5132.0,coinmetrics_community
stable_dai,2024-02-18,dai,2844.0,5246.0,6971.0,coinmetrics_community
stable_dai,2024-02-19,dai,2922.0,4976.0,6903.0,coinmetrics_community
stable_dai,2024-02-20,dai,2591.0,4754.0,6720.0,coinmetrics_community
stable_dai,2024-02-21,dai,2558.0,4370.0,6042.0,coinmetrics_community
stable_dai,2024-02-22,dai,2153.0,3502.0,4811.0,coinmetrics_community
stable_dai,2024-02-23,dai,2257.0,3547.0,4756.0,coinmetrics_community
stable_dai,2024-02-24,dai,2229.0,3527.0,4676.0,coinmetrics_community
stable_dai,2024-02-25,dai,2149.0,3369.0,4667.0,coinmetrics_community
stable_dai,2024-02-26,dai,2609.0,4215.0,6138.0,coinmetrics_community
stable_dai,2024-02-27,dai,2779.0,5046.0,7087.0,coinmetrics_community
stable_dai,2024-02-28,dai,3244.0,5808.0,8273.0,coinmetrics_community
stable_dai,2024-02-29,dai,3176.0,5830.0,7683.0,coinmetrics_community
stable_dai,2024-03-01,dai,2715.0,6452.0,7992.0,coinmetrics_community
stable_dai,2024-03-02,dai,2519.0,4988.0,6235.0,coinmetrics_community
stable_dai,2024-03-03,dai,2461.0,4979.0,6237.0,coinmetrics_community
stable_dai,2024-03-04,dai,2951.0,5570.0,7380.0,coinmetrics_community
stable_dai,2024-03-05,dai,3381.0,6355.0,8773.0,coinmetrics_community
stable_dai,2024-03-06,dai,3003.0,5599.0,7860.0,coinmetrics_community
stable_dai,2024-03-07,dai,2652.0,4460.0,6064.0,coinmetrics_community
stable_dai,2024-03-08,dai,2988.0,5025.0,7062.0,coinmetrics_community
stable_dai,2024-03-09,dai,2304.0,4317.0,5597.0,coinmetrics_community
stable_dai,2024-03-10,dai,2590.0,4542.0,6330.0,coinmetrics_community
stable_dai,2024-03-11,dai,2887.0,4962.0,6907.0,coinmetrics_community
stable_dai,2024-03-12,dai,2703.0,5041.0,6836.0,coinmetrics_community
stable_dai,2024-03-13,dai,2622.0,4721.0,6523.0,coinmetrics_community
stable_dai,2024-03-14,dai,2741.0,4908.0,6574.0,coinmetrics_community
stable_dai,2024-03-15,dai,3275.0,6990.0,9701.0,coinmetrics_community
stable_dai,2024-03-16,dai,2655.0,5111.0,6943.0,coinmetrics_community
stable_dai,2024-03-17,dai,2665.0,5144.0,6951.0,coinmetrics_community
stable_dai,2024-03-18,dai,2675.0,4729.0,6214.0,coinmetrics_community
stable_dai,2024-03-19,dai,3213.0,6649.0,9435.0,coinmetrics_community
stable_dai,2024-03-20,dai,3034.0,6888.0,9424.0,coinmetrics_community
stable_dai,2024-03-21,dai,2533.0,5286.0,7108.0,coinmetrics_community
stable_dai,2024-03-22,dai,2679.0,5610.0,7476.0,coinmetrics_community
stable_dai,2024-03-23,dai,2166.0,4138.0,5351.0,coinmetrics_community
stable_dai,2024-03-24,dai,2296.0,4188.0,5675.0,coinmetrics_community
stable_dai,2024-03-25,dai,3082.0,5397.0,6951.0,coinmetrics_community
stable_dai,2024-03-26,dai,2590.0,4581.0,6068.0,coinmetrics_community
stable_dai,2024-03-27,dai,2443.0,4425.0,5828.0,coinmetrics_community
stable_dai,2024-03-28,dai,2308.0,3918.0,5186.0,coinmetrics_community
stable_dai,2024-03-29,dai,2483.0,4829.0,6753.0,coinmetrics_community
stable_dai,2024-03-30,dai,2082.0,3652.0,4996.0,coinmetrics_community
stable_dai,2024-03-31,dai,2296.0,3674.0,4802.0,coinmetrics_community
stable_dai,2024-04-01,dai,2961.0,5088.0,6751.0,coinmetrics_community
stable_dai,2024-04-02,dai,3151.0,6479.0,8974.0,coinmetrics_community
stable_dai,2024-04-03,dai,2593.0,4758.0,6354.0,coinmetrics_community
stable_dai,2024-04-04,dai,2548.0,4480.0,6066.0,coinmetrics_community
stable_dai,2024-04-05,dai,2372.0,4579.0,5972.0,coinmetrics_community
stable_dai,2024-04-06,dai,2140.0,3518.0,4703.0,coinmetrics_community
stable_dai,2024-04-07,dai,2033.0,3492.0,4968.0,coinmetrics_community
stable_dai,2024-04-08,dai,2642.0,5007.0,7201.0,coinmetrics_community
stable_dai,2024-04-09,dai,2339.0,4294.0,6056.0,coinmetrics_community
stable_dai,2024-04-10,dai,2345.0,4626.0,6265.0,coinmetrics_community
stable_dai,2024-04-11,dai,2164.0,4085.0,5622.0,coinmetrics_community
stable_dai,2024-04-12,dai,2785.0,5612.0,8843.0,coinmetrics_community
stable_dai,2024-04-13,dai,3144.0,6698.0,9953.0,coinmetrics_community
stable_dai,2024-04-14,dai,2969.0,6996.0,9802.0,coinmetrics_community
stable_dai,2024-04-15,dai,3251.0,6256.0,8541.0,coinmetrics_community
stable_dai,2024-04-16,dai,2703.0,5946.0,8287.0,coinmetrics_community
stable_dai,2024-04-17,dai,2457.0,4622.0,6686.0,coinmetrics_community
stable_dai,2024-04-18,dai,2308.0,4734.0,6787.0,coinmetrics_community
stable_dai,2024-04-19,dai,2430.0,5655.0,7910.0,coinmetrics_community
stable_dai,2024-04-20,dai,2103.0,3879.0,5296.0,coinmetrics_community
stable_dai,2024-04-21,dai,2085.0,3894.0,5452.0,coinmetrics_community
stable_dai,2024-04-22,dai,2183.0,4241.0,5953.0,coinmetrics_community
stable_dai,2024-04-23,dai,2228.0,3921.0,5701.0,coinmetrics_community
stable_dai,2024-04-24,dai,2284.0,4410.0,6428.0,coinmetrics_community
stable_dai,2024-04-25,dai,2230.0,4546.0,6437.0,coinmetrics_community
stable_dai,2024-04-26,dai,2387.0,4440.0,6380.0,coinmetrics_community
stable_dai,2024-04-27,dai,2108.0,3881.0,5460.0,coinmetrics_community
stable_dai,2024-04-28,dai,1988.0,4108.0,5815.0,coinmetrics_community
stable_dai,2024-04-29,dai,2247.0,4472.0,6473.0,coinmetrics_community
stable_dai,2024-04-30,dai,2637.0,6013.0,8673.0,coinmetrics_community
stable_dai,2024-05-01,dai,3100.0,6654.0,9661.0,coinmetrics_community
stable_dai,2024-05-02,dai,2439.0,4727.0,6966.0,coinmetrics_community
stable_dai,2024-05-03,dai,2401.0,4680.0,6948.0,coinmetrics_community
stable_dai,2024-05-04,dai,2042.0,3976.0,5556.0,coinmetrics_community
stable_dai,2024-05-05,dai,1810.0,3434.0,4774.0,coinmetrics_community
stable_dai,2024-05-06,dai,2468.0,4643.0,6702.0,coinmetrics_community
stable_dai,2024-05-07,dai,2169.0,3938.0,5563.0,coinmetrics_community
stable_dai,2024-05-08,dai,2261.0,4399.0,6528.0,coinmetrics_community
stable_dai,2024-05-09,dai,2821.0,4818.0,6742.0,coinmetrics_community
stable_dai,2024-05-10,dai,2131.0,3782.0,5426.0,coinmetrics_community
stable_dai,2024-05-11,dai,1861.0,2996.0,4461.0,coinmetrics_community
stable_dai,2024-05-12,dai,1825.0,3136.0,4676.0,coinmetrics_community
stable_dai,2024-05-13,dai,2053.0,3898.0,5536.0,coinmetrics_community
stable_dai,2024-05-14,dai,2129.0,4237.0,6008.0,coinmetrics_community
stable_dai,2024-05-15,dai,2378.0,4550.0,6632.0,coinmetrics_community
stable_dai,2024-05-16,dai,2368.0,4328.0,6342.0,coinmetrics_community
stable_dai,2024-05-17,dai,2326.0,4367.0,6924.0,coinmetrics_community
stable_dai,2024-05-18,dai,2132.0,4140.0,6553.0,coinmetrics_community
stable_dai,2024-05-19,dai,1989.0,4747.0,7463.0,coinmetrics_community
stable_dai,2024-05-20,dai,2481.0,5861.0,9042.0,coinmetrics_community
stable_dai,2024-05-21,dai,2956.0,6172.0,9542.0,coinmetrics_community
stable_dai,2024-05-22,dai,2440.0,4793.0,6931.0,coinmetrics_community
stable_dai,2024-05-23,dai,2507.0,5541.0,8256.0,coinmetrics_community
stable_dai,2024-05-24,dai,2380.0,4312.0,6185.0,coinmetrics_community
stable_dai,2024-05-25,dai,1991.0,3277.0,4807.0,coinmetrics_community
stable_dai,2024-05-26,dai,2167.0,3524.0,4901.0,coinmetrics_community
stable_dai,2024-05-27,dai,2218.0,3927.0,5519.0,coinmetrics_community
stable_dai,2024-05-28,dai,2099.0,3625.0,5072.0,coinmetrics_community
stable_dai,2024-05-29,dai,2200.0,3592.0,5044.0,coinmetrics_community
stable_dai,2024-05-30,dai,2086.0,3488.0,4871.0,coinmetrics_community
stable_dai,2024-05-31,dai,2590.0,4091.0,5719.0,coinmetrics_community
stable_dai,2024-06-01,dai,1815.0,2565.0,3827.0,coinmetrics_community
stable_dai,2024-06-02,dai,1687.0,2592.0,3632.0,coinmetrics_community
stable_dai,2024-06-03,dai,2119.0,3197.0,4594.0,coinmetrics_community
stable_dai,2024-06-04,dai,2185.0,3519.0,4979.0,coinmetrics_community
stable_dai,2024-06-05,dai,2104.0,4194.0,5906.0,coinmetrics_community
stable_dai,2024-06-06,dai,1942.0,3550.0,4988.0,coinmetrics_community
stable_dai,2024-06-07,dai,2185.0,3453.0,5051.0,coinmetrics_community
stable_dai,2024-06-08,dai,1982.0,3488.0,5299.0,coinmetrics_community
stable_dai,2024-06-09,dai,1903.0,2796.0,4195.0,coinmetrics_community
stable_dai,2024-06-10,dai,2070.0,3391.0,5033.0,coinmetrics_community
stable_dai,2024-06-11,dai,2486.0,4475.0,6509.0,coinmetrics_community
stable_dai,2024-06-12,dai,2039.0,3626.0,5089.0,coinmetrics_community
stable_dai,2024-06-13,dai,1997.0,3508.0,5027.0,coinmetrics_community
stable_dai,2024-06-14,dai,2328.0,4020.0,6041.0,coinmetrics_community
stable_dai,2024-06-15,dai,2034.0,3450.0,5148.0,coinmetrics_community
stable_dai,2024-06-16,dai,2223.0,3681.0,5078.0,coinmetrics_community
stable_dai,2024-06-17,dai,2249.0,4747.0,6294.0,coinmetrics_community
stable_dai,2024-06-18,dai,2349.0,5318.0,7365.0,coinmetrics_community
stable_dai,2024-06-19,dai,2185.0,4669.0,6455.0,coinmetrics_community
stable_dai,2024-06-20,dai,2082.0,3788.0,5092.0,coinmetrics_community
stable_dai,2024-06-21,dai,2159.0,4081.0,5712.0,coinmetrics_community
stable_dai,2024-06-22,dai,2399.0,3538.0,5080.0,coinmetrics_community
stable_dai,2024-06-23,dai,2040.0,3475.0,5012.0,coinmetrics_community
stable_dai,2024-06-24,dai,2566.0,5445.0,7976.0,coinmetrics_community
stable_dai,2024-06-25,dai,2219.0,4265.0,6180.0,coinmetrics_community
stable_dai,2024-06-26,dai,2228.0,4085.0,5629.0,coinmetrics_community
stable_dai,2024-06-27,dai,2128.0,3849.0,5316.0,coinmetrics_community
stable_dai,2024-06-28,dai,2188.0,4053.0,5773.0,coinmetrics_community
stable_dai,2024-06-29,dai,2045.0,2908.0,4267.0,coinmetrics_community
stable_dai,2024-06-30,dai,2359.0,3730.0,5320.0,coinmetrics_community
stable_dai,2024-07-01,dai,2321.0,3852.0,5460.0,coinmetrics_community
stable_dai,2024-07-02,dai,2092.0,3082.0,4515.0,coinmetrics_community
stable_dai,2024-07-03,dai,2081.0,3820.0,5525.0,coinmetrics_community
stable_dai,2024-07-04,dai,2429.0,5272.0,8019.0,coinmetrics_community
stable_dai,2024-07-05,dai,3085.0,7287.0,10897.0,coinmetrics_community
stable_dai,2024-07-06,dai,2379.0,4400.0,6264.0,coinmetrics_community
stable_dai,2024-07-07,dai,2345.0,4801.0,6610.0,coinmetrics_community
stable_dai,2024-07-08,dai,2543.0,6723.0,9436.0,coinmetrics_community
stable_dai,2024-07-09,dai,2154.0,4460.0,6014.0,coinmetrics_community
stable_dai,2024-07-10,dai,2078.0,3900.0,5406.0,coinmetrics_community
stable_dai,2024-07-11,dai,2187.0,4729.0,6732.0,coinmetrics_community
stable_dai,2024-07-12,dai,2264.0,4766.0,6583.0,coinmetrics_community
stable_dai,2024-07-13,dai,2162.0,3804.0,5319.0,coinmetrics_community
stable_dai,2024-07-14,dai,1846.0,3617.0,5320.0,coinmetrics_community
stable_dai,2024-07-15,dai,2326.0,4953.0,7237.0,coinmetrics_community
stable_dai,2024-07-16,dai,2293.0,4891.0,6681.0,coinmetrics_community
stable_dai,2024-07-17,dai,2047.0,4014.0,5374.0,coinmetrics_community
stable_dai,2024-07-18,dai,1863.0,3425.0,4656.0,coinmetrics_community
stable_dai,2024-07-19,dai,2059.0,4293.0,5820.0,coinmetrics_community
stable_dai,2024-07-20,dai,1806.0,3321.0,4794.0,coinmetrics_community
stable_dai,2024-07-21,dai,1956.0,3662.0,5099.0,coinmetrics_community
stable_dai,2024-07-22,dai,2016.0,4112.0,5737.0,coinmetrics_community
stable_dai,2024-07-23,dai,2216.0,5845.0,8706.0,coinmetrics_community
stable_dai,2024-07-24,dai,2235.0,4680.0,6654.0,coinmetrics_community
stable_dai,2024-07-25,dai,2707.0,6521.0,9749.0,coinmetrics_community
stable_dai,2024-07-26,dai,2142.0,4586.0,6551.0,coinmetrics_community
stable_dai,2024-07-27,dai,1946.0,3802.0,5585.0,coinmetrics_community
stable_dai,2024-07-28,dai,1865.0,3555.0,5140.0,coinmetrics_community
stable_dai,2024-07-29,dai,2363.0,5018.0,7438.0,coinmetrics_community
stable_dai,2024-07-30,dai,2120.0,4248.0,6128.0,coinmetrics_community
stable_dai,2024-07-31,dai,2117.0,3975.0,5328.0,coinmetrics_community
stable_dai,2024-08-01,dai,2327.0,4735.0,6659.0,coinmetrics_community
stable_dai,2024-08-02,dai,2524.0,5821.0,8734.0,coinmetrics_community
stable_dai,2024-08-03,dai,2437.0,6201.0,9597.0,coinmetrics_community
stable_dai,2024-08-04,dai,3543.0,6930.0,10714.0,coinmetrics_community
stable_dai,2024-08-05,dai,4956.0,14207.0,23159.0,coinmetrics_community
stable_dai,2024-08-06,dai,3658.0,9056.0,13836.0,coinmetrics_community
stable_dai,2024-08-07,dai,2873.0,7509.0,11240.0,coinmetrics_community
stable_dai,2024-08-08,dai,2701.0,6179.0,9508.0,coinmetrics_community
stable_dai,2024-08-09,dai,2474.0,5806.0,8509.0,coinmetrics_community
stable_dai,2024-08-10,dai,1934.0,4176.0,6115.0,coinmetrics_community
stable_dai,2024-08-11,dai,1930.0,4855.0,7280.0,coinmetrics_community
stable_dai,2024-08-12,dai,2229.0,5288.0,7576.0,coinmetrics_community
stable_dai,2024-08-13,dai,3569.0,6309.0,10253.0,coinmetrics_community
stable_dai,2024-08-14,dai,2420.0,5043.0,7084.0,coinmetrics_community
stable_dai,2024-08-15,dai,2390.0,4495.0,6528.0,coinmetrics_community
stable_dai,2024-08-16,dai,2427.0,5093.0,7377.0,coinmetrics_community
stable_dai,2024-08-17,dai,2102.0,3583.0,5093.0,coinmetrics_community
stable_dai,2024-08-18,dai,2074.0,3874.0,5502.0,coinmetrics_community
stable_dai,2024-08-19,dai,2552.0,4962.0,6966.0,coinmetrics_community
stable_dai,2024-08-20,dai,2641.0,5313.0,7883.0,coinmetrics_community
stable_dai,2024-08-21,dai,2383.0,5198.0,7443.0,coinmetrics_community
stable_dai,2024-08-22,dai,4019.0,6198.0,7960.0,coinmetrics_community
stable_dai,2024-08-23,dai,3237.0,6565.0,9512.0,coinmetrics_community
stable_dai,2024-08-24,dai,3170.0,5971.0,8210.0,coinmetrics_community
stable_dai,2024-08-25,dai,2236.0,4565.0,6436.0,coinmetrics_community
stable_dai,2024-08-26,dai,2678.0,5457.0,7696.0,coinmetrics_community
stable_dai,2024-08-27,dai,2993.0,6287.0,9294.0,coinmetrics_community
stable_dai,2024-08-28,dai,3117.0,6833.0,9911.0,coinmetrics_community
stable_dai,2024-08-29,dai,2818.0,5426.0,7437.0,coinmetrics_community
stable_dai,2024-08-30,dai,2727.0,5264.0,7365.0,coinmetrics_community
stable_dai,2024-08-31,dai,2395.0,4024.0,5636.0,coinmetrics_community
stable_dai,2024-09-01,dai,2481.0,5547.0,7960.0,coinmetrics_community
stable_dai,2024-09-02,dai,2351.0,4285.0,6012.0,coinmetrics_community
stable_dai,2024-09-03,dai,2935.0,5269.0,7628.0,coinmetrics_community
stable_dai,2024-09-04,dai,2900.0,5735.0,8647.0,coinmetrics_community
stable_dai,2024-09-05,dai,2197.0,4093.0,5803.0,coinmetrics_community
stable_dai,2024-09-06,dai,3040.0,6711.0,10076.0,coinmetrics_community
stable_dai,2024-09-07,dai,2766.0,5107.0,6973.0,coinmetrics_community
stable_dai,2024-09-08,dai,2596.0,4995.0,6561.0,coinmetrics_community
stable_dai,2024-09-09,dai,2620.0,5333.0,7165.0,coinmetrics_community
stable_dai,2024-09-10,dai,2179.0,4094.0,5656.0,coinmetrics_community
stable_dai,2024-09-11,dai,2313.0,4994.0,6744.0,coinmetrics_community
stable_dai,2024-09-12,dai,2695.0,4758.0,6394.0,coinmetrics_community
stable_dai,2024-09-13,dai,2846.0,5340.0,7494.0,coinmetrics_community
stable_dai,2024-09-14,dai,2605.0,4867.0,6794.0,coinmetrics_community
stable_dai,2024-09-15,dai,2091.0,4039.0,5794.0,coinmetrics_community
stable_dai,2024-09-16,dai,2282.0,4404.0,6004.0,coinmetrics_community
stable_dai,2024-09-17,dai,2346.0,4047.0,5461.0,coinmetrics_community
stable_dai,2024-09-18,dai,2243.0,3750.0,5641.0,coinmetrics_community
stable_dai,2024-09-19,dai,2145.0,3765.0,5499.0,coinmetrics_community
stable_dai,2024-09-20,dai,2273.0,3760.0,5401.0,coinmetrics_community
stable_dai,2024-09-21,dai,1713.0,2597.0,3704.0,coinmetrics_community
stable_dai,2024-09-22,dai,1786.0,2894.0,4106.0,coinmetrics_community
stable_dai,2024-09-23,dai,2012.0,3210.0,4498.0,coinmetrics_community
stable_dai,2024-09-24,dai,2020.0,2866.0,3917.0,coinmetrics_community
stable_dai,2024-09-25,dai,2075.0,2998.0,4004.0,coinmetrics_community
stable_dai,2024-09-26,dai,2210.0,3350.0,6098.0,coinmetrics_community
stable_dai,2024-09-27,dai,2283.0,3507.0,4985.0,coinmetrics_community
stable_dai,2024-09-28,dai,2300.0,3190.0,4507.0,coinmetrics_community
stable_dai,2024-09-29,dai,1833.0,2758.0,3835.0,coinmetrics_community
stable_dai,2024-09-30,dai,2625.0,3932.0,5319.0,coinmetrics_community
stable_dai,2024-10-01,dai,2584.0,4252.0,6375.0,coinmetrics_community
stable_dai,2024-10-02,dai,2641.0,4540.0,6405.0,coinmetrics_community
stable_dai,2024-10-03,dai,2989.0,5012.0,6952.0,coinmetrics_community
stable_dai,2024-10-04,dai,2476.0,4366.0,6052.0,coinmetrics_community
stable_dai,2024-10-05,dai,1849.0,3108.0,4210.0,coinmetrics_community
stable_dai,2024-10-06,dai,1752.0,2809.0,3919.0,coinmetrics_community
stable_dai,2024-10-07,dai,2076.0,3751.0,4988.0,coinmetrics_community
stable_dai,2024-10-08,dai,1746.0,3050.0,4140.0,coinmetrics_community
stable_dai,2024-10-09,dai,1799.0,3000.0,4233.0,coinmetrics_community
stable_dai,2024-10-10,dai,2043.0,3529.0,5088.0,coinmetrics_community
stable_dai,2024-10-11,dai,1753.0,2915.0,4149.0,coinmetrics_community
stable_dai,2024-10-12,dai,2061.0,3120.0,4277.0,coinmetrics_community
stable_dai,2024-10-13,dai,1490.0,2357.0,3299.0,coinmetrics_community
stable_dai,2024-10-14,dai,2278.0,3959.0,5585.0,coinmetrics_community
stable_dai,2024-10-15,dai,2085.0,3988.0,5525.0,coinmetrics_community
stable_dai,2024-10-16,dai,2250.0,3840.0,5325.0,coinmetrics_community
stable_dai,2024-10-17,dai,1841.0,2856.0,3852.0,coinmetrics_community
stable_dai,2024-10-18,dai,1877.0,2895.0,4028.0,coinmetrics_community
stable_dai,2024-10-19,dai,1682.0,2476.0,3543.0,coinmetrics_community
stable_dai,2024-10-20,dai,1916.0,3207.0,5246.0,coinmetrics_community
stable_dai,2024-10-21,dai,2353.0,3585.0,5371.0,coinmetrics_community
stable_dai,2024-10-22,dai,2373.0,3735.0,5589.0,coinmetrics_community
stable_dai,2024-10-23,dai,2193.0,3537.0,5197.0,coinmetrics_community
stable_dai,2024-10-24,dai,2135.0,3566.0,5307.0,coinmetrics_community
stable_dai,2024-10-25,dai,2402.0,4668.0,6767.0,coinmetrics_community
stable_dai,2024-10-26,dai,2165.0,3422.0,4924.0,coinmetrics_community
stable_dai,2024-10-27,dai,1844.0,2941.0,4082.0,coinmetrics_community
stable_dai,2024-10-28,dai,2090.0,3552.0,4966.0,coinmetrics_community
stable_dai,2024-10-29,dai,2431.0,4069.0,6011.0,coinmetrics_community
stable_dai,2024-10-30,dai,2024.0,3368.0,4731.0,coinmetrics_community
stable_dai,2024-10-31,dai,2254.0,3821.0,5594.0,coinmetrics_community
stable_dai,2024-11-01,dai,2340.0,3937.0,5345.0,coinmetrics_community
stable_dai,2024-11-02,dai,1811.0,2688.0,4154.0,coinmetrics_community
stable_dai,2024-11-03,dai,2093.0,3710.0,6150.0,coinmetrics_community
stable_dai,2024-11-04,dai,2291.0,3870.0,5654.0,coinmetrics_community
stable_dai,2024-11-05,dai,2497.0,4446.0,6484.0,coinmetrics_community
stable_dai,2024-11-06,dai,2830.0,5706.0,8327.0,coinmetrics_community
stable_dai,2024-11-07,dai,2490.0,4652.0,6840.0,coinmetrics_community
stable_dai,2024-11-08,dai,2299.0,3977.0,5789.0,coinmetrics_community
stable_dai,2024-11-09,dai,2067.0,3684.0,5669.0,coinmetrics_community
stable_dai,2024-11-10,dai,2379.0,4294.0,6439.0,coinmetrics_community
stable_dai,2024-11-11,dai,2701.0,5141.0,7355.0,coinmetrics_community
stable_dai,2024-11-12,dai,2643.0,5140.0,7187.0,coinmetrics_community
stable_dai,2024-11-13,dai,2330.0,4490.0,6446.0,coinmetrics_community
stable_dai,2024-11-14,dai,2280.0,4144.0,6030.0,coinmetrics_community
stable_dai,2024-11-15,dai,2313.0,3819.0,5507.0,coinmetrics_community
stable_dai,2024-11-16,dai,1967.0,3263.0,4676.0,coinmetrics_community
stable_dai,2024-11-17,dai,2014.0,3643.0,5470.0,coinmetrics_community
stable_dai,2024-11-18,dai,2408.0,4671.0,6492.0,coinmetrics_community
stable_dai,2024-11-19,dai,2358.0,4279.0,6157.0,coinmetrics_community
stable_dai,2024-11-20,dai,2318.0,4216.0,6173.0,coinmetrics_community
stable_dai,2024-11-21,dai,2935.0,5970.0,8693.0,coinmetrics_community
stable_dai,2024-11-22,dai,3636.0,5809.0,8089.0,coinmetrics_community
stable_dai,2024-11-23,dai,2420.0,4454.0,6600.0,coinmetrics_community
stable_dai,2024-11-24,dai,2335.0,4331.0,6149.0,coinmetrics_community
stable_dai,2024-11-25,dai,2765.0,5606.0,8421.0,coinmetrics_community
stable_dai,2024-11-26,dai,2845.0,5834.0,8405.0,coinmetrics_community
stable_dai,2024-11-27,dai,2876.0,5439.0,8076.0,coinmetrics_community
stable_dai,2024-11-28,dai,2660.0,4836.0,6965.0,coinmetrics_community
stable_dai,2024-11-29,dai,2607.0,4659.0,6856.0,coinmetrics_community
stable_dai,2024-11-30,dai,2811.0,4940.0,7139.0,coinmetrics_community
stable_dai,2024-12-01,dai,2362.0,3994.0,5701.0,coinmetrics_community
stable_dai,2024-12-02,dai,2744.0,5014.0,7094.0,coinmetrics_community
stable_dai,2024-12-03,dai,2684.0,4892.0,7138.0,coinmetrics_community
stable_dai,2024-12-04,dai,2759.0,5120.0,7607.0,coinmetrics_community
stable_dai,2024-12-05,dai,2965.0,5398.0,8053.0,coinmetrics_community
stable_dai,2024-12-06,dai,2904.0,5219.0,7974.0,coinmetrics_community
stable_dai,2024-12-07,dai,2625.0,5065.0,7356.0,coinmetrics_community
stable_dai,2024-12-08,dai,2758.0,4701.0,6831.0,coinmetrics_community
stable_dai,2024-12-09,dai,2704.0,5384.0,7778.0,coinmetrics_community
stable_dai,2024-12-10,dai,2680.0,4758.0,7038.0,coinmetrics_community
stable_dai,2024-12-11,dai,2543.0,4425.0,6433.0,coinmetrics_community
stable_dai,2024-12-12,dai,2449.0,4134.0,6033.0,coinmetrics_community
stable_dai,2024-12-13,dai,2175.0,3507.0,5073.0,coinmetrics_community
stable_dai,2024-12-14,dai,2147.0,3798.0,5443.0,coinmetrics_community
stable_dai,2024-12-15,dai,2198.0,4134.0,5973.0,coinmetrics_community
stable_dai,2024-12-16,dai,2536.0,4719.0,6973.0,coinmetrics_community
stable_dai,2024-12-17,dai,2585.0,4194.0,6010.0,coinmetrics_community
stable_dai,2024-12-18,dai,3079.0,5063.0,7135.0,coinmetrics_community
stable_dai,2024-12-19,dai,2769.0,5845.0,9068.0,coinmetrics_community
stable_dai,2024-12-20,dai,3056.0,6544.0,10257.0,coinmetrics_community
stable_dai,2024-12-21,dai,2385.0,4523.0,6796.0,coinmetrics_community
stable_dai,2024-12-22,dai,2690.0,4855.0,6799.0,coinmetrics_community
stable_dai,2024-12-23,dai,2692.0,5075.0,7208.0,coinmetrics_community
stable_dai,2024-12-24,dai,2235.0,3982.0,5901.0,coinmetrics_community
stable_dai,2024-12-25,dai,2072.0,3383.0,4939.0,coinmetrics_community
stable_dai,2024-12-26,dai,2021.0,4016.0,6360.0,coinmetrics_community
stable_dai,2024-12-27,dai,2261.0,4081.0,6093.0,coinmetrics_community
stable_dai,2024-12-28,dai,2188.0,3412.0,5077.0,coinmetrics_community
stable_dai,2024-12-29,dai,2042.0,3449.0,5155.0,coinmetrics_community
stable_dai,2024-12-30,dai,2393.0,4352.0,6413.0,coinmetrics_community
stable_dai,2024-12-31,dai,2381.0,3979.0,5679.0,coinmetrics_community
stable_dai,2025-01-01,dai,1668.0,2674.0,3889.0,coinmetrics_community
stable_dai,2025-01-02,dai,2052.0,3234.0,4580.0,coinmetrics_community
stable_dai,2025-01-03,dai,2124.0,3354.0,5056.0,coinmetrics_community
stable_dai,2025-01-04,dai,1888.0,3121.0,4624.0,coinmetrics_community
stable_dai,2025-01-05,dai,1674.0,2905.0,4410.0,coinmetrics_community
stable_dai,2025-01-06,dai,2146.0,3416.0,4852.0,coinmetrics_community
stable_dai,2025-01-07,dai,2411.0,4255.0,6373.0,coinmetrics_community
stable_dai,2025-01-08,dai,2420.0,4816.0,7327.0,coinmetrics_community
stable_dai,2025-01-09,dai,2132.0,4338.0,6603.0,coinmetrics_community
stable_dai,2025-01-10,dai,2204.0,4365.0,6283.0,coinmetrics_community
stable_dai,2025-01-11,dai,1857.0,3005.0,4420.0,coinmetrics_community
stable_dai,2025-01-12,dai,2049.0,3596.0,5232.0,coinmetrics_community
stable_dai,2025-01-13,dai,2673.0,6002.0,9321.0,coinmetrics_community
stable_dai,2025-01-14,dai,2494.0,4228.0,6086.0,coinmetrics_community
stable_dai,2025-01-15,dai,2564.0,4487.0,6558.0,coinmetrics_community
stable_dai,2025-01-16,dai,2371.0,4416.0,6503.0,coinmetrics_community
stable_dai,2025-01-17,dai,2296.0,4213.0,6340.0,coinmetrics_community
stable_dai,2025-01-18,dai,2197.0,4447.0,6637.0,coinmetrics_community
stable_dai,2025-01-19,dai,2242.0,4555.0,6833.0,coinmetrics_community
stable_dai,2025-01-20,dai,2278.0,4467.0,6261.0,coinmetrics_community
stable_dai,2025-01-21,dai,2130.0,3957.0,5759.0,coinmetrics_community
stable_dai,2025-01-22,dai,2119.0,3651.0,5290.0,coinmetrics_community
stable_dai,2025-01-23,dai,2698.0,4512.0,6716.0,coinmetrics_community
stable_dai,2025-01-24,dai,2168.0,4370.0,6290.0,coinmetrics_community
stable_dai,2025-01-25,dai,1718.0,2966.0,4310.0,coinmetrics_community
stable_dai,2025-01-26,dai,2054.0,3457.0,5134.0,coinmetrics_community
stable_dai,2025-01-27,dai,2530.0,5318.0,8433.0,coinmetrics_community
stable_dai,2025-01-28,dai,2252.0,4146.0,6423.0,coinmetrics_community
stable_dai,2025-01-29,dai,2304.0,4621.0,6813.0,coinmetrics_community
stable_dai,2025-01-30,dai,2414.0,4542.0,6798.0,coinmetrics_community
stable_dai,2025-01-31,dai,2544.0,5297.0,7734.0,coinmetrics_community
stable_dai,2025-02-01,dai,2335.0,5036.0,7149.0,coinmetrics_community
stable_dai,2025-02-02,dai,2705.0,6859.0,10817.0,coinmetrics_community
stable_dai,2025-02-03,dai,3733.0,10104.0,16258.0,coinmetrics_community
stable_dai,2025-02-04,dai,3386.0,10257.0,14452.0,coinmetrics_community
stable_dai,2025-02-05,dai,2696.0,7759.0,11282.0,coinmetrics_community
stable_dai,2025-02-06,dai,2808.0,7510.0,10390.0,coinmetrics_community
stable_dai,2025-02-07,dai,3268.0,8822.0,12407.0,coinmetrics_community
stable_dai,2025-02-08,dai,2672.0,7026.0,10031.0,coinmetrics_community
stable_dai,2025-02-09,dai,2553.0,6587.0,9430.0,coinmetrics_community
stable_dai,2025-02-10,dai,2715.0,7065.0,10506.0,coinmetrics_community
stable_dai,2025-02-11,dai,2554.0,6574.0,9542.0,coinmetrics_community
stable_dai,2025-02-12,dai,2785.0,7270.0,10834.0,coinmetrics_community
stable_dai,2025-02-13,dai,2652.0,6135.0,9046.0,coinmetrics_community
stable_dai,2025-02-14,dai,2382.0,5604.0,8031.0,coinmetrics_community
stable_dai,2025-02-15,dai,2490.0,5175.0,7590.0,coinmetrics_community
stable_dai,2025-02-16,dai,2248.0,4936.0,7133.0,coinmetrics_community
stable_dai,2025-02-17,dai,2471.0,5037.0,6873.0,coinmetrics_community
stable_dai,2025-02-18,dai,3241.0,7086.0,9916.0,coinmetrics_community
stable_dai,2025-02-19,dai,3235.0,6730.0,9325.0,coinmetrics_community
stable_dai,2025-02-20,dai,3006.0,6265.0,8825.0,coinmetrics_community
stable_dai,2025-02-21,dai,3042.0,8032.0,11980.0,coinmetrics_community
stable_dai,2025-02-22,dai,2666.0,5728.0,8290.0,coinmetrics_community
stable_dai,2025-02-23,dai,2518.0,5805.0,8417.0,coinmetrics_community
stable_dai,2025-02-24,dai,3426.0,8843.0,13091.0,coinmetrics_community
stable_dai,2025-02-25,dai,5003.0,12145.0,18249.0,coinmetrics_community
stable_dai,2025-02-26,dai,3410.0,9025.0,13522.0,coinmetrics_community
stable_dai,2025-02-27,dai,3341.0,8440.0,12361.0,coinmetrics_community
stable_dai,2025-02-28,dai,4146.0,11363.0,17755.0,coinmetrics_community
stable_dai,2025-03-01,dai,3096.0,6566.0,9095.0,coinmetrics_community
stable_dai,2025-03-02,dai,2990.0,7801.0,11956.0,coinmetrics_community
stable_dai,2025-03-03,dai,3762.0,10427.0,15653.0,coinmetrics_community
stable_dai,2025-03-04,dai,3664.0,11197.0,17481.0,coinmetrics_community
stable_dai,2025-03-05,dai,3057.0,8291.0,12292.0,coinmetrics_community
stable_dai,2025-03-06,dai,3021.0,7905.0,11927.0,coinmetrics_community
stable_dai,2025-03-07,dai,5182.0,10084.0,15455.0,coinmetrics_community
stable_dai,2025-03-08,dai,2382.0,5951.0,9083.0,coinmetrics_community
stable_dai,2025-03-09,dai,2909.0,8258.0,13066.0,coinmetrics_community
stable_dai,2025-03-10,dai,4194.0,12282.0,19475.0,coinmetrics_community
stable_dai,2025-03-11,dai,3743.0,10665.0,16458.0,coinmetrics_community
stable_dai,2025-03-12,dai,2974.0,9747.0,15563.0,coinmetrics_community
stable_dai,2025-03-13,dai,2891.0,8482.0,13102.0,coinmetrics_community
stable_dai,2025-03-14,dai,2763.0,6641.0,10152.0,coinmetrics_community
stable_dai,2025-03-15,dai,2125.0,6037.0,9627.0,coinmetrics_community
stable_dai,2025-03-16,dai,2039.0,6125.0,9476.0,coinmetrics_community
stable_dai,2025-03-17,dai,2786.0,7375.0,11079.0,coinmetrics_community
stable_dai,2025-03-18,dai,2641.0,6614.0,10256.0,coinmetrics_community
stable_dai,2025-03-19,dai,2958.0,7229.0,11256.0,coinmetrics_community
stable_dai,2025-03-20,dai,2708.0,6186.0,9372.0,coinmetrics_community
stable_dai,2025-03-21,dai,2596.0,5891.0,8603.0,coinmetrics_community
stable_dai,2025-03-22,dai,4722.0,7227.0,9077.0,coinmetrics_community
stable_dai,2025-03-23,dai,2114.0,4677.0,6919.0,coinmetrics_community
stable_dai,2025-03-24,dai,3101.0,7057.0,10794.0,coinmetrics_community
stable_dai,2025-03-25,dai,2664.0,6633.0,10716.0,coinmetrics_community
stable_dai,2025-03-26,dai,2943.0,7415.0,11011.0,coinmetrics_community
stable_dai,2025-03-27,dai,3001.0,7278.0,11102.0,coinmetrics_community
stable_dai,2025-03-28,dai,3134.0,7870.0,11897.0,coinmetrics_community
stable_dai,2025-03-29,dai,2964.0,6966.0,10868.0,coinmetrics_community
stable_dai,2025-03-30,dai,2793.0,6495.0,10120.0,coinmetrics_community
stable_dai,2025-03-31,dai,3488.0,7930.0,11833.0,coinmetrics_community
stable_dai,2025-04-01,dai,3083.0,6431.0,9501.0,coinmetrics_community
stable_dai,2025-04-02,dai,2881.0,7160.0,11164.0,coinmetrics_community
stable_dai,2025-04-03,dai,6467.0,6543.0,10084.0,coinmetrics_community
stable_dai,2025-04-04,dai,2874.0,7055.0,10827.0,coinmetrics_community
stable_dai,2025-04-05,dai,2046.0,4272.0,6441.0,coinmetrics_community
stable_dai,2025-04-06,dai,4267.0,7229.0,12927.0,coinmetrics_community
stable_dai,2025-04-07,dai,8025.0,11742.0,19060.0,coinmetrics_community
stable_dai,2025-04-08,dai,3757.0,9883.0,15139.0,coinmetrics_community
stable_dai,2025-04-09,dai,3483.0,10247.0,17178.0,coinmetrics_community
stable_dai,2025-04-10,dai,3289.0,7913.0,12183.0,coinmetrics_community
stable_dai,2025-04-11,dai,2645.0,7748.0,11147.0,coinmetrics_community
stable_dai,2025-04-12,dai,2457.0,6656.0,9493.0,coinmetrics_community
stable_dai,2025-04-13,dai,2036.0,6604.0,9745.0,coinmetrics_community
stable_dai,2025-04-14,dai,2574.0,7021.0,10418.0,coinmetrics_community
stable_dai,2025-04-15,dai,2526.0,6722.0,9669.0,coinmetrics_community
stable_dai,2025-04-16,dai,3244.0,8630.0,13144.0,coinmetrics_community
stable_dai,2025-04-17,dai,3397.0,6532.0,9819.0,coinmetrics_community
stable_dai,2025-04-18,dai,2690.0,5482.0,8102.0,coinmetrics_community
stable_dai,2025-04-19,dai,2820.0,5559.0,7904.0,coinmetrics_community
stable_dai,2025-04-20,dai,1843.0,5128.0,7234.0,coinmetrics_community
stable_dai,2025-04-21,dai,2499.0,7156.0,10910.0,coinmetrics_community
stable_dai,2025-04-22,dai,2921.0,7842.0,12286.0,coinmetrics_community
stable_dai,2025-04-23,dai,2960.0,7814.0,11750.0,coinmetrics_community
stable_dai,2025-04-24,dai,5499.0,6019.0,8361.0,coinmetrics_community
stable_dai,2025-04-25,dai,3212.0,6702.0,9279.0,coinmetrics_community
stable_dai,2025-04-26,dai,2691.0,5362.0,7587.0,coinmetrics_community
stable_dai,2025-04-27,dai,2106.0,4882.0,7194.0,coinmetrics_community
stable_dai,2025-04-28,dai,2783.0,7577.0,11128.0,coinmetrics_community
stable_dai,2025-04-29,dai,2526.0,6338.0,9178.0,coinmetrics_community
stable_dai,2025-04-30,dai,2737.0,6462.0,9681.0,coinmetrics_community
stable_dai,2025-05-01,dai,2818.0,6272.0,9286.0,coinmetrics_community
stable_dai,2025-05-02,dai,2709.0,5547.0,7965.0,coinmetrics_community
stable_dai,2025-05-03,dai,2240.0,4469.0,6393.0,coinmetrics_community
stable_dai,2025-05-04,dai,2097.0,4846.0,7175.0,coinmetrics_community
stable_dai,2025-05-05,dai,2518.0,6903.0,11331.0,coinmetrics_community
stable_dai,2025-05-06,dai,3023.0,6117.0,9130.0,coinmetrics_community
stable_dai,2025-05-07,dai,2664.0,6175.0,9168.0,coinmetrics_community
stable_dai,2025-05-08,dai,2982.0,7030.0,11288.0,coinmetrics_community
stable_dai,2025-05-09,dai,3261.0,7889.0,12631.0,coinmetrics_community
stable_dai,2025-05-10,dai,2589.0,6052.0,9367.0,coinmetrics_community
stable_dai,2025-05-11,dai,2365.0,5173.0,7421.0,coinmetrics_community
stable_dai,2025-05-12,dai,2598.0,5936.0,8700.0,coinmetrics_community
stable_dai,2025-05-13,dai,3057.0,6686.0,10001.0,coinmetrics_community
stable_dai,2025-05-14,dai,2963.0,7252.0,10223.0,coinmetrics_community
stable_dai,2025-05-15,dai,3183.0,8219.0,11166.0,coinmetrics_community
stable_dai,2025-05-16,dai,2459.0,6757.0,9192.0,coinmetrics_community
stable_dai,2025-05-17,dai,2516.0,6933.0,9644.0,coinmetrics_community
stable_dai,2025-05-18,dai,2281.0,7078.0,11086.0,coinmetrics_community
stable_dai,2025-05-19,dai,2823.0,7939.0,12202.0,coinmetrics_community
stable_dai,2025-05-20,dai,2811.0,7166.0,10158.0,coinmetrics_community
stable_dai,2025-05-21,dai,4383.0,9718.0,13489.0,coinmetrics_community
stable_dai,2025-05-22,dai,2929.0,7010.0,10148.0,coinmetrics_community
stable_dai,2025-05-23,dai,3247.0,8496.0,12899.0,coinmetrics_community
stable_dai,2025-05-24,dai,3107.0,7510.0,10712.0,coinmetrics_community
stable_dai,2025-05-25,dai,2525.0,6523.0,9400.0,coinmetrics_community
stable_dai,2025-05-26,dai,2567.0,6402.0,9080.0,coinmetrics_community
stable_dai,2025-05-27,dai,2651.0,8134.0,12811.0,coinmetrics_community
stable_dai,2025-05-28,dai,2886.0,7281.0,10272.0,coinmetrics_community
stable_dai,2025-05-29,dai,2547.0,6486.0,9701.0,coinmetrics_community
stable_dai,2025-05-30,dai,2722.0,6731.0,9707.0,coinmetrics_community
stable_dai,2025-05-31,dai,2876.0,6437.0,9147.0,coinmetrics_community
stable_dai,2025-06-01,dai,3037.0,6611.0,9348.0,coinmetrics_community
stable_dai,2025-06-02,dai,2757.0,6418.0,9529.0,coinmetrics_community
stable_dai,2025-06-03,dai,2746.0,6363.0,9032.0,coinmetrics_community
stable_dai,2025-06-04,dai,2905.0,6871.0,9999.0,coinmetrics_community
stable_dai,2025-06-05,dai,3098.0,7285.0,10473.0,coinmetrics_community
stable_dai,2025-06-06,dai,2885.0,7058.0,10601.0,coinmetrics_community
stable_dai,2025-06-07,dai,2409.0,5126.0,6989.0,coinmetrics_community
stable_dai,2025-06-08,dai,2439.0,4888.0,6758.0,coinmetrics_community
stable_dai,2025-06-09,dai,2793.0,6258.0,9018.0,coinmetrics_community
stable_dai,2025-06-10,dai,2754.0,6628.0,9710.0,coinmetrics_community
stable_dai,2025-06-11,dai,2673.0,6560.0,10033.0,coinmetrics_community
stable_dai,2025-06-12,dai,2661.0,7337.0,10684.0,coinmetrics_community
stable_dai,2025-06-13,dai,3439.0,8954.0,13646.0,coinmetrics_community
stable_dai,2025-06-14,dai,2469.0,6234.0,8468.0,coinmetrics_community
stable_dai,2025-06-15,dai,2423.0,5654.0,8156.0,coinmetrics_community
stable_dai,2025-06-16,dai,2489.0,6763.0,10040.0,coinmetrics_community
stable_dai,2025-06-17,dai,3283.0,8363.0,12076.0,coinmetrics_community
stable_dai,2025-06-18,dai,2786.0,8051.0,11673.0,coinmetrics_community
stable_dai,2025-06-19,dai,2659.0,6420.0,8867.0,coinmetrics_community
stable_dai,2025-06-20,dai,2797.0,7902.0,11800.0,coinmetrics_community
stable_dai,2025-06-21,dai,2791.0,8524.0,13170.0,coinmetrics_community
stable_dai,2025-06-22,dai,3214.0,9531.0,14980.0,coinmetrics_community
stable_dai,2025-06-23,dai,3170.0,7663.0,11131.0,coinmetrics_community
stable_dai,2025-06-24,dai,2687.0,5610.0,8730.0,coinmetrics_community
stable_dai,2025-06-25,dai,2604.0,5112.0,7180.0,coinmetrics_community
stable_dai,2025-06-26,dai,2881.0,6254.0,8475.0,coinmetrics_community
stable_dai,2025-06-27,dai,3426.0,7294.0,9862.0,coinmetrics_community
stable_dai,2025-06-28,dai,2488.0,5089.0,6720.0,coinmetrics_community
stable_dai,2025-06-29,dai,2756.0,5933.0,7968.0,coinmetrics_community
stable_dai,2025-06-30,dai,3010.0,6071.0,8228.0,coinmetrics_community
stable_dai,2025-07-01,dai,3356.0,7257.0,9778.0,coinmetrics_community
stable_dai,2025-07-02,dai,3330.0,7187.0,9974.0,coinmetrics_community
stable_dai,2025-07-03,dai,3238.0,6744.0,9157.0,coinmetrics_community
stable_dai,2025-07-04,dai,2940.0,6748.0,9490.0,coinmetrics_community
stable_dai,2025-07-05,dai,2935.0,5972.0,7977.0,coinmetrics_community
stable_dai,2025-07-06,dai,2554.0,5560.0,7674.0,coinmetrics_community
stable_dai,2025-07-07,dai,2807.0,5713.0,7674.0,coinmetrics_community
stable_dai,2025-07-08,dai,3305.0,6511.0,8599.0,coinmetrics_community
stable_dai,2025-07-09,dai,3218.0,6342.0,8937.0,coinmetrics_community
stable_dai,2025-07-10,dai,3352.0,6745.0,9657.0,coinmetrics_community
stable_dai,2025-07-11,dai,3318.0,6885.0,10253.0,coinmetrics_community
stable_dai,2025-07-12,dai,3579.0,6721.0,9510.0,coinmetrics_community
stable_dai,2025-07-13,dai,2919.0,5687.0,8159.0,coinmetrics_community
stable_dai,2025-07-14,dai,3206.0,6322.0,9154.0,coinmetrics_community
stable_dai,2025-07-15,dai,3081.0,7244.0,10681.0,coinmetrics_community
stable_dai,2025-07-16,dai,3286.0,6959.0,10868.0,coinmetrics_community
stable_dai,2025-07-17,dai,3163.0,6981.0,10711.0,coinmetrics_community
stable_dai,2025-07-18,dai,3233.0,8296.0,13194.0,coinmetrics_community
stable_dai,2025-07-19,dai,3574.0,6801.0,9752.0,coinmetrics_community
stable_dai,2025-07-20,dai,3665.0,7181.0,11127.0,coinmetrics_community
stable_dai,2025-07-21,dai,4008.0,8231.0,12156.0,coinmetrics_community
stable_dai,2025-07-22,dai,3751.0,9082.0,13490.0,coinmetrics_community
stable_dai,2025-07-23,dai,3620.0,9921.0,14799.0,coinmetrics_community
stable_dai,2025-07-24,dai,3628.0,10457.0,16221.0,coinmetrics_community
stable_dai,2025-07-25,dai,3628.0,10783.0,16729.0,coinmetrics_community
stable_dai,2025-07-26,dai,3087.0,7543.0,11067.0,coinmetrics_community
stable_dai,2025-07-27,dai,3379.0,8644.0,12976.0,coinmetrics_community
stable_dai,2025-07-28,dai,3911.0,9735.0,14310.0,coinmetrics_community
stable_dai,2025-07-29,dai,3530.0,8657.0,12225.0,coinmetrics_community
stable_dai,2025-07-30,dai,2920.0,6790.0,9952.0,coinmetrics_community
stable_dai,2025-07-31,dai,3419.0,7049.0,10468.0,coinmetrics_community
stable_dai,2025-08-01,dai,4799.0,11230.0,16706.0,coinmetrics_community
stable_dai,2025-08-02,dai,4045.0,9449.0,14174.0,coinmetrics_community
stable_dai,2025-08-03,dai,2875.0,7030.0,10115.0,coinmetrics_community
stable_dai,2025-08-04,dai,3932.0,8789.0,12312.0,coinmetrics_community
stable_dai,2025-08-05,dai,3468.0,8275.0,12176.0,coinmetrics_community
stable_dai,2025-08-06,dai,3699.0,7722.0,11344.0,coinmetrics_community
stable_dai,2025-08-07,dai,3726.0,8170.0,12378.0,coinmetrics_community
stable_dai,2025-08-08,dai,3777.0,8097.0,12294.0,coinmetrics_community
stable_dai,2025-08-09,dai,3714.0,8145.0,13076.0,coinmetrics_community
stable_dai,2025-08-10,dai,3474.0,7492.0,11291.0,coinmetrics_community
stable_dai,2025-08-11,dai,3689.0,8280.0,12748.0,coinmetrics_community
stable_dai,2025-08-12,dai,4227.0,10503.0,16883.0,coinmetrics_community
stable_dai,2025-08-13,dai,4637.0,10667.0,15899.0,coinmetrics_community
stable_dai,2025-08-14,dai,4638.0,11669.0,17538.0,coinmetrics_community
stable_dai,2025-08-15,dai,5791.0,10307.0,15183.0,coinmetrics_community
stable_dai,2025-08-16,dai,3643.0,8494.0,11809.0,coinmetrics_community
stable_dai,2025-08-17,dai,3457.0,8164.0,12021.0,coinmetrics_community
stable_dai,2025-08-18,dai,4484.0,11012.0,16461.0,coinmetrics_community
stable_dai,2025-08-19,dai,4641.0,11323.0,16694.0,coinmetrics_community
stable_dai,2025-08-20,dai,4108.0,9777.0,14866.0,coinmetrics_community
stable_dai,2025-08-21,dai,4236.0,10125.0,14123.0,coinmetrics_community
stable_dai,2025-08-22,dai,4316.0,10824.0,16853.0,coinmetrics_community
stable_dai,2025-08-23,dai,4667.0,9192.0,13867.0,coinmetrics_community
stable_dai,2025-08-24,dai,3985.0,9319.0,15004.0,coinmetrics_community
stable_dai,2025-08-25,dai,4404.0,11522.0,17919.0,coinmetrics_community
stable_dai,2025-08-26,dai,4538.0,10187.0,15525.0,coinmetrics_community
stable_dai,2025-08-27,dai,3915.0,8504.0,12922.0,coinmetrics_community
stable_dai,2025-08-28,dai,4805.0,9625.0,14041.0,coinmetrics_community
stable_dai,2025-08-29,dai,4767.0,10683.0,16066.0,coinmetrics_community
stable_dai,2025-08-30,dai,3945.0,10281.0,14367.0,coinmetrics_community
stable_dai,2025-08-31,dai,5599.0,12369.0,18518.0,coinmetrics_community
stable_dai,2025-09-01,dai,4851.0,10082.0,15676.0,coinmetrics_community
stable_dai,2025-09-02,dai,5693.0,11040.0,16271.0,coinmetrics_community
stable_dai,2025-09-03,dai,5214.0,11018.0,15974.0,coinmetrics_community
stable_dai,2025-09-04,dai,3844.0,8609.0,12460.0,coinmetrics_community
stable_dai,2025-09-05,dai,4367.0,9604.0,14502.0,coinmetrics_community
stable_dai,2025-09-06,dai,3464.0,6933.0,9461.0,coinmetrics_community
stable_dai,2025-09-07,dai,2967.0,6218.0,8335.0,coinmetrics_community
stable_dai,2025-09-08,dai,3450.0,7800.0,10995.0,coinmetrics_community
stable_dai,2025-09-09,dai,3697.0,8124.0,11703.0,coinmetrics_community
stable_dai,2025-09-10,dai,3830.0,8247.0,11508.0,coinmetrics_community
stable_dai,2025-09-11,dai,3932.0,9667.0,13408.0,coinmetrics_community
stable_dai,2025-09-12,dai,3926.0,8900.0,13367.0,coinmetrics_community
stable_dai,2025-09-13,dai,4176.0,8496.0,12300.0,coinmetrics_community
stable_dai,2025-09-14,dai,3558.0,7641.0,11163.0,coinmetrics_community
stable_dai,2025-09-15,dai,3830.0,7761.0,11016.0,coinmetrics_community
stable_dai,2025-09-16,dai,4136.0,8023.0,11269.0,coinmetrics_community
stable_dai,2025-09-17,dai,4311.0,9957.0,14898.0,coinmetrics_community
stable_dai,2025-09-18,dai,4347.0,7999.0,11298.0,coinmetrics_community
stable_dai,2025-09-19,dai,5178.0,9368.0,13595.0,coinmetrics_community
stable_dai,2025-09-20,dai,5961.0,11287.0,17091.0,coinmetrics_community
stable_dai,2025-09-21,dai,3974.0,8132.0,12391.0,coinmetrics_community
stable_dai,2025-09-22,dai,4403.0,10614.0,16902.0,coinmetrics_community
stable_dai,2025-09-23,dai,4543.0,10569.0,15022.0,coinmetrics_community
stable_dai,2025-09-24,dai,4238.0,10901.0,15733.0,coinmetrics_community
stable_dai,2025-09-25,dai,4927.0,13781.0,21214.0,coinmetrics_community
stable_dai,2025-09-26,dai,4801.0,11731.0,17323.0,coinmetrics_community
stable_dai,2025-09-27,dai,3723.0,9732.0,12789.0,coinmetrics_community
stable_dai,2025-09-28,dai,4233.0,10534.0,13580.0,coinmetrics_community
stable_dai,2025-09-29,dai,4415.0,9519.0,13311.0,coinmetrics_community
stable_dai,2025-09-30,dai,4792.0,10508.0,14998.0,coinmetrics_community
stable_dai,2025-10-01,dai,5348.0,9697.0,14114.0,coinmetrics_community
stable_dai,2025-10-02,dai,4851.0,9363.0,13406.0,coinmetrics_community
stable_dai,2025-10-03,dai,4715.0,9461.0,13723.0,coinmetrics_community
stable_dai,2025-10-04,dai,4930.0,7575.0,10143.0,coinmetrics_community
stable_dai,2025-10-05,dai,5606.0,9400.0,12890.0,coinmetrics_community
stable_dai,2025-10-06,dai,4976.0,8554.0,12062.0,coinmetrics_community
stable_dai,2025-10-07,dai,5589.0,10841.0,15140.0,coinmetrics_community
stable_dai,2025-10-08,dai,5482.0,12208.0,17173.0,coinmetrics_community
stable_dai,2025-10-09,dai,5023.0,17586.0,28250.0,coinmetrics_community
stable_dai,2025-10-10,dai,5430.0,15813.0,25329.0,coinmetrics_community
stable_dai,2025-10-11,dai,6517.0,14104.0,21700.0,coinmetrics_community
stable_dai,2025-10-12,dai,5204.0,13028.0,21160.0,coinmetrics_community
stable_dai,2025-10-13,dai,4703.0,11752.0,17778.0,coinmetrics_community
stable_dai,2025-10-14,dai,4253.0,11678.0,19364.0,coinmetrics_community
stable_dai,2025-10-15,dai,4483.0,10963.0,17324.0,coinmetrics_community
stable_dai,2025-10-16,dai,4589.0,10941.0,16653.0,coinmetrics_community
stable_dai,2025-10-17,dai,8281.0,16925.0,22554.0,coinmetrics_community
stable_dai,2025-10-18,dai,5263.0,13059.0,16518.0,coinmetrics_community
stable_dai,2025-10-19,dai,4371.0,11256.0,15515.0,coinmetrics_community
stable_dai,2025-10-20,dai,4344.0,10799.0,15230.0,coinmetrics_community
stable_dai,2025-10-21,dai,4136.0,12380.0,19156.0,coinmetrics_community
stable_dai,2025-10-22,dai,4575.0,13128.0,19460.0,coinmetrics_community
stable_dai,2025-10-23,dai,6129.0,16864.0,23549.0,coinmetrics_community
stable_dai,2025-10-24,dai,5314.0,14512.0,20724.0,coinmetrics_community
stable_dai,2025-10-25,dai,4064.0,10865.0,14821.0,coinmetrics_community
stable_dai,2025-10-26,dai,4237.0,9641.0,14258.0,coinmetrics_community
stable_dai,2025-10-27,dai,4206.0,9493.0,14329.0,coinmetrics_community
stable_dai,2025-10-28,dai,4594.0,11305.0,17292.0,coinmetrics_community
stable_dai,2025-10-29,dai,4404.0,10656.0,16059.0,coinmetrics_community
stable_dai,2025-10-30,dai,4318.0,10466.0,16893.0,coinmetrics_community
stable_dai,2025-10-31,dai,4415.0,11026.0,17131.0,coinmetrics_community
stable_dai,2025-11-01,dai,3632.0,9769.0,15305.0,coinmetrics_community
stable_dai,2025-11-02,dai,3535.0,8555.0,12686.0,coinmetrics_community
stable_dai,2025-11-03,dai,4357.0,10928.0,18534.0,coinmetrics_community
stable_dai,2025-11-04,dai,4726.0,12202.0,20417.0,coinmetrics_community
stable_dai,2025-11-05,dai,5347.0,11329.0,17659.0,coinmetrics_community
stable_dai,2025-11-06,dai,3640.0,8820.0,13645.0,coinmetrics_community
stable_dai,2025-11-07,dai,3982.0,9294.0,13866.0,coinmetrics_community
stable_dai,2025-11-08,dai,6577.0,12448.0,17597.0,coinmetrics_community
stable_dai,2025-11-09,dai,4341.0,12395.0,19450.0,coinmetrics_community
stable_dai,2025-11-10,dai,4529.0,10834.0,16306.0,coinmetrics_community
stable_dai,2025-11-11,dai,4359.0,11899.0,17933.0,coinmetrics_community
stable_dai,2025-11-12,dai,3885.0,10890.0,16631.0,coinmetrics_community
stable_dai,2025-11-13,dai,4477.0,11692.0,18499.0,coinmetrics_community
stable_dai,2025-11-14,dai,4947.0,11984.0,18894.0,coinmetrics_community
stable_dai,2025-11-15,dai,5837.0,15113.0,22994.0,coinmetrics_community
stable_dai,2025-11-16,dai,4291.0,12418.0,19847.0,coinmetrics_community
stable_dai,2025-11-17,dai,5243.0,12327.0,19119.0,coinmetrics_community
stable_dai,2025-11-18,dai,5320.0,12475.0,18618.0,coinmetrics_community
stable_dai,2025-11-19,dai,4938.0,13035.0,20139.0,coinmetrics_community
stable_dai,2025-11-20,dai,4971.0,11023.0,17013.0,coinmetrics_community
stable_dai,2025-11-21,dai,5253.0,15180.0,24028.0,coinmetrics_community
stable_dai,2025-11-22,dai,4854.0,14460.0,23972.0,coinmetrics_community
stable_dai,2025-11-23,dai,4824.0,12672.0,19498.0,coinmetrics_community
stable_dai,2025-11-24,dai,4382.0,11987.0,17519.0,coinmetrics_community
stable_dai,2025-11-25,dai,4930.0,12802.0,18513.0,coinmetrics_community
stable_dai,2025-11-26,dai,5789.0,13808.0,19809.0,coinmetrics_community
stable_dai,2025-11-27,dai,7413.0,12414.0,17268.0,coinmetrics_community
stable_dai,2025-11-28,dai,5401.0,12365.0,18638.0,coinmetrics_community
stable_dai,2025-11-29,dai,4182.0,10195.0,15532.0,coinmetrics_community
stable_dai,2025-11-30,dai,4593.0,9868.0,14189.0,coinmetrics_community
stable_dai,2025-12-01,dai,5950.0,16605.0,26081.0,coinmetrics_community
stable_dai,2025-12-02,dai,5484.0,14140.0,21323.0,coinmetrics_community
stable_dai,2025-12-03,dai,5292.0,14624.0,22502.0,coinmetrics_community
stable_dai,2025-12-04,dai,4988.0,13154.0,20369.0,coinmetrics_community
stable_dai,2025-12-05,dai,4726.0,13977.0,22573.0,coinmetrics_community
stable_dai,2025-12-06,dai,4136.0,10186.0,15458.0,coinmetrics_community
stable_dai,2025-12-07,dai,3176.0,7462.0,12216.0,coinmetrics_community
stable_dai,2025-12-08,dai,3919.0,8881.0,14044.0,coinmetrics_community
stable_dai,2025-12-09,dai,4556.0,10867.0,17712.0,coinmetrics_community
stable_dai,2025-12-10,dai,4195.0,11096.0,17844.0,coinmetrics_community
stable_dai,2025-12-11,dai,5630.0,13991.0,22853.0,coinmetrics_community
stable_dai,2025-12-12,dai,4054.0,11276.0,18380.0,coinmetrics_community
stable_dai,2025-12-13,dai,3841.0,9071.0,13934.0,coinmetrics_community
stable_dai,2025-12-14,dai,3973.0,10854.0,16568.0,coinmetrics_community
stable_dai,2025-12-15,dai,5079.0,15427.0,25090.0,coinmetrics_community
stable_dai,2025-12-16,dai,5317.0,16360.0,26367.0,coinmetrics_community
stable_dai,2025-12-17,dai,5524.0,15709.0,24549.0,coinmetrics_community
stable_dai,2025-12-18,dai,4900.0,15452.0,26181.0,coinmetrics_community
stable_dai,2025-12-19,dai,4364.0,13791.0,22746.0,coinmetrics_community
stable_dai,2025-12-20,dai,4639.0,13588.0,20029.0,coinmetrics_community
stable_dai,2025-12-21,dai,5895.0,19235.0,31267.0,coinmetrics_community
stable_dai,2025-12-22,dai,7598.0,17449.0,29203.0,coinmetrics_community
stable_dai,2025-12-23,dai,8891.0,17032.0,29387.0,coinmetrics_community
stable_dai,2025-12-24,dai,6942.0,17827.0,30233.0,coinmetrics_community
stable_dai,2025-12-25,dai,5057.0,22277.0,37749.0,coinmetrics_community
stable_dai,2025-12-26,dai,6462.0,21986.0,40966.0,coinmetrics_community
stable_dai,2025-12-27,dai,6832.0,23400.0,43656.0,coinmetrics_community
stable_dai,2025-12-28,dai,7819.0,19017.0,35642.0,coinmetrics_community
stable_dai,2025-12-29,dai,8064.0,21240.0,46496.0,coinmetrics_community
stable_dai,2025-12-30,dai,8649.0,18297.0,33379.0,coinmetrics_community
stable_dai,2025-12-31,dai,6930.0,17512.0,33811.0,coinmetrics_community
stable_dai,2026-01-01,dai,8158.0,19844.0,37466.0,coinmetrics_community
stable_dai,2026-01-02,dai,7833.0,19842.0,37622.0,coinmetrics_community
stable_dai,2026-01-03,dai,8267.0,19084.0,34906.0,coinmetrics_community
stable_dai,2026-01-04,dai,8516.0,16693.0,30964.0,coinmetrics_community
stable_dai,2026-01-05,dai,9034.0,18024.0,31975.0,coinmetrics_community
stable_dai,2026-01-06,dai,8347.0,16972.0,31891.0,coinmetrics_community
stable_dai,2026-01-07,dai,7768.0,18423.0,31397.0,coinmetrics_community
stable_dai,2026-01-08,dai,6555.0,15244.0,24364.0,coinmetrics_community
stable_dai,2026-01-09,dai,6019.0,15567.0,22526.0,coinmetrics_community
stable_dai,2026-01-10,dai,5278.0,12827.0,17209.0,coinmetrics_community
stable_dai,2026-01-11,dai,5721.0,13851.0,19061.0,coinmetrics_community
stable_dai,2026-01-12,dai,7072.0,18444.0,26266.0,coinmetrics_community
stable_dai,2026-01-13,dai,7340.0,19226.0,27289.0,coinmetrics_community
stable_dai,2026-01-14,dai,8141.0,20563.0,30212.0,coinmetrics_community
stable_dai,2026-01-15,dai,7697.0,19947.0,27143.0,coinmetrics_community
stable_dai,2026-01-16,dai,6266.0,17047.0,22113.0,coinmetrics_community
stable_dai,2026-01-17,dai,7339.0,19587.0,23151.0,coinmetrics_community
stable_dai,2026-01-18,dai,5846.0,14708.0,18231.0,coinmetrics_community
stable_dai,2026-01-19,dai,7168.0,19482.0,25733.0,coinmetrics_community
stable_dai,2026-01-20,dai,7506.0,17931.0,26701.0,coinmetrics_community
stable_dai,2026-01-21,dai,7607.0,18392.0,28306.0,coinmetrics_community
stable_dai,2026-01-22,dai,8559.0,19043.0,24611.0,coinmetrics_community
stable_dai,2026-01-23,dai,7610.0,16466.0,24108.0,coinmetrics_community
stable_dai,2026-01-24,dai,7411.0,14131.0,17563.0,coinmetrics_community
stable_dai,2026-01-25,dai,7543.0,16180.0,20535.0,coinmetrics_community
stable_dai,2026-01-26,dai,8022.0,17296.0,23361.0,coinmetrics_community
stable_dai,2026-01-27,dai,8553.0,17298.0,22452.0,coinmetrics_community
stable_dai,2026-01-28,dai,7163.0,15378.0,19994.0,coinmetrics_community
stable_dai,2026-01-29,dai,8089.0,15928.0,22928.0,coinmetrics_community
stable_dai,2026-01-30,dai,6492.0,16142.0,25532.0,coinmetrics_community
stable_dai,2026-01-31,dai,7007.0,16926.0,29428.0,coinmetrics_community
stable_dai,2026-02-01,dai,9014.0,18667.0,31632.0,coinmetrics_community
stable_dai,2026-02-02,dai,5928.0,17999.0,32477.0,coinmetrics_community
stable_dai,2026-02-03,dai,5334.0,16115.0,28241.0,coinmetrics_community
stable_dai,2026-02-04,dai,6043.0,15260.0,27175.0,coinmetrics_community
stable_dai,2026-02-05,dai,5860.0,19550.0,39174.0,coinmetrics_community
stable_dai,2026-02-06,dai,6626.0,19008.0,36616.0,coinmetrics_community
stable_dai,2026-02-07,dai,7123.0,18053.0,26559.0,coinmetrics_community
stable_dai,2026-02-08,dai,6638.0,19076.0,26195.0,coinmetrics_community
stable_dai,2026-02-09,dai,7051.0,19151.0,25767.0,coinmetrics_community
stable_dai,2026-02-10,dai,6742.0,18756.0,24090.0,coinmetrics_community
stable_dai,2026-02-11,dai,7568.0,20797.0,30521.0,coinmetrics_community
stable_dai,2026-02-12,dai,7173.0,19494.0,28170.0,coinmetrics_community
stable_dai,2026-02-13,dai,7731.0,21512.0,28659.0,coinmetrics_community
stable_dai,2026-02-14,dai,7278.0,20241.0,23660.0,coinmetrics_community
stable_dai,2026-02-15,dai,6621.0,20549.0,27535.0,coinmetrics_community
stable_dai,2026-02-16,dai,7015.0,19107.0,24591.0,coinmetrics_community
stable_dai,2026-02-17,dai,6171.0,16013.0,22938.0,coinmetrics_community
stable_dai,2026-02-18,dai,7278.0,18049.0,26363.0,coinmetrics_community
stable_dai,2026-02-19,dai,7230.0,17029.0,24746.0,coinmetrics_community
stable_dai,2026-02-20,dai,6813.0,16291.0,23190.0,coinmetrics_community
stable_dai,2026-02-21,dai,7698.0,15869.0,20517.0,coinmetrics_community
stable_dai,2026-02-22,dai,6811.0,14338.0,19539.0,coinmetrics_community
stable_dai,2026-02-23,dai,7389.0,18924.0,28871.0,coinmetrics_community
stable_dai,2026-02-24,dai,7227.0,17405.0,25412.0,coinmetrics_community
stable_dai,2026-02-25,dai,6735.0,17836.0,28306.0,coinmetrics_community
stable_dai,2026-02-26,dai,7742.0,17703.0,25803.0,coinmetrics_community
stable_dai,2026-02-27,dai,5954.0,15598.0,23199.0,coinmetrics_community
stable_dai,2026-02-28,dai,6805.0,18023.0,27579.0,coinmetrics_community
stable_dai,2026-03-01,dai,6236.0,17479.0,26240.0,coinmetrics_community
stable_dai,2026-03-02,dai,6084.0,16424.0,26307.0,coinmetrics_community
stable_dai,2026-03-03,dai,6659.0,17952.0,27969.0,coinmetrics_community
stable_dai,2026-03-04,dai,6773.0,19341.0,32811.0,coinmetrics_community
stable_dai,2026-03-05,dai,6401.0,17119.0,27918.0,coinmetrics_community
stable_dai,2026-03-06,dai,6644.0,16711.0,25805.0,coinmetrics_community
stable_dai,2026-03-07,dai,6343.0,14518.0,19497.0,coinmetrics_community
stable_dai,2026-03-08,dai,5547.0,13475.0,19470.0,coinmetrics_community
stable_dai,2026-03-09,dai,6366.0,16733.0,25423.0,coinmetrics_community
stable_dai,2026-03-10,dai,6569.0,17032.0,25684.0,coinmetrics_community
stable_dai,2026-03-11,dai,6799.0,15084.0,23276.0,coinmetrics_community
stable_dai,2026-03-12,dai,5891.0,15279.0,23795.0,coinmetrics_community
stable_dai,2026-03-13,dai,6172.0,15590.0,24461.0,coinmetrics_community
stable_dai,2026-03-14,dai,5866.0,12198.0,16768.0,coinmetrics_community
stable_dai,2026-03-15,dai,6861.0,14969.0,21016.0,coinmetrics_community
stable_dai,2026-03-16,dai,6165.0,16158.0,26675.0,coinmetrics_community
stable_dai,2026-03-17,dai,6449.0,14931.0,23182.0,coinmetrics_community
stable_dai,2026-03-18,dai,6577.0,14932.0,24359.0,coinmetrics_community
stable_dai,2026-03-19,dai,7238.0,16959.0,25359.0,coinmetrics_community
stable_dai,2026-03-20,dai,7231.0,15673.0,22492.0,coinmetrics_community
stable_dai,2026-03-21,dai,6940.0,12312.0,16239.0,coinmetrics_community
stable_dai,2026-03-22,dai,6736.0,14450.0,22163.0,coinmetrics_community
stable_dai,2026-03-23,dai,7088.0,16455.0,25084.0,coinmetrics_community
stable_dai,2026-03-24,dai,7237.0,15028.0,21268.0,coinmetrics_community
stable_dai,2026-03-25,dai,7081.0,14376.0,21470.0,coinmetrics_community
stable_dai,2026-03-26,dai,6260.0,13575.0,20851.0,coinmetrics_community
stable_dai,2026-03-27,dai,11860.0,18071.0,25032.0,coinmetrics_community
stable_dai,2026-03-28,dai,6004.0,10213.0,16022.0,coinmetrics_community
stable_dai,2026-03-29,dai,5137.0,10057.0,14718.0,coinmetrics_community
stable_dai,2026-03-30,dai,5959.0,13311.0,20059.0,coinmetrics_community
stable_dai,2026-03-31,dai,5637.0,12695.0,20259.0,coinmetrics_community
stable_dai,2026-04-01,dai,19468.0,25155.0,32428.0,coinmetrics_community
stable_dai,2026-04-02,dai,9606.0,17816.0,25309.0,coinmetrics_community
stable_dai,2026-04-03,dai,7193.0,14247.0,19741.0,coinmetrics_community
stable_dai,2026-04-04,dai,4655.0,11053.0,15909.0,coinmetrics_community
stable_dai,2026-04-05,dai,4635.0,9892.0,15255.0,coinmetrics_community
stable_dai,2026-04-06,dai,7296.0,15359.0,22781.0,coinmetrics_community
stable_dai,2026-04-07,dai,6491.0,14980.0,25144.0,coinmetrics_community
stable_dai,2026-04-08,dai,6337.0,13278.0,21090.0,coinmetrics_community
stable_dai,2026-04-09,dai,5577.0,12402.0,21324.0,coinmetrics_community
stable_dai,2026-04-10,dai,5464.0,11926.0,19829.0,coinmetrics_community
stable_dai,2026-04-11,dai,3888.0,8799.0,15096.0,coinmetrics_community
stable_dai,2026-04-12,dai,4070.0,9886.0,17490.0,coinmetrics_community
stable_dai,2026-04-13,dai,4721.0,14694.0,26115.0,coinmetrics_community
stable_dai,2026-04-14,dai,5124.0,13124.0,22915.0,coinmetrics_community
stable_dai,2026-04-15,dai,6271.0,13106.0,21602.0,coinmetrics_community
stable_dai,2026-04-16,dai,4355.0,10071.0,16947.0,coinmetrics_community
stable_dai,2026-04-17,dai,4363.0,10870.0,19668.0,coinmetrics_community
stable_dai,2026-04-18,dai,3448.0,9181.0,17298.0,coinmetrics_community
stable_dai,2026-04-19,dai,2792.0,10942.0,23128.0,coinmetrics_community
stable_dai,2026-04-20,dai,3527.0,10091.0,18828.0,coinmetrics_community
stable_dai,2026-04-21,dai,3439.0,9749.0,16770.0,coinmetrics_community
stable_dai,2026-04-22,dai,3157.0,7089.0,12281.0,coinmetrics_community
stable_dai,2026-04-23,dai,3059.0,8044.0,13967.0,coinmetrics_community
stable_dai,2026-04-24,dai,5243.0,9014.0,13815.0,coinmetrics_community
stable_dai,2026-04-25,dai,5544.0,7721.0,11984.0,coinmetrics_community
stable_dai,2026-04-26,dai,2459.0,5180.0,8970.0,coinmetrics_community
stable_dai,2026-04-27,dai,2693.0,5763.0,9826.0,coinmetrics_community
stable_dai,2026-04-28,dai,2715.0,5489.0,8931.0,coinmetrics_community
stable_dai,2026-04-29,dai,3115.0,6511.0,10776.0,coinmetrics_community
stable_dai,2026-04-30,dai,3707.0,6798.0,10542.0,coinmetrics_community
stable_dai,2026-05-01,dai,3203.0,6777.0,10960.0,coinmetrics_community
stable_dai,2026-05-02,dai,3058.0,5539.0,8384.0,coinmetrics_community
stable_dai,2026-05-03,dai,3480.0,5886.0,8662.0,coinmetrics_community
stable_dai,2026-05-04,dai,8012.0,12252.0,16993.0,coinmetrics_community
stable_dai,2026-05-05,dai,11557.0,14740.0,18217.0,coinmetrics_community
stable_dai,2026-05-06,dai,3720.0,7458.0,11765.0,coinmetrics_community
stable_dai,2026-05-07,dai,2993.0,6602.0,10531.0,coinmetrics_community
stable_dai,2026-05-08,dai,2933.0,7078.0,11347.0,coinmetrics_community
stable_dai,2026-05-09,dai,2914.0,7350.0,11500.0,coinmetrics_community
stable_dai,2026-05-10,dai,2580.0,6593.0,10618.0,coinmetrics_community
stable_dai,2026-05-11,dai,2724.0,6842.0,11224.0,coinmetrics_community
stable_dai,2026-05-12,dai,3038.0,7403.0,12026.0,coinmetrics_community
stable_dai,2026-05-13,dai,3419.0,7247.0,11278.0,coinmetrics_community
stable_dai,2026-05-14,dai,3127.0,6914.0,11056.0,coinmetrics_community
stable_dai,2026-05-15,dai,2957.0,6448.0,10310.0,coinmetrics_community
stable_dai,2026-05-16,dai,2943.0,5563.0,8182.0,coinmetrics_community
stable_dai,2026-05-17,dai,3150.0,5220.0,8660.0,coinmetrics_community
stable_dai,2026-05-18,dai,3666.0,7857.0,13075.0,coinmetrics_community
stable_dai,2026-05-19,dai,3138.0,6811.0,10777.0,coinmetrics_community
stable_dai,2026-05-20,dai,3558.0,8063.0,12097.0,coinmetrics_community
stable_dai,2026-05-21,dai,2965.0,7400.0,11446.0,coinmetrics_community
stable_dai,2026-05-22,dai,2794.0,6904.0,11172.0,coinmetrics_community
stable_dai,2026-05-23,dai,3158.0,7741.0,12848.0,coinmetrics_community
stable_dai,2026-05-24,dai,3074.0,6901.0,11291.0,coinmetrics_community
stable_dai,2026-05-25,dai,2970.0,6859.0,10918.0,coinmetrics_community
stable_dai,2026-05-26,dai,3120.0,9090.0,15600.0,coinmetrics_community
stable_dai,2026-05-27,dai,3902.0,12438.0,33540.0,coinmetrics_community
stable_dai,2026-05-28,dai,3562.0,10223.0,25234.0,coinmetrics_community
stable_dai,2026-05-29,dai,2986.0,7287.0,11660.0,coinmetrics_community
stable_dai,2026-05-30,dai,2776.0,5466.0,8218.0,coinmetrics_community
stable_dai,2026-05-31,dai,3176.0,6012.0,9092.0,coinmetrics_community
stable_dai,2026-06-01,dai,2916.0,7605.0,12729.0,coinmetrics_community
stable_dai,2026-06-02,dai,3404.0,9802.0,16873.0,coinmetrics_community
stable_dai,2026-06-03,dai,3361.0,10144.0,18625.0,coinmetrics_community
stable_dai,2026-06-04,dai,3527.0,11533.0,20618.0,coinmetrics_community
stable_dai,2026-06-05,dai,4417.0,14395.0,28133.0,coinmetrics_community
stable_dai,2026-06-06,dai,4342.0,12353.0,23461.0,coinmetrics_community
stable_dai,2026-06-07,dai,3647.0,10450.0,26417.0,coinmetrics_community
stable_dai,2026-06-08,dai,3489.0,11650.0,22090.0,coinmetrics_community
stable_dai,2026-06-09,dai,3656.0,12472.0,25082.0,coinmetrics_community
stable_dai,2026-06-10,dai,3251.0,10452.0,17188.0,coinmetrics_community
stable_dai,2026-06-11,dai,3575.0,9255.0,15484.0,coinmetrics_community
stable_dai,2026-06-12,dai,3463.0,9206.0,15116.0,coinmetrics_community
stable_dai,2026-06-13,dai,3026.0,7381.0,10915.0,coinmetrics_community
stable_dai,2026-06-14,dai,3200.0,7581.0,12230.0,coinmetrics_community
stable_dai,2026-06-15,dai,4782.0,11705.0,18932.0,coinmetrics_community
stable_dai,2026-06-16,dai,3952.0,10775.0,16595.0,coinmetrics_community
stable_dai,2026-06-17,dai,3208.0,10354.0,15628.0,coinmetrics_community
stable_dai,2026-06-18,dai,3208.0,10372.0,16570.0,coinmetrics_community
stable_dai,2026-06-19,dai,3248.0,7267.0,11025.0,coinmetrics_community
stable_dai,2026-06-20,dai,2449.0,6068.0,9670.0,coinmetrics_community
stable_dai,2026-06-21,dai,2559.0,5979.0,9274.0,coinmetrics_community
stable_dai,2026-06-22,dai,3067.0,8050.0,13041.0,coinmetrics_community
stable_dai,2026-06-23,dai,3051.0,8157.0,13667.0,coinmetrics_community
stable_dai,2026-06-24,dai,3478.0,9777.0,16323.0,coinmetrics_community
stable_dai,2026-06-25,dai,4133.0,9166.0,15291.0,coinmetrics_community
stable_dai,2026-06-26,dai,5378.0,10309.0,19117.0,coinmetrics_community
stable_dai,2026-06-27,dai,4219.0,6302.0,10275.0,coinmetrics_community
stable_dai,2026-06-28,dai,3870.0,6524.0,11908.0,coinmetrics_community
stable_dai,2026-06-29,dai,3347.0,9023.0,15119.0,coinmetrics_community
stable_dai,2026-06-30,dai,4082.0,8026.0,13636.0,coinmetrics_community
stable_dai,2026-07-01,dai,3684.0,9053.0,16641.0,coinmetrics_community
stable_dai,2026-07-02,dai,4300.0,8805.0,16327.0,coinmetrics_community
stable_dai,2026-07-03,dai,5142.0,9247.0,30960.0,coinmetrics_community
stable_dai,2026-07-04,dai,5129.0,7080.0,24028.0,coinmetrics_community
stable_dai,2026-07-05,dai,5440.0,7981.0,55781.0,coinmetrics_community
stable_dai,2026-07-06,dai,5448.0,9578.0,28770.0,coinmetrics_community
stable_dai,2026-07-07,dai,3311.0,10511.0,16077.0,coinmetrics_community
stable_dai,2026-07-08,dai,3105.0,10180.0,15743.0,coinmetrics_community
stable_dai,2026-07-09,dai,3034.0,9512.0,14475.0,coinmetrics_community
stable_dai,2026-07-10,dai,3214.0,8872.0,14234.0,coinmetrics_community
stable_dai,2026-07-11,dai,2801.0,7915.0,11922.0,coinmetrics_community
stable_dai,2026-07-12,dai,2898.0,8685.0,16137.0,coinmetrics_community
stable_dai,2026-07-13,dai,3108.0,10047.0,16551.0,coinmetrics_community
stable_dai,2026-07-14,dai,4217.0,10185.0,16885.0,coinmetrics_community
stable_dai,2026-07-15,dai,10717.0,9361.0,34343.0,coinmetrics_community
stable_dai,2026-07-16,dai,3291.0,7973.0,13441.0,coinmetrics_community
stable_dai,2026-07-17,dai,3294.0,9761.0,16722.0,coinmetrics_community
stable_dai,2026-07-18,dai,2648.0,6722.0,10341.0,coinmetrics_community
stable_dai,2026-07-19,dai,2773.0,6432.0,10333.0,coinmetrics_community
stable_dai,2026-07-20,dai,2898.0,8589.0,14701.0,coinmetrics_community
stable_dai,2026-07-21,dai,3807.0,8149.0,14055.0,coinmetrics_community
stable_dai,2026-07-22,dai,4288.0,8112.0,19017.0,coinmetrics_community
stable_dai,2026-07-23,dai,3321.0,7333.0,13471.0,coinmetrics_community
stable_dai,2026-07-24,dai,4233.0,7826.0,14841.0,coinmetrics_community
stable_dai,2026-07-25,dai,4025.0,7028.0,14368.0,coinmetrics_community
stable_dai,2026-07-26,dai,3473.0,7396.0,14791.0,coinmetrics_community
stable_dai,2026-07-27,dai,3892.0,9418.0,16321.0,coinmetrics_community
stable_dai,2026-07-28,dai,3956.0,9730.0,19329.0,coinmetrics_community
stable_dai,2026-07-29,dai,4181.0,9405.0,21734.0,coinmetrics_community
stable_dai,2026-07-30,dai,4042.0,7752.0,17324.0,coinmetrics_community
stable_dai,2026-07-31,dai,4405.0,9085.0,18014.0,coinmetrics_community
stable_dai,2026-08-01,dai,4110.0,7093.0,14701.0,coinmetrics_community
stable_dai,2026-08-02,dai,3439.0,7064.0,15016.0,coinmetrics_community
stable_dai,2026-08-03,dai,3235.0,7269.0,13630.0,coinmetrics_community
stable_dai,2026-08-04,dai,4396.0,7239.0,15536.0,coinmetrics_community
stable_dai,2026-08-05,dai,4026.0,7387.0,14989.0,coinmetrics_community
stable_dai,2026-08-06,dai,4329.0,7650.0,17393.0,coinmetrics_community
stable_dai,2026-08-07,dai,3996.0,8366.0,18722.0,coinmetrics_community
stable_dai,2026-08-08,dai,4036.0,7984.0,19905.0,coinmetrics_community
stable_dai,2026-08-09,dai,2888.0,6765.0,15951.0,coinmetrics_community
stable_dai,2026-08-10,dai,3699.0,8492.0,21519.0,coinmetrics_community
stable_dai,2026-08-11,dai,3965.0,8562.0,23666.0,coinmetrics_community
stable_dai,2026-08-12,dai,3726.0,7309.0,19797.0,coinmetrics_community
stable_dai,2026-08-13,dai,3106.0,8298.0,17402.0,coinmetrics_community
stable_dai,2026-08-14,dai,2799.0,7191.0,13903.0,coinmetrics_community
stable_dai,2026-08-15,dai,2351.0,5787.0,9952.0,coinmetrics_community
stable_dai,2026-08-16,dai,2513.0,6260.0,10855.0,coinmetrics_community
stable_dai,2026-08-17,dai,3075.0,7685.0,13499.0,coinmetrics_community
stable_dai,2026-08-18,dai,2532.0,6736.0,11792.0,coinmetrics_community
stable_dai,2026-08-19,dai,3100.0,9674.0,18248.0,coinmetrics_community
stable_dai,2026-08-20,dai,4068.0,12137.0,22596.0,coinmetrics_community
stable_dai,2026-08-21,dai,3406.0,12262.0,21366.0,coinmetrics_community
stable_dai,2026-08-22,dai,4431.0,10877.0,21339.0,coinmetrics_community
stable_dai,2026-08-23,dai,3465.0,10182.0,20512.0,coinmetrics_community
stable_dai,2026-08-24,dai,3073.0,9833.0,18448.0,coinmetrics_community
stable_tusd,2019-01-01,tusd,422.0,567.0,588.0,coinmetrics_community
stable_tusd,2019-01-02,tusd,620.0,897.0,935.0,coinmetrics_community
stable_tusd,2019-01-03,tusd,623.0,812.0,852.0,coinmetrics_community
stable_tusd,2019-01-04,tusd,542.0,654.0,693.0,coinmetrics_community
stable_tusd,2019-01-05,tusd,470.0,603.0,641.0,coinmetrics_community
stable_tusd,2019-01-06,tusd,461.0,542.0,564.0,coinmetrics_community
stable_tusd,2019-01-07,tusd,496.0,603.0,618.0,coinmetrics_community
stable_tusd,2019-01-08,tusd,512.0,691.0,725.0,coinmetrics_community
stable_tusd,2019-01-09,tusd,451.0,655.0,708.0,coinmetrics_community
stable_tusd,2019-01-10,tusd,807.0,1266.0,1319.0,coinmetrics_community
stable_tusd,2019-01-11,tusd,566.0,854.0,878.0,coinmetrics_community
stable_tusd,2019-01-12,tusd,400.0,595.0,626.0,coinmetrics_community
stable_tusd,2019-01-13,tusd,601.0,961.0,980.0,coinmetrics_community
stable_tusd,2019-01-14,tusd,691.0,1069.0,1089.0,coinmetrics_community
stable_tusd,2019-01-15,tusd,940.0,1324.0,1342.0,coinmetrics_community
stable_tusd,2019-01-16,tusd,607.0,902.0,921.0,coinmetrics_community
stable_tusd,2019-01-17,tusd,569.0,826.0,839.0,coinmetrics_community
stable_tusd,2019-01-18,tusd,510.0,692.0,712.0,coinmetrics_community
stable_tusd,2019-01-19,tusd,422.0,557.0,573.0,coinmetrics_community
stable_tusd,2019-01-20,tusd,514.0,691.0,703.0,coinmetrics_community
stable_tusd,2019-01-21,tusd,608.0,940.0,1001.0,coinmetrics_community
stable_tusd,2019-01-22,tusd,659.0,1007.0,1028.0,coinmetrics_community
stable_tusd,2019-01-23,tusd,564.0,806.0,831.0,coinmetrics_community
stable_tusd,2019-01-24,tusd,515.0,680.0,690.0,coinmetrics_community
stable_tusd,2019-01-25,tusd,502.0,610.0,617.0,coinmetrics_community
stable_tusd,2019-01-26,tusd,415.0,572.0,582.0,coinmetrics_community
stable_tusd,2019-01-27,tusd,872.0,1024.0,1039.0,coinmetrics_community
stable_tusd,2019-01-28,tusd,646.0,1025.0,1064.0,coinmetrics_community
stable_tusd,2019-01-29,tusd,640.0,817.0,831.0,coinmetrics_community
stable_tusd,2019-01-30,tusd,600.0,749.0,762.0,coinmetrics_community
stable_tusd,2019-01-31,tusd,529.0,782.0,800.0,coinmetrics_community
stable_tusd,2019-02-01,tusd,511.0,678.0,703.0,coinmetrics_community
stable_tusd,2019-02-02,tusd,438.0,579.0,593.0,coinmetrics_community
stable_tusd,2019-02-03,tusd,416.0,526.0,552.0,coinmetrics_community
stable_tusd,2019-02-04,tusd,473.0,603.0,626.0,coinmetrics_community
stable_tusd,2019-02-05,tusd,722.0,878.0,897.0,coinmetrics_community
stable_tusd,2019-02-06,tusd,478.0,687.0,718.0,coinmetrics_community
stable_tusd,2019-02-07,tusd,436.0,574.0,583.0,coinmetrics_community
stable_tusd,2019-02-08,tusd,675.0,1009.0,1064.0,coinmetrics_community
stable_tusd,2019-02-09,tusd,568.0,947.0,962.0,coinmetrics_community
stable_tusd,2019-02-10,tusd,499.0,679.0,697.0,coinmetrics_community
stable_tusd,2019-02-11,tusd,598.0,780.0,808.0,coinmetrics_community
stable_tusd,2019-02-12,tusd,568.0,695.0,710.0,coinmetrics_community
stable_tusd,2019-02-13,tusd,547.0,688.0,720.0,coinmetrics_community
stable_tusd,2019-02-14,tusd,631.0,750.0,760.0,coinmetrics_community
stable_tusd,2019-02-15,tusd,526.0,623.0,634.0,coinmetrics_community
stable_tusd,2019-02-16,tusd,393.0,538.0,549.0,coinmetrics_community
stable_tusd,2019-02-17,tusd,458.0,572.0,601.0,coinmetrics_community
stable_tusd,2019-02-18,tusd,734.0,1172.0,1226.0,coinmetrics_community
stable_tusd,2019-02-19,tusd,1126.0,1519.0,1548.0,coinmetrics_community
stable_tusd,2019-02-20,tusd,755.0,1072.0,1106.0,coinmetrics_community
stable_tusd,2019-02-21,tusd,657.0,936.0,958.0,coinmetrics_community
stable_tusd,2019-02-22,tusd,617.0,827.0,849.0,coinmetrics_community
stable_tusd,2019-02-23,tusd,700.0,964.0,1005.0,coinmetrics_community
stable_tusd,2019-02-24,tusd,827.0,1299.0,1367.0,coinmetrics_community
stable_tusd,2019-02-25,tusd,692.0,938.0,964.0,coinmetrics_community
stable_tusd,2019-02-26,tusd,691.0,932.0,999.0,coinmetrics_community
stable_tusd,2019-02-27,tusd,730.0,986.0,1016.0,coinmetrics_community
stable_tusd,2019-02-28,tusd,579.0,728.0,740.0,coinmetrics_community
stable_tusd,2019-03-01,tusd,531.0,709.0,737.0,coinmetrics_community
stable_tusd,2019-03-02,tusd,446.0,573.0,609.0,coinmetrics_community
stable_tusd,2019-03-03,tusd,547.0,725.0,804.0,coinmetrics_community
stable_tusd,2019-03-04,tusd,699.0,967.0,1034.0,coinmetrics_community
stable_tusd,2019-03-05,tusd,677.0,993.0,1058.0,coinmetrics_community
stable_tusd,2019-03-06,tusd,656.0,998.0,1075.0,coinmetrics_community
stable_tusd,2019-03-07,tusd,709.0,934.0,984.0,coinmetrics_community
stable_tusd,2019-03-08,tusd,1169.0,1378.0,1424.0,coinmetrics_community
stable_tusd,2019-03-09,tusd,532.0,730.0,761.0,coinmetrics_community
stable_tusd,2019-03-10,tusd,515.0,634.0,673.0,coinmetrics_community
stable_tusd,2019-03-11,tusd,641.0,882.0,938.0,coinmetrics_community
stable_tusd,2019-03-12,tusd,728.0,1008.0,1084.0,coinmetrics_community
stable_tusd,2019-03-13,tusd,1144.0,1404.0,1472.0,coinmetrics_community
stable_tusd,2019-03-14,tusd,522.0,806.0,881.0,coinmetrics_community
stable_tusd,2019-03-15,tusd,605.0,915.0,954.0,coinmetrics_community
stable_tusd,2019-03-16,tusd,710.0,1039.0,1094.0,coinmetrics_community
stable_tusd,2019-03-17,tusd,451.0,698.0,741.0,coinmetrics_community
stable_tusd,2019-03-18,tusd,616.0,971.0,1063.0,coinmetrics_community
stable_tusd,2019-03-19,tusd,657.0,973.0,1016.0,coinmetrics_community
stable_tusd,2019-03-20,tusd,558.0,859.0,909.0,coinmetrics_community
stable_tusd,2019-03-21,tusd,670.0,1109.0,1249.0,coinmetrics_community
stable_tusd,2019-03-22,tusd,604.0,890.0,963.0,coinmetrics_community
stable_tusd,2019-03-23,tusd,433.0,653.0,679.0,coinmetrics_community
stable_tusd,2019-03-24,tusd,525.0,720.0,745.0,coinmetrics_community
stable_tusd,2019-03-25,tusd,667.0,1138.0,1244.0,coinmetrics_community
stable_tusd,2019-03-26,tusd,764.0,1347.0,1387.0,coinmetrics_community
stable_tusd,2019-03-27,tusd,819.0,1652.0,1773.0,coinmetrics_community
stable_tusd,2019-03-28,tusd,775.0,1232.0,1303.0,coinmetrics_community
stable_tusd,2019-03-29,tusd,688.0,1071.0,1125.0,coinmetrics_community
stable_tusd,2019-03-30,tusd,628.0,959.0,1000.0,coinmetrics_community
stable_tusd,2019-03-31,tusd,572.0,807.0,839.0,coinmetrics_community
stable_tusd,2019-04-01,tusd,675.0,1013.0,1065.0,coinmetrics_community
stable_tusd,2019-04-02,tusd,1432.0,2886.0,3007.0,coinmetrics_community
stable_tusd,2019-04-03,tusd,1561.0,3248.0,3454.0,coinmetrics_community
stable_tusd,2019-04-04,tusd,1171.0,2055.0,2127.0,coinmetrics_community
stable_tusd,2019-04-05,tusd,874.0,1343.0,1417.0,coinmetrics_community
stable_tusd,2019-04-06,tusd,689.0,1084.0,1132.0,coinmetrics_community
stable_tusd,2019-04-07,tusd,621.0,1049.0,1096.0,coinmetrics_community
stable_tusd,2019-04-08,tusd,879.0,1524.0,1608.0,coinmetrics_community
stable_tusd,2019-04-09,tusd,767.0,1360.0,1423.0,coinmetrics_community
stable_tusd,2019-04-10,tusd,782.0,1273.0,1350.0,coinmetrics_community
stable_tusd,2019-04-11,tusd,867.0,1593.0,1718.0,coinmetrics_community
stable_tusd,2019-04-12,tusd,737.0,1226.0,1351.0,coinmetrics_community
stable_tusd,2019-04-13,tusd,564.0,817.0,828.0,coinmetrics_community
stable_tusd,2019-04-14,tusd,493.0,790.0,812.0,coinmetrics_community
stable_tusd,2019-04-15,tusd,717.0,1155.0,1213.0,coinmetrics_community
stable_tusd,2019-04-16,tusd,665.0,1067.0,1137.0,coinmetrics_community
stable_tusd,2019-04-17,tusd,618.0,925.0,1004.0,coinmetrics_community
stable_tusd,2019-04-18,tusd,712.0,1241.0,1328.0,coinmetrics_community
stable_tusd,2019-04-19,tusd,611.0,1258.0,1350.0,coinmetrics_community
stable_tusd,2019-04-20,tusd,599.0,1385.0,1441.0,coinmetrics_community
stable_tusd,2019-04-21,tusd,565.0,1633.0,1690.0,coinmetrics_community
stable_tusd,2019-04-22,tusd,717.0,1891.0,1922.0,coinmetrics_community
stable_tusd,2019-04-23,tusd,1106.0,3012.0,3079.0,coinmetrics_community
stable_tusd,2019-04-24,tusd,985.0,2200.0,2289.0,coinmetrics_community
stable_tusd,2019-04-25,tusd,898.0,2002.0,2095.0,coinmetrics_community
stable_tusd,2019-04-26,tusd,1139.0,2692.0,2805.0,coinmetrics_community
stable_tusd,2019-04-27,tusd,663.0,1634.0,1674.0,coinmetrics_community
stable_tusd,2019-04-28,tusd,642.0,1521.0,1572.0,coinmetrics_community
stable_tusd,2019-04-29,tusd,878.0,1730.0,1863.0,coinmetrics_community
stable_tusd,2019-04-30,tusd,865.0,1949.0,2007.0,coinmetrics_community
stable_tusd,2019-05-01,tusd,2216.0,3120.0,3159.0,coinmetrics_community
stable_tusd,2019-05-02,tusd,766.0,1584.0,1632.0,coinmetrics_community
stable_tusd,2019-05-03,tusd,1258.0,2317.0,2390.0,coinmetrics_community
stable_tusd,2019-05-04,tusd,689.0,1405.0,1451.0,coinmetrics_community
stable_tusd,2019-05-05,tusd,668.0,1592.0,1646.0,coinmetrics_community
stable_tusd,2019-05-06,tusd,800.0,1637.0,1773.0,coinmetrics_community
stable_tusd,2019-05-07,tusd,721.0,1555.0,1758.0,coinmetrics_community
stable_tusd,2019-05-08,tusd,641.0,1409.0,1494.0,coinmetrics_community
stable_tusd,2019-05-09,tusd,632.0,1411.0,1503.0,coinmetrics_community
stable_tusd,2019-05-10,tusd,743.0,1600.0,1650.0,coinmetrics_community
stable_tusd,2019-05-11,tusd,1514.0,2708.0,2905.0,coinmetrics_community
stable_tusd,2019-05-12,tusd,1142.0,2377.0,2522.0,coinmetrics_community
stable_tusd,2019-05-13,tusd,995.0,1550.0,1598.0,coinmetrics_community
stable_tusd,2019-05-14,tusd,1060.0,1996.0,2063.0,coinmetrics_community
stable_tusd,2019-05-15,tusd,1591.0,2854.0,3045.0,coinmetrics_community
stable_tusd,2019-05-16,tusd,1654.0,3227.0,3391.0,coinmetrics_community
stable_tusd,2019-05-17,tusd,1611.0,3335.0,3420.0,coinmetrics_community
stable_tusd,2019-05-18,tusd,1013.0,2029.0,2072.0,coinmetrics_community
stable_tusd,2019-05-19,tusd,1605.0,3118.0,3167.0,coinmetrics_community
stable_tusd,2019-05-20,tusd,1080.0,2191.0,2247.0,coinmetrics_community
stable_tusd,2019-05-21,tusd,1366.0,2380.0,2441.0,coinmetrics_community
stable_tusd,2019-05-22,tusd,1692.0,2740.0,2832.0,coinmetrics_community
stable_tusd,2019-05-23,tusd,1255.0,2519.0,2565.0,coinmetrics_community
stable_tusd,2019-05-24,tusd,1345.0,2413.0,2475.0,coinmetrics_community
stable_tusd,2019-05-25,tusd,718.0,1883.0,1906.0,coinmetrics_community
stable_tusd,2019-05-26,tusd,1056.0,2457.0,2517.0,coinmetrics_community
stable_tusd,2019-05-27,tusd,1287.0,2527.0,2612.0,coinmetrics_community
stable_tusd,2019-05-28,tusd,1043.0,1824.0,1855.0,coinmetrics_community
stable_tusd,2019-05-29,tusd,1209.0,2292.0,2327.0,coinmetrics_community
stable_tusd,2019-05-30,tusd,1397.0,2612.0,2705.0,coinmetrics_community
stable_tusd,2019-05-31,tusd,1322.0,2186.0,2248.0,coinmetrics_community
stable_tusd,2019-06-01,tusd,800.0,1483.0,1530.0,coinmetrics_community
stable_tusd,2019-06-02,tusd,865.0,1719.0,1770.0,coinmetrics_community
stable_tusd,2019-06-03,tusd,1028.0,1999.0,2076.0,coinmetrics_community
stable_tusd,2019-06-04,tusd,1582.0,3186.0,3328.0,coinmetrics_community
stable_tusd,2019-06-05,tusd,1184.0,2197.0,2235.0,coinmetrics_community
stable_tusd,2019-06-06,tusd,1157.0,1987.0,2055.0,coinmetrics_community
stable_tusd,2019-06-07,tusd,1769.0,2974.0,3040.0,coinmetrics_community
stable_tusd,2019-06-08,tusd,751.0,1415.0,1457.0,coinmetrics_community
stable_tusd,2019-06-09,tusd,1300.0,2398.0,2487.0,coinmetrics_community
stable_tusd,2019-06-10,tusd,1196.0,2044.0,2151.0,coinmetrics_community
stable_tusd,2019-06-11,tusd,1208.0,1967.0,2060.0,coinmetrics_community
stable_tusd,2019-06-12,tusd,1748.0,2591.0,2658.0,coinmetrics_community
stable_tusd,2019-06-13,tusd,1800.0,3115.0,3168.0,coinmetrics_community
stable_tusd,2019-06-14,tusd,1193.0,2622.0,2665.0,coinmetrics_community
stable_tusd,2019-06-15,tusd,1036.0,1895.0,1932.0,coinmetrics_community
stable_tusd,2019-06-16,tusd,1053.0,1967.0,2009.0,coinmetrics_community
stable_tusd,2019-06-17,tusd,1144.0,1712.0,1744.0,coinmetrics_community
stable_tusd,2019-06-18,tusd,1114.0,1970.0,2034.0,coinmetrics_community
stable_tusd,2019-06-19,tusd,1047.0,1779.0,1818.0,coinmetrics_community
stable_tusd,2019-06-20,tusd,1045.0,1247.0,1285.0,coinmetrics_community
stable_tusd,2019-06-21,tusd,1468.0,1880.0,1961.0,coinmetrics_community
stable_tusd,2019-06-22,tusd,1689.0,2595.0,2756.0,coinmetrics_community
stable_tusd,2019-06-23,tusd,1632.0,2158.0,2201.0,coinmetrics_community
stable_tusd,2019-06-24,tusd,1188.0,1763.0,1841.0,coinmetrics_community
stable_tusd,2019-06-25,tusd,1300.0,1894.0,1960.0,coinmetrics_community
stable_tusd,2019-06-26,tusd,2503.0,3881.0,3999.0,coinmetrics_community
stable_tusd,2019-06-27,tusd,2087.0,3907.0,4043.0,coinmetrics_community
stable_tusd,2019-06-28,tusd,1598.0,2297.0,2337.0,coinmetrics_community
stable_tusd,2019-06-29,tusd,1423.0,2053.0,2100.0,coinmetrics_community
stable_tusd,2019-06-30,tusd,1142.0,1749.0,1796.0,coinmetrics_community
stable_tusd,2019-07-01,tusd,1359.0,2175.0,2222.0,coinmetrics_community
stable_tusd,2019-07-02,tusd,1739.0,2769.0,2843.0,coinmetrics_community
stable_tusd,2019-07-03,tusd,1640.0,2451.0,2499.0,coinmetrics_community
stable_tusd,2019-07-04,tusd,1442.0,1955.0,2004.0,coinmetrics_community
stable_tusd,2019-07-05,tusd,1182.0,1626.0,1653.0,coinmetrics_community
stable_tusd,2019-07-06,tusd,971.0,1414.0,1445.0,coinmetrics_community
stable_tusd,2019-07-07,tusd,858.0,1110.0,1137.0,coinmetrics_community
stable_tusd,2019-07-08,tusd,1286.0,1841.0,1879.0,coinmetrics_community
stable_tusd,2019-07-09,tusd,1763.0,2600.0,2687.0,coinmetrics_community
stable_tusd,2019-07-10,tusd,1429.0,2333.0,2409.0,coinmetrics_community
stable_tusd,2019-07-11,tusd,1356.0,2246.0,2302.0,coinmetrics_community
stable_tusd,2019-07-12,tusd,1241.0,1825.0,1873.0,coinmetrics_community
stable_tusd,2019-07-13,tusd,971.0,1514.0,1541.0,coinmetrics_community
stable_tusd,2019-07-14,tusd,1256.0,2187.0,2262.0,coinmetrics_community
stable_tusd,2019-07-15,tusd,1702.0,2788.0,2885.0,coinmetrics_community
stable_tusd,2019-07-16,tusd,1278.0,2111.0,2211.0,coinmetrics_community
stable_tusd,2019-07-17,tusd,1541.0,2353.0,2424.0,coinmetrics_community
stable_tusd,2019-07-18,tusd,1742.0,2477.0,2526.0,coinmetrics_community
stable_tusd,2019-07-19,tusd,1308.0,1696.0,1734.0,coinmetrics_community
stable_tusd,2019-07-20,tusd,1337.0,1830.0,1898.0,coinmetrics_community
stable_tusd,2019-07-21,tusd,989.0,1347.0,1412.0,coinmetrics_community
stable_tusd,2019-07-22,tusd,941.0,1415.0,1430.0,coinmetrics_community
stable_tusd,2019-07-23,tusd,1078.0,1585.0,1625.0,coinmetrics_community
stable_tusd,2019-07-24,tusd,1161.0,1589.0,1617.0,coinmetrics_community
stable_tusd,2019-07-25,tusd,936.0,1242.0,1291.0,coinmetrics_community
stable_tusd,2019-07-26,tusd,898.0,1269.0,1308.0,coinmetrics_community
stable_tusd,2019-07-27,tusd,796.0,1101.0,1143.0,coinmetrics_community
stable_tusd,2019-07-28,tusd,742.0,1047.0,1082.0,coinmetrics_community
stable_tusd,2019-07-29,tusd,868.0,1144.0,1226.0,coinmetrics_community
stable_tusd,2019-07-30,tusd,845.0,1288.0,1318.0,coinmetrics_community
stable_tusd,2019-07-31,tusd,874.0,1448.0,1490.0,coinmetrics_community
stable_tusd,2019-08-01,tusd,922.0,1401.0,1434.0,coinmetrics_community
stable_tusd,2019-08-02,tusd,968.0,1472.0,1504.0,coinmetrics_community
stable_tusd,2019-08-03,tusd,799.0,1103.0,1149.0,coinmetrics_community
stable_tusd,2019-08-04,tusd,829.0,1152.0,1180.0,coinmetrics_community
stable_tusd,2019-08-05,tusd,1224.0,1661.0,1698.0,coinmetrics_community
stable_tusd,2019-08-06,tusd,1198.0,1798.0,1842.0,coinmetrics_community
stable_tusd,2019-08-07,tusd,1014.0,1582.0,1624.0,coinmetrics_community
stable_tusd,2019-08-08,tusd,822.0,1330.0,1381.0,coinmetrics_community
stable_tusd,2019-08-09,tusd,930.0,1330.0,1380.0,coinmetrics_community
stable_tusd,2019-08-10,tusd,891.0,1358.0,1404.0,coinmetrics_community
stable_tusd,2019-08-11,tusd,667.0,1060.0,1089.0,coinmetrics_community
stable_tusd,2019-08-12,tusd,775.0,1123.0,1153.0,coinmetrics_community
stable_tusd,2019-08-13,tusd,940.0,1624.0,1700.0,coinmetrics_community
stable_tusd,2019-08-14,tusd,1030.0,1746.0,1850.0,coinmetrics_community
stable_tusd,2019-08-15,tusd,1169.0,1839.0,1909.0,coinmetrics_community
stable_tusd,2019-08-16,tusd,931.0,1389.0,1407.0,coinmetrics_community
stable_tusd,2019-08-17,tusd,941.0,1371.0,1384.0,coinmetrics_community
stable_tusd,2019-08-18,tusd,645.0,1100.0,1116.0,coinmetrics_community
stable_tusd,2019-08-19,tusd,807.0,1452.0,1479.0,coinmetrics_community
stable_tusd,2019-08-20,tusd,734.0,1380.0,1421.0,coinmetrics_community
stable_tusd,2019-08-21,tusd,845.0,1473.0,1514.0,coinmetrics_community
stable_tusd,2019-08-22,tusd,881.0,1285.0,1336.0,coinmetrics_community
stable_tusd,2019-08-23,tusd,869.0,1100.0,1135.0,coinmetrics_community
stable_tusd,2019-08-24,tusd,665.0,1038.0,1066.0,coinmetrics_community
stable_tusd,2019-08-25,tusd,482.0,710.0,745.0,coinmetrics_community
stable_tusd,2019-08-26,tusd,673.0,1172.0,1199.0,coinmetrics_community
stable_tusd,2019-08-27,tusd,708.0,1266.0,1295.0,coinmetrics_community
stable_tusd,2019-08-28,tusd,880.0,1543.0,1586.0,coinmetrics_community
stable_tusd,2019-08-29,tusd,1030.0,1650.0,1720.0,coinmetrics_community
stable_tusd,2019-08-30,tusd,697.0,1252.0,1263.0,coinmetrics_community
stable_tusd,2019-08-31,tusd,528.0,962.0,984.0,coinmetrics_community
stable_tusd,2019-09-01,tusd,524.0,1069.0,1091.0,coinmetrics_community
stable_tusd,2019-09-02,tusd,811.0,1482.0,1501.0,coinmetrics_community
stable_tusd,2019-09-03,tusd,925.0,1717.0,1761.0,coinmetrics_community
stable_tusd,2019-09-04,tusd,706.0,977.0,1022.0,coinmetrics_community
stable_tusd,2019-09-05,tusd,672.0,1038.0,1067.0,coinmetrics_community
stable_tusd,2019-09-06,tusd,700.0,1318.0,1369.0,coinmetrics_community
stable_tusd,2019-09-07,tusd,521.0,1312.0,1336.0,coinmetrics_community
stable_tusd,2019-09-08,tusd,499.0,1173.0,1188.0,coinmetrics_community
stable_tusd,2019-09-09,tusd,676.0,1193.0,1251.0,coinmetrics_community
stable_tusd,2019-09-10,tusd,614.0,928.0,951.0,coinmetrics_community
stable_tusd,2019-09-11,tusd,545.0,729.0,754.0,coinmetrics_community
stable_tusd,2019-09-12,tusd,739.0,900.0,916.0,coinmetrics_community
stable_tusd,2019-09-13,tusd,647.0,945.0,976.0,coinmetrics_community
stable_tusd,2019-09-14,tusd,545.0,1271.0,1287.0,coinmetrics_community
stable_tusd,2019-09-15,tusd,477.0,814.0,822.0,coinmetrics_community
stable_tusd,2019-09-16,tusd,676.0,1125.0,1145.0,coinmetrics_community
stable_tusd,2019-09-17,tusd,741.0,1265.0,1242.0,coinmetrics_community
stable_tusd,2019-09-18,tusd,836.0,1244.0,1263.0,coinmetrics_community
stable_tusd,2019-09-19,tusd,913.0,1448.0,1495.0,coinmetrics_community
stable_tusd,2019-09-20,tusd,853.0,1190.0,1229.0,coinmetrics_community
stable_tusd,2019-09-21,tusd,537.0,780.0,795.0,coinmetrics_community
stable_tusd,2019-09-22,tusd,767.0,1100.0,1136.0,coinmetrics_community
stable_tusd,2019-09-23,tusd,743.0,1067.0,1087.0,coinmetrics_community
stable_tusd,2019-09-24,tusd,1569.0,2429.0,2498.0,coinmetrics_community
stable_tusd,2019-09-25,tusd,1046.0,1470.0,1532.0,coinmetrics_community
stable_tusd,2019-09-26,tusd,863.0,1195.0,1235.0,coinmetrics_community
stable_tusd,2019-09-27,tusd,1359.0,1549.0,1581.0,coinmetrics_community
stable_tusd,2019-09-28,tusd,642.0,813.0,839.0,coinmetrics_community
stable_tusd,2019-09-29,tusd,485.0,673.0,684.0,coinmetrics_community
stable_tusd,2019-09-30,tusd,891.0,1192.0,1221.0,coinmetrics_community
stable_tusd,2019-10-01,tusd,710.0,959.0,1009.0,coinmetrics_community
stable_tusd,2019-10-02,tusd,575.0,733.0,772.0,coinmetrics_community
stable_tusd,2019-10-03,tusd,620.0,778.0,811.0,coinmetrics_community
stable_tusd,2019-10-04,tusd,608.0,814.0,846.0,coinmetrics_community
stable_tusd,2019-10-05,tusd,456.0,572.0,600.0,coinmetrics_community
stable_tusd,2019-10-06,tusd,1332.0,1550.0,1577.0,coinmetrics_community
stable_tusd,2019-10-07,tusd,1007.0,1244.0,1278.0,coinmetrics_community
stable_tusd,2019-10-08,tusd,624.0,844.0,896.0,coinmetrics_community
stable_tusd,2019-10-09,tusd,726.0,1130.0,1171.0,coinmetrics_community
stable_tusd,2019-10-10,tusd,661.0,955.0,1014.0,coinmetrics_community
stable_tusd,2019-10-11,tusd,707.0,1079.0,1131.0,coinmetrics_community
stable_tusd,2019-10-12,tusd,456.0,693.0,710.0,coinmetrics_community
stable_tusd,2019-10-13,tusd,419.0,612.0,639.0,coinmetrics_community
stable_tusd,2019-10-14,tusd,564.0,754.0,775.0,coinmetrics_community
stable_tusd,2019-10-15,tusd,653.0,896.0,954.0,coinmetrics_community
stable_tusd,2019-10-16,tusd,701.0,965.0,1049.0,coinmetrics_community
stable_tusd,2019-10-17,tusd,652.0,844.0,898.0,coinmetrics_community
stable_tusd,2019-10-18,tusd,573.0,714.0,806.0,coinmetrics_community
stable_tusd,2019-10-19,tusd,434.0,542.0,555.0,coinmetrics_community
stable_tusd,2019-10-20,tusd,412.0,514.0,538.0,coinmetrics_community
stable_tusd,2019-10-21,tusd,628.0,790.0,832.0,coinmetrics_community
stable_tusd,2019-10-22,tusd,622.0,828.0,869.0,coinmetrics_community
stable_tusd,2019-10-23,tusd,857.0,1115.0,1164.0,coinmetrics_community
stable_tusd,2019-10-24,tusd,613.0,785.0,831.0,coinmetrics_community
stable_tusd,2019-10-25,tusd,839.0,1198.0,1254.0,coinmetrics_community
stable_tusd,2019-10-26,tusd,895.0,1439.0,1489.0,coinmetrics_community
stable_tusd,2019-10-27,tusd,704.0,964.0,1001.0,coinmetrics_community
stable_tusd,2019-10-28,tusd,824.0,1123.0,1159.0,coinmetrics_community
stable_tusd,2019-10-29,tusd,625.0,797.0,857.0,coinmetrics_community
stable_tusd,2019-10-30,tusd,694.0,911.0,956.0,coinmetrics_community
stable_tusd,2019-10-31,tusd,619.0,770.0,800.0,coinmetrics_community
stable_tusd,2019-11-01,tusd,563.0,722.0,763.0,coinmetrics_community
stable_tusd,2019-11-02,tusd,439.0,520.0,543.0,coinmetrics_community
stable_tusd,2019-11-03,tusd,383.0,536.0,598.0,coinmetrics_community
stable_tusd,2019-11-04,tusd,601.0,1057.0,1223.0,coinmetrics_community
stable_tusd,2019-11-05,tusd,699.0,963.0,1000.0,coinmetrics_community
stable_tusd,2019-11-06,tusd,540.0,652.0,677.0,coinmetrics_community
stable_tusd,2019-11-07,tusd,566.0,694.0,733.0,coinmetrics_community
stable_tusd,2019-11-08,tusd,666.0,799.0,844.0,coinmetrics_community
stable_tusd,2019-11-09,tusd,473.0,581.0,610.0,coinmetrics_community
stable_tusd,2019-11-10,tusd,446.0,546.0,573.0,coinmetrics_community
stable_tusd,2019-11-11,tusd,563.0,711.0,750.0,coinmetrics_community
stable_tusd,2019-11-12,tusd,672.0,957.0,1113.0,coinmetrics_community
stable_tusd,2019-11-13,tusd,555.0,802.0,1001.0,coinmetrics_community
stable_tusd,2019-11-14,tusd,565.0,712.0,735.0,coinmetrics_community
stable_tusd,2019-11-15,tusd,550.0,713.0,743.0,coinmetrics_community
stable_tusd,2019-11-16,tusd,460.0,561.0,586.0,coinmetrics_community
stable_tusd,2019-11-17,tusd,322.0,375.0,395.0,coinmetrics_community
stable_tusd,2019-11-18,tusd,539.0,640.0,663.0,coinmetrics_community
stable_tusd,2019-11-19,tusd,581.0,793.0,831.0,coinmetrics_community
stable_tusd,2019-11-20,tusd,560.0,648.0,672.0,coinmetrics_community
stable_tusd,2019-11-21,tusd,871.0,1219.0,1271.0,coinmetrics_community
stable_tusd,2019-11-22,tusd,923.0,1280.0,1350.0,coinmetrics_community
stable_tusd,2019-11-23,tusd,550.0,679.0,719.0,coinmetrics_community
stable_tusd,2019-11-24,tusd,409.0,530.0,563.0,coinmetrics_community
stable_tusd,2019-11-25,tusd,1126.0,1458.0,1494.0,coinmetrics_community
stable_tusd,2019-11-26,tusd,688.0,842.0,921.0,coinmetrics_community
stable_tusd,2019-11-27,tusd,618.0,823.0,868.0,coinmetrics_community
stable_tusd,2019-11-28,tusd,608.0,798.0,844.0,coinmetrics_community
stable_tusd,2019-11-29,tusd,644.0,751.0,786.0,coinmetrics_community
stable_tusd,2019-11-30,tusd,456.0,567.0,596.0,coinmetrics_community
stable_tusd,2019-12-01,tusd,417.0,522.0,561.0,coinmetrics_community
stable_tusd,2019-12-02,tusd,522.0,698.0,805.0,coinmetrics_community
stable_tusd,2019-12-03,tusd,496.0,664.0,709.0,coinmetrics_community
stable_tusd,2019-12-04,tusd,551.0,720.0,745.0,coinmetrics_community
stable_tusd,2019-12-05,tusd,497.0,620.0,678.0,coinmetrics_community
stable_tusd,2019-12-06,tusd,453.0,578.0,603.0,coinmetrics_community
stable_tusd,2019-12-07,tusd,395.0,463.0,492.0,coinmetrics_community
stable_tusd,2019-12-08,tusd,337.0,396.0,416.0,coinmetrics_community
stable_tusd,2019-12-09,tusd,529.0,634.0,694.0,coinmetrics_community
stable_tusd,2019-12-10,tusd,546.0,697.0,740.0,coinmetrics_community
stable_tusd,2019-12-11,tusd,512.0,639.0,682.0,coinmetrics_community
stable_tusd,2019-12-12,tusd,454.0,522.0,558.0,coinmetrics_community
stable_tusd,2019-12-13,tusd,494.0,619.0,658.0,coinmetrics_community
stable_tusd,2019-12-14,tusd,427.0,519.0,549.0,coinmetrics_community
stable_tusd,2019-12-15,tusd,395.0,507.0,532.0,coinmetrics_community
stable_tusd,2019-12-16,tusd,604.0,761.0,785.0,coinmetrics_community
stable_tusd,2019-12-17,tusd,750.0,1057.0,1101.0,coinmetrics_community
stable_tusd,2019-12-18,tusd,759.0,1035.0,1079.0,coinmetrics_community
stable_tusd,2019-12-19,tusd,574.0,726.0,769.0,coinmetrics_community
stable_tusd,2019-12-20,tusd,549.0,669.0,698.0,coinmetrics_community
stable_tusd,2019-12-21,tusd,456.0,523.0,589.0,coinmetrics_community
stable_tusd,2019-12-22,tusd,426.0,489.0,536.0,coinmetrics_community
stable_tusd,2019-12-23,tusd,570.0,714.0,843.0,coinmetrics_community
stable_tusd,2019-12-24,tusd,572.0,679.0,713.0,coinmetrics_community
stable_tusd,2019-12-25,tusd,339.0,402.0,419.0,coinmetrics_community
stable_tusd,2019-12-26,tusd,467.0,609.0,636.0,coinmetrics_community
stable_tusd,2019-12-27,tusd,463.0,550.0,572.0,coinmetrics_community
stable_tusd,2019-12-28,tusd,402.0,451.0,484.0,coinmetrics_community
stable_tusd,2019-12-29,tusd,387.0,456.0,500.0,coinmetrics_community
stable_tusd,2019-12-30,tusd,491.0,581.0,615.0,coinmetrics_community
stable_tusd,2019-12-31,tusd,445.0,548.0,575.0,coinmetrics_community
stable_tusd,2020-01-01,tusd,311.0,337.0,364.0,coinmetrics_community
stable_tusd,2020-01-02,tusd,456.0,564.0,590.0,coinmetrics_community
stable_tusd,2020-01-03,tusd,597.0,760.0,812.0,coinmetrics_community
stable_tusd,2020-01-04,tusd,431.0,483.0,532.0,coinmetrics_community
stable_tusd,2020-01-05,tusd,1446.0,1578.0,1625.0,coinmetrics_community
stable_tusd,2020-01-06,tusd,625.0,818.0,893.0,coinmetrics_community
stable_tusd,2020-01-07,tusd,686.0,947.0,1004.0,coinmetrics_community
stable_tusd,2020-01-08,tusd,724.0,1008.0,1079.0,coinmetrics_community
stable_tusd,2020-01-09,tusd,576.0,735.0,874.0,coinmetrics_community
stable_tusd,2020-01-10,tusd,554.0,712.0,755.0,coinmetrics_community
stable_tusd,2020-01-11,tusd,451.0,567.0,604.0,coinmetrics_community
stable_tusd,2020-01-12,tusd,395.0,480.0,519.0,coinmetrics_community
stable_tusd,2020-01-13,tusd,490.0,632.0,697.0,coinmetrics_community
stable_tusd,2020-01-14,tusd,913.0,1472.0,1567.0,coinmetrics_community
stable_tusd,2020-01-15,tusd,752.0,1055.0,1164.0,coinmetrics_community
stable_tusd,2020-01-16,tusd,2666.0,2941.0,2992.0,coinmetrics_community
stable_tusd,2020-01-17,tusd,759.0,1146.0,1195.0,coinmetrics_community
stable_tusd,2020-01-18,tusd,510.0,693.0,722.0,coinmetrics_community
stable_tusd,2020-01-19,tusd,527.0,688.0,717.0,coinmetrics_community
stable_tusd,2020-01-20,tusd,567.0,714.0,746.0,coinmetrics_community
stable_tusd,2020-01-21,tusd,539.0,658.0,690.0,coinmetrics_community
stable_tusd,2020-01-22,tusd,503.0,608.0,641.0,coinmetrics_community
stable_tusd,2020-01-23,tusd,611.0,778.0,825.0,coinmetrics_community
stable_tusd,2020-01-24,tusd,494.0,615.0,660.0,coinmetrics_community
stable_tusd,2020-01-25,tusd,377.0,487.0,530.0,coinmetrics_community
stable_tusd,2020-01-26,tusd,397.0,492.0,526.0,coinmetrics_community
stable_tusd,2020-01-27,tusd,550.0,782.0,825.0,coinmetrics_community
stable_tusd,2020-01-28,tusd,584.0,794.0,841.0,coinmetrics_community
stable_tusd,2020-01-29,tusd,680.0,895.0,953.0,coinmetrics_community
stable_tusd,2020-01-30,tusd,652.0,903.0,950.0,coinmetrics_community
stable_tusd,2020-01-31,tusd,640.0,902.0,1002.0,coinmetrics_community
stable_tusd,2020-02-01,tusd,573.0,750.0,813.0,coinmetrics_community
stable_tusd,2020-02-02,tusd,603.0,805.0,853.0,coinmetrics_community
stable_tusd,2020-02-03,tusd,613.0,847.0,892.0,coinmetrics_community
stable_tusd,2020-02-04,tusd,597.0,793.0,853.0,coinmetrics_community
stable_tusd,2020-02-05,tusd,779.0,1117.0,1177.0,coinmetrics_community
stable_tusd,2020-02-06,tusd,945.0,1889.0,1947.0,coinmetrics_community
stable_tusd,2020-02-07,tusd,1001.0,1740.0,1796.0,coinmetrics_community
stable_tusd,2020-02-08,tusd,701.0,924.0,962.0,coinmetrics_community
stable_tusd,2020-02-09,tusd,789.0,1151.0,1215.0,coinmetrics_community
stable_tusd,2020-02-10,tusd,855.0,1294.0,1341.0,coinmetrics_community
stable_tusd,2020-02-11,tusd,957.0,1370.0,1431.0,coinmetrics_community
stable_tusd,2020-02-12,tusd,3105.0,4264.0,4382.0,coinmetrics_community
stable_tusd,2020-02-13,tusd,1021.0,1738.0,1800.0,coinmetrics_community
stable_tusd,2020-02-14,tusd,807.0,1228.0,1297.0,coinmetrics_community
stable_tusd,2020-02-15,tusd,760.0,1162.0,1257.0,coinmetrics_community
stable_tusd,2020-02-16,tusd,837.0,1353.0,1458.0,coinmetrics_community
stable_tusd,2020-02-17,tusd,774.0,1291.0,1409.0,coinmetrics_community
stable_tusd,2020-02-18,tusd,833.0,1270.0,1348.0,coinmetrics_community
stable_tusd,2020-02-19,tusd,729.0,1138.0,1273.0,coinmetrics_community
stable_tusd,2020-02-20,tusd,809.0,1203.0,1286.0,coinmetrics_community
stable_tusd,2020-02-21,tusd,603.0,876.0,943.0,coinmetrics_community
stable_tusd,2020-02-22,tusd,472.0,646.0,708.0,coinmetrics_community
stable_tusd,2020-02-23,tusd,847.0,1047.0,1126.0,coinmetrics_community
stable_tusd,2020-02-24,tusd,581.0,898.0,987.0,coinmetrics_community
stable_tusd,2020-02-25,tusd,638.0,995.0,1087.0,coinmetrics_community
stable_tusd,2020-02-26,tusd,955.0,1662.0,1839.0,coinmetrics_community
stable_tusd,2020-02-27,tusd,862.0,1311.0,1451.0,coinmetrics_community
stable_tusd,2020-02-28,tusd,760.0,1272.0,1494.0,coinmetrics_community
stable_tusd,2020-02-29,tusd,994.0,1312.0,1388.0,coinmetrics_community
stable_tusd,2020-03-01,tusd,1629.0,1932.0,2001.0,coinmetrics_community
stable_tusd,2020-03-02,tusd,1814.0,2210.0,2286.0,coinmetrics_community
stable_tusd,2020-03-03,tusd,1715.0,2122.0,2191.0,coinmetrics_community
stable_tusd,2020-03-04,tusd,621.0,931.0,1029.0,coinmetrics_community
stable_tusd,2020-03-05,tusd,721.0,1041.0,1159.0,coinmetrics_community
stable_tusd,2020-03-06,tusd,575.0,848.0,927.0,coinmetrics_community
stable_tusd,2020-03-07,tusd,488.0,737.0,822.0,coinmetrics_community
stable_tusd,2020-03-08,tusd,669.0,1201.0,1303.0,coinmetrics_community
stable_tusd,2020-03-09,tusd,1200.0,2020.0,2173.0,coinmetrics_community
stable_tusd,2020-03-10,tusd,858.0,1266.0,1340.0,coinmetrics_community
stable_tusd,2020-03-11,tusd,604.0,953.0,1022.0,coinmetrics_community
stable_tusd,2020-03-12,tusd,1519.0,2733.0,3039.0,coinmetrics_community
stable_tusd,2020-03-13,tusd,1917.0,3615.0,3893.0,coinmetrics_community
stable_tusd,2020-03-14,tusd,857.0,1527.0,1653.0,coinmetrics_community
stable_tusd,2020-03-15,tusd,1814.0,2521.0,2656.0,coinmetrics_community
stable_tusd,2020-03-16,tusd,1184.0,2326.0,2574.0,coinmetrics_community
stable_tusd,2020-03-17,tusd,795.0,1344.0,1456.0,coinmetrics_community
stable_tusd,2020-03-18,tusd,941.0,1502.0,1585.0,coinmetrics_community
stable_tusd,2020-03-19,tusd,1279.0,2080.0,2193.0,coinmetrics_community
stable_tusd,2020-03-20,tusd,2268.0,3308.0,3423.0,coinmetrics_community
stable_tusd,2020-03-21,tusd,1935.0,2347.0,2414.0,coinmetrics_community
stable_tusd,2020-03-22,tusd,630.0,1168.0,1218.0,coinmetrics_community
stable_tusd,2020-03-23,tusd,743.0,1120.0,1186.0,coinmetrics_community
stable_tusd,2020-03-24,tusd,817.0,1245.0,1322.0,coinmetrics_community
stable_tusd,2020-03-25,tusd,860.0,1281.0,1401.0,coinmetrics_community
stable_tusd,2020-03-26,tusd,720.0,1088.0,1158.0,coinmetrics_community
stable_tusd,2020-03-27,tusd,695.0,1084.0,1154.0,coinmetrics_community
stable_tusd,2020-03-28,tusd,864.0,1407.0,1487.0,coinmetrics_community
stable_tusd,2020-03-29,tusd,632.0,968.0,1060.0,coinmetrics_community
stable_tusd,2020-03-30,tusd,746.0,1128.0,1267.0,coinmetrics_community
stable_tusd,2020-03-31,tusd,668.0,953.0,1100.0,coinmetrics_community
stable_tusd,2020-04-01,tusd,595.0,899.0,1028.0,coinmetrics_community
stable_tusd,2020-04-02,tusd,768.0,1110.0,1220.0,coinmetrics_community
stable_tusd,2020-04-03,tusd,749.0,1020.0,1089.0,coinmetrics_community
stable_tusd,2020-04-04,tusd,513.0,766.0,890.0,coinmetrics_community
stable_tusd,2020-04-05,tusd,405.0,557.0,579.0,coinmetrics_community
stable_tusd,2020-04-06,tusd,918.0,1464.0,1571.0,coinmetrics_community
stable_tusd,2020-04-07,tusd,816.0,1368.0,1462.0,coinmetrics_community
stable_tusd,2020-04-08,tusd,780.0,1220.0,1355.0,coinmetrics_community
stable_tusd,2020-04-09,tusd,841.0,1245.0,1321.0,coinmetrics_community
stable_tusd,2020-04-10,tusd,784.0,1324.0,1409.0,coinmetrics_community
stable_tusd,2020-04-11,tusd,581.0,872.0,976.0,coinmetrics_community
stable_tusd,2020-04-12,tusd,608.0,836.0,933.0,coinmetrics_community
stable_tusd,2020-04-13,tusd,735.0,1239.0,1333.0,coinmetrics_community
stable_tusd,2020-04-14,tusd,613.0,1047.0,1109.0,coinmetrics_community
stable_tusd,2020-04-15,tusd,777.0,1155.0,1261.0,coinmetrics_community
stable_tusd,2020-04-16,tusd,926.0,1356.0,1474.0,coinmetrics_community
stable_tusd,2020-04-17,tusd,573.0,795.0,853.0,coinmetrics_community
stable_tusd,2020-04-18,tusd,678.0,954.0,1022.0,coinmetrics_community
stable_tusd,2020-04-19,tusd,618.0,920.0,1046.0,coinmetrics_community
stable_tusd,2020-04-20,tusd,807.0,1161.0,1325.0,coinmetrics_community
stable_tusd,2020-04-21,tusd,771.0,960.0,1027.0,coinmetrics_community
stable_tusd,2020-04-22,tusd,842.0,1126.0,1291.0,coinmetrics_community
stable_tusd,2020-04-23,tusd,845.0,1245.0,1543.0,coinmetrics_community
stable_tusd,2020-04-24,tusd,1038.0,1189.0,1324.0,coinmetrics_community
stable_tusd,2020-04-25,tusd,840.0,1072.0,1197.0,coinmetrics_community
stable_tusd,2020-04-26,tusd,655.0,838.0,905.0,coinmetrics_community
stable_tusd,2020-04-27,tusd,842.0,1066.0,1151.0,coinmetrics_community
stable_tusd,2020-04-28,tusd,649.0,822.0,872.0,coinmetrics_community
stable_tusd,2020-04-29,tusd,1040.0,1635.0,1712.0,coinmetrics_community
stable_tusd,2020-04-30,tusd,1123.0,1746.0,1795.0,coinmetrics_community
stable_tusd,2020-05-01,tusd,844.0,1086.0,1142.0,coinmetrics_community
stable_tusd,2020-05-02,tusd,667.0,893.0,964.0,coinmetrics_community
stable_tusd,2020-05-03,tusd,685.0,852.0,891.0,coinmetrics_community
stable_tusd,2020-05-04,tusd,802.0,1122.0,1172.0,coinmetrics_community
stable_tusd,2020-05-05,tusd,729.0,950.0,1011.0,coinmetrics_community
stable_tusd,2020-05-06,tusd,816.0,1021.0,1060.0,coinmetrics_community
stable_tusd,2020-05-07,tusd,889.0,1143.0,1195.0,coinmetrics_community
stable_tusd,2020-05-08,tusd,933.0,1217.0,1269.0,coinmetrics_community
stable_tusd,2020-05-09,tusd,753.0,1020.0,1069.0,coinmetrics_community
stable_tusd,2020-05-10,tusd,1090.0,1672.0,1753.0,coinmetrics_community
stable_tusd,2020-05-11,tusd,883.0,1219.0,1272.0,coinmetrics_community
stable_tusd,2020-05-12,tusd,707.0,827.0,865.0,coinmetrics_community
stable_tusd,2020-05-13,tusd,704.0,873.0,907.0,coinmetrics_community
stable_tusd,2020-05-14,tusd,764.0,934.0,971.0,coinmetrics_community
stable_tusd,2020-05-15,tusd,658.0,806.0,820.0,coinmetrics_community
stable_tusd,2020-05-16,tusd,668.0,838.0,877.0,coinmetrics_community
stable_tusd,2020-05-17,tusd,589.0,783.0,822.0,coinmetrics_community
stable_tusd,2020-05-18,tusd,834.0,1067.0,1094.0,coinmetrics_community
stable_tusd,2020-05-19,tusd,609.0,771.0,793.0,coinmetrics_community
stable_tusd,2020-05-20,tusd,697.0,862.0,896.0,coinmetrics_community
stable_tusd,2020-05-21,tusd,745.0,966.0,1033.0,coinmetrics_community
stable_tusd,2020-05-22,tusd,683.0,781.0,824.0,coinmetrics_community
stable_tusd,2020-05-23,tusd,531.0,579.0,611.0,coinmetrics_community
stable_tusd,2020-05-24,tusd,533.0,619.0,650.0,coinmetrics_community
stable_tusd,2020-05-25,tusd,642.0,732.0,791.0,coinmetrics_community
stable_tusd,2020-05-26,tusd,621.0,786.0,831.0,coinmetrics_community
stable_tusd,2020-05-27,tusd,608.0,700.0,763.0,coinmetrics_community
stable_tusd,2020-05-28,tusd,599.0,739.0,764.0,coinmetrics_community
stable_tusd,2020-05-29,tusd,666.0,826.0,846.0,coinmetrics_community
stable_tusd,2020-05-30,tusd,659.0,837.0,892.0,coinmetrics_community
stable_tusd,2020-05-31,tusd,597.0,753.0,793.0,coinmetrics_community
stable_tusd,2020-06-01,tusd,799.0,1043.0,1089.0,coinmetrics_community
stable_tusd,2020-06-02,tusd,1198.0,1484.0,1530.0,coinmetrics_community
stable_tusd,2020-06-03,tusd,855.0,1048.0,1135.0,coinmetrics_community
stable_tusd,2020-06-04,tusd,659.0,852.0,907.0,coinmetrics_community
stable_tusd,2020-06-05,tusd,654.0,834.0,904.0,coinmetrics_community
stable_tusd,2020-06-06,tusd,433.0,578.0,612.0,coinmetrics_community
stable_tusd,2020-06-07,tusd,469.0,563.0,592.0,coinmetrics_community
stable_tusd,2020-06-08,tusd,570.0,625.0,663.0,coinmetrics_community
stable_tusd,2020-06-09,tusd,630.0,777.0,823.0,coinmetrics_community
stable_tusd,2020-06-10,tusd,580.0,714.0,767.0,coinmetrics_community
stable_tusd,2020-06-11,tusd,781.0,1068.0,1159.0,coinmetrics_community
stable_tusd,2020-06-12,tusd,669.0,796.0,856.0,coinmetrics_community
stable_tusd,2020-06-13,tusd,580.0,650.0,688.0,coinmetrics_community
stable_tusd,2020-06-14,tusd,476.0,758.0,856.0,coinmetrics_community
stable_tusd,2020-06-15,tusd,744.0,1349.0,1563.0,coinmetrics_community
stable_tusd,2020-06-16,tusd,667.0,1096.0,1155.0,coinmetrics_community
stable_tusd,2020-06-17,tusd,580.0,672.0,776.0,coinmetrics_community
stable_tusd,2020-06-18,tusd,640.0,853.0,973.0,coinmetrics_community
stable_tusd,2020-06-19,tusd,968.0,1323.0,1555.0,coinmetrics_community
stable_tusd,2020-06-20,tusd,698.0,1070.0,1405.0,coinmetrics_community
stable_tusd,2020-06-21,tusd,502.0,714.0,1000.0,coinmetrics_community
stable_tusd,2020-06-22,tusd,706.0,877.0,1013.0,coinmetrics_community
stable_tusd,2020-06-23,tusd,677.0,811.0,934.0,coinmetrics_community
stable_tusd,2020-06-24,tusd,613.0,824.0,968.0,coinmetrics_community
stable_tusd,2020-06-25,tusd,586.0,739.0,883.0,coinmetrics_community
stable_tusd,2020-06-26,tusd,614.0,794.0,982.0,coinmetrics_community
stable_tusd,2020-06-27,tusd,583.0,740.0,867.0,coinmetrics_community
stable_tusd,2020-06-28,tusd,527.0,625.0,746.0,coinmetrics_community
stable_tusd,2020-06-29,tusd,623.0,783.0,882.0,coinmetrics_community
stable_tusd,2020-06-30,tusd,597.0,725.0,801.0,coinmetrics_community
stable_tusd,2020-07-01,tusd,667.0,792.0,878.0,coinmetrics_community
stable_tusd,2020-07-02,tusd,690.0,816.0,938.0,coinmetrics_community
stable_tusd,2020-07-03,tusd,616.0,754.0,852.0,coinmetrics_community
stable_tusd,2020-07-04,tusd,488.0,578.0,666.0,coinmetrics_community
stable_tusd,2020-07-05,tusd,416.0,488.0,572.0,coinmetrics_community
stable_tusd,2020-07-06,tusd,710.0,820.0,935.0,coinmetrics_community
stable_tusd,2020-07-07,tusd,766.0,991.0,1109.0,coinmetrics_community
stable_tusd,2020-07-08,tusd,827.0,1050.0,1172.0,coinmetrics_community
stable_tusd,2020-07-09,tusd,797.0,1031.0,1130.0,coinmetrics_community
stable_tusd,2020-07-10,tusd,798.0,943.0,989.0,coinmetrics_community
stable_tusd,2020-07-11,tusd,521.0,715.0,863.0,coinmetrics_community
stable_tusd,2020-07-12,tusd,620.0,737.0,850.0,coinmetrics_community
stable_tusd,2020-07-13,tusd,708.0,935.0,1120.0,coinmetrics_community
stable_tusd,2020-07-14,tusd,709.0,945.0,1057.0,coinmetrics_community
stable_tusd,2020-07-15,tusd,766.0,986.0,1067.0,coinmetrics_community
stable_tusd,2020-07-16,tusd,770.0,999.0,1100.0,coinmetrics_community
stable_tusd,2020-07-17,tusd,572.0,823.0,963.0,coinmetrics_community
stable_tusd,2020-07-18,tusd,743.0,1141.0,1625.0,coinmetrics_community
stable_tusd,2020-07-19,tusd,725.0,1276.0,1920.0,coinmetrics_community
stable_tusd,2020-07-20,tusd,798.0,1142.0,1502.0,coinmetrics_community
stable_tusd,2020-07-21,tusd,807.0,1136.0,1426.0,coinmetrics_community
stable_tusd,2020-07-22,tusd,758.0,1162.0,1462.0,coinmetrics_community
stable_tusd,2020-07-23,tusd,1111.0,1722.0,2137.0,coinmetrics_community
stable_tusd,2020-07-24,tusd,817.0,1325.0,1714.0,coinmetrics_community
stable_tusd,2020-07-25,tusd,896.0,1373.0,1753.0,coinmetrics_community
stable_tusd,2020-07-26,tusd,1135.0,1676.0,2345.0,coinmetrics_community
stable_tusd,2020-07-27,tusd,1207.0,1837.0,2387.0,coinmetrics_community
stable_tusd,2020-07-28,tusd,1174.0,1697.0,1973.0,coinmetrics_community
stable_tusd,2020-07-29,tusd,882.0,1427.0,1744.0,coinmetrics_community
stable_tusd,2020-07-30,tusd,805.0,1269.0,1595.0,coinmetrics_community
stable_tusd,2020-07-31,tusd,829.0,1351.0,1577.0,coinmetrics_community
stable_tusd,2020-08-01,tusd,846.0,1170.0,1344.0,coinmetrics_community
stable_tusd,2020-08-02,tusd,835.0,1283.0,1511.0,coinmetrics_community
stable_tusd,2020-08-03,tusd,905.0,1406.0,1673.0,coinmetrics_community
stable_tusd,2020-08-04,tusd,1026.0,1440.0,1644.0,coinmetrics_community
stable_tusd,2020-08-05,tusd,823.0,1204.0,1390.0,coinmetrics_community
stable_tusd,2020-08-06,tusd,817.0,1212.0,1472.0,coinmetrics_community
stable_tusd,2020-08-07,tusd,754.0,1169.0,1372.0,coinmetrics_community
stable_tusd,2020-08-08,tusd,729.0,1036.0,1335.0,coinmetrics_community
stable_tusd,2020-08-09,tusd,726.0,1065.0,1360.0,coinmetrics_community
stable_tusd,2020-08-10,tusd,805.0,1243.0,1459.0,coinmetrics_community
stable_tusd,2020-08-11,tusd,857.0,1272.0,1499.0,coinmetrics_community
stable_tusd,2020-08-12,tusd,825.0,1332.0,1779.0,coinmetrics_community
stable_tusd,2020-08-13,tusd,841.0,1126.0,1350.0,coinmetrics_community
stable_tusd,2020-08-14,tusd,910.0,1358.0,1688.0,coinmetrics_community
stable_tusd,2020-08-15,tusd,786.0,1160.0,1462.0,coinmetrics_community
stable_tusd,2020-08-16,tusd,745.0,1050.0,1272.0,coinmetrics_community
stable_tusd,2020-08-17,tusd,852.0,1218.0,1460.0,coinmetrics_community
stable_tusd,2020-08-18,tusd,825.0,1161.0,1406.0,coinmetrics_community
stable_tusd,2020-08-19,tusd,734.0,1051.0,1311.0,coinmetrics_community
stable_tusd,2020-08-20,tusd,690.0,909.0,1075.0,coinmetrics_community
stable_tusd,2020-08-21,tusd,741.0,995.0,1153.0,coinmetrics_community
stable_tusd,2020-08-22,tusd,757.0,1028.0,1280.0,coinmetrics_community
stable_tusd,2020-08-23,tusd,567.0,795.0,989.0,coinmetrics_community
stable_tusd,2020-08-24,tusd,690.0,1015.0,1250.0,coinmetrics_community
stable_tusd,2020-08-25,tusd,797.0,1184.0,1379.0,coinmetrics_community
stable_tusd,2020-08-26,tusd,774.0,1110.0,1337.0,coinmetrics_community
stable_tusd,2020-08-27,tusd,763.0,1119.0,1353.0,coinmetrics_community
stable_tusd,2020-08-28,tusd,691.0,977.0,1172.0,coinmetrics_community
stable_tusd,2020-08-29,tusd,571.0,810.0,1005.0,coinmetrics_community
stable_tusd,2020-08-30,tusd,711.0,940.0,1128.0,coinmetrics_community
stable_tusd,2020-08-31,tusd,756.0,1189.0,1519.0,coinmetrics_community
stable_tusd,2020-09-01,tusd,787.0,987.0,1113.0,coinmetrics_community
stable_tusd,2020-09-02,tusd,692.0,867.0,1032.0,coinmetrics_community
stable_tusd,2020-09-03,tusd,790.0,1002.0,1199.0,coinmetrics_community
stable_tusd,2020-09-04,tusd,998.0,1290.0,1514.0,coinmetrics_community
stable_tusd,2020-09-05,tusd,2950.0,5552.0,2739.0,coinmetrics_community
stable_tusd,2020-09-06,tusd,1296.0,2424.0,1728.0,coinmetrics_community
stable_tusd,2020-09-07,tusd,1216.0,1967.0,1264.0,coinmetrics_community
stable_tusd,2020-09-08,tusd,1060.0,1848.0,1240.0,coinmetrics_community
stable_tusd,2020-09-09,tusd,1326.0,2218.0,1436.0,coinmetrics_community
stable_tusd,2020-09-10,tusd,1215.0,2164.0,1289.0,coinmetrics_community
stable_tusd,2020-09-11,tusd,918.0,1773.0,1179.0,coinmetrics_community
stable_tusd,2020-09-12,tusd,1002.0,1837.0,1424.0,coinmetrics_community
stable_tusd,2020-09-13,tusd,999.0,1840.0,1195.0,coinmetrics_community
stable_tusd,2020-09-14,tusd,926.0,1758.0,1300.0,coinmetrics_community
stable_tusd,2020-09-15,tusd,1046.0,1734.0,1389.0,coinmetrics_community
stable_tusd,2020-09-16,tusd,920.0,1730.0,1433.0,coinmetrics_community
stable_tusd,2020-09-17,tusd,588.0,1193.0,953.0,coinmetrics_community
stable_tusd,2020-09-18,tusd,751.0,1420.0,1194.0,coinmetrics_community
stable_tusd,2020-09-19,tusd,948.0,2825.0,2683.0,coinmetrics_community
stable_tusd,2020-09-20,tusd,862.0,1721.0,1933.0,coinmetrics_community
stable_tusd,2020-09-21,tusd,1022.0,1944.0,2260.0,coinmetrics_community
stable_tusd,2020-09-22,tusd,907.0,1537.0,1782.0,coinmetrics_community
stable_tusd,2020-09-23,tusd,844.0,1391.0,1675.0,coinmetrics_community
stable_tusd,2020-09-24,tusd,838.0,1492.0,1821.0,coinmetrics_community
stable_tusd,2020-09-25,tusd,663.0,1092.0,1251.0,coinmetrics_community
stable_tusd,2020-09-26,tusd,614.0,950.0,1192.0,coinmetrics_community
stable_tusd,2020-09-27,tusd,513.0,720.0,812.0,coinmetrics_community
stable_tusd,2020-09-28,tusd,586.0,785.0,847.0,coinmetrics_community
stable_tusd,2020-09-29,tusd,579.0,740.0,818.0,coinmetrics_community
stable_tusd,2020-09-30,tusd,590.0,767.0,823.0,coinmetrics_community
stable_tusd,2020-10-01,tusd,698.0,1030.0,1167.0,coinmetrics_community
stable_tusd,2020-10-02,tusd,687.0,1018.0,1202.0,coinmetrics_community
stable_tusd,2020-10-03,tusd,496.0,673.0,753.0,coinmetrics_community
stable_tusd,2020-10-04,tusd,477.0,692.0,862.0,coinmetrics_community
stable_tusd,2020-10-05,tusd,593.0,821.0,945.0,coinmetrics_community
stable_tusd,2020-10-06,tusd,631.0,989.0,1172.0,coinmetrics_community
stable_tusd,2020-10-07,tusd,603.0,869.0,1055.0,coinmetrics_community
stable_tusd,2020-10-08,tusd,630.0,852.0,988.0,coinmetrics_community
stable_tusd,2020-10-09,tusd,652.0,978.0,1140.0,coinmetrics_community
stable_tusd,2020-10-10,tusd,640.0,907.0,1077.0,coinmetrics_community
stable_tusd,2020-10-11,tusd,528.0,700.0,835.0,coinmetrics_community
stable_tusd,2020-10-12,tusd,579.0,773.0,869.0,coinmetrics_community
stable_tusd,2020-10-13,tusd,669.0,868.0,998.0,coinmetrics_community
stable_tusd,2020-10-14,tusd,651.0,932.0,1155.0,coinmetrics_community
stable_tusd,2020-10-15,tusd,634.0,904.0,1070.0,coinmetrics_community
stable_tusd,2020-10-16,tusd,587.0,781.0,911.0,coinmetrics_community
stable_tusd,2020-10-17,tusd,507.0,670.0,832.0,coinmetrics_community
stable_tusd,2020-10-18,tusd,493.0,648.0,820.0,coinmetrics_community
stable_tusd,2020-10-19,tusd,624.0,862.0,1057.0,coinmetrics_community
stable_tusd,2020-10-20,tusd,681.0,1003.0,1248.0,coinmetrics_community
stable_tusd,2020-10-21,tusd,821.0,1255.0,1523.0,coinmetrics_community
stable_tusd,2020-10-22,tusd,826.0,1308.0,1656.0,coinmetrics_community
stable_tusd,2020-10-23,tusd,654.0,970.0,1143.0,coinmetrics_community
stable_tusd,2020-10-24,tusd,605.0,856.0,1095.0,coinmetrics_community
stable_tusd,2020-10-25,tusd,528.0,703.0,858.0,coinmetrics_community
stable_tusd,2020-10-26,tusd,726.0,1432.0,2084.0,coinmetrics_community
stable_tusd,2020-10-27,tusd,780.0,1102.0,1323.0,coinmetrics_community
stable_tusd,2020-10-28,tusd,671.0,1075.0,1378.0,coinmetrics_community
stable_tusd,2020-10-29,tusd,843.0,1071.0,1218.0,coinmetrics_community
stable_tusd,2020-10-30,tusd,1614.0,1911.0,2075.0,coinmetrics_community
stable_tusd,2020-10-31,tusd,554.0,826.0,1028.0,coinmetrics_community
stable_tusd,2020-11-01,tusd,744.0,913.0,1019.0,coinmetrics_community
stable_tusd,2020-11-02,tusd,1040.0,1275.0,1405.0,coinmetrics_community
stable_tusd,2020-11-03,tusd,695.0,966.0,1122.0,coinmetrics_community
stable_tusd,2020-11-04,tusd,693.0,962.0,1119.0,coinmetrics_community
stable_tusd,2020-11-05,tusd,830.0,1237.0,1398.0,coinmetrics_community
stable_tusd,2020-11-06,tusd,844.0,1363.0,1520.0,coinmetrics_community
stable_tusd,2020-11-07,tusd,719.0,1149.0,1320.0,coinmetrics_community
stable_tusd,2020-11-08,tusd,583.0,876.0,1052.0,coinmetrics_community
stable_tusd,2020-11-09,tusd,707.0,1039.0,1161.0,coinmetrics_community
stable_tusd,2020-11-10,tusd,1082.0,1427.0,1554.0,coinmetrics_community
stable_tusd,2020-11-11,tusd,672.0,908.0,1031.0,coinmetrics_community
stable_tusd,2020-11-12,tusd,1325.0,1596.0,1723.0,coinmetrics_community
stable_tusd,2020-11-13,tusd,656.0,859.0,958.0,coinmetrics_community
stable_tusd,2020-11-14,tusd,560.0,771.0,882.0,coinmetrics_community
stable_tusd,2020-11-15,tusd,525.0,774.0,905.0,coinmetrics_community
stable_tusd,2020-11-16,tusd,665.0,930.0,1039.0,coinmetrics_community
stable_tusd,2020-11-17,tusd,1424.0,1822.0,1962.0,coinmetrics_community
stable_tusd,2020-11-18,tusd,796.0,1225.0,1370.0,coinmetrics_community
stable_tusd,2020-11-19,tusd,789.0,1122.0,1249.0,coinmetrics_community
stable_tusd,2020-11-20,tusd,731.0,999.0,1122.0,coinmetrics_community
stable_tusd,2020-11-21,tusd,781.0,1277.0,1409.0,coinmetrics_community
stable_tusd,2020-11-22,tusd,953.0,2285.0,2931.0,coinmetrics_community
stable_tusd,2020-11-23,tusd,1029.0,1721.0,1952.0,coinmetrics_community
stable_tusd,2020-11-24,tusd,1046.0,1655.0,1837.0,coinmetrics_community
stable_tusd,2020-11-25,tusd,935.0,1444.0,1599.0,coinmetrics_community
stable_tusd,2020-11-26,tusd,1319.0,2300.0,2643.0,coinmetrics_community
stable_tusd,2020-11-27,tusd,841.0,1235.0,1425.0,coinmetrics_community
stable_tusd,2020-11-28,tusd,752.0,1068.0,1222.0,coinmetrics_community
stable_tusd,2020-11-29,tusd,693.0,928.0,1080.0,coinmetrics_community
stable_tusd,2020-11-30,tusd,840.0,1400.0,1694.0,coinmetrics_community
stable_tusd,2020-12-01,tusd,1024.0,1541.0,1736.0,coinmetrics_community
stable_tusd,2020-12-02,tusd,768.0,1085.0,1239.0,coinmetrics_community
stable_tusd,2020-12-03,tusd,798.0,1202.0,1324.0,coinmetrics_community
stable_tusd,2020-12-04,tusd,787.0,1180.0,1314.0,coinmetrics_community
stable_tusd,2020-12-05,tusd,626.0,906.0,1052.0,coinmetrics_community
stable_tusd,2020-12-06,tusd,562.0,762.0,875.0,coinmetrics_community
stable_tusd,2020-12-07,tusd,637.0,934.0,1058.0,coinmetrics_community
stable_tusd,2020-12-08,tusd,711.0,1010.0,1164.0,coinmetrics_community
stable_tusd,2020-12-09,tusd,798.0,1198.0,1339.0,coinmetrics_community
stable_tusd,2020-12-10,tusd,633.0,854.0,948.0,coinmetrics_community
stable_tusd,2020-12-11,tusd,660.0,979.0,1148.0,coinmetrics_community
stable_tusd,2020-12-12,tusd,603.0,891.0,1120.0,coinmetrics_community
stable_tusd,2020-12-13,tusd,563.0,790.0,915.0,coinmetrics_community
stable_tusd,2020-12-14,tusd,569.0,713.0,793.0,coinmetrics_community
stable_tusd,2020-12-15,tusd,1071.0,1336.0,1406.0,coinmetrics_community
stable_tusd,2020-12-16,tusd,833.0,1344.0,1459.0,coinmetrics_community
stable_tusd,2020-12-17,tusd,1027.0,1618.0,1718.0,coinmetrics_community
stable_tusd,2020-12-18,tusd,977.0,1407.0,1558.0,coinmetrics_community
stable_tusd,2020-12-19,tusd,669.0,1074.0,1230.0,coinmetrics_community
stable_tusd,2020-12-20,tusd,674.0,1044.0,1216.0,coinmetrics_community
stable_tusd,2020-12-21,tusd,770.0,1253.0,1414.0,coinmetrics_community
stable_tusd,2020-12-22,tusd,727.0,1175.0,1406.0,coinmetrics_community
stable_tusd,2020-12-23,tusd,872.0,1473.0,1755.0,coinmetrics_community
stable_tusd,2020-12-24,tusd,695.0,1111.0,1277.0,coinmetrics_community
stable_tusd,2020-12-25,tusd,542.0,804.0,944.0,coinmetrics_community
stable_tusd,2020-12-26,tusd,638.0,934.0,1116.0,coinmetrics_community
stable_tusd,2020-12-27,tusd,773.0,1194.0,1407.0,coinmetrics_community
stable_tusd,2020-12-28,tusd,887.0,1327.0,1568.0,coinmetrics_community
stable_tusd,2020-12-29,tusd,871.0,1311.0,1418.0,coinmetrics_community
stable_tusd,2020-12-30,tusd,856.0,1305.0,1467.0,coinmetrics_community
stable_tusd,2020-12-31,tusd,683.0,1039.0,1132.0,coinmetrics_community
stable_tusd,2021-01-01,tusd,693.0,1082.0,1315.0,coinmetrics_community
stable_tusd,2021-01-02,tusd,930.0,1461.0,1716.0,coinmetrics_community
stable_tusd,2021-01-03,tusd,1114.0,1709.0,1864.0,coinmetrics_community
stable_tusd,2021-01-04,tusd,1112.0,1636.0,1748.0,coinmetrics_community
stable_tusd,2021-01-05,tusd,1048.0,1545.0,1678.0,coinmetrics_community
stable_tusd,2021-01-06,tusd,1096.0,1772.0,1972.0,coinmetrics_community
stable_tusd,2021-01-07,tusd,1087.0,1728.0,1919.0,coinmetrics_community
stable_tusd,2021-01-08,tusd,1148.0,1719.0,1861.0,coinmetrics_community
stable_tusd,2021-01-09,tusd,1262.0,1678.0,1839.0,coinmetrics_community
stable_tusd,2021-01-10,tusd,1055.0,1659.0,1860.0,coinmetrics_community
stable_tusd,2021-01-11,tusd,1554.0,2611.0,3005.0,coinmetrics_community
stable_tusd,2021-01-12,tusd,1100.0,1761.0,1961.0,coinmetrics_community
stable_tusd,2021-01-13,tusd,1222.0,1800.0,2013.0,coinmetrics_community
stable_tusd,2021-01-14,tusd,927.0,1301.0,1529.0,coinmetrics_community
stable_tusd,2021-01-15,tusd,1007.0,1482.0,1677.0,coinmetrics_community
stable_tusd,2021-01-16,tusd,800.0,1175.0,1335.0,coinmetrics_community
stable_tusd,2021-01-17,tusd,765.0,1107.0,1248.0,coinmetrics_community
stable_tusd,2021-01-18,tusd,758.0,1117.0,1291.0,coinmetrics_community
stable_tusd,2021-01-19,tusd,940.0,1428.0,1597.0,coinmetrics_community
stable_tusd,2021-01-20,tusd,865.0,1456.0,1655.0,coinmetrics_community
stable_tusd,2021-01-21,tusd,887.0,1402.0,1568.0,coinmetrics_community
stable_tusd,2021-01-22,tusd,872.0,1361.0,1481.0,coinmetrics_community
stable_tusd,2021-01-23,tusd,746.0,1025.0,1157.0,coinmetrics_community
stable_tusd,2021-01-24,tusd,598.0,927.0,1089.0,coinmetrics_community
stable_tusd,2021-01-25,tusd,867.0,1405.0,1625.0,coinmetrics_community
stable_tusd,2021-01-26,tusd,781.0,1164.0,1349.0,coinmetrics_community
stable_tusd,2021-01-27,tusd,863.0,1251.0,1394.0,coinmetrics_community
stable_tusd,2021-01-28,tusd,1033.0,1575.0,1929.0,coinmetrics_community
stable_tusd,2021-01-29,tusd,1027.0,1451.0,1629.0,coinmetrics_community
stable_tusd,2021-01-30,tusd,838.0,1131.0,1259.0,coinmetrics_community
stable_tusd,2021-01-31,tusd,742.0,1010.0,1106.0,coinmetrics_community
stable_tusd,2021-02-01,tusd,905.0,1215.0,1332.0,coinmetrics_community
stable_tusd,2021-02-02,tusd,933.0,1294.0,1391.0,coinmetrics_community
stable_tusd,2021-02-03,tusd,992.0,1339.0,1514.0,coinmetrics_community
stable_tusd,2021-02-04,tusd,906.0,1235.0,1328.0,coinmetrics_community
stable_tusd,2021-02-05,tusd,731.0,993.0,1088.0,coinmetrics_community
stable_tusd,2021-02-06,tusd,777.0,1093.0,1180.0,coinmetrics_community
stable_tusd,2021-02-07,tusd,971.0,1269.0,1427.0,coinmetrics_community
stable_tusd,2021-02-08,tusd,931.0,1242.0,1353.0,coinmetrics_community
stable_tusd,2021-02-09,tusd,936.0,1299.0,1402.0,coinmetrics_community
stable_tusd,2021-02-10,tusd,921.0,1322.0,1420.0,coinmetrics_community
stable_tusd,2021-02-11,tusd,1008.0,1353.0,1498.0,coinmetrics_community
stable_tusd,2021-02-12,tusd,999.0,1461.0,1639.0,coinmetrics_community
stable_tusd,2021-02-13,tusd,812.0,1221.0,1354.0,coinmetrics_community
stable_tusd,2021-02-14,tusd,820.0,1144.0,1263.0,coinmetrics_community
stable_tusd,2021-02-15,tusd,817.0,1198.0,1350.0,coinmetrics_community
stable_tusd,2021-02-16,tusd,1481.0,1796.0,1900.0,coinmetrics_community
stable_tusd,2021-02-17,tusd,1258.0,1607.0,1700.0,coinmetrics_community
stable_tusd,2021-02-18,tusd,766.0,1119.0,1215.0,coinmetrics_community
stable_tusd,2021-02-19,tusd,823.0,1094.0,1191.0,coinmetrics_community
stable_tusd,2021-02-20,tusd,907.0,1337.0,1426.0,coinmetrics_community
stable_tusd,2021-02-21,tusd,732.0,952.0,1078.0,coinmetrics_community
stable_tusd,2021-02-22,tusd,926.0,1369.0,1429.0,coinmetrics_community
stable_tusd,2021-02-23,tusd,1046.0,1567.0,1749.0,coinmetrics_community
stable_tusd,2021-02-24,tusd,871.0,1216.0,1332.0,coinmetrics_community
stable_tusd,2021-02-25,tusd,693.0,939.0,1016.0,coinmetrics_community
stable_tusd,2021-02-26,tusd,800.0,1057.0,1156.0,coinmetrics_community
stable_tusd,2021-02-27,tusd,765.0,913.0,996.0,coinmetrics_community
stable_tusd,2021-02-28,tusd,728.0,1052.0,1216.0,coinmetrics_community
stable_tusd,2021-03-01,tusd,827.0,1139.0,1268.0,coinmetrics_community
stable_tusd,2021-03-02,tusd,827.0,1061.0,1153.0,coinmetrics_community
stable_tusd,2021-03-03,tusd,696.0,948.0,1041.0,coinmetrics_community
stable_tusd,2021-03-04,tusd,843.0,1190.0,1257.0,coinmetrics_community
stable_tusd,2021-03-05,tusd,589.0,884.0,952.0,coinmetrics_community
stable_tusd,2021-03-06,tusd,551.0,772.0,872.0,coinmetrics_community
stable_tusd,2021-03-07,tusd,542.0,719.0,807.0,coinmetrics_community
stable_tusd,2021-03-08,tusd,580.0,807.0,872.0,coinmetrics_community
stable_tusd,2021-03-09,tusd,668.0,891.0,973.0,coinmetrics_community
stable_tusd,2021-03-10,tusd,732.0,1236.0,1310.0,coinmetrics_community
stable_tusd,2021-03-11,tusd,633.0,858.0,915.0,coinmetrics_community
stable_tusd,2021-03-12,tusd,527.0,654.0,694.0,coinmetrics_community
stable_tusd,2021-03-13,tusd,521.0,666.0,710.0,coinmetrics_community
stable_tusd,2021-03-14,tusd,532.0,653.0,718.0,coinmetrics_community
stable_tusd,2021-03-15,tusd,535.0,771.0,807.0,coinmetrics_community
stable_tusd,2021-03-16,tusd,615.0,789.0,835.0,coinmetrics_community
stable_tusd,2021-03-17,tusd,582.0,729.0,776.0,coinmetrics_community
stable_tusd,2021-03-18,tusd,573.0,714.0,780.0,coinmetrics_community
stable_tusd,2021-03-19,tusd,625.0,973.0,1063.0,coinmetrics_community
stable_tusd,2021-03-20,tusd,557.0,703.0,773.0,coinmetrics_community
stable_tusd,2021-03-21,tusd,502.0,608.0,660.0,coinmetrics_community
stable_tusd,2021-03-22,tusd,805.0,1060.0,1150.0,coinmetrics_community
stable_tusd,2021-03-23,tusd,867.0,1187.0,1297.0,coinmetrics_community
stable_tusd,2021-03-24,tusd,849.0,1202.0,1356.0,coinmetrics_community
stable_tusd,2021-03-25,tusd,764.0,958.0,1028.0,coinmetrics_community
stable_tusd,2021-03-26,tusd,886.0,1122.0,1163.0,coinmetrics_community
stable_tusd,2021-03-27,tusd,704.0,924.0,1006.0,coinmetrics_community
stable_tusd,2021-03-28,tusd,561.0,659.0,716.0,coinmetrics_community
stable_tusd,2021-03-29,tusd,673.0,819.0,873.0,coinmetrics_community
stable_tusd,2021-03-30,tusd,595.0,747.0,787.0,coinmetrics_community
stable_tusd,2021-03-31,tusd,749.0,872.0,924.0,coinmetrics_community
stable_tusd,2021-04-01,tusd,614.0,705.0,751.0,coinmetrics_community
stable_tusd,2021-04-02,tusd,684.0,804.0,847.0,coinmetrics_community
stable_tusd,2021-04-03,tusd,698.0,967.0,1064.0,coinmetrics_community
stable_tusd,2021-04-04,tusd,766.0,905.0,988.0,coinmetrics_community
stable_tusd,2021-04-05,tusd,745.0,967.0,1038.0,coinmetrics_community
stable_tusd,2021-04-06,tusd,918.0,1118.0,1180.0,coinmetrics_community
stable_tusd,2021-04-07,tusd,796.0,1064.0,1161.0,coinmetrics_community
stable_tusd,2021-04-08,tusd,888.0,1165.0,1210.0,coinmetrics_community
stable_tusd,2021-04-09,tusd,929.0,1188.0,1228.0,coinmetrics_community
stable_tusd,2021-04-10,tusd,1214.0,1692.0,1775.0,coinmetrics_community
stable_tusd,2021-04-11,tusd,1408.0,1930.0,2026.0,coinmetrics_community
stable_tusd,2021-04-12,tusd,1049.0,1412.0,1446.0,coinmetrics_community
stable_tusd,2021-04-13,tusd,1172.0,1612.0,1665.0,coinmetrics_community
stable_tusd,2021-04-14,tusd,1068.0,1519.0,1583.0,coinmetrics_community
stable_tusd,2021-04-15,tusd,915.0,1275.0,1349.0,coinmetrics_community
stable_tusd,2021-04-16,tusd,1039.0,1490.0,1544.0,coinmetrics_community
stable_tusd,2021-04-17,tusd,1095.0,1454.0,1483.0,coinmetrics_community
stable_tusd,2021-04-18,tusd,1181.0,1963.0,2081.0,coinmetrics_community
stable_tusd,2021-04-19,tusd,1168.0,2168.0,2195.0,coinmetrics_community
stable_tusd,2021-04-20,tusd,1061.0,2129.0,2157.0,coinmetrics_community
stable_tusd,2021-04-21,tusd,1137.0,1776.0,1831.0,coinmetrics_community
stable_tusd,2021-04-22,tusd,1063.0,2046.0,2122.0,coinmetrics_community
stable_tusd,2021-04-23,tusd,1232.0,2749.0,2869.0,coinmetrics_community
stable_tusd,2021-04-24,tusd,1223.0,2118.0,2185.0,coinmetrics_community
stable_tusd,2021-04-25,tusd,1016.0,1873.0,1978.0,coinmetrics_community
stable_tusd,2021-04-26,tusd,1083.0,2241.0,2396.0,coinmetrics_community
stable_tusd,2021-04-27,tusd,1026.0,2242.0,2352.0,coinmetrics_community
stable_tusd,2021-04-28,tusd,825.0,2331.0,2421.0,coinmetrics_community
stable_tusd,2021-04-29,tusd,901.0,1849.0,1905.0,coinmetrics_community
stable_tusd,2021-04-30,tusd,910.0,2163.0,2220.0,coinmetrics_community
stable_tusd,2021-05-01,tusd,1069.0,1811.0,1941.0,coinmetrics_community
stable_tusd,2021-05-02,tusd,820.0,1486.0,1549.0,coinmetrics_community
stable_tusd,2021-05-03,tusd,1146.0,2202.0,2282.0,coinmetrics_community
stable_tusd,2021-05-04,tusd,7524.0,9212.0,9307.0,coinmetrics_community
stable_tusd,2021-05-05,tusd,918.0,3244.0,3349.0,coinmetrics_community
stable_tusd,2021-05-06,tusd,1063.0,3712.0,3799.0,coinmetrics_community
stable_tusd,2021-05-07,tusd,941.0,3737.0,3791.0,coinmetrics_community
stable_tusd,2021-05-08,tusd,700.0,2114.0,2131.0,coinmetrics_community
stable_tusd,2021-05-09,tusd,953.0,2211.0,2255.0,coinmetrics_community
stable_tusd,2021-05-10,tusd,952.0,2194.0,2230.0,coinmetrics_community
stable_tusd,2021-05-11,tusd,727.0,2034.0,2074.0,coinmetrics_community
stable_tusd,2021-05-12,tusd,998.0,3191.0,3242.0,coinmetrics_community
stable_tusd,2021-05-13,tusd,1283.0,3875.0,3953.0,coinmetrics_community
stable_tusd,2021-05-14,tusd,878.0,2066.0,2136.0,coinmetrics_community
stable_tusd,2021-05-15,tusd,801.0,2418.0,2472.0,coinmetrics_community
stable_tusd,2021-05-16,tusd,1000.0,2888.0,3008.0,coinmetrics_community
stable_tusd,2021-05-17,tusd,1113.0,3423.0,3521.0,coinmetrics_community
stable_tusd,2021-05-18,tusd,820.0,2229.0,2303.0,coinmetrics_community
stable_tusd,2021-05-19,tusd,1171.0,4986.0,5232.0,coinmetrics_community
stable_tusd,2021-05-20,tusd,1256.0,3867.0,4032.0,coinmetrics_community
stable_tusd,2021-05-21,tusd,1175.0,3526.0,3658.0,coinmetrics_community
stable_tusd,2021-05-22,tusd,1046.0,3204.0,3400.0,coinmetrics_community
stable_tusd,2021-05-23,tusd,988.0,3696.0,3974.0,coinmetrics_community
stable_tusd,2021-05-24,tusd,998.0,3192.0,3437.0,coinmetrics_community
stable_tusd,2021-05-25,tusd,935.0,3047.0,3187.0,coinmetrics_community
stable_tusd,2021-05-26,tusd,1000.0,2522.0,2607.0,coinmetrics_community
stable_tusd,2021-05-27,tusd,1030.0,2141.0,2208.0,coinmetrics_community
stable_tusd,2021-05-28,tusd,1064.0,2836.0,2919.0,coinmetrics_community
stable_tusd,2021-05-29,tusd,848.0,2221.0,2312.0,coinmetrics_community
stable_tusd,2021-05-30,tusd,922.0,1921.0,2042.0,coinmetrics_community
stable_tusd,2021-05-31,tusd,865.0,2007.0,2085.0,coinmetrics_community
stable_tusd,2021-06-01,tusd,931.0,2022.0,2116.0,coinmetrics_community
stable_tusd,2021-06-02,tusd,966.0,1930.0,2050.0,coinmetrics_community
stable_tusd,2021-06-03,tusd,1297.0,2381.0,2465.0,coinmetrics_community
stable_tusd,2021-06-04,tusd,1181.0,2951.0,3063.0,coinmetrics_community
stable_tusd,2021-06-05,tusd,1089.0,2481.0,2582.0,coinmetrics_community
stable_tusd,2021-06-06,tusd,1151.0,1979.0,2065.0,coinmetrics_community
stable_tusd,2021-06-07,tusd,1213.0,2322.0,2385.0,coinmetrics_community
stable_tusd,2021-06-08,tusd,1265.0,3080.0,3191.0,coinmetrics_community
stable_tusd,2021-06-09,tusd,1258.0,2899.0,2984.0,coinmetrics_community
stable_tusd,2021-06-10,tusd,1157.0,2727.0,2840.0,coinmetrics_community
stable_tusd,2021-06-11,tusd,1232.0,2640.0,2719.0,coinmetrics_community
stable_tusd,2021-06-12,tusd,1048.0,2236.0,2351.0,coinmetrics_community
stable_tusd,2021-06-13,tusd,1288.0,2319.0,2413.0,coinmetrics_community
stable_tusd,2021-06-14,tusd,1257.0,2367.0,2437.0,coinmetrics_community
stable_tusd,2021-06-15,tusd,1724.0,2893.0,3016.0,coinmetrics_community
stable_tusd,2021-06-16,tusd,1214.0,2605.0,2708.0,coinmetrics_community
stable_tusd,2021-06-17,tusd,1300.0,2525.0,2689.0,coinmetrics_community
stable_tusd,2021-06-18,tusd,1573.0,3511.0,3760.0,coinmetrics_community
stable_tusd,2021-06-19,tusd,1038.0,2050.0,2149.0,coinmetrics_community
stable_tusd,2021-06-20,tusd,1240.0,2605.0,2759.0,coinmetrics_community
stable_tusd,2021-06-21,tusd,1335.0,4588.0,4861.0,coinmetrics_community
stable_tusd,2021-06-22,tusd,1703.0,5662.0,5957.0,coinmetrics_community
stable_tusd,2021-06-23,tusd,1419.0,4234.0,4536.0,coinmetrics_community
stable_tusd,2021-06-24,tusd,1319.0,4808.0,5004.0,coinmetrics_community
stable_tusd,2021-06-25,tusd,1132.0,5093.0,5286.0,coinmetrics_community
stable_tusd,2021-06-26,tusd,1270.0,4408.0,4588.0,coinmetrics_community
stable_tusd,2021-06-27,tusd,1045.0,2727.0,2883.0,coinmetrics_community
stable_tusd,2021-06-28,tusd,1188.0,2540.0,2717.0,coinmetrics_community
stable_tusd,2021-06-29,tusd,1418.0,3427.0,3560.0,coinmetrics_community
stable_tusd,2021-06-30,tusd,1405.0,3403.0,3557.0,coinmetrics_community
stable_tusd,2021-07-01,tusd,1448.0,3091.0,3265.0,coinmetrics_community
stable_tusd,2021-07-02,tusd,1172.0,2420.0,2550.0,coinmetrics_community
stable_tusd,2021-07-03,tusd,1323.0,2271.0,2405.0,coinmetrics_community
stable_tusd,2021-07-04,tusd,18100.0,19197.0,19335.0,coinmetrics_community
stable_tusd,2021-07-05,tusd,26671.0,27845.0,27980.0,coinmetrics_community
stable_tusd,2021-07-06,tusd,47107.0,48243.0,48327.0,coinmetrics_community
stable_tusd,2021-07-07,tusd,33868.0,34676.0,34783.0,coinmetrics_community
stable_tusd,2021-07-08,tusd,36366.0,37748.0,37857.0,coinmetrics_community
stable_tusd,2021-07-09,tusd,35004.0,36220.0,36306.0,coinmetrics_community
stable_tusd,2021-07-10,tusd,26715.0,27693.0,27746.0,coinmetrics_community
stable_tusd,2021-07-11,tusd,9195.0,9806.0,9887.0,coinmetrics_community
stable_tusd,2021-07-12,tusd,34911.0,35672.0,35764.0,coinmetrics_community
stable_tusd,2021-07-13,tusd,33081.0,34080.0,34156.0,coinmetrics_community
stable_tusd,2021-07-14,tusd,3176.0,4602.0,4703.0,coinmetrics_community
stable_tusd,2021-07-15,tusd,1120.0,2391.0,2476.0,coinmetrics_community
stable_tusd,2021-07-16,tusd,954.0,2162.0,2253.0,coinmetrics_community
stable_tusd,2021-07-17,tusd,808.0,1689.0,1791.0,coinmetrics_community
stable_tusd,2021-07-18,tusd,663.0,1375.0,1467.0,coinmetrics_community
stable_tusd,2021-07-19,tusd,835.0,1682.0,1808.0,coinmetrics_community
stable_tusd,2021-07-20,tusd,931.0,2387.0,2573.0,coinmetrics_community
stable_tusd,2021-07-21,tusd,1143.0,2452.0,2593.0,coinmetrics_community
stable_tusd,2021-07-22,tusd,727.0,1574.0,1652.0,coinmetrics_community
stable_tusd,2021-07-23,tusd,767.0,1720.0,1820.0,coinmetrics_community
stable_tusd,2021-07-24,tusd,799.0,1524.0,1643.0,coinmetrics_community
stable_tusd,2021-07-25,tusd,635.0,1374.0,1411.0,coinmetrics_community
stable_tusd,2021-07-26,tusd,869.0,3165.0,3335.0,coinmetrics_community
stable_tusd,2021-07-27,tusd,851.0,2514.0,2650.0,coinmetrics_community
stable_tusd,2021-07-28,tusd,783.0,2077.0,2211.0,coinmetrics_community
stable_tusd,2021-07-29,tusd,741.0,1479.0,1537.0,coinmetrics_community
stable_tusd,2021-07-30,tusd,753.0,1664.0,1772.0,coinmetrics_community
stable_tusd,2021-07-31,tusd,653.0,1402.0,1467.0,coinmetrics_community
stable_tusd,2021-08-01,tusd,703.0,2042.0,2126.0,coinmetrics_community
stable_tusd,2021-08-02,tusd,734.0,1685.0,1761.0,coinmetrics_community
stable_tusd,2021-08-03,tusd,742.0,1853.0,1918.0,coinmetrics_community
stable_tusd,2021-08-04,tusd,840.0,1816.0,1895.0,coinmetrics_community
stable_tusd,2021-08-05,tusd,998.0,2571.0,2692.0,coinmetrics_community
stable_tusd,2021-08-06,tusd,1242.0,2477.0,2593.0,coinmetrics_community
stable_tusd,2021-08-07,tusd,805.0,2469.0,2549.0,coinmetrics_community
stable_tusd,2021-08-08,tusd,796.0,2347.0,2426.0,coinmetrics_community
stable_tusd,2021-08-09,tusd,817.0,2119.0,2193.0,coinmetrics_community
stable_tusd,2021-08-10,tusd,799.0,1982.0,2057.0,coinmetrics_community
stable_tusd,2021-08-11,tusd,1089.0,3931.0,4041.0,coinmetrics_community
stable_tusd,2021-08-12,tusd,952.0,5243.0,5664.0,coinmetrics_community
stable_tusd,2021-08-13,tusd,772.0,2528.0,2624.0,coinmetrics_community
stable_tusd,2021-08-14,tusd,774.0,3175.0,3276.0,coinmetrics_community
stable_tusd,2021-08-15,tusd,907.0,2934.0,3005.0,coinmetrics_community
stable_tusd,2021-08-16,tusd,851.0,2928.0,3037.0,coinmetrics_community
stable_tusd,2021-08-17,tusd,958.0,3243.0,3374.0,coinmetrics_community
stable_tusd,2021-08-18,tusd,809.0,3507.0,3775.0,coinmetrics_community
stable_tusd,2021-08-19,tusd,949.0,2797.0,2923.0,coinmetrics_community
stable_tusd,2021-08-20,tusd,904.0,2152.0,2209.0,coinmetrics_community
stable_tusd,2021-08-21,tusd,767.0,1707.0,1759.0,coinmetrics_community
stable_tusd,2021-08-22,tusd,762.0,1691.0,1749.0,coinmetrics_community
stable_tusd,2021-08-23,tusd,800.0,1803.0,1873.0,coinmetrics_community
stable_tusd,2021-08-24,tusd,811.0,2496.0,2590.0,coinmetrics_community
stable_tusd,2021-08-25,tusd,785.0,2222.0,2312.0,coinmetrics_community
stable_tusd,2021-08-26,tusd,770.0,2604.0,2674.0,coinmetrics_community
stable_tusd,2021-08-27,tusd,754.0,2252.0,2342.0,coinmetrics_community
stable_tusd,2021-08-28,tusd,890.0,1596.0,1637.0,coinmetrics_community
stable_tusd,2021-08-29,tusd,742.0,1732.0,1789.0,coinmetrics_community
stable_tusd,2021-08-30,tusd,786.0,1761.0,1844.0,coinmetrics_community
stable_tusd,2021-08-31,tusd,903.0,2310.0,2369.0,coinmetrics_community
stable_tusd,2021-09-01,tusd,873.0,2228.0,2326.0,coinmetrics_community
stable_tusd,2021-09-02,tusd,921.0,3487.0,3858.0,coinmetrics_community
stable_tusd,2021-09-03,tusd,811.0,2944.0,3051.0,coinmetrics_community
stable_tusd,2021-09-04,tusd,634.0,1735.0,1779.0,coinmetrics_community
stable_tusd,2021-09-05,tusd,704.0,1687.0,1777.0,coinmetrics_community
stable_tusd,2021-09-06,tusd,746.0,1895.0,1957.0,coinmetrics_community
stable_tusd,2021-09-07,tusd,1028.0,5066.0,5295.0,coinmetrics_community
stable_tusd,2021-09-08,tusd,915.0,4725.0,4834.0,coinmetrics_community
stable_tusd,2021-09-09,tusd,847.0,2563.0,2636.0,coinmetrics_community
stable_tusd,2021-09-10,tusd,899.0,3046.0,3124.0,coinmetrics_community
stable_tusd,2021-09-11,tusd,712.0,2126.0,2186.0,coinmetrics_community
stable_tusd,2021-09-12,tusd,806.0,5018.0,5132.0,coinmetrics_community
stable_tusd,2021-09-13,tusd,785.0,4704.0,4830.0,coinmetrics_community
stable_tusd,2021-09-14,tusd,789.0,4911.0,4993.0,coinmetrics_community
stable_tusd,2021-09-15,tusd,1003.0,3043.0,3208.0,coinmetrics_community
stable_tusd,2021-09-16,tusd,900.0,3017.0,3103.0,coinmetrics_community
stable_tusd,2021-09-17,tusd,765.0,3493.0,3592.0,coinmetrics_community
stable_tusd,2021-09-18,tusd,656.0,1723.0,1760.0,coinmetrics_community
stable_tusd,2021-09-19,tusd,607.0,1620.0,1671.0,coinmetrics_community
stable_tusd,2021-09-20,tusd,844.0,4468.0,4617.0,coinmetrics_community
stable_tusd,2021-09-21,tusd,794.0,3992.0,4125.0,coinmetrics_community
stable_tusd,2021-09-22,tusd,876.0,3056.0,3138.0,coinmetrics_community
stable_tusd,2021-09-23,tusd,726.0,2062.0,2114.0,coinmetrics_community
stable_tusd,2021-09-24,tusd,726.0,3305.0,3414.0,coinmetrics_community
stable_tusd,2021-09-25,tusd,620.0,2241.0,2339.0,coinmetrics_community
stable_tusd,2021-09-26,tusd,564.0,2302.0,2370.0,coinmetrics_community
stable_tusd,2021-09-27,tusd,497.0,1705.0,1765.0,coinmetrics_community
stable_tusd,2021-09-28,tusd,656.0,2072.0,2123.0,coinmetrics_community
stable_tusd,2021-09-29,tusd,573.0,1544.0,1615.0,coinmetrics_community
stable_tusd,2021-09-30,tusd,555.0,1335.0,1410.0,coinmetrics_community
stable_tusd,2021-10-01,tusd,632.0,1625.0,1672.0,coinmetrics_community
stable_tusd,2021-10-02,tusd,529.0,1298.0,1341.0,coinmetrics_community
stable_tusd,2021-10-03,tusd,500.0,1359.0,1426.0,coinmetrics_community
stable_tusd,2021-10-04,tusd,497.0,1632.0,1682.0,coinmetrics_community
stable_tusd,2021-10-05,tusd,562.0,1498.0,1544.0,coinmetrics_community
stable_tusd,2021-10-06,tusd,595.0,1707.0,1760.0,coinmetrics_community
stable_tusd,2021-10-07,tusd,599.0,1785.0,1824.0,coinmetrics_community
stable_tusd,2021-10-08,tusd,535.0,1402.0,1444.0,coinmetrics_community
stable_tusd,2021-10-09,tusd,500.0,1801.0,1835.0,coinmetrics_community
stable_tusd,2021-10-10,tusd,393.0,1382.0,1419.0,coinmetrics_community
stable_tusd,2021-10-11,tusd,561.0,1293.0,1342.0,coinmetrics_community
stable_tusd,2021-10-12,tusd,491.0,1574.0,1613.0,coinmetrics_community
stable_tusd,2021-10-13,tusd,518.0,1250.0,1293.0,coinmetrics_community
stable_tusd,2021-10-14,tusd,618.0,1233.0,1265.0,coinmetrics_community
stable_tusd,2021-10-15,tusd,528.0,1821.0,1875.0,coinmetrics_community
stable_tusd,2021-10-16,tusd,567.0,1103.0,1130.0,coinmetrics_community
stable_tusd,2021-10-17,tusd,421.0,1287.0,1329.0,coinmetrics_community
stable_tusd,2021-10-18,tusd,539.0,992.0,1024.0,coinmetrics_community
stable_tusd,2021-10-19,tusd,586.0,1063.0,1099.0,coinmetrics_community
stable_tusd,2021-10-20,tusd,653.0,1605.0,1675.0,coinmetrics_community
stable_tusd,2021-10-21,tusd,932.0,2106.0,2166.0,coinmetrics_community
stable_tusd,2021-10-22,tusd,584.0,1161.0,1207.0,coinmetrics_community
stable_tusd,2021-10-23,tusd,410.0,741.0,759.0,coinmetrics_community
stable_tusd,2021-10-24,tusd,453.0,975.0,1008.0,coinmetrics_community
stable_tusd,2021-10-25,tusd,496.0,782.0,828.0,coinmetrics_community
stable_tusd,2021-10-26,tusd,570.0,1675.0,1727.0,coinmetrics_community
stable_tusd,2021-10-27,tusd,613.0,2489.0,2547.0,coinmetrics_community
stable_tusd,2021-10-28,tusd,646.0,1709.0,1755.0,coinmetrics_community
stable_tusd,2021-10-29,tusd,613.0,1424.0,1483.0,coinmetrics_community
stable_tusd,2021-10-30,tusd,525.0,2218.0,2278.0,coinmetrics_community
stable_tusd,2021-10-31,tusd,470.0,1779.0,1827.0,coinmetrics_community
stable_tusd,2021-11-01,tusd,566.0,1323.0,1359.0,coinmetrics_community
stable_tusd,2021-11-02,tusd,536.0,1851.0,1886.0,coinmetrics_community
stable_tusd,2021-11-03,tusd,564.0,1807.0,1856.0,coinmetrics_community
stable_tusd,2021-11-04,tusd,627.0,1577.0,1614.0,coinmetrics_community
stable_tusd,2021-11-05,tusd,525.0,1154.0,1170.0,coinmetrics_community
stable_tusd,2021-11-06,tusd,718.0,1283.0,1313.0,coinmetrics_community
stable_tusd,2021-11-07,tusd,679.0,960.0,983.0,coinmetrics_community
stable_tusd,2021-11-08,tusd,556.0,1288.0,1318.0,coinmetrics_community
stable_tusd,2021-11-09,tusd,536.0,2071.0,2100.0,coinmetrics_community
stable_tusd,2021-11-10,tusd,541.0,2722.0,2801.0,coinmetrics_community
stable_tusd,2021-11-11,tusd,582.0,1480.0,1509.0,coinmetrics_community
stable_tusd,2021-11-12,tusd,512.0,1573.0,1597.0,coinmetrics_community
stable_tusd,2021-11-13,tusd,428.0,1250.0,1281.0,coinmetrics_community
stable_tusd,2021-11-14,tusd,382.0,1591.0,1608.0,coinmetrics_community
stable_tusd,2021-11-15,tusd,541.0,2917.0,3045.0,coinmetrics_community
stable_tusd,2021-11-16,tusd,593.0,3460.0,3521.0,coinmetrics_community
stable_tusd,2021-11-17,tusd,540.0,2276.0,2312.0,coinmetrics_community
stable_tusd,2021-11-18,tusd,722.0,2523.0,2617.0,coinmetrics_community
stable_tusd,2021-11-19,tusd,632.0,1693.0,1759.0,coinmetrics_community
stable_tusd,2021-11-20,tusd,464.0,1081.0,1112.0,coinmetrics_community
stable_tusd,2021-11-21,tusd,600.0,1497.0,1543.0,coinmetrics_community
stable_tusd,2021-11-22,tusd,601.0,1613.0,1661.0,coinmetrics_community
stable_tusd,2021-11-23,tusd,572.0,1282.0,1328.0,coinmetrics_community
stable_tusd,2021-11-24,tusd,550.0,1351.0,1424.0,coinmetrics_community
stable_tusd,2021-11-25,tusd,574.0,1202.0,1252.0,coinmetrics_community
stable_tusd,2021-11-26,tusd,561.0,2084.0,2168.0,coinmetrics_community
stable_tusd,2021-11-27,tusd,861.0,1640.0,1723.0,coinmetrics_community
stable_tusd,2021-11-28,tusd,818.0,1852.0,1930.0,coinmetrics_community
stable_tusd,2021-11-29,tusd,541.0,1027.0,1087.0,coinmetrics_community
stable_tusd,2021-11-30,tusd,519.0,1410.0,1452.0,coinmetrics_community
stable_tusd,2021-12-01,tusd,623.0,1179.0,1229.0,coinmetrics_community
stable_tusd,2021-12-02,tusd,941.0,1663.0,1732.0,coinmetrics_community
stable_tusd,2021-12-03,tusd,863.0,2078.0,2180.0,coinmetrics_community
stable_tusd,2021-12-04,tusd,830.0,3363.0,3514.0,coinmetrics_community
stable_tusd,2021-12-05,tusd,657.0,1829.0,1874.0,coinmetrics_community
stable_tusd,2021-12-06,tusd,624.0,2888.0,3079.0,coinmetrics_community
stable_tusd,2021-12-07,tusd,650.0,2328.0,2396.0,coinmetrics_community
stable_tusd,2021-12-08,tusd,692.0,1993.0,2036.0,coinmetrics_community
stable_tusd,2021-12-09,tusd,610.0,1581.0,1638.0,coinmetrics_community
stable_tusd,2021-12-10,tusd,601.0,1566.0,1614.0,coinmetrics_community
stable_tusd,2021-12-11,tusd,539.0,1132.0,1184.0,coinmetrics_community
stable_tusd,2021-12-12,tusd,614.0,1120.0,1170.0,coinmetrics_community
stable_tusd,2021-12-13,tusd,546.0,1304.0,1349.0,coinmetrics_community
stable_tusd,2021-12-14,tusd,575.0,1341.0,1422.0,coinmetrics_community
stable_tusd,2021-12-15,tusd,535.0,1272.0,1333.0,coinmetrics_community
stable_tusd,2021-12-16,tusd,556.0,969.0,993.0,coinmetrics_community
stable_tusd,2021-12-17,tusd,513.0,1701.0,1754.0,coinmetrics_community
stable_tusd,2021-12-18,tusd,459.0,902.0,935.0,coinmetrics_community
stable_tusd,2021-12-19,tusd,431.0,811.0,841.0,coinmetrics_community
stable_tusd,2021-12-20,tusd,455.0,1133.0,1170.0,coinmetrics_community
stable_tusd,2021-12-21,tusd,578.0,1003.0,1043.0,coinmetrics_community
stable_tusd,2021-12-22,tusd,532.0,935.0,964.0,coinmetrics_community
stable_tusd,2021-12-23,tusd,508.0,1118.0,1187.0,coinmetrics_community
stable_tusd,2021-12-24,tusd,683.0,1243.0,1301.0,coinmetrics_community
stable_tusd,2021-12-25,tusd,393.0,731.0,751.0,coinmetrics_community
stable_tusd,2021-12-26,tusd,405.0,821.0,857.0,coinmetrics_community
stable_tusd,2021-12-27,tusd,456.0,757.0,787.0,coinmetrics_community
stable_tusd,2021-12-28,tusd,469.0,1343.0,1396.0,coinmetrics_community
stable_tusd,2021-12-29,tusd,391.0,1303.0,1379.0,coinmetrics_community
stable_tusd,2021-12-30,tusd,529.0,1075.0,1121.0,coinmetrics_community
stable_tusd,2021-12-31,tusd,403.0,1151.0,1226.0,coinmetrics_community
stable_tusd,2022-01-01,tusd,380.0,680.0,705.0,coinmetrics_community
stable_tusd,2022-01-02,tusd,341.0,640.0,672.0,coinmetrics_community
stable_tusd,2022-01-03,tusd,427.0,699.0,721.0,coinmetrics_community
stable_tusd,2022-01-04,tusd,434.0,851.0,892.0,coinmetrics_community
stable_tusd,2022-01-05,tusd,491.0,1672.0,1779.0,coinmetrics_community
stable_tusd,2022-01-06,tusd,516.0,1424.0,1477.0,coinmetrics_community
stable_tusd,2022-01-07,tusd,492.0,1621.0,1686.0,coinmetrics_community
stable_tusd,2022-01-08,tusd,423.0,1286.0,1318.0,coinmetrics_community
stable_tusd,2022-01-09,tusd,339.0,841.0,855.0,coinmetrics_community
stable_tusd,2022-01-10,tusd,394.0,1499.0,1542.0,coinmetrics_community
stable_tusd,2022-01-11,tusd,382.0,940.0,972.0,coinmetrics_community
stable_tusd,2022-01-12,tusd,397.0,760.0,799.0,coinmetrics_community
stable_tusd,2022-01-13,tusd,718.0,1391.0,1468.0,coinmetrics_community
stable_tusd,2022-01-14,tusd,810.0,1418.0,1482.0,coinmetrics_community
stable_tusd,2022-01-15,tusd,474.0,760.0,788.0,coinmetrics_community
stable_tusd,2022-01-16,tusd,365.0,711.0,734.0,coinmetrics_community
stable_tusd,2022-01-17,tusd,359.0,1235.0,1299.0,coinmetrics_community
stable_tusd,2022-01-18,tusd,391.0,962.0,1005.0,coinmetrics_community
stable_tusd,2022-01-19,tusd,393.0,1037.0,1080.0,coinmetrics_community
stable_tusd,2022-01-20,tusd,489.0,1355.0,1431.0,coinmetrics_community
stable_tusd,2022-01-21,tusd,533.0,2469.0,2602.0,coinmetrics_community
stable_tusd,2022-01-22,tusd,708.0,4231.0,4519.0,coinmetrics_community
stable_tusd,2022-01-23,tusd,480.0,1503.0,1577.0,coinmetrics_community
stable_tusd,2022-01-24,tusd,592.0,2493.0,2700.0,coinmetrics_community
stable_tusd,2022-01-25,tusd,457.0,1212.0,1278.0,coinmetrics_community
stable_tusd,2022-01-26,tusd,464.0,1820.0,1856.0,coinmetrics_community
stable_tusd,2022-01-27,tusd,466.0,1612.0,1638.0,coinmetrics_community
stable_tusd,2022-01-28,tusd,429.0,1186.0,1234.0,coinmetrics_community
stable_tusd,2022-01-29,tusd,333.0,907.0,980.0,coinmetrics_community
stable_tusd,2022-01-30,tusd,322.0,823.0,871.0,coinmetrics_community
stable_tusd,2022-01-31,tusd,380.0,766.0,809.0,coinmetrics_community
stable_tusd,2022-02-01,tusd,337.0,699.0,716.0,coinmetrics_community
stable_tusd,2022-02-02,tusd,359.0,744.0,765.0,coinmetrics_community
stable_tusd,2022-02-03,tusd,393.0,731.0,790.0,coinmetrics_community
stable_tusd,2022-02-04,tusd,443.0,1175.0,1232.0,coinmetrics_community
stable_tusd,2022-02-05,tusd,493.0,1109.0,1140.0,coinmetrics_community
stable_tusd,2022-02-06,tusd,369.0,665.0,707.0,coinmetrics_community
stable_tusd,2022-02-07,tusd,381.0,799.0,824.0,coinmetrics_community
stable_tusd,2022-02-08,tusd,394.0,1037.0,1079.0,coinmetrics_community
stable_tusd,2022-02-09,tusd,437.0,807.0,835.0,coinmetrics_community
stable_tusd,2022-02-10,tusd,430.0,1188.0,1242.0,coinmetrics_community
stable_tusd,2022-02-11,tusd,399.0,1194.0,1399.0,coinmetrics_community
stable_tusd,2022-02-12,tusd,366.0,1024.0,1097.0,coinmetrics_community
stable_tusd,2022-02-13,tusd,298.0,606.0,625.0,coinmetrics_community
stable_tusd,2022-02-14,tusd,327.0,783.0,810.0,coinmetrics_community
stable_tusd,2022-02-15,tusd,384.0,732.0,779.0,coinmetrics_community
stable_tusd,2022-02-16,tusd,309.0,675.0,701.0,coinmetrics_community
stable_tusd,2022-02-17,tusd,431.0,1077.0,1104.0,coinmetrics_community
stable_tusd,2022-02-18,tusd,357.0,954.0,983.0,coinmetrics_community
stable_tusd,2022-02-19,tusd,378.0,932.0,970.0,coinmetrics_community
stable_tusd,2022-02-20,tusd,304.0,773.0,803.0,coinmetrics_community
stable_tusd,2022-02-21,tusd,364.0,1291.0,1330.0,coinmetrics_community
stable_tusd,2022-02-22,tusd,436.0,1285.0,1362.0,coinmetrics_community
stable_tusd,2022-02-23,tusd,367.0,1027.0,1095.0,coinmetrics_community
stable_tusd,2022-02-24,tusd,506.0,2499.0,2595.0,coinmetrics_community
stable_tusd,2022-02-25,tusd,478.0,2402.0,2767.0,coinmetrics_community
stable_tusd,2022-02-26,tusd,411.0,1362.0,1512.0,coinmetrics_community
stable_tusd,2022-02-27,tusd,362.0,1516.0,1597.0,coinmetrics_community
stable_tusd,2022-02-28,tusd,354.0,1423.0,1502.0,coinmetrics_community
stable_tusd,2022-03-01,tusd,413.0,1349.0,1408.0,coinmetrics_community
stable_tusd,2022-03-02,tusd,413.0,1118.0,1166.0,coinmetrics_community
stable_tusd,2022-03-03,tusd,476.0,997.0,1049.0,coinmetrics_community
stable_tusd,2022-03-04,tusd,431.0,1261.0,1306.0,coinmetrics_community
stable_tusd,2022-03-05,tusd,352.0,851.0,890.0,coinmetrics_community
stable_tusd,2022-03-06,tusd,613.0,1189.0,1200.0,coinmetrics_community
stable_tusd,2022-03-07,tusd,479.0,1394.0,1426.0,coinmetrics_community
stable_tusd,2022-03-08,tusd,546.0,1258.0,1312.0,coinmetrics_community
stable_tusd,2022-03-09,tusd,555.0,1113.0,1178.0,coinmetrics_community
stable_tusd,2022-03-10,tusd,473.0,1160.0,1200.0,coinmetrics_community
stable_tusd,2022-03-11,tusd,398.0,933.0,971.0,coinmetrics_community
stable_tusd,2022-03-12,tusd,445.0,691.0,703.0,coinmetrics_community
stable_tusd,2022-03-13,tusd,276.0,540.0,556.0,coinmetrics_community
stable_tusd,2022-03-14,tusd,346.0,638.0,669.0,coinmetrics_community
stable_tusd,2022-03-15,tusd,395.0,635.0,657.0,coinmetrics_community
stable_tusd,2022-03-16,tusd,367.0,827.0,865.0,coinmetrics_community
stable_tusd,2022-03-17,tusd,415.0,534.0,552.0,coinmetrics_community
stable_tusd,2022-03-18,tusd,375.0,671.0,699.0,coinmetrics_community
stable_tusd,2022-03-19,tusd,353.0,571.0,584.0,coinmetrics_community
stable_tusd,2022-03-20,tusd,300.0,696.0,716.0,coinmetrics_community
stable_tusd,2022-03-21,tusd,342.0,599.0,613.0,coinmetrics_community
stable_tusd,2022-03-22,tusd,388.0,869.0,895.0,coinmetrics_community
stable_tusd,2022-03-23,tusd,371.0,929.0,960.0,coinmetrics_community
stable_tusd,2022-03-24,tusd,461.0,1011.0,1038.0,coinmetrics_community
stable_tusd,2022-03-25,tusd,386.0,943.0,967.0,coinmetrics_community
stable_tusd,2022-03-26,tusd,254.0,585.0,600.0,coinmetrics_community
stable_tusd,2022-03-27,tusd,284.0,1060.0,1090.0,coinmetrics_community
stable_tusd,2022-03-28,tusd,399.0,1386.0,1426.0,coinmetrics_community
stable_tusd,2022-03-29,tusd,466.0,1490.0,1512.0,coinmetrics_community
stable_tusd,2022-03-30,tusd,442.0,2075.0,2134.0,coinmetrics_community
stable_tusd,2022-03-31,tusd,474.0,3057.0,3115.0,coinmetrics_community
stable_tusd,2022-04-01,tusd,343.0,1475.0,1501.0,coinmetrics_community
stable_tusd,2022-04-02,tusd,327.0,1190.0,1214.0,coinmetrics_community
stable_tusd,2022-04-03,tusd,297.0,755.0,765.0,coinmetrics_community
stable_tusd,2022-04-04,tusd,368.0,1157.0,1185.0,coinmetrics_community
stable_tusd,2022-04-05,tusd,331.0,869.0,875.0,coinmetrics_community
stable_tusd,2022-04-06,tusd,397.0,1773.0,1816.0,coinmetrics_community
stable_tusd,2022-04-07,tusd,363.0,1366.0,1385.0,coinmetrics_community
stable_tusd,2022-04-08,tusd,360.0,1301.0,1331.0,coinmetrics_community
stable_tusd,2022-04-09,tusd,266.0,756.0,768.0,coinmetrics_community
stable_tusd,2022-04-10,tusd,277.0,769.0,782.0,coinmetrics_community
stable_tusd,2022-04-11,tusd,386.0,1392.0,1420.0,coinmetrics_community
stable_tusd,2022-04-12,tusd,711.0,1542.0,1586.0,coinmetrics_community
stable_tusd,2022-04-13,tusd,334.0,808.0,827.0,coinmetrics_community
stable_tusd,2022-04-14,tusd,459.0,1049.0,1079.0,coinmetrics_community
stable_tusd,2022-04-15,tusd,367.0,893.0,911.0,coinmetrics_community
stable_tusd,2022-04-16,tusd,325.0,657.0,684.0,coinmetrics_community
stable_tusd,2022-04-17,tusd,370.0,808.0,826.0,coinmetrics_community
stable_tusd,2022-04-18,tusd,360.0,983.0,1005.0,coinmetrics_community
stable_tusd,2022-04-19,tusd,378.0,764.0,816.0,coinmetrics_community
stable_tusd,2022-04-20,tusd,383.0,857.0,924.0,coinmetrics_community
stable_tusd,2022-04-21,tusd,369.0,3894.0,3974.0,coinmetrics_community
stable_tusd,2022-04-22,tusd,395.0,2476.0,2533.0,coinmetrics_community
stable_tusd,2022-04-23,tusd,251.0,1068.0,1081.0,coinmetrics_community
stable_tusd,2022-04-24,tusd,239.0,833.0,842.0,coinmetrics_community
stable_tusd,2022-04-25,tusd,362.0,1397.0,1445.0,coinmetrics_community
stable_tusd,2022-04-26,tusd,310.0,1093.0,1118.0,coinmetrics_community
stable_tusd,2022-04-27,tusd,385.0,1031.0,1055.0,coinmetrics_community
stable_tusd,2022-04-28,tusd,380.0,938.0,949.0,coinmetrics_community
stable_tusd,2022-04-29,tusd,366.0,2495.0,2570.0,coinmetrics_community
stable_tusd,2022-04-30,tusd,293.0,1687.0,1731.0,coinmetrics_community
stable_tusd,2022-05-01,tusd,291.0,2625.0,2663.0,coinmetrics_community
stable_tusd,2022-05-02,tusd,366.0,2944.0,3044.0,coinmetrics_community
stable_tusd,2022-05-03,tusd,339.0,3184.0,3280.0,coinmetrics_community
stable_tusd,2022-05-04,tusd,385.0,4194.0,4339.0,coinmetrics_community
stable_tusd,2022-05-05,tusd,492.0,4942.0,5097.0,coinmetrics_community
stable_tusd,2022-05-06,tusd,472.0,5033.0,5250.0,coinmetrics_community
stable_tusd,2022-05-07,tusd,326.0,4472.0,4598.0,coinmetrics_community
stable_tusd,2022-05-08,tusd,438.0,5125.0,5360.0,coinmetrics_community
stable_tusd,2022-05-09,tusd,542.0,7170.0,7405.0,coinmetrics_community
stable_tusd,2022-05-10,tusd,620.0,6150.0,6487.0,coinmetrics_community
stable_tusd,2022-05-11,tusd,751.0,10412.0,10987.0,coinmetrics_community
stable_tusd,2022-05-12,tusd,1081.0,8189.0,9317.0,coinmetrics_community
stable_tusd,2022-05-13,tusd,1164.0,5692.0,6563.0,coinmetrics_community
stable_tusd,2022-05-14,tusd,584.0,3125.0,3312.0,coinmetrics_community
stable_tusd,2022-05-15,tusd,548.0,2514.0,2696.0,coinmetrics_community
stable_tusd,2022-05-16,tusd,535.0,2193.0,2294.0,coinmetrics_community
stable_tusd,2022-05-17,tusd,433.0,1800.0,1863.0,coinmetrics_community
stable_tusd,2022-05-18,tusd,441.0,1539.0,1615.0,coinmetrics_community
stable_tusd,2022-05-19,tusd,707.0,2374.0,2451.0,coinmetrics_community
stable_tusd,2022-05-20,tusd,485.0,1984.0,2046.0,coinmetrics_community
stable_tusd,2022-05-21,tusd,378.0,1230.0,1509.0,coinmetrics_community
stable_tusd,2022-05-22,tusd,319.0,1172.0,1236.0,coinmetrics_community
stable_tusd,2022-05-23,tusd,363.0,2662.0,2762.0,coinmetrics_community
stable_tusd,2022-05-24,tusd,368.0,3079.0,3176.0,coinmetrics_community
stable_tusd,2022-05-25,tusd,322.0,2174.0,2290.0,coinmetrics_community
stable_tusd,2022-05-26,tusd,471.0,3740.0,3880.0,coinmetrics_community
stable_tusd,2022-05-27,tusd,389.0,2868.0,2965.0,coinmetrics_community
stable_tusd,2022-05-28,tusd,326.0,1361.0,1444.0,coinmetrics_community
stable_tusd,2022-05-29,tusd,285.0,1266.0,1319.0,coinmetrics_community
stable_tusd,2022-05-30,tusd,360.0,1584.0,1627.0,coinmetrics_community
stable_tusd,2022-05-31,tusd,375.0,1517.0,1574.0,coinmetrics_community
stable_tusd,2022-06-01,tusd,356.0,3287.0,3483.0,coinmetrics_community
stable_tusd,2022-06-02,tusd,416.0,2018.0,2072.0,coinmetrics_community
stable_tusd,2022-06-03,tusd,339.0,1324.0,1373.0,coinmetrics_community
stable_tusd,2022-06-04,tusd,283.0,1610.0,1758.0,coinmetrics_community
stable_tusd,2022-06-05,tusd,218.0,752.0,773.0,coinmetrics_community
stable_tusd,2022-06-06,tusd,323.0,942.0,980.0,coinmetrics_community
stable_tusd,2022-06-07,tusd,330.0,1399.0,1426.0,coinmetrics_community
stable_tusd,2022-06-08,tusd,325.0,1098.0,1121.0,coinmetrics_community
stable_tusd,2022-06-09,tusd,397.0,865.0,875.0,coinmetrics_community
stable_tusd,2022-06-10,tusd,392.0,1014.0,1032.0,coinmetrics_community
stable_tusd,2022-06-11,tusd,399.0,1582.0,1638.0,coinmetrics_community
stable_tusd,2022-06-12,tusd,398.0,2195.0,2315.0,coinmetrics_community
stable_tusd,2022-06-13,tusd,734.0,8234.0,9551.0,coinmetrics_community
stable_tusd,2022-06-14,tusd,674.0,6797.0,7137.0,coinmetrics_community
stable_tusd,2022-06-15,tusd,590.0,8982.0,9567.0,coinmetrics_community
stable_tusd,2022-06-16,tusd,516.0,4287.0,4387.0,coinmetrics_community
stable_tusd,2022-06-17,tusd,518.0,2498.0,2575.0,coinmetrics_community
stable_tusd,2022-06-18,tusd,504.0,3436.0,3663.0,coinmetrics_community
stable_tusd,2022-06-19,tusd,486.0,2492.0,2641.0,coinmetrics_community
stable_tusd,2022-06-20,tusd,399.0,1690.0,1761.0,coinmetrics_community
stable_tusd,2022-06-21,tusd,353.0,1789.0,1869.0,coinmetrics_community
stable_tusd,2022-06-22,tusd,371.0,1425.0,1468.0,coinmetrics_community
stable_tusd,2022-06-23,tusd,435.0,1137.0,1167.0,coinmetrics_community
stable_tusd,2022-06-24,tusd,1061.0,1926.0,1974.0,coinmetrics_community
stable_tusd,2022-06-25,tusd,268.0,890.0,926.0,coinmetrics_community
stable_tusd,2022-06-26,tusd,316.0,851.0,878.0,coinmetrics_community
stable_tusd,2022-06-27,tusd,386.0,1570.0,1629.0,coinmetrics_community
stable_tusd,2022-06-28,tusd,298.0,1388.0,1436.0,coinmetrics_community
stable_tusd,2022-06-29,tusd,387.0,1220.0,1254.0,coinmetrics_community
stable_tusd,2022-06-30,tusd,391.0,1578.0,1629.0,coinmetrics_community
stable_tusd,2022-07-01,tusd,377.0,1148.0,1199.0,coinmetrics_community
stable_tusd,2022-07-02,tusd,339.0,704.0,742.0,coinmetrics_community
stable_tusd,2022-07-03,tusd,304.0,1027.0,1073.0,coinmetrics_community
stable_tusd,2022-07-04,tusd,350.0,928.0,980.0,coinmetrics_community
stable_tusd,2022-07-05,tusd,378.0,1083.0,1142.0,coinmetrics_community
stable_tusd,2022-07-06,tusd,298.0,779.0,809.0,coinmetrics_community
stable_tusd,2022-07-07,tusd,357.0,758.0,799.0,coinmetrics_community
stable_tusd,2022-07-08,tusd,398.0,787.0,910.0,coinmetrics_community
stable_tusd,2022-07-09,tusd,458.0,774.0,815.0,coinmetrics_community
stable_tusd,2022-07-10,tusd,280.0,600.0,628.0,coinmetrics_community
stable_tusd,2022-07-11,tusd,268.0,744.0,776.0,coinmetrics_community
stable_tusd,2022-07-12,tusd,321.0,730.0,781.0,coinmetrics_community
stable_tusd,2022-07-13,tusd,318.0,861.0,898.0,coinmetrics_community
stable_tusd,2022-07-14,tusd,469.0,960.0,1005.0,coinmetrics_community
stable_tusd,2022-07-15,tusd,356.0,743.0,774.0,coinmetrics_community
stable_tusd,2022-07-16,tusd,294.0,785.0,828.0,coinmetrics_community
stable_tusd,2022-07-17,tusd,255.0,668.0,692.0,coinmetrics_community
stable_tusd,2022-07-18,tusd,343.0,1178.0,1241.0,coinmetrics_community
stable_tusd,2022-07-19,tusd,335.0,1142.0,1193.0,coinmetrics_community
stable_tusd,2022-07-20,tusd,314.0,1252.0,1300.0,coinmetrics_community
stable_tusd,2022-07-21,tusd,347.0,927.0,968.0,coinmetrics_community
stable_tusd,2022-07-22,tusd,474.0,853.0,909.0,coinmetrics_community
stable_tusd,2022-07-23,tusd,268.0,627.0,661.0,coinmetrics_community
stable_tusd,2022-07-24,tusd,240.0,556.0,574.0,coinmetrics_community
stable_tusd,2022-07-25,tusd,284.0,845.0,892.0,coinmetrics_community
stable_tusd,2022-07-26,tusd,328.0,691.0,741.0,coinmetrics_community
stable_tusd,2022-07-27,tusd,544.0,1175.0,1276.0,coinmetrics_community
stable_tusd,2022-07-28,tusd,415.0,1278.0,1350.0,coinmetrics_community
stable_tusd,2022-07-29,tusd,391.0,1431.0,1491.0,coinmetrics_community
stable_tusd,2022-07-30,tusd,388.0,974.0,1029.0,coinmetrics_community
stable_tusd,2022-07-31,tusd,258.0,766.0,793.0,coinmetrics_community
stable_tusd,2022-08-01,tusd,358.0,951.0,1052.0,coinmetrics_community
stable_tusd,2022-08-02,tusd,302.0,1034.0,1049.0,coinmetrics_community
stable_tusd,2022-08-03,tusd,355.0,819.0,852.0,coinmetrics_community
stable_tusd,2022-08-04,tusd,373.0,866.0,891.0,coinmetrics_community
stable_tusd,2022-08-05,tusd,321.0,853.0,885.0,coinmetrics_community
stable_tusd,2022-08-06,tusd,275.0,416.0,446.0,coinmetrics_community
stable_tusd,2022-08-07,tusd,368.0,569.0,595.0,coinmetrics_community
stable_tusd,2022-08-08,tusd,328.0,581.0,622.0,coinmetrics_community
stable_tusd,2022-08-09,tusd,363.0,821.0,892.0,coinmetrics_community
stable_tusd,2022-08-10,tusd,355.0,769.0,828.0,coinmetrics_community
stable_tusd,2022-08-11,tusd,382.0,778.0,845.0,coinmetrics_community
stable_tusd,2022-08-12,tusd,327.0,670.0,723.0,coinmetrics_community
stable_tusd,2022-08-13,tusd,326.0,645.0,692.0,coinmetrics_community
stable_tusd,2022-08-14,tusd,232.0,786.0,850.0,coinmetrics_community
stable_tusd,2022-08-15,tusd,410.0,1294.0,1523.0,coinmetrics_community
stable_tusd,2022-08-16,tusd,453.0,1237.0,1434.0,coinmetrics_community
stable_tusd,2022-08-17,tusd,380.0,818.0,883.0,coinmetrics_community
stable_tusd,2022-08-18,tusd,344.0,627.0,668.0,coinmetrics_community
stable_tusd,2022-08-19,tusd,551.0,1296.0,1396.0,coinmetrics_community
stable_tusd,2022-08-20,tusd,305.0,647.0,725.0,coinmetrics_community
stable_tusd,2022-08-21,tusd,245.0,702.0,752.0,coinmetrics_community
stable_tusd,2022-08-22,tusd,400.0,874.0,932.0,coinmetrics_community
stable_tusd,2022-08-23,tusd,305.0,807.0,852.0,coinmetrics_community
stable_tusd,2022-08-24,tusd,286.0,545.0,591.0,coinmetrics_community
stable_tusd,2022-08-25,tusd,306.0,461.0,498.0,coinmetrics_community
stable_tusd,2022-08-26,tusd,301.0,983.0,1027.0,coinmetrics_community
stable_tusd,2022-08-27,tusd,287.0,705.0,773.0,coinmetrics_community
stable_tusd,2022-08-28,tusd,226.0,442.0,469.0,coinmetrics_community
stable_tusd,2022-08-29,tusd,314.0,626.0,668.0,coinmetrics_community
stable_tusd,2022-08-30,tusd,307.0,1227.0,1290.0,coinmetrics_community
stable_tusd,2022-08-31,tusd,284.0,588.0,634.0,coinmetrics_community
stable_tusd,2022-09-01,tusd,332.0,656.0,704.0,coinmetrics_community
stable_tusd,2022-09-02,tusd,342.0,619.0,658.0,coinmetrics_community
stable_tusd,2022-09-03,tusd,252.0,343.0,368.0,coinmetrics_community
stable_tusd,2022-09-04,tusd,213.0,384.0,401.0,coinmetrics_community
stable_tusd,2022-09-05,tusd,257.0,408.0,424.0,coinmetrics_community
stable_tusd,2022-09-06,tusd,387.0,1000.0,1068.0,coinmetrics_community
stable_tusd,2022-09-07,tusd,343.0,647.0,704.0,coinmetrics_community
stable_tusd,2022-09-08,tusd,330.0,747.0,782.0,coinmetrics_community
stable_tusd,2022-09-09,tusd,375.0,833.0,868.0,coinmetrics_community
stable_tusd,2022-09-10,tusd,260.0,471.0,499.0,coinmetrics_community
stable_tusd,2022-09-11,tusd,241.0,514.0,555.0,coinmetrics_community
stable_tusd,2022-09-12,tusd,282.0,731.0,766.0,coinmetrics_community
stable_tusd,2022-09-13,tusd,331.0,778.0,826.0,coinmetrics_community
stable_tusd,2022-09-14,tusd,332.0,553.0,599.0,coinmetrics_community
stable_tusd,2022-09-15,tusd,293.0,629.0,653.0,coinmetrics_community
stable_tusd,2022-09-16,tusd,505.0,937.0,992.0,coinmetrics_community
stable_tusd,2022-09-17,tusd,279.0,475.0,507.0,coinmetrics_community
stable_tusd,2022-09-18,tusd,380.0,746.0,778.0,coinmetrics_community
stable_tusd,2022-09-19,tusd,441.0,854.0,912.0,coinmetrics_community
stable_tusd,2022-09-20,tusd,387.0,681.0,779.0,coinmetrics_community
stable_tusd,2022-09-21,tusd,420.0,1113.0,1260.0,coinmetrics_community
stable_tusd,2022-09-22,tusd,357.0,779.0,871.0,coinmetrics_community
stable_tusd,2022-09-23,tusd,353.0,789.0,900.0,coinmetrics_community
stable_tusd,2022-09-24,tusd,298.0,594.0,775.0,coinmetrics_community
stable_tusd,2022-09-25,tusd,247.0,436.0,587.0,coinmetrics_community
stable_tusd,2022-09-26,tusd,340.0,645.0,780.0,coinmetrics_community
stable_tusd,2022-09-27,tusd,320.0,779.0,841.0,coinmetrics_community
stable_tusd,2022-09-28,tusd,306.0,844.0,916.0,coinmetrics_community
stable_tusd,2022-09-29,tusd,457.0,1100.0,1252.0,coinmetrics_community
stable_tusd,2022-09-30,tusd,328.0,984.0,1112.0,coinmetrics_community
stable_tusd,2022-10-01,tusd,421.0,645.0,916.0,coinmetrics_community
stable_tusd,2022-10-02,tusd,451.0,1087.0,1569.0,coinmetrics_community
stable_tusd,2022-10-03,tusd,275.0,397.0,475.0,coinmetrics_community
stable_tusd,2022-10-04,tusd,376.0,606.0,723.0,coinmetrics_community
stable_tusd,2022-10-05,tusd,388.0,622.0,799.0,coinmetrics_community
stable_tusd,2022-10-06,tusd,386.0,642.0,802.0,coinmetrics_community
stable_tusd,2022-10-07,tusd,434.0,780.0,992.0,coinmetrics_community
stable_tusd,2022-10-08,tusd,302.0,553.0,733.0,coinmetrics_community
stable_tusd,2022-10-09,tusd,192.0,311.0,335.0,coinmetrics_community
stable_tusd,2022-10-10,tusd,243.0,1083.0,1119.0,coinmetrics_community
stable_tusd,2022-10-11,tusd,268.0,582.0,609.0,coinmetrics_community
stable_tusd,2022-10-12,tusd,229.0,963.0,995.0,coinmetrics_community
stable_tusd,2022-10-13,tusd,351.0,1106.0,1172.0,coinmetrics_community
stable_tusd,2022-10-14,tusd,349.0,1240.0,1310.0,coinmetrics_community
stable_tusd,2022-10-15,tusd,239.0,821.0,878.0,coinmetrics_community
stable_tusd,2022-10-16,tusd,220.0,401.0,496.0,coinmetrics_community
stable_tusd,2022-10-17,tusd,312.0,643.0,729.0,coinmetrics_community
stable_tusd,2022-10-18,tusd,263.0,539.0,614.0,coinmetrics_community
stable_tusd,2022-10-19,tusd,341.0,794.0,972.0,coinmetrics_community
stable_tusd,2022-10-20,tusd,336.0,561.0,702.0,coinmetrics_community
stable_tusd,2022-10-21,tusd,353.0,587.0,649.0,coinmetrics_community
stable_tusd,2022-10-22,tusd,263.0,371.0,429.0,coinmetrics_community
stable_tusd,2022-10-23,tusd,277.0,419.0,514.0,coinmetrics_community
stable_tusd,2022-10-24,tusd,361.0,506.0,558.0,coinmetrics_community
stable_tusd,2022-10-25,tusd,319.0,398.0,471.0,coinmetrics_community
stable_tusd,2022-10-26,tusd,359.0,490.0,541.0,coinmetrics_community
stable_tusd,2022-10-27,tusd,358.0,484.0,548.0,coinmetrics_community
stable_tusd,2022-10-28,tusd,348.0,509.0,548.0,coinmetrics_community
stable_tusd,2022-10-29,tusd,331.0,542.0,604.0,coinmetrics_community
stable_tusd,2022-10-30,tusd,366.0,709.0,777.0,coinmetrics_community
stable_tusd,2022-10-31,tusd,447.0,945.0,1063.0,coinmetrics_community
stable_tusd,2022-11-01,tusd,397.0,596.0,682.0,coinmetrics_community
stable_tusd,2022-11-02,tusd,421.0,1043.0,1270.0,coinmetrics_community
stable_tusd,2022-11-03,tusd,436.0,984.0,1159.0,coinmetrics_community
stable_tusd,2022-11-04,tusd,468.0,952.0,1092.0,coinmetrics_community
stable_tusd,2022-11-05,tusd,444.0,907.0,1026.0,coinmetrics_community
stable_tusd,2022-11-06,tusd,433.0,1020.0,1182.0,coinmetrics_community
stable_tusd,2022-11-07,tusd,548.0,1198.0,1357.0,coinmetrics_community
stable_tusd,2022-11-08,tusd,611.0,2219.0,2493.0,coinmetrics_community
stable_tusd,2022-11-09,tusd,723.0,3223.0,3534.0,coinmetrics_community
stable_tusd,2022-11-10,tusd,767.0,3298.0,3820.0,coinmetrics_community
stable_tusd,2022-11-11,tusd,652.0,1735.0,2001.0,coinmetrics_community
stable_tusd,2022-11-12,tusd,617.0,1652.0,1912.0,coinmetrics_community
stable_tusd,2022-11-13,tusd,654.0,1971.0,2173.0,coinmetrics_community
stable_tusd,2022-11-14,tusd,657.0,2484.0,2799.0,coinmetrics_community
stable_tusd,2022-11-15,tusd,562.0,1340.0,1526.0,coinmetrics_community
stable_tusd,2022-11-16,tusd,534.0,1167.0,1332.0,coinmetrics_community
stable_tusd,2022-11-17,tusd,465.0,917.0,1052.0,coinmetrics_community
stable_tusd,2022-11-18,tusd,643.0,1165.0,1285.0,coinmetrics_community
stable_tusd,2022-11-19,tusd,508.0,1091.0,1232.0,coinmetrics_community
stable_tusd,2022-11-20,tusd,418.0,777.0,866.0,coinmetrics_community
stable_tusd,2022-11-21,tusd,455.0,929.0,1035.0,coinmetrics_community
stable_tusd,2022-11-22,tusd,527.0,1157.0,1315.0,coinmetrics_community
stable_tusd,2022-11-23,tusd,540.0,1072.0,1218.0,coinmetrics_community
stable_tusd,2022-11-24,tusd,539.0,1058.0,1188.0,coinmetrics_community
stable_tusd,2022-11-25,tusd,549.0,1028.0,1133.0,coinmetrics_community
stable_tusd,2022-11-26,tusd,564.0,981.0,1072.0,coinmetrics_community
stable_tusd,2022-11-27,tusd,1037.0,1480.0,1584.0,coinmetrics_community
stable_tusd,2022-11-28,tusd,507.0,1037.0,1120.0,coinmetrics_community
stable_tusd,2022-11-29,tusd,627.0,1167.0,1261.0,coinmetrics_community
stable_tusd,2022-11-30,tusd,731.0,1508.0,1654.0,coinmetrics_community
stable_tusd,2022-12-01,tusd,704.0,1463.0,1624.0,coinmetrics_community
stable_tusd,2022-12-02,tusd,694.0,1565.0,1808.0,coinmetrics_community
stable_tusd,2022-12-03,tusd,599.0,1249.0,1482.0,coinmetrics_community
stable_tusd,2022-12-04,tusd,708.0,1511.0,1665.0,coinmetrics_community
stable_tusd,2022-12-05,tusd,864.0,1961.0,2136.0,coinmetrics_community
stable_tusd,2022-12-06,tusd,844.0,1722.0,1915.0,coinmetrics_community
stable_tusd,2022-12-07,tusd,805.0,1752.0,1924.0,coinmetrics_community
stable_tusd,2022-12-08,tusd,843.0,1780.0,1938.0,coinmetrics_community
stable_tusd,2022-12-09,tusd,792.0,1626.0,1786.0,coinmetrics_community
stable_tusd,2022-12-10,tusd,690.0,1795.0,1934.0,coinmetrics_community
stable_tusd,2022-12-11,tusd,652.0,1603.0,1798.0,coinmetrics_community
stable_tusd,2022-12-12,tusd,864.0,2009.0,2221.0,coinmetrics_community
stable_tusd,2022-12-13,tusd,968.0,2261.0,2436.0,coinmetrics_community
stable_tusd,2022-12-14,tusd,930.0,2561.0,2809.0,coinmetrics_community
stable_tusd,2022-12-15,tusd,734.0,1718.0,1954.0,coinmetrics_community
stable_tusd,2022-12-16,tusd,760.0,1778.0,2002.0,coinmetrics_community
stable_tusd,2022-12-17,tusd,674.0,1344.0,1463.0,coinmetrics_community
stable_tusd,2022-12-18,tusd,541.0,1120.0,1222.0,coinmetrics_community
stable_tusd,2022-12-19,tusd,504.0,1051.0,1172.0,coinmetrics_community
stable_tusd,2022-12-20,tusd,711.0,1305.0,1427.0,coinmetrics_community
stable_tusd,2022-12-21,tusd,612.0,1256.0,1399.0,coinmetrics_community
stable_tusd,2022-12-22,tusd,598.0,1299.0,1438.0,coinmetrics_community
stable_tusd,2022-12-23,tusd,533.0,1031.0,1151.0,coinmetrics_community
stable_tusd,2022-12-24,tusd,356.0,697.0,799.0,coinmetrics_community
stable_tusd,2022-12-25,tusd,349.0,790.0,884.0,coinmetrics_community
stable_tusd,2022-12-26,tusd,387.0,821.0,923.0,coinmetrics_community
stable_tusd,2022-12-27,tusd,377.0,726.0,806.0,coinmetrics_community
stable_tusd,2022-12-28,tusd,443.0,1026.0,1176.0,coinmetrics_community
stable_tusd,2022-12-29,tusd,408.0,896.0,994.0,coinmetrics_community
stable_tusd,2022-12-30,tusd,552.0,1264.0,1387.0,coinmetrics_community
stable_tusd,2022-12-31,tusd,344.0,689.0,777.0,coinmetrics_community
stable_tusd,2023-01-01,tusd,482.0,924.0,1040.0,coinmetrics_community
stable_tusd,2023-01-02,tusd,403.0,934.0,1031.0,coinmetrics_community
stable_tusd,2023-01-03,tusd,475.0,1090.0,1240.0,coinmetrics_community
stable_tusd,2023-01-04,tusd,433.0,842.0,959.0,coinmetrics_community
stable_tusd,2023-01-05,tusd,480.0,1046.0,1136.0,coinmetrics_community
stable_tusd,2023-01-06,tusd,479.0,1330.0,1485.0,coinmetrics_community
stable_tusd,2023-01-07,tusd,418.0,996.0,1111.0,coinmetrics_community
stable_tusd,2023-01-08,tusd,374.0,871.0,976.0,coinmetrics_community
stable_tusd,2023-01-09,tusd,453.0,1147.0,1290.0,coinmetrics_community
stable_tusd,2023-01-10,tusd,535.0,1175.0,1329.0,coinmetrics_community
stable_tusd,2023-01-11,tusd,402.0,903.0,1036.0,coinmetrics_community
stable_tusd,2023-01-12,tusd,584.0,1206.0,1380.0,coinmetrics_community
stable_tusd,2023-01-13,tusd,499.0,1174.0,1350.0,coinmetrics_community
stable_tusd,2023-01-14,tusd,536.0,1745.0,2108.0,coinmetrics_community
stable_tusd,2023-01-15,tusd,577.0,1411.0,1604.0,coinmetrics_community
stable_tusd,2023-01-16,tusd,496.0,1202.0,1361.0,coinmetrics_community
stable_tusd,2023-01-17,tusd,436.0,1077.0,1219.0,coinmetrics_community
stable_tusd,2023-01-18,tusd,505.0,1083.0,1231.0,coinmetrics_community
stable_tusd,2023-01-19,tusd,465.0,932.0,1079.0,coinmetrics_community
stable_tusd,2023-01-20,tusd,494.0,1160.0,1308.0,coinmetrics_community
stable_tusd,2023-01-21,tusd,520.0,1183.0,1314.0,coinmetrics_community
stable_tusd,2023-01-22,tusd,511.0,1240.0,1390.0,coinmetrics_community
stable_tusd,2023-01-23,tusd,479.0,1043.0,1138.0,coinmetrics_community
stable_tusd,2023-01-24,tusd,554.0,1310.0,1487.0,coinmetrics_community
stable_tusd,2023-01-25,tusd,495.0,1185.0,1320.0,coinmetrics_community
stable_tusd,2023-01-26,tusd,601.0,1680.0,1866.0,coinmetrics_community
stable_tusd,2023-01-27,tusd,558.0,1685.0,1919.0,coinmetrics_community
stable_tusd,2023-01-28,tusd,531.0,1468.0,1643.0,coinmetrics_community
stable_tusd,2023-01-29,tusd,612.0,1560.0,1729.0,coinmetrics_community
stable_tusd,2023-01-30,tusd,539.0,1457.0,1563.0,coinmetrics_community
stable_tusd,2023-01-31,tusd,670.0,1688.0,1891.0,coinmetrics_community
stable_tusd,2023-02-01,tusd,724.0,1695.0,1900.0,coinmetrics_community
stable_tusd,2023-02-02,tusd,595.0,1473.0,1623.0,coinmetrics_community
stable_tusd,2023-02-03,tusd,576.0,1449.0,1608.0,coinmetrics_community
stable_tusd,2023-02-04,tusd,511.0,1269.0,1395.0,coinmetrics_community
stable_tusd,2023-02-05,tusd,507.0,1341.0,1467.0,coinmetrics_community
stable_tusd,2023-02-06,tusd,607.0,1601.0,1813.0,coinmetrics_community
stable_tusd,2023-02-07,tusd,605.0,1520.0,1737.0,coinmetrics_community
stable_tusd,2023-02-08,tusd,606.0,1467.0,1619.0,coinmetrics_community
stable_tusd,2023-02-09,tusd,574.0,1466.0,1561.0,coinmetrics_community
stable_tusd,2023-02-10,tusd,666.0,1518.0,1614.0,coinmetrics_community
stable_tusd,2023-02-11,tusd,541.0,1533.0,1648.0,coinmetrics_community
stable_tusd,2023-02-12,tusd,445.0,1185.0,1258.0,coinmetrics_community
stable_tusd,2023-02-13,tusd,731.0,1942.0,2081.0,coinmetrics_community
stable_tusd,2023-02-14,tusd,608.0,1651.0,1764.0,coinmetrics_community
stable_tusd,2023-02-15,tusd,590.0,1573.0,1646.0,coinmetrics_community
stable_tusd,2023-02-16,tusd,607.0,1585.0,1686.0,coinmetrics_community
stable_tusd,2023-02-17,tusd,619.0,1541.0,1657.0,coinmetrics_community
stable_tusd,2023-02-18,tusd,509.0,1433.0,1559.0,coinmetrics_community
stable_tusd,2023-02-19,tusd,342.0,716.0,796.0,coinmetrics_community
stable_tusd,2023-02-20,tusd,444.0,1062.0,1153.0,coinmetrics_community
stable_tusd,2023-02-21,tusd,620.0,1712.0,1829.0,coinmetrics_community
stable_tusd,2023-02-22,tusd,465.0,1356.0,1475.0,coinmetrics_community
stable_tusd,2023-02-23,tusd,554.0,1800.0,1794.0,coinmetrics_community
stable_tusd,2023-02-24,tusd,588.0,1867.0,2068.0,coinmetrics_community
stable_tusd,2023-02-25,tusd,504.0,1811.0,2007.0,coinmetrics_community
stable_tusd,2023-02-26,tusd,470.0,1420.0,1576.0,coinmetrics_community
stable_tusd,2023-02-27,tusd,559.0,1592.0,1764.0,coinmetrics_community
stable_tusd,2023-02-28,tusd,830.0,2996.0,3258.0,coinmetrics_community
stable_tusd,2023-03-01,tusd,824.0,2509.0,2760.0,coinmetrics_community
stable_tusd,2023-03-02,tusd,1003.0,2708.0,2942.0,coinmetrics_community
stable_tusd,2023-03-03,tusd,880.0,2141.0,2295.0,coinmetrics_community
stable_tusd,2023-03-04,tusd,847.0,2284.0,2433.0,coinmetrics_community
stable_tusd,2023-03-05,tusd,927.0,2346.0,2522.0,coinmetrics_community
stable_tusd,2023-03-06,tusd,1347.0,3446.0,3663.0,coinmetrics_community
stable_tusd,2023-03-07,tusd,1038.0,2806.0,3025.0,coinmetrics_community
stable_tusd,2023-03-08,tusd,1029.0,2702.0,2927.0,coinmetrics_community
stable_tusd,2023-03-09,tusd,1047.0,3004.0,3254.0,coinmetrics_community
stable_tusd,2023-03-10,tusd,1220.0,2940.0,3219.0,coinmetrics_community
stable_tusd,2023-03-11,tusd,1845.0,6782.0,9363.0,coinmetrics_community
stable_tusd,2023-03-12,tusd,1311.0,3446.0,4323.0,coinmetrics_community
stable_tusd,2023-03-13,tusd,1553.0,4105.0,4871.0,coinmetrics_community
stable_tusd,2023-03-14,tusd,1165.0,2795.0,3218.0,coinmetrics_community
stable_tusd,2023-03-15,tusd,1305.0,3124.0,3529.0,coinmetrics_community
stable_tusd,2023-03-16,tusd,1377.0,3189.0,3676.0,coinmetrics_community
stable_tusd,2023-03-17,tusd,1376.0,3318.0,3816.0,coinmetrics_community
stable_tusd,2023-03-18,tusd,1179.0,2994.0,3429.0,coinmetrics_community
stable_tusd,2023-03-19,tusd,1237.0,2978.0,3361.0,coinmetrics_community
stable_tusd,2023-03-20,tusd,1399.0,3371.0,3801.0,coinmetrics_community
stable_tusd,2023-03-21,tusd,1473.0,3584.0,4048.0,coinmetrics_community
stable_tusd,2023-03-22,tusd,1563.0,4668.0,5426.0,coinmetrics_community
stable_tusd,2023-03-23,tusd,1305.0,3141.0,3630.0,coinmetrics_community
stable_tusd,2023-03-24,tusd,1218.0,3062.0,3520.0,coinmetrics_community
stable_tusd,2023-03-25,tusd,1131.0,3280.0,3803.0,coinmetrics_community
stable_tusd,2023-03-26,tusd,1007.0,2742.0,3160.0,coinmetrics_community
stable_tusd,2023-03-27,tusd,1121.0,2804.0,3226.0,coinmetrics_community
stable_tusd,2023-03-28,tusd,1253.0,2786.0,3178.0,coinmetrics_community
stable_tusd,2023-03-29,tusd,1360.0,3214.0,3775.0,coinmetrics_community
stable_tusd,2023-03-30,tusd,1153.0,2535.0,2893.0,coinmetrics_community
stable_tusd,2023-03-31,tusd,1201.0,2585.0,2933.0,coinmetrics_community
stable_tusd,2023-04-01,tusd,1109.0,2431.0,2788.0,coinmetrics_community
stable_tusd,2023-04-02,tusd,917.0,1976.0,2271.0,coinmetrics_community
stable_tusd,2023-04-03,tusd,1103.0,2769.0,3298.0,coinmetrics_community
stable_tusd,2023-04-04,tusd,1136.0,2916.0,3529.0,coinmetrics_community
stable_tusd,2023-04-05,tusd,1122.0,2596.0,3135.0,coinmetrics_community
stable_tusd,2023-04-06,tusd,1126.0,2995.0,3633.0,coinmetrics_community
stable_tusd,2023-04-07,tusd,1005.0,2147.0,2615.0,coinmetrics_community
stable_tusd,2023-04-08,tusd,1096.0,2455.0,2897.0,coinmetrics_community
stable_tusd,2023-04-09,tusd,1021.0,2470.0,2989.0,coinmetrics_community
stable_tusd,2023-04-10,tusd,1140.0,2959.0,3601.0,coinmetrics_community
stable_tusd,2023-04-11,tusd,1212.0,3216.0,3900.0,coinmetrics_community
stable_tusd,2023-04-12,tusd,1165.0,3181.0,3908.0,coinmetrics_community
stable_tusd,2023-04-13,tusd,1302.0,3171.0,3712.0,coinmetrics_community
stable_tusd,2023-04-14,tusd,1295.0,2920.0,3492.0,coinmetrics_community
stable_tusd,2023-04-15,tusd,1176.0,2770.0,3369.0,coinmetrics_community
stable_tusd,2023-04-16,tusd,1165.0,2830.0,3450.0,coinmetrics_community
stable_tusd,2023-04-17,tusd,1290.0,3467.0,4209.0,coinmetrics_community
stable_tusd,2023-04-18,tusd,1273.0,3510.0,4294.0,coinmetrics_community
stable_tusd,2023-04-19,tusd,1312.0,3317.0,4018.0,coinmetrics_community
stable_tusd,2023-04-20,tusd,1417.0,3455.0,4213.0,coinmetrics_community
stable_tusd,2023-04-21,tusd,1341.0,3018.0,3635.0,coinmetrics_community
stable_tusd,2023-04-22,tusd,1220.0,2879.0,3445.0,coinmetrics_community
stable_tusd,2023-04-23,tusd,1157.0,3153.0,3791.0,coinmetrics_community
stable_tusd,2023-04-24,tusd,1108.0,3074.0,3742.0,coinmetrics_community
stable_tusd,2023-04-25,tusd,1213.0,3130.0,3613.0,coinmetrics_community
stable_tusd,2023-04-26,tusd,1383.0,3835.0,4312.0,coinmetrics_community
stable_tusd,2023-04-27,tusd,1369.0,3533.0,4084.0,coinmetrics_community
stable_tusd,2023-04-28,tusd,1402.0,3752.0,4249.0,coinmetrics_community
stable_tusd,2023-04-29,tusd,1210.0,3095.0,3528.0,coinmetrics_community
stable_tusd,2023-04-30,tusd,1597.0,5090.0,5711.0,coinmetrics_community
stable_tusd,2023-05-01,tusd,1719.0,5284.0,5970.0,coinmetrics_community
stable_tusd,2023-05-02,tusd,1615.0,4606.0,5377.0,coinmetrics_community
stable_tusd,2023-05-03,tusd,1996.0,5368.0,6165.0,coinmetrics_community
stable_tusd,2023-05-04,tusd,1617.0,4173.0,4764.0,coinmetrics_community
stable_tusd,2023-05-05,tusd,1552.0,4098.0,4760.0,coinmetrics_community
stable_tusd,2023-05-06,tusd,1307.0,3643.0,4326.0,coinmetrics_community
stable_tusd,2023-05-07,tusd,1084.0,3183.0,3981.0,coinmetrics_community
stable_tusd,2023-05-08,tusd,1212.0,3369.0,4384.0,coinmetrics_community
stable_tusd,2023-05-09,tusd,1230.0,3205.0,4094.0,coinmetrics_community
stable_tusd,2023-05-10,tusd,1341.0,3337.0,3881.0,coinmetrics_community
stable_tusd,2023-05-11,tusd,1231.0,3096.0,3770.0,coinmetrics_community
stable_tusd,2023-05-12,tusd,1355.0,3460.0,4311.0,coinmetrics_community
stable_tusd,2023-05-13,tusd,1143.0,3057.0,3962.0,coinmetrics_community
stable_tusd,2023-05-14,tusd,975.0,2548.0,3210.0,coinmetrics_community
stable_tusd,2023-05-15,tusd,1119.0,3046.0,3867.0,coinmetrics_community
stable_tusd,2023-05-16,tusd,1134.0,3034.0,3898.0,coinmetrics_community
stable_tusd,2023-05-17,tusd,1284.0,3511.0,4387.0,coinmetrics_community
stable_tusd,2023-05-18,tusd,1431.0,3915.0,4905.0,coinmetrics_community
stable_tusd,2023-05-19,tusd,1258.0,3252.0,3937.0,coinmetrics_community
stable_tusd,2023-05-20,tusd,1100.0,2940.0,3552.0,coinmetrics_community
stable_tusd,2023-05-21,tusd,1026.0,2814.0,3419.0,coinmetrics_community
stable_tusd,2023-05-22,tusd,1114.0,3039.0,3683.0,coinmetrics_community
stable_tusd,2023-05-23,tusd,607.0,1098.0,1358.0,coinmetrics_community
stable_tusd,2023-05-24,tusd,950.0,2144.0,2587.0,coinmetrics_community
stable_tusd,2023-05-25,tusd,398.0,487.0,576.0,coinmetrics_community
stable_tusd,2023-05-26,tusd,400.0,625.0,745.0,coinmetrics_community
stable_tusd,2023-05-27,tusd,295.0,430.0,544.0,coinmetrics_community
stable_tusd,2023-05-28,tusd,253.0,368.0,437.0,coinmetrics_community
stable_tusd,2023-05-29,tusd,306.0,427.0,514.0,coinmetrics_community
stable_tusd,2023-05-30,tusd,321.0,384.0,473.0,coinmetrics_community
stable_tusd,2023-05-31,tusd,324.0,416.0,476.0,coinmetrics_community
stable_tusd,2023-06-01,tusd,366.0,484.0,573.0,coinmetrics_community
stable_tusd,2023-06-02,tusd,356.0,633.0,818.0,coinmetrics_community
stable_tusd,2023-06-03,tusd,285.0,614.0,819.0,coinmetrics_community
stable_tusd,2023-06-04,tusd,315.0,566.0,659.0,coinmetrics_community
stable_tusd,2023-06-05,tusd,501.0,1026.0,1107.0,coinmetrics_community
stable_tusd,2023-06-06,tusd,433.0,569.0,631.0,coinmetrics_community
stable_tusd,2023-06-07,tusd,495.0,847.0,1031.0,coinmetrics_community
stable_tusd,2023-06-08,tusd,511.0,751.0,889.0,coinmetrics_community
stable_tusd,2023-06-09,tusd,431.0,713.0,829.0,coinmetrics_community
stable_tusd,2023-06-10,tusd,618.0,2128.0,2444.0,coinmetrics_community
stable_tusd,2023-06-11,tusd,407.0,865.0,1033.0,coinmetrics_community
stable_tusd,2023-06-12,tusd,498.0,773.0,1005.0,coinmetrics_community
stable_tusd,2023-06-13,tusd,664.0,1687.0,2054.0,coinmetrics_community
stable_tusd,2023-06-14,tusd,630.0,1254.0,1429.0,coinmetrics_community
stable_tusd,2023-06-15,tusd,455.0,867.0,1002.0,coinmetrics_community
stable_tusd,2023-06-16,tusd,383.0,611.0,715.0,coinmetrics_community
stable_tusd,2023-06-17,tusd,257.0,368.0,427.0,coinmetrics_community
stable_tusd,2023-06-18,tusd,208.0,344.0,392.0,coinmetrics_community
stable_tusd,2023-06-19,tusd,234.0,295.0,349.0,coinmetrics_community
stable_tusd,2023-06-20,tusd,339.0,514.0,591.0,coinmetrics_community
stable_tusd,2023-06-21,tusd,424.0,821.0,950.0,coinmetrics_community
stable_tusd,2023-06-22,tusd,476.0,1165.0,1532.0,coinmetrics_community
stable_tusd,2023-06-23,tusd,1128.0,1419.0,1673.0,coinmetrics_community
stable_tusd,2023-06-24,tusd,472.0,558.0,629.0,coinmetrics_community
stable_tusd,2023-06-25,tusd,276.0,370.0,474.0,coinmetrics_community
stable_tusd,2023-06-26,tusd,281.0,427.0,500.0,coinmetrics_community
stable_tusd,2023-06-27,tusd,374.0,505.0,660.0,coinmetrics_community
stable_tusd,2023-06-28,tusd,580.0,1140.0,1424.0,coinmetrics_community
stable_tusd,2023-06-29,tusd,400.0,637.0,814.0,coinmetrics_community
stable_tusd,2023-06-30,tusd,392.0,666.0,813.0,coinmetrics_community
stable_tusd,2023-07-01,tusd,307.0,427.0,509.0,coinmetrics_community
stable_tusd,2023-07-02,tusd,266.0,408.0,521.0,coinmetrics_community
stable_tusd,2023-07-03,tusd,439.0,736.0,825.0,coinmetrics_community
stable_tusd,2023-07-04,tusd,359.0,511.0,597.0,coinmetrics_community
stable_tusd,2023-07-05,tusd,244.0,375.0,470.0,coinmetrics_community
stable_tusd,2023-07-06,tusd,270.0,353.0,428.0,coinmetrics_community
stable_tusd,2023-07-07,tusd,304.0,470.0,575.0,coinmetrics_community
stable_tusd,2023-07-08,tusd,278.0,325.0,361.0,coinmetrics_community
stable_tusd,2023-07-09,tusd,291.0,433.0,487.0,coinmetrics_community
stable_tusd,2023-07-10,tusd,320.0,456.0,566.0,coinmetrics_community
stable_tusd,2023-07-11,tusd,276.0,308.0,366.0,coinmetrics_community
stable_tusd,2023-07-12,tusd,254.0,317.0,425.0,coinmetrics_community
stable_tusd,2023-07-13,tusd,343.0,498.0,606.0,coinmetrics_community
stable_tusd,2023-07-14,tusd,340.0,523.0,644.0,coinmetrics_community
stable_tusd,2023-07-15,tusd,291.0,346.0,403.0,coinmetrics_community
stable_tusd,2023-07-16,tusd,279.0,1090.0,1493.0,coinmetrics_community
stable_tusd,2023-07-17,tusd,264.0,315.0,446.0,coinmetrics_community
stable_tusd,2023-07-18,tusd,290.0,492.0,573.0,coinmetrics_community
stable_tusd,2023-07-19,tusd,238.0,281.0,380.0,coinmetrics_community
stable_tusd,2023-07-20,tusd,244.0,318.0,414.0,coinmetrics_community
stable_tusd,2023-07-21,tusd,226.0,274.0,330.0,coinmetrics_community
stable_tusd,2023-07-22,tusd,213.0,1052.0,1380.0,coinmetrics_community
stable_tusd,2023-07-23,tusd,173.0,226.0,274.0,coinmetrics_community
stable_tusd,2023-07-24,tusd,224.0,285.0,350.0,coinmetrics_community
stable_tusd,2023-07-25,tusd,221.0,246.0,294.0,coinmetrics_community
stable_tusd,2023-07-26,tusd,210.0,243.0,332.0,coinmetrics_community
stable_tusd,2023-07-27,tusd,204.0,209.0,265.0,coinmetrics_community
stable_tusd,2023-07-28,tusd,215.0,322.0,403.0,coinmetrics_community
stable_tusd,2023-07-29,tusd,210.0,268.0,316.0,coinmetrics_community
stable_tusd,2023-07-30,tusd,242.0,383.0,490.0,coinmetrics_community
stable_tusd,2023-07-31,tusd,292.0,412.0,523.0,coinmetrics_community
stable_tusd,2023-08-01,tusd,337.0,679.0,843.0,coinmetrics_community
stable_tusd,2023-08-02,tusd,387.0,666.0,760.0,coinmetrics_community
stable_tusd,2023-08-03,tusd,317.0,478.0,533.0,coinmetrics_community
stable_tusd,2023-08-04,tusd,272.0,364.0,427.0,coinmetrics_community
stable_tusd,2023-08-05,tusd,224.0,250.0,276.0,coinmetrics_community
stable_tusd,2023-08-06,tusd,232.0,355.0,411.0,coinmetrics_community
stable_tusd,2023-08-07,tusd,247.0,273.0,309.0,coinmetrics_community
stable_tusd,2023-08-08,tusd,255.0,303.0,345.0,coinmetrics_community
stable_tusd,2023-08-09,tusd,239.0,283.0,357.0,coinmetrics_community
stable_tusd,2023-08-10,tusd,234.0,264.0,350.0,coinmetrics_community
stable_tusd,2023-08-11,tusd,219.0,300.0,353.0,coinmetrics_community
stable_tusd,2023-08-12,tusd,183.0,192.0,392.0,coinmetrics_community
stable_tusd,2023-08-13,tusd,171.0,294.0,324.0,coinmetrics_community
stable_tusd,2023-08-14,tusd,285.0,327.0,437.0,coinmetrics_community
stable_tusd,2023-08-15,tusd,249.0,417.0,506.0,coinmetrics_community
stable_tusd,2023-08-16,tusd,277.0,372.0,480.0,coinmetrics_community
stable_tusd,2023-08-17,tusd,324.0,557.0,694.0,coinmetrics_community
stable_tusd,2023-08-18,tusd,304.0,459.0,605.0,coinmetrics_community
stable_tusd,2023-08-19,tusd,223.0,252.0,296.0,coinmetrics_community
stable_tusd,2023-08-20,tusd,189.0,282.0,376.0,coinmetrics_community
stable_tusd,2023-08-21,tusd,317.0,369.0,410.0,coinmetrics_community
stable_tusd,2023-08-22,tusd,248.0,307.0,381.0,coinmetrics_community
stable_tusd,2023-08-23,tusd,291.0,350.0,381.0,coinmetrics_community
stable_tusd,2023-08-24,tusd,179.0,209.0,231.0,coinmetrics_community
stable_tusd,2023-08-25,tusd,195.0,253.0,306.0,coinmetrics_community
stable_tusd,2023-08-26,tusd,140.0,135.0,171.0,coinmetrics_community
stable_tusd,2023-08-27,tusd,142.0,139.0,156.0,coinmetrics_community
stable_tusd,2023-08-28,tusd,200.0,248.0,296.0,coinmetrics_community
stable_tusd,2023-08-29,tusd,219.0,274.0,351.0,coinmetrics_community
stable_tusd,2023-08-30,tusd,217.0,321.0,382.0,coinmetrics_community
stable_tusd,2023-08-31,tusd,253.0,339.0,426.0,coinmetrics_community
stable_tusd,2023-09-01,tusd,284.0,442.0,506.0,coinmetrics_community
stable_tusd,2023-09-02,tusd,201.0,347.0,413.0,coinmetrics_community
stable_tusd,2023-09-03,tusd,207.0,232.0,263.0,coinmetrics_community
stable_tusd,2023-09-04,tusd,237.0,260.0,306.0,coinmetrics_community
stable_tusd,2023-09-05,tusd,234.0,258.0,329.0,coinmetrics_community
stable_tusd,2023-09-06,tusd,250.0,304.0,381.0,coinmetrics_community
stable_tusd,2023-09-07,tusd,253.0,322.0,394.0,coinmetrics_community
stable_tusd,2023-09-08,tusd,193.0,220.0,264.0,coinmetrics_community
stable_tusd,2023-09-09,tusd,149.0,137.0,173.0,coinmetrics_community
stable_tusd,2023-09-10,tusd,215.0,339.0,392.0,coinmetrics_community
stable_tusd,2023-09-11,tusd,233.0,437.0,469.0,coinmetrics_community
stable_tusd,2023-09-12,tusd,264.0,478.0,636.0,coinmetrics_community
stable_tusd,2023-09-13,tusd,198.0,229.0,307.0,coinmetrics_community
stable_tusd,2023-09-14,tusd,412.0,487.0,577.0,coinmetrics_community
stable_tusd,2023-09-15,tusd,195.0,244.0,286.0,coinmetrics_community
stable_tusd,2023-09-16,tusd,160.0,270.0,309.0,coinmetrics_community
stable_tusd,2023-09-17,tusd,162.0,188.0,239.0,coinmetrics_community
stable_tusd,2023-09-18,tusd,182.0,196.0,244.0,coinmetrics_community
stable_tusd,2023-09-19,tusd,216.0,265.0,337.0,coinmetrics_community
stable_tusd,2023-09-20,tusd,211.0,278.0,317.0,coinmetrics_community
stable_tusd,2023-09-21,tusd,206.0,250.0,303.0,coinmetrics_community
stable_tusd,2023-09-22,tusd,202.0,233.0,304.0,coinmetrics_community
stable_tusd,2023-09-23,tusd,171.0,189.0,222.0,coinmetrics_community
stable_tusd,2023-09-24,tusd,169.0,195.0,250.0,coinmetrics_community
stable_tusd,2023-09-25,tusd,167.0,190.0,252.0,coinmetrics_community
stable_tusd,2023-09-26,tusd,162.0,157.0,202.0,coinmetrics_community
stable_tusd,2023-09-27,tusd,177.0,326.0,489.0,coinmetrics_community
stable_tusd,2023-09-28,tusd,237.0,263.0,320.0,coinmetrics_community
stable_tusd,2023-09-29,tusd,259.0,654.0,894.0,coinmetrics_community
stable_tusd,2023-09-30,tusd,286.0,327.0,382.0,coinmetrics_community
stable_tusd,2023-10-01,tusd,196.0,233.0,287.0,coinmetrics_community
stable_tusd,2023-10-02,tusd,228.0,273.0,328.0,coinmetrics_community
stable_tusd,2023-10-03,tusd,234.0,332.0,454.0,coinmetrics_community
stable_tusd,2023-10-04,tusd,197.0,249.0,323.0,coinmetrics_community
stable_tusd,2023-10-05,tusd,229.0,261.0,336.0,coinmetrics_community
stable_tusd,2023-10-06,tusd,223.0,295.0,360.0,coinmetrics_community
stable_tusd,2023-10-07,tusd,194.0,227.0,295.0,coinmetrics_community
stable_tusd,2023-10-08,tusd,173.0,209.0,256.0,coinmetrics_community
stable_tusd,2023-10-09,tusd,301.0,384.0,465.0,coinmetrics_community
stable_tusd,2023-10-10,tusd,271.0,510.0,619.0,coinmetrics_community
stable_tusd,2023-10-11,tusd,207.0,267.0,313.0,coinmetrics_community
stable_tusd,2023-10-12,tusd,246.0,379.0,550.0,coinmetrics_community
stable_tusd,2023-10-13,tusd,182.0,282.0,416.0,coinmetrics_community
stable_tusd,2023-10-14,tusd,149.0,264.0,389.0,coinmetrics_community
stable_tusd,2023-10-15,tusd,156.0,177.0,233.0,coinmetrics_community
stable_tusd,2023-10-16,tusd,229.0,335.0,459.0,coinmetrics_community
stable_tusd,2023-10-17,tusd,204.0,256.0,305.0,coinmetrics_community
stable_tusd,2023-10-18,tusd,216.0,272.0,352.0,coinmetrics_community
stable_tusd,2023-10-19,tusd,183.0,237.0,350.0,coinmetrics_community
stable_tusd,2023-10-20,tusd,210.0,291.0,368.0,coinmetrics_community
stable_tusd,2023-10-21,tusd,198.0,255.0,338.0,coinmetrics_community
stable_tusd,2023-10-22,tusd,162.0,185.0,224.0,coinmetrics_community
stable_tusd,2023-10-23,tusd,235.0,376.0,426.0,coinmetrics_community
stable_tusd,2023-10-24,tusd,290.0,460.0,537.0,coinmetrics_community
stable_tusd,2023-10-25,tusd,259.0,336.0,429.0,coinmetrics_community
stable_tusd,2023-10-26,tusd,245.0,417.0,517.0,coinmetrics_community
stable_tusd,2023-10-27,tusd,232.0,476.0,623.0,coinmetrics_community
stable_tusd,2023-10-28,tusd,268.0,443.0,580.0,coinmetrics_community
stable_tusd,2023-10-29,tusd,216.0,296.0,375.0,coinmetrics_community
stable_tusd,2023-10-30,tusd,275.0,400.0,475.0,coinmetrics_community
stable_tusd,2023-10-31,tusd,245.0,335.0,425.0,coinmetrics_community
stable_tusd,2023-11-01,tusd,257.0,367.0,456.0,coinmetrics_community
stable_tusd,2023-11-02,tusd,274.0,472.0,587.0,coinmetrics_community
stable_tusd,2023-11-03,tusd,284.0,346.0,435.0,coinmetrics_community
stable_tusd,2023-11-04,tusd,240.0,299.0,406.0,coinmetrics_community
stable_tusd,2023-11-05,tusd,236.0,348.0,412.0,coinmetrics_community
stable_tusd,2023-11-06,tusd,2721.0,5248.0,5307.0,coinmetrics_community
stable_tusd,2023-11-07,tusd,616.0,1046.0,1119.0,coinmetrics_community
stable_tusd,2023-11-08,tusd,787.0,891.0,989.0,coinmetrics_community
stable_tusd,2023-11-09,tusd,852.0,947.0,1026.0,coinmetrics_community
stable_tusd,2023-11-10,tusd,871.0,1205.0,1417.0,coinmetrics_community
stable_tusd,2023-11-11,tusd,657.0,717.0,803.0,coinmetrics_community
stable_tusd,2023-11-12,tusd,210.0,283.0,349.0,coinmetrics_community
stable_tusd,2023-11-13,tusd,217.0,287.0,449.0,coinmetrics_community
stable_tusd,2023-11-14,tusd,202.0,287.0,362.0,coinmetrics_community
stable_tusd,2023-11-15,tusd,327.0,562.0,666.0,coinmetrics_community
stable_tusd,2023-11-16,tusd,212.0,314.0,387.0,coinmetrics_community
stable_tusd,2023-11-17,tusd,209.0,265.0,308.0,coinmetrics_community
stable_tusd,2023-11-18,tusd,195.0,282.0,351.0,coinmetrics_community
stable_tusd,2023-11-19,tusd,199.0,225.0,277.0,coinmetrics_community
stable_tusd,2023-11-20,tusd,197.0,243.0,298.0,coinmetrics_community
stable_tusd,2023-11-21,tusd,253.0,343.0,400.0,coinmetrics_community
stable_tusd,2023-11-22,tusd,249.0,498.0,678.0,coinmetrics_community
stable_tusd,2023-11-23,tusd,295.0,394.0,431.0,coinmetrics_community
stable_tusd,2023-11-24,tusd,195.0,271.0,313.0,coinmetrics_community
stable_tusd,2023-11-25,tusd,175.0,221.0,274.0,coinmetrics_community
stable_tusd,2023-11-26,tusd,202.0,280.0,352.0,coinmetrics_community
stable_tusd,2023-11-27,tusd,362.0,538.0,663.0,coinmetrics_community
stable_tusd,2023-11-28,tusd,232.0,330.0,442.0,coinmetrics_community
stable_tusd,2023-11-29,tusd,201.0,247.0,342.0,coinmetrics_community
stable_tusd,2023-11-30,tusd,216.0,301.0,402.0,coinmetrics_community
stable_tusd,2023-12-01,tusd,187.0,245.0,325.0,coinmetrics_community
stable_tusd,2023-12-02,tusd,188.0,257.0,352.0,coinmetrics_community
stable_tusd,2023-12-03,tusd,188.0,217.0,260.0,coinmetrics_community
stable_tusd,2023-12-04,tusd,228.0,388.0,487.0,coinmetrics_community
stable_tusd,2023-12-05,tusd,234.0,353.0,439.0,coinmetrics_community
stable_tusd,2023-12-06,tusd,256.0,352.0,427.0,coinmetrics_community
stable_tusd,2023-12-07,tusd,235.0,360.0,460.0,coinmetrics_community
stable_tusd,2023-12-08,tusd,258.0,376.0,474.0,coinmetrics_community
stable_tusd,2023-12-09,tusd,216.0,290.0,373.0,coinmetrics_community
stable_tusd,2023-12-10,tusd,260.0,278.0,381.0,coinmetrics_community
stable_tusd,2023-12-11,tusd,306.0,506.0,648.0,coinmetrics_community
stable_tusd,2023-12-12,tusd,211.0,284.0,369.0,coinmetrics_community
stable_tusd,2023-12-13,tusd,232.0,316.0,369.0,coinmetrics_community
stable_tusd,2023-12-14,tusd,207.0,296.0,343.0,coinmetrics_community
stable_tusd,2023-12-15,tusd,210.0,302.0,381.0,coinmetrics_community
stable_tusd,2023-12-16,tusd,187.0,301.0,399.0,coinmetrics_community
stable_tusd,2023-12-17,tusd,206.0,266.0,350.0,coinmetrics_community
stable_tusd,2023-12-18,tusd,218.0,305.0,386.0,coinmetrics_community
stable_tusd,2023-12-19,tusd,327.0,825.0,1024.0,coinmetrics_community
stable_tusd,2023-12-20,tusd,312.0,672.0,817.0,coinmetrics_community
stable_tusd,2023-12-21,tusd,280.0,460.0,591.0,coinmetrics_community
stable_tusd,2023-12-22,tusd,276.0,357.0,419.0,coinmetrics_community
stable_tusd,2023-12-23,tusd,192.0,249.0,316.0,coinmetrics_community
stable_tusd,2023-12-24,tusd,217.0,393.0,519.0,coinmetrics_community
stable_tusd,2023-12-25,tusd,288.0,562.0,782.0,coinmetrics_community
stable_tusd,2023-12-26,tusd,300.0,564.0,725.0,coinmetrics_community
stable_tusd,2023-12-27,tusd,372.0,542.0,648.0,coinmetrics_community
stable_tusd,2023-12-28,tusd,413.0,569.0,650.0,coinmetrics_community
stable_tusd,2023-12-29,tusd,250.0,356.0,448.0,coinmetrics_community
stable_tusd,2023-12-30,tusd,216.0,294.0,360.0,coinmetrics_community
stable_tusd,2023-12-31,tusd,227.0,473.0,617.0,coinmetrics_community
stable_tusd,2024-01-01,tusd,243.0,472.0,598.0,coinmetrics_community
stable_tusd,2024-01-02,tusd,267.0,626.0,829.0,coinmetrics_community
stable_tusd,2024-01-03,tusd,332.0,734.0,941.0,coinmetrics_community
stable_tusd,2024-01-04,tusd,307.0,491.0,609.0,coinmetrics_community
stable_tusd,2024-01-05,tusd,279.0,552.0,716.0,coinmetrics_community
stable_tusd,2024-01-06,tusd,225.0,298.0,375.0,coinmetrics_community
stable_tusd,2024-01-07,tusd,239.0,412.0,531.0,coinmetrics_community
stable_tusd,2024-01-08,tusd,300.0,628.0,805.0,coinmetrics_community
stable_tusd,2024-01-09,tusd,388.0,657.0,806.0,coinmetrics_community
stable_tusd,2024-01-10,tusd,307.0,470.0,580.0,coinmetrics_community
stable_tusd,2024-01-11,tusd,310.0,564.0,728.0,coinmetrics_community
stable_tusd,2024-01-12,tusd,281.0,377.0,507.0,coinmetrics_community
stable_tusd,2024-01-13,tusd,234.0,322.0,431.0,coinmetrics_community
stable_tusd,2024-01-14,tusd,213.0,278.0,375.0,coinmetrics_community
stable_tusd,2024-01-15,tusd,317.0,996.0,1316.0,coinmetrics_community
stable_tusd,2024-01-16,tusd,424.0,854.0,1055.0,coinmetrics_community
stable_tusd,2024-01-17,tusd,322.0,657.0,850.0,coinmetrics_community
stable_tusd,2024-01-18,tusd,747.0,1695.0,2038.0,coinmetrics_community
stable_tusd,2024-01-19,tusd,296.0,592.0,714.0,coinmetrics_community
stable_tusd,2024-01-20,tusd,230.0,336.0,444.0,coinmetrics_community
stable_tusd,2024-01-21,tusd,220.0,313.0,397.0,coinmetrics_community
stable_tusd,2024-01-22,tusd,221.0,354.0,449.0,coinmetrics_community
stable_tusd,2024-01-23,tusd,320.0,611.0,801.0,coinmetrics_community
stable_tusd,2024-01-24,tusd,227.0,318.0,437.0,coinmetrics_community
stable_tusd,2024-01-25,tusd,200.0,290.0,389.0,coinmetrics_community
stable_tusd,2024-01-26,tusd,338.0,1345.0,1709.0,coinmetrics_community
stable_tusd,2024-01-27,tusd,204.0,330.0,439.0,coinmetrics_community
stable_tusd,2024-01-28,tusd,186.0,285.0,360.0,coinmetrics_community
stable_tusd,2024-01-29,tusd,215.0,364.0,484.0,coinmetrics_community
stable_tusd,2024-01-30,tusd,211.0,385.0,548.0,coinmetrics_community
stable_tusd,2024-01-31,tusd,218.0,403.0,555.0,coinmetrics_community
stable_tusd,2024-02-01,tusd,194.0,270.0,381.0,coinmetrics_community
stable_tusd,2024-02-02,tusd,177.0,214.0,288.0,coinmetrics_community
stable_tusd,2024-02-03,tusd,159.0,170.0,212.0,coinmetrics_community
stable_tusd,2024-02-04,tusd,170.0,235.0,326.0,coinmetrics_community
stable_tusd,2024-02-05,tusd,218.0,361.0,468.0,coinmetrics_community
stable_tusd,2024-02-06,tusd,187.0,276.0,389.0,coinmetrics_community
stable_tusd,2024-02-07,tusd,190.0,401.0,575.0,coinmetrics_community
stable_tusd,2024-02-08,tusd,247.0,405.0,530.0,coinmetrics_community
stable_tusd,2024-02-09,tusd,195.0,489.0,614.0,coinmetrics_community
stable_tusd,2024-02-10,tusd,178.0,265.0,337.0,coinmetrics_community
stable_tusd,2024-02-11,tusd,165.0,297.0,352.0,coinmetrics_community
stable_tusd,2024-02-12,tusd,208.0,377.0,490.0,coinmetrics_community
stable_tusd,2024-02-13,tusd,219.0,471.0,665.0,coinmetrics_community
stable_tusd,2024-02-14,tusd,229.0,475.0,579.0,coinmetrics_community
stable_tusd,2024-02-15,tusd,298.0,512.0,693.0,coinmetrics_community
stable_tusd,2024-02-16,tusd,225.0,446.0,598.0,coinmetrics_community
stable_tusd,2024-02-17,tusd,209.0,363.0,487.0,coinmetrics_community
stable_tusd,2024-02-18,tusd,189.0,476.0,649.0,coinmetrics_community
stable_tusd,2024-02-19,tusd,219.0,476.0,666.0,coinmetrics_community
stable_tusd,2024-02-20,tusd,196.0,370.0,521.0,coinmetrics_community
stable_tusd,2024-02-21,tusd,202.0,349.0,507.0,coinmetrics_community
stable_tusd,2024-02-22,tusd,207.0,372.0,574.0,coinmetrics_community
stable_tusd,2024-02-23,tusd,195.0,337.0,500.0,coinmetrics_community
stable_tusd,2024-02-24,tusd,172.0,239.0,325.0,coinmetrics_community
stable_tusd,2024-02-25,tusd,178.0,269.0,417.0,coinmetrics_community
stable_tusd,2024-02-26,tusd,209.0,325.0,404.0,coinmetrics_community
stable_tusd,2024-02-27,tusd,247.0,464.0,577.0,coinmetrics_community
stable_tusd,2024-02-28,tusd,305.0,1011.0,1201.0,coinmetrics_community
stable_tusd,2024-02-29,tusd,398.0,2036.0,2541.0,coinmetrics_community
stable_tusd,2024-03-01,tusd,232.0,323.0,377.0,coinmetrics_community
stable_tusd,2024-03-02,tusd,217.0,243.0,278.0,coinmetrics_community
stable_tusd,2024-03-03,tusd,228.0,259.0,325.0,coinmetrics_community
stable_tusd,2024-03-04,tusd,252.0,365.0,469.0,coinmetrics_community
stable_tusd,2024-03-05,tusd,280.0,527.0,697.0,coinmetrics_community
stable_tusd,2024-03-06,tusd,227.0,315.0,404.0,coinmetrics_community
stable_tusd,2024-03-07,tusd,214.0,298.0,352.0,coinmetrics_community
stable_tusd,2024-03-08,tusd,224.0,519.0,624.0,coinmetrics_community
stable_tusd,2024-03-09,tusd,157.0,300.0,360.0,coinmetrics_community
stable_tusd,2024-03-10,tusd,207.0,443.0,514.0,coinmetrics_community
stable_tusd,2024-03-11,tusd,236.0,554.0,644.0,coinmetrics_community
stable_tusd,2024-03-12,tusd,295.0,521.0,607.0,coinmetrics_community
stable_tusd,2024-03-13,tusd,219.0,420.0,490.0,coinmetrics_community
stable_tusd,2024-03-14,tusd,237.0,475.0,623.0,coinmetrics_community
stable_tusd,2024-03-15,tusd,262.0,582.0,697.0,coinmetrics_community
stable_tusd,2024-03-16,tusd,204.0,352.0,457.0,coinmetrics_community
stable_tusd,2024-03-17,tusd,171.0,299.0,382.0,coinmetrics_community
stable_tusd,2024-03-18,tusd,189.0,387.0,485.0,coinmetrics_community
stable_tusd,2024-03-19,tusd,251.0,965.0,1205.0,coinmetrics_community
stable_tusd,2024-03-20,tusd,277.0,1203.0,1573.0,coinmetrics_community
stable_tusd,2024-03-21,tusd,199.0,708.0,916.0,coinmetrics_community
stable_tusd,2024-03-22,tusd,187.0,494.0,669.0,coinmetrics_community
stable_tusd,2024-03-23,tusd,178.0,314.0,443.0,coinmetrics_community
stable_tusd,2024-03-24,tusd,212.0,503.0,697.0,coinmetrics_community
stable_tusd,2024-03-25,tusd,206.0,480.0,637.0,coinmetrics_community
stable_tusd,2024-03-26,tusd,232.0,393.0,487.0,coinmetrics_community
stable_tusd,2024-03-27,tusd,187.0,691.0,917.0,coinmetrics_community
stable_tusd,2024-03-28,tusd,155.0,289.0,362.0,coinmetrics_community
stable_tusd,2024-03-29,tusd,190.0,270.0,345.0,coinmetrics_community
stable_tusd,2024-03-30,tusd,148.0,206.0,310.0,coinmetrics_community
stable_tusd,2024-03-31,tusd,152.0,219.0,299.0,coinmetrics_community
stable_tusd,2024-04-01,tusd,159.0,262.0,350.0,coinmetrics_community
stable_tusd,2024-04-02,tusd,166.0,337.0,428.0,coinmetrics_community
stable_tusd,2024-04-03,tusd,153.0,218.0,268.0,coinmetrics_community
stable_tusd,2024-04-04,tusd,167.0,302.0,374.0,coinmetrics_community
stable_tusd,2024-04-05,tusd,140.0,175.0,211.0,coinmetrics_community
stable_tusd,2024-04-06,tusd,316.0,360.0,399.0,coinmetrics_community
stable_tusd,2024-04-07,tusd,106.0,145.0,186.0,coinmetrics_community
stable_tusd,2024-04-08,tusd,151.0,461.0,588.0,coinmetrics_community
stable_tusd,2024-04-09,tusd,138.0,274.0,348.0,coinmetrics_community
stable_tusd,2024-04-10,tusd,131.0,278.0,367.0,coinmetrics_community
stable_tusd,2024-04-11,tusd,123.0,246.0,305.0,coinmetrics_community
stable_tusd,2024-04-12,tusd,167.0,324.0,437.0,coinmetrics_community
stable_tusd,2024-04-13,tusd,205.0,398.0,512.0,coinmetrics_community
stable_tusd,2024-04-14,tusd,220.0,370.0,520.0,coinmetrics_community
stable_tusd,2024-04-15,tusd,149.0,370.0,487.0,coinmetrics_community
stable_tusd,2024-04-16,tusd,184.0,460.0,594.0,coinmetrics_community
stable_tusd,2024-04-17,tusd,121.0,301.0,375.0,coinmetrics_community
stable_tusd,2024-04-18,tusd,211.0,394.0,479.0,coinmetrics_community
stable_tusd,2024-04-19,tusd,160.0,385.0,498.0,coinmetrics_community
stable_tusd,2024-04-20,tusd,109.0,165.0,222.0,coinmetrics_community
stable_tusd,2024-04-21,tusd,97.0,165.0,225.0,coinmetrics_community
stable_tusd,2024-04-22,tusd,147.0,312.0,399.0,coinmetrics_community
stable_tusd,2024-04-23,tusd,174.0,344.0,438.0,coinmetrics_community
stable_tusd,2024-04-24,tusd,138.0,357.0,462.0,coinmetrics_community
stable_tusd,2024-04-25,tusd,133.0,297.0,384.0,coinmetrics_community
stable_tusd,2024-04-26,tusd,135.0,250.0,355.0,coinmetrics_community
stable_tusd,2024-04-27,tusd,103.0,208.0,280.0,coinmetrics_community
stable_tusd,2024-04-28,tusd,136.0,199.0,262.0,coinmetrics_community
stable_tusd,2024-04-29,tusd,122.0,255.0,312.0,coinmetrics_community
stable_tusd,2024-04-30,tusd,138.0,329.0,445.0,coinmetrics_community
stable_tusd,2024-05-01,tusd,137.0,358.0,460.0,coinmetrics_community
stable_tusd,2024-05-02,tusd,124.0,319.0,411.0,coinmetrics_community
stable_tusd,2024-05-03,tusd,120.0,251.0,320.0,coinmetrics_community
stable_tusd,2024-05-04,tusd,132.0,228.0,290.0,coinmetrics_community
stable_tusd,2024-05-05,tusd,100.0,302.0,341.0,coinmetrics_community
stable_tusd,2024-05-06,tusd,111.0,257.0,299.0,coinmetrics_community
stable_tusd,2024-05-07,tusd,140.0,236.0,290.0,coinmetrics_community
stable_tusd,2024-05-08,tusd,166.0,303.0,401.0,coinmetrics_community
stable_tusd,2024-05-09,tusd,123.0,236.0,288.0,coinmetrics_community
stable_tusd,2024-05-10,tusd,122.0,241.0,290.0,coinmetrics_community
stable_tusd,2024-05-11,tusd,114.0,186.0,231.0,coinmetrics_community
stable_tusd,2024-05-12,tusd,90.0,182.0,200.0,coinmetrics_community
stable_tusd,2024-05-13,tusd,122.0,276.0,332.0,coinmetrics_community
stable_tusd,2024-05-14,tusd,149.0,264.0,332.0,coinmetrics_community
stable_tusd,2024-05-15,tusd,154.0,385.0,538.0,coinmetrics_community
stable_tusd,2024-05-16,tusd,133.0,257.0,321.0,coinmetrics_community
stable_tusd,2024-05-17,tusd,148.0,231.0,296.0,coinmetrics_community
stable_tusd,2024-05-18,tusd,118.0,167.0,218.0,coinmetrics_community
stable_tusd,2024-05-19,tusd,139.0,198.0,258.0,coinmetrics_community
stable_tusd,2024-05-20,tusd,127.0,357.0,437.0,coinmetrics_community
stable_tusd,2024-05-21,tusd,162.0,320.0,452.0,coinmetrics_community
stable_tusd,2024-05-22,tusd,146.0,182.0,319.0,coinmetrics_community
stable_tusd,2024-05-23,tusd,117.0,173.0,312.0,coinmetrics_community
stable_tusd,2024-05-24,tusd,168.0,211.0,295.0,coinmetrics_community
stable_tusd,2024-05-25,tusd,131.0,151.0,203.0,coinmetrics_community
stable_tusd,2024-05-26,tusd,95.0,111.0,190.0,coinmetrics_community
stable_tusd,2024-05-27,tusd,174.0,195.0,293.0,coinmetrics_community
stable_tusd,2024-05-28,tusd,139.0,157.0,242.0,coinmetrics_community
stable_tusd,2024-05-29,tusd,125.0,120.0,177.0,coinmetrics_community
stable_tusd,2024-05-30,tusd,134.0,166.0,230.0,coinmetrics_community
stable_tusd,2024-05-31,tusd,121.0,182.0,268.0,coinmetrics_community
stable_tusd,2024-06-01,tusd,115.0,106.0,164.0,coinmetrics_community
stable_tusd,2024-06-02,tusd,106.0,106.0,151.0,coinmetrics_community
stable_tusd,2024-06-03,tusd,131.0,161.0,212.0,coinmetrics_community
stable_tusd,2024-06-04,tusd,130.0,112.0,143.0,coinmetrics_community
stable_tusd,2024-06-05,tusd,115.0,126.0,181.0,coinmetrics_community
stable_tusd,2024-06-06,tusd,88.0,102.0,128.0,coinmetrics_community
stable_tusd,2024-06-07,tusd,153.0,213.0,301.0,coinmetrics_community
stable_tusd,2024-06-08,tusd,120.0,130.0,184.0,coinmetrics_community
stable_tusd,2024-06-09,tusd,96.0,110.0,172.0,coinmetrics_community
stable_tusd,2024-06-10,tusd,113.0,122.0,168.0,coinmetrics_community
stable_tusd,2024-06-11,tusd,99.0,133.0,190.0,coinmetrics_community
stable_tusd,2024-06-12,tusd,115.0,157.0,200.0,coinmetrics_community
stable_tusd,2024-06-13,tusd,121.0,182.0,253.0,coinmetrics_community
stable_tusd,2024-06-14,tusd,122.0,169.0,277.0,coinmetrics_community
stable_tusd,2024-06-15,tusd,115.0,128.0,162.0,coinmetrics_community
stable_tusd,2024-06-16,tusd,68.0,63.0,122.0,coinmetrics_community
stable_tusd,2024-06-17,tusd,119.0,194.0,254.0,coinmetrics_community
stable_tusd,2024-06-18,tusd,138.0,190.0,262.0,coinmetrics_community
stable_tusd,2024-06-19,tusd,120.0,132.0,192.0,coinmetrics_community
stable_tusd,2024-06-20,tusd,112.0,183.0,262.0,coinmetrics_community
stable_tusd,2024-06-21,tusd,119.0,124.0,183.0,coinmetrics_community
stable_tusd,2024-06-22,tusd,159.0,161.0,247.0,coinmetrics_community
stable_tusd,2024-06-23,tusd,100.0,94.0,129.0,coinmetrics_community
stable_tusd,2024-06-24,tusd,113.0,112.0,162.0,coinmetrics_community
stable_tusd,2024-06-25,tusd,92.0,89.0,134.0,coinmetrics_community
stable_tusd,2024-06-26,tusd,112.0,139.0,216.0,coinmetrics_community
stable_tusd,2024-06-27,tusd,104.0,109.0,146.0,coinmetrics_community
stable_tusd,2024-06-28,tusd,109.0,113.0,167.0,coinmetrics_community
stable_tusd,2024-06-29,tusd,131.0,144.0,226.0,coinmetrics_community
stable_tusd,2024-06-30,tusd,86.0,98.0,120.0,coinmetrics_community
stable_tusd,2024-07-01,tusd,104.0,179.0,219.0,coinmetrics_community
stable_tusd,2024-07-02,tusd,104.0,145.0,200.0,coinmetrics_community
stable_tusd,2024-07-03,tusd,120.0,151.0,195.0,coinmetrics_community
stable_tusd,2024-07-04,tusd,127.0,176.0,232.0,coinmetrics_community
stable_tusd,2024-07-05,tusd,169.0,229.0,330.0,coinmetrics_community
stable_tusd,2024-07-06,tusd,109.0,150.0,229.0,coinmetrics_community
stable_tusd,2024-07-07,tusd,100.0,106.0,169.0,coinmetrics_community
stable_tusd,2024-07-08,tusd,159.0,228.0,273.0,coinmetrics_community
stable_tusd,2024-07-09,tusd,111.0,140.0,193.0,coinmetrics_community
stable_tusd,2024-07-10,tusd,135.0,157.0,215.0,coinmetrics_community
stable_tusd,2024-07-11,tusd,134.0,178.0,246.0,coinmetrics_community
stable_tusd,2024-07-12,tusd,155.0,256.0,347.0,coinmetrics_community
stable_tusd,2024-07-13,tusd,125.0,172.0,244.0,coinmetrics_community
stable_tusd,2024-07-14,tusd,124.0,149.0,195.0,coinmetrics_community
stable_tusd,2024-07-15,tusd,201.0,309.0,366.0,coinmetrics_community
stable_tusd,2024-07-16,tusd,99.0,155.0,193.0,coinmetrics_community
stable_tusd,2024-07-17,tusd,110.0,162.0,218.0,coinmetrics_community
stable_tusd,2024-07-18,tusd,114.0,235.0,287.0,coinmetrics_community
stable_tusd,2024-07-19,tusd,111.0,233.0,288.0,coinmetrics_community
stable_tusd,2024-07-20,tusd,98.0,98.0,132.0,coinmetrics_community
stable_tusd,2024-07-21,tusd,99.0,118.0,149.0,coinmetrics_community
stable_tusd,2024-07-22,tusd,104.0,135.0,180.0,coinmetrics_community
stable_tusd,2024-07-23,tusd,105.0,179.0,248.0,coinmetrics_community
stable_tusd,2024-07-24,tusd,794.0,1033.0,1193.0,coinmetrics_community
stable_tusd,2024-07-25,tusd,103.0,163.0,232.0,coinmetrics_community
stable_tusd,2024-07-26,tusd,114.0,120.0,165.0,coinmetrics_community
stable_tusd,2024-07-27,tusd,123.0,156.0,212.0,coinmetrics_community
stable_tusd,2024-07-28,tusd,108.0,119.0,163.0,coinmetrics_community
stable_tusd,2024-07-29,tusd,119.0,161.0,224.0,coinmetrics_community
stable_tusd,2024-07-30,tusd,117.0,108.0,149.0,coinmetrics_community
stable_tusd,2024-07-31,tusd,116.0,112.0,152.0,coinmetrics_community
stable_tusd,2024-08-01,tusd,95.0,146.0,177.0,coinmetrics_community
stable_tusd,2024-08-02,tusd,109.0,117.0,210.0,coinmetrics_community
stable_tusd,2024-08-03,tusd,113.0,125.0,204.0,coinmetrics_community
stable_tusd,2024-08-04,tusd,1130.0,1142.0,1226.0,coinmetrics_community
stable_tusd,2024-08-05,tusd,1472.0,1613.0,1761.0,coinmetrics_community
stable_tusd,2024-08-06,tusd,1038.0,1017.0,1081.0,coinmetrics_community
stable_tusd,2024-08-07,tusd,735.0,735.0,799.0,coinmetrics_community
stable_tusd,2024-08-08,tusd,290.0,293.0,372.0,coinmetrics_community
stable_tusd,2024-08-09,tusd,128.0,108.0,132.0,coinmetrics_community
stable_tusd,2024-08-10,tusd,118.0,112.0,196.0,coinmetrics_community
stable_tusd,2024-08-11,tusd,93.0,86.0,106.0,coinmetrics_community
stable_tusd,2024-08-12,tusd,111.0,92.0,117.0,coinmetrics_community
stable_tusd,2024-08-13,tusd,90.0,87.0,110.0,coinmetrics_community
stable_tusd,2024-08-14,tusd,2255.0,2242.0,2281.0,coinmetrics_community
stable_tusd,2024-08-15,tusd,614.0,606.0,628.0,coinmetrics_community
stable_tusd,2024-08-16,tusd,295.0,299.0,359.0,coinmetrics_community
stable_tusd,2024-08-17,tusd,111.0,95.0,132.0,coinmetrics_community
stable_tusd,2024-08-18,tusd,117.0,91.0,119.0,coinmetrics_community
stable_tusd,2024-08-19,tusd,102.0,136.0,218.0,coinmetrics_community
stable_tusd,2024-08-20,tusd,143.0,368.0,462.0,coinmetrics_community
stable_tusd,2024-08-21,tusd,140.0,712.0,438.0,coinmetrics_community
stable_tusd,2024-08-22,tusd,89.0,149.0,291.0,coinmetrics_community
stable_tusd,2024-08-23,tusd,93.0,131.0,241.0,coinmetrics_community
stable_tusd,2024-08-24,tusd,126.0,125.0,225.0,coinmetrics_community
stable_tusd,2024-08-25,tusd,97.0,128.0,245.0,coinmetrics_community
stable_tusd,2024-08-26,tusd,96.0,136.0,247.0,coinmetrics_community
stable_tusd,2024-08-27,tusd,104.0,137.0,255.0,coinmetrics_community
stable_tusd,2024-08-28,tusd,121.0,215.0,401.0,coinmetrics_community
stable_tusd,2024-08-29,tusd,151.0,176.0,322.0,coinmetrics_community
stable_tusd,2024-08-30,tusd,133.0,153.0,276.0,coinmetrics_community
stable_tusd,2024-08-31,tusd,125.0,130.0,216.0,coinmetrics_community
stable_tusd,2024-09-01,tusd,120.0,122.0,167.0,coinmetrics_community
stable_tusd,2024-09-02,tusd,119.0,133.0,207.0,coinmetrics_community
stable_tusd,2024-09-03,tusd,130.0,113.0,166.0,coinmetrics_community
stable_tusd,2024-09-04,tusd,194.0,188.0,251.0,coinmetrics_community
stable_tusd,2024-09-05,tusd,121.0,107.0,165.0,coinmetrics_community
stable_tusd,2024-09-06,tusd,123.0,136.0,175.0,coinmetrics_community
stable_tusd,2024-09-07,tusd,109.0,115.0,159.0,coinmetrics_community
stable_tusd,2024-09-08,tusd,91.0,71.0,104.0,coinmetrics_community
stable_tusd,2024-09-09,tusd,164.0,280.0,476.0,coinmetrics_community
stable_tusd,2024-09-10,tusd,112.0,112.0,169.0,coinmetrics_community
stable_tusd,2024-09-11,tusd,104.0,98.0,156.0,coinmetrics_community
stable_tusd,2024-09-12,tusd,90.0,91.0,139.0,coinmetrics_community
stable_tusd,2024-09-13,tusd,144.0,146.0,189.0,coinmetrics_community
stable_tusd,2024-09-14,tusd,113.0,92.0,123.0,coinmetrics_community
stable_tusd,2024-09-15,tusd,96.0,133.0,181.0,coinmetrics_community
stable_tusd,2024-09-16,tusd,110.0,105.0,140.0,coinmetrics_community
stable_tusd,2024-09-17,tusd,82.0,86.0,110.0,coinmetrics_community
stable_tusd,2024-09-18,tusd,109.0,110.0,138.0,coinmetrics_community
stable_tusd,2024-09-19,tusd,135.0,146.0,213.0,coinmetrics_community
stable_tusd,2024-09-20,tusd,122.0,119.0,168.0,coinmetrics_community
stable_tusd,2024-09-21,tusd,102.0,96.0,121.0,coinmetrics_community
stable_tusd,2024-09-22,tusd,160.0,154.0,183.0,coinmetrics_community
stable_tusd,2024-09-23,tusd,91.0,83.0,101.0,coinmetrics_community
stable_tusd,2024-09-24,tusd,102.0,109.0,154.0,coinmetrics_community
stable_tusd,2024-09-25,tusd,136.0,171.0,204.0,coinmetrics_community
stable_tusd,2024-09-26,tusd,116.0,146.0,197.0,coinmetrics_community
stable_tusd,2024-09-27,tusd,106.0,96.0,134.0,coinmetrics_community
stable_tusd,2024-09-28,tusd,97.0,90.0,109.0,coinmetrics_community
stable_tusd,2024-09-29,tusd,119.0,121.0,196.0,coinmetrics_community
stable_tusd,2024-09-30,tusd,102.0,96.0,126.0,coinmetrics_community
stable_tusd,2024-10-01,tusd,104.0,118.0,178.0,coinmetrics_community
stable_tusd,2024-10-02,tusd,111.0,110.0,157.0,coinmetrics_community
stable_tusd,2024-10-03,tusd,138.0,183.0,282.0,coinmetrics_community
stable_tusd,2024-10-04,tusd,93.0,129.0,211.0,coinmetrics_community
stable_tusd,2024-10-05,tusd,108.0,96.0,133.0,coinmetrics_community
stable_tusd,2024-10-06,tusd,82.0,97.0,132.0,coinmetrics_community
stable_tusd,2024-10-07,tusd,85.0,93.0,129.0,coinmetrics_community
stable_tusd,2024-10-08,tusd,82.0,102.0,140.0,coinmetrics_community
stable_tusd,2024-10-09,tusd,92.0,105.0,164.0,coinmetrics_community
stable_tusd,2024-10-10,tusd,72.0,103.0,178.0,coinmetrics_community
stable_tusd,2024-10-11,tusd,68.0,70.0,101.0,coinmetrics_community
stable_tusd,2024-10-12,tusd,74.0,107.0,181.0,coinmetrics_community
stable_tusd,2024-10-13,tusd,56.0,90.0,171.0,coinmetrics_community
stable_tusd,2024-10-14,tusd,90.0,101.0,174.0,coinmetrics_community
stable_tusd,2024-10-15,tusd,96.0,121.0,179.0,coinmetrics_community
stable_tusd,2024-10-16,tusd,173.0,192.0,239.0,coinmetrics_community
stable_tusd,2024-10-17,tusd,107.0,147.0,199.0,coinmetrics_community
stable_tusd,2024-10-18,tusd,78.0,122.0,207.0,coinmetrics_community
stable_tusd,2024-10-19,tusd,86.0,99.0,152.0,coinmetrics_community
stable_tusd,2024-10-20,tusd,71.0,75.0,90.0,coinmetrics_community
stable_tusd,2024-10-21,tusd,103.0,117.0,142.0,coinmetrics_community
stable_tusd,2024-10-22,tusd,97.0,98.0,147.0,coinmetrics_community
stable_tusd,2024-10-23,tusd,110.0,147.0,227.0,coinmetrics_community
stable_tusd,2024-10-24,tusd,113.0,206.0,416.0,coinmetrics_community
stable_tusd,2024-10-25,tusd,133.0,193.0,327.0,coinmetrics_community
stable_tusd,2024-10-26,tusd,116.0,140.0,234.0,coinmetrics_community
stable_tusd,2024-10-27,tusd,100.0,131.0,157.0,coinmetrics_community
stable_tusd,2024-10-28,tusd,208.0,289.0,370.0,coinmetrics_community
stable_tusd,2024-10-29,tusd,122.0,225.0,345.0,coinmetrics_community
stable_tusd,2024-10-30,tusd,161.0,266.0,465.0,coinmetrics_community
stable_tusd,2024-10-31,tusd,133.0,200.0,349.0,coinmetrics_community
stable_tusd,2024-11-01,tusd,142.0,258.0,420.0,coinmetrics_community
stable_tusd,2024-11-02,tusd,99.0,116.0,167.0,coinmetrics_community
stable_tusd,2024-11-03,tusd,141.0,198.0,290.0,coinmetrics_community
stable_tusd,2024-11-04,tusd,144.0,270.0,398.0,coinmetrics_community
stable_tusd,2024-11-05,tusd,135.0,268.0,416.0,coinmetrics_community
stable_tusd,2024-11-06,tusd,153.0,299.0,426.0,coinmetrics_community
stable_tusd,2024-11-07,tusd,138.0,243.0,439.0,coinmetrics_community
stable_tusd,2024-11-08,tusd,161.0,278.0,418.0,coinmetrics_community
stable_tusd,2024-11-09,tusd,103.0,106.0,125.0,coinmetrics_community
stable_tusd,2024-11-10,tusd,99.0,184.0,270.0,coinmetrics_community
stable_tusd,2024-11-11,tusd,137.0,213.0,319.0,coinmetrics_community
stable_tusd,2024-11-12,tusd,191.0,398.0,611.0,coinmetrics_community
stable_tusd,2024-11-13,tusd,201.0,473.0,761.0,coinmetrics_community
stable_tusd,2024-11-14,tusd,169.0,344.0,544.0,coinmetrics_community
stable_tusd,2024-11-15,tusd,129.0,200.0,327.0,coinmetrics_community
stable_tusd,2024-11-16,tusd,128.0,279.0,475.0,coinmetrics_community
stable_tusd,2024-11-17,tusd,102.0,110.0,176.0,coinmetrics_community
stable_tusd,2024-11-18,tusd,136.0,173.0,250.0,coinmetrics_community
stable_tusd,2024-11-19,tusd,128.0,174.0,251.0,coinmetrics_community
stable_tusd,2024-11-20,tusd,139.0,185.0,283.0,coinmetrics_community
stable_tusd,2024-11-21,tusd,164.0,212.0,273.0,coinmetrics_community
stable_tusd,2024-11-22,tusd,413.0,447.0,511.0,coinmetrics_community
stable_tusd,2024-11-23,tusd,135.0,213.0,353.0,coinmetrics_community
stable_tusd,2024-11-24,tusd,131.0,154.0,243.0,coinmetrics_community
stable_tusd,2024-11-25,tusd,139.0,219.0,343.0,coinmetrics_community
stable_tusd,2024-11-26,tusd,197.0,274.0,382.0,coinmetrics_community
stable_tusd,2024-11-27,tusd,116.0,175.0,253.0,coinmetrics_community
stable_tusd,2024-11-28,tusd,99.0,116.0,172.0,coinmetrics_community
stable_tusd,2024-11-29,tusd,110.0,122.0,165.0,coinmetrics_community
stable_tusd,2024-11-30,tusd,93.0,101.0,170.0,coinmetrics_community
stable_tusd,2024-12-01,tusd,142.0,186.0,322.0,coinmetrics_community
stable_tusd,2024-12-02,tusd,143.0,250.0,388.0,coinmetrics_community
stable_tusd,2024-12-03,tusd,204.0,692.0,1171.0,coinmetrics_community
stable_tusd,2024-12-04,tusd,195.0,526.0,888.0,coinmetrics_community
stable_tusd,2024-12-05,tusd,182.0,442.0,644.0,coinmetrics_community
stable_tusd,2024-12-06,tusd,160.0,382.0,614.0,coinmetrics_community
stable_tusd,2024-12-07,tusd,151.0,301.0,523.0,coinmetrics_community
stable_tusd,2024-12-08,tusd,181.0,326.0,502.0,coinmetrics_community
stable_tusd,2024-12-09,tusd,139.0,326.0,538.0,coinmetrics_community
stable_tusd,2024-12-10,tusd,147.0,290.0,498.0,coinmetrics_community
stable_tusd,2024-12-11,tusd,140.0,258.0,404.0,coinmetrics_community
stable_tusd,2024-12-12,tusd,114.0,395.0,643.0,coinmetrics_community
stable_tusd,2024-12-13,tusd,109.0,144.0,214.0,coinmetrics_community
stable_tusd,2024-12-14,tusd,120.0,202.0,296.0,coinmetrics_community
stable_tusd,2024-12-15,tusd,100.0,109.0,178.0,coinmetrics_community
stable_tusd,2024-12-16,tusd,89.0,183.0,314.0,coinmetrics_community
stable_tusd,2024-12-17,tusd,143.0,175.0,247.0,coinmetrics_community
stable_tusd,2024-12-18,tusd,112.0,172.0,247.0,coinmetrics_community
stable_tusd,2024-12-19,tusd,107.0,209.0,349.0,coinmetrics_community
stable_tusd,2024-12-20,tusd,164.0,306.0,467.0,coinmetrics_community
stable_tusd,2024-12-21,tusd,129.0,218.0,305.0,coinmetrics_community
stable_tusd,2024-12-22,tusd,122.0,136.0,192.0,coinmetrics_community
stable_tusd,2024-12-23,tusd,90.0,127.0,200.0,coinmetrics_community
stable_tusd,2024-12-24,tusd,92.0,103.0,183.0,coinmetrics_community
stable_tusd,2024-12-25,tusd,121.0,132.0,224.0,coinmetrics_community
stable_tusd,2024-12-26,tusd,84.0,130.0,227.0,coinmetrics_community
stable_tusd,2024-12-27,tusd,109.0,147.0,248.0,coinmetrics_community
stable_tusd,2024-12-28,tusd,91.0,114.0,199.0,coinmetrics_community
stable_tusd,2024-12-29,tusd,91.0,84.0,121.0,coinmetrics_community
stable_tusd,2024-12-30,tusd,137.0,193.0,306.0,coinmetrics_community
stable_tusd,2024-12-31,tusd,104.0,138.0,228.0,coinmetrics_community
stable_tusd,2025-01-01,tusd,72.0,71.0,116.0,coinmetrics_community
stable_tusd,2025-01-02,tusd,96.0,119.0,175.0,coinmetrics_community
stable_tusd,2025-01-03,tusd,89.0,149.0,217.0,coinmetrics_community
stable_tusd,2025-01-04,tusd,99.0,114.0,180.0,coinmetrics_community
stable_tusd,2025-01-05,tusd,70.0,77.0,130.0,coinmetrics_community
stable_tusd,2025-01-06,tusd,79.0,135.0,215.0,coinmetrics_community
stable_tusd,2025-01-07,tusd,121.0,205.0,360.0,coinmetrics_community
stable_tusd,2025-01-08,tusd,97.0,132.0,213.0,coinmetrics_community
stable_tusd,2025-01-09,tusd,99.0,137.0,247.0,coinmetrics_community
stable_tusd,2025-01-10,tusd,119.0,137.0,208.0,coinmetrics_community
stable_tusd,2025-01-11,tusd,112.0,103.0,144.0,coinmetrics_community
stable_tusd,2025-01-12,tusd,95.0,234.0,441.0,coinmetrics_community
stable_tusd,2025-01-13,tusd,131.0,224.0,337.0,coinmetrics_community
stable_tusd,2025-01-14,tusd,136.0,159.0,205.0,coinmetrics_community
stable_tusd,2025-01-15,tusd,90.0,165.0,255.0,coinmetrics_community
stable_tusd,2025-01-16,tusd,110.0,151.0,246.0,coinmetrics_community
stable_tusd,2025-01-17,tusd,119.0,213.0,375.0,coinmetrics_community
stable_tusd,2025-01-18,tusd,92.0,397.0,855.0,coinmetrics_community
stable_tusd,2025-01-19,tusd,117.0,584.0,1320.0,coinmetrics_community
stable_tusd,2025-01-20,tusd,130.0,442.0,912.0,coinmetrics_community
stable_tusd,2025-01-21,tusd,120.0,223.0,339.0,coinmetrics_community
stable_tusd,2025-01-22,tusd,86.0,168.0,286.0,coinmetrics_community
stable_tusd,2025-01-23,tusd,71.0,163.0,327.0,coinmetrics_community
stable_tusd,2025-01-24,tusd,78.0,119.0,241.0,coinmetrics_community
stable_tusd,2025-01-25,tusd,106.0,128.0,210.0,coinmetrics_community
stable_tusd,2025-01-26,tusd,78.0,110.0,212.0,coinmetrics_community
stable_tusd,2025-01-27,tusd,123.0,275.0,547.0,coinmetrics_community
stable_tusd,2025-01-28,tusd,129.0,162.0,268.0,coinmetrics_community
stable_tusd,2025-01-29,tusd,109.0,105.0,162.0,coinmetrics_community
stable_tusd,2025-01-30,tusd,131.0,173.0,317.0,coinmetrics_community
stable_tusd,2025-01-31,tusd,120.0,167.0,305.0,coinmetrics_community
stable_tusd,2025-02-01,tusd,147.0,320.0,566.0,coinmetrics_community
stable_tusd,2025-02-02,tusd,153.0,359.0,684.0,coinmetrics_community
stable_tusd,2025-02-03,tusd,176.0,471.0,779.0,coinmetrics_community
stable_tusd,2025-02-04,tusd,154.0,261.0,434.0,coinmetrics_community
stable_tusd,2025-02-05,tusd,107.0,162.0,240.0,coinmetrics_community
stable_tusd,2025-02-06,tusd,104.0,145.0,241.0,coinmetrics_community
stable_tusd,2025-02-07,tusd,124.0,199.0,341.0,coinmetrics_community
stable_tusd,2025-02-08,tusd,115.0,133.0,199.0,coinmetrics_community
stable_tusd,2025-02-09,tusd,151.0,168.0,287.0,coinmetrics_community
stable_tusd,2025-02-10,tusd,133.0,151.0,236.0,coinmetrics_community
stable_tusd,2025-02-11,tusd,121.0,129.0,222.0,coinmetrics_community
stable_tusd,2025-02-12,tusd,118.0,137.0,219.0,coinmetrics_community
stable_tusd,2025-02-13,tusd,119.0,172.0,311.0,coinmetrics_community
stable_tusd,2025-02-14,tusd,95.0,112.0,187.0,coinmetrics_community
stable_tusd,2025-02-15,tusd,80.0,97.0,144.0,coinmetrics_community
stable_tusd,2025-02-16,tusd,86.0,127.0,245.0,coinmetrics_community
stable_tusd,2025-02-17,tusd,91.0,112.0,186.0,coinmetrics_community
stable_tusd,2025-02-18,tusd,129.0,143.0,220.0,coinmetrics_community
stable_tusd,2025-02-19,tusd,110.0,134.0,207.0,coinmetrics_community
stable_tusd,2025-02-20,tusd,103.0,153.0,309.0,coinmetrics_community
stable_tusd,2025-02-21,tusd,104.0,165.0,295.0,coinmetrics_community
stable_tusd,2025-02-22,tusd,91.0,97.0,136.0,coinmetrics_community
stable_tusd,2025-02-23,tusd,119.0,109.0,201.0,coinmetrics_community
stable_tusd,2025-02-24,tusd,126.0,206.0,359.0,coinmetrics_community
stable_tusd,2025-02-25,tusd,165.0,310.0,517.0,coinmetrics_community
stable_tusd,2025-02-26,tusd,143.0,225.0,373.0,coinmetrics_community
stable_tusd,2025-02-27,tusd,176.0,220.0,344.0,coinmetrics_community
stable_tusd,2025-02-28,tusd,141.0,417.0,815.0,coinmetrics_community
stable_tusd,2025-03-01,tusd,142.0,174.0,278.0,coinmetrics_community
stable_tusd,2025-03-02,tusd,127.0,219.0,447.0,coinmetrics_community
stable_tusd,2025-03-03,tusd,111.0,347.0,733.0,coinmetrics_community
stable_tusd,2025-03-04,tusd,144.0,275.0,510.0,coinmetrics_community
stable_tusd,2025-03-05,tusd,109.0,188.0,405.0,coinmetrics_community
stable_tusd,2025-03-06,tusd,109.0,147.0,287.0,coinmetrics_community
stable_tusd,2025-03-07,tusd,122.0,150.0,291.0,coinmetrics_community
stable_tusd,2025-03-08,tusd,101.0,120.0,186.0,coinmetrics_community
stable_tusd,2025-03-09,tusd,126.0,161.0,270.0,coinmetrics_community
stable_tusd,2025-03-10,tusd,140.0,234.0,434.0,coinmetrics_community
stable_tusd,2025-03-11,tusd,133.0,219.0,402.0,coinmetrics_community
stable_tusd,2025-03-12,tusd,122.0,170.0,292.0,coinmetrics_community
stable_tusd,2025-03-13,tusd,192.0,214.0,293.0,coinmetrics_community
stable_tusd,2025-03-14,tusd,309.0,303.0,362.0,coinmetrics_community
stable_tusd,2025-03-15,tusd,86.0,81.0,129.0,coinmetrics_community
stable_tusd,2025-03-16,tusd,75.0,110.0,174.0,coinmetrics_community
stable_tusd,2025-03-17,tusd,123.0,158.0,244.0,coinmetrics_community
stable_tusd,2025-03-18,tusd,95.0,124.0,215.0,coinmetrics_community
stable_tusd,2025-03-19,tusd,118.0,146.0,243.0,coinmetrics_community
stable_tusd,2025-03-20,tusd,102.0,112.0,200.0,coinmetrics_community
stable_tusd,2025-03-21,tusd,95.0,156.0,273.0,coinmetrics_community
stable_tusd,2025-03-22,tusd,1184.0,1163.0,1192.0,coinmetrics_community
stable_tusd,2025-03-23,tusd,62.0,67.0,112.0,coinmetrics_community
stable_tusd,2025-03-24,tusd,100.0,133.0,208.0,coinmetrics_community
stable_tusd,2025-03-25,tusd,69.0,67.0,95.0,coinmetrics_community
stable_tusd,2025-03-26,tusd,113.0,135.0,211.0,coinmetrics_community
stable_tusd,2025-03-27,tusd,73.0,80.0,121.0,coinmetrics_community
stable_tusd,2025-03-28,tusd,127.0,135.0,219.0,coinmetrics_community
stable_tusd,2025-03-29,tusd,99.0,114.0,182.0,coinmetrics_community
stable_tusd,2025-03-30,tusd,114.0,120.0,204.0,coinmetrics_community
stable_tusd,2025-03-31,tusd,104.0,139.0,232.0,coinmetrics_community
stable_tusd,2025-04-01,tusd,127.0,188.0,323.0,coinmetrics_community
stable_tusd,2025-04-02,tusd,143.0,217.0,361.0,coinmetrics_community
stable_tusd,2025-04-03,tusd,119.0,185.0,319.0,coinmetrics_community
stable_tusd,2025-04-04,tusd,128.0,146.0,204.0,coinmetrics_community
stable_tusd,2025-04-05,tusd,78.0,97.0,165.0,coinmetrics_community
stable_tusd,2025-04-06,tusd,119.0,162.0,242.0,coinmetrics_community
stable_tusd,2025-04-07,tusd,140.0,204.0,312.0,coinmetrics_community
stable_tusd,2025-04-08,tusd,140.0,197.0,310.0,coinmetrics_community
stable_tusd,2025-04-09,tusd,126.0,214.0,340.0,coinmetrics_community
stable_tusd,2025-04-10,tusd,102.0,145.0,246.0,coinmetrics_community
stable_tusd,2025-04-11,tusd,106.0,141.0,236.0,coinmetrics_community
stable_tusd,2025-04-12,tusd,78.0,115.0,176.0,coinmetrics_community
stable_tusd,2025-04-13,tusd,92.0,125.0,240.0,coinmetrics_community
stable_tusd,2025-04-14,tusd,91.0,105.0,177.0,coinmetrics_community
stable_tusd,2025-04-15,tusd,125.0,109.0,173.0,coinmetrics_community
stable_tusd,2025-04-16,tusd,116.0,151.0,233.0,coinmetrics_community
stable_tusd,2025-04-17,tusd,84.0,90.0,130.0,coinmetrics_community
stable_tusd,2025-04-18,tusd,64.0,92.0,179.0,coinmetrics_community
stable_tusd,2025-04-19,tusd,82.0,96.0,192.0,coinmetrics_community
stable_tusd,2025-04-20,tusd,72.0,63.0,116.0,coinmetrics_community
stable_tusd,2025-04-21,tusd,98.0,122.0,205.0,coinmetrics_community
stable_tusd,2025-04-22,tusd,114.0,156.0,314.0,coinmetrics_community
stable_tusd,2025-04-23,tusd,87.0,102.0,174.0,coinmetrics_community
stable_tusd,2025-04-24,tusd,102.0,118.0,201.0,coinmetrics_community
stable_tusd,2025-04-25,tusd,75.0,88.0,134.0,coinmetrics_community
stable_tusd,2025-04-26,tusd,88.0,105.0,181.0,coinmetrics_community
stable_tusd,2025-04-27,tusd,94.0,87.0,161.0,coinmetrics_community
stable_tusd,2025-04-28,tusd,89.0,95.0,156.0,coinmetrics_community
stable_tusd,2025-04-29,tusd,102.0,146.0,219.0,coinmetrics_community
stable_tusd,2025-04-30,tusd,69.0,65.0,96.0,coinmetrics_community
stable_tusd,2025-05-01,tusd,103.0,106.0,169.0,coinmetrics_community
stable_tusd,2025-05-02,tusd,97.0,100.0,135.0,coinmetrics_community
stable_tusd,2025-05-03,tusd,60.0,94.0,121.0,coinmetrics_community
stable_tusd,2025-05-04,tusd,74.0,92.0,141.0,coinmetrics_community
stable_tusd,2025-05-05,tusd,88.0,97.0,184.0,coinmetrics_community
stable_tusd,2025-05-06,tusd,60.0,55.0,85.0,coinmetrics_community
stable_tusd,2025-05-07,tusd,101.0,96.0,145.0,coinmetrics_community
stable_tusd,2025-05-08,tusd,127.0,217.0,305.0,coinmetrics_community
stable_tusd,2025-05-09,tusd,111.0,174.0,289.0,coinmetrics_community
stable_tusd,2025-05-10,tusd,81.0,116.0,182.0,coinmetrics_community
stable_tusd,2025-05-11,tusd,108.0,129.0,216.0,coinmetrics_community
stable_tusd,2025-05-12,tusd,110.0,184.0,301.0,coinmetrics_community
stable_tusd,2025-05-13,tusd,64.0,77.0,119.0,coinmetrics_community
stable_tusd,2025-05-14,tusd,58.0,47.0,64.0,coinmetrics_community
stable_tusd,2025-05-15,tusd,75.0,56.0,117.0,coinmetrics_community
stable_tusd,2025-05-16,tusd,60.0,48.0,73.0,coinmetrics_community
stable_tusd,2025-05-17,tusd,43.0,32.0,45.0,coinmetrics_community
stable_tusd,2025-05-18,tusd,51.0,57.0,93.0,coinmetrics_community
stable_tusd,2025-05-19,tusd,48.0,51.0,67.0,coinmetrics_community
stable_tusd,2025-05-20,tusd,54.0,42.0,56.0,coinmetrics_community
stable_tusd,2025-05-21,tusd,53.0,55.0,72.0,coinmetrics_community
stable_tusd,2025-05-22,tusd,65.0,88.0,105.0,coinmetrics_community
stable_tusd,2025-05-23,tusd,65.0,60.0,79.0,coinmetrics_community
stable_tusd,2025-05-24,tusd,33.0,23.0,28.0,coinmetrics_community
stable_tusd,2025-05-25,tusd,67.0,85.0,149.0,coinmetrics_community
stable_tusd,2025-05-26,tusd,52.0,50.0,69.0,coinmetrics_community
stable_tusd,2025-05-27,tusd,62.0,48.0,91.0,coinmetrics_community
stable_tusd,2025-05-28,tusd,74.0,63.0,72.0,coinmetrics_community
stable_tusd,2025-05-29,tusd,62.0,55.0,59.0,coinmetrics_community
stable_tusd,2025-05-30,tusd,103.0,84.0,87.0,coinmetrics_community
stable_tusd,2025-05-31,tusd,42.0,27.0,40.0,coinmetrics_community
stable_tusd,2025-06-01,tusd,35.0,25.0,33.0,coinmetrics_community
stable_tusd,2025-06-02,tusd,50.0,51.0,83.0,coinmetrics_community
stable_tusd,2025-06-03,tusd,34.0,21.0,26.0,coinmetrics_community
stable_tusd,2025-06-04,tusd,48.0,38.0,50.0,coinmetrics_community
stable_tusd,2025-06-05,tusd,33.0,20.0,26.0,coinmetrics_community
stable_tusd,2025-06-06,tusd,61.0,43.0,58.0,coinmetrics_community
stable_tusd,2025-06-07,tusd,34.0,22.0,34.0,coinmetrics_community
stable_tusd,2025-06-08,tusd,47.0,60.0,59.0,coinmetrics_community
stable_tusd,2025-06-09,tusd,46.0,59.0,68.0,coinmetrics_community
stable_tusd,2025-06-10,tusd,66.0,64.0,76.0,coinmetrics_community
stable_tusd,2025-06-11,tusd,71.0,105.0,137.0,coinmetrics_community
stable_tusd,2025-06-12,tusd,77.0,60.0,84.0,coinmetrics_community
stable_tusd,2025-06-13,tusd,102.0,162.0,247.0,coinmetrics_community
stable_tusd,2025-06-14,tusd,45.0,51.0,63.0,coinmetrics_community
stable_tusd,2025-06-15,tusd,54.0,50.0,74.0,coinmetrics_community
stable_tusd,2025-06-16,tusd,50.0,43.0,61.0,coinmetrics_community
stable_tusd,2025-06-17,tusd,65.0,58.0,66.0,coinmetrics_community
stable_tusd,2025-06-18,tusd,73.0,79.0,154.0,coinmetrics_community
stable_tusd,2025-06-19,tusd,56.0,63.0,99.0,coinmetrics_community
stable_tusd,2025-06-20,tusd,55.0,114.0,188.0,coinmetrics_community
stable_tusd,2025-06-21,tusd,47.0,59.0,89.0,coinmetrics_community
stable_tusd,2025-06-22,tusd,95.0,232.0,386.0,coinmetrics_community
stable_tusd,2025-06-23,tusd,55.0,63.0,78.0,coinmetrics_community
stable_tusd,2025-06-24,tusd,75.0,82.0,155.0,coinmetrics_community
stable_tusd,2025-06-25,tusd,78.0,93.0,161.0,coinmetrics_community
stable_tusd,2025-06-26,tusd,88.0,108.0,162.0,coinmetrics_community
stable_tusd,2025-06-27,tusd,103.0,135.0,177.0,coinmetrics_community
stable_tusd,2025-06-28,tusd,87.0,116.0,179.0,coinmetrics_community
stable_tusd,2025-06-29,tusd,74.0,89.0,127.0,coinmetrics_community
stable_tusd,2025-06-30,tusd,112.0,133.0,190.0,coinmetrics_community
stable_tusd,2025-07-01,tusd,115.0,205.0,369.0,coinmetrics_community
stable_tusd,2025-07-02,tusd,106.0,183.0,328.0,coinmetrics_community
stable_tusd,2025-07-03,tusd,93.0,201.0,386.0,coinmetrics_community
stable_tusd,2025-07-04,tusd,82.0,145.0,284.0,coinmetrics_community
stable_tusd,2025-07-05,tusd,71.0,109.0,206.0,coinmetrics_community
stable_tusd,2025-07-06,tusd,60.0,84.0,140.0,coinmetrics_community
stable_tusd,2025-07-07,tusd,69.0,91.0,166.0,coinmetrics_community
stable_tusd,2025-07-08,tusd,75.0,95.0,162.0,coinmetrics_community
stable_tusd,2025-07-09,tusd,70.0,89.0,126.0,coinmetrics_community
stable_tusd,2025-07-10,tusd,78.0,89.0,155.0,coinmetrics_community
stable_tusd,2025-07-11,tusd,83.0,127.0,184.0,coinmetrics_community
stable_tusd,2025-07-12,tusd,81.0,114.0,187.0,coinmetrics_community
stable_tusd,2025-07-13,tusd,121.0,119.0,167.0,coinmetrics_community
stable_tusd,2025-07-14,tusd,76.0,102.0,195.0,coinmetrics_community
stable_tusd,2025-07-15,tusd,87.0,126.0,233.0,coinmetrics_community
stable_tusd,2025-07-16,tusd,82.0,96.0,169.0,coinmetrics_community
stable_tusd,2025-07-17,tusd,104.0,227.0,423.0,coinmetrics_community
stable_tusd,2025-07-18,tusd,105.0,144.0,230.0,coinmetrics_community
stable_tusd,2025-07-19,tusd,101.0,104.0,200.0,coinmetrics_community
stable_tusd,2025-07-20,tusd,68.0,94.0,173.0,coinmetrics_community
stable_tusd,2025-07-21,tusd,88.0,151.0,300.0,coinmetrics_community
stable_tusd,2025-07-22,tusd,120.0,437.0,996.0,coinmetrics_community
stable_tusd,2025-07-23,tusd,89.0,175.0,301.0,coinmetrics_community
stable_tusd,2025-07-24,tusd,91.0,139.0,240.0,coinmetrics_community
stable_tusd,2025-07-25,tusd,99.0,129.0,220.0,coinmetrics_community
stable_tusd,2025-07-26,tusd,102.0,125.0,251.0,coinmetrics_community
stable_tusd,2025-07-27,tusd,111.0,100.0,188.0,coinmetrics_community
stable_tusd,2025-07-28,tusd,110.0,113.0,201.0,coinmetrics_community
stable_tusd,2025-07-29,tusd,125.0,194.0,330.0,coinmetrics_community
stable_tusd,2025-07-30,tusd,102.0,205.0,311.0,coinmetrics_community
stable_tusd,2025-07-31,tusd,63.0,104.0,181.0,coinmetrics_community
stable_tusd,2025-08-01,tusd,118.0,176.0,257.0,coinmetrics_community
stable_tusd,2025-08-02,tusd,105.0,151.0,215.0,coinmetrics_community
stable_tusd,2025-08-03,tusd,65.0,71.0,114.0,coinmetrics_community
stable_tusd,2025-08-04,tusd,103.0,110.0,175.0,coinmetrics_community
stable_tusd,2025-08-05,tusd,120.0,116.0,189.0,coinmetrics_community
stable_tusd,2025-08-06,tusd,78.0,94.0,168.0,coinmetrics_community
stable_tusd,2025-08-07,tusd,94.0,113.0,196.0,coinmetrics_community
stable_tusd,2025-08-08,tusd,130.0,167.0,263.0,coinmetrics_community
stable_tusd,2025-08-09,tusd,107.0,125.0,211.0,coinmetrics_community
stable_tusd,2025-08-10,tusd,83.0,90.0,160.0,coinmetrics_community
stable_tusd,2025-08-11,tusd,95.0,103.0,157.0,coinmetrics_community
stable_tusd,2025-08-12,tusd,84.0,102.0,155.0,coinmetrics_community
stable_tusd,2025-08-13,tusd,97.0,141.0,230.0,coinmetrics_community
stable_tusd,2025-08-14,tusd,134.0,237.0,403.0,coinmetrics_community
stable_tusd,2025-08-15,tusd,85.0,103.0,164.0,coinmetrics_community
stable_tusd,2025-08-16,tusd,64.0,50.0,101.0,coinmetrics_community
stable_tusd,2025-08-17,tusd,78.0,70.0,124.0,coinmetrics_community
stable_tusd,2025-08-18,tusd,87.0,111.0,186.0,coinmetrics_community
stable_tusd,2025-08-19,tusd,85.0,104.0,165.0,coinmetrics_community
stable_tusd,2025-08-20,tusd,98.0,120.0,187.0,coinmetrics_community
stable_tusd,2025-08-21,tusd,72.0,80.0,133.0,coinmetrics_community
stable_tusd,2025-08-22,tusd,90.0,117.0,178.0,coinmetrics_community
stable_tusd,2025-08-23,tusd,91.0,113.0,210.0,coinmetrics_community
stable_tusd,2025-08-24,tusd,80.0,138.0,285.0,coinmetrics_community
stable_tusd,2025-08-25,tusd,108.0,186.0,344.0,coinmetrics_community
stable_tusd,2025-08-26,tusd,120.0,142.0,233.0,coinmetrics_community
stable_tusd,2025-08-27,tusd,90.0,148.0,279.0,coinmetrics_community
stable_tusd,2025-08-28,tusd,89.0,162.0,338.0,coinmetrics_community
stable_tusd,2025-08-29,tusd,185.0,369.0,535.0,coinmetrics_community
stable_tusd,2025-08-30,tusd,83.0,114.0,224.0,coinmetrics_community
stable_tusd,2025-08-31,tusd,110.0,159.0,268.0,coinmetrics_community
stable_tusd,2025-09-01,tusd,98.0,139.0,230.0,coinmetrics_community
stable_tusd,2025-09-02,tusd,85.0,96.0,163.0,coinmetrics_community
stable_tusd,2025-09-03,tusd,76.0,75.0,130.0,coinmetrics_community
stable_tusd,2025-09-04,tusd,90.0,109.0,203.0,coinmetrics_community
stable_tusd,2025-09-05,tusd,71.0,110.0,194.0,coinmetrics_community
stable_tusd,2025-09-06,tusd,84.0,137.0,232.0,coinmetrics_community
stable_tusd,2025-09-07,tusd,104.0,137.0,214.0,coinmetrics_community
stable_tusd,2025-09-08,tusd,86.0,86.0,137.0,coinmetrics_community
stable_tusd,2025-09-09,tusd,75.0,114.0,208.0,coinmetrics_community
stable_tusd,2025-09-10,tusd,72.0,82.0,139.0,coinmetrics_community
stable_tusd,2025-09-11,tusd,87.0,106.0,162.0,coinmetrics_community
stable_tusd,2025-09-12,tusd,70.0,95.0,160.0,coinmetrics_community
stable_tusd,2025-09-13,tusd,100.0,92.0,168.0,coinmetrics_community
stable_tusd,2025-09-14,tusd,52.0,54.0,118.0,coinmetrics_community
stable_tusd,2025-09-15,tusd,78.0,79.0,139.0,coinmetrics_community
stable_tusd,2025-09-16,tusd,83.0,85.0,148.0,coinmetrics_community
stable_tusd,2025-09-17,tusd,83.0,147.0,240.0,coinmetrics_community
stable_tusd,2025-09-18,tusd,94.0,139.0,243.0,coinmetrics_community
stable_tusd,2025-09-19,tusd,112.0,141.0,233.0,coinmetrics_community
stable_tusd,2025-09-20,tusd,86.0,98.0,152.0,coinmetrics_community
stable_tusd,2025-09-21,tusd,73.0,108.0,172.0,coinmetrics_community
stable_tusd,2025-09-22,tusd,108.0,164.0,271.0,coinmetrics_community
stable_tusd,2025-09-23,tusd,103.0,145.0,266.0,coinmetrics_community
stable_tusd,2025-09-24,tusd,216.0,256.0,419.0,coinmetrics_community
stable_tusd,2025-09-25,tusd,101.0,185.0,339.0,coinmetrics_community
stable_tusd,2025-09-26,tusd,101.0,125.0,278.0,coinmetrics_community
stable_tusd,2025-09-27,tusd,62.0,53.0,107.0,coinmetrics_community
stable_tusd,2025-09-28,tusd,108.0,118.0,201.0,coinmetrics_community
stable_tusd,2025-09-29,tusd,86.0,113.0,230.0,coinmetrics_community
stable_tusd,2025-09-30,tusd,85.0,117.0,214.0,coinmetrics_community
stable_tusd,2025-10-01,tusd,105.0,115.0,217.0,coinmetrics_community
stable_tusd,2025-10-02,tusd,63.0,98.0,182.0,coinmetrics_community
stable_tusd,2025-10-03,tusd,85.0,116.0,197.0,coinmetrics_community
stable_tusd,2025-10-04,tusd,87.0,100.0,192.0,coinmetrics_community
stable_tusd,2025-10-05,tusd,85.0,106.0,202.0,coinmetrics_community
stable_tusd,2025-10-06,tusd,90.0,108.0,184.0,coinmetrics_community
stable_tusd,2025-10-07,tusd,83.0,125.0,224.0,coinmetrics_community
stable_tusd,2025-10-08,tusd,90.0,89.0,188.0,coinmetrics_community
stable_tusd,2025-10-09,tusd,104.0,135.0,246.0,coinmetrics_community
stable_tusd,2025-10-10,tusd,123.0,210.0,390.0,coinmetrics_community
stable_tusd,2025-10-11,tusd,115.0,178.0,300.0,coinmetrics_community
stable_tusd,2025-10-12,tusd,93.0,139.0,236.0,coinmetrics_community
stable_tusd,2025-10-13,tusd,124.0,133.0,238.0,coinmetrics_community
stable_tusd,2025-10-14,tusd,99.0,187.0,362.0,coinmetrics_community
stable_tusd,2025-10-15,tusd,105.0,119.0,223.0,coinmetrics_community
stable_tusd,2025-10-16,tusd,98.0,171.0,318.0,coinmetrics_community
stable_tusd,2025-10-17,tusd,97.0,160.0,281.0,coinmetrics_community
stable_tusd,2025-10-18,tusd,77.0,95.0,155.0,coinmetrics_community
stable_tusd,2025-10-19,tusd,89.0,180.0,426.0,coinmetrics_community
stable_tusd,2025-10-20,tusd,92.0,149.0,301.0,coinmetrics_community
stable_tusd,2025-10-21,tusd,110.0,350.0,847.0,coinmetrics_community
stable_tusd,2025-10-22,tusd,107.0,216.0,454.0,coinmetrics_community
stable_tusd,2025-10-23,tusd,93.0,126.0,203.0,coinmetrics_community
stable_tusd,2025-10-24,tusd,105.0,156.0,274.0,coinmetrics_community
stable_tusd,2025-10-25,tusd,83.0,104.0,188.0,coinmetrics_community
stable_tusd,2025-10-26,tusd,85.0,111.0,228.0,coinmetrics_community
stable_tusd,2025-10-27,tusd,79.0,119.0,180.0,coinmetrics_community
stable_tusd,2025-10-28,tusd,91.0,139.0,247.0,coinmetrics_community
stable_tusd,2025-10-29,tusd,49.0,54.0,91.0,coinmetrics_community
stable_tusd,2025-10-30,tusd,95.0,143.0,212.0,coinmetrics_community
stable_tusd,2025-10-31,tusd,96.0,119.0,182.0,coinmetrics_community
stable_tusd,2025-11-01,tusd,82.0,79.0,106.0,coinmetrics_community
stable_tusd,2025-11-02,tusd,102.0,104.0,171.0,coinmetrics_community
stable_tusd,2025-11-03,tusd,99.0,148.0,260.0,coinmetrics_community
stable_tusd,2025-11-04,tusd,125.0,179.0,260.0,coinmetrics_community
stable_tusd,2025-11-05,tusd,95.0,103.0,160.0,coinmetrics_community
stable_tusd,2025-11-06,tusd,83.0,98.0,157.0,coinmetrics_community
stable_tusd,2025-11-07,tusd,110.0,116.0,169.0,coinmetrics_community
stable_tusd,2025-11-08,tusd,78.0,77.0,121.0,coinmetrics_community
stable_tusd,2025-11-09,tusd,69.0,107.0,166.0,coinmetrics_community
stable_tusd,2025-11-10,tusd,95.0,110.0,182.0,coinmetrics_community
stable_tusd,2025-11-11,tusd,87.0,118.0,167.0,coinmetrics_community
stable_tusd,2025-11-12,tusd,95.0,105.0,165.0,coinmetrics_community
stable_tusd,2025-11-13,tusd,95.0,144.0,218.0,coinmetrics_community
stable_tusd,2025-11-14,tusd,108.0,159.0,247.0,coinmetrics_community
stable_tusd,2025-11-15,tusd,89.0,101.0,148.0,coinmetrics_community
stable_tusd,2025-11-16,tusd,117.0,175.0,262.0,coinmetrics_community
stable_tusd,2025-11-17,tusd,94.0,198.0,326.0,coinmetrics_community
stable_tusd,2025-11-18,tusd,88.0,135.0,233.0,coinmetrics_community
stable_tusd,2025-11-19,tusd,135.0,253.0,425.0,coinmetrics_community
stable_tusd,2025-11-20,tusd,138.0,156.0,229.0,coinmetrics_community
stable_tusd,2025-11-21,tusd,140.0,215.0,303.0,coinmetrics_community
stable_tusd,2025-11-22,tusd,83.0,126.0,179.0,coinmetrics_community
stable_tusd,2025-11-23,tusd,72.0,115.0,165.0,coinmetrics_community
stable_tusd,2025-11-24,tusd,87.0,127.0,166.0,coinmetrics_community
stable_tusd,2025-11-25,tusd,79.0,124.0,197.0,coinmetrics_community
stable_tusd,2025-11-26,tusd,137.0,171.0,272.0,coinmetrics_community
stable_tusd,2025-11-27,tusd,103.0,128.0,190.0,coinmetrics_community
stable_tusd,2025-11-28,tusd,124.0,432.0,739.0,coinmetrics_community
stable_tusd,2025-11-29,tusd,83.0,170.0,263.0,coinmetrics_community
stable_tusd,2025-11-30,tusd,282336.0,3411.0,282472.0,coinmetrics_community
stable_tusd,2025-12-01,tusd,16467.0,365.0,16592.0,coinmetrics_community
stable_tusd,2025-12-02,tusd,100.0,132.0,193.0,coinmetrics_community
stable_tusd,2025-12-03,tusd,139.0,374.0,523.0,coinmetrics_community
stable_tusd,2025-12-04,tusd,111.0,150.0,214.0,coinmetrics_community
stable_tusd,2025-12-05,tusd,124.0,216.0,333.0,coinmetrics_community
stable_tusd,2025-12-06,tusd,63.0,64.0,102.0,coinmetrics_community
stable_tusd,2025-12-07,tusd,89.0,95.0,157.0,coinmetrics_community
stable_tusd,2025-12-08,tusd,73.0,85.0,118.0,coinmetrics_community
stable_tusd,2025-12-09,tusd,99.0,113.0,173.0,coinmetrics_community
stable_tusd,2025-12-10,tusd,99.0,145.0,207.0,coinmetrics_community
stable_tusd,2025-12-11,tusd,108.0,134.0,223.0,coinmetrics_community
stable_tusd,2025-12-12,tusd,94.0,134.0,201.0,coinmetrics_community
stable_tusd,2025-12-13,tusd,76.0,81.0,119.0,coinmetrics_community
stable_tusd,2025-12-14,tusd,84.0,95.0,151.0,coinmetrics_community
stable_tusd,2025-12-15,tusd,113.0,184.0,271.0,coinmetrics_community
stable_tusd,2025-12-16,tusd,135.0,273.0,533.0,coinmetrics_community
stable_tusd,2025-12-17,tusd,128.0,254.0,403.0,coinmetrics_community
stable_tusd,2025-12-18,tusd,103.0,153.0,255.0,coinmetrics_community
stable_tusd,2025-12-19,tusd,83.0,111.0,157.0,coinmetrics_community
stable_tusd,2025-12-20,tusd,64.0,49.0,73.0,coinmetrics_community
stable_tusd,2025-12-21,tusd,68.0,106.0,158.0,coinmetrics_community
stable_tusd,2025-12-22,tusd,130.0,176.0,296.0,coinmetrics_community
stable_tusd,2025-12-23,tusd,110.0,195.0,267.0,coinmetrics_community
stable_tusd,2025-12-24,tusd,72.0,109.0,169.0,coinmetrics_community
stable_tusd,2025-12-25,tusd,85.0,80.0,112.0,coinmetrics_community
stable_tusd,2025-12-26,tusd,91.0,106.0,190.0,coinmetrics_community
stable_tusd,2025-12-27,tusd,79.0,92.0,137.0,coinmetrics_community
stable_tusd,2025-12-28,tusd,65.0,54.0,88.0,coinmetrics_community
stable_tusd,2025-12-29,tusd,107.0,123.0,194.0,coinmetrics_community
stable_tusd,2025-12-30,tusd,124.0,256.0,415.0,coinmetrics_community
stable_tusd,2025-12-31,tusd,89.0,85.0,122.0,coinmetrics_community
stable_tusd,2026-01-01,tusd,68.0,63.0,99.0,coinmetrics_community
stable_tusd,2026-01-02,tusd,66.0,107.0,154.0,coinmetrics_community
stable_tusd,2026-01-03,tusd,98.0,117.0,194.0,coinmetrics_community
stable_tusd,2026-01-04,tusd,66.0,54.0,80.0,coinmetrics_community
stable_tusd,2026-01-05,tusd,78.0,112.0,175.0,coinmetrics_community
stable_tusd,2026-01-06,tusd,60.0,78.0,109.0,coinmetrics_community
stable_tusd,2026-01-07,tusd,86.0,100.0,129.0,coinmetrics_community
stable_tusd,2026-01-08,tusd,104.0,117.0,193.0,coinmetrics_community
stable_tusd,2026-01-09,tusd,91.0,148.0,257.0,coinmetrics_community
stable_tusd,2026-01-10,tusd,67.0,59.0,87.0,coinmetrics_community
stable_tusd,2026-01-11,tusd,57.0,65.0,101.0,coinmetrics_community
stable_tusd,2026-01-12,tusd,63.0,80.0,129.0,coinmetrics_community
stable_tusd,2026-01-13,tusd,89.0,125.0,194.0,coinmetrics_community
stable_tusd,2026-01-14,tusd,93.0,88.0,149.0,coinmetrics_community
stable_tusd,2026-01-15,tusd,92.0,121.0,242.0,coinmetrics_community
stable_tusd,2026-01-16,tusd,86.0,77.0,133.0,coinmetrics_community
stable_tusd,2026-01-17,tusd,80.0,81.0,150.0,coinmetrics_community
stable_tusd,2026-01-18,tusd,79.0,98.0,160.0,coinmetrics_community
stable_tusd,2026-01-19,tusd,91.0,139.0,249.0,coinmetrics_community
stable_tusd,2026-01-20,tusd,86.0,128.0,224.0,coinmetrics_community
stable_tusd,2026-01-21,tusd,95.0,131.0,202.0,coinmetrics_community
stable_tusd,2026-01-22,tusd,100.0,110.0,177.0,coinmetrics_community
stable_tusd,2026-01-23,tusd,116.0,182.0,271.0,coinmetrics_community
stable_tusd,2026-01-24,tusd,95.0,103.0,138.0,coinmetrics_community
stable_tusd,2026-01-25,tusd,76.0,83.0,138.0,coinmetrics_community
stable_tusd,2026-01-26,tusd,86.0,125.0,199.0,coinmetrics_community
stable_tusd,2026-01-27,tusd,87.0,91.0,140.0,coinmetrics_community
stable_tusd,2026-01-28,tusd,92.0,78.0,128.0,coinmetrics_community
stable_tusd,2026-01-29,tusd,93.0,93.0,160.0,coinmetrics_community
stable_tusd,2026-01-30,tusd,74.0,116.0,182.0,coinmetrics_community
stable_tusd,2026-01-31,tusd,110.0,153.0,257.0,coinmetrics_community
stable_tusd,2026-02-01,tusd,125.0,248.0,457.0,coinmetrics_community
stable_tusd,2026-02-02,tusd,115.0,176.0,291.0,coinmetrics_community
stable_tusd,2026-02-03,tusd,105.0,156.0,279.0,coinmetrics_community
stable_tusd,2026-02-04,tusd,103.0,124.0,231.0,coinmetrics_community
stable_tusd,2026-02-05,tusd,107.0,190.0,333.0,coinmetrics_community
stable_tusd,2026-02-06,tusd,130.0,194.0,342.0,coinmetrics_community
stable_tusd,2026-02-07,tusd,97.0,145.0,253.0,coinmetrics_community
stable_tusd,2026-02-08,tusd,58.0,95.0,163.0,coinmetrics_community
stable_tusd,2026-02-09,tusd,93.0,141.0,248.0,coinmetrics_community
stable_tusd,2026-02-10,tusd,91.0,113.0,210.0,coinmetrics_community
stable_tusd,2026-02-11,tusd,89.0,136.0,221.0,coinmetrics_community
stable_tusd,2026-02-12,tusd,93.0,110.0,188.0,coinmetrics_community
stable_tusd,2026-02-13,tusd,67.0,88.0,151.0,coinmetrics_community
stable_tusd,2026-02-14,tusd,66.0,63.0,114.0,coinmetrics_community
stable_tusd,2026-02-15,tusd,83.0,139.0,222.0,coinmetrics_community
stable_tusd,2026-02-16,tusd,86.0,127.0,204.0,coinmetrics_community
stable_tusd,2026-02-17,tusd,101.0,118.0,201.0,coinmetrics_community
stable_tusd,2026-02-18,tusd,102.0,137.0,215.0,coinmetrics_community
stable_tusd,2026-02-19,tusd,115.0,128.0,187.0,coinmetrics_community
stable_tusd,2026-02-20,tusd,98.0,131.0,222.0,coinmetrics_community
stable_tusd,2026-02-21,tusd,84.0,73.0,126.0,coinmetrics_community
stable_tusd,2026-02-22,tusd,69.0,60.0,114.0,coinmetrics_community
stable_tusd,2026-02-23,tusd,97.0,138.0,250.0,coinmetrics_community
stable_tusd,2026-02-24,tusd,81.0,84.0,164.0,coinmetrics_community
stable_tusd,2026-02-25,tusd,80.0,142.0,259.0,coinmetrics_community
stable_tusd,2026-02-26,tusd,108.0,142.0,317.0,coinmetrics_community
stable_tusd,2026-02-27,tusd,105.0,130.0,240.0,coinmetrics_community
stable_tusd,2026-02-28,tusd,135.0,184.0,337.0,coinmetrics_community
stable_tusd,2026-03-01,tusd,107.0,171.0,293.0,coinmetrics_community
stable_tusd,2026-03-02,tusd,113.0,211.0,371.0,coinmetrics_community
stable_tusd,2026-03-03,tusd,82.0,107.0,198.0,coinmetrics_community
stable_tusd,2026-03-04,tusd,262.0,325.0,476.0,coinmetrics_community
stable_tusd,2026-03-05,tusd,87.0,139.0,263.0,coinmetrics_community
stable_tusd,2026-03-06,tusd,88.0,83.0,171.0,coinmetrics_community
stable_tusd,2026-03-07,tusd,68.0,69.0,115.0,coinmetrics_community
stable_tusd,2026-03-08,tusd,85.0,108.0,182.0,coinmetrics_community
stable_tusd,2026-03-09,tusd,77.0,112.0,203.0,coinmetrics_community
stable_tusd,2026-03-10,tusd,73.0,82.0,155.0,coinmetrics_community
stable_tusd,2026-03-11,tusd,92.0,105.0,153.0,coinmetrics_community
stable_tusd,2026-03-12,tusd,98.0,107.0,180.0,coinmetrics_community
stable_tusd,2026-03-13,tusd,76.0,112.0,176.0,coinmetrics_community
stable_tusd,2026-03-14,tusd,92.0,80.0,141.0,coinmetrics_community
stable_tusd,2026-03-15,tusd,81.0,92.0,156.0,coinmetrics_community
stable_tusd,2026-03-16,tusd,129.0,146.0,262.0,coinmetrics_community
stable_tusd,2026-03-17,tusd,97.0,96.0,187.0,coinmetrics_community
stable_tusd,2026-03-18,tusd,85.0,103.0,172.0,coinmetrics_community
stable_tusd,2026-03-19,tusd,113.0,118.0,208.0,coinmetrics_community
stable_tusd,2026-03-20,tusd,80.0,81.0,143.0,coinmetrics_community
stable_tusd,2026-03-21,tusd,58.0,57.0,88.0,coinmetrics_community
stable_tusd,2026-03-22,tusd,83.0,126.0,218.0,coinmetrics_community
stable_tusd,2026-03-23,tusd,89.0,117.0,205.0,coinmetrics_community
stable_tusd,2026-03-24,tusd,68.0,78.0,143.0,coinmetrics_community
stable_tusd,2026-03-25,tusd,67.0,74.0,116.0,coinmetrics_community
stable_tusd,2026-03-26,tusd,74.0,102.0,177.0,coinmetrics_community
stable_tusd,2026-03-27,tusd,78.0,99.0,163.0,coinmetrics_community
stable_tusd,2026-03-28,tusd,64.0,65.0,105.0,coinmetrics_community
stable_tusd,2026-03-29,tusd,54.0,55.0,88.0,coinmetrics_community
stable_tusd,2026-03-30,tusd,95.0,112.0,205.0,coinmetrics_community
stable_tusd,2026-03-31,tusd,92.0,100.0,192.0,coinmetrics_community
stable_tusd,2026-04-01,tusd,82.0,77.0,165.0,coinmetrics_community
stable_tusd,2026-04-02,tusd,102.0,116.0,181.0,coinmetrics_community
stable_tusd,2026-04-03,tusd,113.0,147.0,215.0,coinmetrics_community
stable_tusd,2026-04-04,tusd,72.0,53.0,83.0,coinmetrics_community
stable_tusd,2026-04-05,tusd,63.0,58.0,107.0,coinmetrics_community
stable_tusd,2026-04-06,tusd,61.0,61.0,110.0,coinmetrics_community
stable_tusd,2026-04-07,tusd,84.0,94.0,161.0,coinmetrics_community
stable_tusd,2026-04-08,tusd,84.0,78.0,113.0,coinmetrics_community
stable_tusd,2026-04-09,tusd,77.0,75.0,116.0,coinmetrics_community
stable_tusd,2026-04-10,tusd,48.0,36.0,72.0,coinmetrics_community
stable_tusd,2026-04-11,tusd,46.0,48.0,85.0,coinmetrics_community
stable_tusd,2026-04-12,tusd,54.0,63.0,114.0,coinmetrics_community
stable_tusd,2026-04-13,tusd,85.0,102.0,202.0,coinmetrics_community
stable_tusd,2026-04-14,tusd,104.0,101.0,207.0,coinmetrics_community
stable_tusd,2026-04-15,tusd,75.0,71.0,134.0,coinmetrics_community
stable_tusd,2026-04-16,tusd,92.0,73.0,112.0,coinmetrics_community
stable_tusd,2026-04-17,tusd,62.0,50.0,94.0,coinmetrics_community
stable_tusd,2026-04-18,tusd,66.0,63.0,115.0,coinmetrics_community
stable_tusd,2026-04-19,tusd,59.0,77.0,150.0,coinmetrics_community
stable_tusd,2026-04-20,tusd,56.0,63.0,98.0,coinmetrics_community
stable_tusd,2026-04-21,tusd,47.0,62.0,96.0,coinmetrics_community
stable_tusd,2026-04-22,tusd,79.0,76.0,136.0,coinmetrics_community
stable_tusd,2026-04-23,tusd,66.0,91.0,125.0,coinmetrics_community
stable_tusd,2026-04-24,tusd,69.0,88.0,133.0,coinmetrics_community
stable_tusd,2026-04-25,tusd,66.0,56.0,90.0,coinmetrics_community
stable_tusd,2026-04-26,tusd,35.0,21.0,31.0,coinmetrics_community
stable_tusd,2026-04-27,tusd,63.0,59.0,96.0,coinmetrics_community
stable_tusd,2026-04-28,tusd,102.0,170.0,244.0,coinmetrics_community
stable_tusd,2026-04-29,tusd,82.0,170.0,282.0,coinmetrics_community
stable_tusd,2026-04-30,tusd,72.0,72.0,98.0,coinmetrics_community
stable_tusd,2026-05-01,tusd,113.0,146.0,200.0,coinmetrics_community
stable_tusd,2026-05-02,tusd,66.0,85.0,121.0,coinmetrics_community
stable_tusd,2026-05-03,tusd,85.0,133.0,277.0,coinmetrics_community
stable_tusd,2026-05-04,tusd,106.0,119.0,211.0,coinmetrics_community
stable_tusd,2026-05-05,tusd,75.0,87.0,152.0,coinmetrics_community
stable_tusd,2026-05-06,tusd,90.0,109.0,175.0,coinmetrics_community
stable_tusd,2026-05-07,tusd,87.0,142.0,250.0,coinmetrics_community
stable_tusd,2026-05-08,tusd,81.0,138.0,268.0,coinmetrics_community
stable_tusd,2026-05-09,tusd,53.0,103.0,182.0,coinmetrics_community
stable_tusd,2026-05-10,tusd,66.0,71.0,153.0,coinmetrics_community
stable_tusd,2026-05-11,tusd,65.0,94.0,187.0,coinmetrics_community
stable_tusd,2026-05-12,tusd,61.0,58.0,85.0,coinmetrics_community
stable_tusd,2026-05-13,tusd,70.0,58.0,88.0,coinmetrics_community
stable_tusd,2026-05-14,tusd,79.0,64.0,118.0,coinmetrics_community
stable_tusd,2026-05-15,tusd,77.0,74.0,128.0,coinmetrics_community
stable_tusd,2026-05-16,tusd,77.0,100.0,147.0,coinmetrics_community
stable_tusd,2026-05-17,tusd,77.0,118.0,165.0,coinmetrics_community
stable_tusd,2026-05-18,tusd,118.0,187.0,265.0,coinmetrics_community
stable_tusd,2026-05-19,tusd,114.0,173.0,258.0,coinmetrics_community
stable_tusd,2026-05-20,tusd,72.0,110.0,177.0,coinmetrics_community
stable_tusd,2026-05-21,tusd,70.0,90.0,156.0,coinmetrics_community
stable_tusd,2026-05-22,tusd,87.0,96.0,152.0,coinmetrics_community
stable_tusd,2026-05-23,tusd,59.0,101.0,192.0,coinmetrics_community
stable_tusd,2026-05-24,tusd,62.0,69.0,124.0,coinmetrics_community
stable_tusd,2026-05-25,tusd,64.0,112.0,215.0,coinmetrics_community
stable_tusd,2026-05-26,tusd,72.0,104.0,157.0,coinmetrics_community
stable_tusd,2026-05-27,tusd,71.0,107.0,190.0,coinmetrics_community
stable_tusd,2026-05-28,tusd,74.0,110.0,201.0,coinmetrics_community
stable_tusd,2026-05-29,tusd,99.0,150.0,241.0,coinmetrics_community
stable_tusd,2026-05-30,tusd,61.0,113.0,217.0,coinmetrics_community
stable_tusd,2026-05-31,tusd,55.0,116.0,228.0,coinmetrics_community
stable_tusd,2026-06-01,tusd,96.0,111.0,182.0,coinmetrics_community
stable_tusd,2026-06-02,tusd,87.0,189.0,370.0,coinmetrics_community
stable_tusd,2026-06-03,tusd,88.0,172.0,334.0,coinmetrics_community
stable_tusd,2026-06-04,tusd,87.0,126.0,246.0,coinmetrics_community
stable_tusd,2026-06-05,tusd,110.0,195.0,382.0,coinmetrics_community
stable_tusd,2026-06-06,tusd,88.0,157.0,280.0,coinmetrics_community
stable_tusd,2026-06-07,tusd,102.0,120.0,222.0,coinmetrics_community
stable_tusd,2026-06-08,tusd,73.0,81.0,140.0,coinmetrics_community
stable_tusd,2026-06-09,tusd,81.0,79.0,151.0,coinmetrics_community
stable_tusd,2026-06-10,tusd,105.0,104.0,143.0,coinmetrics_community
stable_tusd,2026-06-11,tusd,74.0,125.0,219.0,coinmetrics_community
stable_tusd,2026-06-12,tusd,69.0,86.0,124.0,coinmetrics_community
stable_tusd,2026-06-13,tusd,67.0,79.0,147.0,coinmetrics_community
stable_tusd,2026-06-14,tusd,62.0,106.0,211.0,coinmetrics_community
stable_tusd,2026-06-15,tusd,91.0,91.0,165.0,coinmetrics_community
stable_tusd,2026-06-16,tusd,64.0,85.0,139.0,coinmetrics_community
stable_tusd,2026-06-17,tusd,80.0,123.0,202.0,coinmetrics_community
stable_tusd,2026-06-18,tusd,69.0,61.0,105.0,coinmetrics_community
stable_tusd,2026-06-19,tusd,68.0,84.0,127.0,coinmetrics_community
stable_tusd,2026-06-20,tusd,59.0,81.0,119.0,coinmetrics_community
stable_tusd,2026-06-21,tusd,35.0,33.0,51.0,coinmetrics_community
stable_tusd,2026-06-22,tusd,72.0,115.0,212.0,coinmetrics_community
stable_tusd,2026-06-23,tusd,65.0,67.0,107.0,coinmetrics_community
stable_tusd,2026-06-24,tusd,78.0,111.0,173.0,coinmetrics_community
stable_tusd,2026-06-25,tusd,95.0,100.0,181.0,coinmetrics_community
stable_tusd,2026-06-26,tusd,95.0,121.0,214.0,coinmetrics_community
stable_tusd,2026-06-27,tusd,75.0,61.0,98.0,coinmetrics_community
stable_tusd,2026-06-28,tusd,71.0,68.0,123.0,coinmetrics_community
stable_tusd,2026-06-29,tusd,96.0,115.0,221.0,coinmetrics_community
stable_tusd,2026-06-30,tusd,94.0,99.0,179.0,coinmetrics_community
stable_tusd,2026-07-01,tusd,233.0,314.0,522.0,coinmetrics_community
stable_tusd,2026-07-02,tusd,87.0,99.0,158.0,coinmetrics_community
stable_tusd,2026-07-03,tusd,85.0,113.0,178.0,coinmetrics_community
stable_tusd,2026-07-04,tusd,90.0,78.0,118.0,coinmetrics_community
stable_tusd,2026-07-05,tusd,79.0,88.0,143.0,coinmetrics_community
stable_tusd,2026-07-06,tusd,76.0,82.0,135.0,coinmetrics_community
stable_tusd,2026-07-07,tusd,61.0,85.0,152.0,coinmetrics_community
stable_tusd,2026-07-08,tusd,72.0,90.0,152.0,coinmetrics_community
stable_tusd,2026-07-09,tusd,91.0,88.0,124.0,coinmetrics_community
stable_tusd,2026-07-10,tusd,64.0,61.0,92.0,coinmetrics_community
stable_tusd,2026-07-11,tusd,68.0,59.0,100.0,coinmetrics_community
stable_tusd,2026-07-12,tusd,55.0,43.0,70.0,coinmetrics_community
stable_tusd,2026-07-13,tusd,101.0,107.0,168.0,coinmetrics_community
stable_tusd,2026-07-14,tusd,74.0,60.0,107.0,coinmetrics_community
stable_tusd,2026-07-15,tusd,126.0,134.0,217.0,coinmetrics_community
stable_tusd,2026-07-16,tusd,203.0,237.0,412.0,coinmetrics_community
stable_tusd,2026-07-17,tusd,98.0,84.0,112.0,coinmetrics_community
stable_tusd,2026-07-18,tusd,78.0,66.0,96.0,coinmetrics_community
stable_tusd,2026-07-19,tusd,80.0,69.0,100.0,coinmetrics_community
stable_tusd,2026-07-20,tusd,83.0,92.0,134.0,coinmetrics_community
stable_tusd,2026-07-21,tusd,88.0,77.0,131.0,coinmetrics_community
stable_tusd,2026-07-22,tusd,65.0,53.0,79.0,coinmetrics_community
stable_tusd,2026-07-23,tusd,82.0,98.0,122.0,coinmetrics_community
stable_tusd,2026-07-24,tusd,84.0,97.0,162.0,coinmetrics_community
stable_tusd,2026-07-25,tusd,60.0,46.0,73.0,coinmetrics_community
stable_tusd,2026-07-26,tusd,86.0,85.0,108.0,coinmetrics_community
stable_tusd,2026-07-27,tusd,89.0,106.0,157.0,coinmetrics_community
stable_tusd,2026-07-28,tusd,95.0,95.0,110.0,coinmetrics_community
stable_tusd,2026-07-29,tusd,64.0,67.0,108.0,coinmetrics_community
stable_tusd,2026-07-30,tusd,79.0,80.0,117.0,coinmetrics_community
stable_tusd,2026-07-31,tusd,118.0,125.0,156.0,coinmetrics_community
stable_tusd,2026-08-01,tusd,95.0,88.0,152.0,coinmetrics_community
stable_tusd,2026-08-02,tusd,61.0,58.0,86.0,coinmetrics_community
stable_tusd,2026-08-03,tusd,54.0,62.0,121.0,coinmetrics_community
stable_tusd,2026-08-04,tusd,80.0,71.0,85.0,coinmetrics_community
stable_tusd,2026-08-05,tusd,73.0,53.0,71.0,coinmetrics_community
stable_tusd,2026-08-06,tusd,93.0,81.0,123.0,coinmetrics_community
stable_tusd,2026-08-07,tusd,49.0,37.0,59.0,coinmetrics_community
stable_tusd,2026-08-08,tusd,81.0,82.0,114.0,coinmetrics_community
stable_tusd,2026-08-09,tusd,82.0,85.0,105.0,coinmetrics_community
stable_tusd,2026-08-10,tusd,104.0,115.0,200.0,coinmetrics_community
stable_tusd,2026-08-11,tusd,109.0,118.0,195.0,coinmetrics_community
stable_tusd,2026-08-12,tusd,76.0,84.0,133.0,coinmetrics_community
stable_tusd,2026-08-13,tusd,96.0,105.0,181.0,coinmetrics_community
stable_tusd,2026-08-14,tusd,159.0,162.0,231.0,coinmetrics_community
stable_tusd,2026-08-15,tusd,64.0,48.0,63.0,coinmetrics_community
stable_tusd,2026-08-16,tusd,64.0,46.0,70.0,coinmetrics_community
stable_tusd,2026-08-17,tusd,89.0,81.0,118.0,coinmetrics_community
stable_tusd,2026-08-18,tusd,82.0,74.0,104.0,coinmetrics_community
stable_tusd,2026-08-19,tusd,120.0,125.0,189.0,coinmetrics_community
stable_tusd,2026-08-20,tusd,96.0,129.0,207.0,coinmetrics_community
stable_tusd,2026-08-21,tusd,93.0,123.0,187.0,coinmetrics_community
stable_tusd,2026-08-22,tusd,102.0,116.0,169.0,coinmetrics_community
stable_tusd,2026-08-23,tusd,85.0,82.0,155.0,coinmetrics_community
stable_tusd,2026-08-24,tusd,102.0,110.0,170.0,coinmetrics_community
